TIMESTAMP    COMM           PID     DISK    T    SECTOR     BYTES   LAT(ms)
06:14:06.437 nvme           1907171 Unknown N    -1         512       0.035
06:14:06.752 ib_log_        125949  nvme1n1 WS   1757427744 4096      0.058
06:14:06.752 ib_log_        125949  nvme1n1 WS   1757427744 4096      0.030
06:14:06.752 connect        125949  nvme1n1 WS   1735313712 4096      0.036
06:14:06.753 jbd2/nv        752     nvme1n1 WSM  876963416  131072    0.148
06:14:06.753 jbd2/nv        752     nvme1n1 WSM  876963672  131072    0.191
06:14:06.753 jbd2/nv        752     nvme1n1 WSM  876963928  131072    0.243
06:14:06.753 jbd2/nv        752     nvme1n1 WSM  876964184  65536     0.260
06:14:06.753 jbd2/nv        752     nvme1n1 WSM  876964312  4096      0.032
06:14:06.753 ib_log_        125949  nvme1n1 WS   1757427744 4096      0.027
06:14:06.754 ib_log_        125949  nvme1n1 WS   1757427744 4096      0.029
06:14:06.754 ib_log_        125949  nvme1n1 WS   1757427752 8192      0.032
06:14:06.754 jbd2/nv        752     nvme1n1 WSM  876964320  8192      0.034
06:14:06.754 jbd2/nv        752     nvme1n1 WSM  876964336  4096      0.027
06:14:06.754 ib_log_        125949  nvme1n1 WS   1757427760 4096      0.027
06:14:06.755 jbd2/nv        752     nvme1n1 WSM  876964344  20480     0.044
06:14:06.755 jbd2/nv        752     nvme1n1 WSM  876964384  4096      0.028
06:14:06.755 connect        125949  nvme1n1 WS   1684913424 114688    0.127
06:14:06.755 jbd2/nv        752     nvme1n1 WSM  876964392  16384     0.039
06:14:06.755 jbd2/nv        752     nvme1n1 WSM  876964424  4096      0.031
06:14:06.755 connect        125949  nvme1n1 WS   1705598080 16384     0.041
06:14:06.755 jbd2/nv        752     nvme1n1 WSM  876964432  24576     0.048
06:14:06.755 jbd2/nv        752     nvme1n1 WSM  876964480  4096      0.029
06:14:06.755 ib_log_        125949  nvme1n1 WS   1757427760 4096      0.029
06:14:06.755 ib_log_        125949  nvme1n1 WS   1757427768 8192      0.032
06:14:06.756 jbd2/nv        752     nvme1n1 WSM  876964488  8192      0.031
06:14:06.756 jbd2/nv        752     nvme1n1 WSM  876964504  4096      0.028
06:14:06.756 ib_log_        125949  nvme1n1 WS   1757427768 4096      0.033
06:14:06.756 ib_log_        125949  nvme1n1 WS   1757427768 8192      0.030
06:14:06.757 ib_log_        125949  nvme1n1 WS   1757427776 4096      0.027
06:14:06.757 ib_log_        125949  nvme1n1 WS   1757427784 8192      0.031
06:14:06.757 jbd2/nv        752     nvme1n1 WSM  876964512  8192      0.034
06:14:06.757 jbd2/nv        752     nvme1n1 WSM  876964528  4096      0.031
06:14:06.757 connect        125949  nvme1n1 WS   1735313712 4096      0.032
06:14:06.757 jbd2/nv        752     nvme1n1 WSM  876964536  8192      0.031
06:14:06.757 jbd2/nv        752     nvme1n1 WSM  876964552  4096      0.028
06:14:06.757 ib_log_        125949  nvme1n1 WS   1757427784 4096      0.026
06:14:06.758 ib_log_        125949  nvme1n1 WS   1757427784 8192      0.036
06:14:06.758 ib_log_        125949  nvme1n1 WS   1757427800 8192      0.033
06:14:06.758 connect        125949  nvme1n1 WS   1735313712 8192      0.037
06:14:06.758 jbd2/nv        752     nvme1n1 WSM  876964560  24576     0.047
06:14:06.758 jbd2/nv        752     nvme1n1 WSM  876964608  4096      0.028
06:14:06.758 jbd2/nv        752     nvme1n1 WSM  876964616  12288     0.035
06:14:06.759 jbd2/nv        752     nvme1n1 WSM  876964640  4096      0.027
06:14:06.759 ib_log_        125949  nvme1n1 WS   1757427800 4096      0.028
06:14:06.769 contain        1195    nvme1n1 WS   1730873928 4096      0.053
06:14:06.769 contain        1195    nvme1n1 WS   1730873992 4096      0.065
06:14:06.769 contain        1195    nvme1n1 WS   1730874016 8192      0.066
06:14:06.769 contain        1195    nvme1n1 WS   1730874056 4096      0.067
06:14:06.769 contain        1195    nvme1n1 WS   1429528    4096      0.027
06:14:06.769 contain        1195    nvme1n1 WS   1730874032 4096      0.047
06:14:06.769 contain        1195    nvme1n1 WS   1730874072 4096      0.054
06:14:06.769 contain        1195    nvme1n1 WS   1730874136 12288     0.055
06:14:06.769 contain        1195    nvme1n1 WS   1429520    4096      0.027
06:14:06.769 contain        1195    nvme1n1 WS   1730873928 4096      0.051
06:14:06.769 contain        1195    nvme1n1 WS   1730873992 4096      0.056
06:14:06.769 contain        1195    nvme1n1 WS   1730874016 8192      0.056
06:14:06.769 contain        1195    nvme1n1 WS   1730874056 4096      0.056
06:14:06.769 contain        1195    nvme1n1 WS   1429528    4096      0.027
06:14:06.769 contain        1195    nvme1n1 WS   1730874096 8192      0.042
06:14:06.769 contain        1195    nvme1n1 WS   1730874136 12288     0.048
06:14:06.769 contain        1195    nvme1n1 WS   1429520    4096      0.026
06:14:06.770 contain        1195    nvme1n1 WS   1725789848 4096      0.045
06:14:06.770 contain        1195    nvme1n1 WS   1725789912 4096      0.054
06:14:06.770 contain        1195    nvme1n1 WS   1725789936 8192      0.058
06:14:06.770 contain        1195    nvme1n1 WS   1725789960 4096      0.059
06:14:06.770 contain        1195    nvme1n1 WS   1725789976 8192      0.060
06:14:06.770 contain        1195    nvme1n1 WS   1707371880 4096      0.027
06:14:06.770 contain        1195    nvme1n1 WS   1730873928 4096      0.052
06:14:06.770 contain        1195    nvme1n1 WS   1730873992 4096      0.058
06:14:06.770 contain        1195    nvme1n1 WS   1730874016 8192      0.063
06:14:06.770 contain        1195    nvme1n1 WS   1730874056 4096      0.065
06:14:06.770 contain        1195    nvme1n1 WS   1730874216 8192      0.065
06:14:06.770 contain        1195    nvme1n1 WS   1730874248 4096      0.068
06:14:06.770 contain        1195    nvme1n1 WS   1730874160 24576     0.080
06:14:06.770 contain        1195    nvme1n1 WS   1429528    4096      0.028
06:14:06.770 contain        1195    nvme1n1 WS   1725789792 4096      0.053
06:14:06.770 contain        1195    nvme1n1 WS   1725789816 4096      0.061
06:14:06.770 contain        1195    nvme1n1 WS   1725789864 8192      0.062
06:14:06.770 contain        1195    nvme1n1 WS   1725789928 4096      0.063
06:14:06.770 contain        1195    nvme1n1 WS   1725789952 4096      0.077
06:14:06.770 contain        1195    nvme1n1 WS   1725789968 4096      0.078
06:14:06.770 contain        1195    nvme1n1 WS   1707371888 4096      0.028
06:14:06.770 contain        1195    nvme1n1 WS   1730873808 4096      0.058
06:14:06.770 contain        1195    nvme1n1 WS   1730873888 4096      0.064
06:14:06.770 contain        1195    nvme1n1 WS   1730873944 8192      0.070
06:14:06.770 contain        1195    nvme1n1 WS   1730874008 4096      0.072
06:14:06.770 contain        1195    nvme1n1 WS   1730874032 4096      0.074
06:14:06.770 contain        1195    nvme1n1 WS   1730874072 4096      0.075
06:14:06.770 contain        1195    nvme1n1 WS   1730874096 8192      0.079
06:14:06.770 contain        1195    nvme1n1 WS   1730874256 8192      0.079
06:14:06.770 contain        1195    nvme1n1 WS   1730874136 12288     0.086
06:14:06.770 contain        1195    nvme1n1 WS   1429520    4096      0.027
06:14:06.771 kworker        1764183 nvme1n1 W    1642274048 4096      0.031
06:14:06.771 kworker        1817148 nvme1n1 W    608572232  4096      0.061
06:14:06.771 kworker        1817148 nvme1n1 W    608572168  4096      0.064
06:14:06.771 kworker        1817148 nvme1n1 W    608572224  4096      0.064
06:14:06.771 kworker        1817148 nvme1n1 W    1719293912 4096      0.068
06:14:06.771 kworker        1817148 nvme1n1 W    1735426472 4096      0.069
06:14:06.771 kworker        1817148 nvme1n1 W    608449664  61440     0.108
06:14:06.771 kworker        1817148 nvme1n1 W    1735075944 57344     0.136
06:14:06.771 kworker        1817148 nvme1n1 W    1735076056 57344     0.169
06:14:06.771 kworker        1817148 nvme1n1 W    1735426504 4096      0.055
06:14:06.772 kworker        1817148 nvme1n1 W    1757204656 4096      0.061
06:14:06.772 kworker        1817148 nvme1n1 W    844599456  4096      0.063
06:14:06.772 kworker        1817148 nvme1n1 W    608571360  8192      0.063
06:14:06.772 kworker        1817148 nvme1n1 W    1757208872 45056     0.094
06:14:06.772 kworker        1817148 nvme1n1 W    608571104  131072    0.171
06:14:06.772 kworker        1817148 nvme1n1 W    608804864  24576     0.186
06:14:06.772 kworker        1817148 nvme1n1 W    608804912  12288     0.192
06:14:06.772 kworker        1817148 nvme1n1 W    608571376  8192      0.071
06:14:06.772 kworker        1817148 nvme1n1 W    608804936  126976    0.160
06:14:06.772 kworker        1817148 nvme1n1 W    608805184  126976    0.242
06:14:06.772 kworker        1817148 nvme1n1 W    608805432  126976    0.319
06:14:06.772 kworker        1817148 nvme1n1 W    723323784  131072    0.400
06:14:06.772 kworker        1817148 nvme1n1 W    723324040  61440     0.438
06:14:06.772 kworker        1817148 nvme1n1 W    608805680  32768     0.458
06:14:06.773 kworker        1817148 nvme1n1 W    1757290432 131072    0.541
06:14:06.773 kworker        1817148 nvme1n1 W    1757290688 90112     0.408
06:14:06.773 kworker        1817148 nvme1n1 W    1175108736 77824     0.454
06:14:06.773 kworker        1817148 nvme1n1 W    608805744  57344     0.299
06:14:06.773 dockerd        1436    nvme1n1 WM   32         4096      0.215
06:14:06.773 dockerd        1436    nvme1n1 WM   224        4096      0.218
06:14:06.773 dockerd        1436    nvme1n1 WM   408        4096      0.220
06:14:06.773 dockerd        1436    nvme1n1 WM   440        4096      0.220
06:14:06.773 dockerd        1436    nvme1n1 WM   720        4096      0.228
06:14:06.773 dockerd        1436    nvme1n1 WM   752        4096      0.230
06:14:06.773 dockerd        1436    nvme1n1 WM   808        8192      0.232
06:14:06.773 dockerd        1436    nvme1n1 WM   54526056   8192      0.232
06:14:06.773 dockerd        1436    nvme1n1 WM   67108952   4096      0.233
06:14:06.773 dockerd        1436    nvme1n1 WM   71303264   4096      0.237
06:14:06.773 dockerd        1436    nvme1n1 WM   314572816  4096      0.238
06:14:06.773 dockerd        1436    nvme1n1 WM   776        12288     0.243
06:14:06.773 jbd2/nv        752     nvme1n1 WSM  876964648  131072    0.313
06:14:06.773 dockerd        1436    nvme1n1 WM   461373568  4096      0.085
06:14:06.773 dockerd        1436    nvme1n1 WM   461373696  8192      0.094
06:14:06.773 dockerd        1436    nvme1n1 WM   461373736  4096      0.095
06:14:06.773 jbd2/nv        752     nvme1n1 WSM  876964904  86016     0.346
06:14:06.773 dockerd        1436    nvme1n1 WM   461373904  4096      0.095
06:14:06.773 dockerd        1436    nvme1n1 WM   591662632  4096      0.108
06:14:06.773 dockerd        1436    nvme1n1 WM   608174224  4096      0.109
06:14:06.773 dockerd        1436    nvme1n1 WM   608174336  4096      0.109
06:14:06.773 dockerd        1436    nvme1n1 WM   461374248  12288     0.112
06:14:06.773 dockerd        1436    nvme1n1 WM   905978080  4096      0.069
06:14:06.773 dockerd        1436    nvme1n1 WM   843055216  4096      0.067
06:14:06.773 dockerd        1436    nvme1n1 WM   905969800  4096      0.074
06:14:06.773 dockerd        1436    nvme1n1 WM   905969920  4096      0.079
06:14:06.773 dockerd        1436    nvme1n1 WM   905978064  8192      0.083
06:14:06.773 dockerd        1436    nvme1n1 WM   608185952  12288     0.091
06:14:06.773 dockerd        1436    nvme1n1 WM   1484789216 4096      0.074
06:14:06.773 dockerd        1436    nvme1n1 WM   1174405200 12288     0.080
06:14:06.773 jbd2/nv        752     nvme1n1 WSM  876965072  4096      0.046
06:14:06.773 dockerd        1436    nvme1n1 WM   1497366600 4096      0.033
06:14:06.773 dockerd        1436    nvme1n1 WM   1519290024 4096      0.081
06:14:06.773 dockerd        1436    nvme1n1 WM   1564475424 4096      0.084
06:14:06.773 dockerd        1436    nvme1n1 WM   1623195720 4096      0.091
06:14:06.773 dockerd        1436    nvme1n1 WM   1631584368 4096      0.092
06:14:06.773 dockerd        1436    nvme1n1 WM   1635436536 4096      0.095
06:14:06.773 dockerd        1436    nvme1n1 WM   1635438584 4096      0.098
06:14:06.773 dockerd        1436    nvme1n1 WM   1635449768 4096      0.105
06:14:06.773 dockerd        1436    nvme1n1 WM   1635478704 8192      0.108
06:14:06.773 dockerd        1436    nvme1n1 WM   1652555816 8192      0.111
06:14:06.773 dockerd        1436    nvme1n1 WM   1681915992 4096      0.112
06:14:06.773 dockerd        1436    nvme1n1 WM   1702887504 4096      0.121
06:14:06.773 dockerd        1436    nvme1n1 WM   1705582584 4096      0.122
06:14:06.773 dockerd        1436    nvme1n1 WM   1705656312 4096      0.123
06:14:06.773 dockerd        1436    nvme1n1 WM   1707589104 4096      0.124
06:14:06.773 dockerd        1436    nvme1n1 WM   1732247640 4096      0.124
06:14:06.773 dockerd        1436    nvme1n1 WM   1735442080 4096      0.125
06:14:06.773 dockerd        1436    nvme1n1 WM   1756670968 4096      0.040
06:14:06.773 dockerd        1436    nvme1n1 WM   1756710624 8192      0.045
06:14:06.773 dockerd        1436    nvme1n1 WM   1756754872 4096      0.047
06:14:06.773 dockerd        1436    nvme1n1 WM   1736717296 4096      0.071
06:14:06.773 dockerd        1436    nvme1n1 WM   1740416736 4096      0.075
06:14:06.773 dockerd        1436    nvme1n1 WM   1756377856 4096      0.084
06:14:06.773 dockerd        1436    nvme1n1 WM   1756389912 4096      0.089
06:14:06.773 dockerd        1436    nvme1n1 WM   1756391376 4096      0.090
06:14:06.773 dockerd        1436    nvme1n1 WM   1756414912 4096      0.092
06:14:06.773 dockerd        1436    nvme1n1 WM   1756440728 4096      0.102
06:14:06.773 dockerd        1436    nvme1n1 WM   1756441440 4096      0.104
06:14:06.773 dockerd        1436    nvme1n1 WM   1756450792 4096      0.105
06:14:06.773 dockerd        1436    nvme1n1 WM   1756520952 4096      0.105
06:14:06.773 dockerd        1436    nvme1n1 WM   1756527544 4096      0.106
06:14:06.773 dockerd        1436    nvme1n1 WM   1756601016 4096      0.107
06:14:06.773 dockerd        1436    nvme1n1 WM   1756601032 4096      0.108
06:14:06.773 dockerd        1436    nvme1n1 WM   1756754928 4096      0.072
06:14:06.773 dockerd        1436    nvme1n1 WM   1756762616 4096      0.073
06:14:06.773 dockerd        1436    nvme1n1 WM   1756772296 4096      0.078
06:14:06.773 dockerd        1436    nvme1n1 WM   1756772320 4096      0.080
06:14:06.773 dockerd        1436    nvme1n1 WM   1756780360 4096      0.082
06:14:06.773 dockerd        1436    nvme1n1 WM   1756780424 4096      0.083
06:14:06.773 dockerd        1436    nvme1n1 WM   1756780496 4096      0.088
06:14:06.773 dockerd        1436    nvme1n1 WM   1756791800 4096      0.089
06:14:06.773 dockerd        1436    nvme1n1 WM   1756807656 4096      0.092
06:14:06.773 dockerd        1436    nvme1n1 WM   1756827936 4096      0.095
06:14:06.773 dockerd        1436    nvme1n1 WM   1756828104 4096      0.101
06:14:06.773 dockerd        1436    nvme1n1 WM   1756832760 4096      0.102
06:14:06.773 dockerd        1436    nvme1n1 WM   1756840344 4096      0.102
06:14:06.773 dockerd        1436    nvme1n1 WM   1756843952 4096      0.106
06:14:06.773 dockerd        1436    nvme1n1 WM   1756847312 4096      0.107
06:14:06.773 dockerd        1436    nvme1n1 WM   1756848464 4096      0.107
06:14:06.774 dockerd        1436    nvme1n1 WM   1756864904 4096      0.037
06:14:06.774 dockerd        1436    nvme1n1 WM   1756911960 4096      0.038
06:14:06.774 kworker        1817148 nvme1n1 WS   608805848  4096      0.031
06:14:06.774 kworker        1764183 nvme1n1 WS   608805848  4096      0.031
06:14:06.774 jbd2/nv        752     nvme1n1 WSM  876965080  12288     0.037
06:14:06.774 kworker        1764183 nvme1n1 WS   608805848  4096      0.025
06:14:06.774 jbd2/nv        752     nvme1n1 WSM  876965104  4096      0.028
06:14:06.774 jbd2/nv        752     nvme1n1 WSM  876965112  8192      0.031
06:14:06.774 jbd2/nv        752     nvme1n1 WSM  876965128  4096      0.030
06:14:06.774 dockerd        1436    nvme1n1 WSM  0          4096      0.078
06:14:06.774 dockerd        1436    nvme1n1 WSM  40         4096      0.081
06:14:06.774 dockerd        1436    nvme1n1 WSM  152        4096      0.090
06:14:06.774 dockerd        1436    nvme1n1 WSM  288        8192      0.093
06:14:06.774 dockerd        1436    nvme1n1 WSM  352        4096      0.096
06:14:06.774 dockerd        1436    nvme1n1 WSM  568        4096      0.097
06:14:06.774 dockerd        1436    nvme1n1 WSM  832        8192      0.100
06:14:06.774 dockerd        1436    nvme1n1 WSM  75497600   4096      0.105
06:14:06.774 dockerd        1436    nvme1n1 WSM  75497728   8192      0.112
06:14:06.774 dockerd        1436    nvme1n1 WSM  310378504  4096      0.116
06:14:06.774 dockerd        1436    nvme1n1 WSM  310802416  4096      0.120
06:14:06.774 dockerd        1436    nvme1n1 WSM  310872760  4096      0.121
06:14:06.774 dockerd        1436    nvme1n1 WSM  310881784  4096      0.122
06:14:06.774 dockerd        1436    nvme1n1 WSM  461373800  4096      0.126
06:14:06.774 dockerd        1436    nvme1n1 WSM  591396872  4096      0.127
06:14:06.774 dockerd        1436    nvme1n1 WSM  591663008  4096      0.128
06:14:06.774 dockerd        1436    nvme1n1 WSM  591663296  4096      0.027
06:14:06.774 dockerd        1436    nvme1n1 WSM  591663848  4096      0.068
06:14:06.774 dockerd        1436    nvme1n1 WSM  591664888  4096      0.069
06:14:06.774 dockerd        1436    nvme1n1 WSM  591667280  4096      0.074
06:14:06.774 dockerd        1436    nvme1n1 WSM  591667432  4096      0.075
06:14:06.774 dockerd        1436    nvme1n1 WSM  591667576  4096      0.081
06:14:06.774 dockerd        1436    nvme1n1 WSM  591667744  4096      0.082
06:14:06.774 dockerd        1436    nvme1n1 WSM  591668504  4096      0.085
06:14:06.774 dockerd        1436    nvme1n1 WSM  591668648  4096      0.088
06:14:06.774 dockerd        1436    nvme1n1 WSM  591668768  4096      0.090
06:14:06.774 dockerd        1436    nvme1n1 WSM  591669072  4096      0.096
06:14:06.774 dockerd        1436    nvme1n1 WSM  591669392  4096      0.100
06:14:06.774 dockerd        1436    nvme1n1 WSM  608174088  8192      0.102
06:14:06.774 dockerd        1436    nvme1n1 WSM  608174416  4096      0.104
06:14:06.774 dockerd        1436    nvme1n1 WSM  608174504  4096      0.104
06:14:06.774 dockerd        1436    nvme1n1 WSM  608185896  28672     0.118
06:14:06.774 dockerd        1436    nvme1n1 WSM  721420344  4096      0.049
06:14:06.774 dockerd        1436    nvme1n1 WSM  730174144  4096      0.051
06:14:06.774 dockerd        1436    nvme1n1 WSM  730192312  4096      0.057
06:14:06.774 dockerd        1436    nvme1n1 WSM  1174405136 4096      0.059
06:14:06.774 dockerd        1436    nvme1n1 WSM  1493172480 8192      0.061
06:14:06.774 dockerd        1436    nvme1n1 WSM  1732247632 4096      0.070
06:14:06.774 dockerd        1436    nvme1n1 WSM  1732247648 4096      0.071
06:14:06.774 dockerd        1436    nvme1n1 WSM  1753219192 4096      0.072
06:14:06.775 contain        1195    nvme1n1 WS   1725789848 4096      0.051
06:14:06.775 contain        1195    nvme1n1 WS   1725789912 4096      0.058
06:14:06.775 contain        1195    nvme1n1 WS   1725789936 8192      0.058
06:14:06.775 contain        1195    nvme1n1 WS   1725789960 4096      0.063
06:14:06.775 contain        1195    nvme1n1 WS   1725789976 8192      0.064
06:14:06.775 contain        1195    nvme1n1 WS   1707371880 4096      0.026
06:14:06.775 contain        1195    nvme1n1 WS   1730873536 4096      0.059
06:14:06.775 contain        1195    nvme1n1 WS   1730873760 4096      0.064
06:14:06.775 contain        1195    nvme1n1 WS   1730873992 4096      0.089
06:14:06.775 contain        1195    nvme1n1 WS   1730874016 4096      0.090
06:14:06.775 contain        1195    nvme1n1 WS   1730874056 4096      0.091
06:14:06.775 contain        1195    nvme1n1 WS   1730874160 8192      0.091
06:14:06.775 contain        1195    nvme1n1 WS   1730874192 8192      0.092
06:14:06.775 contain        1195    nvme1n1 WS   1730874216 8192      0.093
06:14:06.775 contain        1195    nvme1n1 WS   1730874248 4096      0.094
06:14:06.775 contain        1195    nvme1n1 WS   1730874272 8192      0.097
06:14:06.775 contain        1195    nvme1n1 WS   1429528    4096      0.027
06:14:06.776 contain        1195    nvme1n1 WS   1725789792 4096      0.054
06:14:06.776 contain        1195    nvme1n1 WS   1725789816 4096      0.066
06:14:06.776 contain        1195    nvme1n1 WS   1725789864 8192      0.075
06:14:06.776 contain        1195    nvme1n1 WS   1725789928 4096      0.077
06:14:06.776 contain        1195    nvme1n1 WS   1725789952 4096      0.078
06:14:06.776 contain        1195    nvme1n1 WS   1725789968 4096      0.080
06:14:06.776 contain        1195    nvme1n1 WS   1707371888 4096      0.029
06:14:06.777 contain        1195    nvme1n1 WS   1730873928 4096      0.068
06:14:06.777 contain        1195    nvme1n1 WS   1730873944 8192      0.081
06:14:06.777 contain        1195    nvme1n1 WS   1730874024 8192      0.091
06:14:06.777 contain        1195    nvme1n1 WS   1730874072 4096      0.094
06:14:06.777 contain        1195    nvme1n1 WS   1730874104 4096      0.095
06:14:06.777 contain        1195    nvme1n1 WS   1730874176 8192      0.095
06:14:06.777 contain        1195    nvme1n1 WS   1730874256 8192      0.096
06:14:06.777 contain        1195    nvme1n1 WS   1730874136 12288     0.100
06:14:06.777 contain        1195    nvme1n1 WS   1429520    4096      0.035
06:14:06.777 contain        1195    nvme1n1 WS   1730873760 4096      0.045
06:14:06.777 contain        1195    nvme1n1 WS   1730873808 4096      0.054
06:14:06.777 contain        1195    nvme1n1 WS   1730873888 4096      0.058
06:14:06.777 contain        1195    nvme1n1 WS   1730873992 4096      0.059
06:14:06.777 contain        1195    nvme1n1 WS   1730874008 4096      0.060
06:14:06.777 contain        1195    nvme1n1 WS   1429528    4096      0.026
06:14:06.777 contain        1195    nvme1n1 WS   1730874056 4096      0.057
06:14:06.777 contain        1195    nvme1n1 WS   1730874072 4096      0.058
06:14:06.777 contain        1195    nvme1n1 WS   1730874096 8192      0.058
06:14:06.777 contain        1195    nvme1n1 WS   1730874160 4096      0.060
06:14:06.777 contain        1195    nvme1n1 WS   1429520    4096      0.031
06:14:06.777 contain        1195    nvme1n1 WS   1725789848 4096      0.049
06:14:06.777 contain        1195    nvme1n1 WS   1725789912 4096      0.056
06:14:06.777 contain        1195    nvme1n1 WS   1725789936 8192      0.061
06:14:06.777 contain        1195    nvme1n1 WS   1725789960 4096      0.062
06:14:06.777 contain        1195    nvme1n1 WS   1725789976 8192      0.063
06:14:06.778 contain        1195    nvme1n1 WS   1707371880 4096      0.027
06:14:06.778 contain        1195    nvme1n1 WS   1730873760 4096      0.055
06:14:06.778 contain        1195    nvme1n1 WS   1730873808 4096      0.060
06:14:06.778 contain        1195    nvme1n1 WS   1730873888 4096      0.065
06:14:06.778 contain        1195    nvme1n1 WS   1730873992 4096      0.067
06:14:06.778 contain        1195    nvme1n1 WS   1730874008 4096      0.068
06:14:06.778 contain        1195    nvme1n1 WS   1730874168 4096      0.068
06:14:06.778 contain        1195    nvme1n1 WS   1730874184 4096      0.072
06:14:06.778 contain        1195    nvme1n1 WS   1730874216 8192      0.073
06:14:06.778 contain        1195    nvme1n1 WS   1730874248 8192      0.077
06:14:06.778 contain        1195    nvme1n1 WS   1429528    4096      0.027
06:14:06.778 contain        1195    nvme1n1 WS   1725789792 4096      0.056
06:14:06.778 contain        1195    nvme1n1 WS   1725789816 4096      0.065
06:14:06.778 contain        1195    nvme1n1 WS   1725789872 4096      0.066
06:14:06.778 contain        1195    nvme1n1 WS   1725789888 4096      0.067
06:14:06.778 contain        1195    nvme1n1 WS   1725789928 4096      0.085
06:14:06.778 contain        1195    nvme1n1 WS   1725789952 4096      0.087
06:14:06.778 contain        1195    nvme1n1 WS   1725789968 4096      0.088
06:14:06.778 contain        1195    nvme1n1 WS   1707371888 4096      0.032
06:14:06.778 contain        1195    nvme1n1 WS   1730874264 45056     0.067
06:14:06.778 contain        1195    nvme1n1 WS   1429520    4096      0.028
06:14:06.779 kworker        1764183 nvme1n1 W    608805848  4096      0.039
06:14:06.779 kworker        1764183 nvme1n1 W    608535120  36864     0.059
06:14:06.779 jbd2/nv        752     nvme1n1 WSM  876965392  8192      0.036
06:14:06.779 jbd2/nv        752     nvme1n1 WSM  876965136  131072    0.137
06:14:06.779 jbd2/nv        752     nvme1n1 WSM  876965408  4096      0.029
06:14:06.779 jbd2/nv        752     nvme1n1 WSM  876965416  40960     0.059
06:14:06.779 jbd2/nv        752     nvme1n1 WSM  876965496  4096      0.028
06:14:06.779 dockerd        1436    nvme1n1 WSM  224        4096      0.085
06:14:06.779 dockerd        1436    nvme1n1 WSM  296        4096      0.089
06:14:06.779 dockerd        1436    nvme1n1 WSM  75497728   8192      0.096
06:14:06.779 dockerd        1436    nvme1n1 WSM  461373568  4096      0.098
06:14:06.779 dockerd        1436    nvme1n1 WSM  461373696  8192      0.100
06:14:06.779 dockerd        1436    nvme1n1 WSM  461374248  4096      0.101
06:14:06.779 dockerd        1436    nvme1n1 WSM  591671400  4096      0.106
06:14:06.779 dockerd        1436    nvme1n1 WSM  591671720  4096      0.106
06:14:06.779 dockerd        1436    nvme1n1 WSM  591672272  4096      0.107
06:14:06.779 dockerd        1436    nvme1n1 WSM  591673224  4096      0.107
06:14:06.779 dockerd        1436    nvme1n1 WSM  591674712  4096      0.112
06:14:06.779 dockerd        1436    nvme1n1 WSM  591676072  4096      0.116
06:14:06.779 dockerd        1436    nvme1n1 WSM  591677032  4096      0.117
06:14:06.779 dockerd        1436    nvme1n1 WSM  591677200  4096      0.117
06:14:06.779 dockerd        1436    nvme1n1 WSM  591677360  4096      0.117
06:14:06.779 dockerd        1436    nvme1n1 WSM  591677512  4096      0.117
06:14:06.779 dockerd        1436    nvme1n1 WSM  591679528  4096      0.046
06:14:06.779 dockerd        1436    nvme1n1 WSM  591679544  4096      0.049
06:14:06.779 dockerd        1436    nvme1n1 WSM  608174088  4096      0.055
06:14:06.779 dockerd        1436    nvme1n1 WSM  1493172480 8192      0.056
06:14:06.779 dockerd        1436    nvme1n1 WSM  1705582584 4096      0.061
06:14:06.779 dockerd        1436    nvme1n1 WSM  1705656312 4096      0.062
06:14:06.779 dockerd        1436    nvme1n1 WSM  1707589104 4096      0.063
06:14:06.780 kworker        1696237 nvme1n1 W    608535136  4096      0.055
06:14:06.780 kworker        1696237 nvme1n1 W    608788872  4096      0.062
06:14:06.780 kworker        1696237 nvme1n1 W    608535160  4096      0.065
06:14:06.780 kworker        1696237 nvme1n1 W    608788880  8192      0.073
06:14:06.780 kworker        1696237 nvme1n1 W    608535184  4096      0.074
06:14:06.780 kworker        1696237 nvme1n1 W    608788896  8192      0.074
06:14:06.780 jbd2/nv        752     nvme1n1 WSM  876965504  73728     0.094
06:14:06.780 jbd2/nv        752     nvme1n1 WSM  876965648  4096      0.029
06:14:06.780 kworker        1696237 nvme1n1 WS   608788872  4096      0.029
06:14:06.780 jbd2/nv        752     nvme1n1 WSM  876965656  24576     0.046
06:14:06.780 jbd2/nv        752     nvme1n1 WSM  876965704  4096      0.026
06:14:06.780 dockerd        1436    nvme1n1 WSM  0          4096      0.063
06:14:06.780 dockerd        1436    nvme1n1 WSM  40         4096      0.069
06:14:06.780 dockerd        1436    nvme1n1 WSM  288        8192      0.091
06:14:06.780 dockerd        1436    nvme1n1 WSM  75497600   4096      0.093
06:14:06.780 dockerd        1436    nvme1n1 WSM  75497744   4096      0.093
06:14:06.780 dockerd        1436    nvme1n1 WSM  461373704  4096      0.093
06:14:06.780 dockerd        1436    nvme1n1 WSM  591396872  4096      0.094
06:14:06.780 dockerd        1436    nvme1n1 WSM  591675088  4096      0.094
06:14:06.780 dockerd        1436    nvme1n1 WSM  591681224  4096      0.095
06:14:06.780 dockerd        1436    nvme1n1 WSM  608174096  4096      0.095
06:14:06.780 dockerd        1436    nvme1n1 WSM  1707589104 4096      0.096
06:14:06.780 dockerd        1436    nvme1n1 WS   608740776  4096      0.030
06:14:06.780 jbd2/nv        752     nvme1n1 WSM  876965712  61440     0.074
06:14:06.780 jbd2/nv        752     nvme1n1 WSM  876965832  4096      0.028
06:14:06.780 dockerd        1436    nvme1n1 WS   608740784  4096      0.028
06:14:06.780 jbd2/nv        752     nvme1n1 WSM  876965840  40960     0.059
06:14:06.780 jbd2/nv        752     nvme1n1 WSM  876965920  4096      0.030
06:14:06.781 dockerd        1436    nvme1n1 WS   608792768  4096      0.031
06:14:06.781 jbd2/nv        752     nvme1n1 WSM  876965928  40960     0.058
06:14:06.781 jbd2/nv        752     nvme1n1 WSM  876966008  4096      0.027
06:14:06.781 dockerd        1436    nvme1n1 WS   608792776  4096      0.030
06:14:06.781 jbd2/nv        752     nvme1n1 WSM  876966016  28672     0.049
06:14:06.781 jbd2/nv        752     nvme1n1 WSM  876966072  4096      0.027
06:14:06.785 dockerd        1436    nvme1n1 WS   608740792  4096      0.033
06:14:06.785 jbd2/nv        752     nvme1n1 WSM  876966080  102400    0.110
06:14:06.785 jbd2/nv        752     nvme1n1 WSM  876966280  4096      0.028
06:14:06.785 dockerd        1436    nvme1n1 WS   608533208  4096      0.037
06:14:06.785 jbd2/nv        752     nvme1n1 WSM  876966288  40960     0.065
06:14:06.785 dockerd        1436    nvme1n1 WS   1757812056 4096      0.043
06:14:06.785 dockerd        1436    nvme1n1 WS   1757812096 8192      0.057
06:14:06.785 dockerd        1436    nvme1n1 WS   1757812120 4096      0.058
06:14:06.785 jbd2/nv        752     nvme1n1 WSM  876966368  4096      0.032
06:14:06.785 dockerd        1436    nvme1n1 WS   1323312    4096      0.027
06:14:06.785 dockerd        1436    nvme1n1 WS   830734360  4096      0.042
06:14:06.785 dockerd        1436    nvme1n1 WS   1757812080 8192      0.046
06:14:06.785 dockerd        1436    nvme1n1 WS   1757812112 4096      0.052
06:14:06.785 dockerd        1436    nvme1n1 WS   1323304    4096      0.028
06:14:06.786 contain        1195    nvme1n1 WS   1730873888 4096      0.051
06:14:06.786 contain        1195    nvme1n1 WS   1730873992 4096      0.059
06:14:06.786 contain        1195    nvme1n1 WS   1730874016 8192      0.060
06:14:06.786 contain        1195    nvme1n1 WS   1730874056 4096      0.067
06:14:06.786 contain        1195    nvme1n1 WS   1730874072 4096      0.068
06:14:06.786 contain        1195    nvme1n1 WS   1429528    4096      0.027
06:14:06.786 contain        1195    nvme1n1 WS   1730874096 8192      0.045
06:14:06.786 contain        1195    nvme1n1 WS   1730874136 16384     0.056
06:14:06.786 contain        1195    nvme1n1 WS   1429520    4096      0.028
06:14:06.787 contain        1195    nvme1n1 WS   1730873992 4096      0.054
06:14:06.787 contain        1195    nvme1n1 WS   1730874016 8192      0.064
06:14:06.787 contain        1195    nvme1n1 WS   1730874056 4096      0.066
06:14:06.787 contain        1195    nvme1n1 WS   1730874072 4096      0.072
06:14:06.787 contain        1195    nvme1n1 WS   1730874176 16384     0.073
06:14:06.787 contain        1195    nvme1n1 WS   1429528    4096      0.030
06:14:06.787 contain        1195    nvme1n1 WS   1730873856 4096      0.049
06:14:06.787 contain        1195    nvme1n1 WS   1730874216 8192      0.056
06:14:06.787 contain        1195    nvme1n1 WS   1730874248 8192      0.064
06:14:06.787 contain        1195    nvme1n1 WS   1730874312 4096      0.065
06:14:06.787 contain        1195    nvme1n1 WS   1730874144 12288     0.069
06:14:06.788 contain        1195    nvme1n1 WS   1429520    4096      0.027
06:14:06.788 contain        1195    nvme1n1 WS   1730874024 4096      0.047
06:14:06.788 contain        1195    nvme1n1 WS   1730874056 4096      0.053
06:14:06.788 contain        1195    nvme1n1 WS   1730874072 4096      0.060
06:14:06.788 contain        1195    nvme1n1 WS   1730874200 4096      0.061
06:14:06.788 contain        1195    nvme1n1 WS   1730874320 4096      0.062
06:14:06.788 contain        1195    nvme1n1 WS   1429528    4096      0.030
06:14:06.788 contain        1195    nvme1n1 WS   1730873888 4096      0.047
06:14:06.788 contain        1195    nvme1n1 WS   1730874104 4096      0.053
06:14:06.788 contain        1195    nvme1n1 WS   1730874136 4096      0.054
06:14:06.788 contain        1195    nvme1n1 WS   1730874248 8192      0.058
06:14:06.788 contain        1195    nvme1n1 WS   1429520    4096      0.028
06:14:06.796 ib_log_        125949  nvme1n1 WS   1757427800 4096      0.033
06:14:06.797 ib_log_        125949  nvme1n1 WS   1757427800 4096      0.030
06:14:06.865 dockerd        1436    nvme1n1 W    608774856  4096      0.056
06:14:06.865 dockerd        1436    nvme1n1 W    461780648  4096      0.041
06:14:06.869 contain        1195    nvme1n1 WS   1429528    4096      0.035
06:14:06.871 dockerd        1436    nvme1n1 WS   1539981584 4096      0.046
06:14:06.871 dockerd        1436    nvme1n1 WS   1757812096 8192      0.053
06:14:06.871 dockerd        1436    nvme1n1 WS   1757812120 4096      0.054
06:14:06.872 dockerd        1436    nvme1n1 WS   1323312    4096      0.029
06:14:06.872 dockerd        1436    nvme1n1 WS   1757812112 4096      0.036
06:14:06.872 dockerd        1436    nvme1n1 WS   1757812072 12288     0.046
06:14:06.872 dockerd        1436    nvme1n1 WS   1323304    4096      0.028
06:14:06.875 dockerd        1436    nvme1n1 W    608774864  4096      0.033
06:14:06.875 dockerd        1436    nvme1n1 WS   608774872  4096      0.030
06:14:06.876 jbd2/nv        752     nvme1n1 WSM  876966376  118784    0.131
06:14:06.876 jbd2/nv        752     nvme1n1 WSM  876966608  4096      0.028
06:14:06.876 dockerd        1436    nvme1n1 WS   1323320    4096      0.044
06:14:06.876 dockerd        1436    nvme1n1 WS   1757812096 8192      0.049
06:14:06.876 dockerd        1436    nvme1n1 WS   1757812120 4096      0.051
06:14:06.876 dockerd        1436    nvme1n1 WS   1323312    4096      0.029
06:14:06.877 dockerd        1436    nvme1n1 WS   830734360  4096      0.047
06:14:06.877 dockerd        1436    nvme1n1 WS   1757812080 8192      0.053
06:14:06.877 dockerd        1436    nvme1n1 WS   1757812112 4096      0.054
06:14:06.877 dockerd        1436    nvme1n1 WS   1323304    4096      0.031
06:14:06.878 dockerd        1436    nvme1n1 WS   1539981584 4096      0.036
06:14:06.878 dockerd        1436    nvme1n1 WS   1757812096 8192      0.045
06:14:06.878 dockerd        1436    nvme1n1 WS   1757812120 4096      0.047
06:14:06.878 dockerd        1436    nvme1n1 WS   1323312    4096      0.026
06:14:06.880 dockerd        1436    nvme1n1 W    461780656  4096      0.038
06:14:06.880 dockerd        1436    nvme1n1 WS   461780664  4096      0.030
06:14:06.880 jbd2/nv        752     nvme1n1 WSM  876966616  53248     0.070
06:14:06.880 jbd2/nv        752     nvme1n1 WSM  876966720  4096      0.029
06:14:06.880 dockerd        1436    nvme1n1 WS   1757812112 4096      0.034
06:14:06.880 dockerd        1436    nvme1n1 WS   1757812072 12288     0.045
06:14:06.880 dockerd        1436    nvme1n1 WS   1323304    4096      0.027
06:14:06.896 dockerd        1436    nvme1n1 WS   1757812056 4096      0.046
06:14:06.896 dockerd        1436    nvme1n1 WS   1757812096 8192      0.053
06:14:06.896 dockerd        1436    nvme1n1 WS   1757812120 4096      0.055
06:14:06.896 dockerd        1436    nvme1n1 WS   1323312    4096      0.033
06:14:06.896 dockerd        1436    nvme1n1 WS   830734360  4096      0.046
06:14:06.896 dockerd        1436    nvme1n1 WS   1757812080 8192      0.050
06:14:06.896 dockerd        1436    nvme1n1 WS   1757812112 4096      0.051
06:14:06.896 dockerd        1436    nvme1n1 WS   1323304    4096      0.028
06:14:06.897 dockerd        1436    nvme1n1 WS   608774880  4096      0.033
06:14:06.897 jbd2/nv        752     nvme1n1 WSM  876966728  49152     0.074
06:14:06.897 jbd2/nv        752     nvme1n1 WSM  876966824  4096      0.027
06:14:06.905 dockerd        1436    nvme1n1 WS   608527600  4096      0.040
06:14:06.905 ib_log_        125949  nvme1n1 WS   1757427800 4096      0.036
06:14:06.905 jbd2/nv        752     nvme1n1 WSM  876966832  53248     0.073
06:14:06.905 jbd2/nv        752     nvme1n1 WSM  876966936  4096      0.028
06:14:06.905 dockerd        1436    nvme1n1 WS   608527608  4096      0.029
06:14:06.905 jbd2/nv        752     nvme1n1 WSM  876966944  45056     0.065
06:14:06.905 jbd2/nv        752     nvme1n1 WSM  876967032  4096      0.027
06:14:06.908 dockerd        1436    nvme1n1 WS   1539981584 4096      0.048
06:14:06.908 dockerd        1436    nvme1n1 WS   1757812096 8192      0.060
06:14:06.908 dockerd        1436    nvme1n1 WS   1757812120 4096      0.062
06:14:06.908 dockerd        1436    nvme1n1 WS   1323312    4096      0.029
06:14:06.908 dockerd        1436    nvme1n1 WS   1757812056 4096      0.046
06:14:06.908 dockerd        1436    nvme1n1 WS   1757812080 8192      0.052
06:14:06.908 dockerd        1436    nvme1n1 WS   1757812112 4096      0.054
06:14:06.908 dockerd        1436    nvme1n1 WS   1323304    4096      0.028
06:14:06.909 dockerd        1436    nvme1n1 WS   608787712  4096      0.034
06:14:06.909 jbd2/nv        752     nvme1n1 WSM  876967040  49152     0.069
06:14:06.909 jbd2/nv        752     nvme1n1 WSM  876967136  4096      0.029
06:14:06.917 dockerd        1436    nvme1n1 WS   608769712  4096      0.040
06:14:06.917 jbd2/nv        752     nvme1n1 WSM  876967144  40960     0.065
06:14:06.917 jbd2/nv        752     nvme1n1 WSM  876967224  4096      0.028
06:14:06.917 dockerd        1436    nvme1n1 WS   608769720  4096      0.034
06:14:06.917 jbd2/nv        752     nvme1n1 WSM  876967232  36864     0.059
06:14:06.917 jbd2/nv        752     nvme1n1 WSM  876967304  4096      0.029
06:14:07.248 python3        1784366 nvme1n1 WS   1654018048 131072    0.197
06:14:07.248 python3        1784366 nvme1n1 WS   1654018304 131072    0.285
06:14:07.248 python3        1784366 nvme1n1 WS   1654018560 131072    0.340
06:14:07.248 python3        1784366 nvme1n1 WS   1654018816 131072    0.408
06:14:07.248 python3        1784366 nvme1n1 WS   1654019072 131072    0.504
06:14:07.249 python3        1784366 nvme1n1 WS   1654019328 131072    0.564
06:14:07.249 python3        1784366 nvme1n1 WS   1654019584 131072    0.645
06:14:07.249 python3        1784369 nvme1n1 WS   1654022144 131072    0.737
06:14:07.249 python3        1784369 nvme1n1 WS   1654022400 131072    0.808
06:14:07.249 python3        1784369 nvme1n1 WS   1654022656 131072    0.877
06:14:07.249 python3        1784369 nvme1n1 WS   1654022912 131072    0.956
06:14:07.249 python3        1784366 nvme1n1 WS   1654026240 131072    1.046
06:14:07.249 python3        1784369 nvme1n1 WS   1654023168 131072    1.122
06:14:07.249 python3        1784366 nvme1n1 WS   1654019840 131072    1.207
06:14:07.249 python3        1784366 nvme1n1 WS   1654020096 131072    1.286
06:14:07.249 python3        1784366 nvme1n1 WS   1654026496 131072    1.369
06:14:07.249 python3        1784366 nvme1n1 WS   1654026752 131072    1.452
06:14:07.250 python3        1784369 nvme1n1 WS   1654023424 131072    1.540
06:14:07.250 python3        1784369 nvme1n1 WS   1654023680 131072    1.620
06:14:07.250 python3        1784366 nvme1n1 WS   1654020352 131072    1.706
06:14:07.250 python3        1784366 nvme1n1 WS   1654020608 16384     1.713
06:14:07.250 python3        1784366 nvme1n1 WS   1654027008 131072    1.796
06:14:07.250 python3        1784366 nvme1n1 WS   1654027264 131072    1.882
06:14:07.250 python3        1784366 nvme1n1 WS   1654027520 131072    1.957
06:14:07.250 python3        1784366 nvme1n1 WS   1654027776 131072    2.034
06:14:07.250 python3        1784369 nvme1n1 WS   1654030336 131072    2.120
06:14:07.250 python3        1784369 nvme1n1 WS   1654030592 131072    2.189
06:14:07.250 python3        1784369 nvme1n1 WS   1654030848 131072    2.265
06:14:07.250 python3        1784369 nvme1n1 WS   1654031104 131072    2.340
06:14:07.250 python3        1784369 nvme1n1 WS   1654023936 131072    2.420
06:14:07.250 python3        1784369 nvme1n1 WS   1654024192 131072    2.492
06:14:07.251 python3        1784369 nvme1n1 WS   1654024448 131072    2.567
06:14:07.251 python3        1784369 nvme1n1 WS   1654024704 131072    2.644
06:14:07.251 python3        1784369 nvme1n1 WS   1654024960 131072    2.720
06:14:07.251 python3        1784369 nvme1n1 WS   1654025216 131072    2.798
06:14:07.251 python3        1784369 nvme1n1 WS   1654025472 131072    2.877
06:14:07.251 python3        1784369 nvme1n1 WS   1654025728 131072    2.955
06:14:07.251 python3        1784369 nvme1n1 WS   1654031360 131072    3.053
06:14:07.251 python3        1784369 nvme1n1 WS   1654031616 131072    3.133
06:14:07.251 python3        1784369 nvme1n1 WS   1654031872 131072    3.212
06:14:07.251 python3        1784369 nvme1n1 WS   1654032128 131072    3.288
06:14:07.251 python3        1784369 nvme1n1 WS   1654032384 131072    3.357
06:14:07.251 python3        1784369 nvme1n1 WS   1654032640 131072    3.435
06:14:07.251 python3        1784369 nvme1n1 WS   1654032896 16384     3.443
06:14:07.252 python3        1784366 nvme1n1 WS   1654028032 131072    3.542
06:14:07.252 python3        1784366 nvme1n1 WS   1654028288 131072    3.616
06:14:07.252 python3        1784366 nvme1n1 WS   1654028544 131072    3.692
06:14:07.252 python3        1784366 nvme1n1 WS   1654028800 131072    3.766
06:14:07.252 python3        1784366 nvme1n1 WS   1654029056 131072    3.843
06:14:07.252 python3        1784366 nvme1n1 WS   1654029312 131072    3.935
06:14:07.252 python3        1784366 nvme1n1 WS   1654029568 131072    4.001
06:14:07.252 python3        1784366 nvme1n1 WS   1654029824 131072    4.077
06:14:07.252 python3        1784369 nvme1n1 WS   1654025984 131072    4.154
06:14:07.252 python3        1784369 nvme1n1 WS   1654034432 131072    4.232
06:14:07.252 python3        1784369 nvme1n1 WS   1654034688 131072    4.307
06:14:07.252 python3        1784366 nvme1n1 WS   1654030080 131072    4.381
06:14:07.253 python3        1784366 nvme1n1 WS   1654038528 131072    4.458
06:14:07.253 python3        1784366 nvme1n1 WS   1654038784 131072    4.537
06:14:07.253 python3        1784367 nvme1n1 WS   1654042624 131072    4.657
06:14:07.253 python3        1784367 nvme1n1 WS   1654042880 131072    4.679
06:14:07.253 python3        1784367 nvme1n1 WS   1654043136 131072    4.740
06:14:07.253 python3        1784367 nvme1n1 WS   1654043392 131072    4.821
06:14:07.253 python3        1784367 nvme1n1 WS   1654043648 131072    4.901
06:14:07.253 python3        1784367 nvme1n1 WS   1654043904 131072    4.976
06:14:07.253 python3        1784367 nvme1n1 WS   1654044160 131072    5.052
06:14:07.253 python3        1784367 nvme1n1 WS   1654044416 131072    5.121
06:14:07.253 python3        1784367 nvme1n1 WS   1654044672 131072    5.199
06:14:07.253 python3        1784367 nvme1n1 WS   1654044928 131072    5.273
06:14:07.253 python3        1784367 nvme1n1 WS   1654045184 16384     5.281
06:14:07.253 python3        1784367 nvme1n1 WS   1177374720 131072    5.371
06:14:07.254 python3        1784367 nvme1n1 WS   1177374976 131072    5.442
06:14:07.254 python3        1784367 nvme1n1 WS   1177375232 131072    5.516
06:14:07.254 python3        1784367 nvme1n1 WS   1177375488 131072    5.593
06:14:07.254 python3        1784367 nvme1n1 WS   1177375744 131072    5.668
06:14:07.254 python3        1784367 nvme1n1 WS   1177376000 131072    5.744
06:14:07.254 python3        1784367 nvme1n1 WS   1177376256 131072    5.824
06:14:07.254 python3        1784368 nvme1n1 WS   1654046720 131072    5.906
06:14:07.254 python3        1784368 nvme1n1 WS   1654046976 131072    5.979
06:14:07.254 python3        1784368 nvme1n1 WS   1654047232 131072    6.054
06:14:07.254 python3        1784368 nvme1n1 WS   1654047488 131072    6.129
06:14:07.254 python3        1784368 nvme1n1 WS   1654047744 131072    6.203
06:14:07.255 python3        1784368 nvme1n1 WS   1654050816 131072    6.395
06:14:07.255 python3        1784368 nvme1n1 WS   1654051072 131072    6.396
06:14:07.255 python3        1784368 nvme1n1 WS   1654051328 131072    6.437
06:14:07.255 python3        1784368 nvme1n1 WS   1654051584 131072    6.513
06:14:07.255 python3        1784368 nvme1n1 WS   1654051840 131072    6.591
06:14:07.255 python3        1784368 nvme1n1 WS   1654052096 131072    6.688
06:14:07.255 python3        1784368 nvme1n1 WS   1654048000 131072    6.784
06:14:07.255 python3        1784368 nvme1n1 WS   1654048256 131072    6.863
06:14:07.255 python3        1784367 nvme1n1 WS   1177376512 131072    6.939
06:14:07.255 python3        1784367 nvme1n1 WS   1177376768 131072    7.020
06:14:07.255 python3        1784367 nvme1n1 WS   1177377024 131072    7.102
06:14:07.255 python3        1784368 nvme1n1 WS   1654052352 131072    7.180
06:14:07.255 python3        1784368 nvme1n1 WS   1654052608 131072    7.252
06:14:07.256 python3        1784368 nvme1n1 WS   1654052864 131072    7.328
06:14:07.256 python3        1784368 nvme1n1 WS   1654053120 131072    7.404
06:14:07.256 python3        1784368 nvme1n1 WS   1654053376 16384     7.412
06:14:07.256 python3        1784367 nvme1n1 WS   1177377280 131072    7.510
06:14:07.256 python3        1784367 nvme1n1 WS   1177377536 131072    7.583
06:14:07.256 python3        1784367 nvme1n1 WS   1177377792 131072    7.660
06:14:07.256 python3        1784367 nvme1n1 WS   1177378048 131072    7.737
06:14:07.256 python3        1784367 nvme1n1 WS   1177378304 131072    7.815
06:14:07.256 python3        1784367 nvme1n1 WS   1177378560 131072    7.883
06:14:07.256 python3        1784367 nvme1n1 WS   1177378816 131072    7.965
06:14:07.256 python3        1784367 nvme1n1 WS   1177379072 131072    8.043
06:14:07.256 python3        1784368 nvme1n1 WS   1654048512 131072    8.150
06:14:07.256 python3        1784368 nvme1n1 WS   1654048768 131072    8.224
06:14:07.256 python3        1784368 nvme1n1 WS   1654049024 131072    8.300
06:14:07.257 python3        1784368 nvme1n1 WS   1654049280 131072    8.380
06:14:07.257 python3        1784368 nvme1n1 WS   1654049536 131072    8.458
06:14:07.257 python3        1784368 nvme1n1 WS   1654049792 131072    8.538
06:14:07.257 python3        1784368 nvme1n1 WS   1654050048 131072    8.617
06:14:07.257 python3        1784368 nvme1n1 WS   1654050304 131072    8.700
06:14:07.257 python3        1784368 nvme1n1 WS   1654050560 131072    8.766
06:14:07.257 python3        1784368 nvme1n1 WS   1654054912 131072    8.849
06:14:07.257 python3        1784368 nvme1n1 WS   1654055168 131072    8.922
06:14:07.440 nvme           1907545 Unknown N    -1         512       0.031
06:14:07.468 ib_pg_f        125949  nvme1n1 WS   1755252736 131072    0.154
06:14:07.468 ib_pg_f        125949  nvme1n1 WS   1755252992 131072    0.220
06:14:07.468 ib_pg_f        125949  nvme1n1 WS   1755253248 131072    0.298
06:14:07.468 ib_pg_f        125949  nvme1n1 WS   1755253504 131072    0.373
06:14:07.468 ib_pg_f        125949  nvme1n1 WS   1755253760 131072    0.448
06:14:07.468 ib_pg_f        125949  nvme1n1 WS   1755254016 131072    0.529
06:14:07.468 ib_pg_f        125949  nvme1n1 WS   1755254272 131072    0.606
06:14:07.468 ib_pg_f        125949  nvme1n1 WS   1755254528 65536     0.643
06:14:07.468 ib_pg_f        125949  nvme1n1 WS   1757763680 16384     0.044
06:14:07.468 ib_pg_f        125949  nvme1n1 WS   1756912896 16384     0.046
06:14:07.468 ib_pg_f        125949  nvme1n1 WS   1756912928 16384     0.049
06:14:07.468 ib_pg_f        125949  nvme1n1 WS   1757786368 16384     0.054
06:14:07.468 ib_pg_f        125949  nvme1n1 WS   1756557440 16384     0.060
06:14:07.468 ib_pg_f        125949  nvme1n1 WS   1553551456 16384     0.051
06:14:07.468 ib_pg_f        125949  nvme1n1 WS   1553551488 16384     0.054
06:14:07.468 ib_pg_f        125949  nvme1n1 WS   1553551520 16384     0.057
06:14:07.469 ib_pg_f        125949  nvme1n1 WS   1756553792 16384     0.068
06:14:07.469 ib_pg_f        125949  nvme1n1 WS   1756557472 16384     0.065
06:14:07.469 ib_pg_f        125949  nvme1n1 WS   1755742624 16384     0.065
06:14:07.469 ib_pg_f        125949  nvme1n1 WS   1755745248 16384     0.063
06:14:07.469 ib_pg_f        125949  nvme1n1 WS   1553552000 16384     0.067
06:14:07.469 ib_pg_f        125949  nvme1n1 WS   1553552032 16384     0.048
06:14:07.469 ib_pg_f        125949  nvme1n1 WS   1553552064 16384     0.044
06:14:07.469 ib_pg_f        125949  nvme1n1 WS   1553552096 16384     0.054
06:14:07.469 ib_pg_f        125949  nvme1n1 WS   1553552128 16384     0.062
06:14:07.469 ib_pg_f        125949  nvme1n1 WS   1553552192 16384     0.064
06:14:07.469 ib_pg_f        125949  nvme1n1 WS   1553552224 16384     0.064
06:14:07.469 ib_pg_f        125949  nvme1n1 WS   1553552256 16384     0.054
06:14:07.469 ib_pg_f        125949  nvme1n1 WS   1553701632 16384     0.058
06:14:07.469 ib_pg_f        125949  nvme1n1 WS   1755745280 16384     0.058
06:14:07.469 ib_pg_f        125949  nvme1n1 WS   1755745312 16384     0.068
06:14:07.469 ib_pg_f        125949  nvme1n1 WS   1553691616 16384     0.057
06:14:07.469 ib_pg_f        125949  nvme1n1 WS   1755745088 16384     0.057
06:14:07.469 ib_pg_f        125949  nvme1n1 WS   1755744256 16384     0.056
06:14:07.469 ib_pg_f        125949  nvme1n1 WS   1553691744 16384     0.057
06:14:07.469 ib_pg_f        125949  nvme1n1 WS   1524265440 16384     0.060
06:14:07.469 ib_pg_f        125949  nvme1n1 WS   1527903872 16384     0.049
06:14:07.469 ib_pg_f        125949  nvme1n1 WS   1553692000 16384     0.049
06:14:07.469 ib_pg_f        125949  nvme1n1 WS   1553690976 16384     0.054
06:14:07.469 ib_pg_f        125949  nvme1n1 WS   1553691136 16384     0.058
06:14:07.469 ib_pg_f        125949  nvme1n1 WS   1734883552 16384     0.055
06:14:07.469 ib_pg_f        125949  nvme1n1 WS   1757763712 16384     0.060
06:14:07.469 ib_pg_f        125949  nvme1n1 WS   1757787648 16384     0.059
06:14:07.469 ib_pg_f        125949  nvme1n1 WS   1684913456 16384     0.046
06:14:07.469 ib_pg_f        125949  nvme1n1 WS   1705598080 16384     0.052
06:14:07.469 ib_pg_f        125949  nvme1n1 WS   1684913488 16384     0.059
06:14:07.469 ib_pg_f        125949  nvme1n1 WS   1684913520 16384     0.063
06:14:07.469 ib_pg_f        125949  nvme1n1 WS   1756557504 16384     0.079
06:14:07.469 ib_pg_f        125949  nvme1n1 WS   1684913552 16384     0.074
06:14:07.469 ib_pg_f        125949  nvme1n1 WS   1757763744 16384     0.078
06:14:07.469 ib_pg_f        125949  nvme1n1 WS   1553552352 16384     0.081
06:14:07.469 ib_pg_f        125949  nvme1n1 WS   1553552384 16384     0.068
06:14:07.469 ib_pg_f        125949  nvme1n1 WS   1553552288 16384     0.050
06:14:07.469 ib_pg_f        125949  nvme1n1 WS   1553552320 16384     0.047
06:14:07.469 ib_pg_f        125949  nvme1n1 WS   1756557536 16384     0.056
06:14:07.469 ib_pg_f        125949  nvme1n1 WS   1755217736 16384     0.056
06:14:07.469 ib_pg_f        125949  nvme1n1 WS   1757027808 16384     0.060
06:14:07.469 ib_pg_f        125949  nvme1n1 WS   1553701600 16384     0.067
06:14:07.469 ib_pg_f        125949  nvme1n1 WS   1756912352 16384     0.071
06:14:07.469 ib_pg_f        125949  nvme1n1 WS   1756553824 16384     0.072
06:14:07.469 ib_pg_f        125949  nvme1n1 WS   1756557568 16384     0.078
06:14:07.469 ib_pg_f        125949  nvme1n1 WS   1731135680 16384     0.076
06:14:07.469 ib_pg_f        125949  nvme1n1 WS   1756545728 16384     0.073
06:14:07.469 ib_pg_f        125949  nvme1n1 WS   1757787712 16384     0.077
06:14:07.469 ib_pg_f        125949  nvme1n1 WS   1756553920 16384     0.081
06:14:07.469 ib_pg_f        125949  nvme1n1 WS   1756557600 16384     0.082
06:14:07.469 ib_pg_f        125949  nvme1n1 WS   1740155424 16384     0.080
06:14:07.469 ib_pg_f        125949  nvme1n1 WS   1734883488 16384     0.080
06:14:08.250 ib_log_        125949  nvme1n1 WS   1757427800 4096      0.057
06:14:08.250 ib_log_        125949  nvme1n1 WS   1757422584 4096      0.036
06:14:08.442 nvme           1907565 Unknown N    -1         512       0.032
06:14:09.228 python3        1784369 nvme1n1 WS   1654059008 131072    0.197
06:14:09.228 python3        1784369 nvme1n1 WS   1654059264 131072    0.251
06:14:09.228 python3        1784369 nvme1n1 WS   1654059520 131072    0.330
06:14:09.229 python3        1784369 nvme1n1 WS   1654059776 131072    0.409
06:14:09.229 python3        1784369 nvme1n1 WS   1654060032 131072    0.492
06:14:09.229 python3        1784369 nvme1n1 WS   1654060288 131072    0.570
06:14:09.229 python3        1784369 nvme1n1 WS   1654060544 131072    0.656
06:14:09.229 python3        1784369 nvme1n1 WS   1654060800 131072    0.733
06:14:09.229 python3        1784369 nvme1n1 WS   1654061056 131072    0.791
06:14:09.229 python3        1784369 nvme1n1 WS   1654061312 131072    0.896
06:14:09.229 python3        1784369 nvme1n1 WS   1654061568 131072    0.948
06:14:09.229 python3        1784369 nvme1n1 WS   1654061824 131072    1.022
06:14:09.229 python3        1784369 nvme1n1 WS   1654062080 131072    1.107
06:14:09.229 python3        1784369 nvme1n1 WS   1654062336 131072    1.189
06:14:09.229 python3        1784369 nvme1n1 WS   1654062592 131072    1.274
06:14:09.230 python3        1784369 nvme1n1 WS   1654062848 131072    1.330
06:14:09.230 python3        1784369 nvme1n1 WS   1654063104 131072    1.407
06:14:09.230 python3        1784369 nvme1n1 WS   1654063360 131072    1.488
06:14:09.230 python3        1784366 nvme1n1 WS   1654341632 131072    1.065
06:14:09.230 python3        1784366 nvme1n1 WS   1654341888 131072    1.133
06:14:09.230 python3        1784366 nvme1n1 WS   1654342144 131072    1.215
06:14:09.230 python3        1784366 nvme1n1 WS   1654342400 131072    1.290
06:14:09.230 python3        1784367 nvme1n1 WS   1654067200 131072    1.382
06:14:09.230 python3        1784366 nvme1n1 WS   1654342656 131072    1.452
06:14:09.230 python3        1784366 nvme1n1 WS   1654342912 131072    1.529
06:14:09.230 python3        1784366 nvme1n1 WS   1654343168 131072    1.609
06:14:09.230 python3        1784367 nvme1n1 WS   1654067456 131072    1.699
06:14:09.231 python3        1784367 nvme1n1 WS   1654067712 131072    1.772
06:14:09.231 python3        1784367 nvme1n1 WS   1654067968 131072    1.849
06:14:09.231 python3        1784367 nvme1n1 WS   1654068224 131072    1.921
06:14:09.231 python3        1784367 nvme1n1 WS   1654068480 131072    1.995
06:14:09.231 python3        1784367 nvme1n1 WS   1654068736 131072    2.069
06:14:09.231 python3        1784366 nvme1n1 WS   1654343424 131072    2.146
06:14:09.231 python3        1784366 nvme1n1 WS   1654343680 131072    2.219
06:14:09.231 python3        1784366 nvme1n1 WS   1654343936 131072    2.294
06:14:09.231 python3        1784366 nvme1n1 WS   1654344192 131072    2.367
06:14:09.231 python3        1784366 nvme1n1 WS   1654344448 131072    2.442
06:14:09.231 python3        1784367 nvme1n1 WS   1654071296 131072    2.526
06:14:09.231 python3        1784366 nvme1n1 WS   1654344704 131072    2.592
06:14:09.231 python3        1784366 nvme1n1 WS   1654344960 131072    2.668
06:14:09.232 python3        1784366 nvme1n1 WS   1654345216 131072    2.742
06:14:09.232 python3        1784367 nvme1n1 WS   1654071552 131072    2.824
06:14:09.232 python3        1784367 nvme1n1 WS   1654071808 131072    2.899
06:14:09.232 python3        1784367 nvme1n1 WS   1654072064 131072    2.971
06:14:09.232 python3        1784367 nvme1n1 WS   1654072320 131072    3.051
06:14:09.232 python3        1784367 nvme1n1 WS   1654072576 131072    3.126
06:14:09.232 python3        1784367 nvme1n1 WS   1654072832 131072    3.200
06:14:09.232 python3        1784366 nvme1n1 WS   1654345472 131072    3.274
06:14:09.232 python3        1784366 nvme1n1 WS   1654345728 131072    3.348
06:14:09.232 python3        1784366 nvme1n1 WS   1654345984 131072    3.423
06:14:09.232 python3        1784367 nvme1n1 WS   1654068992 131072    3.506
06:14:09.232 python3        1784367 nvme1n1 WS   1654069248 131072    3.578
06:14:09.232 python3        1784367 nvme1n1 WS   1654069504 131072    3.653
06:14:09.233 python3        1784367 nvme1n1 WS   1654069760 131072    3.727
06:14:09.233 python3        1784367 nvme1n1 WS   1654070016 131072    3.799
06:14:09.233 python3        1784367 nvme1n1 WS   1654070272 131072    3.874
06:14:09.233 python3        1784367 nvme1n1 WS   1654073088 131072    3.962
06:14:09.233 python3        1784367 nvme1n1 WS   1654073344 131072    4.034
06:14:09.233 python3        1784367 nvme1n1 WS   1654073600 131072    4.110
06:14:09.233 python3        1784367 nvme1n1 WS   1654073856 131072    4.185
06:14:09.233 python3        1784367 nvme1n1 WS   1654074112 131072    4.261
06:14:09.233 python3        1784369 nvme1n1 WS   1654075392 131072    4.425
06:14:09.233 python3        1784369 nvme1n1 WS   1654075648 131072    4.427
06:14:09.233 python3        1784367 nvme1n1 WS   1654074368 131072    4.491
06:14:09.233 python3        1784367 nvme1n1 WS   1654074624 131072    4.565
06:14:09.233 python3        1784367 nvme1n1 WS   1654074880 131072    4.639
06:14:09.234 python3        1784367 nvme1n1 WS   1654075136 131072    4.702
06:14:09.234 python3        1784367 nvme1n1 WS   1654079488 131072    4.776
06:14:09.234 python3        1784367 nvme1n1 WS   1654079744 131072    4.852
06:14:09.234 python3        1784369 nvme1n1 WS   1654075904 131072    4.962
06:14:09.234 python3        1784369 nvme1n1 WS   1654076160 131072    5.030
06:14:09.234 python3        1784369 nvme1n1 WS   1654076416 131072    5.103
06:14:09.234 python3        1784369 nvme1n1 WS   1654076672 131072    5.174
06:14:09.234 python3        1784369 nvme1n1 WS   1654076928 131072    5.250
06:14:09.234 python3        1784367 nvme1n1 WS   1654070528 131072    5.347
06:14:09.234 python3        1784367 nvme1n1 WS   1654070784 131072    5.419
06:14:09.234 python3        1784367 nvme1n1 WS   1654071040 131072    5.470
06:14:09.234 python3        1784367 nvme1n1 WS   1654083584 131072    5.547
06:14:09.235 python3        1784367 nvme1n1 WS   1654083840 131072    5.618
06:14:09.235 python3        1784369 nvme1n1 WS   1654077184 131072    5.690
06:14:09.235 python3        1784369 nvme1n1 WS   1654077440 131072    5.768
06:14:09.235 python3        1784369 nvme1n1 WS   1654077696 131072    5.837
06:14:09.235 python3        1784369 nvme1n1 WS   1654077952 131072    5.912
06:14:09.235 python3        1784369 nvme1n1 WS   1654078208 131072    5.987
06:14:09.235 python3        1784369 nvme1n1 WS   1654078464 131072    6.061
06:14:09.235 python3        1784369 nvme1n1 WS   1654078720 131072    6.134
06:14:09.235 python3        1784369 nvme1n1 WS   1654078976 131072    6.209
06:14:09.235 python3        1784369 nvme1n1 WS   1654079232 131072    6.268
06:14:09.235 python3        1784369 nvme1n1 WS   1654091776 131072    6.359
06:14:09.235 python3        1784366 nvme1n1 WS   1654087680 131072    6.438
06:14:09.235 python3        1784366 nvme1n1 WS   1654087936 131072    6.545
06:14:09.236 python3        1784366 nvme1n1 WS   1654088192 131072    6.618
06:14:09.236 python3        1784366 nvme1n1 WS   1654088448 131072    6.692
06:14:09.236 python3        1784366 nvme1n1 WS   1654088704 131072    6.765
06:14:09.236 python3        1784366 nvme1n1 WS   1654088960 131072    6.840
06:14:09.236 python3        1784369 nvme1n1 WS   1654092032 131072    6.899
06:14:09.236 python3        1784366 nvme1n1 WS   1654089216 131072    6.972
06:14:09.236 python3        1784366 nvme1n1 WS   1654089472 131072    7.030
06:14:09.236 python3        1784366 nvme1n1 WS   1654089728 131072    7.101
06:14:09.236 python3        1784366 nvme1n1 WS   1654089984 131072    7.178
06:14:09.236 python3        1784366 nvme1n1 WS   1654090240 131072    7.252
06:14:09.236 python3        1784369 nvme1n1 WS   1654095872 131072    7.342
06:14:09.236 python3        1784369 nvme1n1 WS   1654096128 131072    7.410
06:14:09.236 python3        1784369 nvme1n1 WS   1654096384 131072    7.485
06:14:09.237 python3        1784369 nvme1n1 WS   1654096640 131072    7.558
06:14:09.237 python3        1784369 nvme1n1 WS   1654096896 131072    7.636
06:14:09.237 python3        1784369 nvme1n1 WS   1654097152 131072    7.710
06:14:09.237 python3        1784369 nvme1n1 WS   1654097408 131072    7.784
06:14:09.237 python3        1784369 nvme1n1 WS   1654097664 131072    7.843
06:14:09.237 python3        1784369 nvme1n1 WS   1654097920 131072    7.922
06:14:09.237 python3        1784366 nvme1n1 WS   1654090496 131072    8.031
06:14:09.237 python3        1784366 nvme1n1 WS   1654090752 131072    8.105
06:14:09.237 python3        1784366 nvme1n1 WS   1654091008 131072    8.177
06:14:09.237 python3        1784366 nvme1n1 WS   1654091264 131072    8.255
06:14:09.237 python3        1784369 nvme1n1 WS   1654099968 131072    8.344
06:14:09.237 python3        1784369 nvme1n1 WS   1654100224 131072    8.413
06:14:09.238 python3        1784369 nvme1n1 WS   1654100480 131072    8.486
06:14:09.238 python3        1784369 nvme1n1 WS   1654100736 131072    8.562
06:14:09.238 python3        1784369 nvme1n1 WS   1654100992 131072    8.639
06:14:09.238 python3        1784369 nvme1n1 WS   1654101248 131072    8.713
06:14:09.238 python3        1784369 nvme1n1 WS   1654101504 131072    8.787
06:14:09.238 python3        1784369 nvme1n1 WS   1654098176 131072    8.860
06:14:09.238 python3        1784369 nvme1n1 WS   1654098432 131072    8.936
06:14:09.238 python3        1784369 nvme1n1 WS   1654098688 131072    9.012
06:14:09.238 python3        1784369 nvme1n1 WS   1654098944 131072    9.086
06:14:09.238 python3        1784369 nvme1n1 WS   1654099200 131072    9.159
06:14:09.238 python3        1784369 nvme1n1 WS   1654099456 131072    9.237
06:14:09.238 python3        1784369 nvme1n1 WS   1654099712 131072    9.295
06:14:09.238 python3        1784369 nvme1n1 WS   1654112256 131072    9.372
06:14:09.239 python3        1784369 nvme1n1 WS   1654112512 131072    9.446
06:14:09.239 python3        1784366 nvme1n1 WS   1654091520 131072    9.635
06:14:09.239 python3        1784366 nvme1n1 WS   1654104064 131072    9.657
06:14:09.239 python3        1784366 nvme1n1 WS   1654104320 131072    9.705
06:14:09.239 python3        1784369 nvme1n1 WS   1654101760 131072    9.786
06:14:09.239 python3        1784369 nvme1n1 WS   1654102016 131072    9.865
06:14:09.239 python3        1784369 nvme1n1 WS   1654102272 131072    9.940
06:14:09.239 python3        1784369 nvme1n1 WS   1654102528 131072   10.017
06:14:09.239 python3        1784369 nvme1n1 WS   1654102784 131072   10.093
06:14:09.239 python3        1784369 nvme1n1 WS   1654103040 131072   10.170
06:14:09.239 python3        1784369 nvme1n1 WS   1654103296 131072   10.246
06:14:09.239 python3        1784369 nvme1n1 WS   1654103552 131072   10.324
06:14:09.239 python3        1784366 nvme1n1 WS   1654108160 131072   10.396
06:14:09.240 python3        1784366 nvme1n1 WS   1654108416 131072   10.469
06:14:09.240 python3        1784366 nvme1n1 WS   1654108672 131072   10.545
06:14:09.240 python3        1784366 nvme1n1 WS   1654108928 131072   10.617
06:14:09.240 python3        1784366 nvme1n1 WS   1654109184 131072   10.690
06:14:09.240 python3        1784366 nvme1n1 WS   1654109440 131072   10.763
06:14:09.240 python3        1784366 nvme1n1 WS   1654109696 131072   10.838
06:14:09.240 python3        1784366 nvme1n1 WS   1654109952 131072   10.897
06:14:09.240 python3        1784366 nvme1n1 WS   1654110208 131072   10.976
06:14:09.240 python3        1784366 nvme1n1 WS   1654110464 131072   11.052
06:14:09.240 python3        1784366 nvme1n1 WS   1654110720 131072   11.130
06:14:09.240 python3        1784366 nvme1n1 WS   1654110976 131072   11.241
06:14:09.240 python3        1784366 nvme1n1 WS   1654111232 131072   11.315
06:14:09.241 python3        1784369 nvme1n1 WS   1654103808 131072   11.443
06:14:09.241 python3        1784369 nvme1n1 WS   1654116352 131072   11.518
06:14:09.241 python3        1784369 nvme1n1 WS   1654116608 131072   11.594
06:14:09.241 python3        1784366 nvme1n1 WS   1654111488 131072   11.624
06:14:09.241 python3        1784366 nvme1n1 WS   1654111744 131072   11.699
06:14:09.241 python3        1784366 nvme1n1 WS   1654112000 131072   11.758
06:14:09.241 python3        1784366 nvme1n1 WS   1654120448 131072   11.837
06:14:09.241 python3        1784366 nvme1n1 WS   1654120704 131072   11.914
06:14:09.241 python3        1784366 nvme1n1 WS   1654124544 131072   11.974
06:14:09.241 python3        1784366 nvme1n1 WS   1654124800 131072   12.045
06:14:09.241 python3        1784366 nvme1n1 WS   1654125056 131072   12.123
06:14:09.241 python3        1784366 nvme1n1 WS   1654125312 131072   12.199
06:14:09.241 python3        1784366 nvme1n1 WS   1654125568 131072   12.274
06:14:09.242 python3        1784366 nvme1n1 WS   1654125824 131072   12.353
06:14:09.242 python3        1784366 nvme1n1 WS   1654126080 131072   12.430
06:14:09.242 python3        1784366 nvme1n1 WS   1654126336 131072   12.491
06:14:09.242 python3        1784366 nvme1n1 WS   1654126592 131072   12.569
06:14:09.242 python3        1784366 nvme1n1 WS   1654126848 131072   12.643
06:14:09.242 python3        1784366 nvme1n1 WS   1654127104 131072   12.716
06:14:09.242 python3        1784367 nvme1n1 WS   315256832  131072   12.812
06:14:09.242 python3        1784367 nvme1n1 WS   315257088  131072   12.883
06:14:09.242 python3        1784367 nvme1n1 WS   315257344  131072   12.960
06:14:09.242 python3        1784367 nvme1n1 WS   315257600  131072   13.038
06:14:09.242 python3        1784367 nvme1n1 WS   315257856  131072   13.116
06:14:09.242 python3        1784366 nvme1n1 WS   1654127360 131072   13.194
06:14:09.243 python3        1784366 nvme1n1 WS   1654127616 131072   13.271
06:14:09.243 python3        1784366 nvme1n1 WS   1654127872 131072   13.347
06:14:09.243 python3        1784366 nvme1n1 WS   1654128128 131072   13.421
06:14:09.243 python3        1784366 nvme1n1 WS   1654128384 131072   13.488
06:14:09.243 python3        1784366 nvme1n1 WS   1654128640 131072   13.564
06:14:09.243 python3        1784366 nvme1n1 WS   1654128896 131072   13.641
06:14:09.243 python3        1784367 nvme1n1 WS   315258112  131072   13.747
06:14:09.243 python3        1784367 nvme1n1 WS   315258368  131072   13.822
06:14:09.243 python3        1784367 nvme1n1 WS   315258624  131072   13.881
06:14:09.243 python3        1784367 nvme1n1 WS   315258880  131072   13.956
06:14:09.243 python3        1784367 nvme1n1 WS   315259136  131072   14.034
06:14:09.243 python3        1784367 nvme1n1 WS   315259392  131072   14.111
06:14:09.243 python3        1784367 nvme1n1 WS   315259648  131072   14.189
06:14:09.244 python3        1784367 nvme1n1 WS   315259904  131072   14.268
06:14:09.244 python3        1784367 nvme1n1 WS   315260160  131072   14.341
06:14:09.244 python3        1784367 nvme1n1 WS   315260416  131072   14.417
06:14:09.244 python3        1784367 nvme1n1 WS   58298368   131072   14.500
06:14:09.244 python3        1784367 nvme1n1 WS   58298624   131072   14.567
06:14:09.244 python3        1784367 nvme1n1 WS   58298880   131072   14.646
06:14:09.244 python3        1784367 nvme1n1 WS   58299136   131072   14.720
06:14:09.244 python3        1784367 nvme1n1 WS   315260672  131072   14.795
06:14:09.244 python3        1784367 nvme1n1 WS   315260928  131072   14.868
06:14:09.244 python3        1784367 nvme1n1 WS   315261184  131072   14.945
06:14:09.244 python3        1784367 nvme1n1 WS   58299392   131072   15.030
06:14:09.244 python3        1784367 nvme1n1 WS   58299648   131072   15.107
06:14:09.244 python3        1784367 nvme1n1 WS   58299904   131072   15.183
06:14:09.245 python3        1784367 nvme1n1 WS   58300160   131072   15.244
06:14:09.245 python3        1784367 nvme1n1 WS   58300416   131072   15.320
06:14:09.245 python3        1784367 nvme1n1 WS   58300672   131072   15.394
06:14:09.245 python3        1784367 nvme1n1 WS   58300928   131072   15.467
06:14:09.245 python3        1784367 nvme1n1 WS   58301184   131072   15.543
06:14:09.245 python3        1784367 nvme1n1 WS   58301440   131072   15.619
06:14:09.245 python3        1784367 nvme1n1 WS   58301696   131072   15.699
06:14:09.245 python3        1784367 nvme1n1 WS   58301952   131072   15.779
06:14:09.245 python3        1784367 nvme1n1 WS   58302208   131072   15.848
06:14:09.245 python3        1784368 nvme1n1 WS   1654132736 131072   15.979
06:14:09.245 python3        1784368 nvme1n1 WS   1654132992 131072   16.049
06:14:09.245 python3        1784368 nvme1n1 WS   1654133248 131072   16.125
06:14:09.246 python3        1784368 nvme1n1 WS   1654133504 131072   16.204
06:14:09.246 python3        1784368 nvme1n1 WS   1654133760 131072   16.281
06:14:09.246 python3        1784367 nvme1n1 WS   58302464   131072   16.355
06:14:09.246 python3        1784367 nvme1n1 WS   58302720   131072   16.429
06:14:09.246 python3        1784368 nvme1n1 WS   1654134016 131072   16.517
06:14:09.246 python3        1784368 nvme1n1 WS   1654134272 131072   16.592
06:14:09.246 python3        1784368 nvme1n1 WS   1654134528 131072   16.650
06:14:09.246 python3        1784368 nvme1n1 WS   1654134784 131072   16.724
06:14:09.246 python3        1784368 nvme1n1 WS   1654135040 131072   16.798
06:14:09.246 python3        1784368 nvme1n1 WS   1654135296 131072   16.892
06:14:09.246 python3        1784368 nvme1n1 WS   1654135552 131072   16.952
06:14:09.246 python3        1784368 nvme1n1 WS   1654135808 131072   17.027
06:14:09.247 python3        1784368 nvme1n1 WS   1654136064 131072   17.104
06:14:09.247 python3        1784368 nvme1n1 WS   1654136320 131072   17.183
06:14:09.247 python3        1784368 nvme1n1 WS   1654136576 131072   17.248
06:14:09.247 python3        1784368 nvme1n1 WS   1654136832 131072   17.329
06:14:09.247 python3        1784368 nvme1n1 WS   1654137088 131072   17.413
06:14:09.247 python3        1784368 nvme1n1 WS   1654140928 131072   17.366
06:14:09.247 python3        1784368 nvme1n1 WS   1654141184 131072   17.437
06:14:09.247 python3        1784368 nvme1n1 WS   1654141440 131072   17.513
06:14:09.247 python3        1784368 nvme1n1 WS   1654141696 131072   17.588
06:14:09.247 python3        1784368 nvme1n1 WS   1654141952 131072   17.662
06:14:09.247 python3        1784368 nvme1n1 WS   1654142208 131072   17.744
06:14:09.247 python3        1784368 nvme1n1 WS   1654349824 131072   17.824
06:14:09.247 python3        1784368 nvme1n1 WS   1654350080 131072   17.894
06:14:09.248 python3        1784368 nvme1n1 WS   1654142464 131072   17.974
06:14:09.248 python3        1784368 nvme1n1 WS   1654350336 131072   18.046
06:14:09.248 python3        1784368 nvme1n1 WS   1654350592 131072   18.119
06:14:09.248 python3        1784368 nvme1n1 WS   1654350848 131072   18.193
06:14:09.248 python3        1784368 nvme1n1 WS   1177382912 131072   18.281
06:14:09.248 python3        1784368 nvme1n1 WS   1177383168 131072   18.351
06:14:09.248 python3        1784368 nvme1n1 WS   1177383424 131072   18.424
06:14:09.248 python3        1784368 nvme1n1 WS   1177383680 131072   18.501
06:14:09.248 python3        1784368 nvme1n1 WS   1177383936 131072   18.579
06:14:09.248 python3        1784368 nvme1n1 WS   1654351104 131072   18.667
06:14:09.248 python3        1784368 nvme1n1 WS   1654351360 131072   18.743
06:14:09.248 python3        1784368 nvme1n1 WS   1654142720 131072   18.822
06:14:09.248 python3        1784368 nvme1n1 WS   1654142976 131072   18.901
06:14:09.249 python3        1784368 nvme1n1 WS   1177384192 131072   18.975
06:14:09.249 python3        1784368 nvme1n1 WS   1177384448 131072   19.050
06:14:09.249 python3        1784368 nvme1n1 WS   1654143232 131072   19.134
06:14:09.249 python3        1784368 nvme1n1 WS   1654143488 131072   19.211
06:14:09.249 python3        1784368 nvme1n1 WS   1654143744 131072   19.283
06:14:09.249 python3        1784368 nvme1n1 WS   1654144000 131072   19.357
06:14:09.249 python3        1784368 nvme1n1 WS   1654144256 131072   19.434
06:14:09.249 python3        1784368 nvme1n1 WS   1654144512 131072   19.514
06:14:09.249 python3        1784368 nvme1n1 WS   1654144768 131072   19.585
06:14:09.249 python3        1784368 nvme1n1 WS   1654145024 131072   19.662
06:14:09.249 python3        1784368 nvme1n1 WS   1654145280 131072   19.740
06:14:09.250 python3        1784368 nvme1n1 WS   1654351616 131072   19.996
06:14:09.250 python3        1784368 nvme1n1 WS   1654351872 131072   20.020
06:14:09.250 python3        1784368 nvme1n1 WS   1654352128 131072   20.024
06:14:09.250 python3        1784368 nvme1n1 WS   1654352384 131072   20.073
06:14:09.250 python3        1784368 nvme1n1 WS   1654352640 131072   20.147
06:14:09.250 python3        1784368 nvme1n1 WS   1654352896 131072   20.222
06:14:09.250 python3        1784368 nvme1n1 WS   1654353152 131072   20.300
06:14:09.250 python3        1784368 nvme1n1 WS   1654353408 131072   20.376
06:14:09.250 python3        1784368 nvme1n1 WS   1654353664 131072   20.444
06:14:09.250 python3        1784368 nvme1n1 WS   1654353920 131072   20.521
06:14:09.250 python3        1784368 nvme1n1 WS   1654354176 131072   20.630
06:14:09.250 python3        1784368 nvme1n1 WS   1177384704 131072   20.733
06:14:09.250 python3        1784368 nvme1n1 WS   1177384960 131072   20.806
06:14:09.250 python3        1784368 nvme1n1 WS   1177385216 131072   20.880
06:14:09.251 python3        1784368 nvme1n1 WS   1177385472 131072   20.953
06:14:09.251 python3        1784368 nvme1n1 WS   1177385728 131072   21.028
06:14:09.251 python3        1784368 nvme1n1 WS   1177385984 131072   21.113
06:14:09.251 python3        1784368 nvme1n1 WS   1177386240 131072   21.173
06:14:09.251 python3        1784368 nvme1n1 WS   1177386496 131072   21.265
06:14:09.251 python3        1784368 nvme1n1 WS   1177386752 131072   21.379
06:14:09.251 python3        1784368 nvme1n1 WS   1177387008 131072   21.505
06:14:09.251 python3        1784368 nvme1n1 WS   1177387264 131072   21.636
06:14:09.251 python3        1784369 nvme1n1 WS   1654149120 131072   21.171
06:14:09.252 python3        1784369 nvme1n1 WS   1654149376 131072   21.296
06:14:09.252 python3        1784369 nvme1n1 WS   1654149632 131072   21.426
06:14:09.252 python3        1784369 nvme1n1 WS   1654149888 131072   21.552
06:14:09.252 python3        1784369 nvme1n1 WS   1654150144 131072   21.655
06:14:09.252 python3        1784369 nvme1n1 WS   1654150400 131072   21.764
06:14:09.252 python3        1784369 nvme1n1 WS   1654150656 131072   21.894
06:14:09.252 python3        1784369 nvme1n1 WS   1654150912 131072   22.005
06:14:09.252 python3        1784369 nvme1n1 WS   1654151168 131072   22.133
06:14:09.253 python3        1784369 nvme1n1 WS   1654151424 131072   22.260
06:14:09.253 python3        1784369 nvme1n1 WS   1654151680 131072   22.388
06:14:09.253 python3        1784369 nvme1n1 WS   1654151936 131072   22.516
06:14:09.253 python3        1784369 nvme1n1 WS   1654152192 131072   22.594
06:14:09.253 python3        1784369 nvme1n1 WS   1654152448 131072   22.669
06:14:09.253 python3        1784369 nvme1n1 WS   1654152704 131072   22.745
06:14:09.253 python3        1784369 nvme1n1 WS   1654152960 131072   22.809
06:14:09.253 python3        1784369 nvme1n1 WS   1654153216 131072   22.888
06:14:09.253 python3        1784369 nvme1n1 WS   1654153472 131072   22.963
06:14:09.253 python3        1784366 nvme1n1 WS   1654157312 131072   20.137
06:14:09.253 python3        1784366 nvme1n1 WS   1654157568 131072   20.209
06:14:09.254 python3        1784366 nvme1n1 WS   1654157824 131072   20.287
06:14:09.254 python3        1784366 nvme1n1 WS   1654158080 131072   20.361
06:14:09.254 python3        1784366 nvme1n1 WS   1654158336 131072   20.437
06:14:09.254 python3        1784366 nvme1n1 WS   1654158592 131072   20.513
06:14:09.254 python3        1784366 nvme1n1 WS   1654158848 131072   20.588
06:14:09.254 python3        1784366 nvme1n1 WS   1654159104 131072   20.647
06:14:09.254 python3        1784366 nvme1n1 WS   1654159360 131072   20.714
06:14:09.254 python3        1784366 nvme1n1 WS   1654159616 131072   20.790
06:14:09.254 python3        1784366 nvme1n1 WS   1654159872 131072   20.865
06:14:09.254 python3        1784366 nvme1n1 WS   1654160128 131072   20.940
06:14:09.254 python3        1784366 nvme1n1 WS   1654160384 131072   21.016
06:14:09.254 python3        1784366 nvme1n1 WS   1654160640 131072   21.096
06:14:09.255 python3        1784366 nvme1n1 WS   1654160896 131072   21.225
06:14:09.255 python3        1784366 nvme1n1 WS   1654161152 131072   21.341
06:14:09.255 python3        1784366 nvme1n1 WS   1654161408 131072   21.445
06:14:09.255 python3        1784366 nvme1n1 WS   1654161664 131072   21.524
06:14:09.255 python3        1784367 nvme1n1 WS   1654165504 131072   19.485
06:14:09.255 python3        1784367 nvme1n1 WS   1654165760 131072   19.557
06:14:09.255 python3        1784367 nvme1n1 WS   1654166016 131072   19.631
06:14:09.255 python3        1784367 nvme1n1 WS   1654166272 131072   19.710
06:14:09.255 python3        1784367 nvme1n1 WS   1654166528 131072   19.784
06:14:09.255 python3        1784367 nvme1n1 WS   1654166784 131072   19.863
06:14:09.255 python3        1784367 nvme1n1 WS   1654167040 131072   19.945
06:14:09.255 python3        1784367 nvme1n1 WS   1654167296 131072   20.006
06:14:09.256 python3        1784367 nvme1n1 WS   1654167552 131072   20.088
06:14:09.256 python3        1784367 nvme1n1 WS   1654167808 131072   20.164
06:14:09.256 python3        1784367 nvme1n1 WS   1654168064 131072   20.240
06:14:09.256 python3        1784367 nvme1n1 WS   1654168320 131072   20.316
06:14:09.256 python3        1784367 nvme1n1 WS   1654168576 131072   20.392
06:14:09.256 python3        1784367 nvme1n1 WS   1654168832 131072   20.471
06:14:09.256 python3        1784367 nvme1n1 WS   1654169088 131072   20.578
06:14:09.256 python3        1784367 nvme1n1 WS   1654169344 131072   20.642
06:14:09.256 python3        1784367 nvme1n1 WS   1654169600 131072   20.718
06:14:09.256 python3        1784367 nvme1n1 WS   1654169856 131072   20.795
06:14:09.256 python3        1784367 nvme1n1 WS   1654173696 131072   20.487
06:14:09.256 python3        1784367 nvme1n1 WS   1654173952 131072   20.554
06:14:09.257 python3        1784367 nvme1n1 WS   1654174208 131072   20.627
06:14:09.257 python3        1784367 nvme1n1 WS   1654174464 131072   20.706
06:14:09.257 python3        1784367 nvme1n1 WS   1654174720 131072   20.786
06:14:09.257 python3        1784367 nvme1n1 WS   1654174976 131072   20.864
06:14:09.257 python3        1784367 nvme1n1 WS   1654175232 131072   20.941
06:14:09.257 python3        1784367 nvme1n1 WS   1654175488 131072   20.967
06:14:09.257 python3        1784367 nvme1n1 WS   1654175744 131072   21.040
06:14:09.257 python3        1784367 nvme1n1 WS   1654176000 131072   21.119
06:14:09.257 python3        1784367 nvme1n1 WS   1654176256 131072   21.194
06:14:09.257 python3        1784367 nvme1n1 WS   1654176512 131072   21.269
06:14:09.257 python3        1784367 nvme1n1 WS   1654176768 131072   21.343
06:14:09.257 python3        1784367 nvme1n1 WS   1654177024 131072   21.422
06:14:09.258 python3        1784367 nvme1n1 WS   1654177280 131072   21.494
06:14:09.258 python3        1784367 nvme1n1 WS   1654177536 131072   21.590
06:14:09.258 python3        1784369 nvme1n1 WS   58306560   131072   21.135
06:14:09.258 python3        1784369 nvme1n1 WS   58306816   131072   21.208
06:14:09.258 python3        1784369 nvme1n1 WS   58307072   131072   21.333
06:14:09.258 python3        1784369 nvme1n1 WS   58307328   131072   21.458
06:14:09.258 python3        1784369 nvme1n1 WS   58307584   131072   21.593
06:14:09.258 python3        1784369 nvme1n1 WS   58307840   131072   21.734
06:14:09.259 python3        1784369 nvme1n1 WS   58308096   131072   21.870
06:14:09.259 python3        1784369 nvme1n1 WS   58308352   131072   21.981
06:14:09.259 python3        1784369 nvme1n1 WS   58308608   131072   22.111
06:14:09.259 python3        1784369 nvme1n1 WS   58308864   131072   22.216
06:14:09.259 python3        1784369 nvme1n1 WS   58309120   131072   22.295
06:14:09.259 python3        1784369 nvme1n1 WS   58309376   131072   22.374
06:14:09.259 python3        1784367 nvme1n1 WS   1654177792 131072   23.141
06:14:09.259 python3        1784367 nvme1n1 WS   1654178048 131072   23.216
06:14:09.259 python3        1784369 nvme1n1 WS   58309632   131072   22.614
06:14:09.259 python3        1784369 nvme1n1 WS   58309888   131072   22.691
06:14:09.259 python3        1784369 nvme1n1 WS   58310144   131072   22.767
06:14:09.260 python3        1784369 nvme1n1 WS   58310400   131072   22.834
06:14:09.260 python3        1784369 nvme1n1 WS   58310656   131072   22.911
06:14:09.260 python3        1784369 nvme1n1 WS   58310912   131072   22.991
06:14:09.260 python3        1784369 nvme1n1 WS   58314752   131072   20.517
06:14:09.260 python3        1784369 nvme1n1 WS   58315008   131072   20.591
06:14:09.260 python3        1784369 nvme1n1 WS   58315264   131072   20.669
06:14:09.260 python3        1784369 nvme1n1 WS   58315520   131072   20.744
06:14:09.260 python3        1784369 nvme1n1 WS   58315776   131072   20.817
06:14:09.260 python3        1784369 nvme1n1 WS   58316032   131072   20.895
06:14:09.260 python3        1784369 nvme1n1 WS   58316288   131072   20.972
06:14:09.260 python3        1784369 nvme1n1 WS   58316544   131072   21.031
06:14:09.260 python3        1784369 nvme1n1 WS   58316800   131072   21.123
06:14:09.261 python3        1784369 nvme1n1 WS   58317056   131072   21.248
06:14:09.261 python3        1784369 nvme1n1 WS   58317312   131072   21.374
06:14:09.261 python3        1784369 nvme1n1 WS   58317568   131072   21.501
06:14:09.261 python3        1784369 nvme1n1 WS   58317824   131072   21.615
06:14:09.261 python3        1784369 nvme1n1 WS   58318080   131072   21.691
06:14:09.261 python3        1784369 nvme1n1 WS   58318336   131072   21.768
06:14:09.261 python3        1784369 nvme1n1 WS   58318592   131072   21.832
06:14:09.261 python3        1784369 nvme1n1 WS   58318848   131072   21.941
06:14:09.261 python3        1784369 nvme1n1 WS   58319104   131072   22.035
06:14:09.262 python3        1784366 nvme1n1 WS   74539008   131072   22.053
06:14:09.262 python3        1784366 nvme1n1 WS   74539264   131072   22.121
06:14:09.262 python3        1784366 nvme1n1 WS   74539520   131072   22.198
06:14:09.262 python3        1784366 nvme1n1 WS   74539776   131072   22.275
06:14:09.262 python3        1784366 nvme1n1 WS   74540032   131072   22.386
06:14:09.262 python3        1784366 nvme1n1 WS   74540288   131072   22.462
06:14:09.262 python3        1784366 nvme1n1 WS   74540544   131072   22.543
06:14:09.262 python3        1784366 nvme1n1 WS   74540800   131072   22.605
06:14:09.262 python3        1784366 nvme1n1 WS   74541056   131072   22.682
06:14:09.262 python3        1784366 nvme1n1 WS   74541312   131072   22.763
06:14:09.262 python3        1784366 nvme1n1 WS   74541568   131072   22.842
06:14:09.262 python3        1784366 nvme1n1 WS   74541824   131072   22.917
06:14:09.263 python3        1784366 nvme1n1 WS   74542080   131072   22.995
06:14:09.263 python3        1784366 nvme1n1 WS   74542336   131072   23.070
06:14:09.263 python3        1784366 nvme1n1 WS   74542592   131072   23.147
06:14:09.263 python3        1784366 nvme1n1 WS   74542848   131072   23.214
06:14:09.263 python3        1784366 nvme1n1 WS   74543104   131072   23.289
06:14:09.263 python3        1784366 nvme1n1 WS   74543360   131072   23.363
06:14:09.263 python3        1784369 nvme1n1 WS   1177391104 131072   21.739
06:14:09.263 python3        1784369 nvme1n1 WS   1177391360 131072   21.811
06:14:09.263 python3        1784369 nvme1n1 WS   1177391616 131072   21.886
06:14:09.263 python3        1784369 nvme1n1 WS   1177391872 131072   21.962
06:14:09.263 python3        1784369 nvme1n1 WS   1177392128 131072   22.043
06:14:09.263 python3        1784369 nvme1n1 WS   1177392384 131072   22.115
06:14:09.264 python3        1784369 nvme1n1 WS   1177392640 131072   22.240
06:14:09.264 python3        1784369 nvme1n1 WS   1177392896 131072   22.346
06:14:09.264 python3        1784369 nvme1n1 WS   1177393152 131072   22.473
06:14:09.264 python3        1784369 nvme1n1 WS   1177393408 131072   22.600
06:14:09.264 python3        1784369 nvme1n1 WS   1177393664 131072   22.726
06:14:09.264 python3        1784369 nvme1n1 WS   1177393920 131072   22.799
06:14:09.264 python3        1784366 nvme1n1 WS   1654181888 131072   22.525
06:14:09.264 python3        1784366 nvme1n1 WS   1654182144 131072   22.597
06:14:09.264 python3        1784366 nvme1n1 WS   1654182400 131072   22.673
06:14:09.264 python3        1784366 nvme1n1 WS   1654182656 131072   22.754
06:14:09.265 python3        1784369 nvme1n1 WS   1177394176 131072   23.203
06:14:09.265 python3        1784369 nvme1n1 WS   1177394432 131072   23.295
06:14:09.265 python3        1784369 nvme1n1 WS   1177394688 131072   23.423
06:14:09.265 python3        1784369 nvme1n1 WS   1177394944 131072   23.539
06:14:09.265 python3        1784369 nvme1n1 WS   1177395200 131072   23.665
06:14:09.265 python3        1784369 nvme1n1 WS   1177395456 131072   23.794
06:14:09.265 python3        1784366 nvme1n1 WS   1654182912 131072   23.581
06:14:09.265 python3        1784366 nvme1n1 WS   1654183168 131072   23.710
06:14:09.266 python3        1784366 nvme1n1 WS   1654183424 131072   23.839
06:14:09.266 python3        1784366 nvme1n1 WS   1654183680 131072   23.912
06:14:09.266 python3        1784366 nvme1n1 WS   1654183936 131072   23.992
06:14:09.266 python3        1784366 nvme1n1 WS   1654184192 131072   24.079
06:14:09.266 python3        1784366 nvme1n1 WS   1654184448 131072   24.156
06:14:09.266 python3        1784366 nvme1n1 WS   1654184704 131072   24.241
06:14:09.266 python3        1784366 nvme1n1 WS   1654184960 131072   24.311
06:14:09.266 python3        1784366 nvme1n1 WS   1654185216 131072   24.385
06:14:09.266 python3        1784366 nvme1n1 WS   1654185472 131072   24.461
06:14:09.266 python3        1784366 nvme1n1 WS   1654185728 131072   24.515
06:14:09.266 python3        1784366 nvme1n1 WS   1654185984 131072   24.593
06:14:09.267 python3        1784366 nvme1n1 WS   1654186240 131072   24.669
06:14:09.267 python3        1784366 nvme1n1 WS   846880768  131072   22.668
06:14:09.267 python3        1784366 nvme1n1 WS   846881024  131072   22.743
06:14:09.267 python3        1784366 nvme1n1 WS   846881280  131072   22.823
06:14:09.267 python3        1784366 nvme1n1 WS   846881536  131072   22.898
06:14:09.267 python3        1784366 nvme1n1 WS   846881792  131072   22.972
06:14:09.267 python3        1784366 nvme1n1 WS   846882048  131072   23.051
06:14:09.267 python3        1784366 nvme1n1 WS   846882304  131072   23.126
06:14:09.267 python3        1784366 nvme1n1 WS   846882560  131072   23.170
06:14:09.267 python3        1784366 nvme1n1 WS   846882816  131072   23.280
06:14:09.267 python3        1784366 nvme1n1 WS   846883072  131072   23.407
06:14:09.267 python3        1784366 nvme1n1 WS   846883328  131072   23.534
06:14:09.268 python3        1784366 nvme1n1 WS   846883584  131072   23.660
06:14:09.268 python3        1784366 nvme1n1 WS   846883840  131072   23.820
06:14:09.268 python3        1784366 nvme1n1 WS   846884096  131072   23.912
06:14:09.268 python3        1784366 nvme1n1 WS   846884352  131072   23.988
06:14:09.268 python3        1784366 nvme1n1 WS   846884608  131072   24.055
06:14:09.268 python3        1784367 nvme1n1 WS   74547200   131072   23.233
06:14:09.268 python3        1784367 nvme1n1 WS   74547456   131072   23.355
06:14:09.268 python3        1784367 nvme1n1 WS   74547712   131072   23.485
06:14:09.268 python3        1784367 nvme1n1 WS   74547968   131072   23.610
06:14:09.269 python3        1784367 nvme1n1 WS   74548224   131072   23.739
06:14:09.269 python3        1784367 nvme1n1 WS   74548480   131072   23.853
06:14:09.269 python3        1784367 nvme1n1 WS   74548736   131072   23.930
06:14:09.269 python3        1784367 nvme1n1 WS   74548992   131072   23.989
06:14:09.269 python3        1784367 nvme1n1 WS   74549248   131072   24.064
06:14:09.269 python3        1784367 nvme1n1 WS   74549504   131072   24.139
06:14:09.269 python3        1784367 nvme1n1 WS   74549760   131072   24.214
06:14:09.269 python3        1784367 nvme1n1 WS   74550016   131072   24.292
06:14:09.269 python3        1784366 nvme1n1 WS   846884864  131072   25.403
06:14:09.269 python3        1784366 nvme1n1 WS   846885120  131072   25.435
06:14:09.269 python3        1784367 nvme1n1 WS   74550272   131072   24.530
06:14:09.270 python3        1784367 nvme1n1 WS   74550528   131072   24.610
06:14:09.270 python3        1784367 nvme1n1 WS   74550784   131072   24.688
06:14:09.270 python3        1784367 nvme1n1 WS   74551040   131072   24.751
06:14:09.270 python3        1784367 nvme1n1 WS   74551296   131072   24.827
06:14:09.270 python3        1784367 nvme1n1 WS   74551552   131072   24.906
06:14:09.270 python3        1784367 nvme1n1 WS   1654190080 131072   23.434
06:14:09.270 python3        1784367 nvme1n1 WS   1654190336 131072   23.454
06:14:09.270 python3        1784367 nvme1n1 WS   1654190592 131072   23.525
06:14:09.270 python3        1784367 nvme1n1 WS   1654190848 131072   23.587
06:14:09.270 python3        1784367 nvme1n1 WS   1654191104 131072   23.712
06:14:09.270 python3        1784367 nvme1n1 WS   1654191360 131072   23.837
06:14:09.271 python3        1784367 nvme1n1 WS   1654191616 131072   23.963
06:14:09.271 python3        1784367 nvme1n1 WS   1654191872 131072   24.071
06:14:09.271 python3        1784367 nvme1n1 WS   1654192128 131072   24.198
06:14:09.271 python3        1784367 nvme1n1 WS   1654192384 131072   24.325
06:14:09.271 python3        1784367 nvme1n1 WS   1654192640 131072   24.412
06:14:09.271 python3        1784367 nvme1n1 WS   1654192896 131072   24.490
06:14:09.271 python3        1784367 nvme1n1 WS   1654193152 131072   24.565
06:14:09.271 python3        1784367 nvme1n1 WS   1654193408 131072   24.643
06:14:09.271 python3        1784367 nvme1n1 WS   1654193664 131072   24.723
06:14:09.271 python3        1784367 nvme1n1 WS   1654193920 131072   24.790
06:14:09.271 python3        1784368 nvme1n1 WS   1654198272 131072   23.935
06:14:09.272 python3        1784368 nvme1n1 WS   1654198528 131072   24.004
06:14:09.272 python3        1784368 nvme1n1 WS   1654198784 131072   24.080
06:14:09.272 python3        1784368 nvme1n1 WS   1654199040 131072   24.158
06:14:09.272 python3        1784368 nvme1n1 WS   1654199296 131072   24.237
06:14:09.272 python3        1784368 nvme1n1 WS   1654199552 131072   24.310
06:14:09.272 python3        1784368 nvme1n1 WS   1654199808 131072   24.394
06:14:09.272 python3        1784368 nvme1n1 WS   1654200064 131072   24.437
06:14:09.272 python3        1784368 nvme1n1 WS   1654200320 131072   24.515
06:14:09.272 python3        1784368 nvme1n1 WS   1654200576 131072   24.594
06:14:09.272 python3        1784368 nvme1n1 WS   1654200832 131072   24.674
06:14:09.272 python3        1784368 nvme1n1 WS   1654201088 131072   24.748
06:14:09.272 python3        1784367 nvme1n1 WS   1654194176 131072   25.838
06:14:09.273 python3        1784367 nvme1n1 WS   1654194432 131072   25.914
06:14:09.273 python3        1784368 nvme1n1 WS   1654201344 131072   24.983
06:14:09.273 python3        1784368 nvme1n1 WS   1654201600 131072   25.054
06:14:09.273 python3        1784368 nvme1n1 WS   1654201856 131072   25.128
06:14:09.273 python3        1784368 nvme1n1 WS   1654202112 131072   25.182
06:14:09.273 python3        1784368 nvme1n1 WS   1654202368 131072   25.257
06:14:09.273 python3        1784368 nvme1n1 WS   1654202624 131072   25.333
06:14:09.273 python3        1784368 nvme1n1 WS   1654206464 131072   22.997
06:14:09.273 python3        1784368 nvme1n1 WS   1654206720 131072   23.064
06:14:09.273 python3        1784368 nvme1n1 WS   1654206976 131072   23.221
06:14:09.273 python3        1784368 nvme1n1 WS   1654207232 131072   23.346
06:14:09.274 python3        1784368 nvme1n1 WS   1654207488 131072   23.471
06:14:09.274 python3        1784368 nvme1n1 WS   1654207744 131072   23.597
06:14:09.274 python3        1784368 nvme1n1 WS   1654208000 131072   23.734
06:14:09.274 python3        1784368 nvme1n1 WS   1654208256 131072   23.848
06:14:09.274 python3        1784368 nvme1n1 WS   1654208512 131072   23.987
06:14:09.274 python3        1784368 nvme1n1 WS   1654208768 131072   24.128
06:14:09.274 python3        1784368 nvme1n1 WS   1654209024 131072   24.270
06:14:09.275 python3        1784368 nvme1n1 WS   1654209280 131072   24.412
06:14:09.275 python3        1784368 nvme1n1 WS   1654209536 131072   24.556
06:14:09.275 python3        1784368 nvme1n1 WS   1654209792 131072   24.699
06:14:09.275 python3        1784368 nvme1n1 WS   1654210048 131072   24.843
06:14:09.275 python3        1784368 nvme1n1 WS   1654210304 131072   24.978
06:14:09.275 python3        1784368 nvme1n1 WS   1654214656 131072   24.281
06:14:09.275 python3        1784368 nvme1n1 WS   1654214912 131072   24.419
06:14:09.276 python3        1784368 nvme1n1 WS   1654215168 131072   24.561
06:14:09.276 python3        1784368 nvme1n1 WS   1654215424 131072   24.704
06:14:09.276 python3        1784368 nvme1n1 WS   1654215680 131072   24.846
06:14:09.276 python3        1784368 nvme1n1 WS   1654215936 131072   24.987
06:14:09.276 python3        1784368 nvme1n1 WS   1654216192 131072   25.130
06:14:09.276 python3        1784368 nvme1n1 WS   1654216448 131072   25.254
06:14:09.276 python3        1784368 nvme1n1 WS   1654216704 131072   25.406
06:14:09.277 python3        1784368 nvme1n1 WS   1654216960 131072   25.539
06:14:09.277 python3        1784368 nvme1n1 WS   1654217216 131072   25.681
06:14:09.277 python3        1784368 nvme1n1 WS   1654217472 131072   25.822
06:14:09.277 python3        1784368 nvme1n1 WS   1654210560 131072   26.911
06:14:09.277 python3        1784368 nvme1n1 WS   1654210816 131072   27.007
06:14:09.277 python3        1784368 nvme1n1 WS   74555392   131072   25.552
06:14:09.277 python3        1784368 nvme1n1 WS   74555648   131072   25.622
06:14:09.278 python3        1784368 nvme1n1 WS   74555904   131072   25.764
06:14:09.278 python3        1784368 nvme1n1 WS   74556160   131072   25.907
06:14:09.278 python3        1784368 nvme1n1 WS   74556416   131072   26.051
06:14:09.278 python3        1784368 nvme1n1 WS   74556672   131072   26.193
06:14:09.278 python3        1784368 nvme1n1 WS   74556928   131072   26.336
06:14:09.278 python3        1784368 nvme1n1 WS   74557184   131072   26.460
06:14:09.278 python3        1784368 nvme1n1 WS   74557440   131072   26.604
06:14:09.279 python3        1784368 nvme1n1 WS   74557696   131072   26.746
06:14:09.279 python3        1784368 nvme1n1 WS   74557952   131072   26.888
06:14:09.279 python3        1784368 nvme1n1 WS   74558208   131072   27.031
06:14:09.279 python3        1784368 nvme1n1 WS   1654217728 131072   28.052
06:14:09.279 python3        1784368 nvme1n1 WS   1654217984 131072   28.146
06:14:09.279 python3        1784368 nvme1n1 WS   1654218240 131072   28.289
06:14:09.279 python3        1784368 nvme1n1 WS   1654218496 131072   28.412
06:14:09.280 python3        1784368 nvme1n1 WS   74558464   131072   27.758
06:14:09.280 python3        1784368 nvme1n1 WS   74558720   131072   27.902
06:14:09.280 python3        1784368 nvme1n1 WS   74558976   131072   28.047
06:14:09.280 python3        1784368 nvme1n1 WS   74559232   131072   28.186
06:14:09.280 python3        1784368 nvme1n1 WS   74559488   131072   28.333
06:14:09.280 python3        1784368 nvme1n1 WS   74559744   131072   28.478
06:14:09.281 python3        1784369 nvme1n1 WS   312080384  131072   26.420
06:14:09.281 python3        1784369 nvme1n1 WS   312080640  131072   26.561
06:14:09.281 python3        1784369 nvme1n1 WS   312080896  69632    26.636
06:14:09.281 python3        1784368 nvme1n1 WS   1654218752 131072   29.901
06:14:09.281 python3        1784368 nvme1n1 WS   1654219008 131072   29.972
06:14:09.281 python3        1784366 nvme1n1 WS   70157312   131072   25.699
06:14:09.281 python3        1784366 nvme1n1 WS   70157568   131072   25.827
06:14:09.281 python3        1784366 nvme1n1 WS   70157824   69632    25.891
06:14:09.282 python3        1784367 nvme1n1 WS   1664186368 131072   24.599
06:14:09.282 python3        1784367 nvme1n1 WS   1664186624 131072   24.676
06:14:09.282 python3        1784367 nvme1n1 WS   1664186880 69632    24.718
06:14:09.282 python3        1784368 nvme1n1 WS   70165504   131072    7.923
06:14:09.282 python3        1784368 nvme1n1 WS   70165760   131072    8.002
06:14:09.282 python3        1784368 nvme1n1 WS   70166016   69632     8.037
06:14:09.444 nvme           1907574 Unknown N    -1         512       0.034
06:14:09.468 ib_pg_f        125949  nvme1n1 WS   1756372992 16384     0.054
06:14:09.468 ib_pg_f        125949  nvme1n1 WS   1755217704 16384     0.041
06:14:10.250 ib_log_        125949  nvme1n1 WS   1757422584 4096      0.055
06:14:10.447 nvme           1907578 Unknown N    -1         512       0.033
06:14:11.064 python3        1784366 nvme1n1 WS   1177399296 131072    0.223
06:14:11.064 python3        1784366 nvme1n1 WS   1177399552 131072    0.256
06:14:11.064 python3        1784366 nvme1n1 WS   1177399808 131072    0.336
06:14:11.064 python3        1784366 nvme1n1 WS   1177400064 131072    0.431
06:14:11.065 python3        1784366 nvme1n1 WS   1177400320 131072    0.518
06:14:11.065 python3        1784366 nvme1n1 WS   1177400576 131072    0.598
06:14:11.065 python3        1784366 nvme1n1 WS   1177400832 131072    0.653
06:14:11.065 python3        1784369 nvme1n1 WS   58322944   131072    0.751
06:14:11.065 python3        1784369 nvme1n1 WS   58323200   131072    0.800
06:14:11.065 python3        1784369 nvme1n1 WS   58323456   131072    0.885
06:14:11.065 python3        1784369 nvme1n1 WS   58323712   131072    0.960
06:14:11.065 python3        1784366 nvme1n1 WS   1177401088 131072    1.046
06:14:11.065 python3        1784366 nvme1n1 WS   1177401344 131072    1.126
06:14:11.065 python3        1784369 nvme1n1 WS   58323968   131072    1.208
06:14:11.065 python3        1784369 nvme1n1 WS   58324224   131072    1.291
06:14:11.065 python3        1784369 nvme1n1 WS   58324480   131072    1.375
06:14:11.066 python3        1784366 nvme1n1 WS   1177401600 131072    1.464
06:14:11.066 python3        1784366 nvme1n1 WS   1177401856 131072    1.542
06:14:11.066 python3        1784366 nvme1n1 WS   1177402112 131072    1.624
06:14:11.066 python3        1784366 nvme1n1 WS   1177402368 131072    1.703
06:14:11.066 python3        1784366 nvme1n1 WS   1177402624 131072    1.785
06:14:11.066 python3        1784366 nvme1n1 WS   1177402880 131072    1.864
06:14:11.066 python3        1784366 nvme1n1 WS   1177403136 131072    1.935
06:14:11.066 python3        1784367 nvme1n1 WS   1654222848 131072    2.044
06:14:11.066 python3        1784367 nvme1n1 WS   1654223104 131072    2.115
06:14:11.066 python3        1784367 nvme1n1 WS   1654223360 131072    2.189
06:14:11.066 python3        1784367 nvme1n1 WS   1654223616 131072    2.263
06:14:11.066 python3        1784367 nvme1n1 WS   1654223872 131072    2.340
06:14:11.067 python3        1784367 nvme1n1 WS   1654224128 131072    2.415
06:14:11.067 python3        1784367 nvme1n1 WS   1654224384 131072    2.490
06:14:11.067 python3        1784369 nvme1n1 WS   58324736   131072    2.575
06:14:11.067 python3        1784369 nvme1n1 WS   58324992   131072    2.646
06:14:11.067 python3        1784369 nvme1n1 WS   58325248   131072    2.721
06:14:11.067 python3        1784369 nvme1n1 WS   58325504   131072    2.796
06:14:11.067 python3        1784369 nvme1n1 WS   58325760   131072    2.874
06:14:11.067 python3        1784369 nvme1n1 WS   58326016   131072    2.951
06:14:11.067 python3        1784369 nvme1n1 WS   58326272   131072    3.025
06:14:11.067 python3        1784369 nvme1n1 WS   58326528   131072    3.103
06:14:11.067 python3        1784369 nvme1n1 WS   58326784   131072    3.168
06:14:11.067 python3        1784369 nvme1n1 WS   58327040   131072    3.241
06:14:11.067 python3        1784366 nvme1n1 WS   1177403392 131072    3.355
06:14:11.068 python3        1784366 nvme1n1 WS   1177403648 131072    3.429
06:14:11.068 python3        1784366 nvme1n1 WS   1654226944 131072    3.503
06:14:11.068 python3        1784366 nvme1n1 WS   1654227200 131072    3.574
06:14:11.068 python3        1784366 nvme1n1 WS   1654227456 131072    3.647
06:14:11.068 python3        1784366 nvme1n1 WS   1654227712 131072    3.723
06:14:11.068 python3        1784366 nvme1n1 WS   1654227968 131072    3.798
06:14:11.068 python3        1784366 nvme1n1 WS   1654228224 131072    3.877
06:14:11.068 python3        1784366 nvme1n1 WS   1654228480 131072    3.957
06:14:11.068 python3        1784366 nvme1n1 WS   1664191488 131072    4.060
06:14:11.068 python3        1784366 nvme1n1 WS   1664191744 131072    4.132
06:14:11.068 python3        1784366 nvme1n1 WS   1664192000 131072    4.210
06:14:11.068 python3        1784366 nvme1n1 WS   1664192256 49152     4.237
06:14:11.068 python3        1784367 nvme1n1 WS   1654224640 131072    4.328
06:14:11.069 python3        1784367 nvme1n1 WS   1654224896 131072    4.410
06:14:11.069 python3        1784367 nvme1n1 WS   1654225152 131072    4.485
06:14:11.069 python3        1784367 nvme1n1 WS   1654225408 131072    4.560
06:14:11.069 python3        1784367 nvme1n1 WS   1654225664 131072    4.643
06:14:11.069 python3        1784367 nvme1n1 WS   1654225920 131072    4.725
06:14:11.069 python3        1784369 nvme1n1 WS   58327296   131072    4.811
06:14:11.069 python3        1784367 nvme1n1 WS   1654226176 131072    4.879
06:14:11.069 python3        1784367 nvme1n1 WS   1654226432 131072    4.958
06:14:11.069 python3        1784367 nvme1n1 WS   1654226688 131072    5.023
06:14:11.069 python3        1784367 nvme1n1 WS   1654231040 131072    5.102
06:14:11.069 python3        1784367 nvme1n1 WS   1654231296 131072    5.178
06:14:11.069 python3        1784368 nvme1n1 WS   1499738112 131072    5.276
06:14:11.070 python3        1784368 nvme1n1 WS   1499738368 131072    5.347
06:14:11.070 python3        1784368 nvme1n1 WS   1499738624 131072    5.426
06:14:11.070 python3        1784368 nvme1n1 WS   1499738880 131072    5.507
06:14:11.070 python3        1784368 nvme1n1 WS   1499739136 131072    5.583
06:14:11.070 python3        1784368 nvme1n1 WS   1499739392 131072    5.663
06:14:11.070 python3        1784368 nvme1n1 WS   1499739648 131072    5.739
06:14:11.070 python3        1784366 nvme1n1 WS   1654228736 131072    5.836
06:14:11.070 python3        1784366 nvme1n1 WS   1654228992 131072    5.909
06:14:11.070 python3        1784366 nvme1n1 WS   1654229248 131072    5.984
06:14:11.070 python3        1784366 nvme1n1 WS   1654229504 131072    6.064
06:14:11.070 python3        1784366 nvme1n1 WS   1654229760 131072    6.141
06:14:11.070 python3        1784366 nvme1n1 WS   1654230016 131072    6.214
06:14:11.070 python3        1784366 nvme1n1 WS   1654230272 131072    6.293
06:14:11.071 python3        1784366 nvme1n1 WS   1654230528 131072    6.369
06:14:11.071 python3        1784366 nvme1n1 WS   1654230784 131072    6.435
06:14:11.071 python3        1784366 nvme1n1 WS   1654235136 131072    6.513
06:14:11.071 python3        1784366 nvme1n1 WS   1654235392 131072    6.590
06:14:11.071 python3        1784368 nvme1n1 WS   1499739904 131072    6.667
06:14:11.071 python3        1784368 nvme1n1 WS   1499740160 131072    6.743
06:14:11.071 python3        1784368 nvme1n1 WS   1499740416 131072    6.822
06:14:11.071 python3        1784368 nvme1n1 WS   1499740672 131072    6.934
06:14:11.071 python3        1784368 nvme1n1 WS   1499740928 131072    7.016
06:14:11.071 python3        1784368 nvme1n1 WS   1499741184 131072    7.090
06:14:11.071 python3        1784368 nvme1n1 WS   1499741440 131072    7.171
06:14:11.071 python3        1784368 nvme1n1 WS   1499741696 131072    7.250
06:14:11.072 python3        1784368 nvme1n1 WS   1499741952 131072    7.317
06:14:11.072 python3        1784368 nvme1n1 WS   1499742208 131072    7.394
06:14:11.072 python3        1784368 nvme1n1 WS   1499742464 131072    7.470
06:14:11.072 python3        1784369 nvme1n1 WS   1664193536 131072    7.572
06:14:11.072 python3        1784369 nvme1n1 WS   1664193792 131072    7.647
06:14:11.072 python3        1784369 nvme1n1 WS   1664194048 131072    7.733
06:14:11.072 python3        1784369 nvme1n1 WS   1664194304 49152     7.754
06:14:11.072 python3        1784369 nvme1n1 WS   1654239232 131072    7.805
06:14:11.072 python3        1784369 nvme1n1 WS   1654239488 131072    7.872
06:14:11.072 python3        1784369 nvme1n1 WS   1654239744 131072    7.947
06:14:11.072 python3        1784369 nvme1n1 WS   1654240000 131072    8.023
06:14:11.072 python3        1784369 nvme1n1 WS   1654240256 131072    8.096
06:14:11.072 python3        1784369 nvme1n1 WS   1654240512 131072    8.171
06:14:11.073 python3        1784369 nvme1n1 WS   1654240768 131072    8.246
06:14:11.073 python3        1784369 nvme1n1 WS   1654241024 131072    8.308
06:14:11.073 python3        1784369 nvme1n1 WS   1654241280 131072    8.384
06:14:11.073 python3        1784369 nvme1n1 WS   1654241536 131072    8.458
06:14:11.073 python3        1784369 nvme1n1 WS   1654241792 131072    8.539
06:14:11.073 python3        1784369 nvme1n1 WS   1654242048 131072    8.618
06:14:11.073 python3        1784369 nvme1n1 WS   1654242304 131072    8.693
06:14:11.073 python3        1784369 nvme1n1 WS   1654242560 131072    8.772
06:14:11.073 python3        1784369 nvme1n1 WS   1654242816 131072    8.850
06:14:11.073 python3        1784369 nvme1n1 WS   1654243072 131072    8.917
06:14:11.073 python3        1784369 nvme1n1 WS   1654243328 131072    8.994
06:14:11.073 python3        1784369 nvme1n1 WS   1654243584 131072    9.071
06:14:11.074 python3        1784368 nvme1n1 WS   1664205824 131072    9.192
06:14:11.074 python3        1784368 nvme1n1 WS   1664206080 131072    9.206
06:14:11.074 python3        1784368 nvme1n1 WS   1664206336 131072    9.257
06:14:11.074 python3        1784368 nvme1n1 WS   1664206592 49152     9.283
06:14:11.074 python3        1784368 nvme1n1 WS   1654247424 131072    9.363
06:14:11.074 python3        1784368 nvme1n1 WS   1654247680 131072    9.428
06:14:11.074 python3        1784367 nvme1n1 WS   1664206848 131072    9.509
06:14:11.074 python3        1784367 nvme1n1 WS   1664207104 131072    9.584
06:14:11.074 python3        1784367 nvme1n1 WS   1664207360 131072    9.665
06:14:11.074 python3        1784367 nvme1n1 WS   1664207616 49152     9.692
06:14:11.074 python3        1784368 nvme1n1 WS   1654247936 131072    9.783
06:14:11.074 python3        1784368 nvme1n1 WS   1654248192 131072    9.857
06:14:11.074 python3        1784368 nvme1n1 WS   1654248448 131072    9.935
06:14:11.074 python3        1784368 nvme1n1 WS   1654248704 131072   10.012
06:14:11.075 python3        1784368 nvme1n1 WS   1654248960 131072   10.088
06:14:11.075 python3        1784368 nvme1n1 WS   1654249216 131072   10.139
06:14:11.075 python3        1784368 nvme1n1 WS   1654249472 131072   10.219
06:14:11.075 python3        1784367 nvme1n1 WS   1177407488 131072   10.310
06:14:11.075 python3        1784367 nvme1n1 WS   1177407744 131072   10.381
06:14:11.075 python3        1784367 nvme1n1 WS   1177408000 131072   10.460
06:14:11.075 python3        1784367 nvme1n1 WS   1177408256 131072   10.539
06:14:11.075 python3        1784367 nvme1n1 WS   1177408512 131072   10.616
06:14:11.075 python3        1784367 nvme1n1 WS   1177408768 131072   10.697
06:14:11.075 python3        1784367 nvme1n1 WS   1177409024 131072   10.777
06:14:11.075 python3        1784367 nvme1n1 WS   1177409280 131072   10.832
06:14:11.075 python3        1784367 nvme1n1 WS   1177409536 131072   10.907
06:14:11.075 python3        1784367 nvme1n1 WS   1177409792 131072   10.983
06:14:11.076 python3        1784367 nvme1n1 WS   1177410048 131072   11.063
06:14:11.076 python3        1784367 nvme1n1 WS   1177410304 131072   11.139
06:14:11.076 python3        1784367 nvme1n1 WS   1177410560 131072   11.217
06:14:11.076 python3        1784367 nvme1n1 WS   1177410816 131072   11.295
06:14:11.076 python3        1784367 nvme1n1 WS   1177411072 131072   11.372
06:14:11.076 python3        1784368 nvme1n1 WS   1654249728 131072   11.521
06:14:11.076 python3        1784368 nvme1n1 WS   1654249984 131072   11.591
06:14:11.076 python3        1784368 nvme1n1 WS   1654250240 131072   11.666
06:14:11.076 python3        1784368 nvme1n1 WS   1654250496 131072   11.745
06:14:11.076 python3        1784368 nvme1n1 WS   1654250752 131072   11.821
06:14:11.076 python3        1784368 nvme1n1 WS   1654251008 131072   11.898
06:14:11.076 python3        1784368 nvme1n1 WS   1654251264 131072   11.958
06:14:11.077 python3        1784368 nvme1n1 WS   1654251520 131072   12.033
06:14:11.077 python3        1784368 nvme1n1 WS   1654251776 131072   12.111
06:14:11.077 python3        1784367 nvme1n1 WS   1177411328 131072   12.166
06:14:11.077 python3        1784367 nvme1n1 WS   1177411584 131072   12.245
06:14:11.077 python3        1784367 nvme1n1 WS   1177411840 131072   12.322
06:14:11.449 nvme           1907589 Unknown N    -1         512       0.079
06:14:12.451 nvme           1907593 Unknown N    -1         512       0.035
06:14:12.640 jbd2/nv        752     nvme1n1 WSM  876967312  131072    0.166
06:14:12.640 jbd2/nv        752     nvme1n1 WSM  876967568  131072    0.203
06:14:12.641 jbd2/nv        752     nvme1n1 WSM  876967824  131072    0.252
06:14:12.641 jbd2/nv        752     nvme1n1 WSM  876968080  69632     0.268
06:14:12.641 jbd2/nv        752     nvme1n1 WSM  876968216  4096      0.030
06:14:13.453 nvme           1907607 Unknown N    -1         512       0.031
06:14:14.177 kworker        1774410 nvme0n1 W    37876984   8192      1.054
06:14:14.455 nvme           1907622 Unknown N    -1         512       0.031
06:14:15.457 nvme           1907630 Unknown N    -1         512       0.028
06:14:16.314 jbd2/nv        391     nvme0n1 WSM  4242296    118784    2.105
06:14:16.315 jbd2/nv        391     nvme0n1 WSM  4242528    4096      0.777
06:14:16.445 amoprof        1787544 nvme1n1 W    608797856  4096      0.054
