TIMESTAMP    COMM           PID     DISK    T    SECTOR     BYTES   LAT(ms)
21:28:43.603 nvme           1155126 Unknown N    -1         512       0.038
21:28:44.312 jbd2/nv        752     nvme1n1 WSM  877967760  131072    0.172
21:28:44.312 jbd2/nv        752     nvme1n1 WSM  877968016  131072    0.210
21:28:44.312 jbd2/nv        752     nvme1n1 WSM  877968272  131072    0.259
21:28:44.312 jbd2/nv        752     nvme1n1 WSM  877968528  131072    0.308
21:28:44.312 jbd2/nv        752     nvme1n1 WSM  877968784  57344     0.299
21:28:44.312 jbd2/nv        752     nvme1n1 WSM  877968896  4096      0.029
21:28:44.606 nvme           1155187 Unknown N    -1         512       0.039
21:28:45.608 nvme           1155197 Unknown N    -1         512       0.030
21:28:46.611 nvme           1155232 Unknown N    -1         512       0.029
21:28:47.030 VLLM::W        1046587 nvme1n1 RS   1565474816 131072    0.279
21:28:47.030 VLLM::W        1046587 nvme1n1 RS   1565475328 131072    0.337
21:28:47.030 VLLM::W        1046586 nvme1n1 RS   1565462528 131072    0.296
21:28:47.030 VLLM::W        1046587 nvme1n1 RS   1565475584 131072    0.388
21:28:47.030 VLLM::W        1046587 nvme1n1 RS   1565475072 131072    0.403
21:28:47.030 VLLM::W        1046586 nvme1n1 RS   1565462784 131072    0.441
21:28:47.030 VLLM::W        1046586 nvme1n1 RS   1565463040 131072    0.472
21:28:47.030 VLLM::W        1046586 nvme1n1 RS   1565463296 131072    0.497
21:28:47.030 VLLM::W        1046587 nvme1n1 RS   1565475840 131072    0.542
21:28:47.031 VLLM::W        1046587 nvme1n1 RS   1565476096 131072    0.592
21:28:47.031 VLLM::W        1046587 nvme1n1 RS   1565476352 131072    0.602
21:28:47.031 VLLM::W        1046586 nvme1n1 RS   1565463808 131072    0.689
21:28:47.031 VLLM::W        1046586 nvme1n1 RS   1565464064 131072    0.706
21:28:47.031 VLLM::W        1046586 nvme1n1 RS   1565463552 131072    0.728
21:28:47.031 VLLM::W        1046589 nvme1n1 RS   575738368  131072    0.808
21:28:47.031 VLLM::W        1046589 nvme1n1 RS   575737856  131072    0.877
21:28:47.031 VLLM::W        1046589 nvme1n1 RS   575738112  131072    0.881
21:28:47.031 VLLM::W        1046589 nvme1n1 RS   575738624  131072    0.920
21:28:47.031 VLLM::W        1046589 nvme1n1 RS   575739392  131072    0.955
21:28:47.031 VLLM::W        1046589 nvme1n1 RS   575739136  131072    0.966
21:28:47.031 VLLM::W        1046589 nvme1n1 RS   575738880  131072    1.022
21:28:47.031 VLLM::W        1046588 nvme1n1 RS   1565323264 131072    1.114
21:28:47.031 VLLM::W        1046588 nvme1n1 RS   1565323520 131072    1.114
21:28:47.031 VLLM::W        1046588 nvme1n1 RS   1565323776 131072    1.164
21:28:47.031 VLLM::W        1046588 nvme1n1 RS   1565324032 131072    1.198
21:28:47.031 VLLM::W        1046588 nvme1n1 RS   1565324544 131072    1.210
21:28:47.031 VLLM::W        1046588 nvme1n1 RS   1565324288 131072    1.234
21:28:47.031 VLLM::W        1046588 nvme1n1 RS   1565324800 131072    1.241
21:28:47.031 VLLM::W        1046587 nvme1n1 RS   1565476608 131072    1.227
21:28:47.031 VLLM::W        1046587 nvme1n1 RS   1565476864 131072    1.318
21:28:47.031 VLLM::W        1046587 nvme1n1 RS   1565477120 131072    1.329
21:28:47.031 VLLM::W        1046587 nvme1n1 RS   1565477376 131072    1.334
21:28:47.031 VLLM::W        1046586 nvme1n1 RS   1565464320 131072    1.374
21:28:47.031 VLLM::W        1046587 nvme1n1 RS   1565477888 131072    1.401
21:28:47.031 VLLM::W        1046587 nvme1n1 RS   1565477632 131072    1.450
21:28:47.032 VLLM::W        1046586 nvme1n1 RS   1565464832 131072    1.519
21:28:47.032 VLLM::W        1046587 nvme1n1 RS   1565478144 131072    1.553
21:28:47.032 VLLM::W        1046587 nvme1n1 RS   1565478400 131072    1.570
21:28:47.032 VLLM::W        1046586 nvme1n1 RS   1565464576 131072    1.592
21:28:47.032 VLLM::W        1046586 nvme1n1 RS   1565465088 131072    1.625
21:28:47.032 VLLM::W        1046589 nvme1n1 RS   575740160  131072    1.687
21:28:47.032 VLLM::W        1046589 nvme1n1 RS   575739648  131072    1.759
21:28:47.032 VLLM::W        1046589 nvme1n1 RS   575739904  131072    1.776
21:28:47.032 VLLM::W        1046588 nvme1n1 RS   1565325056 131072    1.788
21:28:47.032 VLLM::W        1046588 nvme1n1 RS   1565325312 131072    1.862
21:28:47.032 VLLM::W        1046588 nvme1n1 RS   1565325568 131072    1.878
21:28:47.032 VLLM::W        1046589 nvme1n1 RS   575740416  131072    1.884
21:28:47.032 VLLM::W        1046589 nvme1n1 RS   575740672  131072    1.932
21:28:47.032 VLLM::W        1046589 nvme1n1 RS   575740928  131072    1.942
21:28:47.032 VLLM::W        1046589 nvme1n1 RS   575741184  131072    1.981
21:28:47.032 VLLM::W        1046589 nvme1n1 RS   575741440  131072    1.985
21:28:47.032 VLLM::W        1046586 nvme1n1 RS   1565465344 131072    2.067
21:28:47.032 VLLM::W        1046586 nvme1n1 RS   1565465600 131072    2.136
21:28:47.032 VLLM::W        1046586 nvme1n1 RS   1565465856 131072    2.152
21:28:47.032 VLLM::W        1046586 nvme1n1 RS   1565466112 131072    2.157
21:28:47.032 VLLM::W        1046588 nvme1n1 RS   1565325824 131072    2.230
21:28:47.032 VLLM::W        1046588 nvme1n1 RS   1565326080 131072    2.267
21:28:47.032 VLLM::W        1046588 nvme1n1 RS   1565326336 131072    2.272
21:28:47.032 VLLM::W        1046587 nvme1n1 RS   1565478656 131072    2.324
21:28:47.032 VLLM::W        1046588 nvme1n1 RS   1565326592 131072    2.363
21:28:47.032 VLLM::W        1046588 nvme1n1 RS   1565326848 131072    2.373
21:28:47.032 VLLM::W        1046587 nvme1n1 RS   1565495296 131072    2.425
21:28:47.032 VLLM::W        1046587 nvme1n1 RS   1565495552 131072    2.430
21:28:47.033 VLLM::W        1046586 nvme1n1 RS   1565483008 131072    2.478
21:28:47.033 VLLM::W        1046586 nvme1n1 RS   1565466368 131072    2.496
21:28:47.033 VLLM::W        1046589 nvme1n1 RS   575741696  131072    2.555
21:28:47.033 VLLM::W        1046586 nvme1n1 RS   1565483264 131072    2.565
21:28:47.033 VLLM::W        1046589 nvme1n1 RS   575741952  131072    2.640
21:28:47.033 VLLM::W        1046589 nvme1n1 RS   575742208  131072    2.667
21:28:47.033 VLLM::W        1046588 nvme1n1 RS   1565458432 131072    2.693
21:28:47.033 VLLM::W        1046588 nvme1n1 RS   1565327104 131072    2.722
21:28:47.033 VLLM::W        1046588 nvme1n1 RS   1565458688 131072    2.748
21:28:47.033 VLLM::W        1046587 nvme1n1 RS   1565499392 131072    0.217
21:28:47.033 VLLM::W        1046587 nvme1n1 RS   1565499648 131072    0.234
21:28:47.033 VLLM::W        1046587 nvme1n1 RS   1565499904 131072    0.247
21:28:47.033 VLLM::W        1046587 nvme1n1 RS   1565500160 131072    0.294
21:28:47.033 VLLM::W        1046587 nvme1n1 RS   1565500672 131072    0.360
21:28:47.033 VLLM::W        1046587 nvme1n1 RS   1565500416 131072    0.390
21:28:47.033 VLLM::W        1046587 nvme1n1 RS   1565500928 131072    0.478
21:28:47.033 VLLM::W        1046587 nvme1n1 RS   1565501696 131072    0.457
21:28:47.033 VLLM::W        1046587 nvme1n1 RS   1565501184 131072    0.488
21:28:47.033 VLLM::W        1046587 nvme1n1 RS   1565501952 131072    0.491
21:28:47.033 VLLM::W        1046587 nvme1n1 RS   1565502464 131072    0.545
21:28:47.033 VLLM::W        1046587 nvme1n1 RS   1565501440 131072    0.577
21:28:47.033 VLLM::W        1046587 nvme1n1 RS   1565502976 131072    0.646
21:28:47.033 VLLM::W        1046587 nvme1n1 RS   1565503232 131072    0.652
21:28:47.033 VLLM::W        1046587 nvme1n1 RS   1565502208 131072    0.690
21:28:47.033 VLLM::W        1046587 nvme1n1 RS   1565502720 131072    0.735
21:28:47.034 VLLM::W        1046586 nvme1n1 RS   844927488  131072    0.774
21:28:47.034 VLLM::W        1046587 nvme1n1 RS   1565511680 131072    0.859
21:28:47.034 VLLM::W        1046587 nvme1n1 RS   1565511936 131072    0.864
21:28:47.034 VLLM::W        1046586 nvme1n1 RS   844927744  131072    0.832
21:28:47.034 VLLM::W        1046586 nvme1n1 RS   844928256  131072    0.883
21:28:47.034 VLLM::W        1046586 nvme1n1 RS   844926976  131072    0.922
21:28:47.034 VLLM::W        1046586 nvme1n1 RS   844927232  131072    0.938
21:28:47.034 VLLM::W        1046586 nvme1n1 RS   844928512  131072    0.934
21:28:47.034 VLLM::W        1046586 nvme1n1 RS   844928000  131072    0.977
21:28:47.034 VLLM::W        1046586 nvme1n1 RS   844928768  131072    1.018
21:28:47.034 VLLM::W        1046586 nvme1n1 RS   844929536  131072    1.034
21:28:47.034 VLLM::W        1046586 nvme1n1 RS   844929024  131072    1.061
21:28:47.034 VLLM::W        1046586 nvme1n1 RS   844929280  131072    1.081
21:28:47.034 VLLM::W        1046586 nvme1n1 RS   844929792  131072    1.087
21:28:47.034 VLLM::W        1046586 nvme1n1 RS   844930560  131072    1.150
21:28:47.034 VLLM::W        1046586 nvme1n1 RS   844930048  131072    1.172
21:28:47.034 VLLM::W        1046586 nvme1n1 RS   844930304  131072    1.182
21:28:47.034 VLLM::W        1046589 nvme1n1 RS   1565520128 131072    1.249
21:28:47.034 VLLM::W        1046589 nvme1n1 RS   1565520384 131072    1.257
21:28:47.034 VLLM::W        1046589 nvme1n1 RS   1565519872 131072    1.278
21:28:47.034 VLLM::W        1046586 nvme1n1 RS   844930816  131072    1.358
21:28:47.034 VLLM::W        1046586 nvme1n1 RS   844931328  131072    1.364
21:28:47.034 VLLM::W        1046589 nvme1n1 RS   1565520640 131072    1.452
21:28:47.034 VLLM::W        1046589 nvme1n1 RS   1565521152 131072    1.457
21:28:47.034 VLLM::W        1046589 nvme1n1 RS   1565521408 131072    1.493
21:28:47.034 VLLM::W        1046586 nvme1n1 RS   844931072  131072    1.515
21:28:47.035 VLLM::W        1046589 nvme1n1 RS   1565520896 131072    1.614
21:28:47.035 VLLM::W        1046589 nvme1n1 RS   1565521920 131072    1.564
21:28:47.035 VLLM::W        1046588 nvme1n1 RS   731176960  131072    1.584
21:28:47.035 VLLM::W        1046588 nvme1n1 RS   731177216  131072    1.585
21:28:47.035 VLLM::W        1046589 nvme1n1 RS   1565521664 131072    1.639
21:28:47.035 VLLM::W        1046588 nvme1n1 RS   731177472  131072    1.654
21:28:47.035 VLLM::W        1046588 nvme1n1 RS   731177728  131072    1.660
21:28:47.035 VLLM::W        1046589 nvme1n1 RS   1565522688 131072    1.765
21:28:47.035 VLLM::W        1046589 nvme1n1 RS   1565522176 131072    1.786
21:28:47.035 VLLM::W        1046589 nvme1n1 RS   1565522432 131072    1.803
21:28:47.035 VLLM::W        1046589 nvme1n1 RS   1565522944 131072    1.821
21:28:47.035 VLLM::W        1046589 nvme1n1 RS   1565523200 131072    1.826
21:28:47.035 VLLM::W        1046588 nvme1n1 RS   731177984  131072    1.897
21:28:47.035 VLLM::W        1046589 nvme1n1 RS   1565523456 131072    1.894
21:28:47.035 VLLM::W        1046588 nvme1n1 RS   731178240  131072    1.938
21:28:47.035 VLLM::W        1046588 nvme1n1 RS   731178496  131072    1.971
21:28:47.035 VLLM::W        1046589 nvme1n1 RS   1565523712 131072    1.983
21:28:47.035 VLLM::W        1046589 nvme1n1 RS   1565536256 131072    2.009
21:28:47.035 VLLM::W        1046589 nvme1n1 RS   1565536512 131072    2.043
21:28:47.035 VLLM::W        1046588 nvme1n1 RS   731178752  131072    2.077
21:28:47.035 VLLM::W        1046588 nvme1n1 RS   731179008  131072    2.089
21:28:47.035 VLLM::W        1046588 nvme1n1 RS   731179264  131072    2.127
21:28:47.035 VLLM::W        1046588 nvme1n1 RS   731179520  131072    2.160
21:28:47.035 VLLM::W        1046588 nvme1n1 RS   731179776  131072    2.210
21:28:47.035 VLLM::W        1046588 nvme1n1 RS   731180032  131072    2.270
21:28:47.035 VLLM::W        1046588 nvme1n1 RS   731180288  131072    2.292
21:28:47.035 VLLM::W        1046588 nvme1n1 RS   731180544  131072    2.306
21:28:47.035 VLLM::W        1046588 nvme1n1 RS   731180800  131072    2.348
21:28:47.035 VLLM::W        1046588 nvme1n1 RS   731250688  131072    2.359
21:28:47.036 VLLM::W        1046588 nvme1n1 RS   731250944  131072    2.380
21:28:47.036 VLLM::W        1046587 nvme1n1 RS   844935168  131072    1.785
21:28:47.036 VLLM::W        1046587 nvme1n1 RS   844935424  131072    1.811
21:28:47.036 VLLM::W        1046587 nvme1n1 RS   844935680  131072    1.843
21:28:47.036 VLLM::W        1046587 nvme1n1 RS   844935936  131072    1.868
21:28:47.036 VLLM::W        1046587 nvme1n1 RS   844936192  131072    1.904
21:28:47.036 VLLM::W        1046587 nvme1n1 RS   844936448  131072    1.956
21:28:47.036 VLLM::W        1046587 nvme1n1 RS   844936704  131072    1.966
21:28:47.036 VLLM::W        1046587 nvme1n1 RS   844936960  131072    1.980
21:28:47.036 VLLM::W        1046587 nvme1n1 RS   844937216  131072    1.993
21:28:47.036 VLLM::W        1046587 nvme1n1 RS   844937472  131072    2.072
21:28:47.036 VLLM::W        1046587 nvme1n1 RS   844937728  131072    2.092
21:28:47.036 VLLM::W        1046587 nvme1n1 RS   844937984  131072    2.103
21:28:47.036 VLLM::W        1046587 nvme1n1 RS   844938240  131072    2.130
21:28:47.036 VLLM::W        1046587 nvme1n1 RS   844938496  131072    2.163
21:28:47.036 VLLM::W        1046587 nvme1n1 RS   844938752  131072    2.190
21:28:47.036 VLLM::W        1046587 nvme1n1 RS   844939008  131072    2.216
21:28:47.036 VLLM::W        1046587 nvme1n1 RS   844939264  131072    2.253
21:28:47.036 VLLM::W        1046587 nvme1n1 RS   844939520  131072    2.294
21:28:47.036 VLLM::W        1046586 nvme1n1 RS   1565466880 131072    1.636
21:28:47.036 VLLM::W        1046586 nvme1n1 RS   1565466624 131072    1.657
21:28:47.036 VLLM::W        1046586 nvme1n1 RS   1565467136 131072    1.661
21:28:47.036 VLLM::W        1046586 nvme1n1 RS   1565467392 131072    1.734
21:28:47.036 VLLM::W        1046586 nvme1n1 RS   1565467648 131072    1.745
21:28:47.036 VLLM::W        1046586 nvme1n1 RS   1565467904 131072    1.787
21:28:47.036 VLLM::W        1046586 nvme1n1 RS   1565468160 131072    1.798
21:28:47.037 VLLM::W        1046586 nvme1n1 RS   1565468416 131072    1.814
21:28:47.037 VLLM::W        1046586 nvme1n1 RS   1565468672 131072    1.823
21:28:47.037 VLLM::W        1046586 nvme1n1 RS   1565468928 131072    1.846
21:28:47.037 VLLM::W        1046586 nvme1n1 RS   1565469184 131072    1.873
21:28:47.037 VLLM::W        1046586 nvme1n1 RS   1565469440 131072    1.911
21:28:47.037 VLLM::W        1046586 nvme1n1 RS   1565469696 131072    1.969
21:28:47.037 VLLM::W        1046586 nvme1n1 RS   1565469952 131072    1.992
21:28:47.037 VLLM::W        1046586 nvme1n1 RS   1565470208 131072    2.002
21:28:47.037 VLLM::W        1046586 nvme1n1 RS   1565470464 131072    2.034
21:28:47.037 VLLM::W        1046586 nvme1n1 RS   1565487104 131072    2.062
21:28:47.037 VLLM::W        1046586 nvme1n1 RS   1565487360 131072    2.116
21:28:47.037 VLLM::W        1046589 nvme1n1 RS   1581850624 131072    1.662
21:28:47.037 VLLM::W        1046589 nvme1n1 RS   1581850880 131072    1.727
21:28:47.037 VLLM::W        1046589 nvme1n1 RS   1581851392 131072    1.734
21:28:47.037 VLLM::W        1046589 nvme1n1 RS   1581851136 131072    1.778
21:28:47.037 VLLM::W        1046589 nvme1n1 RS   1581851648 131072    1.782
21:28:47.037 VLLM::W        1046589 nvme1n1 RS   1581851904 131072    1.804
21:28:47.037 VLLM::W        1046589 nvme1n1 RS   1581852160 131072    1.797
21:28:47.037 VLLM::W        1046589 nvme1n1 RS   1581852416 131072    1.789
21:28:47.037 VLLM::W        1046589 nvme1n1 RS   1581852672 131072    1.826
21:28:47.037 VLLM::W        1046589 nvme1n1 RS   1581852928 131072    1.851
21:28:47.037 VLLM::W        1046589 nvme1n1 RS   1581853184 131072    1.881
21:28:47.037 VLLM::W        1046589 nvme1n1 RS   1581853440 131072    1.910
21:28:47.037 VLLM::W        1046589 nvme1n1 RS   1581853696 131072    1.954
21:28:47.037 VLLM::W        1046589 nvme1n1 RS   1581853952 131072    1.983
21:28:47.037 VLLM::W        1046589 nvme1n1 RS   1581854208 131072    2.008
21:28:47.037 VLLM::W        1046589 nvme1n1 RS   1581854464 131072    2.032
21:28:47.037 VLLM::W        1046589 nvme1n1 RS   1581854720 131072    2.073
21:28:47.038 VLLM::W        1046589 nvme1n1 RS   1581854976 131072    2.095
21:28:47.038 VLLM::W        1046588 nvme1n1 RS   731181056  131072    2.004
21:28:47.038 VLLM::W        1046588 nvme1n1 RS   731181312  131072    2.005
21:28:47.038 VLLM::W        1046588 nvme1n1 RS   731181568  131072    2.002
21:28:47.038 VLLM::W        1046588 nvme1n1 RS   731181824  131072    1.999
21:28:47.038 VLLM::W        1046588 nvme1n1 RS   731182080  131072    2.032
21:28:47.038 VLLM::W        1046588 nvme1n1 RS   731182336  131072    2.046
21:28:47.038 VLLM::W        1046588 nvme1n1 RS   731182592  131072    2.064
21:28:47.038 VLLM::W        1046588 nvme1n1 RS   731182848  131072    2.066
21:28:47.038 VLLM::W        1046588 nvme1n1 RS   731183104  131072    2.078
21:28:47.038 VLLM::W        1046588 nvme1n1 RS   731183616  131072    2.169
21:28:47.038 VLLM::W        1046588 nvme1n1 RS   731183872  131072    2.193
21:28:47.038 VLLM::W        1046588 nvme1n1 RS   731183360  131072    2.219
21:28:47.038 VLLM::W        1046588 nvme1n1 RS   731184128  131072    2.223
21:28:47.038 VLLM::W        1046588 nvme1n1 RS   731184640  131072    2.281
21:28:47.038 VLLM::W        1046588 nvme1n1 RS   731184384  131072    2.305
21:28:47.038 VLLM::W        1046588 nvme1n1 RS   731184896  131072    2.299
21:28:47.038 VLLM::W        1046588 nvme1n1 RS   1565470720 131072    2.327
21:28:47.038 VLLM::W        1046588 nvme1n1 RS   1565470976 131072    2.365
21:28:47.038 VLLM::W        1046587 nvme1n1 RS   1565503488 131072    1.942
21:28:47.038 VLLM::W        1046587 nvme1n1 RS   1565503744 131072    1.950
21:28:47.038 VLLM::W        1046587 nvme1n1 RS   1565504000 131072    2.007
21:28:47.038 VLLM::W        1046587 nvme1n1 RS   1565504256 131072    2.023
21:28:47.038 VLLM::W        1046587 nvme1n1 RS   1565504512 131072    2.030
21:28:47.038 VLLM::W        1046587 nvme1n1 RS   1565504768 131072    2.082
21:28:47.038 VLLM::W        1046587 nvme1n1 RS   1565505024 131072    2.094
21:28:47.038 VLLM::W        1046587 nvme1n1 RS   1565505280 131072    2.089
21:28:47.039 VLLM::W        1046587 nvme1n1 RS   1565505536 131072    2.123
21:28:47.039 VLLM::W        1046587 nvme1n1 RS   1565505792 131072    2.154
21:28:47.039 VLLM::W        1046587 nvme1n1 RS   1565506048 131072    2.181
21:28:47.039 VLLM::W        1046587 nvme1n1 RS   1565506304 131072    2.208
21:28:47.039 VLLM::W        1046587 nvme1n1 RS   1565506560 131072    2.242
21:28:47.039 VLLM::W        1046587 nvme1n1 RS   1565506816 131072    2.268
21:28:47.039 VLLM::W        1046587 nvme1n1 RS   1565507072 131072    2.309
21:28:47.039 VLLM::W        1046587 nvme1n1 RS   1565507584 131072    2.372
21:28:47.039 VLLM::W        1046587 nvme1n1 RS   1565507328 131072    2.384
21:28:47.039 VLLM::W        1046587 nvme1n1 RS   1565507840 131072    2.471
21:28:47.039 VLLM::W        1046586 nvme1n1 RS   1565479168 131072    1.956
21:28:47.039 VLLM::W        1046586 nvme1n1 RS   1565479424 131072    1.958
21:28:47.039 VLLM::W        1046586 nvme1n1 RS   1565478912 131072    1.966
21:28:47.039 VLLM::W        1046586 nvme1n1 RS   1565479680 131072    2.020
21:28:47.039 VLLM::W        1046586 nvme1n1 RS   1565479936 131072    2.042
21:28:47.039 VLLM::W        1046586 nvme1n1 RS   1565480192 131072    2.057
21:28:47.039 VLLM::W        1046586 nvme1n1 RS   1565480448 131072    2.131
21:28:47.039 VLLM::W        1046586 nvme1n1 RS   1565480960 131072    2.109
21:28:47.039 VLLM::W        1046586 nvme1n1 RS   1565480704 131072    2.122
21:28:47.039 VLLM::W        1046586 nvme1n1 RS   1565481216 131072    2.130
21:28:47.039 VLLM::W        1046586 nvme1n1 RS   1565481728 131072    2.185
21:28:47.039 VLLM::W        1046586 nvme1n1 RS   1565481472 131072    2.215
21:28:47.039 VLLM::W        1046586 nvme1n1 RS   1565481984 131072    2.232
21:28:47.039 VLLM::W        1046586 nvme1n1 RS   1565482240 131072    2.242
21:28:47.039 VLLM::W        1046586 nvme1n1 RS   1565482496 131072    2.320
21:28:47.039 VLLM::W        1046586 nvme1n1 RS   1565482752 131072    2.318
21:28:47.040 VLLM::W        1046586 nvme1n1 RS   1565491200 131072    2.380
21:28:47.040 VLLM::W        1046586 nvme1n1 RS   1565491456 131072    2.391
21:28:47.040 VLLM::W        1046589 nvme1n1 RS   1685999872 131072    1.894
21:28:47.040 VLLM::W        1046589 nvme1n1 RS   1686000384 131072    1.970
21:28:47.040 VLLM::W        1046589 nvme1n1 RS   1686000640 131072    2.008
21:28:47.040 VLLM::W        1046589 nvme1n1 RS   1685999616 131072    2.044
21:28:47.040 VLLM::W        1046589 nvme1n1 RS   1686000896 131072    2.058
21:28:47.040 VLLM::W        1046589 nvme1n1 RS   1686001152 131072    2.078
21:28:47.040 VLLM::W        1046589 nvme1n1 RS   1686000128 131072    2.105
21:28:47.040 VLLM::W        1046589 nvme1n1 RS   1686001664 131072    2.108
21:28:47.040 VLLM::W        1046589 nvme1n1 RS   1686001920 131072    2.127
21:28:47.040 VLLM::W        1046589 nvme1n1 RS   1686001408 131072    2.148
21:28:47.040 VLLM::W        1046589 nvme1n1 RS   1686002176 131072    2.170
21:28:47.040 VLLM::W        1046589 nvme1n1 RS   1686002688 131072    2.212
21:28:47.040 VLLM::W        1046589 nvme1n1 RS   1686002432 131072    2.224
21:28:47.040 VLLM::W        1046589 nvme1n1 RS   1686002944 131072    2.249
21:28:47.040 VLLM::W        1046589 nvme1n1 RS   1686003200 131072    2.275
21:28:47.040 VLLM::W        1046589 nvme1n1 RS   1686003456 131072    2.298
21:28:47.040 VLLM::W        1046589 nvme1n1 RS   1686003712 131072    2.333
21:28:47.040 VLLM::W        1046589 nvme1n1 RS   1686003968 131072    2.362
21:28:47.040 VLLM::W        1046588 nvme1n1 RS   1565515776 131072    1.884
21:28:47.040 VLLM::W        1046588 nvme1n1 RS   1565516032 131072    1.903
21:28:47.040 VLLM::W        1046588 nvme1n1 RS   1565516288 131072    1.913
21:28:47.040 VLLM::W        1046588 nvme1n1 RS   1565516544 131072    1.996
21:28:47.040 VLLM::W        1046588 nvme1n1 RS   1565516800 131072    2.024
21:28:47.040 VLLM::W        1046588 nvme1n1 RS   1565517056 131072    2.044
21:28:47.040 VLLM::W        1046588 nvme1n1 RS   1565517312 131072    2.053
21:28:47.041 VLLM::W        1046588 nvme1n1 RS   1565517568 131072    2.098
21:28:47.041 VLLM::W        1046588 nvme1n1 RS   1565517824 131072    2.109
21:28:47.041 VLLM::W        1046588 nvme1n1 RS   1565518080 131072    2.126
21:28:47.041 VLLM::W        1046588 nvme1n1 RS   1565518336 131072    2.136
21:28:47.041 VLLM::W        1046588 nvme1n1 RS   1565518592 131072    2.231
21:28:47.041 VLLM::W        1046588 nvme1n1 RS   1565518848 131072    2.249
21:28:47.041 VLLM::W        1046588 nvme1n1 RS   1565519104 131072    2.260
21:28:47.041 VLLM::W        1046588 nvme1n1 RS   1565519360 131072    2.270
21:28:47.041 VLLM::W        1046588 nvme1n1 RS   1565519616 131072    2.302
21:28:47.041 VLLM::W        1046588 nvme1n1 RS   1565523968 131072    2.364
21:28:47.041 VLLM::W        1046588 nvme1n1 RS   1565524224 131072    2.369
21:28:47.041 VLLM::W        1046587 nvme1n1 RS   576823296  131072    1.862
21:28:47.041 VLLM::W        1046587 nvme1n1 RS   576823552  131072    1.870
21:28:47.041 VLLM::W        1046587 nvme1n1 RS   576823808  131072    1.917
21:28:47.041 VLLM::W        1046587 nvme1n1 RS   576824064  131072    1.927
21:28:47.041 VLLM::W        1046587 nvme1n1 RS   576824320  131072    1.965
21:28:47.041 VLLM::W        1046587 nvme1n1 RS   576824832  131072    2.022
21:28:47.041 VLLM::W        1046587 nvme1n1 RS   576824576  131072    2.050
21:28:47.041 VLLM::W        1046587 nvme1n1 RS   576825088  131072    2.015
21:28:47.041 VLLM::W        1046587 nvme1n1 RS   576825344  131072    2.044
21:28:47.041 VLLM::W        1046587 nvme1n1 RS   576825600  131072    2.074
21:28:47.041 VLLM::W        1046587 nvme1n1 RS   576825856  131072    2.106
21:28:47.041 VLLM::W        1046587 nvme1n1 RS   576826112  131072    2.132
21:28:47.041 VLLM::W        1046587 nvme1n1 RS   576826368  131072    2.212
21:28:47.041 VLLM::W        1046587 nvme1n1 RS   576826624  131072    2.229
21:28:47.041 VLLM::W        1046587 nvme1n1 RS   576826880  131072    2.235
21:28:47.041 VLLM::W        1046587 nvme1n1 RS   576827136  131072    2.265
21:28:47.041 VLLM::W        1046587 nvme1n1 RS   576831488  131072    2.294
21:28:47.042 VLLM::W        1046587 nvme1n1 RS   576831744  131072    2.332
21:28:47.042 VLLM::W        1046586 nvme1n1 RS   576827392  131072    1.892
21:28:47.042 VLLM::W        1046586 nvme1n1 RS   576827648  131072    1.893
21:28:47.042 VLLM::W        1046586 nvme1n1 RS   576827904  131072    1.929
21:28:47.042 VLLM::W        1046586 nvme1n1 RS   576828160  131072    1.960
21:28:47.042 VLLM::W        1046586 nvme1n1 RS   576828416  131072    1.981
21:28:47.042 VLLM::W        1046586 nvme1n1 RS   576828672  131072    1.996
21:28:47.042 VLLM::W        1046586 nvme1n1 RS   576828928  131072    2.060
21:28:47.042 VLLM::W        1046586 nvme1n1 RS   576829184  131072    2.036
21:28:47.042 VLLM::W        1046586 nvme1n1 RS   576829440  131072    2.048
21:28:47.042 VLLM::W        1046586 nvme1n1 RS   576829696  131072    2.082
21:28:47.042 VLLM::W        1046586 nvme1n1 RS   576829952  131072    2.119
21:28:47.042 VLLM::W        1046586 nvme1n1 RS   576830208  131072    2.150
21:28:47.042 VLLM::W        1046586 nvme1n1 RS   576830464  131072    2.176
21:28:47.042 VLLM::W        1046586 nvme1n1 RS   576830720  131072    2.230
21:28:47.042 VLLM::W        1046586 nvme1n1 RS   576830976  131072    2.241
21:28:47.042 VLLM::W        1046586 nvme1n1 RS   576831232  131072    2.300
21:28:47.042 VLLM::W        1046586 nvme1n1 RS   576835584  131072    2.332
21:28:47.042 VLLM::W        1046586 nvme1n1 RS   576835840  131072    2.381
21:28:47.042 VLLM::W        1046589 nvme1n1 RS   54353920   131072    1.923
21:28:47.042 VLLM::W        1046589 nvme1n1 RS   54354176   131072    1.923
21:28:47.042 VLLM::W        1046589 nvme1n1 RS   54354688   131072    1.970
21:28:47.042 VLLM::W        1046589 nvme1n1 RS   54354432   131072    1.998
21:28:47.042 VLLM::W        1046589 nvme1n1 RS   54354944   131072    2.021
21:28:47.042 VLLM::W        1046589 nvme1n1 RS   54355200   131072    2.026
21:28:47.043 VLLM::W        1046589 nvme1n1 RS   54355968   131072    2.102
21:28:47.043 VLLM::W        1046589 nvme1n1 RS   54355456   131072    2.188
21:28:47.043 VLLM::W        1046589 nvme1n1 RS   54356224   131072    2.140
21:28:47.043 VLLM::W        1046589 nvme1n1 RS   54355712   131072    2.153
21:28:47.043 VLLM::W        1046589 nvme1n1 RS   54356480   131072    2.197
21:28:47.043 VLLM::W        1046589 nvme1n1 RS   54356736   131072    2.203
21:28:47.043 VLLM::W        1046589 nvme1n1 RS   54356992   131072    2.249
21:28:47.043 VLLM::W        1046589 nvme1n1 RS   54357248   131072    2.265
21:28:47.043 VLLM::W        1046589 nvme1n1 RS   54357504   131072    2.275
21:28:47.043 VLLM::W        1046589 nvme1n1 RS   54358016   131072    2.344
21:28:47.043 VLLM::W        1046589 nvme1n1 RS   54357760   131072    2.369
21:28:47.043 VLLM::W        1046589 nvme1n1 RS   54358272   131072    2.377
21:28:47.043 VLLM::W        1046588 nvme1n1 RS   574411008  131072    1.999
21:28:47.043 VLLM::W        1046588 nvme1n1 RS   574410752  131072    2.007
21:28:47.043 VLLM::W        1046588 nvme1n1 RS   574411264  131072    2.001
21:28:47.043 VLLM::W        1046588 nvme1n1 RS   574411520  131072    1.999
21:28:47.043 VLLM::W        1046588 nvme1n1 RS   574411776  131072    2.028
21:28:47.043 VLLM::W        1046588 nvme1n1 RS   574412032  131072    2.063
21:28:47.043 VLLM::W        1046588 nvme1n1 RS   574412288  131072    2.075
21:28:47.043 VLLM::W        1046588 nvme1n1 RS   574412800  131072    2.116
21:28:47.043 VLLM::W        1046588 nvme1n1 RS   574412544  131072    2.137
21:28:47.043 VLLM::W        1046588 nvme1n1 RS   574413056  131072    2.150
21:28:47.043 VLLM::W        1046588 nvme1n1 RS   574413312  131072    2.161
21:28:47.043 VLLM::W        1046588 nvme1n1 RS   574413568  131072    2.218
21:28:47.043 VLLM::W        1046588 nvme1n1 RS   574414080  131072    2.266
21:28:47.043 VLLM::W        1046588 nvme1n1 RS   574413824  131072    2.296
21:28:47.043 VLLM::W        1046588 nvme1n1 RS   574414336  131072    2.303
21:28:47.043 VLLM::W        1046588 nvme1n1 RS   574414848  131072    2.354
21:28:47.044 VLLM::W        1046588 nvme1n1 RS   574415104  131072    2.391
21:28:47.044 VLLM::W        1046588 nvme1n1 RS   574414592  131072    2.406
21:28:47.044 VLLM::W        1046587 nvme1n1 RS   845250560  131072    1.969
21:28:47.044 VLLM::W        1046587 nvme1n1 RS   845250816  131072    1.984
21:28:47.044 VLLM::W        1046587 nvme1n1 RS   845251072  131072    1.995
21:28:47.044 VLLM::W        1046587 nvme1n1 RS   845251328  131072    2.019
21:28:47.044 VLLM::W        1046587 nvme1n1 RS   845252096  131072    2.107
21:28:47.044 VLLM::W        1046587 nvme1n1 RS   845251584  131072    2.157
21:28:47.044 VLLM::W        1046587 nvme1n1 RS   845251840  131072    2.171
21:28:47.044 VLLM::W        1046587 nvme1n1 RS   845252864  131072    2.165
21:28:47.044 VLLM::W        1046587 nvme1n1 RS   845252352  131072    2.190
21:28:47.044 VLLM::W        1046587 nvme1n1 RS   845252608  131072    2.207
21:28:47.044 VLLM::W        1046587 nvme1n1 RS   845253120  131072    2.215
21:28:47.044 VLLM::W        1046587 nvme1n1 RS   845253888  131072    2.300
21:28:47.044 VLLM::W        1046587 nvme1n1 RS   845253376  131072    2.321
21:28:47.044 VLLM::W        1046587 nvme1n1 RS   845254144  131072    2.326
21:28:47.044 VLLM::W        1046587 nvme1n1 RS   845253632  131072    2.371
21:28:47.044 VLLM::W        1046587 nvme1n1 RS   845254912  131072    2.425
21:28:47.044 VLLM::W        1046587 nvme1n1 RS   845254400  131072    2.446
21:28:47.044 VLLM::W        1046587 nvme1n1 RS   845254656  131072    2.455
21:28:47.044 VLLM::W        1046586 nvme1n1 RS   1701593600 131072    1.864
21:28:47.044 VLLM::W        1046586 nvme1n1 RS   1701593088 131072    1.940
21:28:47.044 VLLM::W        1046586 nvme1n1 RS   1701594112 131072    1.934
21:28:47.044 VLLM::W        1046586 nvme1n1 RS   1701593344 131072    1.997
21:28:47.044 VLLM::W        1046586 nvme1n1 RS   1701594624 131072    2.034
21:28:47.044 VLLM::W        1046586 nvme1n1 RS   1701593856 131072    2.073
21:28:47.045 VLLM::W        1046586 nvme1n1 RS   1701594880 131072    2.039
21:28:47.045 VLLM::W        1046586 nvme1n1 RS   1701594368 131072    2.112
21:28:47.045 VLLM::W        1046586 nvme1n1 RS   1701595392 131072    2.067
21:28:47.045 VLLM::W        1046586 nvme1n1 RS   1701595136 131072    2.106
21:28:47.045 VLLM::W        1046586 nvme1n1 RS   1701595904 131072    2.142
21:28:47.045 VLLM::W        1046586 nvme1n1 RS   1701595648 131072    2.159
21:28:47.045 VLLM::W        1046586 nvme1n1 RS   1701596416 131072    2.239
21:28:47.045 VLLM::W        1046586 nvme1n1 RS   1701596160 131072    2.256
21:28:47.045 VLLM::W        1046586 nvme1n1 RS   1701596928 131072    2.266
21:28:47.045 VLLM::W        1046586 nvme1n1 RS   1701596672 131072    2.324
21:28:47.045 VLLM::W        1046586 nvme1n1 RS   1701597440 131072    2.326
21:28:47.045 VLLM::W        1046586 nvme1n1 RS   1701597184 131072    2.342
21:28:47.045 VLLM::W        1046589 nvme1n1 RS   845611008  131072    1.904
21:28:47.045 VLLM::W        1046589 nvme1n1 RS   845611776  131072    1.925
21:28:47.045 VLLM::W        1046589 nvme1n1 RS   845611520  131072    1.948
21:28:47.045 VLLM::W        1046589 nvme1n1 RS   845611264  131072    1.972
21:28:47.045 VLLM::W        1046589 nvme1n1 RS   845612032  131072    1.979
21:28:47.045 VLLM::W        1046589 nvme1n1 RS   845612544  131072    2.017
21:28:47.045 VLLM::W        1046589 nvme1n1 RS   845612288  131072    2.033
21:28:47.045 VLLM::W        1046589 nvme1n1 RS   845612800  131072    2.051
21:28:47.045 VLLM::W        1046589 nvme1n1 RS   845613056  131072    2.066
21:28:47.045 VLLM::W        1046589 nvme1n1 RS   845613312  131072    2.075
21:28:47.045 VLLM::W        1046589 nvme1n1 RS   845613568  131072    2.110
21:28:47.045 VLLM::W        1046589 nvme1n1 RS   845613824  131072    2.138
21:28:47.045 VLLM::W        1046589 nvme1n1 RS   845614080  131072    2.185
21:28:47.045 VLLM::W        1046589 nvme1n1 RS   845614336  131072    2.211
21:28:47.045 VLLM::W        1046589 nvme1n1 RS   845614592  131072    2.238
21:28:47.045 VLLM::W        1046589 nvme1n1 RS   845614848  131072    2.254
21:28:47.045 VLLM::W        1046589 nvme1n1 RS   845615104  131072    2.286
21:28:47.045 VLLM::W        1046589 nvme1n1 RS   845615360  131072    2.323
21:28:47.046 VLLM::W        1046588 nvme1n1 RS   315539456  131072    1.895
21:28:47.046 VLLM::W        1046588 nvme1n1 RS   315539968  131072    1.893
21:28:47.046 VLLM::W        1046588 nvme1n1 RS   315539712  131072    1.916
21:28:47.046 VLLM::W        1046588 nvme1n1 RS   315540480  131072    1.942
21:28:47.046 VLLM::W        1046588 nvme1n1 RS   315540224  131072    1.985
21:28:47.046 VLLM::W        1046588 nvme1n1 RS   315540736  131072    2.040
21:28:47.046 VLLM::W        1046588 nvme1n1 RS   315540992  131072    2.091
21:28:47.046 VLLM::W        1046588 nvme1n1 RS   315541248  131072    2.046
21:28:47.046 VLLM::W        1046588 nvme1n1 RS   315541504  131072    2.090
21:28:47.046 VLLM::W        1046588 nvme1n1 RS   315541760  131072    2.094
21:28:47.046 VLLM::W        1046588 nvme1n1 RS   315542016  131072    2.136
21:28:47.046 VLLM::W        1046588 nvme1n1 RS   315542272  131072    2.181
21:28:47.046 VLLM::W        1046588 nvme1n1 RS   315542528  131072    2.205
21:28:47.046 VLLM::W        1046588 nvme1n1 RS   315543040  131072    2.302
21:28:47.046 VLLM::W        1046588 nvme1n1 RS   315542784  131072    2.319
21:28:47.046 VLLM::W        1046588 nvme1n1 RS   315543808  131072    2.333
21:28:47.046 VLLM::W        1046588 nvme1n1 RS   315543296  131072    2.352
21:28:47.046 VLLM::W        1046587 nvme1n1 RS   1175347200 131072    1.942
21:28:47.046 VLLM::W        1046588 nvme1n1 RS   315543552  131072    2.507
21:28:47.046 VLLM::W        1046587 nvme1n1 RS   1175347968 131072    1.996
21:28:47.046 VLLM::W        1046587 nvme1n1 RS   1175348224 131072    2.031
21:28:47.046 VLLM::W        1046587 nvme1n1 RS   1175347456 131072    2.130
21:28:47.047 VLLM::W        1046587 nvme1n1 RS   1175347712 131072    2.146
21:28:47.047 VLLM::W        1046587 nvme1n1 RS   1175349248 131072    2.096
21:28:47.047 VLLM::W        1046587 nvme1n1 RS   1175349504 131072    2.112
21:28:47.047 VLLM::W        1046587 nvme1n1 RS   1175348480 131072    2.217
21:28:47.047 VLLM::W        1046587 nvme1n1 RS   1175349760 131072    2.161
21:28:47.047 VLLM::W        1046587 nvme1n1 RS   1175348736 131072    2.235
21:28:47.047 VLLM::W        1046587 nvme1n1 RS   1175350016 131072    2.226
21:28:47.047 VLLM::W        1046587 nvme1n1 RS   1175348992 131072    2.253
21:28:47.047 VLLM::W        1046587 nvme1n1 RS   1175350784 131072    2.348
21:28:47.047 VLLM::W        1046587 nvme1n1 RS   1175351040 131072    2.354
21:28:47.047 VLLM::W        1046587 nvme1n1 RS   1175350272 131072    2.390
21:28:47.047 VLLM::W        1046587 nvme1n1 RS   1175350528 131072    2.400
21:28:47.047 VLLM::W        1046587 nvme1n1 RS   1175351296 131072    2.476
21:28:47.047 VLLM::W        1046587 nvme1n1 RS   1175351552 131072    2.498
21:28:47.047 VLLM::W        1046586 nvme1n1 RS   845668608  131072    2.024
21:28:47.047 VLLM::W        1046586 nvme1n1 RS   845668864  131072    2.025
21:28:47.047 VLLM::W        1046586 nvme1n1 RS   845668352  131072    2.034
21:28:47.047 VLLM::W        1046586 nvme1n1 RS   845669120  131072    2.080
21:28:47.047 VLLM::W        1046586 nvme1n1 RS   845669888  131072    2.084
21:28:47.047 VLLM::W        1046586 nvme1n1 RS   845669376  131072    2.104
21:28:47.047 VLLM::W        1046586 nvme1n1 RS   845670400  131072    2.128
21:28:47.047 VLLM::W        1046586 nvme1n1 RS   845669632  131072    2.243
21:28:47.047 VLLM::W        1046586 nvme1n1 RS   845670656  131072    2.198
21:28:47.047 VLLM::W        1046586 nvme1n1 RS   845670144  131072    2.256
21:28:47.047 VLLM::W        1046586 nvme1n1 RS   845671424  131072    2.277
21:28:47.047 VLLM::W        1046586 nvme1n1 RS   845671680  131072    2.294
21:28:47.047 VLLM::W        1046586 nvme1n1 RS   845670912  131072    2.324
21:28:47.047 VLLM::W        1046586 nvme1n1 RS   845671168  131072    2.334
21:28:47.048 VLLM::W        1046586 nvme1n1 RS   845671936  131072    2.394
21:28:47.048 VLLM::W        1046586 nvme1n1 RS   845672704  131072    2.382
21:28:47.048 VLLM::W        1046589 nvme1n1 RS   845262848  131072    1.934
21:28:47.048 VLLM::W        1046589 nvme1n1 RS   845263104  131072    1.951
21:28:47.048 VLLM::W        1046586 nvme1n1 RS   845672192  131072    2.530
21:28:47.048 VLLM::W        1046586 nvme1n1 RS   845672448  131072    2.544
21:28:47.048 VLLM::W        1046589 nvme1n1 RS   845263872  131072    1.991
21:28:47.048 VLLM::W        1046589 nvme1n1 RS   845264128  131072    2.033
21:28:47.048 VLLM::W        1046589 nvme1n1 RS   845263360  131072    2.094
21:28:47.048 VLLM::W        1046589 nvme1n1 RS   845264896  131072    2.098
21:28:47.048 VLLM::W        1046589 nvme1n1 RS   845265152  131072    2.155
21:28:47.048 VLLM::W        1046589 nvme1n1 RS   845263616  131072    2.226
21:28:47.048 VLLM::W        1046589 nvme1n1 RS   845264384  131072    2.289
21:28:47.048 VLLM::W        1046589 nvme1n1 RS   845264640  131072    2.261
21:28:47.048 VLLM::W        1046589 nvme1n1 RS   845265920  131072    2.263
21:28:47.048 VLLM::W        1046589 nvme1n1 RS   845266176  131072    2.268
21:28:47.048 VLLM::W        1046589 nvme1n1 RS   845265408  131072    2.367
21:28:47.048 VLLM::W        1046589 nvme1n1 RS   845265664  131072    2.384
21:28:47.048 VLLM::W        1046589 nvme1n1 RS   845271040  131072    2.370
21:28:47.048 VLLM::W        1046589 nvme1n1 RS   845271296  131072    2.382
21:28:47.048 VLLM::W        1046589 nvme1n1 RS   845266432  131072    2.441
21:28:47.048 VLLM::W        1046589 nvme1n1 RS   845266688  131072    2.451
21:28:47.048 VLLM::W        1046588 nvme1n1 RS   845258752  131072    1.724
21:28:47.048 VLLM::W        1046588 nvme1n1 RS   845259008  131072    1.727
21:28:47.048 VLLM::W        1046588 nvme1n1 RS   845259264  131072    1.752
21:28:47.048 VLLM::W        1046588 nvme1n1 RS   845259520  131072    1.792
21:28:47.048 VLLM::W        1046588 nvme1n1 RS   845259776  131072    1.825
21:28:47.048 VLLM::W        1046588 nvme1n1 RS   845260032  131072    1.864
21:28:47.048 VLLM::W        1046588 nvme1n1 RS   845260288  131072    1.882
21:28:47.049 VLLM::W        1046588 nvme1n1 RS   845260544  131072    1.894
21:28:47.049 VLLM::W        1046588 nvme1n1 RS   845260800  131072    1.937
21:28:47.049 VLLM::W        1046588 nvme1n1 RS   845261056  131072    1.967
21:28:47.049 VLLM::W        1046588 nvme1n1 RS   845261312  131072    1.974
21:28:47.049 VLLM::W        1046588 nvme1n1 RS   845261568  131072    2.001
21:28:47.049 VLLM::W        1046588 nvme1n1 RS   845261824  131072    2.026
21:28:47.049 VLLM::W        1046588 nvme1n1 RS   845262080  131072    2.107
21:28:47.049 VLLM::W        1046588 nvme1n1 RS   845262336  131072    2.118
21:28:47.049 VLLM::W        1046588 nvme1n1 RS   845262592  131072    2.154
21:28:47.049 VLLM::W        1046588 nvme1n1 RS   845266944  131072    2.166
21:28:47.049 VLLM::W        1046588 nvme1n1 RS   845267200  131072    2.191
21:28:47.049 VLLM::W        1046587 nvme1n1 RS   315547648  131072    1.738
21:28:47.049 VLLM::W        1046587 nvme1n1 RS   315547904  131072    1.770
21:28:47.049 VLLM::W        1046587 nvme1n1 RS   315548160  131072    1.811
21:28:47.049 VLLM::W        1046587 nvme1n1 RS   315548416  131072    1.821
21:28:47.049 VLLM::W        1046587 nvme1n1 RS   315548672  131072    1.881
21:28:47.049 VLLM::W        1046587 nvme1n1 RS   315548928  131072    1.888
21:28:47.049 VLLM::W        1046587 nvme1n1 RS   315549184  131072    1.955
21:28:47.049 VLLM::W        1046587 nvme1n1 RS   315549440  131072    1.940
21:28:47.049 VLLM::W        1046587 nvme1n1 RS   315549696  131072    2.006
21:28:47.049 VLLM::W        1046587 nvme1n1 RS   315549952  131072    2.038
21:28:47.049 VLLM::W        1046587 nvme1n1 RS   315550208  131072    2.059
21:28:47.049 VLLM::W        1046587 nvme1n1 RS   315550464  131072    2.070
21:28:47.049 VLLM::W        1046587 nvme1n1 RS   315550976  131072    2.111
21:28:47.049 VLLM::W        1046587 nvme1n1 RS   315550720  131072    2.171
21:28:47.049 VLLM::W        1046587 nvme1n1 RS   315551232  131072    2.170
21:28:47.050 VLLM::W        1046587 nvme1n1 RS   315551488  131072    2.230
21:28:47.050 VLLM::W        1046587 nvme1n1 RS   315551744  131072    2.247
21:28:47.050 VLLM::W        1046587 nvme1n1 RS   315552000  131072    2.254
21:28:47.050 VLLM::W        1046586 nvme1n1 RS   580157440  131072    1.812
21:28:47.050 VLLM::W        1046586 nvme1n1 RS   580157696  131072    1.812
21:28:47.050 VLLM::W        1046586 nvme1n1 RS   580157952  131072    1.809
21:28:47.050 VLLM::W        1046586 nvme1n1 RS   580158208  131072    1.806
21:28:47.050 VLLM::W        1046586 nvme1n1 RS   580158464  131072    1.837
21:28:47.050 VLLM::W        1046586 nvme1n1 RS   580158720  131072    1.883
21:28:47.050 VLLM::W        1046586 nvme1n1 RS   580158976  131072    1.887
21:28:47.050 VLLM::W        1046586 nvme1n1 RS   580159488  131072    1.912
21:28:47.050 VLLM::W        1046586 nvme1n1 RS   580159232  131072    1.951
21:28:47.050 VLLM::W        1046586 nvme1n1 RS   580159744  131072    1.966
21:28:47.050 VLLM::W        1046586 nvme1n1 RS   580160000  131072    1.977
21:28:47.050 VLLM::W        1046586 nvme1n1 RS   580160256  131072    1.990
21:28:47.050 VLLM::W        1046586 nvme1n1 RS   580160512  131072    2.028
21:28:47.050 VLLM::W        1046586 nvme1n1 RS   580160768  131072    2.065
21:28:47.050 VLLM::W        1046586 nvme1n1 RS   580161024  131072    2.089
21:28:47.050 VLLM::W        1046586 nvme1n1 RS   580161280  131072    2.108
21:28:47.050 VLLM::W        1046586 nvme1n1 RS   580165632  131072    2.153
21:28:47.050 VLLM::W        1046586 nvme1n1 RS   580165888  131072    2.179
21:28:47.050 VLLM::W        1046589 nvme1n1 RS   580153600  131072    1.887
21:28:47.050 VLLM::W        1046589 nvme1n1 RS   580153344  131072    1.913
21:28:47.050 VLLM::W        1046589 nvme1n1 RS   580153856  131072    1.906
21:28:47.050 VLLM::W        1046589 nvme1n1 RS   580154112  131072    1.908
21:28:47.050 VLLM::W        1046589 nvme1n1 RS   580154368  131072    1.930
21:28:47.050 VLLM::W        1046589 nvme1n1 RS   580154624  131072    1.939
21:28:47.050 VLLM::W        1046589 nvme1n1 RS   580154880  131072    1.968
21:28:47.050 VLLM::W        1046589 nvme1n1 RS   580155136  131072    1.971
21:28:47.051 VLLM::W        1046589 nvme1n1 RS   580155392  131072    1.999
21:28:47.051 VLLM::W        1046589 nvme1n1 RS   580155648  131072    2.029
21:28:47.051 VLLM::W        1046589 nvme1n1 RS   580155904  131072    2.057
21:28:47.051 VLLM::W        1046589 nvme1n1 RS   580156160  131072    2.089
21:28:47.051 VLLM::W        1046589 nvme1n1 RS   580156416  131072    2.126
21:28:47.051 VLLM::W        1046589 nvme1n1 RS   580156672  131072    2.172
21:28:47.051 VLLM::W        1046589 nvme1n1 RS   580156928  131072    2.200
21:28:47.051 VLLM::W        1046589 nvme1n1 RS   580157184  131072    2.216
21:28:47.051 VLLM::W        1046589 nvme1n1 RS   580161536  131072    2.277
21:28:47.051 VLLM::W        1046589 nvme1n1 RS   580161792  131072    2.282
21:28:47.051 VLLM::W        1046588 nvme1n1 RS   1701601536 131072    1.964
21:28:47.051 VLLM::W        1046588 nvme1n1 RS   1701601280 131072    1.975
21:28:47.051 VLLM::W        1046588 nvme1n1 RS   1701601792 131072    1.968
21:28:47.051 VLLM::W        1046588 nvme1n1 RS   1701602048 131072    1.984
21:28:47.051 VLLM::W        1046588 nvme1n1 RS   1701602304 131072    2.028
21:28:47.051 VLLM::W        1046588 nvme1n1 RS   1701602560 131072    2.038
21:28:47.051 VLLM::W        1046588 nvme1n1 RS   1701602816 131072    2.076
21:28:47.051 VLLM::W        1046588 nvme1n1 RS   1701603072 131072    2.096
21:28:47.051 VLLM::W        1046588 nvme1n1 RS   1701603328 131072    2.107
21:28:47.051 VLLM::W        1046588 nvme1n1 RS   1701603584 131072    2.142
21:28:47.051 VLLM::W        1046588 nvme1n1 RS   1701603840 131072    2.218
21:28:47.051 VLLM::W        1046588 nvme1n1 RS   1701604096 131072    2.234
21:28:47.051 VLLM::W        1046588 nvme1n1 RS   1701604352 131072    2.255
21:28:47.051 VLLM::W        1046588 nvme1n1 RS   1701604608 131072    2.265
21:28:47.051 VLLM::W        1046588 nvme1n1 RS   1701604864 131072    2.303
21:28:47.051 VLLM::W        1046588 nvme1n1 RS   1701605120 131072    2.321
21:28:47.051 VLLM::W        1046588 nvme1n1 RS   1701605376 131072    2.362
21:28:47.052 VLLM::W        1046588 nvme1n1 RS   1701605632 131072    2.373
21:28:47.264 kworker        1083051 nvme1n1 W    1719353168 4096      0.056
21:28:47.306 python3        1046587 nvme1n1 WS   315564032  131072    0.197
21:28:47.306 python3        1046587 nvme1n1 WS   315564288  131072    0.297
21:28:47.306 python3        1046587 nvme1n1 WS   315564544  131072    0.364
21:28:47.307 python3        1046587 nvme1n1 WS   315564800  131072    0.437
21:28:47.307 python3        1046587 nvme1n1 WS   315565056  131072    0.506
21:28:47.307 python3        1046587 nvme1n1 WS   315565312  131072    0.568
21:28:47.307 python3        1046587 nvme1n1 WS   315565568  131072    0.652
21:28:47.307 python3        1046586 nvme1n1 WS   315568128  131072    0.736
21:28:47.307 python3        1046586 nvme1n1 WS   315568384  131072    0.783
21:28:47.307 python3        1046587 nvme1n1 WS   315565824  131072    0.855
21:28:47.307 python3        1046587 nvme1n1 WS   315566080  131072    0.941
21:28:47.307 python3        1046587 nvme1n1 WS   315566336  131072    1.017
21:28:47.307 python3        1046587 nvme1n1 WS   315566592  131072    1.097
21:28:47.307 python3        1046587 nvme1n1 WS   315566848  131072    1.177
21:28:47.307 python3        1046586 nvme1n1 WS   315568640  131072    1.277
21:28:47.308 python3        1046586 nvme1n1 WS   315568896  131072    1.357
21:28:47.308 python3        1046586 nvme1n1 WS   315569152  131072    1.431
21:28:47.308 python3        1046587 nvme1n1 WS   315567104  131072    1.509
21:28:47.308 python3        1046587 nvme1n1 WS   315567360  131072    1.589
21:28:47.308 python3        1046587 nvme1n1 WS   315567616  131072    1.670
21:28:47.308 python3        1046586 nvme1n1 WS   315569408  131072    1.762
21:28:47.308 python3        1046586 nvme1n1 WS   315569664  131072    1.840
21:28:47.308 python3        1046587 nvme1n1 WS   315567872  131072    1.899
21:28:47.308 python3        1046587 nvme1n1 WS   315576320  131072    1.981
21:28:47.308 python3        1046586 nvme1n1 WS   315572224  131072    2.071
21:28:47.308 python3        1046587 nvme1n1 WS   315576576  131072    2.143
21:28:47.308 python3        1046586 nvme1n1 WS   315572480  131072    2.224
21:28:47.309 python3        1046586 nvme1n1 WS   315572736  131072    2.300
21:28:47.309 python3        1046586 nvme1n1 WS   315572992  131072    2.374
21:28:47.309 python3        1046586 nvme1n1 WS   315573248  131072    2.450
21:28:47.309 python3        1046586 nvme1n1 WS   315573504  131072    2.523
21:28:47.309 python3        1046586 nvme1n1 WS   315569920  131072    2.599
21:28:47.309 python3        1046586 nvme1n1 WS   315573760  131072    2.673
21:28:47.309 python3        1046586 nvme1n1 WS   315570176  131072    2.747
21:28:47.309 python3        1046589 nvme1n1 WS   315580416  131072    2.912
21:28:47.309 python3        1046589 nvme1n1 WS   315580672  131072    2.913
21:28:47.309 python3        1046589 nvme1n1 WS   315580928  131072    2.971
21:28:47.309 python3        1046589 nvme1n1 WS   315581184  131072    3.047
21:28:47.309 python3        1046589 nvme1n1 WS   315581440  131072    3.120
21:28:47.309 python3        1046589 nvme1n1 WS   315581696  131072    3.193
21:28:47.310 python3        1046589 nvme1n1 WS   315581952  131072    3.267
21:28:47.310 python3        1046586 nvme1n1 WS   315570432  131072    3.364
21:28:47.310 python3        1046586 nvme1n1 WS   315570688  131072    3.434
21:28:47.310 python3        1046586 nvme1n1 WS   315570944  131072    3.507
21:28:47.310 python3        1046586 nvme1n1 WS   315571200  131072    3.580
21:28:47.310 python3        1046589 nvme1n1 WS   1701851136 131072    3.749
21:28:47.310 python3        1046589 nvme1n1 WS   1701851392 131072    3.754
21:28:47.310 python3        1046589 nvme1n1 WS   1701851648 131072    3.817
21:28:47.310 python3        1046589 nvme1n1 WS   1701851904 131072    3.897
21:28:47.310 python3        1046589 nvme1n1 WS   1701852160 131072    3.974
21:28:47.310 python3        1046586 nvme1n1 WS   315571456  131072    4.053
21:28:47.310 python3        1046586 nvme1n1 WS   315571712  131072    4.128
21:28:47.311 python3        1046586 nvme1n1 WS   315571968  131072    4.171
21:28:47.311 python3        1046586 nvme1n1 WS   315584512  131072    4.244
21:28:47.311 python3        1046589 nvme1n1 WS   1701852416 131072    4.365
21:28:47.311 python3        1046589 nvme1n1 WS   1701852672 131072    4.441
21:28:47.311 python3        1046589 nvme1n1 WS   1701852928 131072    4.475
21:28:47.311 python3        1046586 nvme1n1 WS   315574016  131072    4.594
21:28:47.311 python3        1046588 nvme1n1 WS   1701687296 131072    4.672
21:28:47.311 python3        1046586 nvme1n1 WS   315574272  131072    4.748
21:28:47.311 python3        1046588 nvme1n1 WS   1701687552 131072    4.822
21:28:47.311 python3        1046586 nvme1n1 WS   315574528  131072    4.902
21:28:47.311 python3        1046588 nvme1n1 WS   1701687808 131072    4.974
21:28:47.311 python3        1046586 nvme1n1 WS   315574784  131072    5.051
21:28:47.311 python3        1046588 nvme1n1 WS   1701688064 131072    5.124
21:28:47.312 python3        1046586 nvme1n1 WS   315575040  131072    5.203
21:28:47.312 python3        1046588 nvme1n1 WS   1701688320 131072    5.279
21:28:47.312 python3        1046586 nvme1n1 WS   315575296  131072    5.356
21:28:47.312 python3        1046586 nvme1n1 WS   315575552  131072    5.431
21:28:47.312 python3        1046588 nvme1n1 WS   1701688576 131072    5.513
21:28:47.312 python3        1046586 nvme1n1 WS   315575808  118784    5.580
21:28:47.312 python3        1046587 nvme1n1 WS   580239360  131072    5.695
21:28:47.312 python3        1046587 nvme1n1 WS   580239616  131072    5.762
21:28:47.312 python3        1046587 nvme1n1 WS   580239872  131072    5.838
21:28:47.312 python3        1046587 nvme1n1 WS   580240128  131072    5.910
21:28:47.312 python3        1046587 nvme1n1 WS   580240384  131072    5.985
21:28:47.312 python3        1046587 nvme1n1 WS   580240640  131072    6.061
21:28:47.312 python3        1046587 nvme1n1 WS   580240896  131072    6.140
21:28:47.313 python3        1046589 nvme1n1 WS   315582208  131072    6.280
21:28:47.313 python3        1046589 nvme1n1 WS   315582464  131072    6.313
21:28:47.313 python3        1046589 nvme1n1 WS   315582720  131072    6.384
21:28:47.313 python3        1046589 nvme1n1 WS   315582976  131072    6.464
21:28:47.313 python3        1046589 nvme1n1 WS   315583232  131072    6.542
21:28:47.313 python3        1046589 nvme1n1 WS   315583488  131072    6.618
21:28:47.313 python3        1046588 nvme1n1 WS   1701688832 131072    6.701
21:28:47.313 python3        1046588 nvme1n1 WS   1701689088 131072    6.737
21:28:47.313 python3        1046588 nvme1n1 WS   1701689344 131072    6.811
21:28:47.313 python3        1046588 nvme1n1 WS   1701689600 131072    6.889
21:28:47.313 python3        1046588 nvme1n1 WS   1701689856 131072    6.966
21:28:47.313 python3        1046588 nvme1n1 WS   1701690112 131072    7.068
21:28:47.314 python3        1046588 nvme1n1 WS   1701690368 131072    7.144
21:28:47.314 python3        1046588 nvme1n1 WS   1701690624 131072    7.220
21:28:47.314 python3        1046589 nvme1n1 WS   315583744  131072    7.363
21:28:47.314 python3        1046589 nvme1n1 WS   315584000  118784    7.433
21:28:47.314 python3        1046589 nvme1n1 WS   1701853184 131072    7.520
21:28:47.314 python3        1046589 nvme1n1 WS   1701853440 131072    7.595
21:28:47.314 python3        1046589 nvme1n1 WS   1701853696 131072    7.676
21:28:47.314 python3        1046589 nvme1n1 WS   1701853952 131072    7.754
21:28:47.314 python3        1046589 nvme1n1 WS   1701854208 131072    7.830
21:28:47.314 python3        1046589 nvme1n1 WS   1701854464 131072    7.905
21:28:47.314 python3        1046589 nvme1n1 WS   1701854720 131072    7.980
21:28:47.314 python3        1046589 nvme1n1 WS   1701854976 131072    8.039
21:28:47.314 python3        1046589 nvme1n1 WS   1701859328 131072    8.120
21:28:47.315 python3        1046589 nvme1n1 WS   1701859584 131072    8.197
21:28:47.315 python3        1046586 nvme1n1 WS   315584768  131072    8.327
21:28:47.315 python3        1046587 nvme1n1 WS   580241152  131072    8.392
21:28:47.315 python3        1046587 nvme1n1 WS   580241408  131072    8.464
21:28:47.315 python3        1046587 nvme1n1 WS   580241664  131072    8.539
21:28:47.315 python3        1046587 nvme1n1 WS   580241920  131072    8.615
21:28:47.315 python3        1046587 nvme1n1 WS   580242176  131072    8.692
21:28:47.315 python3        1046587 nvme1n1 WS   580242432  131072    8.771
21:28:47.315 python3        1046587 nvme1n1 WS   580242688  131072    8.847
21:28:47.315 python3        1046587 nvme1n1 WS   580242944  118784    8.931
21:28:47.315 python3        1046588 nvme1n1 WS   1701855232 131072    9.025
21:28:47.315 python3        1046588 nvme1n1 WS   1701855488 131072    9.092
21:28:47.316 python3        1046588 nvme1n1 WS   1701855744 131072    9.170
21:28:47.316 python3        1046588 nvme1n1 WS   1701856000 131072    9.246
21:28:47.316 python3        1046588 nvme1n1 WS   1701856256 131072    9.325
21:28:47.316 python3        1046588 nvme1n1 WS   1701856512 131072    9.404
21:28:47.316 python3        1046588 nvme1n1 WS   1701856768 131072    9.480
21:28:47.316 python3        1046588 nvme1n1 WS   1701690880 131072    9.548
21:28:47.316 python3        1046588 nvme1n1 WS   1701691136 131072    9.607
21:28:47.316 python3        1046588 nvme1n1 WS   1701691392 131072    9.687
21:28:47.316 python3        1046588 nvme1n1 WS   1701691648 131072    9.763
21:28:47.316 python3        1046588 nvme1n1 WS   1701857024 131072    9.848
21:28:47.316 python3        1046588 nvme1n1 WS   1701857280 131072    9.925
21:28:47.316 python3        1046588 nvme1n1 WS   1701857536 131072   10.000
21:28:47.316 python3        1046588 nvme1n1 WS   1701857792 131072   10.078
21:28:47.317 python3        1046588 nvme1n1 WS   1701858048 131072   10.153
21:28:47.317 python3        1046588 nvme1n1 WS   1701858304 131072   10.232
21:28:47.317 python3        1046588 nvme1n1 WS   1701858560 131072   10.308
21:28:47.317 python3        1046588 nvme1n1 WS   1701858816 118784   10.377
21:28:47.614 nvme           1155274 Unknown N    -1         512       0.040
21:28:48.617 nvme           1155294 Unknown N    -1         512       0.031
21:28:49.619 nvme           1155304 Unknown N    -1         512       0.029
21:28:49.788 jbd2/nv        752     nvme1n1 WSM  877968904  131072    0.171
21:28:49.788 jbd2/nv        752     nvme1n1 WSM  877969160  40960     0.173
21:28:49.788 jbd2/nv        752     nvme1n1 WSM  877969240  4096      0.035
21:28:50.266 ib_log_        125934  nvme1n1 WS   1739625184 8192      0.058
21:28:50.266 ib_log_        125934  nvme1n1 WS   1739625192 4096      0.031
21:28:50.266 connect        125934  nvme1n1 WS   1741349672 4096      0.037
21:28:50.266 jbd2/nv        752     nvme1n1 WSM  877969248  49152     0.073
21:28:50.266 jbd2/nv        752     nvme1n1 WSM  877969344  4096      0.027
21:28:50.266 ib_log_        125934  nvme1n1 WS   1739625192 4096      0.028
21:28:50.268 ib_log_        125934  nvme1n1 WS   1739625192 4096      0.028
21:28:50.268 ib_log_        125934  nvme1n1 WS   1739625200 8192      0.035
21:28:50.268 jbd2/nv        752     nvme1n1 WSM  877969352  8192      0.032
21:28:50.268 jbd2/nv        752     nvme1n1 WSM  877969368  4096      0.027
21:28:50.268 ib_log_        125934  nvme1n1 WS   1739625200 4096      0.034
21:28:50.268 jbd2/nv        752     nvme1n1 WSM  877969376  20480     0.044
21:28:50.268 jbd2/nv        752     nvme1n1 WSM  877969416  4096      0.028
21:28:50.268 connect        125934  nvme1n1 WS   1174973312 114688    0.131
21:28:50.269 jbd2/nv        752     nvme1n1 WSM  877969424  16384     0.038
21:28:50.269 jbd2/nv        752     nvme1n1 WSM  877969456  4096      0.029
21:28:50.269 connect        125934  nvme1n1 WS   1753733632 16384     0.051
21:28:50.269 jbd2/nv        752     nvme1n1 WSM  877969464  24576     0.045
21:28:50.269 jbd2/nv        752     nvme1n1 WSM  877969512  4096      0.027
21:28:50.269 ib_log_        125934  nvme1n1 WS   1739625200 4096      0.027
21:28:50.269 ib_log_        125934  nvme1n1 WS   1739625200 8192      0.031
21:28:50.269 ib_log_        125934  nvme1n1 WS   1739625208 4096      0.027
21:28:50.269 ib_log_        125934  nvme1n1 WS   1739625208 4096      0.026
21:28:50.270 ib_log_        125934  nvme1n1 WS   1739625208 4096      0.028
21:28:50.270 ib_log_        125934  nvme1n1 WS   1739625216 8192      0.030
21:28:50.270 jbd2/nv        752     nvme1n1 WSM  877969520  8192      0.031
21:28:50.270 jbd2/nv        752     nvme1n1 WSM  877969536  4096      0.027
21:28:50.271 ib_log_        125934  nvme1n1 WS   1739625216 8192      0.031
21:28:50.271 ib_log_        125934  nvme1n1 WS   1739625224 4096      0.028
21:28:50.271 connect        125934  nvme1n1 WS   1741349672 4096      0.033
21:28:50.271 jbd2/nv        752     nvme1n1 WSM  877969544  16384     0.039
21:28:50.271 jbd2/nv        752     nvme1n1 WSM  877969576  4096      0.027
21:28:50.271 ib_log_        125934  nvme1n1 WS   1739625224 4096      0.028
21:28:50.272 ib_log_        125934  nvme1n1 WS   1739625224 12288     0.038
21:28:50.272 jbd2/nv        752     nvme1n1 WSM  877969584  12288     0.037
21:28:50.272 jbd2/nv        752     nvme1n1 WSM  877969608  4096      0.029
21:28:50.272 ib_log_        125934  nvme1n1 WS   1739625232 4096      0.035
21:28:50.273 connect        125934  nvme1n1 WS   1741349672 8192      0.038
21:28:50.273 jbd2/nv        752     nvme1n1 WSM  877969616  20480     0.044
21:28:50.273 jbd2/nv        752     nvme1n1 WSM  877969656  4096      0.029
21:28:50.273 ib_log_        125934  nvme1n1 WS   1739625232 4096      0.027
21:28:50.328 ib_log_        125934  nvme1n1 WS   1739625232 4096      0.036
21:28:50.329 ib_log_        125934  nvme1n1 WS   1739625232 8192      0.039
21:28:50.330 ib_pg_f        125934  nvme1n1 WS   1737244672 131072    0.159
21:28:50.330 ib_pg_f        125934  nvme1n1 WS   1737244928 131072    0.232
21:28:50.331 ib_pg_f        125934  nvme1n1 WS   1737245184 131072    0.308
21:28:50.331 ib_pg_f        125934  nvme1n1 WS   1737245440 131072    0.384
21:28:50.331 ib_pg_f        125934  nvme1n1 WS   1737245696 131072    0.460
21:28:50.331 ib_pg_f        125934  nvme1n1 WS   1737245952 131072    0.538
21:28:50.331 ib_pg_f        125934  nvme1n1 WS   1737246208 131072    0.616
21:28:50.331 ib_pg_f        125934  nvme1n1 WS   1737246464 65536     0.656
21:28:50.331 ib_pg_f        125934  nvme1n1 WS   1756445376 16384     0.048
21:28:50.331 ib_pg_f        125934  nvme1n1 WS   1757812384 16384     0.046
21:28:50.331 ib_pg_f        125934  nvme1n1 WS   1757680896 16384     0.052
21:28:50.331 ib_pg_f        125934  nvme1n1 WS   1730409024 16384     0.060
21:28:50.331 ib_pg_f        125934  nvme1n1 WS   1730394848 16384     0.070
21:28:50.331 ib_pg_f        125934  nvme1n1 WS   1849440    16384     0.068
21:28:50.331 ib_pg_f        125934  nvme1n1 WS   1849472    16384     0.057
21:28:50.331 ib_pg_f        125934  nvme1n1 WS   1849504    16384     0.067
21:28:50.331 ib_pg_f        125934  nvme1n1 WS   1556368576 16384     0.063
21:28:50.331 ib_pg_f        125934  nvme1n1 WS   1730394880 16384     0.073
21:28:50.331 ib_pg_f        125934  nvme1n1 WS   1520140704 16384     0.068
21:28:50.331 ib_pg_f        125934  nvme1n1 WS   1520151520 16384     0.058
21:28:50.331 ib_pg_f        125934  nvme1n1 WS   1849984    16384     0.064
21:28:50.331 ib_pg_f        125934  nvme1n1 WS   1850016    16384     0.060
21:28:50.331 ib_pg_f        125934  nvme1n1 WS   1850048    16384     0.060
21:28:50.331 ib_pg_f        125934  nvme1n1 WS   1850080    16384     0.059
21:28:50.331 ib_pg_f        125934  nvme1n1 WS   1850112    16384     0.060
21:28:50.331 ib_pg_f        125934  nvme1n1 WS   1850176    16384     0.062
21:28:50.331 ib_pg_f        125934  nvme1n1 WS   1850208    16384     0.056
21:28:50.331 ib_pg_f        125934  nvme1n1 WS   1850240    16384     0.060
21:28:50.331 ib_pg_f        125934  nvme1n1 WS   1560554240 16384     0.057
21:28:50.331 ib_pg_f        125934  nvme1n1 WS   1520151552 16384     0.059
21:28:50.331 ib_pg_f        125934  nvme1n1 WS   1520151584 16384     0.079
21:28:50.331 ib_pg_f        125934  nvme1n1 WS   1498164192 16384     0.047
21:28:50.331 ib_pg_f        125934  nvme1n1 WS   1520151360 16384     0.058
21:28:50.331 ib_pg_f        125934  nvme1n1 WS   1520150528 16384     0.048
21:28:50.331 ib_pg_f        125934  nvme1n1 WS   1498164320 16384     0.052
21:28:50.331 ib_pg_f        125934  nvme1n1 WS   1756907936 16384     0.052
21:28:50.331 ib_pg_f        125934  nvme1n1 WS   1756912128 16384     0.054
21:28:50.331 ib_pg_f        125934  nvme1n1 WS   1498164576 16384     0.060
21:28:50.331 ib_pg_f        125934  nvme1n1 WS   1498163552 16384     0.063
21:28:50.331 ib_pg_f        125934  nvme1n1 WS   1498163712 16384     0.058
21:28:50.331 ib_pg_f        125934  nvme1n1 WS   1756903648 16384     0.056
21:28:50.331 ib_pg_f        125934  nvme1n1 WS   1756445408 16384     0.058
21:28:50.331 ib_pg_f        125934  nvme1n1 WS   1730409056 16384     0.063
21:28:50.332 ib_pg_f        125934  nvme1n1 WS   1174973344 16384     0.046
21:28:50.332 ib_pg_f        125934  nvme1n1 WS   1753733632 16384     0.051
21:28:50.332 ib_pg_f        125934  nvme1n1 WS   1174973376 16384     0.060
21:28:50.332 ib_pg_f        125934  nvme1n1 WS   1174973408 16384     0.064
21:28:50.332 ib_pg_f        125934  nvme1n1 WS   1730394912 16384     0.069
21:28:50.332 ib_pg_f        125934  nvme1n1 WS   1174973440 16384     0.077
21:28:50.332 ib_pg_f        125934  nvme1n1 WS   1756445440 16384     0.082
21:28:50.332 ib_pg_f        125934  nvme1n1 WS   1850336    16384     0.082
21:28:50.332 ib_pg_f        125934  nvme1n1 WS   1850368    16384     0.069
21:28:50.332 ib_pg_f        125934  nvme1n1 WS   1850272    16384     0.053
21:28:50.332 ib_pg_f        125934  nvme1n1 WS   1850304    16384     0.049
21:28:50.332 ib_pg_f        125934  nvme1n1 WS   1730394944 16384     0.050
21:28:50.332 ib_pg_f        125934  nvme1n1 WS   1757759936 16384     0.050
21:28:50.332 ib_pg_f        125934  nvme1n1 WS   1757760384 16384     0.051
21:28:50.332 ib_pg_f        125934  nvme1n1 WS   1560554208 16384     0.054
21:28:50.332 ib_pg_f        125934  nvme1n1 WS   671424     16384     0.060
21:28:50.332 ib_pg_f        125934  nvme1n1 WS   1556368608 16384     0.063
21:28:50.332 ib_pg_f        125934  nvme1n1 WS   1730394976 16384     0.072
21:28:50.332 ib_pg_f        125934  nvme1n1 WS   1756483616 16384     0.070
21:28:50.332 ib_pg_f        125934  nvme1n1 WS   1756427584 16384     0.073
21:28:50.332 ib_pg_f        125934  nvme1n1 WS   1730410560 16384     0.082
21:28:50.332 ib_pg_f        125934  nvme1n1 WS   1556368704 16384     0.083
21:28:50.332 ib_pg_f        125934  nvme1n1 WS   1730395008 16384     0.086
21:28:50.332 ib_pg_f        125934  nvme1n1 WS   1730452000 16384     0.084
21:28:50.332 ib_pg_f        125934  nvme1n1 WS   1756903584 16384     0.089
21:28:50.399 VLLM::W        1046589 nvme1n1 RS   575737856  131072    0.276
21:28:50.399 VLLM::W        1046589 nvme1n1 RS   575738112  131072    0.299
21:28:50.399 VLLM::W        1046587 nvme1n1 RS   1565474816 131072    0.308
21:28:50.399 VLLM::W        1046588 nvme1n1 RS   1565323264 131072    0.351
21:28:50.399 VLLM::W        1046589 nvme1n1 RS   575738624  131072    0.419
21:28:50.399 VLLM::W        1046589 nvme1n1 RS   575738368  131072    0.437
21:28:50.400 VLLM::W        1046589 nvme1n1 RS   575738880  131072    0.481
21:28:50.400 VLLM::W        1046589 nvme1n1 RS   575739136  131072    0.491
21:28:50.400 VLLM::W        1046588 nvme1n1 RS   1565323776 131072    0.576
21:28:50.400 VLLM::W        1046588 nvme1n1 RS   1565323520 131072    0.594
21:28:50.400 VLLM::W        1046587 nvme1n1 RS   1565475072 131072    0.710
21:28:50.400 VLLM::W        1046588 nvme1n1 RS   1565324032 131072    0.718
21:28:50.400 VLLM::W        1046588 nvme1n1 RS   1565324288 131072    0.728
21:28:50.400 VLLM::W        1046587 nvme1n1 RS   1565475328 131072    0.815
21:28:50.400 VLLM::W        1046587 nvme1n1 RS   1565475584 131072    0.831
21:28:50.400 VLLM::W        1046586 nvme1n1 RS   1565462528 131072    0.856
21:28:50.400 VLLM::W        1046586 nvme1n1 RS   1565463040 131072    0.883
21:28:50.400 VLLM::W        1046586 nvme1n1 RS   1565462784 131072    0.896
21:28:50.400 VLLM::W        1046587 nvme1n1 RS   1565476096 131072    0.969
21:28:50.400 VLLM::W        1046587 nvme1n1 RS   1565475840 131072    0.993
21:28:50.400 VLLM::W        1046587 nvme1n1 RS   1565476352 131072    0.999
21:28:50.400 VLLM::W        1046586 nvme1n1 RS   1565463296 131072    1.076
21:28:50.400 VLLM::W        1046586 nvme1n1 RS   1565463552 131072    1.114
21:28:50.400 VLLM::W        1046586 nvme1n1 RS   1565463808 131072    1.132
21:28:50.400 VLLM::W        1046586 nvme1n1 RS   1565464064 131072    1.142
21:28:50.400 VLLM::W        1046589 nvme1n1 RS   575739392  131072    1.233
21:28:50.400 VLLM::W        1046588 nvme1n1 RS   1565324800 131072    1.266
21:28:50.400 VLLM::W        1046588 nvme1n1 RS   1565324544 131072    1.284
21:28:50.400 VLLM::W        1046589 nvme1n1 RS   575740160  131072    1.302
21:28:50.400 VLLM::W        1046589 nvme1n1 RS   575739648  131072    1.344
21:28:50.400 VLLM::W        1046589 nvme1n1 RS   575739904  131072    1.354
21:28:50.401 VLLM::W        1046587 nvme1n1 RS   1565476864 131072    1.431
21:28:50.401 VLLM::W        1046587 nvme1n1 RS   1565476608 131072    1.443
21:28:50.401 VLLM::W        1046588 nvme1n1 RS   1565325056 131072    1.486
21:28:50.401 VLLM::W        1046588 nvme1n1 RS   1565325312 131072    1.522
21:28:50.401 VLLM::W        1046586 nvme1n1 RS   1565464576 131072    1.571
21:28:50.401 VLLM::W        1046586 nvme1n1 RS   1565464832 131072    1.587
21:28:50.401 VLLM::W        1046586 nvme1n1 RS   1565464320 131072    1.611
21:28:50.401 VLLM::W        1046586 nvme1n1 RS   1565465088 131072    1.643
21:28:50.401 VLLM::W        1046586 nvme1n1 RS   1565465856 131072    1.680
21:28:50.401 VLLM::W        1046586 nvme1n1 RS   1565465344 131072    1.761
21:28:50.401 VLLM::W        1046586 nvme1n1 RS   1565465600 131072    1.777
21:28:50.401 VLLM::W        1046586 nvme1n1 RS   1565466112 131072    1.779
21:28:50.401 VLLM::W        1046587 nvme1n1 RS   1565477632 131072    1.900
21:28:50.401 VLLM::W        1046587 nvme1n1 RS   1565477120 131072    1.922
21:28:50.401 VLLM::W        1046587 nvme1n1 RS   1565477376 131072    1.944
21:28:50.401 VLLM::W        1046587 nvme1n1 RS   1565477888 131072    1.959
21:28:50.401 VLLM::W        1046587 nvme1n1 RS   1565478400 131072    1.977
21:28:50.401 VLLM::W        1046587 nvme1n1 RS   1565478144 131072    1.988
21:28:50.401 VLLM::W        1046588 nvme1n1 RS   1565325824 131072    2.054
21:28:50.401 VLLM::W        1046588 nvme1n1 RS   1565326080 131072    2.099
21:28:50.401 VLLM::W        1046588 nvme1n1 RS   1565325568 131072    2.120
21:28:50.401 VLLM::W        1046588 nvme1n1 RS   1565326848 131072    2.156
21:28:50.401 VLLM::W        1046588 nvme1n1 RS   1565326336 131072    2.226
21:28:50.401 VLLM::W        1046588 nvme1n1 RS   1565326592 131072    2.243
21:28:50.401 VLLM::W        1046589 nvme1n1 RS   575740416  131072    2.272
21:28:50.401 VLLM::W        1046589 nvme1n1 RS   575740672  131072    2.305
21:28:50.401 VLLM::W        1046589 nvme1n1 RS   575740928  131072    2.321
21:28:50.401 VLLM::W        1046589 nvme1n1 RS   575741184  131072    2.343
21:28:50.401 VLLM::W        1046589 nvme1n1 RS   575741440  131072    2.348
21:28:50.401 VLLM::W        1046589 nvme1n1 RS   575741696  131072    2.361
21:28:50.402 VLLM::W        1046589 nvme1n1 RS   575741952  131072    2.390
21:28:50.402 VLLM::W        1046589 nvme1n1 RS   575742208  131072    2.430
21:28:50.402 VLLM::W        1046587 nvme1n1 RS   1565478656 131072    2.471
21:28:50.402 VLLM::W        1046587 nvme1n1 RS   1565495296 131072    2.499
21:28:50.402 VLLM::W        1046587 nvme1n1 RS   1565495552 131072    2.533
21:28:50.402 VLLM::W        1046588 nvme1n1 RS   1565327104 131072    2.599
21:28:50.402 VLLM::W        1046588 nvme1n1 RS   1565458432 131072    2.608
21:28:50.402 VLLM::W        1046588 nvme1n1 RS   1565458688 131072    2.646
21:28:50.402 VLLM::W        1046586 nvme1n1 RS   1565466368 131072    2.696
21:28:50.402 VLLM::W        1046586 nvme1n1 RS   1565483008 131072    2.730
21:28:50.402 VLLM::W        1046586 nvme1n1 RS   1565483264 131072    2.750
21:28:50.402 VLLM::W        1046589 nvme1n1 RS   1565519872 131072    0.219
21:28:50.402 VLLM::W        1046589 nvme1n1 RS   1565520128 131072    0.224
21:28:50.402 VLLM::W        1046589 nvme1n1 RS   1565520384 131072    0.258
21:28:50.402 VLLM::W        1046589 nvme1n1 RS   1565520640 131072    0.292
21:28:50.402 VLLM::W        1046589 nvme1n1 RS   1565520896 131072    0.328
21:28:50.402 VLLM::W        1046589 nvme1n1 RS   1565521152 131072    0.392
21:28:50.402 VLLM::W        1046589 nvme1n1 RS   1565521408 131072    0.408
21:28:50.402 VLLM::W        1046589 nvme1n1 RS   1565521664 131072    0.394
21:28:50.402 VLLM::W        1046589 nvme1n1 RS   1565521920 131072    0.435
21:28:50.402 VLLM::W        1046589 nvme1n1 RS   1565522176 131072    0.461
21:28:50.402 VLLM::W        1046589 nvme1n1 RS   1565522432 131072    0.494
21:28:50.402 VLLM::W        1046589 nvme1n1 RS   1565522688 131072    0.534
21:28:50.402 VLLM::W        1046589 nvme1n1 RS   1565522944 131072    0.545
21:28:50.402 VLLM::W        1046589 nvme1n1 RS   1565523200 131072    0.587
21:28:50.403 VLLM::W        1046587 nvme1n1 RS   1565499648 131072    0.697
21:28:50.403 VLLM::W        1046587 nvme1n1 RS   1565499392 131072    0.718
21:28:50.403 VLLM::W        1046589 nvme1n1 RS   1565523456 131072    0.738
21:28:50.403 VLLM::W        1046587 nvme1n1 RS   1565499904 131072    0.746
21:28:50.403 VLLM::W        1046587 nvme1n1 RS   1565500160 131072    0.756
21:28:50.403 VLLM::W        1046587 nvme1n1 RS   1565500416 131072    0.795
21:28:50.403 VLLM::W        1046589 nvme1n1 RS   1565536256 131072    0.890
21:28:50.403 VLLM::W        1046589 nvme1n1 RS   1565523712 131072    0.909
21:28:50.403 VLLM::W        1046587 nvme1n1 RS   1565500672 131072    0.949
21:28:50.403 VLLM::W        1046589 nvme1n1 RS   1565536512 131072    0.983
21:28:50.403 VLLM::W        1046587 nvme1n1 RS   1565500928 131072    1.030
21:28:50.403 VLLM::W        1046587 nvme1n1 RS   1565501952 131072    1.076
21:28:50.403 VLLM::W        1046587 nvme1n1 RS   1565501184 131072    1.099
21:28:50.403 VLLM::W        1046587 nvme1n1 RS   1565501696 131072    1.167
21:28:50.403 VLLM::W        1046587 nvme1n1 RS   1565501440 131072    1.181
21:28:50.403 VLLM::W        1046587 nvme1n1 RS   1565503232 131072    1.211
21:28:50.403 VLLM::W        1046587 nvme1n1 RS   1565502464 131072    1.286
21:28:50.403 VLLM::W        1046587 nvme1n1 RS   1565502208 131072    1.298
21:28:50.403 VLLM::W        1046587 nvme1n1 RS   1565502976 131072    1.381
21:28:50.403 VLLM::W        1046587 nvme1n1 RS   1565502720 131072    1.385
21:28:50.403 VLLM::W        1046588 nvme1n1 RS   731177216  131072    1.332
21:28:50.403 VLLM::W        1046587 nvme1n1 RS   1565511680 131072    1.403
21:28:50.403 VLLM::W        1046588 nvme1n1 RS   731177728  131072    1.411
21:28:50.403 VLLM::W        1046587 nvme1n1 RS   1565511936 131072    1.475
21:28:50.403 VLLM::W        1046588 nvme1n1 RS   731177984  131072    1.462
21:28:50.404 VLLM::W        1046588 nvme1n1 RS   731176960  131072    1.514
21:28:50.404 VLLM::W        1046588 nvme1n1 RS   731177472  131072    1.554
21:28:50.404 VLLM::W        1046588 nvme1n1 RS   731179008  131072    1.534
21:28:50.404 VLLM::W        1046588 nvme1n1 RS   731178240  131072    1.668
21:28:50.404 VLLM::W        1046588 nvme1n1 RS   731178496  131072    1.690
21:28:50.404 VLLM::W        1046588 nvme1n1 RS   731179776  131072    1.649
21:28:50.404 VLLM::W        1046588 nvme1n1 RS   731178752  131072    1.713
21:28:50.404 VLLM::W        1046588 nvme1n1 RS   731180032  131072    1.709
21:28:50.404 VLLM::W        1046588 nvme1n1 RS   731179264  131072    1.786
21:28:50.404 VLLM::W        1046588 nvme1n1 RS   731179520  131072    1.807
21:28:50.404 VLLM::W        1046586 nvme1n1 RS   844926976  131072    1.794
21:28:50.404 VLLM::W        1046588 nvme1n1 RS   731180288  131072    1.888
21:28:50.404 VLLM::W        1046588 nvme1n1 RS   731180544  131072    1.910
21:28:50.404 VLLM::W        1046586 nvme1n1 RS   844927744  131072    1.907
21:28:50.404 VLLM::W        1046586 nvme1n1 RS   844928000  131072    1.912
21:28:50.404 VLLM::W        1046586 nvme1n1 RS   844927232  131072    1.977
21:28:50.404 VLLM::W        1046586 nvme1n1 RS   844927488  131072    1.999
21:28:50.404 VLLM::W        1046588 nvme1n1 RS   731180800  131072    2.022
21:28:50.404 VLLM::W        1046588 nvme1n1 RS   731250688  131072    2.039
21:28:50.404 VLLM::W        1046588 nvme1n1 RS   731250944  131072    2.056
21:28:50.404 VLLM::W        1046586 nvme1n1 RS   844928512  131072    2.055
21:28:50.404 VLLM::W        1046586 nvme1n1 RS   844928256  131072    2.114
21:28:50.404 VLLM::W        1046586 nvme1n1 RS   844928768  131072    2.102
21:28:50.404 VLLM::W        1046586 nvme1n1 RS   844929024  131072    2.113
21:28:50.404 VLLM::W        1046586 nvme1n1 RS   844929280  131072    2.169
21:28:50.404 VLLM::W        1046586 nvme1n1 RS   844929536  131072    2.185
21:28:50.404 VLLM::W        1046586 nvme1n1 RS   844929792  131072    2.208
21:28:50.404 VLLM::W        1046586 nvme1n1 RS   844930048  131072    2.234
21:28:50.404 VLLM::W        1046586 nvme1n1 RS   844930304  131072    2.245
21:28:50.404 VLLM::W        1046586 nvme1n1 RS   844930560  131072    2.295
21:28:50.405 VLLM::W        1046586 nvme1n1 RS   844930816  131072    2.292
21:28:50.405 VLLM::W        1046586 nvme1n1 RS   844931072  131072    2.323
21:28:50.405 VLLM::W        1046586 nvme1n1 RS   844931328  131072    2.354
21:28:50.405 VLLM::W        1046589 nvme1n1 RS   1581850624 131072    1.571
21:28:50.405 VLLM::W        1046589 nvme1n1 RS   1581850880 131072    1.692
21:28:50.405 VLLM::W        1046589 nvme1n1 RS   1581851136 131072    1.708
21:28:50.405 VLLM::W        1046589 nvme1n1 RS   1581851392 131072    1.732
21:28:50.405 VLLM::W        1046589 nvme1n1 RS   1581851648 131072    1.751
21:28:50.405 VLLM::W        1046589 nvme1n1 RS   1581851904 131072    1.760
21:28:50.405 VLLM::W        1046589 nvme1n1 RS   1581852160 131072    1.811
21:28:50.405 VLLM::W        1046589 nvme1n1 RS   1581852416 131072    1.778
21:28:50.405 VLLM::W        1046589 nvme1n1 RS   1581852672 131072    1.789
21:28:50.405 VLLM::W        1046589 nvme1n1 RS   1581852928 131072    1.816
21:28:50.405 VLLM::W        1046589 nvme1n1 RS   1581853184 131072    1.856
21:28:50.405 VLLM::W        1046589 nvme1n1 RS   1581853440 131072    1.898
21:28:50.405 VLLM::W        1046589 nvme1n1 RS   1581853696 131072    1.923
21:28:50.405 VLLM::W        1046589 nvme1n1 RS   1581853952 131072    1.949
21:28:50.405 VLLM::W        1046589 nvme1n1 RS   1581854208 131072    1.990
21:28:50.405 VLLM::W        1046589 nvme1n1 RS   1581854464 131072    2.005
21:28:50.405 VLLM::W        1046589 nvme1n1 RS   1581854720 131072    2.036
21:28:50.405 VLLM::W        1046589 nvme1n1 RS   1581854976 131072    2.070
21:28:50.405 VLLM::W        1046587 nvme1n1 RS   844935168  131072    1.717
21:28:50.405 VLLM::W        1046587 nvme1n1 RS   844935424  131072    1.732
21:28:50.405 VLLM::W        1046587 nvme1n1 RS   844935680  131072    1.740
21:28:50.405 VLLM::W        1046587 nvme1n1 RS   844935936  131072    1.767
21:28:50.405 VLLM::W        1046587 nvme1n1 RS   844936192  131072    1.807
21:28:50.405 VLLM::W        1046587 nvme1n1 RS   844936448  131072    1.846
21:28:50.406 VLLM::W        1046587 nvme1n1 RS   844936704  131072    1.903
21:28:50.406 VLLM::W        1046587 nvme1n1 RS   844936960  131072    1.879
21:28:50.406 VLLM::W        1046587 nvme1n1 RS   844937216  131072    1.897
21:28:50.406 VLLM::W        1046587 nvme1n1 RS   844937472  131072    1.929
21:28:50.406 VLLM::W        1046587 nvme1n1 RS   844937728  131072    1.963
21:28:50.406 VLLM::W        1046587 nvme1n1 RS   844937984  131072    1.992
21:28:50.406 VLLM::W        1046587 nvme1n1 RS   844938240  131072    2.024
21:28:50.406 VLLM::W        1046587 nvme1n1 RS   844938496  131072    2.052
21:28:50.406 VLLM::W        1046587 nvme1n1 RS   844938752  131072    2.102
21:28:50.406 VLLM::W        1046587 nvme1n1 RS   844939008  131072    2.115
21:28:50.406 VLLM::W        1046587 nvme1n1 RS   844939264  131072    2.145
21:28:50.406 VLLM::W        1046587 nvme1n1 RS   844939520  131072    2.186
21:28:50.406 VLLM::W        1046588 nvme1n1 RS   731181312  131072    1.705
21:28:50.406 VLLM::W        1046588 nvme1n1 RS   731181056  131072    1.714
21:28:50.406 VLLM::W        1046588 nvme1n1 RS   731181568  131072    1.708
21:28:50.406 VLLM::W        1046588 nvme1n1 RS   731181824  131072    1.723
21:28:50.406 VLLM::W        1046588 nvme1n1 RS   731182080  131072    1.789
21:28:50.406 VLLM::W        1046588 nvme1n1 RS   731182336  131072    1.823
21:28:50.406 VLLM::W        1046588 nvme1n1 RS   731182592  131072    1.851
21:28:50.406 VLLM::W        1046588 nvme1n1 RS   731182848  131072    1.830
21:28:50.406 VLLM::W        1046588 nvme1n1 RS   731183104  131072    1.841
21:28:50.406 VLLM::W        1046588 nvme1n1 RS   731183360  131072    1.936
21:28:50.406 VLLM::W        1046588 nvme1n1 RS   731183616  131072    1.953
21:28:50.406 VLLM::W        1046588 nvme1n1 RS   731183872  131072    1.955
21:28:50.406 VLLM::W        1046588 nvme1n1 RS   731184128  131072    1.966
21:28:50.406 VLLM::W        1046588 nvme1n1 RS   731184384  131072    1.996
21:28:50.406 VLLM::W        1046588 nvme1n1 RS   731184640  131072    2.029
21:28:50.407 VLLM::W        1046588 nvme1n1 RS   731184896  131072    2.063
21:28:50.407 VLLM::W        1046588 nvme1n1 RS   1565470720 131072    2.091
21:28:50.407 VLLM::W        1046588 nvme1n1 RS   1565470976 131072    2.125
21:28:50.407 VLLM::W        1046586 nvme1n1 RS   1565466624 131072    1.901
21:28:50.407 VLLM::W        1046586 nvme1n1 RS   1565466880 131072    1.923
21:28:50.407 VLLM::W        1046586 nvme1n1 RS   1565467136 131072    1.951
21:28:50.407 VLLM::W        1046586 nvme1n1 RS   1565467392 131072    1.980
21:28:50.407 VLLM::W        1046586 nvme1n1 RS   1565467648 131072    2.047
21:28:50.407 VLLM::W        1046586 nvme1n1 RS   1565467904 131072    2.077
21:28:50.407 VLLM::W        1046586 nvme1n1 RS   1565468160 131072    2.079
21:28:50.407 VLLM::W        1046586 nvme1n1 RS   1565468416 131072    2.102
21:28:50.407 VLLM::W        1046586 nvme1n1 RS   1565468672 131072    2.113
21:28:50.407 VLLM::W        1046586 nvme1n1 RS   1565468928 131072    2.136
21:28:50.407 VLLM::W        1046586 nvme1n1 RS   1565469184 131072    2.173
21:28:50.407 VLLM::W        1046586 nvme1n1 RS   1565469440 131072    2.201
21:28:50.407 VLLM::W        1046586 nvme1n1 RS   1565469696 131072    2.228
21:28:50.407 VLLM::W        1046586 nvme1n1 RS   1565469952 131072    2.266
21:28:50.407 VLLM::W        1046586 nvme1n1 RS   1565470208 131072    2.296
21:28:50.407 VLLM::W        1046586 nvme1n1 RS   1565470464 131072    2.324
21:28:50.407 VLLM::W        1046586 nvme1n1 RS   1565487104 131072    2.352
21:28:50.407 VLLM::W        1046586 nvme1n1 RS   1565487360 131072    2.407
21:28:50.407 VLLM::W        1046589 nvme1n1 RS   1685999616 131072    1.859
21:28:50.407 VLLM::W        1046589 nvme1n1 RS   1685999872 131072    1.890
21:28:50.407 VLLM::W        1046589 nvme1n1 RS   1686000128 131072    1.920
21:28:50.407 VLLM::W        1046589 nvme1n1 RS   1686000384 131072    1.959
21:28:50.407 VLLM::W        1046589 nvme1n1 RS   1686000640 131072    1.996
21:28:50.407 VLLM::W        1046589 nvme1n1 RS   1686000896 131072    2.058
21:28:50.408 VLLM::W        1046589 nvme1n1 RS   1686001152 131072    2.066
21:28:50.408 VLLM::W        1046589 nvme1n1 RS   1686001408 131072    2.083
21:28:50.408 VLLM::W        1046589 nvme1n1 RS   1686001664 131072    2.096
21:28:50.408 VLLM::W        1046589 nvme1n1 RS   1686001920 131072    2.126
21:28:50.408 VLLM::W        1046589 nvme1n1 RS   1686002176 131072    2.135
21:28:50.408 VLLM::W        1046589 nvme1n1 RS   1686002432 131072    2.162
21:28:50.408 VLLM::W        1046589 nvme1n1 RS   1686002688 131072    2.203
21:28:50.408 VLLM::W        1046589 nvme1n1 RS   1686002944 131072    2.239
21:28:50.408 VLLM::W        1046589 nvme1n1 RS   1686003200 131072    2.268
21:28:50.408 VLLM::W        1046589 nvme1n1 RS   1686003456 131072    2.287
21:28:50.408 VLLM::W        1046589 nvme1n1 RS   1686003712 131072    2.313
21:28:50.408 VLLM::W        1046589 nvme1n1 RS   1686003968 131072    2.347
21:28:50.408 VLLM::W        1046587 nvme1n1 RS   1565503744 131072    1.914
21:28:50.408 VLLM::W        1046587 nvme1n1 RS   1565503488 131072    1.928
21:28:50.408 VLLM::W        1046587 nvme1n1 RS   1565504000 131072    1.992
21:28:50.408 VLLM::W        1046587 nvme1n1 RS   1565504256 131072    2.004
21:28:50.408 VLLM::W        1046587 nvme1n1 RS   1565504512 131072    2.027
21:28:50.408 VLLM::W        1046587 nvme1n1 RS   1565504768 131072    2.038
21:28:50.408 VLLM::W        1046587 nvme1n1 RS   1565505024 131072    2.070
21:28:50.408 VLLM::W        1046587 nvme1n1 RS   1565505280 131072    2.055
21:28:50.408 VLLM::W        1046587 nvme1n1 RS   1565505536 131072    2.132
21:28:50.408 VLLM::W        1046587 nvme1n1 RS   1565505792 131072    2.153
21:28:50.408 VLLM::W        1046587 nvme1n1 RS   1565506048 131072    2.164
21:28:50.408 VLLM::W        1046587 nvme1n1 RS   1565506304 131072    2.195
21:28:50.408 VLLM::W        1046587 nvme1n1 RS   1565506816 131072    2.252
21:28:50.408 VLLM::W        1046587 nvme1n1 RS   1565506560 131072    2.301
21:28:50.408 VLLM::W        1046587 nvme1n1 RS   1565507072 131072    2.304
21:28:50.409 VLLM::W        1046587 nvme1n1 RS   1565507328 131072    2.352
21:28:50.409 VLLM::W        1046587 nvme1n1 RS   1565507584 131072    2.377
21:28:50.409 VLLM::W        1046587 nvme1n1 RS   1565507840 131072    2.409
21:28:50.409 VLLM::W        1046588 nvme1n1 RS   1565515776 131072    1.916
21:28:50.409 VLLM::W        1046588 nvme1n1 RS   1565516032 131072    1.917
21:28:50.409 VLLM::W        1046588 nvme1n1 RS   1565516288 131072    1.913
21:28:50.409 VLLM::W        1046588 nvme1n1 RS   1565516544 131072    1.938
21:28:50.409 VLLM::W        1046588 nvme1n1 RS   1565516800 131072    1.971
21:28:50.409 VLLM::W        1046588 nvme1n1 RS   1565517056 131072    2.000
21:28:50.409 VLLM::W        1046588 nvme1n1 RS   1565517312 131072    2.033
21:28:50.409 VLLM::W        1046588 nvme1n1 RS   1565517568 131072    2.018
21:28:50.409 VLLM::W        1046588 nvme1n1 RS   1565517824 131072    2.048
21:28:50.409 VLLM::W        1046588 nvme1n1 RS   1565518080 131072    2.076
21:28:50.409 VLLM::W        1046588 nvme1n1 RS   1565518336 131072    2.120
21:28:50.409 VLLM::W        1046588 nvme1n1 RS   1565518592 131072    2.150
21:28:50.409 VLLM::W        1046588 nvme1n1 RS   1565518848 131072    2.194
21:28:50.409 VLLM::W        1046588 nvme1n1 RS   1565519104 131072    2.239
21:28:50.409 VLLM::W        1046588 nvme1n1 RS   1565519360 131072    2.249
21:28:50.409 VLLM::W        1046588 nvme1n1 RS   1565519616 131072    2.295
21:28:50.409 VLLM::W        1046588 nvme1n1 RS   1565523968 131072    2.330
21:28:50.409 VLLM::W        1046588 nvme1n1 RS   1565524224 131072    2.340
21:28:50.409 VLLM::W        1046586 nvme1n1 RS   1565478912 131072    1.920
21:28:50.409 VLLM::W        1046586 nvme1n1 RS   1565479168 131072    1.922
21:28:50.409 VLLM::W        1046586 nvme1n1 RS   1565479424 131072    1.919
21:28:50.409 VLLM::W        1046586 nvme1n1 RS   1565479680 131072    1.926
21:28:50.409 VLLM::W        1046586 nvme1n1 RS   1565479936 131072    1.962
21:28:50.409 VLLM::W        1046586 nvme1n1 RS   1565480192 131072    2.017
21:28:50.409 VLLM::W        1046586 nvme1n1 RS   1565480448 131072    2.027
21:28:50.410 VLLM::W        1046586 nvme1n1 RS   1565480704 131072    2.062
21:28:50.410 VLLM::W        1046586 nvme1n1 RS   1565480960 131072    2.077
21:28:50.410 VLLM::W        1046586 nvme1n1 RS   1565481216 131072    2.086
21:28:50.410 VLLM::W        1046586 nvme1n1 RS   1565481472 131072    2.114
21:28:50.410 VLLM::W        1046586 nvme1n1 RS   1565481728 131072    2.150
21:28:50.410 VLLM::W        1046586 nvme1n1 RS   1565481984 131072    2.177
21:28:50.410 VLLM::W        1046586 nvme1n1 RS   1565482240 131072    2.207
21:28:50.410 VLLM::W        1046586 nvme1n1 RS   1565482496 131072    2.241
21:28:50.410 VLLM::W        1046586 nvme1n1 RS   1565482752 131072    2.269
21:28:50.410 VLLM::W        1046586 nvme1n1 RS   1565491200 131072    2.301
21:28:50.410 VLLM::W        1046586 nvme1n1 RS   1565491456 131072    2.326
21:28:50.437 ib_log_        125934  nvme1n1 WS   1739625240 4096      0.043
21:28:50.621 nvme           1155315 Unknown N    -1         512       0.027
21:28:50.674 python3        1046588 nvme1n1 WS   1701695488 131072    0.186
21:28:50.674 python3        1046588 nvme1n1 WS   1701695744 131072    0.253
21:28:50.674 python3        1046588 nvme1n1 WS   1701696000 131072    0.316
21:28:50.674 python3        1046588 nvme1n1 WS   1701696256 131072    0.394
21:28:50.674 python3        1046588 nvme1n1 WS   1701696512 131072    0.481
21:28:50.674 python3        1046588 nvme1n1 WS   1701696768 131072    0.552
21:28:50.675 python3        1046588 nvme1n1 WS   1701697024 131072    0.637
21:28:50.675 python3        1046587 nvme1n1 WS   580243456  131072    0.697
21:28:50.675 python3        1046587 nvme1n1 WS   580243712  131072    0.763
21:28:50.675 python3        1046587 nvme1n1 WS   580243968  131072    0.842
21:28:50.675 python3        1046587 nvme1n1 WS   580244224  131072    0.917
21:28:50.675 python3        1046587 nvme1n1 WS   580244480  131072    0.995
21:28:50.675 python3        1046587 nvme1n1 WS   580244736  131072    1.071
21:28:50.675 python3        1046588 nvme1n1 WS   1701697280 131072    1.160
21:28:50.675 python3        1046588 nvme1n1 WS   1701697536 131072    1.248
21:28:50.675 python3        1046588 nvme1n1 WS   1701697792 131072    1.325
21:28:50.675 python3        1046589 nvme1n1 WS   580247552  131072    1.417
21:28:50.676 python3        1046589 nvme1n1 WS   580247808  131072    1.495
21:28:50.676 python3        1046587 nvme1n1 WS   580244992  131072    1.578
21:28:50.676 python3        1046588 nvme1n1 WS   1701698048 131072    1.662
21:28:50.676 python3        1046588 nvme1n1 WS   1701698304 131072    1.743
21:28:50.676 python3        1046588 nvme1n1 WS   1701698560 131072    1.821
21:28:50.676 python3        1046588 nvme1n1 WS   1701698816 131072    1.902
21:28:50.676 python3        1046588 nvme1n1 WS   1701699072 131072    1.983
21:28:50.676 python3        1046589 nvme1n1 WS   580248064  131072    2.080
21:28:50.676 python3        1046589 nvme1n1 WS   580248320  131072    2.161
21:28:50.676 python3        1046589 nvme1n1 WS   580248576  131072    2.234
21:28:50.676 python3        1046589 nvme1n1 WS   580248832  131072    2.308
21:28:50.676 python3        1046589 nvme1n1 WS   580249088  131072    2.382
21:28:50.676 python3        1046588 nvme1n1 WS   1701699584 131072    2.445
21:28:50.677 python3        1046588 nvme1n1 WS   1701699328 131072    2.515
21:28:50.677 python3        1046588 nvme1n1 WS   1701707776 131072    2.591
21:28:50.677 python3        1046588 nvme1n1 WS   1701708032 131072    2.665
21:28:50.677 python3        1046588 nvme1n1 WS   1701699840 131072    2.749
21:28:50.677 python3        1046588 nvme1n1 WS   1701700096 131072    2.822
21:28:50.677 python3        1046588 nvme1n1 WS   1701700352 131072    2.898
21:28:50.677 python3        1046588 nvme1n1 WS   1701700608 131072    2.974
21:28:50.677 python3        1046587 nvme1n1 WS   580245248  131072    3.070
21:28:50.677 python3        1046587 nvme1n1 WS   580245504  131072    3.139
21:28:50.677 python3        1046587 nvme1n1 WS   580245760  131072    3.219
21:28:50.677 python3        1046586 nvme1n1 WS   1701703680 131072    3.307
21:28:50.677 python3        1046588 nvme1n1 WS   1701700864 131072    3.375
21:28:50.678 python3        1046588 nvme1n1 WS   1701701120 131072    3.453
21:28:50.678 python3        1046588 nvme1n1 WS   1701701376 131072    3.520
21:28:50.678 python3        1046588 nvme1n1 WS   1701701632 131072    3.596
21:28:50.678 python3        1046588 nvme1n1 WS   1701701888 131072    3.672
21:28:50.678 python3        1046588 nvme1n1 WS   1701702144 53248     3.705
21:28:50.678 python3        1046587 nvme1n1 WS   580246016  131072    3.815
21:28:50.678 python3        1046587 nvme1n1 WS   580246272  131072    3.888
21:28:50.678 python3        1046587 nvme1n1 WS   580246528  131072    3.965
21:28:50.678 python3        1046587 nvme1n1 WS   580246784  131072    4.039
21:28:50.678 python3        1046587 nvme1n1 WS   580247040  131072    4.112
21:28:50.678 python3        1046586 nvme1n1 WS   1701703936 131072    4.215
21:28:50.678 python3        1046586 nvme1n1 WS   1701704192 131072    4.287
21:28:50.678 python3        1046586 nvme1n1 WS   1701704448 131072    4.366
21:28:50.679 python3        1046586 nvme1n1 WS   1701704704 131072    4.443
21:28:50.679 python3        1046586 nvme1n1 WS   1701704960 131072    4.519
21:28:50.679 python3        1046586 nvme1n1 WS   1701705216 131072    4.598
21:28:50.679 python3        1046589 nvme1n1 WS   580249344  131072    4.695
21:28:50.679 python3        1046589 nvme1n1 WS   580249600  131072    4.769
21:28:50.679 python3        1046589 nvme1n1 WS   580249856  131072    4.843
21:28:50.679 python3        1046589 nvme1n1 WS   580250112  131072    4.918
21:28:50.679 python3        1046589 nvme1n1 WS   580250368  131072    4.994
21:28:50.679 python3        1046589 nvme1n1 WS   580250624  131072    5.068
21:28:50.679 python3        1046589 nvme1n1 WS   580250880  131072    5.144
21:28:50.679 python3        1046589 nvme1n1 WS   580251136  131072    5.239
21:28:50.679 python3        1046586 nvme1n1 WS   1701705472 131072    5.294
21:28:50.679 python3        1046586 nvme1n1 WS   1701705728 131072    5.370
21:28:50.680 python3        1046586 nvme1n1 WS   1701705984 131072    5.444
21:28:50.680 python3        1046586 nvme1n1 WS   1701706240 53248     5.473
21:28:50.680 python3        1046589 nvme1n1 WS   580251392  131072    5.552
21:28:50.680 python3        1046589 nvme1n1 WS   580251648  131072    5.631
21:28:50.680 python3        1046589 nvme1n1 WS   580251904  131072    5.708
21:28:50.680 python3        1046587 nvme1n1 WS   580247296  131072    5.784
21:28:50.680 python3        1046587 nvme1n1 WS   580386816  131072    5.857
21:28:50.680 python3        1046586 nvme1n1 WS   576880640  131072    5.945
21:28:50.680 python3        1046587 nvme1n1 WS   580387072  131072    6.020
21:28:50.680 python3        1046586 nvme1n1 WS   576880896  131072    6.095
21:28:50.680 python3        1046586 nvme1n1 WS   576881152  131072    6.171
21:28:50.680 python3        1046586 nvme1n1 WS   576881408  131072    6.247
21:28:50.680 python3        1046586 nvme1n1 WS   576881664  131072    6.320
21:28:50.681 python3        1046586 nvme1n1 WS   576881920  131072    6.398
21:28:50.681 python3        1046586 nvme1n1 WS   576882176  131072    6.474
21:28:50.681 python3        1046589 nvme1n1 WS   1701711872 131072    6.565
21:28:50.681 python3        1046589 nvme1n1 WS   1701712128 131072    6.633
21:28:50.681 python3        1046589 nvme1n1 WS   1701712384 131072    6.712
21:28:50.681 python3        1046589 nvme1n1 WS   1701712640 131072    6.790
21:28:50.681 python3        1046589 nvme1n1 WS   1701712896 131072    6.884
21:28:50.681 python3        1046589 nvme1n1 WS   1701713152 131072    6.960
21:28:50.681 python3        1046589 nvme1n1 WS   1701713408 131072    7.039
21:28:50.681 python3        1046589 nvme1n1 WS   1701713664 131072    7.101
21:28:50.681 python3        1046589 nvme1n1 WS   1701713920 131072    7.175
21:28:50.681 python3        1046589 nvme1n1 WS   1701714176 131072    7.254
21:28:50.682 python3        1046589 nvme1n1 WS   1701714432 53248     7.284
21:28:50.682 python3        1046586 nvme1n1 WS   576882432  131072    7.375
21:28:50.682 python3        1046586 nvme1n1 WS   576882688  131072    7.451
21:28:50.682 python3        1046586 nvme1n1 WS   576882944  131072    7.530
21:28:50.682 python3        1046586 nvme1n1 WS   576883200  131072    7.609
21:28:50.682 python3        1046586 nvme1n1 WS   576883456  131072    7.684
21:28:50.682 python3        1046586 nvme1n1 WS   576883712  131072    7.762
21:28:50.682 python3        1046586 nvme1n1 WS   576883968  131072    7.838
21:28:50.682 python3        1046586 nvme1n1 WS   576884224  131072    7.915
21:28:50.682 python3        1046586 nvme1n1 WS   576884480  131072    7.974
21:28:50.682 python3        1046586 nvme1n1 WS   576884736  131072    8.052
21:28:50.682 python3        1046586 nvme1n1 WS   576884992  131072    8.132
21:28:50.683 python3        1046587 nvme1n1 WS   580255744  131072    8.272
21:28:50.683 python3        1046587 nvme1n1 WS   580256000  131072    8.294
21:28:50.683 python3        1046587 nvme1n1 WS   580256256  131072    8.374
21:28:50.683 python3        1046587 nvme1n1 WS   580256512  131072    8.450
21:28:50.683 python3        1046587 nvme1n1 WS   580256768  131072    8.527
21:28:50.683 python3        1046587 nvme1n1 WS   580257024  131072    8.604
21:28:50.683 python3        1046587 nvme1n1 WS   580257280  131072    8.683
21:28:50.683 python3        1046587 nvme1n1 WS   580257536  131072    8.746
21:28:50.683 python3        1046587 nvme1n1 WS   580257792  131072    8.822
21:28:50.683 python3        1046587 nvme1n1 WS   580258048  131072    8.899
21:28:50.683 python3        1046587 nvme1n1 WS   580258304  53248     8.928
21:28:50.848 kworker        1003407 nvme1n1 WM   32         4096      0.116
21:28:50.848 kworker        1003407 nvme1n1 WM   152        4096      0.121
21:28:50.848 kworker        1003407 nvme1n1 WM   224        4096      0.126
21:28:50.848 kworker        1003407 nvme1n1 WM   352        4096      0.127
21:28:50.848 kworker        1003407 nvme1n1 WM   408        4096      0.127
21:28:50.848 kworker        1003407 nvme1n1 WM   568        4096      0.128
21:28:50.848 kworker        1003407 nvme1n1 WM   712        4096      0.136
21:28:50.848 kworker        1003407 nvme1n1 WM   808        4096      0.135
21:28:50.848 kworker        1003407 nvme1n1 WM   50331768   4096      0.135
21:28:50.848 kworker        1003407 nvme1n1 WM   54525960   4096      0.139
21:28:50.848 kworker        1003407 nvme1n1 WM   310378544  4096      0.140
21:28:50.848 kworker        1003407 nvme1n1 WM   314572824  4096      0.145
21:28:50.848 kworker        1003407 nvme1n1 WM   461373568  4096      0.146
21:28:50.848 kworker        1003407 nvme1n1 WM   461373744  4096      0.147
21:28:50.848 kworker        1003407 nvme1n1 WM   461373776  4096      0.150
21:28:50.848 kworker        1003407 nvme1n1 WM   461373888  4096      0.151
21:28:50.848 kworker        1003407 nvme1n1 WM   570425376  4096      0.157
21:28:50.848 kworker        1003407 nvme1n1 WM   570425464  4096      0.157
21:28:50.848 kworker        1003407 nvme1n1 WM   574619664  4096      0.158
21:28:50.848 kworker        1003407 nvme1n1 WM   578813960  8192      0.161
21:28:50.848 kworker        1003407 nvme1n1 WM   578813984  4096      0.162
21:28:50.848 kworker        1003407 nvme1n1 WM   578814096  4096      0.169
21:28:50.848 kworker        1003407 nvme1n1 WM   578814288  4096      0.170
21:28:50.848 kworker        1003407 nvme1n1 WM   578819472  4096      0.172
21:28:50.848 kworker        1003407 nvme1n1 WM   578821880  4096      0.174
21:28:50.848 kworker        1003407 nvme1n1 WM   578821928  4096      0.175
21:28:50.848 kworker        1003407 nvme1n1 WM   578821968  4096      0.180
21:28:50.848 kworker        1003407 nvme1n1 WM   578822008  8192      0.180
21:28:50.848 kworker        1003407 nvme1n1 WM   578822056  4096      0.181
21:28:50.848 kworker        1003407 nvme1n1 WM   578822096  4096      0.185
21:28:50.848 kworker        1003407 nvme1n1 WM   578822144  4096      0.186
21:28:50.848 kworker        1003407 nvme1n1 WM   736        12288     0.205
21:28:50.848 kworker        1083051 nvme1n1 W    1731202800 8192      0.136
21:28:50.848 kworker        1083051 nvme1n1 W    579646288  131072    0.232
21:28:50.848 kworker        1083051 nvme1n1 W    579646544  73728     0.251
21:28:50.848 kworker        1003407 nvme1n1 WM   578822184  4096      0.117
21:28:50.848 kworker        1003407 nvme1n1 WM   578822232  4096      0.128
21:28:50.849 kworker        1003407 nvme1n1 WM   578822272  4096      0.129
21:28:50.849 kworker        1003407 nvme1n1 WM   578822320  4096      0.130
21:28:50.849 kworker        1003407 nvme1n1 WM   578822360  4096      0.130
21:28:50.849 kworker        1144453 nvme0n1 W    32601592   8192      0.424
21:28:50.849 kworker        1003407 nvme1n1 WM   578822400  4096      0.180
21:28:50.849 kworker        1003407 nvme1n1 WM   578822448  4096      0.182
21:28:50.849 kworker        1003407 nvme1n1 WM   578822488  4096      0.182
21:28:50.849 kworker        1003407 nvme1n1 WM   578822536  4096      0.182
21:28:50.849 kworker        1003407 nvme1n1 WM   721715656  4096      0.178
21:28:50.849 kworker        1003407 nvme1n1 WM   721720056  4096      0.179
21:28:50.849 kworker        1003407 nvme1n1 WM   721787144  8192      0.179
21:28:50.849 kworker        1003407 nvme1n1 WM   721787328  8192      0.180
21:28:50.849 kworker        1003407 nvme1n1 WM   721788464  4096      0.182
21:28:50.849 kworker        1003407 nvme1n1 WM   721788928  4096      0.182
21:28:50.849 kworker        1003407 nvme1n1 WM   729808928  4096      0.183
21:28:50.849 kworker        1003407 nvme1n1 WM   843055136  4096      0.183
21:28:50.849 kworker        1003407 nvme1n1 WM   843055168  8192      0.183
21:28:50.849 kworker        1003407 nvme1n1 WM   844107440  4096      0.184
21:28:50.849 kworker        1003407 nvme1n1 WM   844117496  4096      0.184
21:28:50.849 kworker        1003407 nvme1n1 WM   1484783624 4096      0.182
21:28:50.849 kworker        1003407 nvme1n1 WM   1484783672 4096      0.185
21:28:50.849 kworker        1003407 nvme1n1 WM   1493844928 4096      0.186
21:28:50.849 kworker        1003407 nvme1n1 WM   1523306488 4096      0.186
21:28:50.849 kworker        1003407 nvme1n1 WM   1524547568 4096      0.186
21:28:50.849 kworker        1003407 nvme1n1 WM   578822568  53248     0.236
21:28:50.849 kworker        1003407 nvme1n1 WM   578822688  57344     0.306
21:28:50.849 kworker        1003407 nvme1n1 WM   578822808  12288     0.311
21:28:50.849 kworker        1003407 nvme1n1 WM   721420296  12288     0.312
21:28:50.849 kworker        1003407 nvme1n1 WM   721787608  12288     0.311
21:28:50.849 kworker        1003407 nvme1n1 WM   905974832  49152     0.320
21:28:50.849 kworker        1003407 nvme1n1 WM   1174405128 12288     0.333
21:28:50.849 kworker        1003407 nvme1n1 WM   1535115392 4096      0.260
21:28:50.849 kworker        1003407 nvme1n1 WM   1535115520 4096      0.262
21:28:50.849 kworker        1003407 nvme1n1 WM   1535115664 4096      0.266
21:28:50.849 kworker        1003407 nvme1n1 WM   1547698280 4096      0.274
21:28:50.849 kworker        1003407 nvme1n1 WM   1564475552 4096      0.275
21:28:50.849 kworker        1003407 nvme1n1 WM   1564492952 8192      0.276
21:28:50.849 kworker        1003407 nvme1n1 WM   1564835824 4096      0.277
21:28:50.849 kworker        1003407 nvme1n1 WM   1686110224 4096      0.278
21:28:50.849 kworker        1003407 nvme1n1 WM   1686110304 4096      0.278
21:28:50.849 kworker        1003407 nvme1n1 WM   1694498840 4096      0.279
21:28:50.849 kworker        1003407 nvme1n1 WM   1694498872 4096      0.284
21:28:50.849 kworker        1003407 nvme1n1 WM   1698693200 4096      0.284
21:28:50.849 kworker        1003407 nvme1n1 WM   1698693216 4096      0.285
21:28:50.849 kworker        1003407 nvme1n1 WM   1719481664 4096      0.285
21:28:50.849 kworker        1003407 nvme1n1 WM   1732247592 4096      0.286
21:28:50.849 kworker        1003407 nvme1n1 WM   1732247608 4096      0.321
21:28:50.849 kworker        1003407 nvme1n1 WM   1732247624 4096      0.322
21:28:50.849 kworker        1003407 nvme1n1 WM   1735530112 4096      0.323
21:28:50.849 kworker        1003407 nvme1n1 WM   1735530432 4096      0.323
21:28:50.849 kworker        1003407 nvme1n1 WM   1740636176 4096      0.324
21:28:50.849 kworker        1003407 nvme1n1 WM   1752334104 4096      0.324
21:28:50.849 kworker        1003407 nvme1n1 WM   1752334296 4096      0.325
21:28:50.849 kworker        1003407 nvme1n1 WM   1753219080 4096      0.325
21:28:50.849 kworker        1003407 nvme1n1 WM   1753219184 4096      0.326
21:28:50.849 kworker        1003407 nvme1n1 WM   1756377568 4096      0.326
21:28:50.849 kworker        1003407 nvme1n1 WM   1756377624 4096      0.326
21:28:50.849 kworker        1003407 nvme1n1 WM   1756377824 4096      0.327
21:28:50.849 kworker        1003407 nvme1n1 WM   1756377840 4096      0.327
21:28:50.849 kworker        1003407 nvme1n1 WM   1756379000 4096      0.338
21:28:50.849 kworker        1003407 nvme1n1 WM   1756384208 4096      0.340
21:28:50.849 kworker        1003407 nvme1n1 WM   1756389880 4096      0.341
21:28:50.849 kworker        1003407 nvme1n1 WM   1756389904 8192      0.341
21:28:50.849 kworker        1003407 nvme1n1 WM   1756390080 4096      0.218
21:28:50.849 kworker        1003407 nvme1n1 WM   1756390392 4096      0.218
21:28:50.849 kworker        1003407 nvme1n1 WM   1756391216 8192      0.219
21:28:50.849 kworker        1003407 nvme1n1 WM   1756391376 4096      0.214
21:28:50.849 kworker        1003407 nvme1n1 WM   1756407800 4096      0.216
21:28:50.849 kworker        1003407 nvme1n1 WM   1756414176 4096      0.218
21:28:50.849 kworker        1003407 nvme1n1 WM   1756414912 4096      0.223
21:28:50.849 kworker        1003407 nvme1n1 WM   1756414944 4096      0.224
21:28:50.849 kworker        1003407 nvme1n1 WM   1756414960 4096      0.225
21:28:50.849 kworker        1003407 nvme1n1 WM   1756415528 4096      0.230
21:28:50.849 kworker        1003407 nvme1n1 WM   1756428288 4096      0.230
21:28:50.849 kworker        1003407 nvme1n1 WM   1756439512 4096      0.231
21:28:50.849 kworker        1003407 nvme1n1 WM   1756439544 4096      0.236
21:28:50.849 kworker        1003407 nvme1n1 WM   1756440520 4096      0.236
21:28:50.849 kworker        1003407 nvme1n1 WM   1756440536 4096      0.237
21:28:50.849 kworker        1003407 nvme1n1 WM   1756440560 4096      0.242
21:28:50.849 kworker        1003407 nvme1n1 WM   1756440856 8192      0.242
21:28:50.849 kworker        1003407 nvme1n1 WM   1756440888 4096      0.246
21:28:50.849 kworker        1003407 nvme1n1 WM   1756441880 4096      0.249
21:28:50.849 kworker        1003407 nvme1n1 WM   1756441936 4096      0.251
21:28:50.849 kworker        1003407 nvme1n1 WM   1756442544 4096      0.259
21:28:50.849 kworker        1003407 nvme1n1 WM   1756447096 4096      0.263
21:28:50.849 kworker        1003407 nvme1n1 WM   1756489680 4096      0.263
21:28:50.849 kworker        1003407 nvme1n1 WM   1756492352 4096      0.266
21:28:50.849 kworker        1003407 nvme1n1 WM   1756492368 8192      0.268
21:28:50.849 kworker        1003407 nvme1n1 WM   1756492408 4096      0.270
21:28:50.849 kworker        1003407 nvme1n1 WM   1756492528 4096      0.273
21:28:50.849 kworker        1003407 nvme1n1 WM   1756520944 8192      0.275
21:28:50.849 kworker        1003407 nvme1n1 WM   1756525544 4096      0.279
21:28:50.849 kworker        1003407 nvme1n1 WM   1756526744 4096      0.280
21:28:50.849 kworker        1003407 nvme1n1 WM   1756414200 16384     0.298
21:28:50.849 kworker        1003407 nvme1n1 WM   1756415544 12288     0.303
21:28:50.849 kworker        1003407 nvme1n1 WM   1756527544 4096      0.232
21:28:50.849 kworker        1003407 nvme1n1 WM   1756528240 8192      0.240
21:28:50.849 kworker        1003407 nvme1n1 WM   1756528344 4096      0.241
21:28:50.849 kworker        1003407 nvme1n1 WM   1756549576 8192      0.241
21:28:50.849 kworker        1003407 nvme1n1 WM   1756551152 4096      0.262
21:28:50.849 kworker        1003407 nvme1n1 WM   1756599952 8192      0.263
21:28:50.849 kworker        1003407 nvme1n1 WM   1756600208 4096      0.263
21:28:50.849 kworker        1003407 nvme1n1 WM   1756600944 4096      0.264
21:28:50.849 kworker        1003407 nvme1n1 WM   1756600976 4096      0.265
21:28:50.849 kworker        1003407 nvme1n1 WM   1756601064 4096      0.265
21:28:50.849 kworker        1003407 nvme1n1 WM   1756601464 4096      0.265
21:28:50.849 kworker        1003407 nvme1n1 WM   1756662312 4096      0.271
21:28:50.849 kworker        1003407 nvme1n1 WM   1756670512 4096      0.271
21:28:50.849 kworker        1003407 nvme1n1 WM   1756670576 8192      0.272
21:28:50.849 kworker        1003407 nvme1n1 WM   1756671472 8192      0.274
21:28:50.849 kworker        1003407 nvme1n1 WM   1756680688 4096      0.275
21:28:50.849 kworker        1003407 nvme1n1 WM   1756682176 8192      0.279
21:28:50.849 kworker        1003407 nvme1n1 WM   1756682200 4096      0.280
21:28:50.849 kworker        1003407 nvme1n1 WM   1756684008 4096      0.281
21:28:50.849 kworker        1003407 nvme1n1 WM   1756686272 4096      0.282
21:28:50.849 kworker        1003407 nvme1n1 WM   1756686288 8192      0.285
21:28:50.849 kworker        1003407 nvme1n1 WM   1756692424 8192      0.287
21:28:50.849 kworker        1003407 nvme1n1 WM   1756754872 4096      0.290
21:28:50.849 kworker        1003407 nvme1n1 WM   1756598984 12288     0.311
21:28:50.849 kworker        1003407 nvme1n1 WM   1756754888 4096      0.103
21:28:50.849 kworker        1003407 nvme1n1 WM   1756757952 8192      0.108
21:28:50.849 kworker        1003407 nvme1n1 WM   1756758000 4096      0.109
21:28:50.850 kworker        1083051 nvme1n1 W    579646688  122880    0.198
21:28:50.850 kworker        1083051 nvme1n1 W    579646928  131072    0.279
21:28:50.850 kworker        1083051 nvme1n1 W    579647184  45056     0.306
21:28:50.850 kworker        1083051 nvme1n1 W    731107576  94208     0.371
21:28:50.850 kworker        1083051 nvme1n1 W    723176528  69632     0.413
21:28:50.850 kworker        1083051 nvme1n1 W    723176664  69632     0.458
21:28:50.850 kworker        1083051 nvme1n1 W    730982840  106496    0.525
21:28:50.850 kworker        1083051 nvme1n1 W    579647272  53248     0.554
21:28:50.850 kworker        1083051 nvme1n1 W    1733579400 131072    0.632
21:28:50.850 kworker        1083051 nvme1n1 W    1733579656 61440     0.671
21:28:50.850 kworker        1083051 nvme1n1 W    579647376  32768     0.691
21:28:50.850 kworker        1083051 nvme1n1 W    1551245288 131072    0.770
21:28:50.850 kworker        1083051 nvme1n1 W    1551245544 90112     0.823
21:28:50.850 kworker        1083051 nvme1n1 W    730947936  77824     0.870
21:28:50.850 kworker        1083051 nvme1n1 W    579647440  40960     0.893
21:28:50.851 kworker        1083051 nvme1n1 W    1551249400 131072    0.974
21:28:50.851 kworker        1083051 nvme1n1 W    1551249656 77824     1.022
21:28:50.851 kworker        1083051 nvme1n1 W    1174947440 131072    1.100
21:28:50.851 kworker        1083051 nvme1n1 W    1174947696 45056     1.136
21:28:50.851 kworker        1083051 nvme1n1 W    1175151480 131072    1.205
21:28:50.851 kworker        1083051 nvme1n1 W    1175151736 45056     1.232
21:28:51.483 Bun Poo        1145121 nvme0n1 WS   37220760   36864     0.556
21:28:51.483 jbd2/nv        391     nvme0n1 WS   37154496   4096      0.376
21:28:51.484 jbd2/nv        391     nvme0n1 WSM  4217472    126976    0.722
21:28:51.484 jbd2/nv        391     nvme0n1 WSM  4217720    4096      0.315
21:28:51.624 nvme           1155361 Unknown N    -1         512       0.039
21:28:52.330 ib_pg_f        125934  nvme1n1 WS   1737209856 16384     0.068
21:28:52.330 ib_pg_f        125934  nvme1n1 WS   1756903584 16384     0.043
21:28:52.626 nvme           1155365 Unknown N    -1         512       0.032
21:28:52.836 ib_log_        125934  nvme1n1 WS   1739625240 4096      0.056
21:28:52.836 ib_log_        125934  nvme1n1 WS   1739620352 4096      0.036
21:28:53.240 VLLM::W        1046589 nvme1n1 RS   575737856  131072    0.222
21:28:53.240 VLLM::W        1046589 nvme1n1 RS   575738112  131072    0.235
21:28:53.240 VLLM::W        1046589 nvme1n1 RS   575738368  131072    0.265
21:28:53.240 VLLM::W        1046589 nvme1n1 RS   575738624  131072    0.296
21:28:53.240 VLLM::W        1046589 nvme1n1 RS   575738880  131072    0.385
21:28:53.240 VLLM::W        1046589 nvme1n1 RS   575739136  131072    0.406
21:28:53.240 VLLM::W        1046589 nvme1n1 RS   575739392  131072    0.416
21:28:53.240 VLLM::W        1046587 nvme1n1 RS   1565475072 131072    0.497
21:28:53.240 VLLM::W        1046587 nvme1n1 RS   1565475328 131072    0.532
21:28:53.240 VLLM::W        1046587 nvme1n1 RS   1565474816 131072    0.555
21:28:53.241 VLLM::W        1046587 nvme1n1 RS   1565476096 131072    0.628
21:28:53.241 VLLM::W        1046587 nvme1n1 RS   1565475584 131072    0.667
21:28:53.241 VLLM::W        1046587 nvme1n1 RS   1565475840 131072    0.678
21:28:53.241 VLLM::W        1046587 nvme1n1 RS   1565476352 131072    0.684
21:28:53.241 VLLM::W        1046589 nvme1n1 RS   575739904  131072    0.701
21:28:53.241 VLLM::W        1046589 nvme1n1 RS   575739648  131072    0.738
21:28:53.241 VLLM::W        1046589 nvme1n1 RS   575740160  131072    0.766
21:28:53.241 VLLM::W        1046589 nvme1n1 RS   575740928  131072    0.825
21:28:53.241 VLLM::W        1046589 nvme1n1 RS   575740672  131072    0.849
21:28:53.241 VLLM::W        1046589 nvme1n1 RS   575740416  131072    0.879
21:28:53.241 VLLM::W        1046587 nvme1n1 RS   1565476608 131072    0.897
21:28:53.241 VLLM::W        1046587 nvme1n1 RS   1565476864 131072    0.908
21:28:53.241 VLLM::W        1046589 nvme1n1 RS   575741184  131072    0.982
21:28:53.241 VLLM::W        1046589 nvme1n1 RS   575741440  131072    0.993
21:28:53.241 VLLM::W        1046587 nvme1n1 RS   1565477632 131072    1.057
21:28:53.241 VLLM::W        1046587 nvme1n1 RS   1565477120 131072    1.106
21:28:53.241 VLLM::W        1046587 nvme1n1 RS   1565477376 131072    1.094
21:28:53.241 VLLM::W        1046587 nvme1n1 RS   1565477888 131072    1.146
21:28:53.241 VLLM::W        1046587 nvme1n1 RS   1565478400 131072    1.241
21:28:53.241 VLLM::W        1046589 nvme1n1 RS   575741696  131072    1.239
21:28:53.241 VLLM::W        1046589 nvme1n1 RS   575742208  131072    1.305
21:28:53.241 VLLM::W        1046587 nvme1n1 RS   1565478144 131072    1.325
21:28:53.241 VLLM::W        1046589 nvme1n1 RS   575741952  131072    1.346
21:28:53.241 VLLM::W        1046587 nvme1n1 RS   1565495552 131072    1.333
21:28:53.241 VLLM::W        1046587 nvme1n1 RS   1565495296 131072    1.368
21:28:53.241 VLLM::W        1046586 nvme1n1 RS   1565462528 131072    0.354
21:28:53.241 VLLM::W        1046586 nvme1n1 RS   1565463040 131072    0.381
21:28:53.242 VLLM::W        1046587 nvme1n1 RS   1565478656 131072    1.490
21:28:53.242 VLLM::W        1046586 nvme1n1 RS   1565463296 131072    0.448
21:28:53.242 VLLM::W        1046586 nvme1n1 RS   1565462784 131072    0.525
21:28:53.242 VLLM::W        1046586 nvme1n1 RS   1565464064 131072    0.524
21:28:53.242 VLLM::W        1046586 nvme1n1 RS   1565464320 131072    0.593
21:28:53.242 VLLM::W        1046586 nvme1n1 RS   1565464576 131072    0.599
21:28:53.242 VLLM::W        1046586 nvme1n1 RS   1565463552 131072    0.684
21:28:53.242 VLLM::W        1046586 nvme1n1 RS   1565463808 131072    0.697
21:28:53.242 VLLM::W        1046586 nvme1n1 RS   1565465856 131072    0.713
21:28:53.242 VLLM::W        1046586 nvme1n1 RS   1565464832 131072    0.747
21:28:53.242 VLLM::W        1046586 nvme1n1 RS   1565465088 131072    0.759
21:28:53.242 VLLM::W        1046586 nvme1n1 RS   1565465600 131072    0.788
21:28:53.242 VLLM::W        1046586 nvme1n1 RS   1565465344 131072    0.794
21:28:53.242 VLLM::W        1046586 nvme1n1 RS   1565483264 131072    0.840
21:28:53.242 VLLM::W        1046586 nvme1n1 RS   1565466112 131072    0.875
21:28:53.242 VLLM::W        1046589 nvme1n1 RS   1565520128 131072    0.623
21:28:53.242 VLLM::W        1046589 nvme1n1 RS   1565520384 131072    0.671
21:28:53.242 VLLM::W        1046586 nvme1n1 RS   1565466368 131072    1.017
21:28:53.242 VLLM::W        1046586 nvme1n1 RS   1565483008 131072    1.028
21:28:53.242 VLLM::W        1046589 nvme1n1 RS   1565521152 131072    0.750
21:28:53.242 VLLM::W        1046589 nvme1n1 RS   1565521408 131072    0.771
21:28:53.242 VLLM::W        1046589 nvme1n1 RS   1565519872 131072    0.802
21:28:53.242 VLLM::W        1046589 nvme1n1 RS   1565521920 131072    0.775
21:28:53.242 VLLM::W        1046589 nvme1n1 RS   1565520640 131072    0.882
21:28:53.242 VLLM::W        1046589 nvme1n1 RS   1565520896 131072    0.887
21:28:53.242 VLLM::W        1046589 nvme1n1 RS   1565521664 131072    0.885
21:28:53.242 VLLM::W        1046589 nvme1n1 RS   1565522176 131072    0.891
21:28:53.243 VLLM::W        1046589 nvme1n1 RS   1565522944 131072    0.951
21:28:53.243 VLLM::W        1046589 nvme1n1 RS   1565522432 131072    0.968
21:28:53.243 VLLM::W        1046589 nvme1n1 RS   1565522688 131072    0.971
21:28:53.243 VLLM::W        1046589 nvme1n1 RS   1565523456 131072    1.000
21:28:53.243 VLLM::W        1046589 nvme1n1 RS   1565523200 131072    1.017
21:28:53.243 VLLM::W        1046589 nvme1n1 RS   1565523712 131072    1.072
21:28:53.243 VLLM::W        1046589 nvme1n1 RS   1565536256 131072    1.089
21:28:53.243 VLLM::W        1046589 nvme1n1 RS   1565536512 131072    1.099
21:28:53.243 VLLM::W        1046587 nvme1n1 RS   1565499648 131072    1.111
21:28:53.243 VLLM::W        1046587 nvme1n1 RS   1565499392 131072    1.127
21:28:53.243 VLLM::W        1046587 nvme1n1 RS   1565499904 131072    1.140
21:28:53.243 VLLM::W        1046587 nvme1n1 RS   1565500160 131072    1.154
21:28:53.243 VLLM::W        1046587 nvme1n1 RS   1565500416 131072    1.234
21:28:53.243 VLLM::W        1046587 nvme1n1 RS   1565500672 131072    1.243
21:28:53.243 VLLM::W        1046587 nvme1n1 RS   1565500928 131072    1.297
21:28:53.243 VLLM::W        1046587 nvme1n1 RS   1565501696 131072    1.321
21:28:53.243 VLLM::W        1046587 nvme1n1 RS   1565501184 131072    1.336
21:28:53.243 VLLM::W        1046587 nvme1n1 RS   1565501952 131072    1.357
21:28:53.243 VLLM::W        1046587 nvme1n1 RS   1565501440 131072    1.424
21:28:53.243 VLLM::W        1046587 nvme1n1 RS   1565502464 131072    1.425
21:28:53.243 VLLM::W        1046587 nvme1n1 RS   1565502976 131072    1.492
21:28:53.243 VLLM::W        1046587 nvme1n1 RS   1565502208 131072    1.521
21:28:53.243 VLLM::W        1046587 nvme1n1 RS   1565503232 131072    1.523
21:28:53.243 VLLM::W        1046587 nvme1n1 RS   1565502720 131072    1.549
21:28:53.243 VLLM::W        1046587 nvme1n1 RS   1565511680 131072    1.608
21:28:53.243 VLLM::W        1046587 nvme1n1 RS   1565511936 131072    1.620
21:28:53.244 VLLM::W        1046588 nvme1n1 RS   1565323264 131072    1.430
21:28:53.244 VLLM::W        1046588 nvme1n1 RS   1565323776 131072    1.433
21:28:53.244 VLLM::W        1046588 nvme1n1 RS   1565323520 131072    1.448
21:28:53.244 VLLM::W        1046588 nvme1n1 RS   1565324032 131072    1.479
21:28:53.244 VLLM::W        1046588 nvme1n1 RS   1565324288 131072    1.510
21:28:53.244 VLLM::W        1046588 nvme1n1 RS   1565324544 131072    1.521
21:28:53.244 VLLM::W        1046588 nvme1n1 RS   1565324800 131072    1.562
21:28:53.244 VLLM::W        1046588 nvme1n1 RS   1565325312 131072    1.570
21:28:53.244 VLLM::W        1046588 nvme1n1 RS   1565325056 131072    1.595
21:28:53.244 VLLM::W        1046588 nvme1n1 RS   1565325568 131072    1.602
21:28:53.244 VLLM::W        1046588 nvme1n1 RS   1565326336 131072    1.683
21:28:53.244 VLLM::W        1046588 nvme1n1 RS   1565326592 131072    1.721
21:28:53.244 VLLM::W        1046588 nvme1n1 RS   1565325824 131072    1.752
21:28:53.244 VLLM::W        1046588 nvme1n1 RS   1565326080 131072    1.762
21:28:53.244 VLLM::W        1046588 nvme1n1 RS   1565327104 131072    1.782
21:28:53.244 VLLM::W        1046588 nvme1n1 RS   1565458432 131072    1.809
21:28:53.244 VLLM::W        1046588 nvme1n1 RS   1565326848 131072    1.869
21:28:53.244 VLLM::W        1046588 nvme1n1 RS   1565458688 131072    1.860
21:28:53.244 VLLM::W        1046586 nvme1n1 RS   844927232  131072    1.690
21:28:53.244 VLLM::W        1046586 nvme1n1 RS   844926976  131072    1.711
21:28:53.244 VLLM::W        1046586 nvme1n1 RS   844927488  131072    1.716
21:28:53.244 VLLM::W        1046586 nvme1n1 RS   844928256  131072    1.830
21:28:53.244 VLLM::W        1046586 nvme1n1 RS   844927744  131072    1.852
21:28:53.244 VLLM::W        1046586 nvme1n1 RS   844928000  131072    1.868
21:28:53.244 VLLM::W        1046586 nvme1n1 RS   844928512  131072    1.919
21:28:53.244 VLLM::W        1046586 nvme1n1 RS   844929280  131072    1.924
21:28:53.244 VLLM::W        1046586 nvme1n1 RS   844929536  131072    1.953
21:28:53.244 VLLM::W        1046586 nvme1n1 RS   844928768  131072    1.980
21:28:53.244 VLLM::W        1046586 nvme1n1 RS   844929024  131072    2.001
21:28:53.245 VLLM::W        1046586 nvme1n1 RS   844930304  131072    2.049
21:28:53.245 VLLM::W        1046586 nvme1n1 RS   844929792  131072    2.075
21:28:53.245 VLLM::W        1046586 nvme1n1 RS   844930048  131072    2.087
21:28:53.245 VLLM::W        1046586 nvme1n1 RS   844930560  131072    2.102
21:28:53.245 VLLM::W        1046586 nvme1n1 RS   844930816  131072    2.100
21:28:53.245 VLLM::W        1046586 nvme1n1 RS   844931072  131072    2.134
21:28:53.245 VLLM::W        1046586 nvme1n1 RS   844931328  131072    2.160
21:28:53.245 VLLM::W        1046589 nvme1n1 RS   1581850624 131072    1.914
21:28:53.245 VLLM::W        1046589 nvme1n1 RS   1581850880 131072    1.972
21:28:53.245 VLLM::W        1046589 nvme1n1 RS   1581851136 131072    1.993
21:28:53.245 VLLM::W        1046589 nvme1n1 RS   1581851392 131072    2.018
21:28:53.245 VLLM::W        1046589 nvme1n1 RS   1581851648 131072    2.045
21:28:53.245 VLLM::W        1046589 nvme1n1 RS   1581851904 131072    2.062
21:28:53.245 VLLM::W        1046589 nvme1n1 RS   1581852160 131072    2.074
21:28:53.245 VLLM::W        1046589 nvme1n1 RS   1581852672 131072    2.059
21:28:53.245 VLLM::W        1046589 nvme1n1 RS   1581852416 131072    2.105
21:28:53.245 VLLM::W        1046589 nvme1n1 RS   1581852928 131072    2.118
21:28:53.245 VLLM::W        1046589 nvme1n1 RS   1581853184 131072    2.123
21:28:53.245 VLLM::W        1046589 nvme1n1 RS   1581853696 131072    2.190
21:28:53.245 VLLM::W        1046589 nvme1n1 RS   1581853952 131072    2.221
21:28:53.245 VLLM::W        1046589 nvme1n1 RS   1581853440 131072    2.263
21:28:53.245 VLLM::W        1046589 nvme1n1 RS   1581854208 131072    2.267
21:28:53.245 VLLM::W        1046589 nvme1n1 RS   1581854720 131072    2.308
21:28:53.245 VLLM::W        1046589 nvme1n1 RS   1581854976 131072    2.348
21:28:53.245 VLLM::W        1046589 nvme1n1 RS   1581854464 131072    2.363
21:28:53.245 VLLM::W        1046587 nvme1n1 RS   844935168  131072    1.871
21:28:53.245 VLLM::W        1046587 nvme1n1 RS   844935680  131072    1.902
21:28:53.246 VLLM::W        1046587 nvme1n1 RS   844935936  131072    1.941
21:28:53.246 VLLM::W        1046587 nvme1n1 RS   844935424  131072    1.969
21:28:53.246 VLLM::W        1046587 nvme1n1 RS   844936192  131072    1.973
21:28:53.246 VLLM::W        1046587 nvme1n1 RS   844936448  131072    2.009
21:28:53.246 VLLM::W        1046587 nvme1n1 RS   844936704  131072    2.047
21:28:53.246 VLLM::W        1046587 nvme1n1 RS   844936960  131072    2.034
21:28:53.246 VLLM::W        1046587 nvme1n1 RS   844937216  131072    2.059
21:28:53.246 VLLM::W        1046587 nvme1n1 RS   844937472  131072    2.095
21:28:53.246 VLLM::W        1046587 nvme1n1 RS   844937728  131072    2.125
21:28:53.246 VLLM::W        1046587 nvme1n1 RS   844937984  131072    2.190
21:28:53.246 VLLM::W        1046587 nvme1n1 RS   844938240  131072    2.215
21:28:53.246 VLLM::W        1046587 nvme1n1 RS   844938496  131072    2.245
21:28:53.246 VLLM::W        1046587 nvme1n1 RS   844938752  131072    2.259
21:28:53.246 VLLM::W        1046587 nvme1n1 RS   844939008  131072    2.293
21:28:53.246 VLLM::W        1046587 nvme1n1 RS   844939264  131072    2.320
21:28:53.246 VLLM::W        1046587 nvme1n1 RS   844939520  131072    2.345
21:28:53.246 VLLM::W        1046588 nvme1n1 RS   731177216  131072    1.926
21:28:53.246 VLLM::W        1046588 nvme1n1 RS   731176960  131072    1.938
21:28:53.246 VLLM::W        1046588 nvme1n1 RS   731177984  131072    1.940
21:28:53.246 VLLM::W        1046588 nvme1n1 RS   731178240  131072    1.964
21:28:53.246 VLLM::W        1046588 nvme1n1 RS   731177472  131072    1.995
21:28:53.246 VLLM::W        1046588 nvme1n1 RS   731177728  131072    2.021
21:28:53.246 VLLM::W        1046588 nvme1n1 RS   731178752  131072    1.968
21:28:53.246 VLLM::W        1046588 nvme1n1 RS   731179008  131072    1.996
21:28:53.246 VLLM::W        1046588 nvme1n1 RS   731178496  131072    2.100
21:28:53.246 VLLM::W        1046588 nvme1n1 RS   731179264  131072    2.097
21:28:53.246 VLLM::W        1046588 nvme1n1 RS   731179776  131072    2.110
21:28:53.246 VLLM::W        1046588 nvme1n1 RS   731179520  131072    2.127
21:28:53.247 VLLM::W        1046588 nvme1n1 RS   731180288  131072    2.167
21:28:53.247 VLLM::W        1046588 nvme1n1 RS   731180032  131072    2.185
21:28:53.247 VLLM::W        1046588 nvme1n1 RS   731180800  131072    2.244
21:28:53.247 VLLM::W        1046588 nvme1n1 RS   731180544  131072    2.281
21:28:53.247 VLLM::W        1046588 nvme1n1 RS   731250688  131072    2.286
21:28:53.247 VLLM::W        1046588 nvme1n1 RS   731250944  131072    2.291
21:28:53.247 VLLM::W        1046586 nvme1n1 RS   1565466624 131072    1.932
21:28:53.247 VLLM::W        1046586 nvme1n1 RS   1565466880 131072    1.933
21:28:53.247 VLLM::W        1046586 nvme1n1 RS   1565467136 131072    1.943
21:28:53.247 VLLM::W        1046586 nvme1n1 RS   1565467392 131072    1.974
21:28:53.247 VLLM::W        1046586 nvme1n1 RS   1565467648 131072    2.018
21:28:53.247 VLLM::W        1046586 nvme1n1 RS   1565467904 131072    2.063
21:28:53.247 VLLM::W        1046586 nvme1n1 RS   1565468160 131072    2.075
21:28:53.247 VLLM::W        1046586 nvme1n1 RS   1565468416 131072    2.111
21:28:53.247 VLLM::W        1046586 nvme1n1 RS   1565468672 131072    2.138
21:28:53.247 VLLM::W        1046586 nvme1n1 RS   1565468928 131072    2.143
21:28:53.247 VLLM::W        1046586 nvme1n1 RS   1565469184 131072    2.175
21:28:53.247 VLLM::W        1046586 nvme1n1 RS   1565469440 131072    2.200
21:28:53.247 VLLM::W        1046586 nvme1n1 RS   1565469696 131072    2.239
21:28:53.247 VLLM::W        1046586 nvme1n1 RS   1565469952 131072    2.270
21:28:53.247 VLLM::W        1046586 nvme1n1 RS   1565470208 131072    2.295
21:28:53.247 VLLM::W        1046586 nvme1n1 RS   1565470464 131072    2.308
21:28:53.247 VLLM::W        1046586 nvme1n1 RS   1565487104 131072    2.338
21:28:53.247 VLLM::W        1046586 nvme1n1 RS   1565487360 131072    2.368
21:28:53.247 VLLM::W        1046589 nvme1n1 RS   1685999616 131072    1.610
21:28:53.247 VLLM::W        1046589 nvme1n1 RS   1685999872 131072    1.640
21:28:53.247 VLLM::W        1046589 nvme1n1 RS   1686000128 131072    1.669
21:28:53.247 VLLM::W        1046589 nvme1n1 RS   1686000384 131072    1.706
21:28:53.248 VLLM::W        1046589 nvme1n1 RS   1686000640 131072    1.741
21:28:53.248 VLLM::W        1046589 nvme1n1 RS   1686000896 131072    1.790
21:28:53.248 VLLM::W        1046589 nvme1n1 RS   1686001152 131072    1.819
21:28:53.248 VLLM::W        1046589 nvme1n1 RS   1686001408 131072    1.820
21:28:53.248 VLLM::W        1046589 nvme1n1 RS   1686001664 131072    1.868
21:28:53.248 VLLM::W        1046589 nvme1n1 RS   1686001920 131072    1.878
21:28:53.248 VLLM::W        1046589 nvme1n1 RS   1686002176 131072    1.907
21:28:53.248 VLLM::W        1046589 nvme1n1 RS   1686002432 131072    1.950
21:28:53.248 VLLM::W        1046589 nvme1n1 RS   1686002688 131072    1.960
21:28:53.248 VLLM::W        1046589 nvme1n1 RS   1686002944 131072    1.997
21:28:53.248 VLLM::W        1046589 nvme1n1 RS   1686003200 131072    2.028
21:28:53.248 VLLM::W        1046589 nvme1n1 RS   1686003456 131072    2.045
21:28:53.248 VLLM::W        1046589 nvme1n1 RS   1686003712 131072    2.079
21:28:53.248 VLLM::W        1046589 nvme1n1 RS   1686003968 131072    2.115
21:28:53.248 VLLM::W        1046587 nvme1n1 RS   1565503488 131072    1.943
21:28:53.248 VLLM::W        1046587 nvme1n1 RS   1565503744 131072    1.946
21:28:53.248 VLLM::W        1046587 nvme1n1 RS   1565504000 131072    2.002
21:28:53.248 VLLM::W        1046587 nvme1n1 RS   1565504256 131072    2.024
21:28:53.248 VLLM::W        1046587 nvme1n1 RS   1565504512 131072    2.029
21:28:53.248 VLLM::W        1046587 nvme1n1 RS   1565504768 131072    2.085
21:28:53.248 VLLM::W        1046587 nvme1n1 RS   1565505024 131072    2.096
21:28:53.248 VLLM::W        1046587 nvme1n1 RS   1565505280 131072    2.093
21:28:53.248 VLLM::W        1046587 nvme1n1 RS   1565505536 131072    2.120
21:28:53.248 VLLM::W        1046587 nvme1n1 RS   1565505792 131072    2.156
21:28:53.248 VLLM::W        1046587 nvme1n1 RS   1565506048 131072    2.181
21:28:53.248 VLLM::W        1046587 nvme1n1 RS   1565506304 131072    2.220
21:28:53.248 VLLM::W        1046587 nvme1n1 RS   1565506560 131072    2.242
21:28:53.249 VLLM::W        1046587 nvme1n1 RS   1565506816 131072    2.269
21:28:53.249 VLLM::W        1046587 nvme1n1 RS   1565507072 131072    2.306
21:28:53.249 VLLM::W        1046587 nvme1n1 RS   1565507328 131072    2.375
21:28:53.249 VLLM::W        1046587 nvme1n1 RS   1565507584 131072    2.386
21:28:53.249 VLLM::W        1046587 nvme1n1 RS   1565507840 131072    2.436
21:28:53.249 VLLM::W        1046588 nvme1n1 RS   731181056  131072    1.931
21:28:53.249 VLLM::W        1046588 nvme1n1 RS   731181312  131072    1.934
21:28:53.249 VLLM::W        1046588 nvme1n1 RS   731181568  131072    1.943
21:28:53.249 VLLM::W        1046588 nvme1n1 RS   731181824  131072    1.946
21:28:53.249 VLLM::W        1046588 nvme1n1 RS   731182080  131072    2.020
21:28:53.249 VLLM::W        1046588 nvme1n1 RS   731182336  131072    2.032
21:28:53.249 VLLM::W        1046588 nvme1n1 RS   731182592  131072    2.046
21:28:53.249 VLLM::W        1046588 nvme1n1 RS   731182848  131072    2.027
21:28:53.249 VLLM::W        1046588 nvme1n1 RS   731183104  131072    2.060
21:28:53.249 VLLM::W        1046588 nvme1n1 RS   731183616  131072    2.140
21:28:53.249 VLLM::W        1046588 nvme1n1 RS   731183872  131072    2.157
21:28:53.249 VLLM::W        1046588 nvme1n1 RS   731183360  131072    2.184
21:28:53.249 VLLM::W        1046588 nvme1n1 RS   731184128  131072    2.182
21:28:53.249 VLLM::W        1046588 nvme1n1 RS   731184640  131072    2.235
21:28:53.249 VLLM::W        1046588 nvme1n1 RS   731184896  131072    2.250
21:28:53.249 VLLM::W        1046588 nvme1n1 RS   1565470720 131072    2.299
21:28:53.249 VLLM::W        1046588 nvme1n1 RS   731184384  131072    2.338
21:28:53.249 VLLM::W        1046588 nvme1n1 RS   1565470976 131072    2.326
21:28:53.249 VLLM::W        1046586 nvme1n1 RS   1565479168 131072    1.929
21:28:53.249 VLLM::W        1046586 nvme1n1 RS   1565479424 131072    1.930
21:28:53.249 VLLM::W        1046586 nvme1n1 RS   1565478912 131072    1.959
21:28:53.250 VLLM::W        1046586 nvme1n1 RS   1565479680 131072    1.960
21:28:53.250 VLLM::W        1046586 nvme1n1 RS   1565479936 131072    2.019
21:28:53.250 VLLM::W        1046586 nvme1n1 RS   1565480192 131072    2.043
21:28:53.250 VLLM::W        1046586 nvme1n1 RS   1565480448 131072    2.047
21:28:53.250 VLLM::W        1046586 nvme1n1 RS   1565480704 131072    2.080
21:28:53.250 VLLM::W        1046586 nvme1n1 RS   1565480960 131072    2.092
21:28:53.250 VLLM::W        1046586 nvme1n1 RS   1565481216 131072    2.097
21:28:53.250 VLLM::W        1046586 nvme1n1 RS   1565481472 131072    2.127
21:28:53.250 VLLM::W        1046586 nvme1n1 RS   1565481728 131072    2.186
21:28:53.250 VLLM::W        1046586 nvme1n1 RS   1565481984 131072    2.196
21:28:53.250 VLLM::W        1046586 nvme1n1 RS   1565482240 131072    2.221
21:28:53.250 VLLM::W        1046586 nvme1n1 RS   1565482496 131072    2.251
21:28:53.250 VLLM::W        1046586 nvme1n1 RS   1565482752 131072    2.274
21:28:53.250 VLLM::W        1046586 nvme1n1 RS   1565491200 131072    2.316
21:28:53.250 VLLM::W        1046586 nvme1n1 RS   1565491456 131072    2.372
21:28:53.250 VLLM::W        1046589 nvme1n1 RS   1700753408 131072    1.913
21:28:53.250 VLLM::W        1046589 nvme1n1 RS   1700753664 131072    1.914
21:28:53.250 VLLM::W        1046589 nvme1n1 RS   1700753920 131072    1.927
21:28:53.250 VLLM::W        1046589 nvme1n1 RS   1700754176 131072    1.965
21:28:53.250 VLLM::W        1046589 nvme1n1 RS   1700754432 131072    1.976
21:28:53.250 VLLM::W        1046589 nvme1n1 RS   1700754688 131072    2.018
21:28:53.250 VLLM::W        1046589 nvme1n1 RS   1700754944 131072    2.044
21:28:53.250 VLLM::W        1046589 nvme1n1 RS   1700755200 131072    2.035
21:28:53.250 VLLM::W        1046589 nvme1n1 RS   1700755456 131072    2.074
21:28:53.250 VLLM::W        1046589 nvme1n1 RS   1700755712 131072    2.114
21:28:53.250 VLLM::W        1046589 nvme1n1 RS   1700755968 131072    2.125
21:28:53.250 VLLM::W        1046589 nvme1n1 RS   1700756224 131072    2.165
21:28:53.250 VLLM::W        1046589 nvme1n1 RS   1700756480 131072    2.201
21:28:53.251 VLLM::W        1046589 nvme1n1 RS   1700756736 131072    2.236
21:28:53.251 VLLM::W        1046589 nvme1n1 RS   1700756992 131072    2.264
21:28:53.251 VLLM::W        1046589 nvme1n1 RS   1700757248 131072    2.297
21:28:53.251 VLLM::W        1046589 nvme1n1 RS   1700761600 131072    2.338
21:28:53.251 VLLM::W        1046589 nvme1n1 RS   1700761856 131072    2.348
21:28:53.251 VLLM::W        1046587 nvme1n1 RS   315339008  131072    1.891
21:28:53.251 VLLM::W        1046587 nvme1n1 RS   315338752  131072    1.933
21:28:53.251 VLLM::W        1046587 nvme1n1 RS   315339264  131072    1.964
21:28:53.251 VLLM::W        1046587 nvme1n1 RS   315339520  131072    2.031
21:28:53.251 VLLM::W        1046587 nvme1n1 RS   315339776  131072    2.045
21:28:53.251 VLLM::W        1046587 nvme1n1 RS   315340288  131072    2.089
21:28:53.251 VLLM::W        1046587 nvme1n1 RS   315340032  131072    2.107
21:28:53.251 VLLM::W        1046587 nvme1n1 RS   315340800  131072    2.119
21:28:53.251 VLLM::W        1046587 nvme1n1 RS   315341056  131072    2.135
21:28:53.251 VLLM::W        1046587 nvme1n1 RS   315340544  131072    2.167
21:28:53.251 VLLM::W        1046587 nvme1n1 RS   315341312  131072    2.171
21:28:53.251 VLLM::W        1046587 nvme1n1 RS   315341824  131072    2.210
21:28:53.251 VLLM::W        1046587 nvme1n1 RS   315341568  131072    2.286
21:28:53.251 VLLM::W        1046587 nvme1n1 RS   315342080  131072    2.300
21:28:53.251 VLLM::W        1046587 nvme1n1 RS   315342336  131072    2.317
21:28:53.251 VLLM::W        1046587 nvme1n1 RS   315346944  131072    2.339
21:28:53.251 VLLM::W        1046587 nvme1n1 RS   315342592  131072    2.376
21:28:53.251 VLLM::W        1046587 nvme1n1 RS   315347200  131072    2.425
21:28:53.251 VLLM::W        1046588 nvme1n1 RS   1565516032 131072    1.880
21:28:53.251 VLLM::W        1046588 nvme1n1 RS   1565516288 131072    1.934
21:28:53.251 VLLM::W        1046588 nvme1n1 RS   1565515776 131072    1.955
21:28:53.252 VLLM::W        1046588 nvme1n1 RS   1565517056 131072    2.018
21:28:53.252 VLLM::W        1046588 nvme1n1 RS   1565516544 131072    2.082
21:28:53.252 VLLM::W        1046588 nvme1n1 RS   1565517312 131072    2.097
21:28:53.252 VLLM::W        1046588 nvme1n1 RS   1565516800 131072    2.136
21:28:53.252 VLLM::W        1046588 nvme1n1 RS   1565517568 131072    2.105
21:28:53.252 VLLM::W        1046588 nvme1n1 RS   1565517824 131072    2.117
21:28:53.252 VLLM::W        1046588 nvme1n1 RS   1565518080 131072    2.135
21:28:53.252 VLLM::W        1046588 nvme1n1 RS   1565518336 131072    2.141
21:28:53.252 VLLM::W        1046588 nvme1n1 RS   1565518848 131072    2.233
21:28:53.252 VLLM::W        1046588 nvme1n1 RS   1565518592 131072    2.256
21:28:53.252 VLLM::W        1046588 nvme1n1 RS   1565519104 131072    2.264
21:28:53.252 VLLM::W        1046588 nvme1n1 RS   1565519360 131072    2.269
21:28:53.252 VLLM::W        1046588 nvme1n1 RS   1565519616 131072    2.302
21:28:53.252 VLLM::W        1046588 nvme1n1 RS   1565524224 131072    2.367
21:28:53.252 VLLM::W        1046588 nvme1n1 RS   1565523968 131072    2.378
21:28:53.252 VLLM::W        1046589 nvme1n1 RS   845025536  131072    1.266
21:28:53.252 VLLM::W        1046589 nvme1n1 RS   845025792  131072    1.280
21:28:53.252 VLLM::W        1046589 nvme1n1 RS   845026048  131072    1.296
21:28:53.252 VLLM::W        1046589 nvme1n1 RS   845025280  131072    1.320
21:28:53.252 VLLM::W        1046589 nvme1n1 RS   845026304  131072    1.336
21:28:53.252 VLLM::W        1046589 nvme1n1 RS   845026560  131072    1.387
21:28:53.252 VLLM::W        1046589 nvme1n1 RS   845026816  131072    1.394
21:28:53.252 VLLM::W        1046589 nvme1n1 RS   845027072  131072    1.398
21:28:53.252 VLLM::W        1046589 nvme1n1 RS   845027328  131072    1.432
21:28:53.252 VLLM::W        1046589 nvme1n1 RS   845027584  131072    1.471
21:28:53.252 VLLM::W        1046589 nvme1n1 RS   845027840  131072    1.481
21:28:53.252 VLLM::W        1046589 nvme1n1 RS   845028096  131072    1.520
21:28:53.252 VLLM::W        1046589 nvme1n1 RS   845028352  131072    1.548
21:28:53.253 VLLM::W        1046589 nvme1n1 RS   845028608  131072    1.566
21:28:53.253 VLLM::W        1046589 nvme1n1 RS   845028864  131072    1.599
21:28:53.253 VLLM::W        1046589 nvme1n1 RS   845029120  131072    1.640
21:28:53.253 VLLM::W        1046589 nvme1n1 RS   845037568  131072    1.652
21:28:53.253 VLLM::W        1046589 nvme1n1 RS   845037824  131072    1.693
21:28:53.253 VLLM::W        1046587 nvme1n1 RS   1700843520 131072    1.166
21:28:53.253 VLLM::W        1046587 nvme1n1 RS   1700843776 131072    1.197
21:28:53.253 VLLM::W        1046587 nvme1n1 RS   1700844032 131072    1.245
21:28:53.253 VLLM::W        1046587 nvme1n1 RS   1700844288 131072    1.254
21:28:53.253 VLLM::W        1046587 nvme1n1 RS   1700844800 131072    1.343
21:28:53.253 VLLM::W        1046587 nvme1n1 RS   1700844544 131072    1.361
21:28:53.253 VLLM::W        1046587 nvme1n1 RS   1700845056 131072    1.407
21:28:53.253 VLLM::W        1046587 nvme1n1 RS   1700845312 131072    1.387
21:28:53.253 VLLM::W        1046587 nvme1n1 RS   1700845568 131072    1.408
21:28:53.253 VLLM::W        1046587 nvme1n1 RS   1700845824 131072    1.420
21:28:53.253 VLLM::W        1046587 nvme1n1 RS   1700846080 131072    1.454
21:28:53.253 VLLM::W        1046587 nvme1n1 RS   1700846336 131072    1.494
21:28:53.253 VLLM::W        1046587 nvme1n1 RS   1700846592 131072    1.528
21:28:53.253 VLLM::W        1046587 nvme1n1 RS   1700846848 131072    1.555
21:28:53.253 VLLM::W        1046587 nvme1n1 RS   1700847104 131072    1.583
21:28:53.253 VLLM::W        1046587 nvme1n1 RS   1700847360 131072    1.609
21:28:53.253 VLLM::W        1046587 nvme1n1 RS   1700851712 131072    1.638
21:28:53.253 VLLM::W        1046587 nvme1n1 RS   1700851968 131072    1.668
21:28:53.253 VLLM::W        1046586 nvme1n1 RS   315334912  131072    1.754
21:28:53.253 VLLM::W        1046586 nvme1n1 RS   315334656  131072    1.776
21:28:53.253 VLLM::W        1046586 nvme1n1 RS   315335168  131072    1.774
21:28:53.254 VLLM::W        1046586 nvme1n1 RS   315335424  131072    1.833
21:28:53.254 VLLM::W        1046586 nvme1n1 RS   315335680  131072    1.850
21:28:53.254 VLLM::W        1046586 nvme1n1 RS   315335936  131072    1.871
21:28:53.254 VLLM::W        1046586 nvme1n1 RS   315336192  131072    1.885
21:28:53.254 VLLM::W        1046586 nvme1n1 RS   315336448  131072    1.878
21:28:53.254 VLLM::W        1046586 nvme1n1 RS   315336704  131072    1.903
21:28:53.254 VLLM::W        1046586 nvme1n1 RS   315336960  131072    1.935
21:28:53.254 VLLM::W        1046586 nvme1n1 RS   315337216  131072    1.959
21:28:53.254 VLLM::W        1046586 nvme1n1 RS   315337472  131072    1.990
21:28:53.254 VLLM::W        1046586 nvme1n1 RS   315337728  131072    2.031
21:28:53.254 VLLM::W        1046586 nvme1n1 RS   315337984  131072    2.064
21:28:53.254 VLLM::W        1046586 nvme1n1 RS   315338240  131072    2.093
21:28:53.254 VLLM::W        1046586 nvme1n1 RS   315338496  131072    2.114
21:28:53.254 VLLM::W        1046586 nvme1n1 RS   315342848  131072    2.149
21:28:53.254 VLLM::W        1046586 nvme1n1 RS   315343104  131072    2.182
21:28:53.254 VLLM::W        1046588 nvme1n1 RS   1700769792 131072    1.905
21:28:53.254 VLLM::W        1046588 nvme1n1 RS   1700770048 131072    1.906
21:28:53.254 VLLM::W        1046588 nvme1n1 RS   1700770304 131072    1.904
21:28:53.254 VLLM::W        1046588 nvme1n1 RS   1700770560 131072    1.932
21:28:53.254 VLLM::W        1046588 nvme1n1 RS   1700770816 131072    1.953
21:28:53.254 VLLM::W        1046588 nvme1n1 RS   1700771072 131072    2.013
21:28:53.254 VLLM::W        1046588 nvme1n1 RS   1700771328 131072    2.018
21:28:53.254 VLLM::W        1046588 nvme1n1 RS   1700771840 131072    2.079
21:28:53.254 VLLM::W        1046588 nvme1n1 RS   1700771584 131072    2.103
21:28:53.254 VLLM::W        1046588 nvme1n1 RS   1700772096 131072    2.111
21:28:53.254 VLLM::W        1046588 nvme1n1 RS   1700772608 131072    2.155
21:28:53.254 VLLM::W        1046588 nvme1n1 RS   1700772352 131072    2.171
21:28:53.255 VLLM::W        1046588 nvme1n1 RS   1700772864 131072    2.217
21:28:53.255 VLLM::W        1046588 nvme1n1 RS   1700773120 131072    2.227
21:28:53.255 VLLM::W        1046588 nvme1n1 RS   1700773376 131072    2.254
21:28:53.255 VLLM::W        1046588 nvme1n1 RS   1700773632 131072    2.272
21:28:53.255 VLLM::W        1046588 nvme1n1 RS   1700773888 131072    2.326
21:28:53.255 VLLM::W        1046588 nvme1n1 RS   1700774144 131072    2.337
21:28:53.255 VLLM::W        1046589 nvme1n1 RS   1700868096 131072    1.968
21:28:53.255 VLLM::W        1046589 nvme1n1 RS   1700868352 131072    1.969
21:28:53.255 VLLM::W        1046589 nvme1n1 RS   1700868608 131072    1.967
21:28:53.255 VLLM::W        1046589 nvme1n1 RS   1700868864 131072    1.981
21:28:53.255 VLLM::W        1046589 nvme1n1 RS   1700869120 131072    2.010
21:28:53.255 VLLM::W        1046589 nvme1n1 RS   1700869376 131072    2.070
21:28:53.255 VLLM::W        1046589 nvme1n1 RS   1700869632 131072    2.075
21:28:53.255 VLLM::W        1046589 nvme1n1 RS   1700869888 131072    2.066
21:28:53.255 VLLM::W        1046589 nvme1n1 RS   1700870144 131072    2.112
21:28:53.255 VLLM::W        1046589 nvme1n1 RS   1700870400 131072    2.143
21:28:53.255 VLLM::W        1046589 nvme1n1 RS   1700870656 131072    2.167
21:28:53.255 VLLM::W        1046589 nvme1n1 RS   1700870912 131072    2.194
21:28:53.255 VLLM::W        1046589 nvme1n1 RS   1700871168 131072    2.262
21:28:53.255 VLLM::W        1046589 nvme1n1 RS   1700871424 131072    2.266
21:28:53.255 VLLM::W        1046589 nvme1n1 RS   1700871680 131072    2.292
21:28:53.255 VLLM::W        1046589 nvme1n1 RS   1700871936 131072    2.350
21:28:53.255 VLLM::W        1046589 nvme1n1 RS   1700880384 131072    2.361
21:28:53.255 VLLM::W        1046589 nvme1n1 RS   1700880640 131072    2.409
21:28:53.255 VLLM::W        1046587 nvme1n1 RS   1700859904 131072    1.900
21:28:53.255 VLLM::W        1046587 nvme1n1 RS   1700860160 131072    1.973
21:28:53.255 VLLM::W        1046587 nvme1n1 RS   1700860416 131072    1.990
21:28:53.256 VLLM::W        1046587 nvme1n1 RS   1700860672 131072    1.999
21:28:53.256 VLLM::W        1046587 nvme1n1 RS   1700860928 131072    2.025
21:28:53.256 VLLM::W        1046587 nvme1n1 RS   1700861440 131072    2.104
21:28:53.256 VLLM::W        1046587 nvme1n1 RS   1700861184 131072    2.128
21:28:53.256 VLLM::W        1046587 nvme1n1 RS   1700861696 131072    2.111
21:28:53.256 VLLM::W        1046587 nvme1n1 RS   1700861952 131072    2.139
21:28:53.256 VLLM::W        1046587 nvme1n1 RS   1700862464 131072    2.166
21:28:53.256 VLLM::W        1046587 nvme1n1 RS   1700862720 131072    2.215
21:28:53.256 VLLM::W        1046587 nvme1n1 RS   1700862208 131072    2.242
21:28:53.256 VLLM::W        1046587 nvme1n1 RS   1700862976 131072    2.241
21:28:53.256 VLLM::W        1046587 nvme1n1 RS   1700863232 131072    2.279
21:28:53.256 VLLM::W        1046587 nvme1n1 RS   1700863488 131072    2.307
21:28:53.256 VLLM::W        1046587 nvme1n1 RS   1700863744 131072    2.328
21:28:53.256 VLLM::W        1046587 nvme1n1 RS   1700864000 131072    2.366
21:28:53.256 VLLM::W        1046587 nvme1n1 RS   1700864256 131072    2.394
21:28:53.256 VLLM::W        1046586 nvme1n1 RS   54063104   131072    1.858
21:28:53.256 VLLM::W        1046586 nvme1n1 RS   54063360   131072    1.883
21:28:53.256 VLLM::W        1046586 nvme1n1 RS   54063616   131072    1.913
21:28:53.256 VLLM::W        1046586 nvme1n1 RS   54063872   131072    2.002
21:28:53.256 VLLM::W        1046586 nvme1n1 RS   54064128   131072    2.021
21:28:53.256 VLLM::W        1046586 nvme1n1 RS   54064384   131072    2.043
21:28:53.256 VLLM::W        1046586 nvme1n1 RS   54064640   131072    2.049
21:28:53.256 VLLM::W        1046586 nvme1n1 RS   54065152   131072    2.078
21:28:53.256 VLLM::W        1046586 nvme1n1 RS   54064896   131072    2.090
21:28:53.256 VLLM::W        1046586 nvme1n1 RS   54065664   131072    2.125
21:28:53.256 VLLM::W        1046586 nvme1n1 RS   54065408   131072    2.164
21:28:53.256 VLLM::W        1046586 nvme1n1 RS   54066176   131072    2.199
21:28:53.257 VLLM::W        1046586 nvme1n1 RS   54065920   131072    2.242
21:28:53.257 VLLM::W        1046586 nvme1n1 RS   54066432   131072    2.248
21:28:53.257 VLLM::W        1046586 nvme1n1 RS   54066688   131072    2.300
21:28:53.257 VLLM::W        1046586 nvme1n1 RS   54066944   131072    2.329
21:28:53.257 VLLM::W        1046586 nvme1n1 RS   54075392   131072    2.353
21:28:53.257 VLLM::W        1046586 nvme1n1 RS   54075648   131072    2.363
21:28:53.257 VLLM::W        1046588 nvme1n1 RS   1700847616 131072    1.921
21:28:53.257 VLLM::W        1046588 nvme1n1 RS   1700847872 131072    1.922
21:28:53.257 VLLM::W        1046588 nvme1n1 RS   1700848128 131072    1.919
21:28:53.257 VLLM::W        1046588 nvme1n1 RS   1700848384 131072    1.944
21:28:53.257 VLLM::W        1046588 nvme1n1 RS   1700848640 131072    2.013
21:28:53.257 VLLM::W        1046588 nvme1n1 RS   1700848896 131072    2.015
21:28:53.257 VLLM::W        1046588 nvme1n1 RS   1700849408 131072    2.037
21:28:53.257 VLLM::W        1046588 nvme1n1 RS   1700849152 131072    2.117
21:28:53.257 VLLM::W        1046588 nvme1n1 RS   1700849920 131072    2.099
21:28:53.257 VLLM::W        1046588 nvme1n1 RS   1700850176 131072    2.138
21:28:53.257 VLLM::W        1046588 nvme1n1 RS   1700849664 131072    2.158
21:28:53.257 VLLM::W        1046588 nvme1n1 RS   1700850688 131072    2.212
21:28:53.257 VLLM::W        1046588 nvme1n1 RS   1700850944 131072    2.228
21:28:53.257 VLLM::W        1046588 nvme1n1 RS   1700851200 131072    2.279
21:28:53.257 VLLM::W        1046588 nvme1n1 RS   1700850432 131072    2.320
21:28:53.257 VLLM::W        1046588 nvme1n1 RS   1700855808 131072    2.306
21:28:53.257 VLLM::W        1046588 nvme1n1 RS   1700851456 131072    2.351
21:28:53.257 VLLM::W        1046588 nvme1n1 RS   1700856064 131072    2.359
21:28:53.257 VLLM::W        1046589 nvme1n1 RS   315682816  131072    1.914
21:28:53.257 VLLM::W        1046589 nvme1n1 RS   315683072  131072    1.914
21:28:53.257 VLLM::W        1046589 nvme1n1 RS   315683328  131072    1.924
21:28:53.258 VLLM::W        1046589 nvme1n1 RS   315683584  131072    1.934
21:28:53.258 VLLM::W        1046589 nvme1n1 RS   315683840  131072    2.000
21:28:53.258 VLLM::W        1046589 nvme1n1 RS   315684096  131072    2.058
21:28:53.258 VLLM::W        1046589 nvme1n1 RS   315684352  131072    2.069
21:28:53.258 VLLM::W        1046589 nvme1n1 RS   315684608  131072    2.095
21:28:53.258 VLLM::W        1046589 nvme1n1 RS   315685120  131072    2.108
21:28:53.258 VLLM::W        1046589 nvme1n1 RS   315684864  131072    2.127
21:28:53.258 VLLM::W        1046589 nvme1n1 RS   315685376  131072    2.132
21:28:53.258 VLLM::W        1046589 nvme1n1 RS   315686144  131072    2.182
21:28:53.258 VLLM::W        1046589 nvme1n1 RS   315685632  131072    2.230
21:28:53.258 VLLM::W        1046589 nvme1n1 RS   315685888  131072    2.241
21:28:53.258 VLLM::W        1046589 nvme1n1 RS   315686912  131072    2.295
21:28:53.258 VLLM::W        1046589 nvme1n1 RS   315686400  131072    2.335
21:28:53.258 VLLM::W        1046589 nvme1n1 RS   315686656  131072    2.333
21:28:53.258 VLLM::W        1046589 nvme1n1 RS   315687168  131072    2.342
21:28:53.258 VLLM::W        1046586 nvme1n1 RS   315384064  131072    1.247
21:28:53.258 VLLM::W        1046586 nvme1n1 RS   315383808  131072    1.258
21:28:53.258 VLLM::W        1046586 nvme1n1 RS   315384320  131072    1.288
21:28:53.258 VLLM::W        1046586 nvme1n1 RS   315384576  131072    1.315
21:28:53.258 VLLM::W        1046586 nvme1n1 RS   315384832  131072    1.361
21:28:53.258 VLLM::W        1046586 nvme1n1 RS   315385088  131072    1.370
21:28:53.258 VLLM::W        1046586 nvme1n1 RS   315385344  131072    1.418
21:28:53.258 VLLM::W        1046586 nvme1n1 RS   315385600  131072    1.413
21:28:53.258 VLLM::W        1046586 nvme1n1 RS   315385856  131072    1.468
21:28:53.258 VLLM::W        1046586 nvme1n1 RS   315386112  131072    1.489
21:28:53.258 VLLM::W        1046586 nvme1n1 RS   315386368  131072    1.495
21:28:53.258 VLLM::W        1046586 nvme1n1 RS   315386624  131072    1.556
21:28:53.258 VLLM::W        1046586 nvme1n1 RS   315386880  131072    1.590
21:28:53.259 VLLM::W        1046586 nvme1n1 RS   315387136  131072    1.632
21:28:53.259 VLLM::W        1046586 nvme1n1 RS   315387392  131072    1.643
21:28:53.259 VLLM::W        1046586 nvme1n1 RS   315387648  131072    1.658
21:28:53.259 VLLM::W        1046586 nvme1n1 RS   315396096  131072    1.691
21:28:53.259 VLLM::W        1046586 nvme1n1 RS   315396352  131072    1.725
21:28:53.259 VLLM::W        1046587 nvme1n1 RS   1700876544 131072    1.657
21:28:53.259 VLLM::W        1046587 nvme1n1 RS   1700876800 131072    1.674
21:28:53.259 VLLM::W        1046587 nvme1n1 RS   1700876288 131072    1.693
21:28:53.259 VLLM::W        1046587 nvme1n1 RS   1700877056 131072    1.758
21:28:53.259 VLLM::W        1046587 nvme1n1 RS   1700877312 131072    1.773
21:28:53.259 VLLM::W        1046587 nvme1n1 RS   1700877568 131072    1.793
21:28:53.259 VLLM::W        1046587 nvme1n1 RS   1700877824 131072    1.806
21:28:53.259 VLLM::W        1046587 nvme1n1 RS   1700878080 131072    1.833
21:28:53.259 VLLM::W        1046587 nvme1n1 RS   1700878848 131072    1.875
21:28:53.259 VLLM::W        1046587 nvme1n1 RS   1700879104 131072    1.918
21:28:53.259 VLLM::W        1046587 nvme1n1 RS   1700878336 131072    1.943
21:28:53.259 VLLM::W        1046587 nvme1n1 RS   1700878592 131072    1.954
21:28:53.259 VLLM::W        1046587 nvme1n1 RS   1700879872 131072    1.997
21:28:53.259 VLLM::W        1046587 nvme1n1 RS   1700879360 131072    2.067
21:28:53.259 VLLM::W        1046587 nvme1n1 RS   1700879616 131072    2.100
21:28:53.259 VLLM::W        1046587 nvme1n1 RS   1700880128 131072    2.089
21:28:53.259 VLLM::W        1046587 nvme1n1 RS   1701052416 131072    2.101
21:28:53.259 VLLM::W        1046587 nvme1n1 RS   1701052672 131072    2.114
21:28:53.259 VLLM::W        1046588 nvme1n1 RS   1700901120 131072    1.896
21:28:53.259 VLLM::W        1046588 nvme1n1 RS   1700901376 131072    1.901
21:28:53.259 VLLM::W        1046588 nvme1n1 RS   1700900864 131072    1.961
21:28:53.260 VLLM::W        1046588 nvme1n1 RS   1700901632 131072    1.963
21:28:53.260 VLLM::W        1046588 nvme1n1 RS   1700902400 131072    2.030
21:28:53.260 VLLM::W        1046588 nvme1n1 RS   1700901888 131072    2.067
21:28:53.260 VLLM::W        1046588 nvme1n1 RS   1700902144 131072    2.080
21:28:53.260 VLLM::W        1046588 nvme1n1 RS   1700902912 131072    2.055
21:28:53.260 VLLM::W        1046588 nvme1n1 RS   1700902656 131072    2.115
21:28:53.260 VLLM::W        1046588 nvme1n1 RS   1700903168 131072    2.125
21:28:53.260 VLLM::W        1046588 nvme1n1 RS   1700903424 131072    2.179
21:28:53.260 VLLM::W        1046588 nvme1n1 RS   1700903680 131072    2.195
21:28:53.260 VLLM::W        1046588 nvme1n1 RS   1700903936 131072    2.205
21:28:53.260 VLLM::W        1046588 nvme1n1 RS   1700904192 131072    2.239
21:28:53.260 VLLM::W        1046588 nvme1n1 RS   1700904448 131072    2.249
21:28:53.260 VLLM::W        1046588 nvme1n1 RS   1700904704 131072    2.279
21:28:53.260 VLLM::W        1046588 nvme1n1 RS   1700909312 131072    2.346
21:28:53.260 VLLM::W        1046588 nvme1n1 RS   1700909056 131072    2.361
21:28:53.260 VLLM::W        1046589 nvme1n1 RS   1700884736 131072    1.867
21:28:53.260 VLLM::W        1046589 nvme1n1 RS   1700884480 131072    1.893
21:28:53.260 VLLM::W        1046589 nvme1n1 RS   1700884992 131072    1.894
21:28:53.260 VLLM::W        1046589 nvme1n1 RS   1700885760 131072    1.991
21:28:53.260 VLLM::W        1046589 nvme1n1 RS   1700885248 131072    2.023
21:28:53.260 VLLM::W        1046589 nvme1n1 RS   1700885504 131072    2.028
21:28:53.260 VLLM::W        1046589 nvme1n1 RS   1700886016 131072    2.082
21:28:53.260 VLLM::W        1046589 nvme1n1 RS   1700886272 131072    2.041
21:28:53.260 VLLM::W        1046589 nvme1n1 RS   1700886528 131072    2.119
21:28:53.260 VLLM::W        1046589 nvme1n1 RS   1700886784 131072    2.135
21:28:53.260 VLLM::W        1046589 nvme1n1 RS   1700887040 131072    2.147
21:28:53.260 VLLM::W        1046589 nvme1n1 RS   1700887296 131072    2.157
21:28:53.260 VLLM::W        1046589 nvme1n1 RS   1700887552 131072    2.188
21:28:53.261 VLLM::W        1046589 nvme1n1 RS   1700887808 131072    2.225
21:28:53.261 VLLM::W        1046589 nvme1n1 RS   1700888064 131072    2.261
21:28:53.261 VLLM::W        1046589 nvme1n1 RS   1700888320 131072    2.286
21:28:53.261 VLLM::W        1046589 nvme1n1 RS   1700896768 131072    2.328
21:28:53.261 VLLM::W        1046589 nvme1n1 RS   1700897024 131072    2.339
21:28:53.261 VLLM::W        1046586 nvme1n1 RS   315379712  131072    1.999
21:28:53.261 VLLM::W        1046586 nvme1n1 RS   315379968  131072    2.000
21:28:53.261 VLLM::W        1046586 nvme1n1 RS   315380224  131072    1.997
21:28:53.261 VLLM::W        1046586 nvme1n1 RS   315380480  131072    2.013
21:28:53.261 VLLM::W        1046586 nvme1n1 RS   315380736  131072    2.042
21:28:53.261 VLLM::W        1046586 nvme1n1 RS   315380992  131072    2.091
21:28:53.261 VLLM::W        1046586 nvme1n1 RS   315381248  131072    2.110
21:28:53.261 VLLM::W        1046586 nvme1n1 RS   315381760  131072    2.139
21:28:53.261 VLLM::W        1046586 nvme1n1 RS   315381504  131072    2.163
21:28:53.261 VLLM::W        1046586 nvme1n1 RS   315382016  131072    2.177
21:28:53.261 VLLM::W        1046586 nvme1n1 RS   315382272  131072    2.187
21:28:53.261 VLLM::W        1046586 nvme1n1 RS   315382528  131072    2.269
21:28:53.261 VLLM::W        1046586 nvme1n1 RS   315382784  131072    2.286
21:28:53.261 VLLM::W        1046586 nvme1n1 RS   315383040  131072    2.296
21:28:53.261 VLLM::W        1046586 nvme1n1 RS   315383296  131072    2.359
21:28:53.261 VLLM::W        1046586 nvme1n1 RS   315383552  131072    2.357
21:28:53.261 VLLM::W        1046586 nvme1n1 RS   315392256  131072    2.424
21:28:53.261 VLLM::W        1046586 nvme1n1 RS   315392000  131072    2.446
21:28:53.261 VLLM::W        1046587 nvme1n1 RS   1700872192 131072    1.874
21:28:53.261 VLLM::W        1046587 nvme1n1 RS   1700872704 131072    1.939
21:28:53.262 VLLM::W        1046587 nvme1n1 RS   1700872960 131072    1.982
21:28:53.262 VLLM::W        1046587 nvme1n1 RS   1700872448 131072    1.997
21:28:53.262 VLLM::W        1046587 nvme1n1 RS   1700873728 131072    2.085
21:28:53.262 VLLM::W        1046587 nvme1n1 RS   1700873216 131072    2.117
21:28:53.262 VLLM::W        1046587 nvme1n1 RS   1700873984 131072    2.088
21:28:53.262 VLLM::W        1046587 nvme1n1 RS   1700873472 131072    2.166
21:28:53.262 VLLM::W        1046587 nvme1n1 RS   1700874496 131072    2.127
21:28:53.262 VLLM::W        1046587 nvme1n1 RS   1700874240 131072    2.143
21:28:53.262 VLLM::W        1046587 nvme1n1 RS   1700874752 131072    2.165
21:28:53.262 VLLM::W        1046587 nvme1n1 RS   1700875008 131072    2.206
21:28:53.262 VLLM::W        1046587 nvme1n1 RS   1700875520 131072    2.288
21:28:53.262 VLLM::W        1046587 nvme1n1 RS   1700875264 131072    2.322
21:28:53.262 VLLM::W        1046587 nvme1n1 RS   1700875776 131072    2.331
21:28:53.262 VLLM::W        1046587 nvme1n1 RS   1700876032 131072    2.323
21:28:53.262 VLLM::W        1046587 nvme1n1 RS   1700892928 131072    2.384
21:28:53.262 VLLM::W        1046587 nvme1n1 RS   1700892672 131072    2.395
21:28:53.262 VLLM::W        1046589 nvme1n1 RS   315445760  131072    1.342
21:28:53.262 VLLM::W        1046589 nvme1n1 RS   315445248  131072    1.403
21:28:53.262 VLLM::W        1046589 nvme1n1 RS   315445504  131072    1.413
21:28:53.262 VLLM::W        1046589 nvme1n1 RS   315446528  131072    1.405
21:28:53.262 VLLM::W        1046589 nvme1n1 RS   315446784  131072    1.457
21:28:53.262 VLLM::W        1046589 nvme1n1 RS   315446016  131072    1.478
21:28:53.262 VLLM::W        1046589 nvme1n1 RS   315446272  131072    1.483
21:28:53.262 VLLM::W        1046589 nvme1n1 RS   315447296  131072    1.462
21:28:53.262 VLLM::W        1046589 nvme1n1 RS   315447040  131072    1.479
21:28:53.262 VLLM::W        1046589 nvme1n1 RS   315447552  131072    1.510
21:28:53.262 VLLM::W        1046589 nvme1n1 RS   315447808  131072    1.543
21:28:53.262 VLLM::W        1046589 nvme1n1 RS   315448064  131072    1.568
21:28:53.262 VLLM::W        1046589 nvme1n1 RS   315448320  131072    1.597
21:28:53.263 VLLM::W        1046589 nvme1n1 RS   315448576  131072    1.627
21:28:53.263 VLLM::W        1046589 nvme1n1 RS   315449344  131072    1.725
21:28:53.263 VLLM::W        1046589 nvme1n1 RS   315448832  131072    1.759
21:28:53.263 VLLM::W        1046589 nvme1n1 RS   315449088  131072    1.764
21:28:53.263 VLLM::W        1046589 nvme1n1 RS   315449600  131072    1.773
21:28:53.263 VLLM::W        1046586 nvme1n1 RS   315388160  131072    1.177
21:28:53.263 VLLM::W        1046586 nvme1n1 RS   315387904  131072    1.231
21:28:53.263 VLLM::W        1046586 nvme1n1 RS   315388416  131072    1.255
21:28:53.263 VLLM::W        1046586 nvme1n1 RS   315388928  131072    1.286
21:28:53.263 VLLM::W        1046586 nvme1n1 RS   315388672  131072    1.302
21:28:53.263 VLLM::W        1046586 nvme1n1 RS   315389184  131072    1.326
21:28:53.263 VLLM::W        1046586 nvme1n1 RS   315389440  131072    1.392
21:28:53.263 VLLM::W        1046586 nvme1n1 RS   315389696  131072    1.365
21:28:53.263 VLLM::W        1046586 nvme1n1 RS   315389952  131072    1.419
21:28:53.263 VLLM::W        1046586 nvme1n1 RS   315390208  131072    1.429
21:28:53.263 VLLM::W        1046586 nvme1n1 RS   315390464  131072    1.476
21:28:53.263 VLLM::W        1046586 nvme1n1 RS   315390720  131072    1.485
21:28:53.263 VLLM::W        1046586 nvme1n1 RS   315390976  131072    1.515
21:28:53.263 VLLM::W        1046586 nvme1n1 RS   315391232  131072    1.544
21:28:53.263 VLLM::W        1046586 nvme1n1 RS   315391488  131072    1.573
21:28:53.263 VLLM::W        1046586 nvme1n1 RS   315391744  131072    1.594
21:28:53.263 VLLM::W        1046586 nvme1n1 RS   315400192  131072    1.645
21:28:53.263 VLLM::W        1046586 nvme1n1 RS   315400448  131072    1.666
21:28:53.263 VLLM::W        1046588 nvme1n1 RS   315404288  131072    1.666
21:28:53.263 VLLM::W        1046588 nvme1n1 RS   315404544  131072    1.695
21:28:53.263 VLLM::W        1046588 nvme1n1 RS   315404800  131072    1.713
21:28:53.263 VLLM::W        1046588 nvme1n1 RS   315405056  131072    1.727
21:28:53.264 VLLM::W        1046588 nvme1n1 RS   315405312  131072    1.773
21:28:53.264 VLLM::W        1046588 nvme1n1 RS   315405568  131072    1.809
21:28:53.264 VLLM::W        1046588 nvme1n1 RS   315405824  131072    1.823
21:28:53.264 VLLM::W        1046588 nvme1n1 RS   315406080  131072    1.808
21:28:53.264 VLLM::W        1046588 nvme1n1 RS   315406336  131072    1.853
21:28:53.264 VLLM::W        1046588 nvme1n1 RS   315406592  131072    1.881
21:28:53.264 VLLM::W        1046588 nvme1n1 RS   315406848  131072    1.906
21:28:53.264 VLLM::W        1046588 nvme1n1 RS   315407104  131072    1.953
21:28:53.264 VLLM::W        1046588 nvme1n1 RS   315407360  131072    1.978
21:28:53.264 VLLM::W        1046588 nvme1n1 RS   315407616  131072    2.004
21:28:53.264 VLLM::W        1046588 nvme1n1 RS   315407872  131072    2.038
21:28:53.264 VLLM::W        1046588 nvme1n1 RS   315408128  131072    2.070
21:28:53.264 VLLM::W        1046588 nvme1n1 RS   315408384  131072    2.097
21:28:53.264 VLLM::W        1046588 nvme1n1 RS   315408640  131072    2.126
21:28:53.264 VLLM::W        1046587 nvme1n1 RS   576684032  131072    1.884
21:28:53.264 VLLM::W        1046587 nvme1n1 RS   576684288  131072    1.912
21:28:53.264 VLLM::W        1046587 nvme1n1 RS   576684544  131072    1.952
21:28:53.264 VLLM::W        1046587 nvme1n1 RS   576684800  131072    1.991
21:28:53.264 VLLM::W        1046587 nvme1n1 RS   576685056  131072    2.010
21:28:53.264 VLLM::W        1046587 nvme1n1 RS   576685312  131072    2.052
21:28:53.264 VLLM::W        1046587 nvme1n1 RS   576685568  131072    2.104
21:28:53.264 VLLM::W        1046587 nvme1n1 RS   576685824  131072    2.075
21:28:53.264 VLLM::W        1046587 nvme1n1 RS   576686080  131072    2.101
21:28:53.264 VLLM::W        1046587 nvme1n1 RS   576686336  131072    2.134
21:28:53.264 VLLM::W        1046587 nvme1n1 RS   576686592  131072    2.187
21:28:53.264 VLLM::W        1046587 nvme1n1 RS   576686848  131072    2.212
21:28:53.264 VLLM::W        1046587 nvme1n1 RS   576687104  131072    2.247
21:28:53.265 VLLM::W        1046587 nvme1n1 RS   576687360  131072    2.275
21:28:53.265 VLLM::W        1046587 nvme1n1 RS   576687616  131072    2.324
21:28:53.265 VLLM::W        1046587 nvme1n1 RS   576687872  131072    2.323
21:28:53.265 VLLM::W        1046587 nvme1n1 RS   576696320  131072    2.358
21:28:53.265 VLLM::W        1046587 nvme1n1 RS   576696576  131072    2.387
21:28:53.265 VLLM::W        1046589 nvme1n1 RS   576675840  131072    1.881
21:28:53.265 VLLM::W        1046589 nvme1n1 RS   576676352  131072    1.883
21:28:53.265 VLLM::W        1046589 nvme1n1 RS   576676608  131072    1.929
21:28:53.265 VLLM::W        1046589 nvme1n1 RS   576676096  131072    1.952
21:28:53.265 VLLM::W        1046589 nvme1n1 RS   576676864  131072    2.037
21:28:53.265 VLLM::W        1046589 nvme1n1 RS   576677376  131072    2.040
21:28:53.265 VLLM::W        1046589 nvme1n1 RS   576677120  131072    2.049
21:28:53.265 VLLM::W        1046589 nvme1n1 RS   576677888  131072    2.033
21:28:53.265 VLLM::W        1046589 nvme1n1 RS   576677632  131072    2.050
21:28:53.265 VLLM::W        1046589 nvme1n1 RS   576678144  131072    2.124
21:28:53.265 VLLM::W        1046589 nvme1n1 RS   576678912  131072    2.177
21:28:53.265 VLLM::W        1046589 nvme1n1 RS   576678400  131072    2.203
21:28:53.265 VLLM::W        1046589 nvme1n1 RS   576678656  131072    2.208
21:28:53.265 VLLM::W        1046589 nvme1n1 RS   576679168  131072    2.274
21:28:53.265 VLLM::W        1046589 nvme1n1 RS   576688128  131072    2.298
21:28:53.265 VLLM::W        1046589 nvme1n1 RS   576679424  131072    2.356
21:28:53.265 VLLM::W        1046589 nvme1n1 RS   576679680  131072    2.368
21:28:53.265 VLLM::W        1046589 nvme1n1 RS   576688384  131072    2.378
21:28:53.266 VLLM::W        1046586 nvme1n1 RS   576659712  131072    2.028
21:28:53.266 VLLM::W        1046586 nvme1n1 RS   576659968  131072    2.030
21:28:53.266 VLLM::W        1046586 nvme1n1 RS   576660224  131072    2.028
21:28:53.266 VLLM::W        1046586 nvme1n1 RS   576659456  131072    2.038
21:28:53.266 VLLM::W        1046586 nvme1n1 RS   576660736  131072    2.089
21:28:53.266 VLLM::W        1046586 nvme1n1 RS   576660992  131072    2.110
21:28:53.266 VLLM::W        1046586 nvme1n1 RS   576661248  131072    2.094
21:28:53.266 VLLM::W        1046586 nvme1n1 RS   576660480  131072    2.150
21:28:53.266 VLLM::W        1046586 nvme1n1 RS   576661760  131072    2.190
21:28:53.266 VLLM::W        1046586 nvme1n1 RS   576661504  131072    2.219
21:28:53.266 VLLM::W        1046586 nvme1n1 RS   576662016  131072    2.236
21:28:53.266 VLLM::W        1046586 nvme1n1 RS   576662272  131072    2.253
21:28:53.266 VLLM::W        1046586 nvme1n1 RS   576662528  131072    2.341
21:28:53.266 VLLM::W        1046586 nvme1n1 RS   576663040  131072    2.355
21:28:53.266 VLLM::W        1046586 nvme1n1 RS   576662784  131072    2.373
21:28:53.266 VLLM::W        1046586 nvme1n1 RS   576663296  131072    2.378
21:28:53.266 VLLM::W        1046586 nvme1n1 RS   576667648  131072    2.390
21:28:53.266 VLLM::W        1046586 nvme1n1 RS   576667904  131072    2.441
21:28:53.266 VLLM::W        1046588 nvme1n1 RS   1700888832 131072    1.986
21:28:53.266 VLLM::W        1046588 nvme1n1 RS   1700888576 131072    1.995
21:28:53.266 VLLM::W        1046588 nvme1n1 RS   1700889088 131072    1.988
21:28:53.266 VLLM::W        1046588 nvme1n1 RS   1700889856 131072    2.067
21:28:53.266 VLLM::W        1046588 nvme1n1 RS   1700889344 131072    2.089
21:28:53.266 VLLM::W        1046588 nvme1n1 RS   1700890112 131072    2.096
21:28:53.266 VLLM::W        1046588 nvme1n1 RS   1700889600 131072    2.142
21:28:53.266 VLLM::W        1046588 nvme1n1 RS   1700890880 131072    2.137
21:28:53.266 VLLM::W        1046588 nvme1n1 RS   1700891136 131072    2.177
21:28:53.266 VLLM::W        1046588 nvme1n1 RS   1700890368 131072    2.225
21:28:53.266 VLLM::W        1046588 nvme1n1 RS   1700890624 131072    2.237
21:28:53.267 VLLM::W        1046588 nvme1n1 RS   1700891904 131072    2.291
21:28:53.267 VLLM::W        1046588 nvme1n1 RS   1700891392 131072    2.318
21:28:53.267 VLLM::W        1046588 nvme1n1 RS   1700891648 131072    2.330
21:28:53.267 VLLM::W        1046588 nvme1n1 RS   1700892160 131072    2.354
21:28:53.267 VLLM::W        1046588 nvme1n1 RS   1700892416 131072    2.345
21:28:53.267 VLLM::W        1046588 nvme1n1 RS   1700904960 131072    2.374
21:28:53.267 VLLM::W        1046587 nvme1n1 RS   1700986880 131072    1.911
21:28:53.267 VLLM::W        1046588 nvme1n1 RS   1700905216 131072    2.464
21:28:53.267 VLLM::W        1046587 nvme1n1 RS   1700987136 131072    1.943
21:28:53.267 VLLM::W        1046587 nvme1n1 RS   1700987392 131072    1.970
21:28:53.267 VLLM::W        1046587 nvme1n1 RS   1700987648 131072    2.004
21:28:53.267 VLLM::W        1046587 nvme1n1 RS   1700987904 131072    2.039
21:28:53.267 VLLM::W        1046587 nvme1n1 RS   1700988160 131072    2.094
21:28:53.267 VLLM::W        1046587 nvme1n1 RS   1700988416 131072    2.106
21:28:53.267 VLLM::W        1046587 nvme1n1 RS   1700988672 131072    2.135
21:28:53.267 VLLM::W        1046587 nvme1n1 RS   1700988928 131072    2.145
21:28:53.267 VLLM::W        1046587 nvme1n1 RS   1700989184 131072    2.205
21:28:53.267 VLLM::W        1046587 nvme1n1 RS   1700989440 131072    2.215
21:28:53.267 VLLM::W        1046587 nvme1n1 RS   1700989696 131072    2.244
21:28:53.267 VLLM::W        1046587 nvme1n1 RS   1700989952 131072    2.270
21:28:53.267 VLLM::W        1046587 nvme1n1 RS   1700990208 131072    2.311
21:28:53.267 VLLM::W        1046587 nvme1n1 RS   1700990464 131072    2.340
21:28:53.267 VLLM::W        1046587 nvme1n1 RS   1700990720 131072    2.373
21:28:53.267 VLLM::W        1046587 nvme1n1 RS   1700990976 131072    2.418
21:28:53.267 VLLM::W        1046587 nvme1n1 RS   1700991232 131072    2.428
21:28:53.267 VLLM::W        1046589 nvme1n1 RS   315453440  131072    1.744
21:28:53.267 VLLM::W        1046589 nvme1n1 RS   315453952  131072    1.754
21:28:53.267 VLLM::W        1046589 nvme1n1 RS   315453696  131072    1.782
21:28:53.268 VLLM::W        1046589 nvme1n1 RS   315454208  131072    1.799
21:28:53.268 VLLM::W        1046589 nvme1n1 RS   315454464  131072    1.827
21:28:53.268 VLLM::W        1046589 nvme1n1 RS   315454720  131072    1.856
21:28:53.268 VLLM::W        1046589 nvme1n1 RS   315454976  131072    1.858
21:28:53.268 VLLM::W        1046589 nvme1n1 RS   315455232  131072    1.889
21:28:53.268 VLLM::W        1046589 nvme1n1 RS   315455488  131072    1.902
21:28:53.268 VLLM::W        1046589 nvme1n1 RS   315455744  131072    1.930
21:28:53.268 VLLM::W        1046589 nvme1n1 RS   315456000  131072    1.961
21:28:53.268 VLLM::W        1046589 nvme1n1 RS   315456256  131072    1.991
21:28:53.268 VLLM::W        1046589 nvme1n1 RS   315456512  131072    2.023
21:28:53.268 VLLM::W        1046589 nvme1n1 RS   315456768  131072    2.058
21:28:53.268 VLLM::W        1046589 nvme1n1 RS   315457024  131072    2.093
21:28:53.268 VLLM::W        1046589 nvme1n1 RS   315457280  131072    2.138
21:28:53.268 VLLM::W        1046589 nvme1n1 RS   315461632  131072    2.152
21:28:53.268 VLLM::W        1046589 nvme1n1 RS   315461888  131072    2.257
21:28:53.268 VLLM::W        1046586 nvme1n1 RS   576663808  131072    1.908
21:28:53.268 VLLM::W        1046586 nvme1n1 RS   576663552  131072    1.944
21:28:53.268 VLLM::W        1046586 nvme1n1 RS   576664064  131072    1.951
21:28:53.268 VLLM::W        1046586 nvme1n1 RS   576664320  131072    1.993
21:28:53.268 VLLM::W        1046586 nvme1n1 RS   576664576  131072    2.010
21:28:53.268 VLLM::W        1046586 nvme1n1 RS   576664832  131072    2.030
21:28:53.268 VLLM::W        1046586 nvme1n1 RS   576665088  131072    2.042
21:28:53.268 VLLM::W        1046586 nvme1n1 RS   576665344  131072    2.088
21:28:53.268 VLLM::W        1046586 nvme1n1 RS   576665600  131072    2.103
21:28:53.268 VLLM::W        1046586 nvme1n1 RS   576665856  131072    2.132
21:28:53.268 VLLM::W        1046586 nvme1n1 RS   576666368  131072    2.189
21:28:53.268 VLLM::W        1046586 nvme1n1 RS   576666112  131072    2.205
21:28:53.269 VLLM::W        1046586 nvme1n1 RS   576666624  131072    2.265
21:28:53.269 VLLM::W        1046586 nvme1n1 RS   576666880  131072    2.285
21:28:53.269 VLLM::W        1046586 nvme1n1 RS   576667136  131072    2.296
21:28:53.269 VLLM::W        1046586 nvme1n1 RS   576667392  131072    2.311
21:28:53.269 VLLM::W        1046586 nvme1n1 RS   576672000  131072    2.378
21:28:53.269 VLLM::W        1046586 nvme1n1 RS   576671744  131072    2.394
21:28:53.269 VLLM::W        1046588 nvme1n1 RS   576679936  131072    1.854
21:28:53.269 VLLM::W        1046588 nvme1n1 RS   576680448  131072    1.852
21:28:53.269 VLLM::W        1046588 nvme1n1 RS   576680192  131072    1.891
21:28:53.269 VLLM::W        1046588 nvme1n1 RS   576680704  131072    1.922
21:28:53.269 VLLM::W        1046588 nvme1n1 RS   576680960  131072    1.928
21:28:53.269 VLLM::W        1046588 nvme1n1 RS   576681472  131072    1.987
21:28:53.269 VLLM::W        1046588 nvme1n1 RS   576681216  131072    2.028
21:28:53.269 VLLM::W        1046588 nvme1n1 RS   576681728  131072    2.009
21:28:53.269 VLLM::W        1046588 nvme1n1 RS   576681984  131072    2.028
21:28:53.269 VLLM::W        1046588 nvme1n1 RS   576682240  131072    2.038
21:28:53.269 VLLM::W        1046588 nvme1n1 RS   576682496  131072    2.066
21:28:53.269 VLLM::W        1046588 nvme1n1 RS   576682752  131072    2.101
21:28:53.269 VLLM::W        1046588 nvme1n1 RS   576683008  131072    2.136
21:28:53.269 VLLM::W        1046588 nvme1n1 RS   576683264  131072    2.189
21:28:53.269 VLLM::W        1046588 nvme1n1 RS   576683520  131072    2.199
21:28:53.269 VLLM::W        1046588 nvme1n1 RS   576683776  131072    2.226
21:28:53.269 VLLM::W        1046588 nvme1n1 RS   576692224  131072    2.261
21:28:53.269 VLLM::W        1046588 nvme1n1 RS   576692480  131072    2.292
21:28:53.269 VLLM::W        1046587 nvme1n1 RS   54112512   131072    1.955
21:28:53.269 VLLM::W        1046587 nvme1n1 RS   54112256   131072    1.971
21:28:53.269 VLLM::W        1046587 nvme1n1 RS   54112768   131072    2.020
21:28:53.270 VLLM::W        1046587 nvme1n1 RS   54113024   131072    2.040
21:28:53.270 VLLM::W        1046587 nvme1n1 RS   54113280   131072    2.074
21:28:53.270 VLLM::W        1046587 nvme1n1 RS   54113536   131072    2.084
21:28:53.270 VLLM::W        1046587 nvme1n1 RS   54113792   131072    2.127
21:28:53.270 VLLM::W        1046587 nvme1n1 RS   54114048   131072    2.122
21:28:53.270 VLLM::W        1046587 nvme1n1 RS   54114304   131072    2.152
21:28:53.270 VLLM::W        1046587 nvme1n1 RS   54114560   131072    2.190
21:28:53.270 VLLM::W        1046587 nvme1n1 RS   54114816   131072    2.221
21:28:53.270 VLLM::W        1046587 nvme1n1 RS   54115072   131072    2.247
21:28:53.270 VLLM::W        1046587 nvme1n1 RS   54115584   131072    2.320
21:28:53.270 VLLM::W        1046587 nvme1n1 RS   54115328   131072    2.336
21:28:53.270 VLLM::W        1046587 nvme1n1 RS   54115840   131072    2.370
21:28:53.270 VLLM::W        1046587 nvme1n1 RS   54116096   131072    2.397
21:28:53.270 VLLM::W        1046587 nvme1n1 RS   54116352   131072    2.429
21:28:53.270 VLLM::W        1046587 nvme1n1 RS   54116608   131072    2.457
21:28:53.270 VLLM::W        1046589 nvme1n1 RS   845058304  131072    1.898
21:28:53.270 VLLM::W        1046589 nvme1n1 RS   845058048  131072    1.906
21:28:53.270 VLLM::W        1046589 nvme1n1 RS   845058816  131072    1.921
21:28:53.270 VLLM::W        1046589 nvme1n1 RS   845058560  131072    1.932
21:28:53.270 VLLM::W        1046589 nvme1n1 RS   845059328  131072    1.983
21:28:53.270 VLLM::W        1046589 nvme1n1 RS   845059584  131072    2.011
21:28:53.270 VLLM::W        1046589 nvme1n1 RS   845059072  131072    2.022
21:28:53.270 VLLM::W        1046589 nvme1n1 RS   845059840  131072    2.026
21:28:53.270 VLLM::W        1046589 nvme1n1 RS   845060096  131072    2.056
21:28:53.270 VLLM::W        1046589 nvme1n1 RS   845060608  131072    2.112
21:28:53.270 VLLM::W        1046589 nvme1n1 RS   845060864  131072    2.137
21:28:53.270 VLLM::W        1046589 nvme1n1 RS   845060352  131072    2.171
21:28:53.271 VLLM::W        1046589 nvme1n1 RS   845061120  131072    2.194
21:28:53.271 VLLM::W        1046589 nvme1n1 RS   845061376  131072    2.261
21:28:53.271 VLLM::W        1046589 nvme1n1 RS   845061632  131072    2.276
21:28:53.271 VLLM::W        1046589 nvme1n1 RS   845061888  131072    2.292
21:28:53.271 VLLM::W        1046589 nvme1n1 RS   845062144  131072    2.303
21:28:53.271 VLLM::W        1046589 nvme1n1 RS   845062400  131072    2.415
21:28:53.271 VLLM::W        1046586 nvme1n1 RS   574255104  131072    1.941
21:28:53.271 VLLM::W        1046586 nvme1n1 RS   574255360  131072    1.966
21:28:53.271 VLLM::W        1046586 nvme1n1 RS   574255616  131072    1.971
21:28:53.271 VLLM::W        1046586 nvme1n1 RS   574255872  131072    2.015
21:28:53.271 VLLM::W        1046586 nvme1n1 RS   574256128  131072    2.046
21:28:53.271 VLLM::W        1046586 nvme1n1 RS   574256384  131072    2.088
21:28:53.271 VLLM::W        1046586 nvme1n1 RS   574256640  131072    2.139
21:28:53.271 VLLM::W        1046586 nvme1n1 RS   574256896  131072    2.133
21:28:53.271 VLLM::W        1046586 nvme1n1 RS   574257152  131072    2.168
21:28:53.271 VLLM::W        1046586 nvme1n1 RS   574257408  131072    2.201
21:28:53.271 VLLM::W        1046586 nvme1n1 RS   574257664  131072    2.207
21:28:53.271 VLLM::W        1046586 nvme1n1 RS   574257920  131072    2.236
21:28:53.271 VLLM::W        1046586 nvme1n1 RS   574258176  131072    2.270
21:28:53.271 VLLM::W        1046586 nvme1n1 RS   574258432  131072    2.310
21:28:53.271 VLLM::W        1046586 nvme1n1 RS   574258688  131072    2.349
21:28:53.271 VLLM::W        1046586 nvme1n1 RS   574258944  131072    2.374
21:28:53.271 VLLM::W        1046586 nvme1n1 RS   574259200  131072    2.415
21:28:53.271 VLLM::W        1046586 nvme1n1 RS   574259456  131072    2.441
21:28:53.271 VLLM::W        1046588 nvme1n1 RS   1700978688 131072    1.884
21:28:53.271 VLLM::W        1046588 nvme1n1 RS   1700978944 131072    1.911
21:28:53.271 VLLM::W        1046588 nvme1n1 RS   1700979200 131072    1.938
21:28:53.271 VLLM::W        1046588 nvme1n1 RS   1700979456 131072    1.980
21:28:53.272 VLLM::W        1046588 nvme1n1 RS   1700979712 131072    2.017
21:28:53.272 VLLM::W        1046588 nvme1n1 RS   1700979968 131072    2.064
21:28:53.272 VLLM::W        1046588 nvme1n1 RS   1700980224 131072    2.084
21:28:53.272 VLLM::W        1046588 nvme1n1 RS   1700980736 131072    2.133
21:28:53.272 VLLM::W        1046588 nvme1n1 RS   1700980480 131072    2.161
21:28:53.272 VLLM::W        1046588 nvme1n1 RS   1700980992 131072    2.170
21:28:53.272 VLLM::W        1046588 nvme1n1 RS   1700981248 131072    2.223
21:28:53.272 VLLM::W        1046588 nvme1n1 RS   1700981760 131072    2.255
21:28:53.272 VLLM::W        1046588 nvme1n1 RS   1700981504 131072    2.279
21:28:53.272 VLLM::W        1046588 nvme1n1 RS   1700982016 131072    2.285
21:28:53.272 VLLM::W        1046588 nvme1n1 RS   1700982272 131072    2.329
21:28:53.272 VLLM::W        1046588 nvme1n1 RS   1700982528 131072    2.330
21:28:53.272 VLLM::W        1046588 nvme1n1 RS   1700982784 131072    2.440
21:28:53.272 VLLM::W        1046588 nvme1n1 RS   1700983040 131072    2.451
21:28:53.272 VLLM::W        1046587 nvme1n1 RS   731525376  131072    1.944
21:28:53.272 VLLM::W        1046587 nvme1n1 RS   731525120  131072    1.979
21:28:53.272 VLLM::W        1046587 nvme1n1 RS   731526144  131072    2.064
21:28:53.272 VLLM::W        1046587 nvme1n1 RS   731525888  131072    2.092
21:28:53.272 VLLM::W        1046587 nvme1n1 RS   731525632  131072    2.109
21:28:53.272 VLLM::W        1046587 nvme1n1 RS   731526400  131072    2.197
21:28:53.272 VLLM::W        1046587 nvme1n1 RS   731526656  131072    2.214
21:28:53.272 VLLM::W        1046587 nvme1n1 RS   731527168  131072    2.201
21:28:53.272 VLLM::W        1046587 nvme1n1 RS   731527424  131072    2.218
21:28:53.272 VLLM::W        1046587 nvme1n1 RS   731526912  131072    2.238
21:28:53.273 VLLM::W        1046587 nvme1n1 RS   731528192  131072    2.308
21:28:53.273 VLLM::W        1046587 nvme1n1 RS   731528448  131072    2.328
21:28:53.273 VLLM::W        1046587 nvme1n1 RS   731527680  131072    2.361
21:28:53.273 VLLM::W        1046587 nvme1n1 RS   731527936  131072    2.367
21:28:53.273 VLLM::W        1046587 nvme1n1 RS   731528704  131072    2.421
21:28:53.273 VLLM::W        1046587 nvme1n1 RS   731529216  131072    2.429
21:28:53.273 VLLM::W        1046587 nvme1n1 RS   731529472  131072    2.447
21:28:53.273 VLLM::W        1046587 nvme1n1 RS   731528960  131072    2.465
21:28:53.273 VLLM::W        1046589 nvme1n1 RS   54202624   131072    1.889
21:28:53.273 VLLM::W        1046589 nvme1n1 RS   54202880   131072    1.890
21:28:53.273 VLLM::W        1046589 nvme1n1 RS   54202368   131072    1.898
21:28:53.273 VLLM::W        1046589 nvme1n1 RS   54203136   131072    1.901
21:28:53.273 VLLM::W        1046589 nvme1n1 RS   54203392   131072    1.962
21:28:53.273 VLLM::W        1046589 nvme1n1 RS   54203648   131072    1.998
21:28:53.273 VLLM::W        1046589 nvme1n1 RS   54203904   131072    1.997
21:28:53.273 VLLM::W        1046589 nvme1n1 RS   54204160   131072    1.977
21:28:53.273 VLLM::W        1046589 nvme1n1 RS   54204416   131072    2.002
21:28:53.273 VLLM::W        1046589 nvme1n1 RS   54204928   131072    2.071
21:28:53.273 VLLM::W        1046589 nvme1n1 RS   54204672   131072    2.087
21:28:53.273 VLLM::W        1046589 nvme1n1 RS   54205184   131072    2.117
21:28:53.273 VLLM::W        1046589 nvme1n1 RS   54205440   131072    2.150
21:28:53.273 VLLM::W        1046589 nvme1n1 RS   54205952   131072    2.203
21:28:53.273 VLLM::W        1046589 nvme1n1 RS   54205696   131072    2.214
21:28:53.273 VLLM::W        1046589 nvme1n1 RS   54206464   131072    2.290
21:28:53.273 VLLM::W        1046589 nvme1n1 RS   54206208   131072    2.308
21:28:53.273 VLLM::W        1046589 nvme1n1 RS   54206720   131072    2.317
21:28:53.273 VLLM::W        1046586 nvme1n1 RS   576725248  131072    1.957
21:28:53.273 VLLM::W        1046586 nvme1n1 RS   576725504  131072    1.959
21:28:53.273 VLLM::W        1046586 nvme1n1 RS   576724992  131072    1.966
21:28:53.274 VLLM::W        1046586 nvme1n1 RS   576726016  131072    2.005
21:28:53.274 VLLM::W        1046586 nvme1n1 RS   576725760  131072    2.068
21:28:53.274 VLLM::W        1046586 nvme1n1 RS   576726272  131072    2.072
21:28:53.274 VLLM::W        1046586 nvme1n1 RS   576726528  131072    2.090
21:28:53.274 VLLM::W        1046586 nvme1n1 RS   576727040  131072    2.101
21:28:53.274 VLLM::W        1046586 nvme1n1 RS   576727296  131072    2.136
21:28:53.274 VLLM::W        1046586 nvme1n1 RS   576726784  131072    2.155
21:28:53.274 VLLM::W        1046586 nvme1n1 RS   576727552  131072    2.190
21:28:53.274 VLLM::W        1046586 nvme1n1 RS   576727808  131072    2.219
21:28:53.274 VLLM::W        1046586 nvme1n1 RS   576728064  131072    2.253
21:28:53.274 VLLM::W        1046586 nvme1n1 RS   576728320  131072    2.285
21:28:53.274 VLLM::W        1046586 nvme1n1 RS   576728576  131072    2.310
21:28:53.274 VLLM::W        1046586 nvme1n1 RS   576728832  131072    2.340
21:28:53.274 VLLM::W        1046586 nvme1n1 RS   576729088  131072    2.370
21:28:53.274 VLLM::W        1046586 nvme1n1 RS   576729344  131072    2.395
21:28:53.274 VLLM::W        1046588 nvme1n1 RS   315457536  131072    1.915
21:28:53.274 VLLM::W        1046588 nvme1n1 RS   315457792  131072    1.916
21:28:53.274 VLLM::W        1046588 nvme1n1 RS   315458048  131072    1.933
21:28:53.274 VLLM::W        1046588 nvme1n1 RS   315458304  131072    1.952
21:28:53.274 VLLM::W        1046588 nvme1n1 RS   315458560  131072    2.006
21:28:53.274 VLLM::W        1046588 nvme1n1 RS   315458816  131072    2.038
21:28:53.274 VLLM::W        1046588 nvme1n1 RS   315459072  131072    2.054
21:28:53.274 VLLM::W        1046588 nvme1n1 RS   315459328  131072    2.060
21:28:53.274 VLLM::W        1046588 nvme1n1 RS   315459584  131072    2.079
21:28:53.274 VLLM::W        1046588 nvme1n1 RS   315459840  131072    2.106
21:28:53.274 VLLM::W        1046588 nvme1n1 RS   315460096  131072    2.158
21:28:53.274 VLLM::W        1046588 nvme1n1 RS   315460352  131072    2.201
21:28:53.274 VLLM::W        1046588 nvme1n1 RS   315460608  131072    2.212
21:28:53.275 VLLM::W        1046588 nvme1n1 RS   315460864  131072    2.249
21:28:53.275 VLLM::W        1046588 nvme1n1 RS   315461120  131072    2.318
21:28:53.275 VLLM::W        1046588 nvme1n1 RS   315461376  131072    2.331
21:28:53.275 VLLM::W        1046588 nvme1n1 RS   315465728  131072    2.342
21:28:53.275 VLLM::W        1046588 nvme1n1 RS   315465984  131072    2.369
21:28:53.275 VLLM::W        1046587 nvme1n1 RS   1175273472 131072    1.949
21:28:53.275 VLLM::W        1046587 nvme1n1 RS   1175273728 131072    1.965
21:28:53.275 VLLM::W        1046587 nvme1n1 RS   1175273984 131072    1.971
21:28:53.275 VLLM::W        1046587 nvme1n1 RS   1175274240 131072    2.001
21:28:53.275 VLLM::W        1046587 nvme1n1 RS   1175274496 131072    2.039
21:28:53.275 VLLM::W        1046587 nvme1n1 RS   1175274752 131072    2.086
21:28:53.275 VLLM::W        1046587 nvme1n1 RS   1175275008 131072    2.110
21:28:53.275 VLLM::W        1046587 nvme1n1 RS   1175275264 131072    2.133
21:28:53.275 VLLM::W        1046587 nvme1n1 RS   1175276032 131072    2.214
21:28:53.275 VLLM::W        1046587 nvme1n1 RS   1175275520 131072    2.244
21:28:53.275 VLLM::W        1046587 nvme1n1 RS   1175275776 131072    2.256
21:28:53.275 VLLM::W        1046587 nvme1n1 RS   1175276288 131072    2.264
21:28:53.275 VLLM::W        1046587 nvme1n1 RS   1175276544 131072    2.291
21:28:53.275 VLLM::W        1046587 nvme1n1 RS   1175276800 131072    2.327
21:28:53.275 VLLM::W        1046587 nvme1n1 RS   1175277056 131072    2.338
21:28:53.275 VLLM::W        1046587 nvme1n1 RS   1175277312 131072    2.424
21:28:53.275 VLLM::W        1046587 nvme1n1 RS   1175277568 131072    2.439
21:28:53.275 VLLM::W        1046587 nvme1n1 RS   1175277824 131072    2.451
21:28:53.275 VLLM::W        1046589 nvme1n1 RS   54210816   131072    1.884
21:28:53.275 VLLM::W        1046589 nvme1n1 RS   54210560   131072    1.918
21:28:53.275 VLLM::W        1046589 nvme1n1 RS   54211072   131072    1.924
21:28:53.276 VLLM::W        1046589 nvme1n1 RS   54211328   131072    1.973
21:28:53.276 VLLM::W        1046589 nvme1n1 RS   54211584   131072    1.986
21:28:53.276 VLLM::W        1046589 nvme1n1 RS   54211840   131072    2.036
21:28:53.276 VLLM::W        1046589 nvme1n1 RS   54212096   131072    2.051
21:28:53.276 VLLM::W        1046589 nvme1n1 RS   54212352   131072    2.085
21:28:53.276 VLLM::W        1046589 nvme1n1 RS   54212608   131072    2.097
21:28:53.276 VLLM::W        1046589 nvme1n1 RS   54212864   131072    2.129
21:28:53.276 VLLM::W        1046589 nvme1n1 RS   54213120   131072    2.166
21:28:53.276 VLLM::W        1046589 nvme1n1 RS   54213376   131072    2.211
21:28:53.276 VLLM::W        1046589 nvme1n1 RS   54213632   131072    2.222
21:28:53.276 VLLM::W        1046589 nvme1n1 RS   54214400   131072    2.329
21:28:53.276 VLLM::W        1046589 nvme1n1 RS   54213888   131072    2.364
21:28:53.276 VLLM::W        1046589 nvme1n1 RS   54214144   131072    2.382
21:28:53.276 VLLM::W        1046589 nvme1n1 RS   54214656   131072    2.382
21:28:53.276 VLLM::W        1046589 nvme1n1 RS   54214912   131072    2.393
21:28:53.276 VLLM::W        1046586 nvme1n1 RS   574271488  131072    1.953
21:28:53.276 VLLM::W        1046586 nvme1n1 RS   574271744  131072    1.967
21:28:53.276 VLLM::W        1046586 nvme1n1 RS   574272000  131072    1.984
21:28:53.276 VLLM::W        1046586 nvme1n1 RS   574272256  131072    1.989
21:28:53.276 VLLM::W        1046586 nvme1n1 RS   574272512  131072    2.036
21:28:53.276 VLLM::W        1046586 nvme1n1 RS   574272768  131072    2.048
21:28:53.276 VLLM::W        1046586 nvme1n1 RS   574273024  131072    2.086
21:28:53.276 VLLM::W        1046586 nvme1n1 RS   574273280  131072    2.129
21:28:53.276 VLLM::W        1046586 nvme1n1 RS   574273536  131072    2.142
21:28:53.276 VLLM::W        1046586 nvme1n1 RS   574273792  131072    2.152
21:28:53.276 VLLM::W        1046586 nvme1n1 RS   574274048  131072    2.177
21:28:53.276 VLLM::W        1046586 nvme1n1 RS   574274304  131072    2.218
21:28:53.277 VLLM::W        1046586 nvme1n1 RS   574274560  131072    2.267
21:28:53.277 VLLM::W        1046586 nvme1n1 RS   574274816  131072    2.277
21:28:53.277 VLLM::W        1046586 nvme1n1 RS   574275072  131072    2.319
21:28:53.277 VLLM::W        1046586 nvme1n1 RS   574275328  131072    2.336
21:28:53.277 VLLM::W        1046586 nvme1n1 RS   574275584  131072    2.370
21:28:53.277 VLLM::W        1046586 nvme1n1 RS   574275840  131072    2.408
21:28:53.277 VLLM::W        1046588 nvme1n1 RS   731873280  131072    2.014
21:28:53.277 VLLM::W        1046588 nvme1n1 RS   731873536  131072    2.014
21:28:53.277 VLLM::W        1046588 nvme1n1 RS   731873792  131072    2.011
21:28:53.277 VLLM::W        1046588 nvme1n1 RS   731874048  131072    2.009
21:28:53.277 VLLM::W        1046588 nvme1n1 RS   731874304  131072    2.014
21:28:53.277 VLLM::W        1046588 nvme1n1 RS   731874560  131072    2.070
21:28:53.277 VLLM::W        1046588 nvme1n1 RS   731874816  131072    2.103
21:28:53.277 VLLM::W        1046588 nvme1n1 RS   731875072  131072    2.090
21:28:53.277 VLLM::W        1046588 nvme1n1 RS   731875328  131072    2.103
21:28:53.277 VLLM::W        1046588 nvme1n1 RS   731875584  131072    2.144
21:28:53.277 VLLM::W        1046588 nvme1n1 RS   731875840  131072    2.173
21:28:53.277 VLLM::W        1046588 nvme1n1 RS   731876096  131072    2.211
21:28:53.277 VLLM::W        1046588 nvme1n1 RS   731876352  131072    2.242
21:28:53.277 VLLM::W        1046588 nvme1n1 RS   731876608  131072    2.276
21:28:53.277 VLLM::W        1046588 nvme1n1 RS   731876864  131072    2.332
21:28:53.277 VLLM::W        1046588 nvme1n1 RS   731877120  131072    2.384
21:28:53.277 VLLM::W        1046588 nvme1n1 RS   731877376  131072    2.402
21:28:53.277 VLLM::W        1046588 nvme1n1 RS   731877632  131072    2.413
21:28:53.277 VLLM::W        1046587 nvme1n1 RS   315478016  131072    1.962
21:28:53.277 VLLM::W        1046587 nvme1n1 RS   315478528  131072    1.966
21:28:53.278 VLLM::W        1046587 nvme1n1 RS   315478784  131072    2.026
21:28:53.278 VLLM::W        1046587 nvme1n1 RS   315478272  131072    2.046
21:28:53.278 VLLM::W        1046587 nvme1n1 RS   315479040  131072    2.088
21:28:53.278 VLLM::W        1046587 nvme1n1 RS   315479296  131072    2.142
21:28:53.278 VLLM::W        1046587 nvme1n1 RS   315479552  131072    2.145
21:28:53.278 VLLM::W        1046587 nvme1n1 RS   315479808  131072    2.201
21:28:53.278 VLLM::W        1046587 nvme1n1 RS   315480064  131072    2.214
21:28:53.278 VLLM::W        1046587 nvme1n1 RS   315480320  131072    2.224
21:28:53.278 VLLM::W        1046587 nvme1n1 RS   315481088  131072    2.276
21:28:53.278 VLLM::W        1046587 nvme1n1 RS   315481344  131072    2.316
21:28:53.278 VLLM::W        1046587 nvme1n1 RS   315480576  131072    2.343
21:28:53.278 VLLM::W        1046587 nvme1n1 RS   315480832  131072    2.355
21:28:53.278 VLLM::W        1046587 nvme1n1 RS   315481856  131072    2.397
21:28:53.278 VLLM::W        1046587 nvme1n1 RS   315481600  131072    2.425
21:28:53.278 VLLM::W        1046589 nvme1n1 RS   576806912  131072    1.922
21:28:53.278 VLLM::W        1046589 nvme1n1 RS   576807168  131072    1.922
21:28:53.278 VLLM::W        1046587 nvme1n1 RS   315482112  131072    2.562
21:28:53.278 VLLM::W        1046587 nvme1n1 RS   315482368  131072    2.587
21:28:53.278 VLLM::W        1046589 nvme1n1 RS   576807680  131072    1.976
21:28:53.278 VLLM::W        1046589 nvme1n1 RS   576807936  131072    1.999
21:28:53.278 VLLM::W        1046589 nvme1n1 RS   576807424  131072    2.018
21:28:53.278 VLLM::W        1046589 nvme1n1 RS   576808192  131072    2.042
21:28:53.278 VLLM::W        1046589 nvme1n1 RS   576808448  131072    2.119
21:28:53.278 VLLM::W        1046589 nvme1n1 RS   576808704  131072    2.163
21:28:53.278 VLLM::W        1046589 nvme1n1 RS   576808960  131072    2.179
21:28:53.278 VLLM::W        1046589 nvme1n1 RS   576809472  131072    2.181
21:28:53.278 VLLM::W        1046589 nvme1n1 RS   576809216  131072    2.224
21:28:53.279 VLLM::W        1046589 nvme1n1 RS   576810496  131072    2.309
21:28:53.279 VLLM::W        1046589 nvme1n1 RS   576809728  131072    2.343
21:28:53.279 VLLM::W        1046589 nvme1n1 RS   576810752  131072    2.343
21:28:53.279 VLLM::W        1046589 nvme1n1 RS   576809984  131072    2.375
21:28:53.279 VLLM::W        1046589 nvme1n1 RS   576810240  131072    2.393
21:28:53.279 VLLM::W        1046589 nvme1n1 RS   576811264  131072    2.397
21:28:53.279 VLLM::W        1046589 nvme1n1 RS   576811008  131072    2.412
21:28:53.279 VLLM::W        1046586 nvme1n1 RS   315486208  131072    1.895
21:28:53.279 VLLM::W        1046586 nvme1n1 RS   315486464  131072    1.927
21:28:53.279 VLLM::W        1046586 nvme1n1 RS   315486720  131072    1.964
21:28:53.279 VLLM::W        1046586 nvme1n1 RS   315486976  131072    1.974
21:28:53.279 VLLM::W        1046586 nvme1n1 RS   315487232  131072    2.000
21:28:53.279 VLLM::W        1046586 nvme1n1 RS   315487488  131072    2.025
21:28:53.279 VLLM::W        1046586 nvme1n1 RS   315487744  131072    2.065
21:28:53.279 VLLM::W        1046586 nvme1n1 RS   315488000  131072    2.078
21:28:53.279 VLLM::W        1046586 nvme1n1 RS   315488256  131072    2.112
21:28:53.279 VLLM::W        1046586 nvme1n1 RS   315488512  131072    2.159
21:28:53.279 VLLM::W        1046586 nvme1n1 RS   315488768  131072    2.198
21:28:53.279 VLLM::W        1046586 nvme1n1 RS   315489024  131072    2.208
21:28:53.279 VLLM::W        1046586 nvme1n1 RS   315489280  131072    2.241
21:28:53.279 VLLM::W        1046586 nvme1n1 RS   315489536  131072    2.287
21:28:53.279 VLLM::W        1046586 nvme1n1 RS   315489792  131072    2.298
21:28:53.279 VLLM::W        1046586 nvme1n1 RS   315490048  131072    2.345
21:28:53.279 VLLM::W        1046586 nvme1n1 RS   315490304  131072    2.383
21:28:53.279 VLLM::W        1046586 nvme1n1 RS   315490560  131072    2.411
21:28:53.279 VLLM::W        1046588 nvme1n1 RS   1701154816 131072    1.870
21:28:53.279 VLLM::W        1046588 nvme1n1 RS   1701155072 131072    1.901
21:28:53.279 VLLM::W        1046588 nvme1n1 RS   1701155328 131072    1.929
21:28:53.279 VLLM::W        1046588 nvme1n1 RS   1701155584 131072    1.962
21:28:53.280 VLLM::W        1046588 nvme1n1 RS   1701155840 131072    2.003
21:28:53.280 VLLM::W        1046588 nvme1n1 RS   1701156096 131072    2.054
21:28:53.280 VLLM::W        1046588 nvme1n1 RS   1701156352 131072    2.073
21:28:53.280 VLLM::W        1046588 nvme1n1 RS   1701156608 131072    2.064
21:28:53.280 VLLM::W        1046588 nvme1n1 RS   1701156864 131072    2.093
21:28:53.280 VLLM::W        1046588 nvme1n1 RS   1701157120 131072    2.127
21:28:53.280 VLLM::W        1046588 nvme1n1 RS   1701157376 131072    2.165
21:28:53.280 VLLM::W        1046588 nvme1n1 RS   1701157632 131072    2.204
21:28:53.280 VLLM::W        1046588 nvme1n1 RS   1701157888 131072    2.232
21:28:53.280 VLLM::W        1046588 nvme1n1 RS   1701158144 131072    2.261
21:28:53.280 VLLM::W        1046588 nvme1n1 RS   1701158400 131072    2.292
21:28:53.280 VLLM::W        1046588 nvme1n1 RS   1701158656 131072    2.323
21:28:53.280 VLLM::W        1046588 nvme1n1 RS   1701158912 131072    2.376
21:28:53.280 VLLM::W        1046588 nvme1n1 RS   1701159168 131072    2.387
21:28:53.280 VLLM::W        1046587 nvme1n1 RS   574304256  131072    1.808
21:28:53.280 VLLM::W        1046587 nvme1n1 RS   574304512  131072    1.826
21:28:53.280 VLLM::W        1046587 nvme1n1 RS   574304768  131072    1.837
21:28:53.280 VLLM::W        1046587 nvme1n1 RS   574305024  131072    1.873
21:28:53.280 VLLM::W        1046587 nvme1n1 RS   574305280  131072    1.933
21:28:53.280 VLLM::W        1046587 nvme1n1 RS   574305536  131072    1.967
21:28:53.280 VLLM::W        1046587 nvme1n1 RS   574305792  131072    1.987
21:28:53.280 VLLM::W        1046587 nvme1n1 RS   574306304  131072    2.015
21:28:53.280 VLLM::W        1046587 nvme1n1 RS   574306048  131072    2.045
21:28:53.280 VLLM::W        1046587 nvme1n1 RS   574306560  131072    2.075
21:28:53.280 VLLM::W        1046587 nvme1n1 RS   574306816  131072    2.106
21:28:53.280 VLLM::W        1046587 nvme1n1 RS   574307072  131072    2.136
21:28:53.281 VLLM::W        1046587 nvme1n1 RS   574307328  131072    2.167
21:28:53.281 VLLM::W        1046587 nvme1n1 RS   574307840  131072    2.233
21:28:53.281 VLLM::W        1046587 nvme1n1 RS   574307584  131072    2.277
21:28:53.281 VLLM::W        1046587 nvme1n1 RS   574308096  131072    2.282
21:28:53.281 VLLM::W        1046587 nvme1n1 RS   574324736  131072    2.294
21:28:53.281 VLLM::W        1046589 nvme1n1 RS   574296320  131072    1.869
21:28:53.281 VLLM::W        1046587 nvme1n1 RS   574324992  131072    2.405
21:28:53.281 VLLM::W        1046589 nvme1n1 RS   574296576  131072    1.922
21:28:53.281 VLLM::W        1046589 nvme1n1 RS   574296064  131072    1.940
21:28:53.281 VLLM::W        1046589 nvme1n1 RS   574297344  131072    1.986
21:28:53.281 VLLM::W        1046589 nvme1n1 RS   574297600  131072    2.063
21:28:53.281 VLLM::W        1046589 nvme1n1 RS   574297856  131072    2.045
21:28:53.281 VLLM::W        1046589 nvme1n1 RS   574296832  131072    2.124
21:28:53.281 VLLM::W        1046589 nvme1n1 RS   574297088  131072    2.133
21:28:53.281 VLLM::W        1046589 nvme1n1 RS   574298112  131072    2.125
21:28:53.281 VLLM::W        1046589 nvme1n1 RS   574298880  131072    2.206
21:28:53.281 VLLM::W        1046589 nvme1n1 RS   574299136  131072    2.223
21:28:53.281 VLLM::W        1046589 nvme1n1 RS   574298368  131072    2.252
21:28:53.281 VLLM::W        1046589 nvme1n1 RS   574298624  131072    2.262
21:28:53.281 VLLM::W        1046589 nvme1n1 RS   574299392  131072    2.291
21:28:53.281 VLLM::W        1046589 nvme1n1 RS   574299648  131072    2.301
21:28:53.281 VLLM::W        1046589 nvme1n1 RS   574308352  131072    2.341
21:28:53.281 VLLM::W        1046589 nvme1n1 RS   574308608  131072    2.364
21:28:53.281 VLLM::W        1046589 nvme1n1 RS   574299904  131072    2.377
21:28:53.281 VLLM::W        1046586 nvme1n1 RS   574300672  131072    1.966
21:28:53.282 VLLM::W        1046586 nvme1n1 RS   574300160  131072    2.026
21:28:53.282 VLLM::W        1046586 nvme1n1 RS   574300416  131072    2.029
21:28:53.282 VLLM::W        1046586 nvme1n1 RS   574300928  131072    2.087
21:28:53.282 VLLM::W        1046586 nvme1n1 RS   574301184  131072    2.134
21:28:53.282 VLLM::W        1046586 nvme1n1 RS   574301440  131072    2.151
21:28:53.282 VLLM::W        1046586 nvme1n1 RS   574301696  131072    2.165
21:28:53.282 VLLM::W        1046586 nvme1n1 RS   574301952  131072    2.183
21:28:53.282 VLLM::W        1046586 nvme1n1 RS   574302208  131072    2.194
21:28:53.282 VLLM::W        1046586 nvme1n1 RS   574302720  131072    2.246
21:28:53.282 VLLM::W        1046586 nvme1n1 RS   574302976  131072    2.263
21:28:53.282 VLLM::W        1046586 nvme1n1 RS   574302464  131072    2.282
21:28:53.282 VLLM::W        1046586 nvme1n1 RS   574303232  131072    2.342
21:28:53.282 VLLM::W        1046586 nvme1n1 RS   574303488  131072    2.355
21:28:53.282 VLLM::W        1046586 nvme1n1 RS   574303744  131072    2.376
21:28:53.282 VLLM::W        1046586 nvme1n1 RS   574304000  131072    2.386
21:28:53.282 VLLM::W        1046586 nvme1n1 RS   574312448  131072    2.396
21:28:53.282 VLLM::W        1046586 nvme1n1 RS   574312704  131072    2.425
21:28:53.282 VLLM::W        1046588 nvme1n1 RS   576774144  131072    1.946
21:28:53.282 VLLM::W        1046588 nvme1n1 RS   576774400  131072    1.994
21:28:53.282 VLLM::W        1046588 nvme1n1 RS   576774656  131072    2.016
21:28:53.282 VLLM::W        1046588 nvme1n1 RS   576774912  131072    2.027
21:28:53.282 VLLM::W        1046588 nvme1n1 RS   576775168  131072    2.103
21:28:53.282 VLLM::W        1046588 nvme1n1 RS   576775680  131072    2.112
21:28:53.282 VLLM::W        1046588 nvme1n1 RS   576775424  131072    2.120
21:28:53.282 VLLM::W        1046588 nvme1n1 RS   576776192  131072    2.151
21:28:53.282 VLLM::W        1046588 nvme1n1 RS   576775936  131072    2.235
21:28:53.282 VLLM::W        1046588 nvme1n1 RS   576776448  131072    2.251
21:28:53.282 VLLM::W        1046588 nvme1n1 RS   576776704  131072    2.274
21:28:53.283 VLLM::W        1046588 nvme1n1 RS   576777216  131072    2.283
21:28:53.283 VLLM::W        1046588 nvme1n1 RS   576776960  131072    2.299
21:28:53.283 VLLM::W        1046588 nvme1n1 RS   576777472  131072    2.388
21:28:53.283 VLLM::W        1046588 nvme1n1 RS   576777728  131072    2.408
21:28:53.283 VLLM::W        1046588 nvme1n1 RS   576777984  131072    2.407
21:28:53.283 VLLM::W        1046587 nvme1n1 RS   574316544  131072    1.864
21:28:53.283 VLLM::W        1046587 nvme1n1 RS   574316800  131072    1.880
21:28:53.283 VLLM::W        1046588 nvme1n1 RS   576778240  131072    2.537
21:28:53.283 VLLM::W        1046588 nvme1n1 RS   576778496  131072    2.559
21:28:53.283 VLLM::W        1046587 nvme1n1 RS   574317056  131072    1.926
21:28:53.283 VLLM::W        1046587 nvme1n1 RS   574317312  131072    1.956
21:28:53.283 VLLM::W        1046587 nvme1n1 RS   574317568  131072    1.982
21:28:53.283 VLLM::W        1046587 nvme1n1 RS   574317824  131072    2.012
21:28:53.283 VLLM::W        1046587 nvme1n1 RS   574318080  131072    2.057
21:28:53.283 VLLM::W        1046587 nvme1n1 RS   574318336  131072    2.055
21:28:53.283 VLLM::W        1046587 nvme1n1 RS   574318592  131072    2.068
21:28:53.283 VLLM::W        1046587 nvme1n1 RS   574318848  131072    2.133
21:28:53.283 VLLM::W        1046587 nvme1n1 RS   574319104  131072    2.148
21:28:53.283 VLLM::W        1046587 nvme1n1 RS   574319360  131072    2.158
21:28:53.283 VLLM::W        1046587 nvme1n1 RS   574319616  131072    2.185
21:28:53.283 VLLM::W        1046587 nvme1n1 RS   574319872  131072    2.222
21:28:53.283 VLLM::W        1046587 nvme1n1 RS   574320128  131072    2.263
21:28:53.283 VLLM::W        1046587 nvme1n1 RS   574320384  131072    2.299
21:28:53.283 VLLM::W        1046587 nvme1n1 RS   574328832  131072    2.340
21:28:53.283 VLLM::W        1046587 nvme1n1 RS   574329088  131072    2.352
21:28:53.283 VLLM::W        1046589 nvme1n1 RS   1701285888 131072    1.852
21:28:53.283 VLLM::W        1046589 nvme1n1 RS   1701286144 131072    1.859
21:28:53.283 VLLM::W        1046589 nvme1n1 RS   1701286400 131072    1.889
21:28:53.284 VLLM::W        1046589 nvme1n1 RS   1701286656 131072    1.956
21:28:53.284 VLLM::W        1046589 nvme1n1 RS   1701286912 131072    1.985
21:28:53.284 VLLM::W        1046589 nvme1n1 RS   1701287168 131072    2.022
21:28:53.284 VLLM::W        1046589 nvme1n1 RS   1701287424 131072    2.032
21:28:53.284 VLLM::W        1046589 nvme1n1 RS   1701287936 131072    2.060
21:28:53.284 VLLM::W        1046589 nvme1n1 RS   1701288192 131072    2.104
21:28:53.284 VLLM::W        1046589 nvme1n1 RS   1701287680 131072    2.133
21:28:53.284 VLLM::W        1046589 nvme1n1 RS   1701288448 131072    2.141
21:28:53.284 VLLM::W        1046589 nvme1n1 RS   1701288704 131072    2.171
21:28:53.284 VLLM::W        1046589 nvme1n1 RS   1701288960 131072    2.216
21:28:53.284 VLLM::W        1046589 nvme1n1 RS   1701289216 131072    2.244
21:28:53.284 VLLM::W        1046589 nvme1n1 RS   1701289472 131072    2.272
21:28:53.284 VLLM::W        1046589 nvme1n1 RS   1701289728 131072    2.298
21:28:53.284 VLLM::W        1046589 nvme1n1 RS   1701306368 131072    2.329
21:28:53.284 VLLM::W        1046589 nvme1n1 RS   1701306624 131072    2.359
21:28:53.284 VLLM::W        1046586 nvme1n1 RS   54292480   131072    1.989
21:28:53.284 VLLM::W        1046586 nvme1n1 RS   54292736   131072    1.999
21:28:53.284 VLLM::W        1046586 nvme1n1 RS   54292992   131072    2.008
21:28:53.284 VLLM::W        1046586 nvme1n1 RS   54293248   131072    2.039
21:28:53.284 VLLM::W        1046586 nvme1n1 RS   54293504   131072    2.121
21:28:53.284 VLLM::W        1046586 nvme1n1 RS   54293760   131072    2.146
21:28:53.284 VLLM::W        1046586 nvme1n1 RS   54294016   131072    2.162
21:28:53.284 VLLM::W        1046586 nvme1n1 RS   54294528   131072    2.180
21:28:53.284 VLLM::W        1046586 nvme1n1 RS   54294272   131072    2.196
21:28:53.284 VLLM::W        1046586 nvme1n1 RS   54294784   131072    2.232
21:28:53.284 VLLM::W        1046586 nvme1n1 RS   54295040   131072    2.242
21:28:53.285 VLLM::W        1046586 nvme1n1 RS   54295552   131072    2.301
21:28:53.285 VLLM::W        1046586 nvme1n1 RS   54295808   131072    2.338
21:28:53.285 VLLM::W        1046586 nvme1n1 RS   54295296   131072    2.370
21:28:53.285 VLLM::W        1046586 nvme1n1 RS   54296064   131072    2.371
21:28:53.285 VLLM::W        1046586 nvme1n1 RS   54296576   131072    2.463
21:28:53.285 VLLM::W        1046586 nvme1n1 RS   54296320   131072    2.481
21:28:53.285 VLLM::W        1046586 nvme1n1 RS   54296832   131072    2.491
21:28:53.285 VLLM::W        1046588 nvme1n1 RS   1701228544 131072    1.870
21:28:53.285 VLLM::W        1046588 nvme1n1 RS   1701228800 131072    1.870
21:28:53.285 VLLM::W        1046588 nvme1n1 RS   1701229312 131072    1.884
21:28:53.285 VLLM::W        1046588 nvme1n1 RS   1701229568 131072    1.935
21:28:53.285 VLLM::W        1046588 nvme1n1 RS   1701229056 131072    1.963
21:28:53.285 VLLM::W        1046588 nvme1n1 RS   1701229824 131072    1.998
21:28:53.285 VLLM::W        1046588 nvme1n1 RS   1701230080 131072    2.021
21:28:53.285 VLLM::W        1046588 nvme1n1 RS   1701230336 131072    1.997
21:28:53.285 VLLM::W        1046588 nvme1n1 RS   1701230592 131072    2.026
21:28:53.285 VLLM::W        1046588 nvme1n1 RS   1701230848 131072    2.059
21:28:53.285 VLLM::W        1046588 nvme1n1 RS   1701231104 131072    2.091
21:28:53.285 VLLM::W        1046588 nvme1n1 RS   1701231616 131072    2.143
21:28:53.285 VLLM::W        1046588 nvme1n1 RS   1701231360 131072    2.205
21:28:53.285 VLLM::W        1046588 nvme1n1 RS   1701231872 131072    2.234
21:28:53.285 VLLM::W        1046588 nvme1n1 RS   1701232128 131072    2.244
21:28:53.285 VLLM::W        1046588 nvme1n1 RS   1701236736 131072    2.273
21:28:53.285 VLLM::W        1046588 nvme1n1 RS   1701236992 131072    2.304
21:28:53.285 VLLM::W        1046587 nvme1n1 RS   1701269504 131072    1.960
21:28:53.285 VLLM::W        1046588 nvme1n1 RS   1701232384 131072    2.399
21:28:53.285 VLLM::W        1046587 nvme1n1 RS   1701269760 131072    2.002
21:28:53.285 VLLM::W        1046587 nvme1n1 RS   1701270016 131072    2.007
21:28:53.286 VLLM::W        1046587 nvme1n1 RS   1701270272 131072    2.080
21:28:53.286 VLLM::W        1046587 nvme1n1 RS   1701270528 131072    2.102
21:28:53.286 VLLM::W        1046587 nvme1n1 RS   1701270784 131072    2.108
21:28:53.286 VLLM::W        1046587 nvme1n1 RS   1701271040 131072    2.191
21:28:53.286 VLLM::W        1046587 nvme1n1 RS   1701271296 131072    2.160
21:28:53.286 VLLM::W        1046587 nvme1n1 RS   1701271808 131072    2.237
21:28:53.286 VLLM::W        1046587 nvme1n1 RS   1701271552 131072    2.262
21:28:53.286 VLLM::W        1046587 nvme1n1 RS   1701272064 131072    2.265
21:28:53.286 VLLM::W        1046587 nvme1n1 RS   1701272320 131072    2.328
21:28:53.286 VLLM::W        1046587 nvme1n1 RS   1701272832 131072    2.370
21:28:53.286 VLLM::W        1046587 nvme1n1 RS   1701272576 131072    2.400
21:28:53.286 VLLM::W        1046587 nvme1n1 RS   1701273088 131072    2.410
21:28:53.286 VLLM::W        1046587 nvme1n1 RS   1701273344 131072    2.442
21:28:53.286 VLLM::W        1046587 nvme1n1 RS   1701294080 131072    2.461
21:28:53.286 VLLM::W        1046587 nvme1n1 RS   1701294336 131072    2.472
21:28:53.286 VLLM::W        1046589 nvme1n1 RS   1701273600 131072    1.925
21:28:53.286 VLLM::W        1046589 nvme1n1 RS   1701273856 131072    1.928
21:28:53.286 VLLM::W        1046589 nvme1n1 RS   1701274112 131072    1.985
21:28:53.286 VLLM::W        1046589 nvme1n1 RS   1701274368 131072    2.050
21:28:53.286 VLLM::W        1046589 nvme1n1 RS   1701274624 131072    2.056
21:28:53.286 VLLM::W        1046589 nvme1n1 RS   1701274880 131072    2.065
21:28:53.286 VLLM::W        1046589 nvme1n1 RS   1701275136 131072    2.092
21:28:53.286 VLLM::W        1046589 nvme1n1 RS   1701275392 131072    2.088
21:28:53.286 VLLM::W        1046589 nvme1n1 RS   1701275648 131072    2.120
21:28:53.286 VLLM::W        1046589 nvme1n1 RS   1701275904 131072    2.153
21:28:53.286 VLLM::W        1046589 nvme1n1 RS   1701276160 131072    2.180
21:28:53.286 VLLM::W        1046589 nvme1n1 RS   1701276416 131072    2.216
21:28:53.287 VLLM::W        1046589 nvme1n1 RS   1701276672 131072    2.258
21:28:53.287 VLLM::W        1046589 nvme1n1 RS   1701276928 131072    2.295
21:28:53.287 VLLM::W        1046589 nvme1n1 RS   1701277184 131072    2.323
21:28:53.287 VLLM::W        1046589 nvme1n1 RS   1701277440 131072    2.339
21:28:53.287 VLLM::W        1046589 nvme1n1 RS   1701302272 131072    2.372
21:28:53.287 VLLM::W        1046589 nvme1n1 RS   1701302528 131072    2.407
21:28:53.287 VLLM::W        1046586 nvme1n1 RS   54300672   131072    1.938
21:28:53.287 VLLM::W        1046586 nvme1n1 RS   54300928   131072    1.954
21:28:53.287 VLLM::W        1046586 nvme1n1 RS   54301184   131072    1.964
21:28:53.287 VLLM::W        1046586 nvme1n1 RS   54301440   131072    1.997
21:28:53.287 VLLM::W        1046586 nvme1n1 RS   54301696   131072    2.039
21:28:53.287 VLLM::W        1046586 nvme1n1 RS   54301952   131072    2.097
21:28:53.287 VLLM::W        1046586 nvme1n1 RS   54302208   131072    2.106
21:28:53.287 VLLM::W        1046586 nvme1n1 RS   54302464   131072    2.116
21:28:53.287 VLLM::W        1046586 nvme1n1 RS   54302720   131072    2.147
21:28:53.287 VLLM::W        1046586 nvme1n1 RS   54302976   131072    2.181
21:28:53.287 VLLM::W        1046586 nvme1n1 RS   54303232   131072    2.212
21:28:53.287 VLLM::W        1046586 nvme1n1 RS   54303488   131072    2.240
21:28:53.287 VLLM::W        1046586 nvme1n1 RS   54303744   131072    2.272
21:28:53.287 VLLM::W        1046586 nvme1n1 RS   54304000   131072    2.315
21:28:53.287 VLLM::W        1046586 nvme1n1 RS   54304256   131072    2.384
21:28:53.287 VLLM::W        1046586 nvme1n1 RS   54304512   131072    2.373
21:28:53.287 VLLM::W        1046586 nvme1n1 RS   54304768   131072    2.395
21:28:53.287 VLLM::W        1046586 nvme1n1 RS   54305024   131072    2.439
21:28:53.287 VLLM::W        1046588 nvme1n1 RS   1701224704 131072    1.823
21:28:53.287 VLLM::W        1046588 nvme1n1 RS   1701224448 131072    1.866
21:28:53.288 VLLM::W        1046588 nvme1n1 RS   1701224960 131072    1.884
21:28:53.288 VLLM::W        1046588 nvme1n1 RS   1701225216 131072    1.890
21:28:53.288 VLLM::W        1046588 nvme1n1 RS   1701225472 131072    1.982
21:28:53.288 VLLM::W        1046588 nvme1n1 RS   1701225728 131072    1.999
21:28:53.288 VLLM::W        1046588 nvme1n1 RS   1701225984 131072    2.010
21:28:53.288 VLLM::W        1046588 nvme1n1 RS   1701226240 131072    2.057
21:28:53.288 VLLM::W        1046588 nvme1n1 RS   1701226496 131072    2.074
21:28:53.288 VLLM::W        1046588 nvme1n1 RS   1701226752 131072    2.084
21:28:53.288 VLLM::W        1046588 nvme1n1 RS   1701227008 131072    2.112
21:28:53.288 VLLM::W        1046588 nvme1n1 RS   1701227264 131072    2.152
21:28:53.288 VLLM::W        1046588 nvme1n1 RS   1701227520 131072    2.180
21:28:53.288 VLLM::W        1046588 nvme1n1 RS   1701227776 131072    2.208
21:28:53.288 VLLM::W        1046588 nvme1n1 RS   1701228032 131072    2.239
21:28:53.288 VLLM::W        1046588 nvme1n1 RS   1701228288 131072    2.267
21:28:53.288 VLLM::W        1046588 nvme1n1 RS   1701232640 131072    2.293
21:28:53.288 VLLM::W        1046588 nvme1n1 RS   1701232896 131072    2.325
21:28:53.288 VLLM::W        1046587 nvme1n1 RS   1701290240 131072    1.978
21:28:53.288 VLLM::W        1046587 nvme1n1 RS   1701289984 131072    1.988
21:28:53.288 VLLM::W        1046587 nvme1n1 RS   1701290496 131072    2.034
21:28:53.288 VLLM::W        1046587 nvme1n1 RS   1701290752 131072    2.056
21:28:53.288 VLLM::W        1046587 nvme1n1 RS   1701291008 131072    2.072
21:28:53.288 VLLM::W        1046587 nvme1n1 RS   1701291264 131072    2.131
21:28:53.288 VLLM::W        1046587 nvme1n1 RS   1701291520 131072    2.148
21:28:53.288 VLLM::W        1046587 nvme1n1 RS   1701291776 131072    2.179
21:28:53.288 VLLM::W        1046587 nvme1n1 RS   1701292032 131072    2.205
21:28:53.288 VLLM::W        1046587 nvme1n1 RS   1701292288 131072    2.239
21:28:53.288 VLLM::W        1046587 nvme1n1 RS   1701292544 131072    2.264
21:28:53.289 VLLM::W        1046587 nvme1n1 RS   1701292800 131072    2.300
21:28:53.289 VLLM::W        1046587 nvme1n1 RS   1701293056 131072    2.331
21:28:53.289 VLLM::W        1046587 nvme1n1 RS   1701293312 131072    2.370
21:28:53.289 VLLM::W        1046587 nvme1n1 RS   1701293568 131072    2.380
21:28:53.289 VLLM::W        1046587 nvme1n1 RS   1701293824 131072    2.429
21:28:53.289 VLLM::W        1046587 nvme1n1 RS   1701310464 131072    2.462
21:28:53.289 VLLM::W        1046587 nvme1n1 RS   1701310720 131072    2.501
21:28:53.289 VLLM::W        1046589 nvme1n1 RS   1701380608 131072    1.972
21:28:53.289 VLLM::W        1046589 nvme1n1 RS   1701380352 131072    1.994
21:28:53.289 VLLM::W        1046589 nvme1n1 RS   1701380096 131072    2.007
21:28:53.289 VLLM::W        1046589 nvme1n1 RS   1701381120 131072    2.049
21:28:53.289 VLLM::W        1046589 nvme1n1 RS   1701381376 131072    2.076
21:28:53.289 VLLM::W        1046589 nvme1n1 RS   1701381632 131072    2.127
21:28:53.289 VLLM::W        1046589 nvme1n1 RS   1701380864 131072    2.153
21:28:53.289 VLLM::W        1046589 nvme1n1 RS   1701381888 131072    2.111
21:28:53.289 VLLM::W        1046589 nvme1n1 RS   1701382144 131072    2.157
21:28:53.289 VLLM::W        1046589 nvme1n1 RS   1701382656 131072    2.211
21:28:53.289 VLLM::W        1046589 nvme1n1 RS   1701382400 131072    2.234
21:28:53.289 VLLM::W        1046589 nvme1n1 RS   1701382912 131072    2.237
21:28:53.289 VLLM::W        1046589 nvme1n1 RS   1701383168 131072    2.267
21:28:53.289 VLLM::W        1046589 nvme1n1 RS   1701383424 131072    2.357
21:28:53.289 VLLM::W        1046589 nvme1n1 RS   1701383680 131072    2.375
21:28:53.289 VLLM::W        1046589 nvme1n1 RS   1701383936 131072    2.372
21:28:53.289 VLLM::W        1046589 nvme1n1 RS   1701396480 131072    2.383
21:28:53.289 VLLM::W        1046589 nvme1n1 RS   1701396736 131072    2.495
21:28:53.290 VLLM::W        1046586 nvme1n1 RS   1701326848 131072    2.007
21:28:53.290 VLLM::W        1046586 nvme1n1 RS   1701327104 131072    2.007
21:28:53.290 VLLM::W        1046586 nvme1n1 RS   1701327360 131072    2.004
21:28:53.290 VLLM::W        1046586 nvme1n1 RS   1701327616 131072    2.002
21:28:53.290 VLLM::W        1046586 nvme1n1 RS   1701327872 131072    2.006
21:28:53.290 VLLM::W        1046586 nvme1n1 RS   1701328128 131072    2.037
21:28:53.290 VLLM::W        1046586 nvme1n1 RS   1701328640 131072    2.078
21:28:53.290 VLLM::W        1046586 nvme1n1 RS   1701328384 131072    2.159
21:28:53.290 VLLM::W        1046586 nvme1n1 RS   1701328896 131072    2.148
21:28:53.290 VLLM::W        1046586 nvme1n1 RS   1701329152 131072    2.153
21:28:53.290 VLLM::W        1046586 nvme1n1 RS   1701329408 131072    2.181
21:28:53.290 VLLM::W        1046586 nvme1n1 RS   1701329664 131072    2.207
21:28:53.290 VLLM::W        1046586 nvme1n1 RS   1701329920 131072    2.242
21:28:53.290 VLLM::W        1046586 nvme1n1 RS   1701330176 131072    2.269
21:28:53.290 VLLM::W        1046586 nvme1n1 RS   1701330432 131072    2.304
21:28:53.290 VLLM::W        1046586 nvme1n1 RS   1701335040 131072    2.379
21:28:53.290 VLLM::W        1046586 nvme1n1 RS   1701330688 131072    2.402
21:28:53.290 VLLM::W        1046586 nvme1n1 RS   1701335296 131072    2.411
21:28:53.290 VLLM::W        1046588 nvme1n1 RS   1701265408 131072    1.977
21:28:53.290 VLLM::W        1046588 nvme1n1 RS   1701265664 131072    1.995
21:28:53.290 VLLM::W        1046588 nvme1n1 RS   1701265920 131072    1.993
21:28:53.290 VLLM::W        1046588 nvme1n1 RS   1701266176 131072    1.996
21:28:53.290 VLLM::W        1046588 nvme1n1 RS   1701266432 131072    2.003
21:28:53.290 VLLM::W        1046588 nvme1n1 RS   1701266688 131072    2.067
21:28:53.290 VLLM::W        1046588 nvme1n1 RS   1701266944 131072    2.086
21:28:53.290 VLLM::W        1046588 nvme1n1 RS   1701267200 131072    2.107
21:28:53.290 VLLM::W        1046588 nvme1n1 RS   1701267712 131072    2.133
21:28:53.290 VLLM::W        1046588 nvme1n1 RS   1701267456 131072    2.172
21:28:53.291 VLLM::W        1046588 nvme1n1 RS   1701268224 131072    2.237
21:28:53.291 VLLM::W        1046588 nvme1n1 RS   1701268480 131072    2.249
21:28:53.291 VLLM::W        1046588 nvme1n1 RS   1701267968 131072    2.280
21:28:53.291 VLLM::W        1046588 nvme1n1 RS   1701268736 131072    2.280
21:28:53.291 VLLM::W        1046588 nvme1n1 RS   1701268992 131072    2.313
21:28:53.291 VLLM::W        1046588 nvme1n1 RS   1701269248 131072    2.350
21:28:53.291 VLLM::W        1046588 nvme1n1 RS   1701277696 131072    2.408
21:28:53.291 VLLM::W        1046588 nvme1n1 RS   1701277952 131072    2.418
21:28:53.291 VLLM::W        1046587 nvme1n1 RS   1701412864 131072    1.945
21:28:53.291 VLLM::W        1046587 nvme1n1 RS   1701413120 131072    1.955
21:28:53.291 VLLM::W        1046587 nvme1n1 RS   1701413376 131072    1.966
21:28:53.291 VLLM::W        1046587 nvme1n1 RS   1701413632 131072    2.001
21:28:53.291 VLLM::W        1046587 nvme1n1 RS   1701413888 131072    2.052
21:28:53.291 VLLM::W        1046587 nvme1n1 RS   1701414144 131072    2.092
21:28:53.291 VLLM::W        1046587 nvme1n1 RS   1701414400 131072    2.115
21:28:53.291 VLLM::W        1046587 nvme1n1 RS   1701414656 131072    2.141
21:28:53.291 VLLM::W        1046587 nvme1n1 RS   1701414912 131072    2.151
21:28:53.291 VLLM::W        1046587 nvme1n1 RS   1701415168 131072    2.171
21:28:53.291 VLLM::W        1046587 nvme1n1 RS   1701415424 131072    2.199
21:28:53.291 VLLM::W        1046587 nvme1n1 RS   1701415680 131072    2.230
21:28:53.291 VLLM::W        1046587 nvme1n1 RS   1701415936 131072    2.268
21:28:53.291 VLLM::W        1046587 nvme1n1 RS   1701416192 131072    2.294
21:28:53.291 VLLM::W        1046587 nvme1n1 RS   1701416448 131072    2.332
21:28:53.291 VLLM::W        1046587 nvme1n1 RS   1701416704 131072    2.350
21:28:53.291 VLLM::W        1046587 nvme1n1 RS   1701416960 131072    2.399
21:28:53.291 VLLM::W        1046587 nvme1n1 RS   1701417216 131072    2.410
21:28:53.291 VLLM::W        1046589 nvme1n1 RS   1701376000 131072    1.840
21:28:53.291 VLLM::W        1046589 nvme1n1 RS   1701376256 131072    1.848
21:28:53.292 VLLM::W        1046589 nvme1n1 RS   1701376512 131072    1.933
21:28:53.292 VLLM::W        1046589 nvme1n1 RS   1701376768 131072    1.950
21:28:53.292 VLLM::W        1046589 nvme1n1 RS   1701377024 131072    1.988
21:28:53.292 VLLM::W        1046589 nvme1n1 RS   1701377280 131072    2.008
21:28:53.292 VLLM::W        1046589 nvme1n1 RS   1701377536 131072    2.014
21:28:53.292 VLLM::W        1046589 nvme1n1 RS   1701377792 131072    2.020
21:28:53.292 VLLM::W        1046589 nvme1n1 RS   1701378048 131072    2.048
21:28:53.292 VLLM::W        1046589 nvme1n1 RS   1701378304 131072    2.092
21:28:53.292 VLLM::W        1046589 nvme1n1 RS   1701378560 131072    2.126
21:28:53.292 VLLM::W        1046589 nvme1n1 RS   1701378816 131072    2.162
21:28:53.292 VLLM::W        1046589 nvme1n1 RS   1701379328 131072    2.220
21:28:53.292 VLLM::W        1046589 nvme1n1 RS   1701379584 131072    2.255
21:28:53.292 VLLM::W        1046589 nvme1n1 RS   1701379072 131072    2.274
21:28:53.292 VLLM::W        1046589 nvme1n1 RS   1701379840 131072    2.287
21:28:53.292 VLLM::W        1046589 nvme1n1 RS   1701392384 131072    2.327
21:28:53.292 VLLM::W        1046589 nvme1n1 RS   1701392640 131072    2.338
21:28:53.292 VLLM::W        1046586 nvme1n1 RS   1701400576 131072    1.940
21:28:53.292 VLLM::W        1046586 nvme1n1 RS   1701401088 131072    1.956
21:28:53.292 VLLM::W        1046586 nvme1n1 RS   1701400832 131072    1.967
21:28:53.292 VLLM::W        1046586 nvme1n1 RS   1701401344 131072    2.021
21:28:53.292 VLLM::W        1046586 nvme1n1 RS   1701401600 131072    2.033
21:28:53.292 VLLM::W        1046586 nvme1n1 RS   1701402112 131072    2.094
21:28:53.292 VLLM::W        1046586 nvme1n1 RS   1701401856 131072    2.110
21:28:53.292 VLLM::W        1046586 nvme1n1 RS   1701402624 131072    2.104
21:28:53.292 VLLM::W        1046586 nvme1n1 RS   1701402368 131072    2.120
21:28:53.292 VLLM::W        1046586 nvme1n1 RS   1701402880 131072    2.148
21:28:53.292 VLLM::W        1046586 nvme1n1 RS   1701403136 131072    2.180
21:28:53.293 VLLM::W        1046586 nvme1n1 RS   1701403392 131072    2.213
21:28:53.293 VLLM::W        1046586 nvme1n1 RS   1701403648 131072    2.252
21:28:53.293 VLLM::W        1046586 nvme1n1 RS   1701403904 131072    2.280
21:28:53.293 VLLM::W        1046586 nvme1n1 RS   1701404160 131072    2.344
21:28:53.293 VLLM::W        1046586 nvme1n1 RS   1701404416 131072    2.345
21:28:53.293 VLLM::W        1046586 nvme1n1 RS   1701408768 131072    2.384
21:28:53.293 VLLM::W        1046586 nvme1n1 RS   1701409024 131072    2.396
21:28:53.293 VLLM::W        1046588 nvme1n1 RS   580014080  131072    1.925
21:28:53.293 VLLM::W        1046588 nvme1n1 RS   580014336  131072    1.926
21:28:53.293 VLLM::W        1046588 nvme1n1 RS   580014592  131072    1.948
21:28:53.293 VLLM::W        1046588 nvme1n1 RS   580014848  131072    2.005
21:28:53.293 VLLM::W        1046588 nvme1n1 RS   580015104  131072    2.014
21:28:53.293 VLLM::W        1046588 nvme1n1 RS   580015360  131072    2.078
21:28:53.293 VLLM::W        1046588 nvme1n1 RS   580015616  131072    2.080
21:28:53.293 VLLM::W        1046588 nvme1n1 RS   580015872  131072    2.062
21:28:53.293 VLLM::W        1046588 nvme1n1 RS   580016128  131072    2.101
21:28:53.293 VLLM::W        1046588 nvme1n1 RS   580016384  131072    2.137
21:28:53.293 VLLM::W        1046588 nvme1n1 RS   580016640  131072    2.168
21:28:53.293 VLLM::W        1046588 nvme1n1 RS   580016896  131072    2.196
21:28:53.293 VLLM::W        1046588 nvme1n1 RS   580017152  131072    2.228
21:28:53.293 VLLM::W        1046588 nvme1n1 RS   580017408  131072    2.266
21:28:53.293 VLLM::W        1046588 nvme1n1 RS   580017664  131072    2.295
21:28:53.293 VLLM::W        1046588 nvme1n1 RS   580017920  131072    2.321
21:28:53.293 VLLM::W        1046588 nvme1n1 RS   580018176  131072    2.349
21:28:53.293 VLLM::W        1046588 nvme1n1 RS   580018432  131072    2.386
21:28:53.294 VLLM::W        1046587 nvme1n1 RS   1701421312 131072    2.004
21:28:53.294 VLLM::W        1046587 nvme1n1 RS   1701421568 131072    2.020
21:28:53.294 VLLM::W        1046587 nvme1n1 RS   1701421056 131072    2.046
21:28:53.294 VLLM::W        1046587 nvme1n1 RS   1701421824 131072    2.051
21:28:53.294 VLLM::W        1046587 nvme1n1 RS   1701422080 131072    2.099
21:28:53.294 VLLM::W        1046587 nvme1n1 RS   1701422336 131072    2.128
21:28:53.294 VLLM::W        1046587 nvme1n1 RS   1701422592 131072    2.165
21:28:53.294 VLLM::W        1046587 nvme1n1 RS   1701422848 131072    2.140
21:28:53.294 VLLM::W        1046587 nvme1n1 RS   1701423104 131072    2.166
21:28:53.294 VLLM::W        1046587 nvme1n1 RS   1701423360 131072    2.203
21:28:53.294 VLLM::W        1046587 nvme1n1 RS   1701423616 131072    2.244
21:28:53.294 VLLM::W        1046587 nvme1n1 RS   1701423872 131072    2.282
21:28:53.294 VLLM::W        1046587 nvme1n1 RS   1701424128 131072    2.312
21:28:53.294 VLLM::W        1046587 nvme1n1 RS   1701424384 131072    2.345
21:28:53.294 VLLM::W        1046587 nvme1n1 RS   1701424640 131072    2.382
21:28:53.294 VLLM::W        1046587 nvme1n1 RS   1701424896 131072    2.397
21:28:53.294 VLLM::W        1046587 nvme1n1 RS   1701433344 131072    2.439
21:28:53.294 VLLM::W        1046587 nvme1n1 RS   1701433600 131072    2.468
21:28:53.294 VLLM::W        1046589 nvme1n1 RS   580116480  131072    2.011
21:28:53.294 VLLM::W        1046589 nvme1n1 RS   580116736  131072    2.012
21:28:53.294 VLLM::W        1046589 nvme1n1 RS   580116992  131072    2.010
21:28:53.294 VLLM::W        1046589 nvme1n1 RS   580117248  131072    2.008
21:28:53.294 VLLM::W        1046589 nvme1n1 RS   580117504  131072    2.062
21:28:53.294 VLLM::W        1046589 nvme1n1 RS   580117760  131072    2.079
21:28:53.294 VLLM::W        1046589 nvme1n1 RS   580118016  131072    2.090
21:28:53.294 VLLM::W        1046589 nvme1n1 RS   580118272  131072    2.080
21:28:53.294 VLLM::W        1046589 nvme1n1 RS   580118528  131072    2.127
21:28:53.294 VLLM::W        1046589 nvme1n1 RS   580118784  131072    2.153
21:28:53.294 VLLM::W        1046589 nvme1n1 RS   580119040  131072    2.179
21:28:53.295 VLLM::W        1046589 nvme1n1 RS   580119296  131072    2.227
21:28:53.295 VLLM::W        1046589 nvme1n1 RS   580119552  131072    2.271
21:28:53.295 VLLM::W        1046589 nvme1n1 RS   580119808  131072    2.281
21:28:53.295 VLLM::W        1046589 nvme1n1 RS   580120064  131072    2.316
21:28:53.295 VLLM::W        1046589 nvme1n1 RS   580120320  131072    2.348
21:28:53.295 VLLM::W        1046589 nvme1n1 RS   1701564416 131072    2.383
21:28:53.295 VLLM::W        1046589 nvme1n1 RS   1701564672 131072    2.416
21:28:53.295 VLLM::W        1046586 nvme1n1 RS   1701384192 131072    2.015
21:28:53.295 VLLM::W        1046586 nvme1n1 RS   1701384448 131072    2.017
21:28:53.295 VLLM::W        1046586 nvme1n1 RS   1701384704 131072    2.017
21:28:53.295 VLLM::W        1046586 nvme1n1 RS   1701384960 131072    2.032
21:28:53.295 VLLM::W        1046586 nvme1n1 RS   1701385216 131072    2.078
21:28:53.295 VLLM::W        1046586 nvme1n1 RS   1701385472 131072    2.108
21:28:53.295 VLLM::W        1046586 nvme1n1 RS   1701385728 131072    2.128
21:28:53.295 VLLM::W        1046586 nvme1n1 RS   1701386240 131072    2.192
21:28:53.295 VLLM::W        1046586 nvme1n1 RS   1701386496 131072    2.214
21:28:53.295 VLLM::W        1046586 nvme1n1 RS   1701385984 131072    2.240
21:28:53.295 VLLM::W        1046586 nvme1n1 RS   1701386752 131072    2.246
21:28:53.295 VLLM::W        1046586 nvme1n1 RS   1701387008 131072    2.279
21:28:53.295 VLLM::W        1046586 nvme1n1 RS   1701387520 131072    2.312
21:28:53.295 VLLM::W        1046586 nvme1n1 RS   1701387264 131072    2.350
21:28:53.295 VLLM::W        1046586 nvme1n1 RS   1701387776 131072    2.378
21:28:53.295 VLLM::W        1046586 nvme1n1 RS   1701388032 131072    2.394
21:28:53.295 VLLM::W        1046586 nvme1n1 RS   1701404928 131072    2.430
21:28:53.295 VLLM::W        1046586 nvme1n1 RS   1701404672 131072    2.478
21:28:53.295 VLLM::W        1046588 nvme1n1 RS   1701372160 131072    1.923
21:28:53.295 VLLM::W        1046588 nvme1n1 RS   1701371904 131072    1.938
21:28:53.296 VLLM::W        1046588 nvme1n1 RS   1701372416 131072    2.025
21:28:53.296 VLLM::W        1046588 nvme1n1 RS   1701372672 131072    2.042
21:28:53.296 VLLM::W        1046588 nvme1n1 RS   1701372928 131072    2.069
21:28:53.296 VLLM::W        1046588 nvme1n1 RS   1701373184 131072    2.081
21:28:53.296 VLLM::W        1046588 nvme1n1 RS   1701373696 131072    2.103
21:28:53.296 VLLM::W        1046588 nvme1n1 RS   1701373440 131072    2.152
21:28:53.296 VLLM::W        1046588 nvme1n1 RS   1701374208 131072    2.158
21:28:53.296 VLLM::W        1046588 nvme1n1 RS   1701374464 131072    2.198
21:28:53.296 VLLM::W        1046588 nvme1n1 RS   1701373952 131072    2.221
21:28:53.296 VLLM::W        1046588 nvme1n1 RS   1701374720 131072    2.227
21:28:53.296 VLLM::W        1046588 nvme1n1 RS   1701375232 131072    2.303
21:28:53.296 VLLM::W        1046588 nvme1n1 RS   1701374976 131072    2.331
21:28:53.296 VLLM::W        1046588 nvme1n1 RS   1701375488 131072    2.334
21:28:53.296 VLLM::W        1046588 nvme1n1 RS   1701375744 131072    2.382
21:28:53.296 VLLM::W        1046588 nvme1n1 RS   1701388288 131072    2.400
21:28:53.296 VLLM::W        1046588 nvme1n1 RS   1701388544 131072    2.411
21:28:53.296 VLLM::W        1046587 nvme1n1 RS   1701584896 131072    1.952
21:28:53.296 VLLM::W        1046587 nvme1n1 RS   1701585152 131072    1.980
21:28:53.296 VLLM::W        1046587 nvme1n1 RS   1701585408 131072    2.024
21:28:53.296 VLLM::W        1046587 nvme1n1 RS   1701585664 131072    2.034
21:28:53.296 VLLM::W        1046587 nvme1n1 RS   1701585920 131072    2.086
21:28:53.296 VLLM::W        1046587 nvme1n1 RS   1701586176 131072    2.113
21:28:53.296 VLLM::W        1046587 nvme1n1 RS   1701586432 131072    2.142
21:28:53.296 VLLM::W        1046587 nvme1n1 RS   1701586688 131072    2.142
21:28:53.296 VLLM::W        1046587 nvme1n1 RS   1701586944 131072    2.168
21:28:53.296 VLLM::W        1046587 nvme1n1 RS   1701587200 131072    2.216
21:28:53.296 VLLM::W        1046587 nvme1n1 RS   1701587456 131072    2.238
21:28:53.297 VLLM::W        1046587 nvme1n1 RS   1701587712 131072    2.278
21:28:53.297 VLLM::W        1046587 nvme1n1 RS   1701587968 131072    2.307
21:28:53.297 VLLM::W        1046587 nvme1n1 RS   1701588224 131072    2.363
21:28:53.297 VLLM::W        1046587 nvme1n1 RS   1701588480 131072    2.375
21:28:53.297 VLLM::W        1046587 nvme1n1 RS   1701588736 131072    2.391
21:28:53.297 VLLM::W        1046587 nvme1n1 RS   1701588992 131072    2.431
21:28:53.297 VLLM::W        1046587 nvme1n1 RS   1701589248 131072    2.458
21:28:53.297 VLLM::W        1046589 nvme1n1 RS   1175331072 131072    1.946
21:28:53.297 VLLM::W        1046589 nvme1n1 RS   1175330816 131072    1.957
21:28:53.297 VLLM::W        1046589 nvme1n1 RS   1175331328 131072    1.965
21:28:53.297 VLLM::W        1046589 nvme1n1 RS   1175331840 131072    2.012
21:28:53.297 VLLM::W        1046589 nvme1n1 RS   1175331584 131072    2.033
21:28:53.297 VLLM::W        1046589 nvme1n1 RS   1175332352 131072    2.069
21:28:53.297 VLLM::W        1046589 nvme1n1 RS   1175332096 131072    2.106
21:28:53.297 VLLM::W        1046589 nvme1n1 RS   1175332608 131072    2.077
21:28:53.297 VLLM::W        1046589 nvme1n1 RS   1175332864 131072    2.123
21:28:53.297 VLLM::W        1046589 nvme1n1 RS   1175333120 131072    2.133
21:28:53.297 VLLM::W        1046589 nvme1n1 RS   1175333376 131072    2.161
21:28:53.297 VLLM::W        1046589 nvme1n1 RS   1175333632 131072    2.238
21:28:53.297 VLLM::W        1046589 nvme1n1 RS   1175333888 131072    2.260
21:28:53.297 VLLM::W        1046589 nvme1n1 RS   1175334144 131072    2.278
21:28:53.297 VLLM::W        1046589 nvme1n1 RS   1175334400 131072    2.284
21:28:53.297 VLLM::W        1046589 nvme1n1 RS   1175334656 131072    2.387
21:28:53.297 VLLM::W        1046589 nvme1n1 RS   1175334912 131072    2.405
21:28:53.297 VLLM::W        1046589 nvme1n1 RS   1175335168 131072    2.417
21:28:53.298 VLLM::W        1046586 nvme1n1 RS   576851968  131072    1.949
21:28:53.298 VLLM::W        1046586 nvme1n1 RS   576852224  131072    1.951
21:28:53.298 VLLM::W        1046586 nvme1n1 RS   576852480  131072    1.949
21:28:53.298 VLLM::W        1046586 nvme1n1 RS   576853248  131072    2.044
21:28:53.298 VLLM::W        1046586 nvme1n1 RS   576853504  131072    2.051
21:28:53.298 VLLM::W        1046586 nvme1n1 RS   576852736  131072    2.099
21:28:53.298 VLLM::W        1046586 nvme1n1 RS   576852992  131072    2.106
21:28:53.298 VLLM::W        1046586 nvme1n1 RS   576853760  131072    2.085
21:28:53.298 VLLM::W        1046586 nvme1n1 RS   576854016  131072    2.095
21:28:53.298 VLLM::W        1046586 nvme1n1 RS   576854528  131072    2.133
21:28:53.298 VLLM::W        1046586 nvme1n1 RS   576854272  131072    2.208
21:28:53.298 VLLM::W        1046586 nvme1n1 RS   576854784  131072    2.215
21:28:53.298 VLLM::W        1046586 nvme1n1 RS   576855552  131072    2.285
21:28:53.298 VLLM::W        1046586 nvme1n1 RS   576855040  131072    2.304
21:28:53.298 VLLM::W        1046586 nvme1n1 RS   576860160  131072    2.334
21:28:53.298 VLLM::W        1046586 nvme1n1 RS   576855296  131072    2.366
21:28:53.298 VLLM::W        1046586 nvme1n1 RS   576855808  131072    2.414
21:28:53.298 VLLM::W        1046586 nvme1n1 RS   576860416  131072    2.481
21:28:53.298 VLLM::W        1046588 nvme1n1 RS   1701425152 131072    1.968
21:28:53.298 VLLM::W        1046588 nvme1n1 RS   1701425664 131072    2.042
21:28:53.298 VLLM::W        1046588 nvme1n1 RS   1701425920 131072    2.054
21:28:53.298 VLLM::W        1046588 nvme1n1 RS   1701426176 131072    2.071
21:28:53.298 VLLM::W        1046588 nvme1n1 RS   1701425408 131072    2.101
21:28:53.298 VLLM::W        1046588 nvme1n1 RS   1701426432 131072    2.104
21:28:53.298 VLLM::W        1046588 nvme1n1 RS   1701426688 131072    2.121
21:28:53.298 VLLM::W        1046588 nvme1n1 RS   1701426944 131072    2.121
21:28:53.298 VLLM::W        1046588 nvme1n1 RS   1701427712 131072    2.184
21:28:53.299 VLLM::W        1046588 nvme1n1 RS   1701427200 131072    2.210
21:28:53.299 VLLM::W        1046588 nvme1n1 RS   1701427456 131072    2.213
21:28:53.299 VLLM::W        1046588 nvme1n1 RS   1701427968 131072    2.267
21:28:53.299 VLLM::W        1046588 nvme1n1 RS   1701428224 131072    2.277
21:28:53.299 VLLM::W        1046588 nvme1n1 RS   1701428736 131072    2.343
21:28:53.299 VLLM::W        1046588 nvme1n1 RS   1701428480 131072    2.386
21:28:53.299 VLLM::W        1046588 nvme1n1 RS   1701437440 131072    2.450
21:28:53.299 VLLM::W        1046588 nvme1n1 RS   1701437696 131072    2.469
21:28:53.299 VLLM::W        1046588 nvme1n1 RS   1701428992 131072    2.487
21:28:53.299 VLLM::W        1046587 nvme1n1 RS   580120576  131072    2.040
21:28:53.299 VLLM::W        1046587 nvme1n1 RS   580120832  131072    2.056
21:28:53.299 VLLM::W        1046587 nvme1n1 RS   580121344  131072    2.064
21:28:53.299 VLLM::W        1046587 nvme1n1 RS   580121600  131072    2.123
21:28:53.299 VLLM::W        1046587 nvme1n1 RS   580121856  131072    2.135
21:28:53.299 VLLM::W        1046587 nvme1n1 RS   580121088  131072    2.170
21:28:53.299 VLLM::W        1046587 nvme1n1 RS   580122112  131072    2.193
21:28:53.299 VLLM::W        1046587 nvme1n1 RS   580122624  131072    2.215
21:28:53.299 VLLM::W        1046587 nvme1n1 RS   580122880  131072    2.222
21:28:53.299 VLLM::W        1046587 nvme1n1 RS   580122368  131072    2.235
21:28:53.299 VLLM::W        1046587 nvme1n1 RS   580123392  131072    2.279
21:28:53.299 VLLM::W        1046587 nvme1n1 RS   580123136  131072    2.290
21:28:53.299 VLLM::W        1046587 nvme1n1 RS   580123904  131072    2.367
21:28:53.299 VLLM::W        1046587 nvme1n1 RS   580123648  131072    2.400
21:28:53.299 VLLM::W        1046587 nvme1n1 RS   580124160  131072    2.404
21:28:53.299 VLLM::W        1046587 nvme1n1 RS   580141056  131072    2.443
21:28:53.299 VLLM::W        1046587 nvme1n1 RS   580124416  131072    2.459
21:28:53.299 VLLM::W        1046589 nvme1n1 RS   54382592   131072    1.847
21:28:53.299 VLLM::W        1046587 nvme1n1 RS   580141312  131072    2.548
21:28:53.300 VLLM::W        1046589 nvme1n1 RS   54383104   131072    1.908
21:28:53.300 VLLM::W        1046589 nvme1n1 RS   54383360   131072    1.941
21:28:53.300 VLLM::W        1046589 nvme1n1 RS   54383616   131072    1.988
21:28:53.300 VLLM::W        1046589 nvme1n1 RS   54382848   131072    2.021
21:28:53.300 VLLM::W        1046589 nvme1n1 RS   54384128   131072    2.041
21:28:53.300 VLLM::W        1046589 nvme1n1 RS   54384384   131072    2.089
21:28:53.300 VLLM::W        1046589 nvme1n1 RS   54384640   131072    2.112
21:28:53.300 VLLM::W        1046589 nvme1n1 RS   54384896   131072    2.129
21:28:53.300 VLLM::W        1046589 nvme1n1 RS   54383872   131072    2.183
21:28:53.300 VLLM::W        1046589 nvme1n1 RS   54385408   131072    2.189
21:28:53.300 VLLM::W        1046589 nvme1n1 RS   54385152   131072    2.205
21:28:53.300 VLLM::W        1046589 nvme1n1 RS   54385664   131072    2.227
21:28:53.300 VLLM::W        1046589 nvme1n1 RS   54385920   131072    2.270
21:28:53.300 VLLM::W        1046589 nvme1n1 RS   54386176   131072    2.280
21:28:53.300 VLLM::W        1046589 nvme1n1 RS   54386432   131072    2.333
21:28:53.300 VLLM::W        1046589 nvme1n1 RS   54390784   131072    2.368
21:28:53.300 VLLM::W        1046589 nvme1n1 RS   54391040   131072    2.400
21:28:53.300 VLLM::W        1046586 nvme1n1 RS   576856064  131072    1.767
21:28:53.300 VLLM::W        1046586 nvme1n1 RS   576856320  131072    1.804
21:28:53.300 VLLM::W        1046586 nvme1n1 RS   576856832  131072    1.861
21:28:53.300 VLLM::W        1046586 nvme1n1 RS   576857088  131072    1.893
21:28:53.300 VLLM::W        1046586 nvme1n1 RS   576856576  131072    1.950
21:28:53.300 VLLM::W        1046586 nvme1n1 RS   576857344  131072    1.965
21:28:53.300 VLLM::W        1046586 nvme1n1 RS   576857600  131072    1.993
21:28:53.300 VLLM::W        1046586 nvme1n1 RS   576857856  131072    2.036
21:28:53.300 VLLM::W        1046586 nvme1n1 RS   576858368  131072    2.047
21:28:53.300 VLLM::W        1046586 nvme1n1 RS   576858112  131072    2.069
21:28:53.301 VLLM::W        1046586 nvme1n1 RS   576858624  131072    2.077
21:28:53.301 VLLM::W        1046586 nvme1n1 RS   576858880  131072    2.107
21:28:53.301 VLLM::W        1046586 nvme1n1 RS   576859392  131072    2.160
21:28:53.301 VLLM::W        1046586 nvme1n1 RS   576859648  131072    2.199
21:28:53.301 VLLM::W        1046586 nvme1n1 RS   576859136  131072    2.218
21:28:53.301 VLLM::W        1046586 nvme1n1 RS   576859904  131072    2.232
21:28:53.301 VLLM::W        1046586 nvme1n1 RS   576864256  131072    2.279
21:28:53.301 VLLM::W        1046586 nvme1n1 RS   576864512  131072    2.289
21:28:53.301 VLLM::W        1046588 nvme1n1 RS   1701568512 131072    1.894
21:28:53.301 VLLM::W        1046588 nvme1n1 RS   1701568768 131072    1.895
21:28:53.301 VLLM::W        1046588 nvme1n1 RS   1701569024 131072    1.893
21:28:53.301 VLLM::W        1046588 nvme1n1 RS   1701569536 131072    1.965
21:28:53.301 VLLM::W        1046588 nvme1n1 RS   1701569792 131072    1.998
21:28:53.301 VLLM::W        1046588 nvme1n1 RS   1701569280 131072    2.028
21:28:53.301 VLLM::W        1046588 nvme1n1 RS   1701570048 131072    2.038
21:28:53.301 VLLM::W        1046588 nvme1n1 RS   1701570304 131072    2.014
21:28:53.301 VLLM::W        1046588 nvme1n1 RS   1701570560 131072    2.046
21:28:53.301 VLLM::W        1046588 nvme1n1 RS   1701570816 131072    2.071
21:28:53.301 VLLM::W        1046588 nvme1n1 RS   1701571072 131072    2.104
21:28:53.301 VLLM::W        1046588 nvme1n1 RS   1701571328 131072    2.139
21:28:53.301 VLLM::W        1046588 nvme1n1 RS   1701571584 131072    2.167
21:28:53.301 VLLM::W        1046588 nvme1n1 RS   1701571840 131072    2.210
21:28:53.301 VLLM::W        1046588 nvme1n1 RS   1701572096 131072    2.235
21:28:53.301 VLLM::W        1046588 nvme1n1 RS   1701572352 131072    2.262
21:28:53.301 VLLM::W        1046588 nvme1n1 RS   1701576704 131072    2.293
21:28:53.301 VLLM::W        1046588 nvme1n1 RS   1701576960 131072    2.332
21:28:53.301 VLLM::W        1046587 nvme1n1 RS   54378496   131072    1.850
21:28:53.301 VLLM::W        1046587 nvme1n1 RS   54378752   131072    1.877
21:28:53.302 VLLM::W        1046587 nvme1n1 RS   54379008   131072    1.916
21:28:53.302 VLLM::W        1046587 nvme1n1 RS   54379264   131072    1.948
21:28:53.302 VLLM::W        1046587 nvme1n1 RS   54379520   131072    1.977
21:28:53.302 VLLM::W        1046587 nvme1n1 RS   54379776   131072    2.042
21:28:53.302 VLLM::W        1046587 nvme1n1 RS   54380032   131072    2.076
21:28:53.302 VLLM::W        1046587 nvme1n1 RS   54380288   131072    2.078
21:28:53.302 VLLM::W        1046587 nvme1n1 RS   54380544   131072    2.095
21:28:53.302 VLLM::W        1046587 nvme1n1 RS   54380800   131072    2.120
21:28:53.302 VLLM::W        1046587 nvme1n1 RS   54381056   131072    2.159
21:28:53.302 VLLM::W        1046587 nvme1n1 RS   54381312   131072    2.184
21:28:53.302 VLLM::W        1046587 nvme1n1 RS   54381568   131072    2.223
21:28:53.302 VLLM::W        1046587 nvme1n1 RS   54381824   131072    2.261
21:28:53.302 VLLM::W        1046587 nvme1n1 RS   54382080   131072    2.287
21:28:53.302 VLLM::W        1046587 nvme1n1 RS   54382336   131072    2.356
21:28:53.302 VLLM::W        1046587 nvme1n1 RS   54386688   131072    2.366
21:28:53.302 VLLM::W        1046587 nvme1n1 RS   54386944   131072    2.388
21:28:53.302 VLLM::W        1046589 nvme1n1 RS   1701838848 131072    1.984
21:28:53.302 VLLM::W        1046589 nvme1n1 RS   1701839104 131072    1.984
21:28:53.302 VLLM::W        1046589 nvme1n1 RS   1701839360 131072    2.004
21:28:53.302 VLLM::W        1046589 nvme1n1 RS   1701839616 131072    2.024
21:28:53.302 VLLM::W        1046589 nvme1n1 RS   1701839872 131072    2.094
21:28:53.302 VLLM::W        1046589 nvme1n1 RS   1701840128 131072    2.100
21:28:53.302 VLLM::W        1046589 nvme1n1 RS   1701840384 131072    2.125
21:28:53.302 VLLM::W        1046589 nvme1n1 RS   1701840640 131072    2.152
21:28:53.303 VLLM::W        1046589 nvme1n1 RS   1701840896 131072    2.192
21:28:53.303 VLLM::W        1046589 nvme1n1 RS   1701841152 131072    2.210
21:28:53.303 VLLM::W        1046589 nvme1n1 RS   1701841408 131072    2.232
21:28:53.303 VLLM::W        1046589 nvme1n1 RS   1701841664 131072    2.237
21:28:53.303 VLLM::W        1046589 nvme1n1 RS   1701841920 131072    2.318
21:28:53.303 VLLM::W        1046589 nvme1n1 RS   1701842176 131072    2.414
21:28:53.303 VLLM::W        1046589 nvme1n1 RS   1701842688 131072    2.419
21:28:53.303 VLLM::W        1046589 nvme1n1 RS   1701842432 131072    2.445
21:28:53.303 VLLM::W        1046589 nvme1n1 RS   1701842944 131072    2.490
21:28:53.303 VLLM::W        1046589 nvme1n1 RS   1701843200 131072    2.508
21:28:53.303 VLLM::W        1046586 nvme1n1 RS   1701572864 131072    2.031
21:28:53.303 VLLM::W        1046586 nvme1n1 RS   1701572608 131072    2.041
21:28:53.303 VLLM::W        1046586 nvme1n1 RS   1701573632 131072    2.046
21:28:53.303 VLLM::W        1046586 nvme1n1 RS   1701573376 131072    2.066
21:28:53.303 VLLM::W        1046586 nvme1n1 RS   1701574144 131072    2.118
21:28:53.303 VLLM::W        1046586 nvme1n1 RS   1701573888 131072    2.134
21:28:53.303 VLLM::W        1046586 nvme1n1 RS   1701573120 131072    2.188
21:28:53.303 VLLM::W        1046586 nvme1n1 RS   1701574400 131072    2.154
21:28:53.303 VLLM::W        1046586 nvme1n1 RS   1701574656 131072    2.188
21:28:53.303 VLLM::W        1046586 nvme1n1 RS   1701575168 131072    2.247
21:28:53.303 VLLM::W        1046586 nvme1n1 RS   1701574912 131072    2.297
21:28:53.303 VLLM::W        1046586 nvme1n1 RS   1701575424 131072    2.325
21:28:53.303 VLLM::W        1046586 nvme1n1 RS   1701576192 131072    2.350
21:28:53.303 VLLM::W        1046586 nvme1n1 RS   1701575680 131072    2.368
21:28:53.303 VLLM::W        1046586 nvme1n1 RS   1701575936 131072    2.400
21:28:53.303 VLLM::W        1046586 nvme1n1 RS   1701576448 131072    2.423
21:28:53.303 VLLM::W        1046586 nvme1n1 RS   1701581056 131072    2.433
21:28:53.303 VLLM::W        1046586 nvme1n1 RS   1701580800 131072    2.475
21:28:53.303 VLLM::W        1046588 nvme1n1 RS   580136960  131072    1.903
21:28:53.304 VLLM::W        1046588 nvme1n1 RS   580137216  131072    1.924
21:28:53.304 VLLM::W        1046588 nvme1n1 RS   580137728  131072    1.980
21:28:53.304 VLLM::W        1046588 nvme1n1 RS   580137472  131072    2.002
21:28:53.304 VLLM::W        1046588 nvme1n1 RS   580137984  131072    2.010
21:28:53.304 VLLM::W        1046588 nvme1n1 RS   580138240  131072    2.073
21:28:53.304 VLLM::W        1046588 nvme1n1 RS   580138496  131072    2.079
21:28:53.304 VLLM::W        1046588 nvme1n1 RS   580138752  131072    2.111
21:28:53.304 VLLM::W        1046588 nvme1n1 RS   580139008  131072    2.166
21:28:53.304 VLLM::W        1046588 nvme1n1 RS   580139264  131072    2.188
21:28:53.304 VLLM::W        1046588 nvme1n1 RS   580139520  131072    2.206
21:28:53.304 VLLM::W        1046588 nvme1n1 RS   580139776  131072    2.216
21:28:53.304 VLLM::W        1046588 nvme1n1 RS   580140544  131072    2.301
21:28:53.304 VLLM::W        1046588 nvme1n1 RS   580140032  131072    2.332
21:28:53.304 VLLM::W        1046588 nvme1n1 RS   580140288  131072    2.338
21:28:53.304 VLLM::W        1046588 nvme1n1 RS   580140800  131072    2.377
21:28:53.304 VLLM::W        1046588 nvme1n1 RS   580145152  131072    2.388
21:28:53.304 VLLM::W        1046588 nvme1n1 RS   580145408  131072    2.477
21:28:53.304 VLLM::W        1046587 nvme1n1 RS   1701613568 131072    1.985
21:28:53.304 VLLM::W        1046587 nvme1n1 RS   1701613824 131072    2.001
21:28:53.304 VLLM::W        1046587 nvme1n1 RS   1701614080 131072    2.012
21:28:53.304 VLLM::W        1046587 nvme1n1 RS   1701614592 131072    2.058
21:28:53.304 VLLM::W        1046587 nvme1n1 RS   1701614848 131072    2.088
21:28:53.304 VLLM::W        1046587 nvme1n1 RS   1701614336 131072    2.122
21:28:53.304 VLLM::W        1046587 nvme1n1 RS   1701615104 131072    2.158
21:28:53.304 VLLM::W        1046587 nvme1n1 RS   1701615360 131072    2.190
21:28:53.304 VLLM::W        1046587 nvme1n1 RS   1701615616 131072    2.208
21:28:53.304 VLLM::W        1046587 nvme1n1 RS   1701615872 131072    2.217
21:28:53.304 VLLM::W        1046587 nvme1n1 RS   1701616128 131072    2.245
21:28:53.305 VLLM::W        1046587 nvme1n1 RS   1701616384 131072    2.310
21:28:53.305 VLLM::W        1046587 nvme1n1 RS   1701616640 131072    2.321
21:28:53.305 VLLM::W        1046587 nvme1n1 RS   1701616896 131072    2.346
21:28:53.305 VLLM::W        1046587 nvme1n1 RS   1701617152 131072    2.372
21:28:53.305 VLLM::W        1046587 nvme1n1 RS   1701617408 131072    2.473
21:28:53.305 VLLM::W        1046587 nvme1n1 RS   1701847040 131072    2.490
21:28:53.305 VLLM::W        1046587 nvme1n1 RS   1701847296 131072    2.502
21:28:53.305 VLLM::W        1046589 nvme1n1 RS   1701621760 131072    1.839
21:28:53.305 VLLM::W        1046589 nvme1n1 RS   1701622016 131072    1.839
21:28:53.305 VLLM::W        1046589 nvme1n1 RS   1701622272 131072    1.837
21:28:53.305 VLLM::W        1046589 nvme1n1 RS   1701622528 131072    1.874
21:28:53.305 VLLM::W        1046589 nvme1n1 RS   1701622784 131072    1.913
21:28:53.305 VLLM::W        1046589 nvme1n1 RS   1701623040 131072    1.958
21:28:53.305 VLLM::W        1046589 nvme1n1 RS   1701623296 131072    1.964
21:28:53.305 VLLM::W        1046589 nvme1n1 RS   1701623552 131072    1.971
21:28:53.305 VLLM::W        1046589 nvme1n1 RS   1701623808 131072    2.016
21:28:53.305 VLLM::W        1046589 nvme1n1 RS   1701624064 131072    2.038
21:28:53.305 VLLM::W        1046589 nvme1n1 RS   1701624320 131072    2.055
21:28:53.305 VLLM::W        1046589 nvme1n1 RS   1701624576 131072    2.065
21:28:53.305 VLLM::W        1046589 nvme1n1 RS   1701624832 131072    2.093
21:28:53.305 VLLM::W        1046589 nvme1n1 RS   1701625088 131072    2.147
21:28:53.305 VLLM::W        1046589 nvme1n1 RS   1701625344 131072    2.157
21:28:53.305 VLLM::W        1046589 nvme1n1 RS   1701638144 131072    2.223
21:28:53.305 VLLM::W        1046589 nvme1n1 RS   1701625600 131072    2.234
21:28:53.305 VLLM::W        1046589 nvme1n1 RS   1701638400 131072    2.261
21:28:53.306 VLLM::W        1046586 nvme1n1 RS   580173824  131072    1.909
21:28:53.306 VLLM::W        1046586 nvme1n1 RS   580174080  131072    1.921
21:28:53.306 VLLM::W        1046586 nvme1n1 RS   580174336  131072    1.919
21:28:53.306 VLLM::W        1046586 nvme1n1 RS   580174848  131072    1.995
21:28:53.306 VLLM::W        1046586 nvme1n1 RS   580175104  131072    2.015
21:28:53.306 VLLM::W        1046586 nvme1n1 RS   580174592  131072    2.035
21:28:53.306 VLLM::W        1046586 nvme1n1 RS   580175360  131072    2.101
21:28:53.306 VLLM::W        1046586 nvme1n1 RS   580176128  131072    2.124
21:28:53.306 VLLM::W        1046586 nvme1n1 RS   580175616  131072    2.150
21:28:53.306 VLLM::W        1046586 nvme1n1 RS   580176384  131072    2.157
21:28:53.306 VLLM::W        1046586 nvme1n1 RS   580175872  131072    2.176
21:28:53.306 VLLM::W        1046586 nvme1n1 RS   580176640  131072    2.225
21:28:53.306 VLLM::W        1046586 nvme1n1 RS   580176896  131072    2.242
21:28:53.306 VLLM::W        1046586 nvme1n1 RS   580177152  131072    2.260
21:28:53.306 VLLM::W        1046586 nvme1n1 RS   580177408  131072    2.271
21:28:53.306 VLLM::W        1046586 nvme1n1 RS   580190208  131072    2.353
21:28:53.306 VLLM::W        1046586 nvme1n1 RS   580177664  131072    2.371
21:28:53.306 VLLM::W        1046586 nvme1n1 RS   580190464  131072    2.380
21:28:53.306 VLLM::W        1046588 nvme1n1 RS   1175339008 131072    1.904
21:28:53.306 VLLM::W        1046588 nvme1n1 RS   1175339264 131072    1.905
21:28:53.306 VLLM::W        1046588 nvme1n1 RS   1175339520 131072    1.902
21:28:53.306 VLLM::W        1046588 nvme1n1 RS   1175339776 131072    1.919
21:28:53.306 VLLM::W        1046588 nvme1n1 RS   1175340032 131072    1.936
21:28:53.306 VLLM::W        1046588 nvme1n1 RS   1175340288 131072    1.984
21:28:53.306 VLLM::W        1046588 nvme1n1 RS   1175340544 131072    2.004
21:28:53.306 VLLM::W        1046588 nvme1n1 RS   1175340800 131072    2.031
21:28:53.306 VLLM::W        1046588 nvme1n1 RS   1175341056 131072    2.044
21:28:53.306 VLLM::W        1046588 nvme1n1 RS   1175341312 131072    2.095
21:28:53.307 VLLM::W        1046588 nvme1n1 RS   1175341568 131072    2.105
21:28:53.307 VLLM::W        1046588 nvme1n1 RS   1175342080 131072    2.183
21:28:53.307 VLLM::W        1046588 nvme1n1 RS   1175341824 131072    2.199
21:28:53.307 VLLM::W        1046588 nvme1n1 RS   1175342336 131072    2.271
21:28:53.307 VLLM::W        1046588 nvme1n1 RS   1175342592 131072    2.288
21:28:53.307 VLLM::W        1046588 nvme1n1 RS   1175342848 131072    2.299
21:28:53.307 VLLM::W        1046588 nvme1n1 RS   1175343104 131072    2.310
21:28:53.307 VLLM::W        1046588 nvme1n1 RS   1175343360 131072    2.336
21:28:53.307 VLLM::W        1046587 nvme1n1 RS   1701629952 131072    1.891
21:28:53.307 VLLM::W        1046587 nvme1n1 RS   1701630208 131072    1.918
21:28:53.307 VLLM::W        1046587 nvme1n1 RS   1701630464 131072    1.985
21:28:53.307 VLLM::W        1046587 nvme1n1 RS   1701630720 131072    1.996
21:28:53.307 VLLM::W        1046587 nvme1n1 RS   1701630976 131072    2.038
21:28:53.307 VLLM::W        1046587 nvme1n1 RS   1701631232 131072    2.076
21:28:53.307 VLLM::W        1046587 nvme1n1 RS   1701631488 131072    2.119
21:28:53.307 VLLM::W        1046587 nvme1n1 RS   1701631744 131072    2.121
21:28:53.307 VLLM::W        1046587 nvme1n1 RS   1701632000 131072    2.132
21:28:53.307 VLLM::W        1046587 nvme1n1 RS   1701632256 131072    2.156
21:28:53.307 VLLM::W        1046587 nvme1n1 RS   1701632512 131072    2.193
21:28:53.307 VLLM::W        1046587 nvme1n1 RS   1701632768 131072    2.239
21:28:53.307 VLLM::W        1046587 nvme1n1 RS   1701633024 131072    2.281
21:28:53.307 VLLM::W        1046587 nvme1n1 RS   1701633280 131072    2.292
21:28:53.307 VLLM::W        1046587 nvme1n1 RS   1701633536 131072    2.338
21:28:53.307 VLLM::W        1046587 nvme1n1 RS   1701633792 131072    2.362
21:28:53.307 VLLM::W        1046587 nvme1n1 RS   1701642240 131072    2.393
21:28:53.307 VLLM::W        1046587 nvme1n1 RS   1701642496 131072    2.422
21:28:53.307 VLLM::W        1046586 nvme1n1 RS   580169728  131072    1.213
21:28:53.308 VLLM::W        1046586 nvme1n1 RS   580169984  131072    1.243
21:28:53.308 VLLM::W        1046586 nvme1n1 RS   580170240  131072    1.275
21:28:53.308 VLLM::W        1046586 nvme1n1 RS   580170496  131072    1.306
21:28:53.308 VLLM::W        1046586 nvme1n1 RS   580170752  131072    1.337
21:28:53.308 VLLM::W        1046586 nvme1n1 RS   580171008  131072    1.363
21:28:53.308 VLLM::W        1046586 nvme1n1 RS   580171264  131072    1.391
21:28:53.308 VLLM::W        1046586 nvme1n1 RS   580171520  131072    1.391
21:28:53.308 VLLM::W        1046586 nvme1n1 RS   580171776  131072    1.491
21:28:53.308 VLLM::W        1046586 nvme1n1 RS   580172032  131072    1.508
21:28:53.308 VLLM::W        1046586 nvme1n1 RS   580172288  131072    1.513
21:28:53.308 VLLM::W        1046586 nvme1n1 RS   580173056  131072    1.612
21:28:53.308 VLLM::W        1046586 nvme1n1 RS   580172544  131072    1.638
21:28:53.308 VLLM::W        1046586 nvme1n1 RS   580172800  131072    1.654
21:28:53.308 VLLM::W        1046586 nvme1n1 RS   580173312  131072    1.672
21:28:53.308 VLLM::W        1046586 nvme1n1 RS   580173568  131072    1.673
21:28:53.308 VLLM::W        1046586 nvme1n1 RS   580182016  131072    1.711
21:28:53.308 VLLM::W        1046586 nvme1n1 RS   580182272  131072    1.737
21:28:53.308 VLLM::W        1046588 nvme1n1 RS   1701609472 131072    1.212
21:28:53.308 VLLM::W        1046588 nvme1n1 RS   1701609728 131072    1.289
21:28:53.308 VLLM::W        1046588 nvme1n1 RS   1701609984 131072    1.324
21:28:53.308 VLLM::W        1046588 nvme1n1 RS   1701610240 131072    1.334
21:28:53.308 VLLM::W        1046588 nvme1n1 RS   1701610496 131072    1.368
21:28:53.308 VLLM::W        1046588 nvme1n1 RS   1701610752 131072    1.391
21:28:53.308 VLLM::W        1046588 nvme1n1 RS   1701611008 131072    1.402
21:28:53.308 VLLM::W        1046588 nvme1n1 RS   1701611264 131072    1.405
21:28:53.308 VLLM::W        1046588 nvme1n1 RS   1701611520 131072    1.440
21:28:53.308 VLLM::W        1046588 nvme1n1 RS   1701611776 131072    1.469
21:28:53.309 VLLM::W        1046588 nvme1n1 RS   1701612032 131072    1.501
21:28:53.309 VLLM::W        1046588 nvme1n1 RS   1701612288 131072    1.546
21:28:53.309 VLLM::W        1046588 nvme1n1 RS   1701612544 131072    1.577
21:28:53.309 VLLM::W        1046588 nvme1n1 RS   1701612800 131072    1.605
21:28:53.309 VLLM::W        1046588 nvme1n1 RS   1701613056 131072    1.637
21:28:53.309 VLLM::W        1046588 nvme1n1 RS   1701613312 131072    1.728
21:28:53.309 VLLM::W        1046588 nvme1n1 RS   1701617664 131072    1.740
21:28:53.309 VLLM::W        1046588 nvme1n1 RS   1701617920 131072    1.752
21:28:53.309 VLLM::W        1046588 nvme1n1 RS   580177920  131072    0.187
21:28:53.309 VLLM::W        1046588 nvme1n1 RS   580178176  131072    0.212
21:28:53.309 VLLM::W        1046588 nvme1n1 RS   580178432  131072    0.247
21:28:53.309 VLLM::W        1046588 nvme1n1 RS   580178688  131072    0.278
21:28:53.309 VLLM::W        1046588 nvme1n1 RS   580178944  131072    0.317
21:28:53.309 VLLM::W        1046588 nvme1n1 RS   580179200  131072    0.335
21:28:53.309 VLLM::W        1046588 nvme1n1 RS   580179456  131072    0.368
21:28:53.309 VLLM::W        1046588 nvme1n1 RS   580179712  131072    0.380
21:28:53.309 VLLM::W        1046588 nvme1n1 RS   580179968  131072    0.421
21:28:53.309 VLLM::W        1046588 nvme1n1 RS   580180224  131072    0.455
21:28:53.310 VLLM::W        1046588 nvme1n1 RS   580180480  131072    0.490
21:28:53.310 VLLM::W        1046588 nvme1n1 RS   580180736  131072    0.527
21:28:53.310 VLLM::W        1046588 nvme1n1 RS   580180992  131072    0.561
21:28:53.310 VLLM::W        1046588 nvme1n1 RS   580181504  131072    0.637
21:28:53.310 VLLM::W        1046588 nvme1n1 RS   580181248  131072    0.655
21:28:53.310 VLLM::W        1046588 nvme1n1 RS   580181760  131072    0.652
21:28:53.310 VLLM::W        1046588 nvme1n1 RS   580194304  131072    0.699
21:28:53.310 VLLM::W        1046588 nvme1n1 RS   580194560  131072    0.710
21:28:53.331 ib_pg_f        125934  nvme1n1 WS   1737244672 16384     0.057
21:28:53.331 ib_pg_f        125934  nvme1n1 WS   1757759904 16384     0.049
21:28:53.611 amoprof        1047622 nvme1n1 W    461717080  4096      0.052
