TIMESTAMP    COMM           PID     DISK    T    SECTOR     BYTES   LAT(ms)
08:32:54.216 nvme           2150882 Unknown N    -1         512       0.032
08:32:55.219 nvme           2150934 Unknown N    -1         512       0.028
08:32:56.221 nvme           2150941 Unknown N    -1         512       0.098
08:32:57.161 VLLM::W        1784369 nvme1n1 RS   1662521344 131072    0.255
08:32:57.161 VLLM::W        1784366 nvme1n1 RS   1662525440 131072    0.345
08:32:57.161 VLLM::W        1784366 nvme1n1 RS   1662525696 131072    0.346
08:32:57.161 VLLM::W        1784369 nvme1n1 RS   1662521600 131072    0.454
08:32:57.161 VLLM::W        1784369 nvme1n1 RS   1662521856 131072    0.459
08:32:57.162 VLLM::W        1784368 nvme1n1 RS   1662541824 131072    0.522
08:32:57.162 VLLM::W        1784368 nvme1n1 RS   1662542080 131072    0.541
08:32:57.162 VLLM::W        1784366 nvme1n1 RS   1662525952 131072    0.568
08:32:57.162 VLLM::W        1784366 nvme1n1 RS   1662526208 131072    0.631
08:32:57.162 VLLM::W        1784366 nvme1n1 RS   1662526464 131072    0.648
08:32:57.162 VLLM::W        1784366 nvme1n1 RS   1662526720 131072    0.665
08:32:57.162 VLLM::W        1784366 nvme1n1 RS   1662526976 131072    0.671
08:32:57.162 VLLM::W        1784369 nvme1n1 RS   1662522112 131072    0.771
08:32:57.162 VLLM::W        1784369 nvme1n1 RS   1662522368 131072    0.784
08:32:57.162 VLLM::W        1784369 nvme1n1 RS   1662522624 131072    0.806
08:32:57.162 VLLM::W        1784369 nvme1n1 RS   1662522880 131072    0.812
08:32:57.162 VLLM::W        1784368 nvme1n1 RS   1662542848 131072    0.933
08:32:57.162 VLLM::W        1784368 nvme1n1 RS   1662542336 131072    0.952
08:32:57.162 VLLM::W        1784368 nvme1n1 RS   1662542592 131072    0.968
08:32:57.162 VLLM::W        1784368 nvme1n1 RS   1662543104 131072    0.976
08:32:57.162 VLLM::W        1784368 nvme1n1 RS   1662543360 131072    1.040
08:32:57.162 VLLM::W        1784367 nvme1n1 RS   1662587136 131072    1.064
08:32:57.162 VLLM::W        1784367 nvme1n1 RS   1662587392 131072    1.091
08:32:57.162 VLLM::W        1784367 nvme1n1 RS   1662586880 131072    1.141
08:32:57.162 VLLM::W        1784367 nvme1n1 RS   1662588160 131072    1.199
08:32:57.162 VLLM::W        1784367 nvme1n1 RS   1662588416 131072    1.247
08:32:57.162 VLLM::W        1784367 nvme1n1 RS   1662587648 131072    1.263
08:32:57.162 VLLM::W        1784367 nvme1n1 RS   1662587904 131072    1.289
08:32:57.162 VLLM::W        1784367 nvme1n1 RS   1662589184 131072    1.326
08:32:57.162 VLLM::W        1784367 nvme1n1 RS   1662588672 131072    1.357
08:32:57.162 VLLM::W        1784367 nvme1n1 RS   1662588928 131072    1.370
08:32:57.162 VLLM::W        1784367 nvme1n1 RS   1662589440 131072    1.377
08:32:57.163 VLLM::W        1784367 nvme1n1 RS   1662589696 131072    1.452
08:32:57.163 VLLM::W        1784367 nvme1n1 RS   1662589952 131072    1.504
08:32:57.163 VLLM::W        1784367 nvme1n1 RS   1662590464 131072    1.513
08:32:57.163 VLLM::W        1784367 nvme1n1 RS   1662590208 131072    1.530
08:32:57.163 VLLM::W        1784369 nvme1n1 RS   1662523392 131072    1.624
08:32:57.163 VLLM::W        1784369 nvme1n1 RS   1662523136 131072    1.652
08:32:57.163 VLLM::W        1784369 nvme1n1 RS   1662523648 131072    1.665
08:32:57.163 VLLM::W        1784369 nvme1n1 RS   1662523904 131072    1.675
08:32:57.163 VLLM::W        1784369 nvme1n1 RS   1662524160 131072    1.706
08:32:57.163 VLLM::W        1784369 nvme1n1 RS   1662524416 131072    1.744
08:32:57.163 VLLM::W        1784369 nvme1n1 RS   1662524672 131072    1.793
08:32:57.163 VLLM::W        1784369 nvme1n1 RS   1662524928 131072    1.804
08:32:57.163 VLLM::W        1784369 nvme1n1 RS   1662525184 131072    1.843
08:32:57.163 VLLM::W        1784369 nvme1n1 RS   1662529536 131072    1.875
08:32:57.163 VLLM::W        1784369 nvme1n1 RS   1662529792 131072    1.907
08:32:57.163 VLLM::W        1784366 nvme1n1 RS   1662527488 131072    2.043
08:32:57.163 VLLM::W        1784366 nvme1n1 RS   1662527232 131072    2.065
08:32:57.163 VLLM::W        1784366 nvme1n1 RS   1662527744 131072    2.079
08:32:57.163 VLLM::W        1784366 nvme1n1 RS   1662528000 131072    2.090
08:32:57.163 VLLM::W        1784366 nvme1n1 RS   1662528256 131072    2.127
08:32:57.163 VLLM::W        1784366 nvme1n1 RS   1662528512 131072    2.182
08:32:57.163 VLLM::W        1784366 nvme1n1 RS   1662528768 131072    2.209
08:32:57.163 VLLM::W        1784366 nvme1n1 RS   1662529024 131072    2.233
08:32:57.163 VLLM::W        1784366 nvme1n1 RS   1662529280 131072    2.291
08:32:57.163 VLLM::W        1784366 nvme1n1 RS   1662537728 131072    2.311
08:32:57.163 VLLM::W        1784366 nvme1n1 RS   1662537984 131072    2.322
08:32:57.163 VLLM::W        1784368 nvme1n1 RS   1662543616 131072    2.412
08:32:57.163 VLLM::W        1784368 nvme1n1 RS   1662543872 131072    2.423
08:32:57.164 VLLM::W        1784368 nvme1n1 RS   1662544384 131072    2.533
08:32:57.164 VLLM::W        1784368 nvme1n1 RS   1662544640 131072    2.552
08:32:57.164 VLLM::W        1784368 nvme1n1 RS   1662544128 131072    2.572
08:32:57.164 VLLM::W        1784368 nvme1n1 RS   1662544896 131072    2.588
08:32:57.164 VLLM::W        1784368 nvme1n1 RS   1662545408 131072    2.645
08:32:57.164 VLLM::W        1784368 nvme1n1 RS   1662545152 131072    2.677
08:32:57.164 VLLM::W        1784368 nvme1n1 RS   1662545664 131072    2.670
08:32:57.164 VLLM::W        1784368 nvme1n1 RS   1662595072 131072    2.707
08:32:57.164 VLLM::W        1784368 nvme1n1 RS   1662595328 131072    2.718
08:32:57.164 VLLM::W        1784367 nvme1n1 RS   1662590720 131072    2.801
08:32:57.164 VLLM::W        1784367 nvme1n1 RS   1663029248 131072    2.823
08:32:57.164 VLLM::W        1784367 nvme1n1 RS   1663029504 131072    2.830
08:32:57.164 VLLM::W        1784369 nvme1n1 RS   1662599168 131072    0.770
08:32:57.164 VLLM::W        1784369 nvme1n1 RS   1662599424 131072    0.795
08:32:57.164 VLLM::W        1784369 nvme1n1 RS   1662599680 131072    0.842
08:32:57.164 VLLM::W        1784369 nvme1n1 RS   1662599936 131072    0.882
08:32:57.164 VLLM::W        1784369 nvme1n1 RS   1662600192 131072    0.941
08:32:57.164 VLLM::W        1784369 nvme1n1 RS   1662600448 131072    0.965
08:32:57.164 VLLM::W        1784369 nvme1n1 RS   1662600704 131072    0.977
08:32:57.164 VLLM::W        1784369 nvme1n1 RS   1662600960 131072    1.026
08:32:57.164 VLLM::W        1784369 nvme1n1 RS   1662601216 131072    1.038
08:32:57.164 VLLM::W        1784369 nvme1n1 RS   1662601472 131072    1.049
08:32:57.164 VLLM::W        1784369 nvme1n1 RS   1662601728 131072    1.076
08:32:57.164 VLLM::W        1784369 nvme1n1 RS   1662601984 131072    1.102
08:32:57.164 VLLM::W        1784369 nvme1n1 RS   1662602240 131072    1.147
08:32:57.164 VLLM::W        1784369 nvme1n1 RS   1662602496 131072    1.175
08:32:57.164 VLLM::W        1784369 nvme1n1 RS   1662602752 131072    1.213
08:32:57.165 VLLM::W        1784369 nvme1n1 RS   1662603008 131072    1.232
08:32:57.165 VLLM::W        1784369 nvme1n1 RS   1662611456 131072    1.282
08:32:57.165 VLLM::W        1784369 nvme1n1 RS   1662611712 131072    1.294
08:32:57.165 VLLM::W        1784366 nvme1n1 RS   1662517248 131072    1.030
08:32:57.165 VLLM::W        1784366 nvme1n1 RS   1662517504 131072    1.056
08:32:57.165 VLLM::W        1784366 nvme1n1 RS   1662517760 131072    1.153
08:32:57.165 VLLM::W        1784366 nvme1n1 RS   1662518016 131072    1.180
08:32:57.165 VLLM::W        1784366 nvme1n1 RS   1662518272 131072    1.213
08:32:57.165 VLLM::W        1784366 nvme1n1 RS   1662518528 131072    1.216
08:32:57.165 VLLM::W        1784366 nvme1n1 RS   1662518784 131072    1.220
08:32:57.165 VLLM::W        1784366 nvme1n1 RS   1662519040 131072    1.260
08:32:57.165 VLLM::W        1784366 nvme1n1 RS   1662519552 131072    1.304
08:32:57.165 VLLM::W        1784366 nvme1n1 RS   1662519296 131072    1.316
08:32:57.165 VLLM::W        1784366 nvme1n1 RS   1662519808 131072    1.343
08:32:57.165 VLLM::W        1784366 nvme1n1 RS   1662520064 131072    1.371
08:32:57.165 VLLM::W        1784366 nvme1n1 RS   1662520576 131072    1.422
08:32:57.165 VLLM::W        1784366 nvme1n1 RS   1662520320 131072    1.464
08:32:57.165 VLLM::W        1784366 nvme1n1 RS   1662520832 131072    1.472
08:32:57.165 VLLM::W        1784366 nvme1n1 RS   1662533632 131072    1.525
08:32:57.165 VLLM::W        1784366 nvme1n1 RS   1662521088 131072    1.541
08:32:57.165 VLLM::W        1784366 nvme1n1 RS   1662533888 131072    1.593
08:32:57.165 VLLM::W        1784368 nvme1n1 RS   1662582784 131072    1.279
08:32:57.165 VLLM::W        1784368 nvme1n1 RS   1662583040 131072    1.306
08:32:57.165 VLLM::W        1784368 nvme1n1 RS   1662583296 131072    1.337
08:32:57.165 VLLM::W        1784368 nvme1n1 RS   1662583552 131072    1.368
08:32:57.165 VLLM::W        1784368 nvme1n1 RS   1662583808 131072    1.398
08:32:57.165 VLLM::W        1784368 nvme1n1 RS   1662584064 131072    1.437
08:32:57.166 VLLM::W        1784368 nvme1n1 RS   1662584320 131072    1.502
08:32:57.166 VLLM::W        1784368 nvme1n1 RS   1662584576 131072    1.501
08:32:57.166 VLLM::W        1784368 nvme1n1 RS   1662584832 131072    1.512
08:32:57.166 VLLM::W        1784368 nvme1n1 RS   1662585088 131072    1.546
08:32:57.166 VLLM::W        1784368 nvme1n1 RS   1662585344 131072    1.586
08:32:57.166 VLLM::W        1784368 nvme1n1 RS   1662585600 131072    1.612
08:32:57.166 VLLM::W        1784368 nvme1n1 RS   1662585856 131072    1.660
08:32:57.166 VLLM::W        1784368 nvme1n1 RS   1662586112 131072    1.694
08:32:57.166 VLLM::W        1784368 nvme1n1 RS   1662586368 131072    1.728
08:32:57.166 VLLM::W        1784368 nvme1n1 RS   1662586624 131072    1.753
08:32:57.166 VLLM::W        1784368 nvme1n1 RS   1663041536 131072    1.803
08:32:57.166 VLLM::W        1784368 nvme1n1 RS   1663041792 131072    1.815
08:32:57.166 VLLM::W        1784367 nvme1n1 RS   1662590976 131072    1.894
08:32:57.166 VLLM::W        1784367 nvme1n1 RS   1662591232 131072    1.906
08:32:57.166 VLLM::W        1784367 nvme1n1 RS   1662591488 131072    1.912
08:32:57.166 VLLM::W        1784367 nvme1n1 RS   1662591744 131072    1.940
08:32:57.166 VLLM::W        1784367 nvme1n1 RS   1662592000 131072    1.996
08:32:57.166 VLLM::W        1784367 nvme1n1 RS   1662592256 131072    2.026
08:32:57.166 VLLM::W        1784367 nvme1n1 RS   1662592512 131072    2.040
08:32:57.166 VLLM::W        1784367 nvme1n1 RS   1662592768 131072    2.044
08:32:57.166 VLLM::W        1784367 nvme1n1 RS   1662593024 131072    2.079
08:32:57.166 VLLM::W        1784367 nvme1n1 RS   1662593280 131072    2.109
08:32:57.166 VLLM::W        1784367 nvme1n1 RS   1662593536 131072    2.144
08:32:57.166 VLLM::W        1784367 nvme1n1 RS   1662593792 131072    2.181
08:32:57.166 VLLM::W        1784367 nvme1n1 RS   1662594048 131072    2.218
08:32:57.166 VLLM::W        1784367 nvme1n1 RS   1662594304 131072    2.246
08:32:57.167 VLLM::W        1784367 nvme1n1 RS   1662594560 131072    2.305
08:32:57.167 VLLM::W        1784367 nvme1n1 RS   1662594816 131072    2.309
08:32:57.167 VLLM::W        1784367 nvme1n1 RS   1662607360 131072    2.340
08:32:57.167 VLLM::W        1784367 nvme1n1 RS   1662607616 131072    2.373
08:32:57.167 VLLM::W        1784369 nvme1n1 RS   1662619648 131072    1.945
08:32:57.167 VLLM::W        1784369 nvme1n1 RS   1662619904 131072    1.962
08:32:57.167 VLLM::W        1784369 nvme1n1 RS   1662620160 131072    1.972
08:32:57.167 VLLM::W        1784369 nvme1n1 RS   1662620416 131072    1.997
08:32:57.167 VLLM::W        1784369 nvme1n1 RS   1662620672 131072    2.057
08:32:57.167 VLLM::W        1784369 nvme1n1 RS   1662620928 131072    2.079
08:32:57.167 VLLM::W        1784369 nvme1n1 RS   1662621184 131072    2.131
08:32:57.167 VLLM::W        1784369 nvme1n1 RS   1662621440 131072    2.114
08:32:57.167 VLLM::W        1784369 nvme1n1 RS   1662621696 131072    2.150
08:32:57.167 VLLM::W        1784369 nvme1n1 RS   1662621952 131072    2.247
08:32:57.167 VLLM::W        1784369 nvme1n1 RS   1662622208 131072    2.265
08:32:57.167 VLLM::W        1784369 nvme1n1 RS   1662622464 131072    2.283
08:32:57.167 VLLM::W        1784369 nvme1n1 RS   1662622720 131072    2.289
08:32:57.167 VLLM::W        1784369 nvme1n1 RS   1662622976 131072    2.379
08:32:57.167 VLLM::W        1784369 nvme1n1 RS   1662623232 131072    2.392
08:32:57.167 VLLM::W        1784369 nvme1n1 RS   1662623488 131072    2.411
08:32:57.167 VLLM::W        1784369 nvme1n1 RS   1662631936 131072    2.423
08:32:57.167 VLLM::W        1784369 nvme1n1 RS   1662632192 131072    2.517
08:32:57.167 VLLM::W        1784366 nvme1n1 RS   1662902272 131072    1.881
08:32:57.167 VLLM::W        1784366 nvme1n1 RS   1662902528 131072    1.930
08:32:57.167 VLLM::W        1784366 nvme1n1 RS   1662902784 131072    1.940
08:32:57.168 VLLM::W        1784366 nvme1n1 RS   1662903552 131072    2.051
08:32:57.168 VLLM::W        1784366 nvme1n1 RS   1662903040 131072    2.081
08:32:57.168 VLLM::W        1784366 nvme1n1 RS   1662903808 131072    2.080
08:32:57.168 VLLM::W        1784366 nvme1n1 RS   1662903296 131072    2.116
08:32:57.168 VLLM::W        1784366 nvme1n1 RS   1662904064 131072    2.093
08:32:57.168 VLLM::W        1784366 nvme1n1 RS   1662904320 131072    2.136
08:32:57.168 VLLM::W        1784366 nvme1n1 RS   1662904576 131072    2.145
08:32:57.168 VLLM::W        1784366 nvme1n1 RS   1662904832 131072    2.176
08:32:57.168 VLLM::W        1784366 nvme1n1 RS   1662905088 131072    2.217
08:32:57.168 VLLM::W        1784366 nvme1n1 RS   1662905344 131072    2.227
08:32:57.168 VLLM::W        1784366 nvme1n1 RS   1662905600 131072    2.300
08:32:57.168 VLLM::W        1784366 nvme1n1 RS   1662905856 131072    2.306
08:32:57.168 VLLM::W        1784366 nvme1n1 RS   1663016960 131072    2.410
08:32:57.168 VLLM::W        1784366 nvme1n1 RS   1662906112 131072    2.427
08:32:57.168 VLLM::W        1784366 nvme1n1 RS   1663017216 131072    2.437
08:32:57.168 VLLM::W        1784368 nvme1n1 RS   1662546176 131072    1.945
08:32:57.168 VLLM::W        1784368 nvme1n1 RS   1662545920 131072    1.966
08:32:57.168 VLLM::W        1784368 nvme1n1 RS   1662546432 131072    1.973
08:32:57.168 VLLM::W        1784368 nvme1n1 RS   1662546688 131072    2.035
08:32:57.168 VLLM::W        1784368 nvme1n1 RS   1662546944 131072    2.046
08:32:57.168 VLLM::W        1784368 nvme1n1 RS   1662547200 131072    2.137
08:32:57.168 VLLM::W        1784368 nvme1n1 RS   1662547712 131072    2.129
08:32:57.168 VLLM::W        1784368 nvme1n1 RS   1662547456 131072    2.162
08:32:57.168 VLLM::W        1784368 nvme1n1 RS   1662547968 131072    2.175
08:32:57.168 VLLM::W        1784368 nvme1n1 RS   1662548224 131072    2.191
08:32:57.168 VLLM::W        1784368 nvme1n1 RS   1662548480 131072    2.203
08:32:57.168 VLLM::W        1784368 nvme1n1 RS   1662548736 131072    2.232
08:32:57.168 VLLM::W        1784368 nvme1n1 RS   1662548992 131072    2.321
08:32:57.168 VLLM::W        1784368 nvme1n1 RS   1662549248 131072    2.338
08:32:57.169 VLLM::W        1784368 nvme1n1 RS   1662549504 131072    2.357
08:32:57.169 VLLM::W        1784368 nvme1n1 RS   1662549760 131072    2.362
08:32:57.169 VLLM::W        1784368 nvme1n1 RS   1662603264 131072    2.450
08:32:57.169 VLLM::W        1784368 nvme1n1 RS   1662603520 131072    2.457
08:32:57.169 VLLM::W        1784367 nvme1n1 RS   1662627840 131072    2.008
08:32:57.169 VLLM::W        1784367 nvme1n1 RS   1662628096 131072    2.010
08:32:57.169 VLLM::W        1784367 nvme1n1 RS   1662628864 131072    2.047
08:32:57.169 VLLM::W        1784367 nvme1n1 RS   1662628352 131072    2.073
08:32:57.169 VLLM::W        1784367 nvme1n1 RS   1662628608 131072    2.103
08:32:57.169 VLLM::W        1784367 nvme1n1 RS   1662629120 131072    2.141
08:32:57.169 VLLM::W        1784367 nvme1n1 RS   1662629376 131072    2.149
08:32:57.169 VLLM::W        1784367 nvme1n1 RS   1662629632 131072    2.139
08:32:57.169 VLLM::W        1784367 nvme1n1 RS   1662629888 131072    2.151
08:32:57.169 VLLM::W        1784367 nvme1n1 RS   1662630144 131072    2.223
08:32:57.169 VLLM::W        1784367 nvme1n1 RS   1662630400 131072    2.245
08:32:57.169 VLLM::W        1784367 nvme1n1 RS   1662630656 131072    2.251
08:32:57.169 VLLM::W        1784367 nvme1n1 RS   1662630912 131072    2.279
08:32:57.169 VLLM::W        1784367 nvme1n1 RS   1662631168 131072    2.377
08:32:57.169 VLLM::W        1784367 nvme1n1 RS   1662631424 131072    2.394
08:32:57.169 VLLM::W        1784367 nvme1n1 RS   1662631680 131072    2.402
08:32:57.169 VLLM::W        1784367 nvme1n1 RS   1662636032 131072    2.413
08:32:57.169 VLLM::W        1784367 nvme1n1 RS   1662636288 131072    2.440
08:32:57.169 VLLM::W        1784369 nvme1n1 RS   1566502912 131072    1.810
08:32:57.169 VLLM::W        1784369 nvme1n1 RS   1566503168 131072    1.849
08:32:57.169 VLLM::W        1784369 nvme1n1 RS   1566503424 131072    1.878
08:32:57.169 VLLM::W        1784369 nvme1n1 RS   1566503680 131072    1.930
08:32:57.169 VLLM::W        1784369 nvme1n1 RS   1566503936 131072    1.973
08:32:57.169 VLLM::W        1784369 nvme1n1 RS   1566504192 131072    1.995
08:32:57.170 VLLM::W        1784369 nvme1n1 RS   1566504448 131072    2.049
08:32:57.170 VLLM::W        1784369 nvme1n1 RS   1566504704 131072    2.037
08:32:57.170 VLLM::W        1784369 nvme1n1 RS   1566504960 131072    2.068
08:32:57.170 VLLM::W        1784369 nvme1n1 RS   1566505216 131072    2.107
08:32:57.170 VLLM::W        1784369 nvme1n1 RS   1566505472 131072    2.141
08:32:57.170 VLLM::W        1784369 nvme1n1 RS   1566505728 131072    2.173
08:32:57.170 VLLM::W        1784369 nvme1n1 RS   1566505984 131072    2.218
08:32:57.170 VLLM::W        1784369 nvme1n1 RS   1566506240 131072    2.245
08:32:57.170 VLLM::W        1784369 nvme1n1 RS   1566506496 131072    2.281
08:32:57.170 VLLM::W        1784369 nvme1n1 RS   1566507008 131072    2.342
08:32:57.170 VLLM::W        1784369 nvme1n1 RS   1566506752 131072    2.369
08:32:57.170 VLLM::W        1784369 nvme1n1 RS   1566507264 131072    2.377
08:32:57.170 VLLM::W        1784366 nvme1n1 RS   1662615552 131072    1.933
08:32:57.170 VLLM::W        1784366 nvme1n1 RS   1662616064 131072    1.932
08:32:57.170 VLLM::W        1784366 nvme1n1 RS   1662615808 131072    1.936
08:32:57.170 VLLM::W        1784366 nvme1n1 RS   1662616320 131072    1.939
08:32:57.170 VLLM::W        1784366 nvme1n1 RS   1662616576 131072    1.962
08:32:57.170 VLLM::W        1784366 nvme1n1 RS   1662617088 131072    2.022
08:32:57.170 VLLM::W        1784366 nvme1n1 RS   1662617344 131072    2.018
08:32:57.170 VLLM::W        1784366 nvme1n1 RS   1662616832 131072    2.061
08:32:57.170 VLLM::W        1784366 nvme1n1 RS   1662617600 131072    2.059
08:32:57.170 VLLM::W        1784366 nvme1n1 RS   1662617856 131072    2.094
08:32:57.170 VLLM::W        1784366 nvme1n1 RS   1662618112 131072    2.124
08:32:57.170 VLLM::W        1784366 nvme1n1 RS   1662618368 131072    2.159
08:32:57.170 VLLM::W        1784366 nvme1n1 RS   1662618624 131072    2.187
08:32:57.170 VLLM::W        1784366 nvme1n1 RS   1662618880 131072    2.227
08:32:57.170 VLLM::W        1784366 nvme1n1 RS   1662619136 131072    2.255
08:32:57.171 VLLM::W        1784366 nvme1n1 RS   1662619392 131072    2.286
08:32:57.171 VLLM::W        1784366 nvme1n1 RS   1662623744 131072    2.316
08:32:57.171 VLLM::W        1784366 nvme1n1 RS   1662624000 131072    2.375
08:32:57.171 VLLM::W        1784368 nvme1n1 RS   1566511104 131072    1.956
08:32:57.171 VLLM::W        1784368 nvme1n1 RS   1566511360 131072    1.958
08:32:57.171 VLLM::W        1784368 nvme1n1 RS   1566511616 131072    1.956
08:32:57.171 VLLM::W        1784368 nvme1n1 RS   1566511872 131072    1.954
08:32:57.171 VLLM::W        1784368 nvme1n1 RS   1566512128 131072    1.981
08:32:57.171 VLLM::W        1784368 nvme1n1 RS   1566512384 131072    2.017
08:32:57.171 VLLM::W        1784368 nvme1n1 RS   1566512640 131072    2.061
08:32:57.171 VLLM::W        1784368 nvme1n1 RS   1566512896 131072    2.096
08:32:57.171 VLLM::W        1784368 nvme1n1 RS   1566513152 131072    2.121
08:32:57.171 VLLM::W        1784368 nvme1n1 RS   1566513408 131072    2.132
08:32:57.171 VLLM::W        1784368 nvme1n1 RS   1566513664 131072    2.169
08:32:57.171 VLLM::W        1784368 nvme1n1 RS   1566513920 131072    2.210
08:32:57.171 VLLM::W        1784368 nvme1n1 RS   1566514176 131072    2.239
08:32:57.171 VLLM::W        1784368 nvme1n1 RS   1566514432 131072    2.279
08:32:57.171 VLLM::W        1784368 nvme1n1 RS   1566514688 131072    2.307
08:32:57.171 VLLM::W        1784368 nvme1n1 RS   1566514944 131072    2.339
08:32:57.171 VLLM::W        1784368 nvme1n1 RS   1566515200 131072    2.377
08:32:57.171 VLLM::W        1784368 nvme1n1 RS   1566515456 131072    2.398
08:32:57.171 VLLM::W        1784367 nvme1n1 RS   59724032   131072    1.887
08:32:57.171 VLLM::W        1784367 nvme1n1 RS   59723776   131072    1.907
08:32:57.171 VLLM::W        1784367 nvme1n1 RS   59724288   131072    1.914
08:32:57.171 VLLM::W        1784367 nvme1n1 RS   59724544   131072    1.948
08:32:57.171 VLLM::W        1784367 nvme1n1 RS   59724800   131072    1.976
08:32:57.171 VLLM::W        1784367 nvme1n1 RS   59725056   131072    2.030
08:32:57.172 VLLM::W        1784367 nvme1n1 RS   59725312   131072    2.068
08:32:57.172 VLLM::W        1784367 nvme1n1 RS   59725568   131072    2.075
08:32:57.172 VLLM::W        1784367 nvme1n1 RS   59725824   131072    2.086
08:32:57.172 VLLM::W        1784367 nvme1n1 RS   59726080   131072    2.117
08:32:57.172 VLLM::W        1784367 nvme1n1 RS   59726336   131072    2.147
08:32:57.172 VLLM::W        1784367 nvme1n1 RS   59726592   131072    2.183
08:32:57.172 VLLM::W        1784367 nvme1n1 RS   59726848   131072    2.217
08:32:57.172 VLLM::W        1784367 nvme1n1 RS   59727104   131072    2.254
08:32:57.172 VLLM::W        1784367 nvme1n1 RS   59727360   131072    2.289
08:32:57.172 VLLM::W        1784367 nvme1n1 RS   59727616   131072    2.316
08:32:57.172 VLLM::W        1784367 nvme1n1 RS   59727872   131072    2.356
08:32:57.172 VLLM::W        1784367 nvme1n1 RS   59728128   131072    2.411
08:32:57.172 VLLM::W        1784369 nvme1n1 RS   1662640128 131072    1.871
08:32:57.172 VLLM::W        1784369 nvme1n1 RS   1662640384 131072    1.899
08:32:57.172 VLLM::W        1784369 nvme1n1 RS   1662640640 131072    1.942
08:32:57.172 VLLM::W        1784369 nvme1n1 RS   1662640896 131072    1.971
08:32:57.172 VLLM::W        1784369 nvme1n1 RS   1662641152 131072    2.011
08:32:57.172 VLLM::W        1784369 nvme1n1 RS   1662641408 131072    2.052
08:32:57.172 VLLM::W        1784369 nvme1n1 RS   1662641664 131072    2.087
08:32:57.172 VLLM::W        1784369 nvme1n1 RS   1662641920 131072    2.092
08:32:57.172 VLLM::W        1784369 nvme1n1 RS   1662642176 131072    2.137
08:32:57.172 VLLM::W        1784369 nvme1n1 RS   1662642432 131072    2.149
08:32:57.172 VLLM::W        1784369 nvme1n1 RS   1662642688 131072    2.180
08:32:57.172 VLLM::W        1784369 nvme1n1 RS   1662642944 131072    2.214
08:32:57.172 VLLM::W        1784369 nvme1n1 RS   1662643200 131072    2.246
08:32:57.172 VLLM::W        1784369 nvme1n1 RS   1662643456 131072    2.281
08:32:57.172 VLLM::W        1784369 nvme1n1 RS   1662643712 131072    2.318
08:32:57.173 VLLM::W        1784369 nvme1n1 RS   1662643968 131072    2.341
08:32:57.173 VLLM::W        1784369 nvme1n1 RS   1662644224 131072    2.377
08:32:57.173 VLLM::W        1784369 nvme1n1 RS   1662644480 131072    2.418
08:32:57.173 VLLM::W        1784366 nvme1n1 RS   1662648320 131072    1.804
08:32:57.173 VLLM::W        1784366 nvme1n1 RS   1662648576 131072    1.828
08:32:57.173 VLLM::W        1784366 nvme1n1 RS   1662648832 131072    1.867
08:32:57.173 VLLM::W        1784366 nvme1n1 RS   1662649088 131072    1.905
08:32:57.173 VLLM::W        1784366 nvme1n1 RS   1662649344 131072    1.968
08:32:57.173 VLLM::W        1784366 nvme1n1 RS   1662649600 131072    1.980
08:32:57.173 VLLM::W        1784366 nvme1n1 RS   1662649856 131072    2.025
08:32:57.173 VLLM::W        1784366 nvme1n1 RS   1662650112 131072    2.008
08:32:57.173 VLLM::W        1784366 nvme1n1 RS   1662650368 131072    2.037
08:32:57.173 VLLM::W        1784366 nvme1n1 RS   1662650624 131072    2.078
08:32:57.173 VLLM::W        1784366 nvme1n1 RS   1662650880 131072    2.110
08:32:57.173 VLLM::W        1784366 nvme1n1 RS   1662651136 131072    2.141
08:32:57.173 VLLM::W        1784366 nvme1n1 RS   1662651392 131072    2.180
08:32:57.173 VLLM::W        1784366 nvme1n1 RS   1662651648 131072    2.210
08:32:57.173 VLLM::W        1784366 nvme1n1 RS   1662651904 131072    2.248
08:32:57.173 VLLM::W        1784366 nvme1n1 RS   1662652160 131072    2.268
08:32:57.173 VLLM::W        1784366 nvme1n1 RS   1662652416 131072    2.304
08:32:57.173 VLLM::W        1784366 nvme1n1 RS   1662652672 131072    2.339
08:32:57.173 VLLM::W        1784368 nvme1n1 RS   1662681088 131072    1.882
08:32:57.173 VLLM::W        1784368 nvme1n1 RS   1662681344 131072    1.883
08:32:57.173 VLLM::W        1784368 nvme1n1 RS   1662681600 131072    1.905
08:32:57.173 VLLM::W        1784368 nvme1n1 RS   1662681856 131072    1.934
08:32:57.173 VLLM::W        1784368 nvme1n1 RS   1662682112 131072    1.978
08:32:57.173 VLLM::W        1784368 nvme1n1 RS   1662682368 131072    2.030
08:32:57.174 VLLM::W        1784368 nvme1n1 RS   1662682624 131072    2.063
08:32:57.174 VLLM::W        1784368 nvme1n1 RS   1662682880 131072    2.051
08:32:57.174 VLLM::W        1784368 nvme1n1 RS   1662683136 131072    2.084
08:32:57.174 VLLM::W        1784368 nvme1n1 RS   1662683392 131072    2.120
08:32:57.174 VLLM::W        1784368 nvme1n1 RS   1662683648 131072    2.150
08:32:57.174 VLLM::W        1784368 nvme1n1 RS   1662683904 131072    2.181
08:32:57.174 VLLM::W        1784368 nvme1n1 RS   1662684160 131072    2.214
08:32:57.174 VLLM::W        1784368 nvme1n1 RS   1662684416 131072    2.257
08:32:57.174 VLLM::W        1784368 nvme1n1 RS   1662684672 131072    2.304
08:32:57.174 VLLM::W        1784368 nvme1n1 RS   1662684928 131072    2.308
08:32:57.174 VLLM::W        1784368 nvme1n1 RS   1662685184 131072    2.347
08:32:57.174 VLLM::W        1784368 nvme1n1 RS   1662685440 131072    2.376
08:32:57.174 VLLM::W        1784367 nvme1n1 RS   1662672896 131072    1.866
08:32:57.174 VLLM::W        1784367 nvme1n1 RS   1662673152 131072    1.867
08:32:57.174 VLLM::W        1784367 nvme1n1 RS   1662673408 131072    1.883
08:32:57.174 VLLM::W        1784367 nvme1n1 RS   1662673664 131072    1.911
08:32:57.174 VLLM::W        1784367 nvme1n1 RS   1662673920 131072    1.944
08:32:57.174 VLLM::W        1784367 nvme1n1 RS   1662674176 131072    1.995
08:32:57.174 VLLM::W        1784367 nvme1n1 RS   1662674432 131072    2.048
08:32:57.174 VLLM::W        1784367 nvme1n1 RS   1662674688 131072    2.037
08:32:57.174 VLLM::W        1784367 nvme1n1 RS   1662674944 131072    2.063
08:32:57.174 VLLM::W        1784367 nvme1n1 RS   1662675200 131072    2.098
08:32:57.174 VLLM::W        1784367 nvme1n1 RS   1662675456 131072    2.126
08:32:57.174 VLLM::W        1784367 nvme1n1 RS   1662675712 131072    2.167
08:32:57.174 VLLM::W        1784367 nvme1n1 RS   1662675968 131072    2.196
08:32:57.174 VLLM::W        1784367 nvme1n1 RS   1662676224 131072    2.254
08:32:57.174 VLLM::W        1784367 nvme1n1 RS   1662676480 131072    2.265
08:32:57.175 VLLM::W        1784367 nvme1n1 RS   1662676736 131072    2.297
08:32:57.175 VLLM::W        1784367 nvme1n1 RS   1662676992 131072    2.333
08:32:57.175 VLLM::W        1784367 nvme1n1 RS   1662677248 131072    2.361
08:32:57.175 VLLM::W        1784369 nvme1n1 RS   59732224   131072    1.930
08:32:57.175 VLLM::W        1784369 nvme1n1 RS   59731968   131072    1.952
08:32:57.175 VLLM::W        1784369 nvme1n1 RS   59732480   131072    1.956
08:32:57.175 VLLM::W        1784369 nvme1n1 RS   59732736   131072    1.995
08:32:57.175 VLLM::W        1784369 nvme1n1 RS   59732992   131072    2.025
08:32:57.175 VLLM::W        1784369 nvme1n1 RS   59733248   131072    2.081
08:32:57.175 VLLM::W        1784369 nvme1n1 RS   59733504   131072    2.114
08:32:57.175 VLLM::W        1784369 nvme1n1 RS   59733760   131072    2.103
08:32:57.175 VLLM::W        1784369 nvme1n1 RS   59734016   131072    2.183
08:32:57.175 VLLM::W        1784369 nvme1n1 RS   59734272   131072    2.202
08:32:57.175 VLLM::W        1784369 nvme1n1 RS   59734528   131072    2.213
08:32:57.175 VLLM::W        1784369 nvme1n1 RS   59734784   131072    2.239
08:32:57.175 VLLM::W        1784369 nvme1n1 RS   59735296   131072    2.305
08:32:57.175 VLLM::W        1784369 nvme1n1 RS   59735040   131072    2.321
08:32:57.175 VLLM::W        1784369 nvme1n1 RS   59735552   131072    2.350
08:32:57.175 VLLM::W        1784369 nvme1n1 RS   59735808   131072    2.371
08:32:57.175 VLLM::W        1784369 nvme1n1 RS   59736320   131072    2.461
08:32:57.175 VLLM::W        1784369 nvme1n1 RS   59736064   131072    2.484
08:32:57.175 VLLM::W        1784366 nvme1n1 RS   1662656768 131072    1.907
08:32:57.175 VLLM::W        1784366 nvme1n1 RS   1662656512 131072    1.935
08:32:57.175 VLLM::W        1784366 nvme1n1 RS   1662657024 131072    1.942
08:32:57.175 VLLM::W        1784366 nvme1n1 RS   1662657280 131072    1.970
08:32:57.175 VLLM::W        1784366 nvme1n1 RS   1662657792 131072    2.052
08:32:57.176 VLLM::W        1784366 nvme1n1 RS   1662657536 131072    2.103
08:32:57.176 VLLM::W        1784366 nvme1n1 RS   1662658048 131072    2.108
08:32:57.176 VLLM::W        1784366 nvme1n1 RS   1662658304 131072    2.084
08:32:57.176 VLLM::W        1784366 nvme1n1 RS   1662658560 131072    2.116
08:32:57.176 VLLM::W        1784366 nvme1n1 RS   1662658816 131072    2.146
08:32:57.176 VLLM::W        1784366 nvme1n1 RS   1662659072 131072    2.180
08:32:57.176 VLLM::W        1784366 nvme1n1 RS   1662659328 131072    2.206
08:32:57.176 VLLM::W        1784366 nvme1n1 RS   1662659584 131072    2.276
08:32:57.176 VLLM::W        1784366 nvme1n1 RS   1662659840 131072    2.288
08:32:57.176 VLLM::W        1784366 nvme1n1 RS   1662660096 131072    2.314
08:32:57.176 VLLM::W        1784366 nvme1n1 RS   1662660352 131072    2.337
08:32:57.176 VLLM::W        1784366 nvme1n1 RS   1662660608 131072    2.373
08:32:57.176 VLLM::W        1784366 nvme1n1 RS   1662660864 131072    2.407
08:32:57.176 VLLM::W        1784368 nvme1n1 RS   1566519296 131072    1.840
08:32:57.176 VLLM::W        1784368 nvme1n1 RS   1566519552 131072    1.873
08:32:57.176 VLLM::W        1784368 nvme1n1 RS   1566519808 131072    1.901
08:32:57.176 VLLM::W        1784368 nvme1n1 RS   1566520064 131072    1.938
08:32:57.176 VLLM::W        1784368 nvme1n1 RS   1566520320 131072    1.968
08:32:57.176 VLLM::W        1784368 nvme1n1 RS   1566520576 131072    2.037
08:32:57.176 VLLM::W        1784368 nvme1n1 RS   1566520832 131072    2.073
08:32:57.176 VLLM::W        1784368 nvme1n1 RS   1566521088 131072    2.065
08:32:57.176 VLLM::W        1784368 nvme1n1 RS   1566521344 131072    2.093
08:32:57.176 VLLM::W        1784368 nvme1n1 RS   1566521600 131072    2.126
08:32:57.176 VLLM::W        1784368 nvme1n1 RS   1566521856 131072    2.162
08:32:57.176 VLLM::W        1784368 nvme1n1 RS   1566522112 131072    2.193
08:32:57.176 VLLM::W        1784368 nvme1n1 RS   1566522368 131072    2.224
08:32:57.176 VLLM::W        1784368 nvme1n1 RS   1566522624 131072    2.260
08:32:57.176 VLLM::W        1784368 nvme1n1 RS   1566522880 131072    2.309
08:32:57.177 VLLM::W        1784368 nvme1n1 RS   1566523136 131072    2.326
08:32:57.177 VLLM::W        1784368 nvme1n1 RS   1566523392 131072    2.356
08:32:57.177 VLLM::W        1784368 nvme1n1 RS   1566523648 131072    2.390
08:32:57.177 VLLM::W        1784367 nvme1n1 RS   1662689280 131072    1.908
08:32:57.177 VLLM::W        1784367 nvme1n1 RS   1662689536 131072    1.912
08:32:57.177 VLLM::W        1784367 nvme1n1 RS   1662689792 131072    1.927
08:32:57.177 VLLM::W        1784367 nvme1n1 RS   1662690048 131072    1.939
08:32:57.177 VLLM::W        1784367 nvme1n1 RS   1662690304 131072    1.980
08:32:57.177 VLLM::W        1784367 nvme1n1 RS   1662690560 131072    2.034
08:32:57.177 VLLM::W        1784367 nvme1n1 RS   1662690816 131072    2.063
08:32:57.177 VLLM::W        1784367 nvme1n1 RS   1662691072 131072    2.050
08:32:57.177 VLLM::W        1784367 nvme1n1 RS   1662691328 131072    2.083
08:32:57.177 VLLM::W        1784367 nvme1n1 RS   1662691584 131072    2.120
08:32:57.177 VLLM::W        1784367 nvme1n1 RS   1662691840 131072    2.151
08:32:57.177 VLLM::W        1784367 nvme1n1 RS   1662692096 131072    2.196
08:32:57.177 VLLM::W        1784367 nvme1n1 RS   1662692352 131072    2.233
08:32:57.177 VLLM::W        1784367 nvme1n1 RS   1662692608 131072    2.264
08:32:57.177 VLLM::W        1784367 nvme1n1 RS   1662692864 131072    2.297
08:32:57.177 VLLM::W        1784367 nvme1n1 RS   1662693120 131072    2.329
08:32:57.177 VLLM::W        1784367 nvme1n1 RS   1662693376 131072    2.383
08:32:57.177 VLLM::W        1784367 nvme1n1 RS   1662693632 131072    2.394
08:32:57.177 VLLM::W        1784369 nvme1n1 RS   1662713856 131072    1.840
08:32:57.177 VLLM::W        1784369 nvme1n1 RS   1662714112 131072    1.871
08:32:57.177 VLLM::W        1784369 nvme1n1 RS   1662714368 131072    1.907
08:32:57.177 VLLM::W        1784369 nvme1n1 RS   1662714624 131072    1.942
08:32:57.177 VLLM::W        1784369 nvme1n1 RS   1662714880 131072    1.970
08:32:57.177 VLLM::W        1784369 nvme1n1 RS   1662715136 131072    2.006
08:32:57.178 VLLM::W        1784369 nvme1n1 RS   1662715392 131072    2.070
08:32:57.178 VLLM::W        1784369 nvme1n1 RS   1662715648 131072    2.052
08:32:57.178 VLLM::W        1784369 nvme1n1 RS   1662715904 131072    2.088
08:32:57.178 VLLM::W        1784369 nvme1n1 RS   1662716160 131072    2.119
08:32:57.178 VLLM::W        1784369 nvme1n1 RS   1662716416 131072    2.152
08:32:57.178 VLLM::W        1784369 nvme1n1 RS   1662716672 131072    2.193
08:32:57.178 VLLM::W        1784369 nvme1n1 RS   1662716928 131072    2.233
08:32:57.178 VLLM::W        1784369 nvme1n1 RS   1662717184 131072    2.263
08:32:57.178 VLLM::W        1784369 nvme1n1 RS   1662717440 131072    2.295
08:32:57.178 VLLM::W        1784369 nvme1n1 RS   1662717696 131072    2.346
08:32:57.178 VLLM::W        1784369 nvme1n1 RS   1662718208 131072    2.388
08:32:57.178 VLLM::W        1784369 nvme1n1 RS   1662717952 131072    2.403
08:32:57.178 VLLM::W        1784366 nvme1n1 RS   1662664704 131072    1.864
08:32:57.178 VLLM::W        1784366 nvme1n1 RS   1662664960 131072    1.870
08:32:57.178 VLLM::W        1784366 nvme1n1 RS   1662665216 131072    1.899
08:32:57.178 VLLM::W        1784366 nvme1n1 RS   1662665472 131072    1.932
08:32:57.178 VLLM::W        1784366 nvme1n1 RS   1662665728 131072    1.967
08:32:57.178 VLLM::W        1784366 nvme1n1 RS   1662665984 131072    2.030
08:32:57.178 VLLM::W        1784366 nvme1n1 RS   1662666240 131072    2.052
08:32:57.178 VLLM::W        1784366 nvme1n1 RS   1662666496 131072    2.039
08:32:57.178 VLLM::W        1784366 nvme1n1 RS   1662666752 131072    2.077
08:32:57.178 VLLM::W        1784366 nvme1n1 RS   1662667008 131072    2.113
08:32:57.178 VLLM::W        1784366 nvme1n1 RS   1662667264 131072    2.145
08:32:57.178 VLLM::W        1784366 nvme1n1 RS   1662667520 131072    2.188
08:32:57.178 VLLM::W        1784366 nvme1n1 RS   1662667776 131072    2.224
08:32:57.178 VLLM::W        1784366 nvme1n1 RS   1662668032 131072    2.253
08:32:57.178 VLLM::W        1784366 nvme1n1 RS   1662668288 131072    2.292
08:32:57.178 VLLM::W        1784366 nvme1n1 RS   1662668544 131072    2.309
08:32:57.179 VLLM::W        1784366 nvme1n1 RS   1662668800 131072    2.379
08:32:57.179 VLLM::W        1784366 nvme1n1 RS   1662669056 131072    2.387
08:32:57.179 VLLM::W        1784368 nvme1n1 RS   1662705664 131072    1.984
08:32:57.179 VLLM::W        1784368 nvme1n1 RS   1662705920 131072    1.985
08:32:57.179 VLLM::W        1784368 nvme1n1 RS   1662706176 131072    1.983
08:32:57.179 VLLM::W        1784368 nvme1n1 RS   1662706432 131072    1.989
08:32:57.179 VLLM::W        1784368 nvme1n1 RS   1662706688 131072    2.047
08:32:57.179 VLLM::W        1784368 nvme1n1 RS   1662706944 131072    2.059
08:32:57.179 VLLM::W        1784368 nvme1n1 RS   1662707200 131072    2.125
08:32:57.179 VLLM::W        1784368 nvme1n1 RS   1662707456 131072    2.108
08:32:57.179 VLLM::W        1784368 nvme1n1 RS   1662707712 131072    2.141
08:32:57.179 VLLM::W        1784368 nvme1n1 RS   1662707968 131072    2.170
08:32:57.179 VLLM::W        1784368 nvme1n1 RS   1662708224 131072    2.223
08:32:57.179 VLLM::W        1784368 nvme1n1 RS   1662708480 131072    2.235
08:32:57.179 VLLM::W        1784368 nvme1n1 RS   1662708992 131072    2.312
08:32:57.179 VLLM::W        1784368 nvme1n1 RS   1662708736 131072    2.340
08:32:57.179 VLLM::W        1784368 nvme1n1 RS   1662709248 131072    2.357
08:32:57.179 VLLM::W        1784368 nvme1n1 RS   1662709504 131072    2.361
08:32:57.179 VLLM::W        1784368 nvme1n1 RS   1662709760 131072    2.402
08:32:57.179 VLLM::W        1784368 nvme1n1 RS   1662710016 131072    2.435
08:32:57.179 VLLM::W        1784367 nvme1n1 RS   1662697472 131072    1.922
08:32:57.179 VLLM::W        1784367 nvme1n1 RS   1662697728 131072    1.923
08:32:57.179 VLLM::W        1784367 nvme1n1 RS   1662697984 131072    1.943
08:32:57.179 VLLM::W        1784367 nvme1n1 RS   1662698240 131072    1.953
08:32:57.179 VLLM::W        1784367 nvme1n1 RS   1662698496 131072    1.992
08:32:57.179 VLLM::W        1784367 nvme1n1 RS   1662698752 131072    2.029
08:32:57.180 VLLM::W        1784367 nvme1n1 RS   1662699008 131072    2.089
08:32:57.180 VLLM::W        1784367 nvme1n1 RS   1662699264 131072    2.081
08:32:57.180 VLLM::W        1784367 nvme1n1 RS   1662699520 131072    2.110
08:32:57.180 VLLM::W        1784367 nvme1n1 RS   1662699776 131072    2.137
08:32:57.180 VLLM::W        1784367 nvme1n1 RS   1662700032 131072    2.169
08:32:57.180 VLLM::W        1784367 nvme1n1 RS   1662700288 131072    2.199
08:32:57.180 VLLM::W        1784367 nvme1n1 RS   1662700544 131072    2.237
08:32:57.180 VLLM::W        1784367 nvme1n1 RS   1662700800 131072    2.267
08:32:57.180 VLLM::W        1784367 nvme1n1 RS   1662701056 131072    2.303
08:32:57.180 VLLM::W        1784367 nvme1n1 RS   1662701312 131072    2.402
08:32:57.180 VLLM::W        1784367 nvme1n1 RS   1662701568 131072    2.415
08:32:57.180 VLLM::W        1784367 nvme1n1 RS   1662701824 131072    2.426
08:32:57.180 VLLM::W        1784369 nvme1n1 RS   59756544   131072    1.923
08:32:57.180 VLLM::W        1784369 nvme1n1 RS   59756800   131072    1.981
08:32:57.180 VLLM::W        1784369 nvme1n1 RS   59757056   131072    1.994
08:32:57.180 VLLM::W        1784369 nvme1n1 RS   59757312   131072    2.004
08:32:57.180 VLLM::W        1784369 nvme1n1 RS   59757568   131072    2.045
08:32:57.180 VLLM::W        1784369 nvme1n1 RS   59757824   131072    2.056
08:32:57.180 VLLM::W        1784369 nvme1n1 RS   59758080   131072    2.090
08:32:57.180 VLLM::W        1784369 nvme1n1 RS   59758336   131072    2.166
08:32:57.180 VLLM::W        1784369 nvme1n1 RS   59758592   131072    2.184
08:32:57.180 VLLM::W        1784369 nvme1n1 RS   59758848   131072    2.199
08:32:57.180 VLLM::W        1784369 nvme1n1 RS   59759104   131072    2.211
08:32:57.180 VLLM::W        1784369 nvme1n1 RS   59759360   131072    2.318
08:32:57.180 VLLM::W        1784369 nvme1n1 RS   59759616   131072    2.336
08:32:57.180 VLLM::W        1784369 nvme1n1 RS   59759872   131072    2.358
08:32:57.180 VLLM::W        1784369 nvme1n1 RS   59760128   131072    2.373
08:32:57.180 VLLM::W        1784369 nvme1n1 RS   59760384   131072    2.377
08:32:57.181 VLLM::W        1784369 nvme1n1 RS   59760896   131072    2.441
08:32:57.181 VLLM::W        1784369 nvme1n1 RS   59760640   131072    2.456
08:32:57.181 VLLM::W        1784366 nvme1n1 RS   59740416   131072    1.891
08:32:57.181 VLLM::W        1784366 nvme1n1 RS   59740160   131072    1.938
08:32:57.181 VLLM::W        1784366 nvme1n1 RS   59740672   131072    1.937
08:32:57.181 VLLM::W        1784366 nvme1n1 RS   59740928   131072    1.981
08:32:57.181 VLLM::W        1784366 nvme1n1 RS   59741184   131072    2.000
08:32:57.181 VLLM::W        1784366 nvme1n1 RS   59741440   131072    2.052
08:32:57.181 VLLM::W        1784366 nvme1n1 RS   59741696   131072    2.063
08:32:57.181 VLLM::W        1784366 nvme1n1 RS   59741952   131072    2.066
08:32:57.181 VLLM::W        1784366 nvme1n1 RS   59742208   131072    2.100
08:32:57.181 VLLM::W        1784366 nvme1n1 RS   59742464   131072    2.138
08:32:57.181 VLLM::W        1784366 nvme1n1 RS   59742720   131072    2.166
08:32:57.181 VLLM::W        1784366 nvme1n1 RS   59742976   131072    2.199
08:32:57.181 VLLM::W        1784366 nvme1n1 RS   59743232   131072    2.232
08:32:57.181 VLLM::W        1784366 nvme1n1 RS   59743488   131072    2.263
08:32:57.181 VLLM::W        1784366 nvme1n1 RS   59743744   131072    2.304
08:32:57.181 VLLM::W        1784366 nvme1n1 RS   59744000   131072    2.325
08:32:57.181 VLLM::W        1784366 nvme1n1 RS   59744256   131072    2.362
08:32:57.181 VLLM::W        1784366 nvme1n1 RS   59744512   131072    2.397
08:32:57.181 VLLM::W        1784368 nvme1n1 RS   1662722304 131072    1.950
08:32:57.181 VLLM::W        1784368 nvme1n1 RS   1662722048 131072    1.958
08:32:57.181 VLLM::W        1784368 nvme1n1 RS   1662722560 131072    1.953
08:32:57.181 VLLM::W        1784368 nvme1n1 RS   1662722816 131072    1.951
08:32:57.181 VLLM::W        1784368 nvme1n1 RS   1662723072 131072    1.983
08:32:57.181 VLLM::W        1784368 nvme1n1 RS   1662723328 131072    2.036
08:32:57.182 VLLM::W        1784368 nvme1n1 RS   1662723584 131072    2.073
08:32:57.182 VLLM::W        1784368 nvme1n1 RS   1662723840 131072    2.074
08:32:57.182 VLLM::W        1784368 nvme1n1 RS   1662724096 131072    2.085
08:32:57.182 VLLM::W        1784368 nvme1n1 RS   1662724352 131072    2.120
08:32:57.182 VLLM::W        1784368 nvme1n1 RS   1662724608 131072    2.155
08:32:57.182 VLLM::W        1784368 nvme1n1 RS   1662724864 131072    2.191
08:32:57.182 VLLM::W        1784368 nvme1n1 RS   1662725120 131072    2.234
08:32:57.182 VLLM::W        1784368 nvme1n1 RS   1662725376 131072    2.268
08:32:57.182 VLLM::W        1784368 nvme1n1 RS   1662725632 131072    2.317
08:32:57.182 VLLM::W        1784368 nvme1n1 RS   1662725888 131072    2.316
08:32:57.182 VLLM::W        1784368 nvme1n1 RS   1662726144 131072    2.388
08:32:57.182 VLLM::W        1784368 nvme1n1 RS   1662726400 131072    2.400
08:32:57.182 VLLM::W        1784367 nvme1n1 RS   59748352   131072    1.855
08:32:57.182 VLLM::W        1784367 nvme1n1 RS   59748608   131072    1.872
08:32:57.182 VLLM::W        1784367 nvme1n1 RS   59748864   131072    1.882
08:32:57.182 VLLM::W        1784367 nvme1n1 RS   59749376   131072    1.942
08:32:57.182 VLLM::W        1784367 nvme1n1 RS   59749632   131072    1.996
08:32:57.182 VLLM::W        1784367 nvme1n1 RS   59749120   131072    2.025
08:32:57.182 VLLM::W        1784367 nvme1n1 RS   59749888   131072    2.025
08:32:57.182 VLLM::W        1784367 nvme1n1 RS   59750400   131072    2.070
08:32:57.182 VLLM::W        1784367 nvme1n1 RS   59750144   131072    2.112
08:32:57.182 VLLM::W        1784367 nvme1n1 RS   59750656   131072    2.121
08:32:57.182 VLLM::W        1784367 nvme1n1 RS   59750912   131072    2.160
08:32:57.182 VLLM::W        1784367 nvme1n1 RS   59751168   131072    2.249
08:32:57.182 VLLM::W        1784367 nvme1n1 RS   59751424   131072    2.267
08:32:57.182 VLLM::W        1784367 nvme1n1 RS   59751680   131072    2.273
08:32:57.183 VLLM::W        1784367 nvme1n1 RS   59751936   131072    2.335
08:32:57.183 VLLM::W        1784367 nvme1n1 RS   59752192   131072    2.346
08:32:57.183 VLLM::W        1784367 nvme1n1 RS   59752448   131072    2.364
08:32:57.183 VLLM::W        1784367 nvme1n1 RS   59752704   131072    2.375
08:32:57.183 VLLM::W        1784369 nvme1n1 RS   1662730240 131072    1.926
08:32:57.183 VLLM::W        1784369 nvme1n1 RS   1662730496 131072    1.956
08:32:57.183 VLLM::W        1784369 nvme1n1 RS   1662730752 131072    1.978
08:32:57.183 VLLM::W        1784369 nvme1n1 RS   1662731008 131072    1.985
08:32:57.183 VLLM::W        1784369 nvme1n1 RS   1662731776 131072    2.129
08:32:57.183 VLLM::W        1784369 nvme1n1 RS   1662731264 131072    2.154
08:32:57.183 VLLM::W        1784369 nvme1n1 RS   1662732032 131072    2.134
08:32:57.183 VLLM::W        1784369 nvme1n1 RS   1662731520 131072    2.170
08:32:57.183 VLLM::W        1784369 nvme1n1 RS   1662732288 131072    2.170
08:32:57.183 VLLM::W        1784369 nvme1n1 RS   1662732544 131072    2.195
08:32:57.183 VLLM::W        1784369 nvme1n1 RS   1662732800 131072    2.227
08:32:57.183 VLLM::W        1784369 nvme1n1 RS   1662733056 131072    2.255
08:32:57.183 VLLM::W        1784369 nvme1n1 RS   1662733312 131072    2.285
08:32:57.183 VLLM::W        1784369 nvme1n1 RS   1662733568 131072    2.314
08:32:57.183 VLLM::W        1784369 nvme1n1 RS   1662733824 131072    2.345
08:32:57.183 VLLM::W        1784369 nvme1n1 RS   1662734080 131072    2.370
08:32:57.183 VLLM::W        1784369 nvme1n1 RS   1662734336 131072    2.449
08:32:57.183 VLLM::W        1784369 nvme1n1 RS   1662734592 131072    2.462
08:32:57.183 VLLM::W        1784366 nvme1n1 RS   1662738432 131072    1.935
08:32:57.183 VLLM::W        1784366 nvme1n1 RS   1662738688 131072    1.953
08:32:57.183 VLLM::W        1784366 nvme1n1 RS   1662738944 131072    1.964
08:32:57.183 VLLM::W        1784366 nvme1n1 RS   1662739200 131072    1.992
08:32:57.184 VLLM::W        1784366 nvme1n1 RS   1662739968 131072    2.116
08:32:57.184 VLLM::W        1784366 nvme1n1 RS   1662739456 131072    2.139
08:32:57.184 VLLM::W        1784366 nvme1n1 RS   1662739712 131072    2.145
08:32:57.184 VLLM::W        1784366 nvme1n1 RS   1662740224 131072    2.113
08:32:57.184 VLLM::W        1784366 nvme1n1 RS   1662740480 131072    2.129
08:32:57.184 VLLM::W        1784366 nvme1n1 RS   1662740736 131072    2.141
08:32:57.184 VLLM::W        1784366 nvme1n1 RS   1662740992 131072    2.187
08:32:57.184 VLLM::W        1784366 nvme1n1 RS   1662741248 131072    2.216
08:32:57.184 VLLM::W        1784366 nvme1n1 RS   1662741504 131072    2.250
08:32:57.184 VLLM::W        1784366 nvme1n1 RS   1662741760 131072    2.277
08:32:57.184 VLLM::W        1784366 nvme1n1 RS   1662742016 131072    2.335
08:32:57.184 VLLM::W        1784366 nvme1n1 RS   1662742272 131072    2.339
08:32:57.184 VLLM::W        1784366 nvme1n1 RS   1662742528 131072    2.410
08:32:57.184 VLLM::W        1784366 nvme1n1 RS   1662742784 131072    2.422
08:32:57.184 VLLM::W        1784368 nvme1n1 RS   1662771456 131072    1.864
08:32:57.184 VLLM::W        1784368 nvme1n1 RS   1662771200 131072    1.904
08:32:57.184 VLLM::W        1784368 nvme1n1 RS   1662771712 131072    1.912
08:32:57.184 VLLM::W        1784368 nvme1n1 RS   1662772224 131072    1.977
08:32:57.184 VLLM::W        1784368 nvme1n1 RS   1662771968 131072    2.001
08:32:57.184 VLLM::W        1784368 nvme1n1 RS   1662772480 131072    2.067
08:32:57.184 VLLM::W        1784368 nvme1n1 RS   1662772736 131072    2.083
08:32:57.184 VLLM::W        1784368 nvme1n1 RS   1662772992 131072    2.070
08:32:57.184 VLLM::W        1784368 nvme1n1 RS   1662773504 131072    2.117
08:32:57.184 VLLM::W        1784368 nvme1n1 RS   1662773760 131072    2.148
08:32:57.184 VLLM::W        1784368 nvme1n1 RS   1662773248 131072    2.190
08:32:57.184 VLLM::W        1784368 nvme1n1 RS   1662774528 131072    2.251
08:32:57.184 VLLM::W        1784368 nvme1n1 RS   1662774016 131072    2.286
08:32:57.184 VLLM::W        1784368 nvme1n1 RS   1662774272 131072    2.293
08:32:57.184 VLLM::W        1784368 nvme1n1 RS   1662774784 131072    2.303
08:32:57.184 VLLM::W        1784368 nvme1n1 RS   1662775040 131072    2.323
08:32:57.185 VLLM::W        1784368 nvme1n1 RS   1662775296 131072    2.352
08:32:57.185 VLLM::W        1784368 nvme1n1 RS   1662775552 131072    2.387
08:32:57.185 VLLM::W        1784367 nvme1n1 RS   1662763008 131072    1.904
08:32:57.185 VLLM::W        1784367 nvme1n1 RS   1662763520 131072    1.922
08:32:57.185 VLLM::W        1784367 nvme1n1 RS   1662763776 131072    1.946
08:32:57.185 VLLM::W        1784367 nvme1n1 RS   1662763264 131072    1.972
08:32:57.185 VLLM::W        1784367 nvme1n1 RS   1662764032 131072    2.020
08:32:57.185 VLLM::W        1784367 nvme1n1 RS   1662764544 131072    2.068
08:32:57.185 VLLM::W        1784367 nvme1n1 RS   1662764288 131072    2.095
08:32:57.185 VLLM::W        1784367 nvme1n1 RS   1662764800 131072    2.082
08:32:57.185 VLLM::W        1784367 nvme1n1 RS   1662765056 131072    2.093
08:32:57.185 VLLM::W        1784367 nvme1n1 RS   1662765568 131072    2.154
08:32:57.185 VLLM::W        1784367 nvme1n1 RS   1662765824 131072    2.184
08:32:57.185 VLLM::W        1784367 nvme1n1 RS   1662766080 131072    2.231
08:32:57.185 VLLM::W        1784367 nvme1n1 RS   1662765312 131072    2.252
08:32:57.185 VLLM::W        1784367 nvme1n1 RS   1662766336 131072    2.315
08:32:57.185 VLLM::W        1784367 nvme1n1 RS   1662766592 131072    2.333
08:32:57.185 VLLM::W        1784367 nvme1n1 RS   1662766848 131072    2.337
08:32:57.185 VLLM::W        1784367 nvme1n1 RS   1662767104 131072    2.394
08:32:57.185 VLLM::W        1784367 nvme1n1 RS   1662767360 131072    2.406
08:32:57.185 VLLM::W        1784369 nvme1n1 RS   1663009024 131072    1.906
08:32:57.185 VLLM::W        1784369 nvme1n1 RS   1663008768 131072    1.927
08:32:57.185 VLLM::W        1784369 nvme1n1 RS   1663009280 131072    1.929
08:32:57.185 VLLM::W        1784369 nvme1n1 RS   1663010048 131072    2.038
08:32:57.185 VLLM::W        1784369 nvme1n1 RS   1663009536 131072    2.078
08:32:57.185 VLLM::W        1784369 nvme1n1 RS   1663009792 131072    2.088
08:32:57.186 VLLM::W        1784369 nvme1n1 RS   1663010304 131072    2.103
08:32:57.186 VLLM::W        1784369 nvme1n1 RS   1663011072 131072    2.151
08:32:57.186 VLLM::W        1784369 nvme1n1 RS   1663010560 131072    2.184
08:32:57.186 VLLM::W        1784369 nvme1n1 RS   1663010816 131072    2.194
08:32:57.186 VLLM::W        1784369 nvme1n1 RS   1663011328 131072    2.219
08:32:57.186 VLLM::W        1784369 nvme1n1 RS   1663011840 131072    2.311
08:32:57.186 VLLM::W        1784369 nvme1n1 RS   1663011584 131072    2.322
08:32:57.186 VLLM::W        1784369 nvme1n1 RS   1663012608 131072    2.357
08:32:57.186 VLLM::W        1784369 nvme1n1 RS   1663012096 131072    2.409
08:32:57.186 VLLM::W        1784369 nvme1n1 RS   1663012352 131072    2.421
08:32:57.186 VLLM::W        1784369 nvme1n1 RS   1663012864 131072    2.461
08:32:57.186 VLLM::W        1784366 nvme1n1 RS   1662746880 131072    1.894
08:32:57.186 VLLM::W        1784369 nvme1n1 RS   1663013120 131072    2.522
08:32:57.186 VLLM::W        1784366 nvme1n1 RS   1662746624 131072    1.983
08:32:57.186 VLLM::W        1784366 nvme1n1 RS   1662747136 131072    1.981
08:32:57.186 VLLM::W        1784366 nvme1n1 RS   1662747392 131072    2.022
08:32:57.186 VLLM::W        1784366 nvme1n1 RS   1662747648 131072    2.032
08:32:57.186 VLLM::W        1784366 nvme1n1 RS   1662747904 131072    2.113
08:32:57.186 VLLM::W        1784366 nvme1n1 RS   1662748160 131072    2.122
08:32:57.186 VLLM::W        1784366 nvme1n1 RS   1662748416 131072    2.098
08:32:57.186 VLLM::W        1784366 nvme1n1 RS   1662748928 131072    2.143
08:32:57.186 VLLM::W        1784366 nvme1n1 RS   1662748672 131072    2.164
08:32:57.186 VLLM::W        1784366 nvme1n1 RS   1662749184 131072    2.171
08:32:57.186 VLLM::W        1784366 nvme1n1 RS   1662749440 131072    2.201
08:32:57.186 VLLM::W        1784366 nvme1n1 RS   1662749696 131072    2.230
08:32:57.186 VLLM::W        1784366 nvme1n1 RS   1662749952 131072    2.262
08:32:57.186 VLLM::W        1784366 nvme1n1 RS   1662750208 131072    2.292
08:32:57.187 VLLM::W        1784366 nvme1n1 RS   1662750464 131072    2.335
08:32:57.187 VLLM::W        1784366 nvme1n1 RS   1662750720 131072    2.375
08:32:57.187 VLLM::W        1784366 nvme1n1 RS   1662750976 131072    2.388
08:32:57.187 VLLM::W        1784368 nvme1n1 RS   59764736   131072    2.002
08:32:57.187 VLLM::W        1784368 nvme1n1 RS   59764992   131072    2.004
08:32:57.187 VLLM::W        1784368 nvme1n1 RS   59765248   131072    2.002
08:32:57.187 VLLM::W        1784368 nvme1n1 RS   59765504   131072    2.019
08:32:57.187 VLLM::W        1784368 nvme1n1 RS   59765760   131072    2.083
08:32:57.187 VLLM::W        1784368 nvme1n1 RS   59766016   131072    2.116
08:32:57.187 VLLM::W        1784368 nvme1n1 RS   59766272   131072    2.141
08:32:57.187 VLLM::W        1784368 nvme1n1 RS   59766528   131072    2.130
08:32:57.187 VLLM::W        1784368 nvme1n1 RS   59766784   131072    2.175
08:32:57.187 VLLM::W        1784368 nvme1n1 RS   59767040   131072    2.201
08:32:57.187 VLLM::W        1784368 nvme1n1 RS   59767296   131072    2.229
08:32:57.187 VLLM::W        1784368 nvme1n1 RS   59767552   131072    2.261
08:32:57.187 VLLM::W        1784368 nvme1n1 RS   59768064   131072    2.337
08:32:57.187 VLLM::W        1784368 nvme1n1 RS   59767808   131072    2.360
08:32:57.187 VLLM::W        1784368 nvme1n1 RS   59768320   131072    2.371
08:32:57.187 VLLM::W        1784368 nvme1n1 RS   59768576   131072    2.462
08:32:57.187 VLLM::W        1784368 nvme1n1 RS   59768832   131072    2.480
08:32:57.187 VLLM::W        1784368 nvme1n1 RS   59769088   131072    2.487
08:32:57.187 VLLM::W        1784367 nvme1n1 RS   1662861568 131072    1.901
08:32:57.187 VLLM::W        1784367 nvme1n1 RS   1662861824 131072    1.936
08:32:57.187 VLLM::W        1784367 nvme1n1 RS   1662861312 131072    1.971
08:32:57.187 VLLM::W        1784367 nvme1n1 RS   1662862080 131072    2.032
08:32:57.187 VLLM::W        1784367 nvme1n1 RS   1662862336 131072    2.061
08:32:57.188 VLLM::W        1784367 nvme1n1 RS   1662862592 131072    2.089
08:32:57.188 VLLM::W        1784367 nvme1n1 RS   1662862848 131072    2.121
08:32:57.188 VLLM::W        1784367 nvme1n1 RS   1662863104 131072    2.133
08:32:57.188 VLLM::W        1784367 nvme1n1 RS   1662863360 131072    2.145
08:32:57.188 VLLM::W        1784367 nvme1n1 RS   1662863616 131072    2.152
08:32:57.188 VLLM::W        1784367 nvme1n1 RS   1662863872 131072    2.182
08:32:57.188 VLLM::W        1784367 nvme1n1 RS   1662864128 131072    2.227
08:32:57.188 VLLM::W        1784367 nvme1n1 RS   1662864384 131072    2.267
08:32:57.188 VLLM::W        1784367 nvme1n1 RS   1662864640 131072    2.295
08:32:57.188 VLLM::W        1784367 nvme1n1 RS   1662864896 131072    2.328
08:32:57.188 VLLM::W        1784367 nvme1n1 RS   1662865152 131072    2.350
08:32:57.188 VLLM::W        1784367 nvme1n1 RS   1662865408 131072    2.431
08:32:57.188 VLLM::W        1784367 nvme1n1 RS   1662865664 131072    2.437
08:32:57.188 VLLM::W        1784369 nvme1n1 RS   1663033344 131072    1.849
08:32:57.188 VLLM::W        1784369 nvme1n1 RS   1663033600 131072    1.858
08:32:57.188 VLLM::W        1784369 nvme1n1 RS   1663033856 131072    1.893
08:32:57.188 VLLM::W        1784369 nvme1n1 RS   1663034624 131072    1.982
08:32:57.188 VLLM::W        1784369 nvme1n1 RS   1663034112 131072    2.012
08:32:57.188 VLLM::W        1784369 nvme1n1 RS   1663034368 131072    2.039
08:32:57.188 VLLM::W        1784369 nvme1n1 RS   1663034880 131072    2.066
08:32:57.188 VLLM::W        1784369 nvme1n1 RS   1663035648 131072    2.100
08:32:57.188 VLLM::W        1784369 nvme1n1 RS   1663035904 131072    2.140
08:32:57.188 VLLM::W        1784369 nvme1n1 RS   1663035136 131072    2.163
08:32:57.188 VLLM::W        1784369 nvme1n1 RS   1663035392 131072    2.175
08:32:57.188 VLLM::W        1784369 nvme1n1 RS   1663036672 131072    2.250
08:32:57.188 VLLM::W        1784369 nvme1n1 RS   1663036160 131072    2.276
08:32:57.188 VLLM::W        1784369 nvme1n1 RS   1663036928 131072    2.295
08:32:57.188 VLLM::W        1784369 nvme1n1 RS   1663036416 131072    2.322
08:32:57.189 VLLM::W        1784369 nvme1n1 RS   1663037696 131072    2.371
08:32:57.189 VLLM::W        1784369 nvme1n1 RS   1663037184 131072    2.479
08:32:57.189 VLLM::W        1784366 nvme1n1 RS   1662755072 131072    1.969
08:32:57.189 VLLM::W        1784369 nvme1n1 RS   1663037440 131072    2.517
08:32:57.189 VLLM::W        1784366 nvme1n1 RS   1662755328 131072    1.997
08:32:57.189 VLLM::W        1784366 nvme1n1 RS   1662756096 131072    2.059
08:32:57.189 VLLM::W        1784366 nvme1n1 RS   1662754816 131072    2.097
08:32:57.189 VLLM::W        1784366 nvme1n1 RS   1662756352 131072    2.088
08:32:57.189 VLLM::W        1784366 nvme1n1 RS   1662755584 131072    2.162
08:32:57.189 VLLM::W        1784366 nvme1n1 RS   1662755840 131072    2.189
08:32:57.189 VLLM::W        1784366 nvme1n1 RS   1662757120 131072    2.190
08:32:57.189 VLLM::W        1784366 nvme1n1 RS   1662756608 131072    2.209
08:32:57.189 VLLM::W        1784366 nvme1n1 RS   1662756864 131072    2.222
08:32:57.189 VLLM::W        1784366 nvme1n1 RS   1662757376 131072    2.231
08:32:57.189 VLLM::W        1784366 nvme1n1 RS   1662757632 131072    2.297
08:32:57.189 VLLM::W        1784366 nvme1n1 RS   1662757888 131072    2.311
08:32:57.189 VLLM::W        1784366 nvme1n1 RS   1662758144 131072    2.325
08:32:57.189 VLLM::W        1784366 nvme1n1 RS   1662758400 131072    2.393
08:32:57.189 VLLM::W        1784366 nvme1n1 RS   1662758656 131072    2.430
08:32:57.189 VLLM::W        1784366 nvme1n1 RS   1662758912 131072    2.442
08:32:57.189 VLLM::W        1784366 nvme1n1 RS   1662759168 131072    2.454
08:32:57.189 VLLM::W        1784368 nvme1n1 RS   1662894080 131072    1.925
08:32:57.189 VLLM::W        1784368 nvme1n1 RS   1662894336 131072    1.927
08:32:57.189 VLLM::W        1784368 nvme1n1 RS   1662894592 131072    1.925
08:32:57.189 VLLM::W        1784368 nvme1n1 RS   1662895360 131072    2.023
08:32:57.190 VLLM::W        1784368 nvme1n1 RS   1662894848 131072    2.058
08:32:57.190 VLLM::W        1784368 nvme1n1 RS   1662895104 131072    2.068
08:32:57.190 VLLM::W        1784368 nvme1n1 RS   1662895616 131072    2.073
08:32:57.190 VLLM::W        1784368 nvme1n1 RS   1662896384 131072    2.115
08:32:57.190 VLLM::W        1784368 nvme1n1 RS   1662896640 131072    2.153
08:32:57.190 VLLM::W        1784368 nvme1n1 RS   1662895872 131072    2.180
08:32:57.190 VLLM::W        1784368 nvme1n1 RS   1662896128 131072    2.191
08:32:57.190 VLLM::W        1784368 nvme1n1 RS   1662896896 131072    2.239
08:32:57.190 VLLM::W        1784368 nvme1n1 RS   1662897152 131072    2.262
08:32:57.190 VLLM::W        1784368 nvme1n1 RS   1662897408 131072    2.274
08:32:57.190 VLLM::W        1784368 nvme1n1 RS   1662897664 131072    2.299
08:32:57.190 VLLM::W        1784368 nvme1n1 RS   1662897920 131072    2.303
08:32:57.190 VLLM::W        1784368 nvme1n1 RS   1662898432 131072    2.376
08:32:57.190 VLLM::W        1784368 nvme1n1 RS   1662898176 131072    2.392
08:32:57.190 VLLM::W        1784367 nvme1n1 RS   1662885888 131072    1.922
08:32:57.190 VLLM::W        1784367 nvme1n1 RS   1662886144 131072    1.923
08:32:57.190 VLLM::W        1784367 nvme1n1 RS   1662886400 131072    1.921
08:32:57.190 VLLM::W        1784367 nvme1n1 RS   1662886912 131072    1.955
08:32:57.190 VLLM::W        1784367 nvme1n1 RS   1662886656 131072    2.002
08:32:57.190 VLLM::W        1784367 nvme1n1 RS   1662887168 131072    2.024
08:32:57.190 VLLM::W        1784367 nvme1n1 RS   1662887424 131072    2.052
08:32:57.190 VLLM::W        1784367 nvme1n1 RS   1662887680 131072    2.077
08:32:57.190 VLLM::W        1784367 nvme1n1 RS   1662888192 131072    2.122
08:32:57.190 VLLM::W        1784367 nvme1n1 RS   1662887936 131072    2.133
08:32:57.190 VLLM::W        1784367 nvme1n1 RS   1662888448 131072    2.162
08:32:57.190 VLLM::W        1784367 nvme1n1 RS   1662888960 131072    2.234
08:32:57.190 VLLM::W        1784367 nvme1n1 RS   1662888704 131072    2.249
08:32:57.190 VLLM::W        1784367 nvme1n1 RS   1662889472 131072    2.297
08:32:57.190 VLLM::W        1784367 nvme1n1 RS   1662889216 131072    2.307
08:32:57.191 VLLM::W        1784367 nvme1n1 RS   1662889728 131072    2.326
08:32:57.191 VLLM::W        1784367 nvme1n1 RS   1662889984 131072    2.363
08:32:57.191 VLLM::W        1784367 nvme1n1 RS   1662890240 131072    2.375
08:32:57.191 VLLM::W        1784369 nvme1n1 RS   1662976256 131072    1.802
08:32:57.191 VLLM::W        1784369 nvme1n1 RS   1662976000 131072    1.828
08:32:57.191 VLLM::W        1784369 nvme1n1 RS   1662976512 131072    1.835
08:32:57.191 VLLM::W        1784369 nvme1n1 RS   1662976768 131072    1.869
08:32:57.191 VLLM::W        1784369 nvme1n1 RS   1662977024 131072    1.896
08:32:57.191 VLLM::W        1784369 nvme1n1 RS   1662977280 131072    1.945
08:32:57.191 VLLM::W        1784369 nvme1n1 RS   1662977536 131072    2.000
08:32:57.191 VLLM::W        1784369 nvme1n1 RS   1662977792 131072    1.990
08:32:57.191 VLLM::W        1784369 nvme1n1 RS   1662978048 131072    2.019
08:32:57.191 VLLM::W        1784369 nvme1n1 RS   1662978304 131072    2.055
08:32:57.191 VLLM::W        1784369 nvme1n1 RS   1662978560 131072    2.106
08:32:57.191 VLLM::W        1784369 nvme1n1 RS   1662978816 131072    2.118
08:32:57.191 VLLM::W        1784369 nvme1n1 RS   1662979072 131072    2.169
08:32:57.191 VLLM::W        1784369 nvme1n1 RS   1662979584 131072    2.242
08:32:57.191 VLLM::W        1784369 nvme1n1 RS   1662979328 131072    2.264
08:32:57.191 VLLM::W        1784369 nvme1n1 RS   1662979840 131072    2.262
08:32:57.191 VLLM::W        1784369 nvme1n1 RS   1662980096 131072    2.306
08:32:57.191 VLLM::W        1784369 nvme1n1 RS   1662980352 131072    2.320
08:32:57.191 VLLM::W        1784366 nvme1n1 RS   1662844928 131072    1.892
08:32:57.191 VLLM::W        1784366 nvme1n1 RS   1662845184 131072    1.910
08:32:57.191 VLLM::W        1784366 nvme1n1 RS   1662845440 131072    1.927
08:32:57.191 VLLM::W        1784366 nvme1n1 RS   1662845696 131072    1.938
08:32:57.191 VLLM::W        1784366 nvme1n1 RS   1662845952 131072    1.987
08:32:57.191 VLLM::W        1784366 nvme1n1 RS   1662846208 131072    2.043
08:32:57.192 VLLM::W        1784366 nvme1n1 RS   1662846464 131072    2.072
08:32:57.192 VLLM::W        1784366 nvme1n1 RS   1662846720 131072    2.060
08:32:57.192 VLLM::W        1784366 nvme1n1 RS   1662846976 131072    2.094
08:32:57.192 VLLM::W        1784366 nvme1n1 RS   1662847232 131072    2.125
08:32:57.192 VLLM::W        1784366 nvme1n1 RS   1662847488 131072    2.160
08:32:57.192 VLLM::W        1784366 nvme1n1 RS   1662847744 131072    2.192
08:32:57.192 VLLM::W        1784366 nvme1n1 RS   1662848000 131072    2.230
08:32:57.192 VLLM::W        1784366 nvme1n1 RS   1662848256 131072    2.261
08:32:57.192 VLLM::W        1784366 nvme1n1 RS   1662848512 131072    2.303
08:32:57.192 VLLM::W        1784366 nvme1n1 RS   1662848768 131072    2.324
08:32:57.192 VLLM::W        1784366 nvme1n1 RS   1662849024 131072    2.360
08:32:57.192 VLLM::W        1784366 nvme1n1 RS   1662849280 131072    2.391
08:32:57.192 VLLM::W        1784368 nvme1n1 RS   1662984448 131072    1.884
08:32:57.192 VLLM::W        1784368 nvme1n1 RS   1662984192 131072    1.905
08:32:57.192 VLLM::W        1784368 nvme1n1 RS   1662984704 131072    1.919
08:32:57.192 VLLM::W        1784368 nvme1n1 RS   1662984960 131072    1.931
08:32:57.192 VLLM::W        1784368 nvme1n1 RS   1662985216 131072    1.964
08:32:57.192 VLLM::W        1784368 nvme1n1 RS   1662985472 131072    2.006
08:32:57.192 VLLM::W        1784368 nvme1n1 RS   1662985728 131072    2.062
08:32:57.192 VLLM::W        1784368 nvme1n1 RS   1662985984 131072    2.072
08:32:57.192 VLLM::W        1784368 nvme1n1 RS   1662986240 131072    2.083
08:32:57.192 VLLM::W        1784368 nvme1n1 RS   1662986496 131072    2.129
08:32:57.192 VLLM::W        1784368 nvme1n1 RS   1662986752 131072    2.168
08:32:57.192 VLLM::W        1784368 nvme1n1 RS   1662987008 131072    2.180
08:32:57.192 VLLM::W        1784368 nvme1n1 RS   1662987264 131072    2.231
08:32:57.192 VLLM::W        1784368 nvme1n1 RS   1662987520 131072    2.263
08:32:57.192 VLLM::W        1784368 nvme1n1 RS   1662987776 131072    2.299
08:32:57.192 VLLM::W        1784368 nvme1n1 RS   1662988032 131072    2.320
08:32:57.193 VLLM::W        1784368 nvme1n1 RS   1662988288 131072    2.397
08:32:57.193 VLLM::W        1784368 nvme1n1 RS   1662988544 131072    2.404
08:32:57.193 VLLM::W        1784367 nvme1n1 RS   1662853120 131072    1.945
08:32:57.193 VLLM::W        1784367 nvme1n1 RS   1662853376 131072    1.947
08:32:57.193 VLLM::W        1784367 nvme1n1 RS   1662853632 131072    1.945
08:32:57.193 VLLM::W        1784367 nvme1n1 RS   1662853888 131072    1.966
08:32:57.193 VLLM::W        1784367 nvme1n1 RS   1662854144 131072    2.020
08:32:57.193 VLLM::W        1784367 nvme1n1 RS   1662854400 131072    2.059
08:32:57.193 VLLM::W        1784367 nvme1n1 RS   1662854656 131072    2.070
08:32:57.193 VLLM::W        1784367 nvme1n1 RS   1662854912 131072    2.076
08:32:57.193 VLLM::W        1784367 nvme1n1 RS   1662855168 131072    2.106
08:32:57.193 VLLM::W        1784367 nvme1n1 RS   1662855424 131072    2.134
08:32:57.193 VLLM::W        1784367 nvme1n1 RS   1662855680 131072    2.180
08:32:57.193 VLLM::W        1784367 nvme1n1 RS   1662855936 131072    2.210
08:32:57.193 VLLM::W        1784367 nvme1n1 RS   1662856192 131072    2.243
08:32:57.193 VLLM::W        1784367 nvme1n1 RS   1662856448 131072    2.271
08:32:57.193 VLLM::W        1784367 nvme1n1 RS   1662856704 131072    2.306
08:32:57.193 VLLM::W        1784367 nvme1n1 RS   1662856960 131072    2.336
08:32:57.193 VLLM::W        1784367 nvme1n1 RS   1662857216 131072    2.411
08:32:57.193 VLLM::W        1784367 nvme1n1 RS   1662857472 131072    2.423
08:32:57.193 VLLM::W        1784369 nvme1n1 RS   1662992384 131072    1.926
08:32:57.193 VLLM::W        1784369 nvme1n1 RS   1662992640 131072    1.945
08:32:57.193 VLLM::W        1784369 nvme1n1 RS   1662992896 131072    1.955
08:32:57.193 VLLM::W        1784369 nvme1n1 RS   1662993152 131072    1.983
08:32:57.193 VLLM::W        1784369 nvme1n1 RS   1662993408 131072    2.016
08:32:57.193 VLLM::W        1784369 nvme1n1 RS   1662993664 131072    2.083
08:32:57.194 VLLM::W        1784369 nvme1n1 RS   1662993920 131072    2.123
08:32:57.194 VLLM::W        1784369 nvme1n1 RS   1662994176 131072    2.128
08:32:57.194 VLLM::W        1784369 nvme1n1 RS   1662994432 131072    2.149
08:32:57.194 VLLM::W        1784369 nvme1n1 RS   1662994688 131072    2.161
08:32:57.194 VLLM::W        1784369 nvme1n1 RS   1662994944 131072    2.213
08:32:57.194 VLLM::W        1784369 nvme1n1 RS   1662995200 131072    2.254
08:32:57.194 VLLM::W        1784369 nvme1n1 RS   1662995456 131072    2.282
08:32:57.194 VLLM::W        1784369 nvme1n1 RS   1662995712 131072    2.313
08:32:57.194 VLLM::W        1784369 nvme1n1 RS   1662995968 131072    2.339
08:32:57.194 VLLM::W        1784369 nvme1n1 RS   1662996224 131072    2.367
08:32:57.194 VLLM::W        1784369 nvme1n1 RS   1662996480 131072    2.407
08:32:57.194 VLLM::W        1784369 nvme1n1 RS   1662996736 131072    2.446
08:32:57.194 VLLM::W        1784366 nvme1n1 RS   1663000576 131072    1.858
08:32:57.194 VLLM::W        1784366 nvme1n1 RS   1663000832 131072    1.882
08:32:57.194 VLLM::W        1784366 nvme1n1 RS   1663001088 131072    1.919
08:32:57.194 VLLM::W        1784366 nvme1n1 RS   1663001344 131072    1.951
08:32:57.194 VLLM::W        1784366 nvme1n1 RS   1663001600 131072    2.013
08:32:57.194 VLLM::W        1784366 nvme1n1 RS   1663001856 131072    2.052
08:32:57.194 VLLM::W        1784366 nvme1n1 RS   1663002112 131072    2.072
08:32:57.194 VLLM::W        1784366 nvme1n1 RS   1663002368 131072    2.055
08:32:57.194 VLLM::W        1784366 nvme1n1 RS   1663002624 131072    2.084
08:32:57.194 VLLM::W        1784366 nvme1n1 RS   1663002880 131072    2.118
08:32:57.194 VLLM::W        1784366 nvme1n1 RS   1663003136 131072    2.163
08:32:57.194 VLLM::W        1784366 nvme1n1 RS   1663003392 131072    2.193
08:32:57.194 VLLM::W        1784366 nvme1n1 RS   1663003648 131072    2.228
08:32:57.194 VLLM::W        1784366 nvme1n1 RS   1663003904 131072    2.262
08:32:57.194 VLLM::W        1784366 nvme1n1 RS   1663004160 131072    2.312
08:32:57.194 VLLM::W        1784366 nvme1n1 RS   1663004416 131072    2.316
08:32:57.195 VLLM::W        1784366 nvme1n1 RS   1663004928 131072    2.398
08:32:57.195 VLLM::W        1784366 nvme1n1 RS   1663004672 131072    2.413
08:32:57.195 VLLM::W        1784368 nvme1n1 RS   1566527488 131072    2.006
08:32:57.195 VLLM::W        1784368 nvme1n1 RS   1566527744 131072    2.007
08:32:57.195 VLLM::W        1784368 nvme1n1 RS   1566528000 131072    2.005
08:32:57.195 VLLM::W        1784368 nvme1n1 RS   1566528256 131072    2.003
08:32:57.195 VLLM::W        1784368 nvme1n1 RS   1566528512 131072    2.040
08:32:57.195 VLLM::W        1784368 nvme1n1 RS   1566528768 131072    2.053
08:32:57.195 VLLM::W        1784368 nvme1n1 RS   1566529024 131072    2.111
08:32:57.195 VLLM::W        1784368 nvme1n1 RS   1566529280 131072    2.102
08:32:57.195 VLLM::W        1784368 nvme1n1 RS   1566529536 131072    2.129
08:32:57.195 VLLM::W        1784368 nvme1n1 RS   1566529792 131072    2.163
08:32:57.195 VLLM::W        1784368 nvme1n1 RS   1566530048 131072    2.193
08:32:57.195 VLLM::W        1784368 nvme1n1 RS   1566530304 131072    2.223
08:32:57.195 VLLM::W        1784368 nvme1n1 RS   1566530560 131072    2.302
08:32:57.195 VLLM::W        1784368 nvme1n1 RS   1566530816 131072    2.322
08:32:57.195 VLLM::W        1784368 nvme1n1 RS   1566531072 131072    2.334
08:32:57.195 VLLM::W        1784368 nvme1n1 RS   1566531328 131072    2.361
08:32:57.195 VLLM::W        1784368 nvme1n1 RS   1566531584 131072    2.400
08:32:57.195 VLLM::W        1784368 nvme1n1 RS   1566531840 131072    2.440
08:32:57.195 VLLM::W        1784367 nvme1n1 RS   1662795776 131072    1.878
08:32:57.195 VLLM::W        1784367 nvme1n1 RS   1662796032 131072    1.879
08:32:57.195 VLLM::W        1784367 nvme1n1 RS   1662796288 131072    1.914
08:32:57.195 VLLM::W        1784367 nvme1n1 RS   1662796544 131072    1.940
08:32:57.195 VLLM::W        1784367 nvme1n1 RS   1662796800 131072    2.002
08:32:57.195 VLLM::W        1784367 nvme1n1 RS   1662797056 131072    2.044
08:32:57.196 VLLM::W        1784367 nvme1n1 RS   1662797312 131072    2.086
08:32:57.196 VLLM::W        1784367 nvme1n1 RS   1662797568 131072    2.069
08:32:57.196 VLLM::W        1784367 nvme1n1 RS   1662797824 131072    2.107
08:32:57.196 VLLM::W        1784367 nvme1n1 RS   1662798080 131072    2.153
08:32:57.196 VLLM::W        1784367 nvme1n1 RS   1662798336 131072    2.181
08:32:57.196 VLLM::W        1784367 nvme1n1 RS   1662798592 131072    2.208
08:32:57.196 VLLM::W        1784367 nvme1n1 RS   1662798848 131072    2.248
08:32:57.196 VLLM::W        1784367 nvme1n1 RS   1662799104 131072    2.277
08:32:57.196 VLLM::W        1784367 nvme1n1 RS   1662799360 131072    2.306
08:32:57.196 VLLM::W        1784367 nvme1n1 RS   1662799872 131072    2.378
08:32:57.196 VLLM::W        1784367 nvme1n1 RS   1662799616 131072    2.400
08:32:57.196 VLLM::W        1784367 nvme1n1 RS   1662800128 131072    2.410
08:32:57.196 VLLM::W        1784369 nvme1n1 RS   1662828544 131072    1.919
08:32:57.196 VLLM::W        1784369 nvme1n1 RS   1662829056 131072    1.969
08:32:57.196 VLLM::W        1784369 nvme1n1 RS   1662828800 131072    1.995
08:32:57.196 VLLM::W        1784369 nvme1n1 RS   1662829312 131072    2.004
08:32:57.196 VLLM::W        1784369 nvme1n1 RS   1662829568 131072    2.034
08:32:57.196 VLLM::W        1784369 nvme1n1 RS   1662829824 131072    2.094
08:32:57.196 VLLM::W        1784369 nvme1n1 RS   1662830080 131072    2.114
08:32:57.196 VLLM::W        1784369 nvme1n1 RS   1662830336 131072    2.147
08:32:57.196 VLLM::W        1784369 nvme1n1 RS   1662830592 131072    2.157
08:32:57.196 VLLM::W        1784369 nvme1n1 RS   1662830848 131072    2.182
08:32:57.196 VLLM::W        1784369 nvme1n1 RS   1662831104 131072    2.234
08:32:57.196 VLLM::W        1784369 nvme1n1 RS   1662831360 131072    2.263
08:32:57.196 VLLM::W        1784369 nvme1n1 RS   1662831616 131072    2.292
08:32:57.196 VLLM::W        1784369 nvme1n1 RS   1662831872 131072    2.329
08:32:57.196 VLLM::W        1784369 nvme1n1 RS   1662832128 131072    2.368
08:32:57.197 VLLM::W        1784369 nvme1n1 RS   1662832384 131072    2.383
08:32:57.197 VLLM::W        1784369 nvme1n1 RS   1662832640 131072    2.458
08:32:57.197 VLLM::W        1784369 nvme1n1 RS   1662832896 131072    2.465
08:32:57.197 VLLM::W        1784366 nvme1n1 RS   1662779648 131072    1.915
08:32:57.197 VLLM::W        1784366 nvme1n1 RS   1662779392 131072    1.935
08:32:57.197 VLLM::W        1784366 nvme1n1 RS   1662779904 131072    1.941
08:32:57.197 VLLM::W        1784366 nvme1n1 RS   1662780160 131072    1.970
08:32:57.197 VLLM::W        1784366 nvme1n1 RS   1662780416 131072    2.021
08:32:57.197 VLLM::W        1784366 nvme1n1 RS   1662780672 131072    2.086
08:32:57.197 VLLM::W        1784366 nvme1n1 RS   1662780928 131072    2.090
08:32:57.197 VLLM::W        1784366 nvme1n1 RS   1662781184 131072    2.080
08:32:57.197 VLLM::W        1784366 nvme1n1 RS   1662781440 131072    2.105
08:32:57.197 VLLM::W        1784366 nvme1n1 RS   1662781696 131072    2.142
08:32:57.197 VLLM::W        1784366 nvme1n1 RS   1662781952 131072    2.176
08:32:57.197 VLLM::W        1784366 nvme1n1 RS   1662782208 131072    2.215
08:32:57.197 VLLM::W        1784366 nvme1n1 RS   1662782976 131072    2.318
08:32:57.197 VLLM::W        1784366 nvme1n1 RS   1662782720 131072    2.341
08:32:57.197 VLLM::W        1784366 nvme1n1 RS   1662782464 131072    2.365
08:32:57.197 VLLM::W        1784366 nvme1n1 RS   1662783232 131072    2.358
08:32:57.197 VLLM::W        1784366 nvme1n1 RS   1662783744 131072    2.406
08:32:57.197 VLLM::W        1784366 nvme1n1 RS   1662783488 131072    2.510
08:32:57.197 VLLM::W        1784368 nvme1n1 RS   1663045888 131072    1.915
08:32:57.197 VLLM::W        1784368 nvme1n1 RS   1663045632 131072    1.923
08:32:57.197 VLLM::W        1784368 nvme1n1 RS   1663046144 131072    1.958
08:32:57.197 VLLM::W        1784368 nvme1n1 RS   1663046400 131072    2.029
08:32:57.197 VLLM::W        1784368 nvme1n1 RS   1663046656 131072    2.040
08:32:57.198 VLLM::W        1784368 nvme1n1 RS   1663046912 131072    2.113
08:32:57.198 VLLM::W        1784368 nvme1n1 RS   1663047168 131072    2.126
08:32:57.198 VLLM::W        1784368 nvme1n1 RS   1663047424 131072    2.166
08:32:57.198 VLLM::W        1784368 nvme1n1 RS   1663047680 131072    2.177
08:32:57.198 VLLM::W        1784368 nvme1n1 RS   1663047936 131072    2.218
08:32:57.198 VLLM::W        1784368 nvme1n1 RS   1663048448 131072    2.229
08:32:57.198 VLLM::W        1784368 nvme1n1 RS   1663048192 131072    2.263
08:32:57.198 VLLM::W        1784368 nvme1n1 RS   1663048704 131072    2.267
08:32:57.198 VLLM::W        1784368 nvme1n1 RS   1663049472 131072    2.342
08:32:57.198 VLLM::W        1784368 nvme1n1 RS   1663048960 131072    2.374
08:32:57.198 VLLM::W        1784368 nvme1n1 RS   1663049216 131072    2.392
08:32:57.198 VLLM::W        1784368 nvme1n1 RS   1663049728 131072    2.402
08:32:57.198 VLLM::W        1784368 nvme1n1 RS   1663049984 131072    2.409
08:32:57.198 VLLM::W        1784367 nvme1n1 RS   1662803968 131072    1.880
08:32:57.198 VLLM::W        1784367 nvme1n1 RS   1662804224 131072    1.882
08:32:57.198 VLLM::W        1784367 nvme1n1 RS   1662804480 131072    1.912
08:32:57.198 VLLM::W        1784367 nvme1n1 RS   1662804736 131072    1.931
08:32:57.198 VLLM::W        1784367 nvme1n1 RS   1662804992 131072    1.959
08:32:57.198 VLLM::W        1784367 nvme1n1 RS   1662805248 131072    2.025
08:32:57.198 VLLM::W        1784367 nvme1n1 RS   1662805504 131072    2.072
08:32:57.198 VLLM::W        1784367 nvme1n1 RS   1662805760 131072    2.076
08:32:57.198 VLLM::W        1784367 nvme1n1 RS   1662806016 131072    2.087
08:32:57.198 VLLM::W        1784367 nvme1n1 RS   1662806272 131072    2.113
08:32:57.198 VLLM::W        1784367 nvme1n1 RS   1662806528 131072    2.147
08:32:57.198 VLLM::W        1784367 nvme1n1 RS   1662806784 131072    2.183
08:32:57.198 VLLM::W        1784367 nvme1n1 RS   1662807296 131072    2.269
08:32:57.198 VLLM::W        1784367 nvme1n1 RS   1662807040 131072    2.297
08:32:57.198 VLLM::W        1784367 nvme1n1 RS   1662807552 131072    2.314
08:32:57.199 VLLM::W        1784367 nvme1n1 RS   1662807808 131072    2.326
08:32:57.199 VLLM::W        1784367 nvme1n1 RS   1662808064 131072    2.351
08:32:57.199 VLLM::W        1784367 nvme1n1 RS   1662808320 131072    2.384
08:32:57.199 VLLM::W        1784369 nvme1n1 RS   1662836736 131072    1.950
08:32:57.199 VLLM::W        1784369 nvme1n1 RS   1662836992 131072    1.970
08:32:57.199 VLLM::W        1784369 nvme1n1 RS   1662837248 131072    1.986
08:32:57.199 VLLM::W        1784369 nvme1n1 RS   1662837504 131072    1.996
08:32:57.199 VLLM::W        1784369 nvme1n1 RS   1662838272 131072    2.153
08:32:57.199 VLLM::W        1784369 nvme1n1 RS   1662837760 131072    2.168
08:32:57.199 VLLM::W        1784369 nvme1n1 RS   1662838528 131072    2.149
08:32:57.199 VLLM::W        1784369 nvme1n1 RS   1662838016 131072    2.191
08:32:57.199 VLLM::W        1784369 nvme1n1 RS   1662838784 131072    2.187
08:32:57.199 VLLM::W        1784369 nvme1n1 RS   1662839040 131072    2.207
08:32:57.199 VLLM::W        1784369 nvme1n1 RS   1662839296 131072    2.218
08:32:57.199 VLLM::W        1784369 nvme1n1 RS   1662839552 131072    2.251
08:32:57.199 VLLM::W        1784369 nvme1n1 RS   1662839808 131072    2.287
08:32:57.199 VLLM::W        1784369 nvme1n1 RS   1662840064 131072    2.317
08:32:57.199 VLLM::W        1784369 nvme1n1 RS   1662840320 131072    2.355
08:32:57.199 VLLM::W        1784369 nvme1n1 RS   1662840576 131072    2.384
08:32:57.199 VLLM::W        1784369 nvme1n1 RS   1662840832 131072    2.444
08:32:57.199 VLLM::W        1784369 nvme1n1 RS   1662841088 131072    2.452
08:32:57.199 VLLM::W        1784366 nvme1n1 RS   1662787584 131072    1.818
08:32:57.199 VLLM::W        1784366 nvme1n1 RS   1662787840 131072    1.822
08:32:57.199 VLLM::W        1784366 nvme1n1 RS   1662788096 131072    1.903
08:32:57.199 VLLM::W        1784366 nvme1n1 RS   1662788352 131072    1.942
08:32:57.199 VLLM::W        1784366 nvme1n1 RS   1662788608 131072    1.940
08:32:57.199 VLLM::W        1784366 nvme1n1 RS   1662788864 131072    1.958
08:32:57.200 VLLM::W        1784366 nvme1n1 RS   1662789120 131072    2.036
08:32:57.200 VLLM::W        1784366 nvme1n1 RS   1662789376 131072    2.030
08:32:57.200 VLLM::W        1784366 nvme1n1 RS   1662789632 131072    2.047
08:32:57.200 VLLM::W        1784366 nvme1n1 RS   1662789888 131072    2.059
08:32:57.200 VLLM::W        1784366 nvme1n1 RS   1662790144 131072    2.150
08:32:57.200 VLLM::W        1784366 nvme1n1 RS   1662790400 131072    2.167
08:32:57.200 VLLM::W        1784366 nvme1n1 RS   1662790656 131072    2.183
08:32:57.200 VLLM::W        1784366 nvme1n1 RS   1662790912 131072    2.187
08:32:57.200 VLLM::W        1784366 nvme1n1 RS   1662791168 131072    2.268
08:32:57.200 VLLM::W        1784366 nvme1n1 RS   1662791424 131072    2.263
08:32:57.200 VLLM::W        1784366 nvme1n1 RS   1662791680 131072    2.314
08:32:57.200 VLLM::W        1784366 nvme1n1 RS   1662791936 131072    2.326
08:32:57.200 VLLM::W        1784368 nvme1n1 RS   1662820352 131072    1.891
08:32:57.200 VLLM::W        1784368 nvme1n1 RS   1662820608 131072    1.910
08:32:57.200 VLLM::W        1784368 nvme1n1 RS   1662820864 131072    1.915
08:32:57.200 VLLM::W        1784368 nvme1n1 RS   1662821120 131072    1.946
08:32:57.200 VLLM::W        1784368 nvme1n1 RS   1662821376 131072    1.982
08:32:57.200 VLLM::W        1784368 nvme1n1 RS   1662821632 131072    2.043
08:32:57.200 VLLM::W        1784368 nvme1n1 RS   1662821888 131072    2.064
08:32:57.200 VLLM::W        1784368 nvme1n1 RS   1662822144 131072    2.075
08:32:57.200 VLLM::W        1784368 nvme1n1 RS   1662822400 131072    2.087
08:32:57.200 VLLM::W        1784368 nvme1n1 RS   1662822656 131072    2.128
08:32:57.200 VLLM::W        1784368 nvme1n1 RS   1662822912 131072    2.164
08:32:57.200 VLLM::W        1784368 nvme1n1 RS   1662823168 131072    2.215
08:32:57.200 VLLM::W        1784368 nvme1n1 RS   1662823680 131072    2.265
08:32:57.200 VLLM::W        1784368 nvme1n1 RS   1662823424 131072    2.289
08:32:57.200 VLLM::W        1784368 nvme1n1 RS   1662823936 131072    2.298
08:32:57.201 VLLM::W        1784368 nvme1n1 RS   1662824192 131072    2.402
08:32:57.201 VLLM::W        1784368 nvme1n1 RS   1662824704 131072    2.419
08:32:57.201 VLLM::W        1784368 nvme1n1 RS   1662824448 131072    2.429
08:32:57.201 VLLM::W        1784367 nvme1n1 RS   1662812160 131072    1.979
08:32:57.201 VLLM::W        1784367 nvme1n1 RS   1662812672 131072    1.978
08:32:57.201 VLLM::W        1784367 nvme1n1 RS   1662812416 131072    1.982
08:32:57.201 VLLM::W        1784367 nvme1n1 RS   1662813184 131072    2.010
08:32:57.201 VLLM::W        1784367 nvme1n1 RS   1662812928 131072    2.039
08:32:57.201 VLLM::W        1784367 nvme1n1 RS   1662813440 131072    2.115
08:32:57.201 VLLM::W        1784367 nvme1n1 RS   1662813952 131072    2.109
08:32:57.201 VLLM::W        1784367 nvme1n1 RS   1662813696 131072    2.154
08:32:57.201 VLLM::W        1784367 nvme1n1 RS   1662814208 131072    2.141
08:32:57.201 VLLM::W        1784367 nvme1n1 RS   1662814464 131072    2.188
08:32:57.201 VLLM::W        1784367 nvme1n1 RS   1662814976 131072    2.224
08:32:57.201 VLLM::W        1784367 nvme1n1 RS   1662814720 131072    2.246
08:32:57.201 VLLM::W        1784367 nvme1n1 RS   1662815232 131072    2.256
08:32:57.201 VLLM::W        1784367 nvme1n1 RS   1662815488 131072    2.328
08:32:57.201 VLLM::W        1784367 nvme1n1 RS   1662815744 131072    2.367
08:32:57.201 VLLM::W        1784367 nvme1n1 RS   1662816000 131072    2.411
08:32:57.201 VLLM::W        1784367 nvme1n1 RS   1662816256 131072    2.430
08:32:57.201 VLLM::W        1784367 nvme1n1 RS   1662816512 131072    2.441
08:32:57.201 VLLM::W        1784369 nvme1n1 RS   1566535680 131072    1.926
08:32:57.201 VLLM::W        1784369 nvme1n1 RS   1566536448 131072    1.990
08:32:57.201 VLLM::W        1784369 nvme1n1 RS   1566535936 131072    2.015
08:32:57.201 VLLM::W        1784369 nvme1n1 RS   1566536192 131072    2.021
08:32:57.201 VLLM::W        1784369 nvme1n1 RS   1566536960 131072    2.084
08:32:57.202 VLLM::W        1784369 nvme1n1 RS   1566536704 131072    2.119
08:32:57.202 VLLM::W        1784369 nvme1n1 RS   1566537216 131072    2.142
08:32:57.202 VLLM::W        1784369 nvme1n1 RS   1566537984 131072    2.186
08:32:57.202 VLLM::W        1784369 nvme1n1 RS   1566537472 131072    2.216
08:32:57.202 VLLM::W        1784369 nvme1n1 RS   1566537728 131072    2.234
08:32:57.202 VLLM::W        1784369 nvme1n1 RS   1566538240 131072    2.239
08:32:57.202 VLLM::W        1784369 nvme1n1 RS   1566539008 131072    2.317
08:32:57.202 VLLM::W        1784369 nvme1n1 RS   1566539264 131072    2.357
08:32:57.202 VLLM::W        1784369 nvme1n1 RS   1566538496 131072    2.383
08:32:57.202 VLLM::W        1784369 nvme1n1 RS   1566538752 131072    2.394
08:32:57.202 VLLM::W        1784369 nvme1n1 RS   1566539520 131072    2.439
08:32:57.202 VLLM::W        1784369 nvme1n1 RS   1566539776 131072    2.457
08:32:57.202 VLLM::W        1784369 nvme1n1 RS   1566540032 131072    2.468
08:32:57.202 VLLM::W        1784366 nvme1n1 RS   1662910720 131072    1.864
08:32:57.202 VLLM::W        1784366 nvme1n1 RS   1662910976 131072    1.908
08:32:57.202 VLLM::W        1784366 nvme1n1 RS   1662910464 131072    1.928
08:32:57.202 VLLM::W        1784366 nvme1n1 RS   1662911232 131072    2.018
08:32:57.202 VLLM::W        1784366 nvme1n1 RS   1662911488 131072    2.058
08:32:57.202 VLLM::W        1784366 nvme1n1 RS   1662911744 131072    2.056
08:32:57.202 VLLM::W        1784366 nvme1n1 RS   1662912000 131072    2.077
08:32:57.202 VLLM::W        1784366 nvme1n1 RS   1662912256 131072    2.056
08:32:57.202 VLLM::W        1784366 nvme1n1 RS   1662912768 131072    2.135
08:32:57.202 VLLM::W        1784366 nvme1n1 RS   1662912512 131072    2.165
08:32:57.202 VLLM::W        1784366 nvme1n1 RS   1662913024 131072    2.167
08:32:57.202 VLLM::W        1784366 nvme1n1 RS   1662913280 131072    2.207
08:32:57.202 VLLM::W        1784366 nvme1n1 RS   1662913792 131072    2.264
08:32:57.202 VLLM::W        1784366 nvme1n1 RS   1662913536 131072    2.294
08:32:57.202 VLLM::W        1784366 nvme1n1 RS   1662914048 131072    2.294
08:32:57.203 VLLM::W        1784366 nvme1n1 RS   1662914304 131072    2.320
08:32:57.203 VLLM::W        1784366 nvme1n1 RS   1662914560 131072    2.353
08:32:57.203 VLLM::W        1784366 nvme1n1 RS   1662914816 131072    2.383
08:32:57.203 VLLM::W        1784368 nvme1n1 RS   1566543872 131072    1.970
08:32:57.203 VLLM::W        1784368 nvme1n1 RS   1566544128 131072    1.964
08:32:57.203 VLLM::W        1784368 nvme1n1 RS   1566544384 131072    1.963
08:32:57.203 VLLM::W        1784368 nvme1n1 RS   1566544640 131072    1.969
08:32:57.203 VLLM::W        1784368 nvme1n1 RS   1566544896 131072    2.033
08:32:57.203 VLLM::W        1784368 nvme1n1 RS   1566545152 131072    2.044
08:32:57.203 VLLM::W        1784368 nvme1n1 RS   1566545408 131072    2.092
08:32:57.203 VLLM::W        1784368 nvme1n1 RS   1566545920 131072    2.130
08:32:57.203 VLLM::W        1784368 nvme1n1 RS   1566545664 131072    2.158
08:32:57.203 VLLM::W        1784368 nvme1n1 RS   1566546176 131072    2.167
08:32:57.203 VLLM::W        1784368 nvme1n1 RS   1566546432 131072    2.205
08:32:57.203 VLLM::W        1784368 nvme1n1 RS   1566546688 131072    2.280
08:32:57.203 VLLM::W        1784368 nvme1n1 RS   1566547200 131072    2.289
08:32:57.203 VLLM::W        1784368 nvme1n1 RS   1566546944 131072    2.334
08:32:57.203 VLLM::W        1784368 nvme1n1 RS   1566547456 131072    2.339
08:32:57.203 VLLM::W        1784368 nvme1n1 RS   1566547968 131072    2.410
08:32:57.203 VLLM::W        1784368 nvme1n1 RS   1566547712 131072    2.431
08:32:57.203 VLLM::W        1784368 nvme1n1 RS   1566548224 131072    2.457
08:32:57.203 VLLM::W        1784367 nvme1n1 RS   1662918656 131072    1.841
08:32:57.203 VLLM::W        1784367 nvme1n1 RS   1662918912 131072    1.876
08:32:57.203 VLLM::W        1784367 nvme1n1 RS   1662919168 131072    1.896
08:32:57.203 VLLM::W        1784367 nvme1n1 RS   1662919424 131072    1.934
08:32:57.204 VLLM::W        1784367 nvme1n1 RS   1662919680 131072    2.036
08:32:57.204 VLLM::W        1784367 nvme1n1 RS   1662919936 131072    2.044
08:32:57.204 VLLM::W        1784367 nvme1n1 RS   1662920192 131072    2.079
08:32:57.204 VLLM::W        1784367 nvme1n1 RS   1662920448 131072    2.082
08:32:57.204 VLLM::W        1784367 nvme1n1 RS   1662920704 131072    2.153
08:32:57.204 VLLM::W        1784367 nvme1n1 RS   1662920960 131072    2.172
08:32:57.204 VLLM::W        1784367 nvme1n1 RS   1662921216 131072    2.191
08:32:57.204 VLLM::W        1784367 nvme1n1 RS   1662921472 131072    2.198
08:32:57.204 VLLM::W        1784367 nvme1n1 RS   1662922240 131072    2.305
08:32:57.204 VLLM::W        1784367 nvme1n1 RS   1662921984 131072    2.333
08:32:57.204 VLLM::W        1784367 nvme1n1 RS   1662921728 131072    2.344
08:32:57.204 VLLM::W        1784367 nvme1n1 RS   1662922496 131072    2.404
08:32:57.204 VLLM::W        1784367 nvme1n1 RS   1662922752 131072    2.418
08:32:57.204 VLLM::W        1784367 nvme1n1 RS   1662923008 131072    2.429
08:32:57.204 VLLM::W        1784369 nvme1n1 RS   1662926848 131072    1.929
08:32:57.204 VLLM::W        1784369 nvme1n1 RS   1662927104 131072    1.939
08:32:57.204 VLLM::W        1784369 nvme1n1 RS   1662927360 131072    1.979
08:32:57.204 VLLM::W        1784369 nvme1n1 RS   1662927616 131072    1.992
08:32:57.204 VLLM::W        1784369 nvme1n1 RS   1662927872 131072    2.045
08:32:57.204 VLLM::W        1784369 nvme1n1 RS   1662928128 131072    2.109
08:32:57.204 VLLM::W        1784369 nvme1n1 RS   1662928384 131072    2.152
08:32:57.204 VLLM::W        1784369 nvme1n1 RS   1662928640 131072    2.165
08:32:57.204 VLLM::W        1784369 nvme1n1 RS   1662928896 131072    2.178
08:32:57.204 VLLM::W        1784369 nvme1n1 RS   1662929152 131072    2.212
08:32:57.204 VLLM::W        1784369 nvme1n1 RS   1662929408 131072    2.243
08:32:57.204 VLLM::W        1784369 nvme1n1 RS   1662929664 131072    2.274
08:32:57.204 VLLM::W        1784369 nvme1n1 RS   1662929920 131072    2.312
08:32:57.204 VLLM::W        1784369 nvme1n1 RS   1662930176 131072    2.347
08:32:57.205 VLLM::W        1784369 nvme1n1 RS   1662930688 131072    2.427
08:32:57.205 VLLM::W        1784369 nvme1n1 RS   1662930432 131072    2.444
08:32:57.205 VLLM::W        1784369 nvme1n1 RS   1662930944 131072    2.481
08:32:57.205 VLLM::W        1784369 nvme1n1 RS   1662931200 131072    2.493
08:32:57.205 VLLM::W        1784366 nvme1n1 RS   1662935040 131072    1.946
08:32:57.205 VLLM::W        1784366 nvme1n1 RS   1662935296 131072    1.975
08:32:57.205 VLLM::W        1784366 nvme1n1 RS   1662935552 131072    2.003
08:32:57.205 VLLM::W        1784366 nvme1n1 RS   1662935808 131072    2.046
08:32:57.205 VLLM::W        1784366 nvme1n1 RS   1662936064 131072    2.115
08:32:57.205 VLLM::W        1784366 nvme1n1 RS   1662936320 131072    2.133
08:32:57.205 VLLM::W        1784366 nvme1n1 RS   1662936576 131072    2.146
08:32:57.205 VLLM::W        1784366 nvme1n1 RS   1662936832 131072    2.131
08:32:57.205 VLLM::W        1784366 nvme1n1 RS   1662937088 131072    2.171
08:32:57.205 VLLM::W        1784366 nvme1n1 RS   1662937344 131072    2.200
08:32:57.205 VLLM::W        1784366 nvme1n1 RS   1662938368 131072    2.331
08:32:57.205 VLLM::W        1784366 nvme1n1 RS   1662937600 131072    2.361
08:32:57.205 VLLM::W        1784366 nvme1n1 RS   1662938112 131072    2.370
08:32:57.205 VLLM::W        1784366 nvme1n1 RS   1662937856 131072    2.388
08:32:57.205 VLLM::W        1784366 nvme1n1 RS   1662939136 131072    2.415
08:32:57.205 VLLM::W        1784366 nvme1n1 RS   1662939392 131072    2.458
08:32:57.205 VLLM::W        1784366 nvme1n1 RS   1662938624 131072    2.498
08:32:57.205 VLLM::W        1784366 nvme1n1 RS   1662938880 131072    2.499
08:32:57.205 VLLM::W        1784368 nvme1n1 RS   1662967808 131072    1.927
08:32:57.205 VLLM::W        1784368 nvme1n1 RS   1662968064 131072    1.928
08:32:57.205 VLLM::W        1784368 nvme1n1 RS   1662968320 131072    1.997
08:32:57.205 VLLM::W        1784368 nvme1n1 RS   1662968576 131072    2.014
08:32:57.206 VLLM::W        1784368 nvme1n1 RS   1662968832 131072    2.029
08:32:57.206 VLLM::W        1784368 nvme1n1 RS   1662969088 131072    2.042
08:32:57.206 VLLM::W        1784368 nvme1n1 RS   1662969344 131072    2.158
08:32:57.206 VLLM::W        1784368 nvme1n1 RS   1662969600 131072    2.153
08:32:57.206 VLLM::W        1784368 nvme1n1 RS   1662969856 131072    2.164
08:32:57.206 VLLM::W        1784368 nvme1n1 RS   1662970112 131072    2.181
08:32:57.206 VLLM::W        1784368 nvme1n1 RS   1662970368 131072    2.192
08:32:57.206 VLLM::W        1784368 nvme1n1 RS   1662970624 131072    2.230
08:32:57.206 VLLM::W        1784368 nvme1n1 RS   1662970880 131072    2.259
08:32:57.206 VLLM::W        1784368 nvme1n1 RS   1662971136 131072    2.297
08:32:57.206 VLLM::W        1784368 nvme1n1 RS   1662971392 131072    2.341
08:32:57.206 VLLM::W        1784368 nvme1n1 RS   1662971648 131072    2.360
08:32:57.206 VLLM::W        1784368 nvme1n1 RS   1662971904 131072    2.392
08:32:57.206 VLLM::W        1784368 nvme1n1 RS   1662972160 131072    2.422
08:32:57.206 VLLM::W        1784367 nvme1n1 RS   1662959616 131072    1.910
08:32:57.206 VLLM::W        1784367 nvme1n1 RS   1662959872 131072    1.911
08:32:57.206 VLLM::W        1784367 nvme1n1 RS   1662960128 131072    1.925
08:32:57.206 VLLM::W        1784367 nvme1n1 RS   1662960384 131072    1.951
08:32:57.206 VLLM::W        1784367 nvme1n1 RS   1662960640 131072    1.989
08:32:57.206 VLLM::W        1784367 nvme1n1 RS   1662960896 131072    2.028
08:32:57.206 VLLM::W        1784367 nvme1n1 RS   1662961152 131072    2.083
08:32:57.206 VLLM::W        1784367 nvme1n1 RS   1662961408 131072    2.072
08:32:57.206 VLLM::W        1784367 nvme1n1 RS   1662961664 131072    2.098
08:32:57.206 VLLM::W        1784367 nvme1n1 RS   1662961920 131072    2.133
08:32:57.206 VLLM::W        1784367 nvme1n1 RS   1662962176 131072    2.177
08:32:57.206 VLLM::W        1784367 nvme1n1 RS   1662962432 131072    2.205
08:32:57.206 VLLM::W        1784367 nvme1n1 RS   1662962688 131072    2.240
08:32:57.206 VLLM::W        1784367 nvme1n1 RS   1662962944 131072    2.272
08:32:57.207 VLLM::W        1784367 nvme1n1 RS   1662963200 131072    2.315
08:32:57.207 VLLM::W        1784367 nvme1n1 RS   1662963456 131072    2.339
08:32:57.207 VLLM::W        1784367 nvme1n1 RS   1662963712 131072    2.394
08:32:57.207 VLLM::W        1784367 nvme1n1 RS   1662963968 131072    2.406
08:32:57.207 VLLM::W        1784369 nvme1n1 RS   1566560256 131072    1.945
08:32:57.207 VLLM::W        1784369 nvme1n1 RS   1566560512 131072    1.962
08:32:57.207 VLLM::W        1784369 nvme1n1 RS   1566560768 131072    1.968
08:32:57.207 VLLM::W        1784369 nvme1n1 RS   1566561024 131072    1.994
08:32:57.207 VLLM::W        1784369 nvme1n1 RS   1566561280 131072    2.074
08:32:57.207 VLLM::W        1784369 nvme1n1 RS   1566561536 131072    2.108
08:32:57.207 VLLM::W        1784369 nvme1n1 RS   1566561792 131072    2.145
08:32:57.207 VLLM::W        1784369 nvme1n1 RS   1566562048 131072    2.129
08:32:57.207 VLLM::W        1784369 nvme1n1 RS   1566562304 131072    2.164
08:32:57.207 VLLM::W        1784369 nvme1n1 RS   1566562560 131072    2.195
08:32:57.207 VLLM::W        1784369 nvme1n1 RS   1566562816 131072    2.237
08:32:57.207 VLLM::W        1784369 nvme1n1 RS   1566563072 131072    2.266
08:32:57.207 VLLM::W        1784369 nvme1n1 RS   1566563328 131072    2.317
08:32:57.207 VLLM::W        1784369 nvme1n1 RS   1566563584 131072    2.328
08:32:57.207 VLLM::W        1784369 nvme1n1 RS   1566563840 131072    2.358
08:32:57.207 VLLM::W        1784369 nvme1n1 RS   1566564096 131072    2.382
08:32:57.207 VLLM::W        1784369 nvme1n1 RS   1566564352 131072    2.457
08:32:57.207 VLLM::W        1784369 nvme1n1 RS   1566564608 131072    2.468
08:32:57.207 VLLM::W        1784366 nvme1n1 RS   1662943488 131072    1.846
08:32:57.207 VLLM::W        1784366 nvme1n1 RS   1662943232 131072    1.899
08:32:57.207 VLLM::W        1784366 nvme1n1 RS   1662943744 131072    1.900
08:32:57.207 VLLM::W        1784366 nvme1n1 RS   1662944000 131072    1.960
08:32:57.208 VLLM::W        1784366 nvme1n1 RS   1662944256 131072    1.986
08:32:57.208 VLLM::W        1784366 nvme1n1 RS   1662944512 131072    2.031
08:32:57.208 VLLM::W        1784366 nvme1n1 RS   1662944768 131072    2.046
08:32:57.208 VLLM::W        1784366 nvme1n1 RS   1662945024 131072    2.029
08:32:57.208 VLLM::W        1784366 nvme1n1 RS   1662945280 131072    2.067
08:32:57.208 VLLM::W        1784366 nvme1n1 RS   1662945536 131072    2.105
08:32:57.208 VLLM::W        1784366 nvme1n1 RS   1662945792 131072    2.154
08:32:57.208 VLLM::W        1784366 nvme1n1 RS   1662946048 131072    2.166
08:32:57.208 VLLM::W        1784366 nvme1n1 RS   1662946304 131072    2.202
08:32:57.208 VLLM::W        1784366 nvme1n1 RS   1662946560 131072    2.242
08:32:57.208 VLLM::W        1784366 nvme1n1 RS   1662946816 131072    2.272
08:32:57.208 VLLM::W        1784366 nvme1n1 RS   1662947072 131072    2.296
08:32:57.208 VLLM::W        1784366 nvme1n1 RS   1662947328 131072    2.341
08:32:57.208 VLLM::W        1784366 nvme1n1 RS   1662947584 131072    2.370
08:32:57.208 VLLM::W        1784368 nvme1n1 RS   1566552064 131072    1.869
08:32:57.208 VLLM::W        1784368 nvme1n1 RS   1566552320 131072    1.894
08:32:57.208 VLLM::W        1784368 nvme1n1 RS   1566552576 131072    1.924
08:32:57.208 VLLM::W        1784368 nvme1n1 RS   1566552832 131072    1.963
08:32:57.208 VLLM::W        1784368 nvme1n1 RS   1566553088 131072    2.001
08:32:57.208 VLLM::W        1784368 nvme1n1 RS   1566553344 131072    2.045
08:32:57.208 VLLM::W        1784368 nvme1n1 RS   1566553600 131072    2.102
08:32:57.208 VLLM::W        1784368 nvme1n1 RS   1566553856 131072    2.087
08:32:57.208 VLLM::W        1784368 nvme1n1 RS   1566554112 131072    2.123
08:32:57.208 VLLM::W        1784368 nvme1n1 RS   1566554368 131072    2.151
08:32:57.208 VLLM::W        1784368 nvme1n1 RS   1566554624 131072    2.207
08:32:57.208 VLLM::W        1784368 nvme1n1 RS   1566554880 131072    2.220
08:32:57.208 VLLM::W        1784368 nvme1n1 RS   1566555136 131072    2.282
08:32:57.208 VLLM::W        1784368 nvme1n1 RS   1566555392 131072    2.294
08:32:57.209 VLLM::W        1784368 nvme1n1 RS   1566555648 131072    2.322
08:32:57.209 VLLM::W        1784368 nvme1n1 RS   1566555904 131072    2.349
08:32:57.209 VLLM::W        1784368 nvme1n1 RS   1566556160 131072    2.425
08:32:57.209 VLLM::W        1784368 nvme1n1 RS   1566556416 131072    2.437
08:32:57.209 VLLM::W        1784367 nvme1n1 RS   1663053824 131072    1.964
08:32:57.209 VLLM::W        1784367 nvme1n1 RS   1663054080 131072    1.968
08:32:57.209 VLLM::W        1784367 nvme1n1 RS   1663054336 131072    1.966
08:32:57.209 VLLM::W        1784367 nvme1n1 RS   1663054592 131072    1.981
08:32:57.209 VLLM::W        1784367 nvme1n1 RS   1663054848 131072    2.026
08:32:57.209 VLLM::W        1784367 nvme1n1 RS   1663055104 131072    2.064
08:32:57.209 VLLM::W        1784367 nvme1n1 RS   1663055360 131072    2.091
08:32:57.209 VLLM::W        1784367 nvme1n1 RS   1663055616 131072    2.073
08:32:57.209 VLLM::W        1784367 nvme1n1 RS   1663055872 131072    2.104
08:32:57.209 VLLM::W        1784367 nvme1n1 RS   1663056128 131072    2.136
08:32:57.209 VLLM::W        1784367 nvme1n1 RS   1663056384 131072    2.174
08:32:57.209 VLLM::W        1784367 nvme1n1 RS   1663056640 131072    2.203
08:32:57.209 VLLM::W        1784367 nvme1n1 RS   1663057152 131072    2.287
08:32:57.209 VLLM::W        1784367 nvme1n1 RS   1663056896 131072    2.314
08:32:57.209 VLLM::W        1784367 nvme1n1 RS   1663057408 131072    2.318
08:32:57.209 VLLM::W        1784367 nvme1n1 RS   1663057664 131072    2.345
08:32:57.209 VLLM::W        1784367 nvme1n1 RS   1663057920 131072    2.376
08:32:57.209 VLLM::W        1784367 nvme1n1 RS   1663058176 131072    2.412
08:32:57.209 VLLM::W        1784369 nvme1n1 RS   1566568448 131072    1.933
08:32:57.209 VLLM::W        1784369 nvme1n1 RS   1566568704 131072    1.954
08:32:57.209 VLLM::W        1784369 nvme1n1 RS   1566568960 131072    1.960
08:32:57.209 VLLM::W        1784369 nvme1n1 RS   1566569216 131072    1.987
08:32:57.209 VLLM::W        1784369 nvme1n1 RS   1566569472 131072    2.032
08:32:57.210 VLLM::W        1784369 nvme1n1 RS   1566569728 131072    2.106
08:32:57.210 VLLM::W        1784369 nvme1n1 RS   1566569984 131072    2.148
08:32:57.210 VLLM::W        1784369 nvme1n1 RS   1566570240 131072    2.128
08:32:57.210 VLLM::W        1784369 nvme1n1 RS   1566570496 131072    2.165
08:32:57.210 VLLM::W        1784369 nvme1n1 RS   1566570752 131072    2.194
08:32:57.210 VLLM::W        1784369 nvme1n1 RS   1566571008 131072    2.253
08:32:57.210 VLLM::W        1784369 nvme1n1 RS   1566571264 131072    2.259
08:32:57.210 VLLM::W        1784369 nvme1n1 RS   1566571520 131072    2.336
08:32:57.210 VLLM::W        1784369 nvme1n1 RS   1566571776 131072    2.360
08:32:57.210 VLLM::W        1784369 nvme1n1 RS   1566572032 131072    2.366
08:32:57.210 VLLM::W        1784369 nvme1n1 RS   1566572288 131072    2.403
08:32:57.210 VLLM::W        1784369 nvme1n1 RS   1566584832 131072    2.444
08:32:57.210 VLLM::W        1784369 nvme1n1 RS   1566585088 131072    2.468
08:32:57.210 VLLM::W        1784366 nvme1n1 RS   1662951424 131072    1.907
08:32:57.210 VLLM::W        1784366 nvme1n1 RS   1662951680 131072    1.961
08:32:57.210 VLLM::W        1784366 nvme1n1 RS   1662951936 131072    1.984
08:32:57.210 VLLM::W        1784366 nvme1n1 RS   1662952192 131072    2.016
08:32:57.210 VLLM::W        1784366 nvme1n1 RS   1662952448 131072    2.047
08:32:57.210 VLLM::W        1784366 nvme1n1 RS   1662952704 131072    2.083
08:32:57.210 VLLM::W        1784366 nvme1n1 RS   1662952960 131072    2.085
08:32:57.210 VLLM::W        1784366 nvme1n1 RS   1662953216 131072    2.088
08:32:57.210 VLLM::W        1784366 nvme1n1 RS   1662953472 131072    2.122
08:32:57.210 VLLM::W        1784366 nvme1n1 RS   1662953728 131072    2.154
08:32:57.210 VLLM::W        1784366 nvme1n1 RS   1662953984 131072    2.188
08:32:57.210 VLLM::W        1784366 nvme1n1 RS   1662954240 131072    2.218
08:32:57.210 VLLM::W        1784366 nvme1n1 RS   1662954752 131072    2.288
08:32:57.211 VLLM::W        1784366 nvme1n1 RS   1662954496 131072    2.333
08:32:57.211 VLLM::W        1784366 nvme1n1 RS   1662955008 131072    2.352
08:32:57.211 VLLM::W        1784366 nvme1n1 RS   1662955264 131072    2.354
08:32:57.211 VLLM::W        1784366 nvme1n1 RS   1662955520 131072    2.381
08:32:57.211 VLLM::W        1784366 nvme1n1 RS   1662955776 131072    2.425
08:32:57.211 VLLM::W        1784368 nvme1n1 RS   1663070208 131072    1.940
08:32:57.211 VLLM::W        1784368 nvme1n1 RS   1663070464 131072    1.940
08:32:57.211 VLLM::W        1784368 nvme1n1 RS   1663070720 131072    1.973
08:32:57.211 VLLM::W        1784368 nvme1n1 RS   1663070976 131072    1.983
08:32:57.211 VLLM::W        1784368 nvme1n1 RS   1663071488 131072    2.078
08:32:57.211 VLLM::W        1784368 nvme1n1 RS   1663071232 131072    2.108
08:32:57.211 VLLM::W        1784368 nvme1n1 RS   1663071744 131072    2.111
08:32:57.211 VLLM::W        1784368 nvme1n1 RS   1663072000 131072    2.135
08:32:57.211 VLLM::W        1784368 nvme1n1 RS   1663072256 131072    2.209
08:32:57.211 VLLM::W        1784368 nvme1n1 RS   1663072512 131072    2.229
08:32:57.211 VLLM::W        1784368 nvme1n1 RS   1663072768 131072    2.237
08:32:57.211 VLLM::W        1784368 nvme1n1 RS   1663073536 131072    2.330
08:32:57.211 VLLM::W        1784368 nvme1n1 RS   1663073024 131072    2.352
08:32:57.211 VLLM::W        1784368 nvme1n1 RS   1663073280 131072    2.370
08:32:57.211 VLLM::W        1784368 nvme1n1 RS   1663073792 131072    2.381
08:32:57.211 VLLM::W        1784368 nvme1n1 RS   1663074560 131072    2.460
08:32:57.211 VLLM::W        1784368 nvme1n1 RS   1663074048 131072    2.472
08:32:57.211 VLLM::W        1784368 nvme1n1 RS   1663074304 131072    2.528
08:32:57.211 VLLM::W        1784367 nvme1n1 RS   1663062272 131072    1.920
08:32:57.211 VLLM::W        1784367 nvme1n1 RS   1663062016 131072    1.972
08:32:57.211 VLLM::W        1784367 nvme1n1 RS   1663062784 131072    1.976
08:32:57.212 VLLM::W        1784367 nvme1n1 RS   1663063040 131072    2.007
08:32:57.212 VLLM::W        1784367 nvme1n1 RS   1663062528 131072    2.086
08:32:57.212 VLLM::W        1784367 nvme1n1 RS   1663063808 131072    2.138
08:32:57.212 VLLM::W        1784367 nvme1n1 RS   1663064064 131072    2.172
08:32:57.212 VLLM::W        1784367 nvme1n1 RS   1663063296 131072    2.213
08:32:57.212 VLLM::W        1784367 nvme1n1 RS   1663063552 131072    2.219
08:32:57.212 VLLM::W        1784367 nvme1n1 RS   1663064832 131072    2.229
08:32:57.212 VLLM::W        1784367 nvme1n1 RS   1663064320 131072    2.254
08:32:57.212 VLLM::W        1784367 nvme1n1 RS   1663064576 131072    2.277
08:32:57.212 VLLM::W        1784367 nvme1n1 RS   1663065088 131072    2.291
08:32:57.212 VLLM::W        1784367 nvme1n1 RS   1663065344 131072    2.302
08:32:57.212 VLLM::W        1784367 nvme1n1 RS   1663065856 131072    2.371
08:32:57.212 VLLM::W        1784367 nvme1n1 RS   1663065600 131072    2.406
08:32:57.212 VLLM::W        1784367 nvme1n1 RS   1663066112 131072    2.419
08:32:57.212 VLLM::W        1784367 nvme1n1 RS   1663066368 131072    2.431
08:32:57.212 VLLM::W        1784369 nvme1n1 RS   59781376   131072    1.973
08:32:57.212 VLLM::W        1784369 nvme1n1 RS   59781120   131072    1.989
08:32:57.212 VLLM::W        1784369 nvme1n1 RS   59781632   131072    1.998
08:32:57.212 VLLM::W        1784369 nvme1n1 RS   59781888   131072    2.050
08:32:57.212 VLLM::W        1784369 nvme1n1 RS   59782144   131072    2.064
08:32:57.212 VLLM::W        1784369 nvme1n1 RS   59782400   131072    2.125
08:32:57.212 VLLM::W        1784369 nvme1n1 RS   59782656   131072    2.142
08:32:57.212 VLLM::W        1784369 nvme1n1 RS   59782912   131072    2.167
08:32:57.212 VLLM::W        1784369 nvme1n1 RS   59783168   131072    2.179
08:32:57.212 VLLM::W        1784369 nvme1n1 RS   59783424   131072    2.217
08:32:57.212 VLLM::W        1784369 nvme1n1 RS   59783680   131072    2.254
08:32:57.212 VLLM::W        1784369 nvme1n1 RS   59783936   131072    2.283
08:32:57.212 VLLM::W        1784369 nvme1n1 RS   59784192   131072    2.319
08:32:57.213 VLLM::W        1784369 nvme1n1 RS   59784448   131072    2.356
08:32:57.213 VLLM::W        1784369 nvme1n1 RS   59784704   131072    2.387
08:32:57.213 VLLM::W        1784369 nvme1n1 RS   59784960   131072    2.408
08:32:57.213 VLLM::W        1784369 nvme1n1 RS   59785216   131072    2.478
08:32:57.213 VLLM::W        1784369 nvme1n1 RS   59785472   131072    2.490
08:32:57.213 VLLM::W        1784366 nvme1n1 RS   1663078400 131072    1.920
08:32:57.213 VLLM::W        1784366 nvme1n1 RS   1663078656 131072    1.924
08:32:57.213 VLLM::W        1784366 nvme1n1 RS   1663078912 131072    1.967
08:32:57.213 VLLM::W        1784366 nvme1n1 RS   1663079168 131072    1.977
08:32:57.213 VLLM::W        1784366 nvme1n1 RS   1663079424 131072    2.049
08:32:57.213 VLLM::W        1784366 nvme1n1 RS   1663079680 131072    2.062
08:32:57.213 VLLM::W        1784366 nvme1n1 RS   1663079936 131072    2.094
08:32:57.213 VLLM::W        1784366 nvme1n1 RS   1663080192 131072    2.097
08:32:57.213 VLLM::W        1784366 nvme1n1 RS   1663080448 131072    2.133
08:32:57.213 VLLM::W        1784366 nvme1n1 RS   1663080960 131072    2.205
08:32:57.213 VLLM::W        1784366 nvme1n1 RS   1663080704 131072    2.228
08:32:57.213 VLLM::W        1784366 nvme1n1 RS   1663081216 131072    2.231
08:32:57.213 VLLM::W        1784366 nvme1n1 RS   1663081472 131072    2.266
08:32:57.213 VLLM::W        1784366 nvme1n1 RS   1663081728 131072    2.298
08:32:57.213 VLLM::W        1784366 nvme1n1 RS   1663081984 131072    2.336
08:32:57.213 VLLM::W        1784366 nvme1n1 RS   1663082240 131072    2.366
08:32:57.213 VLLM::W        1784366 nvme1n1 RS   1663082496 131072    2.398
08:32:57.213 VLLM::W        1784366 nvme1n1 RS   1663082752 131072    2.436
08:32:57.213 VLLM::W        1784368 nvme1n1 RS   1663086592 131072    1.839
08:32:57.213 VLLM::W        1784368 nvme1n1 RS   1663086848 131072    1.840
08:32:57.213 VLLM::W        1784368 nvme1n1 RS   1663087104 131072    1.883
08:32:57.213 VLLM::W        1784368 nvme1n1 RS   1663087360 131072    1.894
08:32:57.214 VLLM::W        1784368 nvme1n1 RS   1663087616 131072    1.954
08:32:57.214 VLLM::W        1784368 nvme1n1 RS   1663087872 131072    1.996
08:32:57.214 VLLM::W        1784368 nvme1n1 RS   1663088128 131072    2.036
08:32:57.214 VLLM::W        1784368 nvme1n1 RS   1663088384 131072    2.018
08:32:57.214 VLLM::W        1784368 nvme1n1 RS   1663088640 131072    2.047
08:32:57.214 VLLM::W        1784368 nvme1n1 RS   1663088896 131072    2.079
08:32:57.214 VLLM::W        1784368 nvme1n1 RS   1663089408 131072    2.156
08:32:57.214 VLLM::W        1784368 nvme1n1 RS   1663089152 131072    2.178
08:32:57.214 VLLM::W        1784368 nvme1n1 RS   1663089664 131072    2.182
08:32:57.214 VLLM::W        1784368 nvme1n1 RS   1663090176 131072    2.258
08:32:57.214 VLLM::W        1784368 nvme1n1 RS   1663089920 131072    2.269
08:32:57.214 VLLM::W        1784368 nvme1n1 RS   1663090688 131072    2.326
08:32:57.214 VLLM::W        1784368 nvme1n1 RS   1663090432 131072    2.337
08:32:57.214 VLLM::W        1784368 nvme1n1 RS   1663090944 131072    2.401
08:32:57.214 VLLM::W        1784367 nvme1n1 RS   59772928   131072    1.934
08:32:57.214 VLLM::W        1784367 nvme1n1 RS   59773440   131072    1.933
08:32:57.214 VLLM::W        1784367 nvme1n1 RS   59773184   131072    1.945
08:32:57.214 VLLM::W        1784367 nvme1n1 RS   59773952   131072    2.016
08:32:57.214 VLLM::W        1784367 nvme1n1 RS   59773696   131072    2.031
08:32:57.214 VLLM::W        1784367 nvme1n1 RS   59774464   131072    2.073
08:32:57.214 VLLM::W        1784367 nvme1n1 RS   59774208   131072    2.139
08:32:57.214 VLLM::W        1784367 nvme1n1 RS   59774976   131072    2.134
08:32:57.214 VLLM::W        1784367 nvme1n1 RS   59774720   131072    2.145
08:32:57.214 VLLM::W        1784367 nvme1n1 RS   59775488   131072    2.203
08:32:57.214 VLLM::W        1784367 nvme1n1 RS   59775744   131072    2.221
08:32:57.214 VLLM::W        1784367 nvme1n1 RS   59775232   131072    2.235
08:32:57.215 VLLM::W        1784367 nvme1n1 RS   59776256   131072    2.295
08:32:57.215 VLLM::W        1784367 nvme1n1 RS   59776000   131072    2.323
08:32:57.215 VLLM::W        1784367 nvme1n1 RS   59776512   131072    2.328
08:32:57.215 VLLM::W        1784367 nvme1n1 RS   59776768   131072    2.374
08:32:57.215 VLLM::W        1784367 nvme1n1 RS   59777024   131072    2.384
08:32:57.215 VLLM::W        1784367 nvme1n1 RS   59777280   131072    2.427
08:32:57.215 VLLM::W        1784369 nvme1n1 RS   1663094784 131072    1.901
08:32:57.215 VLLM::W        1784369 nvme1n1 RS   1663095040 131072    1.928
08:32:57.215 VLLM::W        1784369 nvme1n1 RS   1663095296 131072    1.963
08:32:57.215 VLLM::W        1784369 nvme1n1 RS   1663095552 131072    2.021
08:32:57.215 VLLM::W        1784369 nvme1n1 RS   1663095808 131072    2.033
08:32:57.215 VLLM::W        1784369 nvme1n1 RS   1663096064 131072    2.078
08:32:57.215 VLLM::W        1784369 nvme1n1 RS   1663096320 131072    2.138
08:32:57.215 VLLM::W        1784369 nvme1n1 RS   1663096576 131072    2.125
08:32:57.215 VLLM::W        1784369 nvme1n1 RS   1663096832 131072    2.153
08:32:57.215 VLLM::W        1784369 nvme1n1 RS   1663097088 131072    2.196
08:32:57.215 VLLM::W        1784369 nvme1n1 RS   1663097344 131072    2.236
08:32:57.215 VLLM::W        1784369 nvme1n1 RS   1663097600 131072    2.247
08:32:57.215 VLLM::W        1784369 nvme1n1 RS   1663097856 131072    2.322
08:32:57.215 VLLM::W        1784369 nvme1n1 RS   1663098112 131072    2.329
08:32:57.215 VLLM::W        1784369 nvme1n1 RS   1663098368 131072    2.367
08:32:57.215 VLLM::W        1784369 nvme1n1 RS   1663098624 131072    2.467
08:32:57.215 VLLM::W        1784369 nvme1n1 RS   1663099136 131072    2.481
08:32:57.215 VLLM::W        1784369 nvme1n1 RS   1663098880 131072    2.494
08:32:57.215 VLLM::W        1784366 nvme1n1 RS   1663103232 131072    1.900
08:32:57.215 VLLM::W        1784366 nvme1n1 RS   1663102976 131072    1.924
08:32:57.215 VLLM::W        1784366 nvme1n1 RS   1663103488 131072    1.933
08:32:57.216 VLLM::W        1784366 nvme1n1 RS   1663103744 131072    2.072
08:32:57.216 VLLM::W        1784366 nvme1n1 RS   1663104256 131072    2.077
08:32:57.216 VLLM::W        1784366 nvme1n1 RS   1663104000 131072    2.098
08:32:57.216 VLLM::W        1784366 nvme1n1 RS   1663104512 131072    2.100
08:32:57.216 VLLM::W        1784366 nvme1n1 RS   1663104768 131072    2.147
08:32:57.216 VLLM::W        1784366 nvme1n1 RS   1663105024 131072    2.159
08:32:57.216 VLLM::W        1784366 nvme1n1 RS   1663105280 131072    2.171
08:32:57.216 VLLM::W        1784366 nvme1n1 RS   1663105536 131072    2.200
08:32:57.216 VLLM::W        1784366 nvme1n1 RS   1663106304 131072    2.277
08:32:57.216 VLLM::W        1784366 nvme1n1 RS   1663106560 131072    2.313
08:32:57.216 VLLM::W        1784366 nvme1n1 RS   1663105792 131072    2.349
08:32:57.216 VLLM::W        1784366 nvme1n1 RS   1663107328 131072    2.417
08:32:57.216 VLLM::W        1784366 nvme1n1 RS   1663106048 131072    2.442
08:32:57.216 VLLM::W        1784368 nvme1n1 RS   1663136000 131072    1.853
08:32:57.216 VLLM::W        1784366 nvme1n1 RS   1663106816 131072    2.531
08:32:57.216 VLLM::W        1784366 nvme1n1 RS   1663107072 131072    2.543
08:32:57.216 VLLM::W        1784368 nvme1n1 RS   1663136256 131072    1.902
08:32:57.216 VLLM::W        1784368 nvme1n1 RS   1663135744 131072    1.955
08:32:57.216 VLLM::W        1784368 nvme1n1 RS   1663137024 131072    2.002
08:32:57.216 VLLM::W        1784368 nvme1n1 RS   1663136512 131072    2.022
08:32:57.216 VLLM::W        1784368 nvme1n1 RS   1663137280 131072    2.039
08:32:57.216 VLLM::W        1784368 nvme1n1 RS   1663136768 131072    2.053
08:32:57.216 VLLM::W        1784368 nvme1n1 RS   1663137536 131072    2.104
08:32:57.216 VLLM::W        1784368 nvme1n1 RS   1663137792 131072    2.114
08:32:57.216 VLLM::W        1784368 nvme1n1 RS   1663138048 131072    2.151
08:32:57.216 VLLM::W        1784368 nvme1n1 RS   1663138304 131072    2.174
08:32:57.216 VLLM::W        1784368 nvme1n1 RS   1663138560 131072    2.195
08:32:57.216 VLLM::W        1784368 nvme1n1 RS   1663138816 131072    2.212
08:32:57.217 VLLM::W        1784368 nvme1n1 RS   1663139072 131072    2.236
08:32:57.217 VLLM::W        1784368 nvme1n1 RS   1663139328 131072    2.268
08:32:57.217 VLLM::W        1784368 nvme1n1 RS   1663139584 131072    2.291
08:32:57.217 VLLM::W        1784368 nvme1n1 RS   1663140096 131072    2.368
08:32:57.217 VLLM::W        1784368 nvme1n1 RS   1663139840 131072    2.383
08:32:57.217 VLLM::W        1784367 nvme1n1 RS   1663127808 131072    1.919
08:32:57.217 VLLM::W        1784367 nvme1n1 RS   1663127552 131072    1.927
08:32:57.217 VLLM::W        1784367 nvme1n1 RS   1663128064 131072    1.933
08:32:57.217 VLLM::W        1784367 nvme1n1 RS   1663128320 131072    1.949
08:32:57.217 VLLM::W        1784367 nvme1n1 RS   1663128576 131072    1.980
08:32:57.217 VLLM::W        1784367 nvme1n1 RS   1663128832 131072    2.040
08:32:57.217 VLLM::W        1784367 nvme1n1 RS   1663129088 131072    2.074
08:32:57.217 VLLM::W        1784367 nvme1n1 RS   1663129344 131072    2.062
08:32:57.217 VLLM::W        1784367 nvme1n1 RS   1663129600 131072    2.098
08:32:57.217 VLLM::W        1784367 nvme1n1 RS   1663129856 131072    2.136
08:32:57.217 VLLM::W        1784367 nvme1n1 RS   1663130112 131072    2.179
08:32:57.217 VLLM::W        1784367 nvme1n1 RS   1663130368 131072    2.198
08:32:57.217 VLLM::W        1784367 nvme1n1 RS   1663130880 131072    2.285
08:32:57.217 VLLM::W        1784367 nvme1n1 RS   1663130624 131072    2.308
08:32:57.217 VLLM::W        1784367 nvme1n1 RS   1663131136 131072    2.321
08:32:57.217 VLLM::W        1784367 nvme1n1 RS   1663131392 131072    2.326
08:32:57.217 VLLM::W        1784367 nvme1n1 RS   1663131648 131072    2.371
08:32:57.217 VLLM::W        1784367 nvme1n1 RS   1663131904 131072    2.427
08:32:57.217 VLLM::W        1784369 nvme1n1 RS   1663168768 131072    1.890
08:32:57.217 VLLM::W        1784369 nvme1n1 RS   1663169024 131072    1.939
08:32:57.217 VLLM::W        1784369 nvme1n1 RS   1663168512 131072    1.956
08:32:57.218 VLLM::W        1784369 nvme1n1 RS   1663169280 131072    1.996
08:32:57.218 VLLM::W        1784369 nvme1n1 RS   1663169792 131072    2.094
08:32:57.218 VLLM::W        1784369 nvme1n1 RS   1663170048 131072    2.099
08:32:57.218 VLLM::W        1784369 nvme1n1 RS   1663169536 131072    2.130
08:32:57.218 VLLM::W        1784369 nvme1n1 RS   1663170304 131072    2.116
08:32:57.218 VLLM::W        1784369 nvme1n1 RS   1663170816 131072    2.162
08:32:57.218 VLLM::W        1784369 nvme1n1 RS   1663171072 131072    2.202
08:32:57.218 VLLM::W        1784369 nvme1n1 RS   1663171328 131072    2.214
08:32:57.218 VLLM::W        1784369 nvme1n1 RS   1663170560 131072    2.249
08:32:57.218 VLLM::W        1784369 nvme1n1 RS   1663171840 131072    2.297
08:32:57.218 VLLM::W        1784369 nvme1n1 RS   1663171584 131072    2.325
08:32:57.218 VLLM::W        1784369 nvme1n1 RS   1663172096 131072    2.334
08:32:57.218 VLLM::W        1784369 nvme1n1 RS   1663172352 131072    2.363
08:32:57.218 VLLM::W        1784369 nvme1n1 RS   1663172608 131072    2.404
08:32:57.218 VLLM::W        1784369 nvme1n1 RS   1663172864 131072    2.415
08:32:57.218 VLLM::W        1784366 nvme1n1 RS   1663111424 131072    1.773
08:32:57.218 VLLM::W        1784366 nvme1n1 RS   1663111168 131072    1.799
08:32:57.218 VLLM::W        1784366 nvme1n1 RS   1663111680 131072    1.802
08:32:57.218 VLLM::W        1784366 nvme1n1 RS   1663111936 131072    1.857
08:32:57.218 VLLM::W        1784366 nvme1n1 RS   1663112192 131072    1.894
08:32:57.218 VLLM::W        1784366 nvme1n1 RS   1663112448 131072    1.907
08:32:57.218 VLLM::W        1784366 nvme1n1 RS   1663112704 131072    1.937
08:32:57.218 VLLM::W        1784366 nvme1n1 RS   1663112960 131072    1.941
08:32:57.218 VLLM::W        1784366 nvme1n1 RS   1663113216 131072    1.971
08:32:57.218 VLLM::W        1784366 nvme1n1 RS   1663113472 131072    2.014
08:32:57.218 VLLM::W        1784366 nvme1n1 RS   1663113728 131072    2.053
08:32:57.218 VLLM::W        1784366 nvme1n1 RS   1663113984 131072    2.082
08:32:57.218 VLLM::W        1784366 nvme1n1 RS   1663114240 131072    2.111
08:32:57.219 VLLM::W        1784366 nvme1n1 RS   1663114496 131072    2.152
08:32:57.219 VLLM::W        1784366 nvme1n1 RS   1663114752 131072    2.191
08:32:57.219 VLLM::W        1784366 nvme1n1 RS   1663115008 131072    2.211
08:32:57.219 VLLM::W        1784366 nvme1n1 RS   1663115264 131072    2.268
08:32:57.219 VLLM::W        1784366 nvme1n1 RS   1663115520 131072    2.274
08:32:57.219 VLLM::W        1784368 nvme1n1 RS   59789312   131072    1.958
08:32:57.219 VLLM::W        1784368 nvme1n1 RS   59789568   131072    1.959
08:32:57.219 VLLM::W        1784368 nvme1n1 RS   59789824   131072    1.958
08:32:57.219 VLLM::W        1784368 nvme1n1 RS   59790080   131072    1.968
08:32:57.219 VLLM::W        1784368 nvme1n1 RS   59790336   131072    2.018
08:32:57.219 VLLM::W        1784368 nvme1n1 RS   59790592   131072    2.078
08:32:57.219 VLLM::W        1784368 nvme1n1 RS   59790848   131072    2.106
08:32:57.219 VLLM::W        1784368 nvme1n1 RS   59791104   131072    2.086
08:32:57.219 VLLM::W        1784368 nvme1n1 RS   59791360   131072    2.124
08:32:57.219 VLLM::W        1784368 nvme1n1 RS   59791616   131072    2.163
08:32:57.219 VLLM::W        1784368 nvme1n1 RS   59791872   131072    2.199
08:32:57.219 VLLM::W        1784368 nvme1n1 RS   59792128   131072    2.225
08:32:57.219 VLLM::W        1784368 nvme1n1 RS   59792384   131072    2.316
08:32:57.219 VLLM::W        1784368 nvme1n1 RS   59792640   131072    2.328
08:32:57.219 VLLM::W        1784368 nvme1n1 RS   59792896   131072    2.353
08:32:57.219 VLLM::W        1784368 nvme1n1 RS   59793152   131072    2.352
08:32:57.219 VLLM::W        1784368 nvme1n1 RS   59793408   131072    2.385
08:32:57.219 VLLM::W        1784368 nvme1n1 RS   59793664   131072    2.426
08:32:57.219 VLLM::W        1784367 nvme1n1 RS   1663143936 131072    1.825
08:32:57.219 VLLM::W        1784367 nvme1n1 RS   1663144192 131072    1.852
08:32:57.219 VLLM::W        1784367 nvme1n1 RS   1663144448 131072    1.881
08:32:57.219 VLLM::W        1784367 nvme1n1 RS   1663144704 131072    1.915
08:32:57.220 VLLM::W        1784367 nvme1n1 RS   1663144960 131072    1.948
08:32:57.220 VLLM::W        1784367 nvme1n1 RS   1663145216 131072    1.991
08:32:57.220 VLLM::W        1784367 nvme1n1 RS   1663145472 131072    2.048
08:32:57.220 VLLM::W        1784367 nvme1n1 RS   1663145728 131072    2.030
08:32:57.220 VLLM::W        1784367 nvme1n1 RS   1663145984 131072    2.065
08:32:57.220 VLLM::W        1784367 nvme1n1 RS   1663146240 131072    2.098
08:32:57.220 VLLM::W        1784367 nvme1n1 RS   1663146496 131072    2.136
08:32:57.220 VLLM::W        1784367 nvme1n1 RS   1663146752 131072    2.163
08:32:57.220 VLLM::W        1784367 nvme1n1 RS   1663147264 131072    2.257
08:32:57.220 VLLM::W        1784367 nvme1n1 RS   1663147008 131072    2.275
08:32:57.220 VLLM::W        1784367 nvme1n1 RS   1663147520 131072    2.299
08:32:57.220 VLLM::W        1784367 nvme1n1 RS   1663147776 131072    2.299
08:32:57.220 VLLM::W        1784367 nvme1n1 RS   1663148032 131072    2.336
08:32:57.220 VLLM::W        1784367 nvme1n1 RS   1663148288 131072    2.363
08:32:57.220 VLLM::W        1784369 nvme1n1 RS   1663176704 131072    1.944
08:32:57.220 VLLM::W        1784369 nvme1n1 RS   1663176960 131072    1.960
08:32:57.220 VLLM::W        1784369 nvme1n1 RS   1663177216 131072    1.971
08:32:57.220 VLLM::W        1784369 nvme1n1 RS   1663177472 131072    2.018
08:32:57.220 VLLM::W        1784369 nvme1n1 RS   1663177984 131072    2.101
08:32:57.220 VLLM::W        1784369 nvme1n1 RS   1663177728 131072    2.113
08:32:57.220 VLLM::W        1784369 nvme1n1 RS   1663178240 131072    2.144
08:32:57.220 VLLM::W        1784369 nvme1n1 RS   1663178496 131072    2.133
08:32:57.220 VLLM::W        1784369 nvme1n1 RS   1663179008 131072    2.197
08:32:57.220 VLLM::W        1784369 nvme1n1 RS   1663178752 131072    2.220
08:32:57.220 VLLM::W        1784369 nvme1n1 RS   1663179264 131072    2.229
08:32:57.220 VLLM::W        1784369 nvme1n1 RS   1663179520 131072    2.256
08:32:57.221 VLLM::W        1784369 nvme1n1 RS   1663180032 131072    2.338
08:32:57.221 VLLM::W        1784369 nvme1n1 RS   1663179776 131072    2.360
08:32:57.221 VLLM::W        1784369 nvme1n1 RS   1663180288 131072    2.369
08:32:57.221 VLLM::W        1784369 nvme1n1 RS   1663180544 131072    2.391
08:32:57.221 VLLM::W        1784369 nvme1n1 RS   1663180800 131072    2.483
08:32:57.221 VLLM::W        1784369 nvme1n1 RS   1663181056 131072    2.490
08:32:57.221 VLLM::W        1784366 nvme1n1 RS   1663119360 131072    1.912
08:32:57.221 VLLM::W        1784366 nvme1n1 RS   1663119616 131072    1.925
08:32:57.221 VLLM::W        1784366 nvme1n1 RS   1663119872 131072    1.979
08:32:57.221 VLLM::W        1784366 nvme1n1 RS   1663120128 131072    1.996
08:32:57.221 VLLM::W        1784366 nvme1n1 RS   1663120384 131072    2.032
08:32:57.221 VLLM::W        1784366 nvme1n1 RS   1663120640 131072    2.059
08:32:57.221 VLLM::W        1784366 nvme1n1 RS   1663120896 131072    2.074
08:32:57.221 VLLM::W        1784366 nvme1n1 RS   1663121152 131072    2.081
08:32:57.221 VLLM::W        1784366 nvme1n1 RS   1663121408 131072    2.129
08:32:57.221 VLLM::W        1784366 nvme1n1 RS   1663121664 131072    2.140
08:32:57.221 VLLM::W        1784366 nvme1n1 RS   1663121920 131072    2.195
08:32:57.221 VLLM::W        1784366 nvme1n1 RS   1663122176 131072    2.205
08:32:57.221 VLLM::W        1784366 nvme1n1 RS   1663122432 131072    2.243
08:32:57.221 VLLM::W        1784366 nvme1n1 RS   1663122688 131072    2.277
08:32:57.221 VLLM::W        1784366 nvme1n1 RS   1663122944 131072    2.311
08:32:57.221 VLLM::W        1784366 nvme1n1 RS   1663123200 131072    2.346
08:32:57.221 VLLM::W        1784366 nvme1n1 RS   1663123456 131072    2.382
08:32:57.221 VLLM::W        1784366 nvme1n1 RS   1663123712 131072    2.424
08:32:57.221 VLLM::W        1784368 nvme1n1 RS   1663160320 131072    1.917
08:32:57.221 VLLM::W        1784368 nvme1n1 RS   1663160576 131072    1.918
08:32:57.221 VLLM::W        1784368 nvme1n1 RS   1663160832 131072    1.916
08:32:57.221 VLLM::W        1784368 nvme1n1 RS   1663161088 131072    1.938
08:32:57.222 VLLM::W        1784368 nvme1n1 RS   1663161344 131072    2.056
08:32:57.222 VLLM::W        1784368 nvme1n1 RS   1663161600 131072    2.089
08:32:57.222 VLLM::W        1784368 nvme1n1 RS   1663161856 131072    2.088
08:32:57.222 VLLM::W        1784368 nvme1n1 RS   1663162112 131072    2.067
08:32:57.222 VLLM::W        1784368 nvme1n1 RS   1663162368 131072    2.165
08:32:57.222 VLLM::W        1784368 nvme1n1 RS   1663162624 131072    2.188
08:32:57.222 VLLM::W        1784368 nvme1n1 RS   1663162880 131072    2.206
08:32:57.222 VLLM::W        1784368 nvme1n1 RS   1663163136 131072    2.212
08:32:57.222 VLLM::W        1784368 nvme1n1 RS   1663163904 131072    2.311
08:32:57.222 VLLM::W        1784368 nvme1n1 RS   1663163392 131072    2.340
08:32:57.222 VLLM::W        1784368 nvme1n1 RS   1663163648 131072    2.353
08:32:57.222 VLLM::W        1784368 nvme1n1 RS   1663164160 131072    2.356
08:32:57.222 VLLM::W        1784368 nvme1n1 RS   1663164672 131072    2.409
08:32:57.222 VLLM::W        1784368 nvme1n1 RS   1663164416 131072    2.419
08:32:57.222 VLLM::W        1784367 nvme1n1 RS   1663152384 131072    1.958
08:32:57.222 VLLM::W        1784367 nvme1n1 RS   1663152640 131072    1.959
08:32:57.222 VLLM::W        1784367 nvme1n1 RS   1663152128 131072    1.971
08:32:57.222 VLLM::W        1784367 nvme1n1 RS   1663153152 131072    1.997
08:32:57.222 VLLM::W        1784367 nvme1n1 RS   1663152896 131072    2.040
08:32:57.222 VLLM::W        1784367 nvme1n1 RS   1663153920 131072    2.098
08:32:57.222 VLLM::W        1784367 nvme1n1 RS   1663153408 131072    2.147
08:32:57.222 VLLM::W        1784367 nvme1n1 RS   1663153664 131072    2.160
08:32:57.222 VLLM::W        1784367 nvme1n1 RS   1663154176 131072    2.146
08:32:57.222 VLLM::W        1784367 nvme1n1 RS   1663154944 131072    2.209
08:32:57.222 VLLM::W        1784367 nvme1n1 RS   1663154432 131072    2.233
08:32:57.222 VLLM::W        1784367 nvme1n1 RS   1663154688 131072    2.256
08:32:57.222 VLLM::W        1784367 nvme1n1 RS   1663155200 131072    2.259
08:32:57.223 VLLM::W        1784367 nvme1n1 RS   1663155456 131072    2.292
08:32:57.223 VLLM::W        1784367 nvme1n1 RS   1663155712 131072    2.338
08:32:57.223 VLLM::W        1784367 nvme1n1 RS   1663155968 131072    2.337
08:32:57.223 VLLM::W        1784367 nvme1n1 RS   1663156224 131072    2.416
08:32:57.223 VLLM::W        1784367 nvme1n1 RS   1663156480 131072    2.428
08:32:57.223 VLLM::W        1784369 nvme1n1 RS   1663201536 131072    1.911
08:32:57.223 VLLM::W        1784369 nvme1n1 RS   1663201792 131072    1.953
08:32:57.223 VLLM::W        1784369 nvme1n1 RS   1663201280 131072    1.972
08:32:57.223 VLLM::W        1784369 nvme1n1 RS   1663202048 131072    2.012
08:32:57.223 VLLM::W        1784369 nvme1n1 RS   1663202304 131072    2.023
08:32:57.223 VLLM::W        1784369 nvme1n1 RS   1663202560 131072    2.071
08:32:57.223 VLLM::W        1784369 nvme1n1 RS   1663202816 131072    2.143
08:32:57.223 VLLM::W        1784369 nvme1n1 RS   1663203072 131072    2.127
08:32:57.223 VLLM::W        1784369 nvme1n1 RS   1663203328 131072    2.154
08:32:57.223 VLLM::W        1784369 nvme1n1 RS   1663203584 131072    2.188
08:32:57.223 VLLM::W        1784369 nvme1n1 RS   1663203840 131072    2.236
08:32:57.223 VLLM::W        1784369 nvme1n1 RS   1663204096 131072    2.248
08:32:57.223 VLLM::W        1784369 nvme1n1 RS   1663204352 131072    2.304
08:32:57.223 VLLM::W        1784369 nvme1n1 RS   1663204608 131072    2.315
08:32:57.223 VLLM::W        1784369 nvme1n1 RS   1663204864 131072    2.349
08:32:57.223 VLLM::W        1784369 nvme1n1 RS   1663205120 131072    2.386
08:32:57.223 VLLM::W        1784369 nvme1n1 RS   1663205376 131072    2.418
08:32:57.223 VLLM::W        1784369 nvme1n1 RS   1663205632 131072    2.444
08:32:57.223 VLLM::W        1784366 nvme1n1 RS   1663185152 131072    1.914
08:32:57.223 VLLM::W        1784366 nvme1n1 RS   1663184896 131072    1.938
08:32:57.223 VLLM::W        1784366 nvme1n1 RS   1663185408 131072    1.940
08:32:57.224 VLLM::W        1784366 nvme1n1 RS   1663185664 131072    2.002
08:32:57.224 VLLM::W        1784366 nvme1n1 RS   1663185920 131072    2.043
08:32:57.224 VLLM::W        1784366 nvme1n1 RS   1663186176 131072    2.078
08:32:57.224 VLLM::W        1784366 nvme1n1 RS   1663186432 131072    2.094
08:32:57.224 VLLM::W        1784366 nvme1n1 RS   1663186688 131072    2.084
08:32:57.224 VLLM::W        1784366 nvme1n1 RS   1663186944 131072    2.121
08:32:57.224 VLLM::W        1784366 nvme1n1 RS   1663187200 131072    2.167
08:32:57.224 VLLM::W        1784366 nvme1n1 RS   1663187456 131072    2.195
08:32:57.224 VLLM::W        1784366 nvme1n1 RS   1663187712 131072    2.224
08:32:57.224 VLLM::W        1784366 nvme1n1 RS   1663187968 131072    2.258
08:32:57.224 VLLM::W        1784366 nvme1n1 RS   1663188224 131072    2.294
08:32:57.224 VLLM::W        1784366 nvme1n1 RS   1663188480 131072    2.334
08:32:57.224 VLLM::W        1784366 nvme1n1 RS   1663188736 131072    2.354
08:32:57.224 VLLM::W        1784366 nvme1n1 RS   1663188992 131072    2.443
08:32:57.224 VLLM::W        1784366 nvme1n1 RS   1663189248 131072    2.456
08:32:57.224 VLLM::W        1784368 nvme1n1 RS   1663217920 131072    1.886
08:32:57.224 VLLM::W        1784368 nvme1n1 RS   1663217664 131072    1.940
08:32:57.224 VLLM::W        1784368 nvme1n1 RS   1663218176 131072    1.947
08:32:57.224 VLLM::W        1784368 nvme1n1 RS   1663218432 131072    2.002
08:32:57.224 VLLM::W        1784368 nvme1n1 RS   1663218688 131072    2.025
08:32:57.224 VLLM::W        1784368 nvme1n1 RS   1663218944 131072    2.091
08:32:57.224 VLLM::W        1784368 nvme1n1 RS   1663219200 131072    2.126
08:32:57.224 VLLM::W        1784368 nvme1n1 RS   1663219456 131072    2.102
08:32:57.224 VLLM::W        1784368 nvme1n1 RS   1663219712 131072    2.113
08:32:57.224 VLLM::W        1784368 nvme1n1 RS   1663219968 131072    2.201
08:32:57.224 VLLM::W        1784368 nvme1n1 RS   1663220224 131072    2.225
08:32:57.224 VLLM::W        1784368 nvme1n1 RS   1663220480 131072    2.242
08:32:57.224 VLLM::W        1784368 nvme1n1 RS   1663220736 131072    2.254
08:32:57.225 VLLM::W        1784368 nvme1n1 RS   1663220992 131072    2.345
08:32:57.225 VLLM::W        1784368 nvme1n1 RS   1663221248 131072    2.358
08:32:57.225 VLLM::W        1784368 nvme1n1 RS   1663221504 131072    2.362
08:32:57.225 VLLM::W        1784368 nvme1n1 RS   1663221760 131072    2.415
08:32:57.225 nvme           2150942 Unknown N    -1         512       0.032
08:32:57.225 VLLM::W        1784368 nvme1n1 RS   1663222016 131072    2.499
08:32:57.225 VLLM::W        1784367 nvme1n1 RS   1663193088 131072    2.009
08:32:57.225 VLLM::W        1784367 nvme1n1 RS   1663193344 131072    2.009
08:32:57.225 VLLM::W        1784367 nvme1n1 RS   1663193600 131072    2.008
08:32:57.225 VLLM::W        1784367 nvme1n1 RS   1663193856 131072    2.006
08:32:57.225 VLLM::W        1784367 nvme1n1 RS   1663194624 131072    2.075
08:32:57.225 VLLM::W        1784367 nvme1n1 RS   1663194368 131072    2.086
08:32:57.225 VLLM::W        1784367 nvme1n1 RS   1663194112 131072    2.102
08:32:57.225 VLLM::W        1784367 nvme1n1 RS   1663194880 131072    2.130
08:32:57.225 VLLM::W        1784367 nvme1n1 RS   1663195136 131072    2.148
08:32:57.225 VLLM::W        1784367 nvme1n1 RS   1663195392 131072    2.166
08:32:57.225 VLLM::W        1784367 nvme1n1 RS   1663195648 131072    2.172
08:32:57.225 VLLM::W        1784367 nvme1n1 RS   1663195904 131072    2.200
08:32:57.225 VLLM::W        1784367 nvme1n1 RS   1663196160 131072    2.240
08:32:57.225 VLLM::W        1784367 nvme1n1 RS   1663196416 131072    2.271
08:32:57.225 VLLM::W        1784367 nvme1n1 RS   1663196672 131072    2.308
08:32:57.225 VLLM::W        1784367 nvme1n1 RS   1663196928 131072    2.328
08:32:57.225 VLLM::W        1784367 nvme1n1 RS   1663197184 131072    2.405
08:32:57.225 VLLM::W        1784367 nvme1n1 RS   1663197440 131072    2.416
08:32:57.225 VLLM::W        1784369 nvme1n1 RS   1663209472 131072    1.949
08:32:57.225 VLLM::W        1784369 nvme1n1 RS   1663209728 131072    1.969
08:32:57.225 VLLM::W        1784369 nvme1n1 RS   1663209984 131072    1.980
08:32:57.226 VLLM::W        1784369 nvme1n1 RS   1663210240 131072    2.051
08:32:57.226 VLLM::W        1784369 nvme1n1 RS   1663210496 131072    2.071
08:32:57.226 VLLM::W        1784369 nvme1n1 RS   1663210752 131072    2.110
08:32:57.226 VLLM::W        1784369 nvme1n1 RS   1663211008 131072    2.137
08:32:57.226 VLLM::W        1784369 nvme1n1 RS   1663211264 131072    2.150
08:32:57.226 VLLM::W        1784369 nvme1n1 RS   1663211520 131072    2.162
08:32:57.226 VLLM::W        1784369 nvme1n1 RS   1663211776 131072    2.203
08:32:57.226 VLLM::W        1784369 nvme1n1 RS   1663212032 131072    2.247
08:32:57.226 VLLM::W        1784369 nvme1n1 RS   1663212288 131072    2.258
08:32:57.226 VLLM::W        1784369 nvme1n1 RS   1663212800 131072    2.343
08:32:57.226 VLLM::W        1784369 nvme1n1 RS   1663212544 131072    2.371
08:32:57.226 VLLM::W        1784369 nvme1n1 RS   1663213056 131072    2.375
08:32:57.226 VLLM::W        1784369 nvme1n1 RS   1663213312 131072    2.395
08:32:57.226 VLLM::W        1784369 nvme1n1 RS   1663213568 131072    2.432
08:32:57.226 VLLM::W        1784369 nvme1n1 RS   1663213824 131072    2.484
08:32:57.226 VLLM::W        1784366 nvme1n1 RS   1663225856 131072    1.893
08:32:57.226 VLLM::W        1784366 nvme1n1 RS   1663226112 131072    1.908
08:32:57.226 VLLM::W        1784366 nvme1n1 RS   1663226368 131072    1.931
08:32:57.226 VLLM::W        1784366 nvme1n1 RS   1663226624 131072    1.942
08:32:57.226 VLLM::W        1784366 nvme1n1 RS   1663226880 131072    1.992
08:32:57.226 VLLM::W        1784366 nvme1n1 RS   1663227648 131072    2.047
08:32:57.226 VLLM::W        1784366 nvme1n1 RS   1663227136 131072    2.104
08:32:57.226 VLLM::W        1784366 nvme1n1 RS   1663227392 131072    2.109
08:32:57.226 VLLM::W        1784366 nvme1n1 RS   1663227904 131072    2.146
08:32:57.226 VLLM::W        1784366 nvme1n1 RS   1663228160 131072    2.164
08:32:57.226 VLLM::W        1784366 nvme1n1 RS   1663228416 131072    2.169
08:32:57.227 VLLM::W        1784366 nvme1n1 RS   1663229184 131072    2.260
08:32:57.227 VLLM::W        1784366 nvme1n1 RS   1663228672 131072    2.290
08:32:57.227 VLLM::W        1784366 nvme1n1 RS   1663228928 131072    2.303
08:32:57.227 VLLM::W        1784366 nvme1n1 RS   1663229440 131072    2.313
08:32:57.227 VLLM::W        1784366 nvme1n1 RS   1663230208 131072    2.387
08:32:57.227 VLLM::W        1784366 nvme1n1 RS   1663229696 131072    2.405
08:32:57.227 VLLM::W        1784366 nvme1n1 RS   1663229952 131072    2.417
08:32:57.227 VLLM::W        1784368 nvme1n1 RS   1663258624 131072    1.912
08:32:57.227 VLLM::W        1784368 nvme1n1 RS   1663259392 131072    1.909
08:32:57.227 VLLM::W        1784368 nvme1n1 RS   1663258880 131072    1.939
08:32:57.227 VLLM::W        1784368 nvme1n1 RS   1663259136 131072    1.951
08:32:57.227 VLLM::W        1784368 nvme1n1 RS   1663259648 131072    1.960
08:32:57.227 VLLM::W        1784368 nvme1n1 RS   1663259904 131072    2.020
08:32:57.227 VLLM::W        1784368 nvme1n1 RS   1663260160 131072    2.053
08:32:57.227 VLLM::W        1784368 nvme1n1 RS   1663260416 131072    2.055
08:32:57.227 VLLM::W        1784368 nvme1n1 RS   1663260672 131072    2.076
08:32:57.227 VLLM::W        1784368 nvme1n1 RS   1663260928 131072    2.086
08:32:57.227 VLLM::W        1784368 nvme1n1 RS   1663261184 131072    2.103
08:32:57.227 VLLM::W        1784368 nvme1n1 RS   1663261440 131072    2.141
08:32:57.227 VLLM::W        1784368 nvme1n1 RS   1663261696 131072    2.179
08:32:57.227 VLLM::W        1784368 nvme1n1 RS   1663261952 131072    2.226
08:32:57.227 VLLM::W        1784368 nvme1n1 RS   1663262208 131072    2.271
08:32:57.227 VLLM::W        1784368 nvme1n1 RS   1663262464 131072    2.276
08:32:57.227 VLLM::W        1784368 nvme1n1 RS   1663262720 131072    2.308
08:32:57.227 VLLM::W        1784368 nvme1n1 RS   1663262976 131072    2.335
08:32:57.227 VLLM::W        1784367 nvme1n1 RS   1663242240 131072    1.845
08:32:57.227 VLLM::W        1784367 nvme1n1 RS   1663242496 131072    1.868
08:32:57.227 VLLM::W        1784367 nvme1n1 RS   1663242752 131072    1.900
08:32:57.227 VLLM::W        1784367 nvme1n1 RS   1663243008 131072    1.936
08:32:57.228 VLLM::W        1784367 nvme1n1 RS   1663243264 131072    2.041
08:32:57.228 VLLM::W        1784367 nvme1n1 RS   1663243520 131072    2.080
08:32:57.228 VLLM::W        1784367 nvme1n1 RS   1663243776 131072    2.080
08:32:57.228 VLLM::W        1784367 nvme1n1 RS   1663244032 131072    2.058
08:32:57.228 VLLM::W        1784367 nvme1n1 RS   1663244288 131072    2.148
08:32:57.228 VLLM::W        1784367 nvme1n1 RS   1663244544 131072    2.160
08:32:57.228 VLLM::W        1784367 nvme1n1 RS   1663244800 131072    2.183
08:32:57.228 VLLM::W        1784367 nvme1n1 RS   1663245056 131072    2.189
08:32:57.228 VLLM::W        1784367 nvme1n1 RS   1663245312 131072    2.292
08:32:57.228 VLLM::W        1784367 nvme1n1 RS   1663245568 131072    2.310
08:32:57.228 VLLM::W        1784367 nvme1n1 RS   1663245824 131072    2.333
08:32:57.228 VLLM::W        1784367 nvme1n1 RS   1663246080 131072    2.333
08:32:57.228 VLLM::W        1784367 nvme1n1 RS   1663246336 131072    2.429
08:32:57.228 VLLM::W        1784367 nvme1n1 RS   1663246592 131072    2.440
08:32:57.228 VLLM::W        1784369 nvme1n1 RS   1663300096 131072    1.962
08:32:57.228 VLLM::W        1784369 nvme1n1 RS   1663299584 131072    1.985
08:32:57.228 VLLM::W        1784369 nvme1n1 RS   1663299840 131072    2.008
08:32:57.228 VLLM::W        1784369 nvme1n1 RS   1663300352 131072    2.011
08:32:57.228 VLLM::W        1784369 nvme1n1 RS   1663300608 131072    2.054
08:32:57.228 VLLM::W        1784369 nvme1n1 RS   1663300864 131072    2.066
08:32:57.228 VLLM::W        1784369 nvme1n1 RS   1663301120 131072    2.124
08:32:57.228 VLLM::W        1784369 nvme1n1 RS   1663301376 131072    2.108
08:32:57.228 VLLM::W        1784369 nvme1n1 RS   1663301632 131072    2.166
08:32:57.228 VLLM::W        1784369 nvme1n1 RS   1663301888 131072    2.177
08:32:57.228 VLLM::W        1784369 nvme1n1 RS   1663302144 131072    2.209
08:32:57.228 VLLM::W        1784369 nvme1n1 RS   1663302400 131072    2.237
08:32:57.229 VLLM::W        1784369 nvme1n1 RS   1663302912 131072    2.316
08:32:57.229 VLLM::W        1784369 nvme1n1 RS   1663302656 131072    2.362
08:32:57.229 VLLM::W        1784369 nvme1n1 RS   1663303168 131072    2.367
08:32:57.229 VLLM::W        1784369 nvme1n1 RS   1663303424 131072    2.387
08:32:57.229 VLLM::W        1784369 nvme1n1 RS   1663311872 131072    2.416
08:32:57.229 VLLM::W        1784369 nvme1n1 RS   1663312128 131072    2.446
08:32:57.229 VLLM::W        1784366 nvme1n1 RS   1663234048 131072    1.881
08:32:57.229 VLLM::W        1784366 nvme1n1 RS   1663234304 131072    1.893
08:32:57.229 VLLM::W        1784366 nvme1n1 RS   1663234560 131072    1.903
08:32:57.229 VLLM::W        1784366 nvme1n1 RS   1663234816 131072    1.966
08:32:57.229 VLLM::W        1784366 nvme1n1 RS   1663235072 131072    1.997
08:32:57.229 VLLM::W        1784366 nvme1n1 RS   1663235328 131072    2.025
08:32:57.229 VLLM::W        1784366 nvme1n1 RS   1663235584 131072    2.037
08:32:57.229 VLLM::W        1784366 nvme1n1 RS   1663235840 131072    2.043
08:32:57.229 VLLM::W        1784366 nvme1n1 RS   1663236096 131072    2.082
08:32:57.229 VLLM::W        1784366 nvme1n1 RS   1663236352 131072    2.110
08:32:57.229 VLLM::W        1784366 nvme1n1 RS   1663236608 131072    2.170
08:32:57.229 VLLM::W        1784366 nvme1n1 RS   1663236864 131072    2.175
08:32:57.229 VLLM::W        1784366 nvme1n1 RS   1663237120 131072    2.257
08:32:57.229 VLLM::W        1784366 nvme1n1 RS   1663237376 131072    2.263
08:32:57.229 VLLM::W        1784366 nvme1n1 RS   1663237632 131072    2.291
08:32:57.229 VLLM::W        1784366 nvme1n1 RS   1663237888 131072    2.308
08:32:57.229 VLLM::W        1784366 nvme1n1 RS   1663238144 131072    2.363
08:32:57.229 VLLM::W        1784366 nvme1n1 RS   1663238400 131072    2.359
08:32:57.229 VLLM::W        1784368 nvme1n1 RS   1663266816 131072    1.950
08:32:57.229 VLLM::W        1784368 nvme1n1 RS   1663267072 131072    1.951
08:32:57.229 VLLM::W        1784368 nvme1n1 RS   1663267328 131072    1.950
08:32:57.229 VLLM::W        1784368 nvme1n1 RS   1663267584 131072    1.975
08:32:57.230 VLLM::W        1784368 nvme1n1 RS   1663267840 131072    2.036
08:32:57.230 VLLM::W        1784368 nvme1n1 RS   1663268096 131072    2.070
08:32:57.230 VLLM::W        1784368 nvme1n1 RS   1663268352 131072    2.103
08:32:57.230 VLLM::W        1784368 nvme1n1 RS   1663268608 131072    2.089
08:32:57.230 VLLM::W        1784368 nvme1n1 RS   1663268864 131072    2.126
08:32:57.230 VLLM::W        1784368 nvme1n1 RS   1663269120 131072    2.159
08:32:57.230 VLLM::W        1784368 nvme1n1 RS   1663269376 131072    2.192
08:32:57.230 VLLM::W        1784368 nvme1n1 RS   1663269632 131072    2.223
08:32:57.230 VLLM::W        1784368 nvme1n1 RS   1663269888 131072    2.251
08:32:57.230 VLLM::W        1784368 nvme1n1 RS   1663270144 131072    2.291
08:32:57.230 VLLM::W        1784368 nvme1n1 RS   1663270400 131072    2.321
08:32:57.230 VLLM::W        1784368 nvme1n1 RS   1663270656 131072    2.352
08:32:57.230 VLLM::W        1784368 nvme1n1 RS   1663270912 131072    2.390
08:32:57.230 VLLM::W        1784368 nvme1n1 RS   1663271168 131072    2.428
08:32:57.230 VLLM::W        1784367 nvme1n1 RS   1663275008 131072    1.875
08:32:57.230 VLLM::W        1784367 nvme1n1 RS   1663275264 131072    1.879
08:32:57.230 VLLM::W        1784367 nvme1n1 RS   1663275520 131072    1.894
08:32:57.230 VLLM::W        1784367 nvme1n1 RS   1663275776 131072    1.908
08:32:57.230 VLLM::W        1784367 nvme1n1 RS   1663276032 131072    1.942
08:32:57.230 VLLM::W        1784367 nvme1n1 RS   1663276544 131072    2.049
08:32:57.230 VLLM::W        1784367 nvme1n1 RS   1663276288 131072    2.062
08:32:57.230 VLLM::W        1784367 nvme1n1 RS   1663276800 131072    2.051
08:32:57.230 VLLM::W        1784367 nvme1n1 RS   1663277056 131072    2.062
08:32:57.230 VLLM::W        1784367 nvme1n1 RS   1663277312 131072    2.145
08:32:57.230 VLLM::W        1784367 nvme1n1 RS   1663277568 131072    2.158
08:32:57.230 VLLM::W        1784367 nvme1n1 RS   1663277824 131072    2.179
08:32:57.230 VLLM::W        1784367 nvme1n1 RS   1663278080 131072    2.190
08:32:57.231 VLLM::W        1784367 nvme1n1 RS   1663278336 131072    2.273
08:32:57.231 VLLM::W        1784367 nvme1n1 RS   1663278592 131072    2.296
08:32:57.231 VLLM::W        1784367 nvme1n1 RS   1663278848 131072    2.296
08:32:57.231 VLLM::W        1784367 nvme1n1 RS   1663279104 131072    2.325
08:32:57.231 VLLM::W        1784367 nvme1n1 RS   1663279360 131072    2.388
08:32:57.231 VLLM::W        1784369 nvme1n1 RS   1663332352 131072    1.935
08:32:57.231 VLLM::W        1784369 nvme1n1 RS   1663332864 131072    1.985
08:32:57.231 VLLM::W        1784369 nvme1n1 RS   1663332608 131072    1.996
08:32:57.231 VLLM::W        1784369 nvme1n1 RS   1663333120 131072    2.022
08:32:57.231 VLLM::W        1784369 nvme1n1 RS   1663333376 131072    2.055
08:32:57.231 VLLM::W        1784369 nvme1n1 RS   1663333632 131072    2.091
08:32:57.231 VLLM::W        1784369 nvme1n1 RS   1663333888 131072    2.142
08:32:57.231 VLLM::W        1784369 nvme1n1 RS   1663334144 131072    2.152
08:32:57.231 VLLM::W        1784369 nvme1n1 RS   1663334400 131072    2.166
08:32:57.231 VLLM::W        1784369 nvme1n1 RS   1663334656 131072    2.211
08:32:57.231 VLLM::W        1784369 nvme1n1 RS   1663334912 131072    2.246
08:32:57.231 VLLM::W        1784369 nvme1n1 RS   1663335168 131072    2.258
08:32:57.231 VLLM::W        1784369 nvme1n1 RS   1663335680 131072    2.346
08:32:57.231 VLLM::W        1784369 nvme1n1 RS   1663335424 131072    2.363
08:32:57.231 VLLM::W        1784369 nvme1n1 RS   1663335936 131072    2.372
08:32:57.231 VLLM::W        1784369 nvme1n1 RS   1663336192 131072    2.466
08:32:57.231 VLLM::W        1784369 nvme1n1 RS   1663340800 131072    2.483
08:32:57.231 VLLM::W        1784369 nvme1n1 RS   1663340544 131072    2.500
08:32:57.231 VLLM::W        1784366 nvme1n1 RS   1663250432 131072    1.937
08:32:57.231 VLLM::W        1784366 nvme1n1 RS   1663250688 131072    1.952
08:32:57.231 VLLM::W        1784366 nvme1n1 RS   1663250944 131072    1.968
08:32:57.231 VLLM::W        1784366 nvme1n1 RS   1663251200 131072    1.978
08:32:57.232 VLLM::W        1784366 nvme1n1 RS   1663251456 131072    2.046
08:32:57.232 VLLM::W        1784366 nvme1n1 RS   1663251712 131072    2.080
08:32:57.232 VLLM::W        1784366 nvme1n1 RS   1663251968 131072    2.110
08:32:57.232 VLLM::W        1784366 nvme1n1 RS   1663252224 131072    2.094
08:32:57.232 VLLM::W        1784366 nvme1n1 RS   1663252480 131072    2.128
08:32:57.232 VLLM::W        1784366 nvme1n1 RS   1663252736 131072    2.157
08:32:57.232 VLLM::W        1784366 nvme1n1 RS   1663252992 131072    2.198
08:32:57.232 VLLM::W        1784366 nvme1n1 RS   1663253248 131072    2.226
08:32:57.232 VLLM::W        1784366 nvme1n1 RS   1663253504 131072    2.257
08:32:57.232 VLLM::W        1784366 nvme1n1 RS   1663253760 131072    2.293
08:32:57.232 VLLM::W        1784366 nvme1n1 RS   1663254016 131072    2.328
08:32:57.232 VLLM::W        1784366 nvme1n1 RS   1663254272 131072    2.360
08:32:57.232 VLLM::W        1784366 nvme1n1 RS   1663254528 131072    2.390
08:32:57.232 VLLM::W        1784366 nvme1n1 RS   1663254784 131072    2.426
08:32:57.232 VLLM::W        1784368 nvme1n1 RS   1663291392 131072    1.872
08:32:57.232 VLLM::W        1784368 nvme1n1 RS   1663291648 131072    1.879
08:32:57.232 VLLM::W        1784368 nvme1n1 RS   1663291904 131072    1.911
08:32:57.232 VLLM::W        1784368 nvme1n1 RS   1663292160 131072    1.958
08:32:57.232 VLLM::W        1784368 nvme1n1 RS   1663292416 131072    2.014
08:32:57.232 VLLM::W        1784368 nvme1n1 RS   1663292672 131072    2.029
08:32:57.232 VLLM::W        1784368 nvme1n1 RS   1663292928 131072    2.086
08:32:57.232 VLLM::W        1784368 nvme1n1 RS   1663293184 131072    2.076
08:32:57.232 VLLM::W        1784368 nvme1n1 RS   1663293440 131072    2.105
08:32:57.232 VLLM::W        1784368 nvme1n1 RS   1663293696 131072    2.133
08:32:57.232 VLLM::W        1784368 nvme1n1 RS   1663293952 131072    2.167
08:32:57.232 VLLM::W        1784368 nvme1n1 RS   1663294208 131072    2.200
08:32:57.232 VLLM::W        1784368 nvme1n1 RS   1663294464 131072    2.240
08:32:57.233 VLLM::W        1784368 nvme1n1 RS   1663294720 131072    2.277
08:32:57.233 VLLM::W        1784368 nvme1n1 RS   1663294976 131072    2.315
08:32:57.233 VLLM::W        1784368 nvme1n1 RS   1663295232 131072    2.337
08:32:57.233 VLLM::W        1784368 nvme1n1 RS   1663295488 131072    2.374
08:32:57.233 VLLM::W        1784368 nvme1n1 RS   1663295744 131072    2.403
08:32:57.233 VLLM::W        1784367 nvme1n1 RS   1663283200 131072    1.824
08:32:57.233 VLLM::W        1784367 nvme1n1 RS   1663283456 131072    1.856
08:32:57.233 VLLM::W        1784367 nvme1n1 RS   1663283712 131072    1.883
08:32:57.233 VLLM::W        1784367 nvme1n1 RS   1663283968 131072    1.915
08:32:57.233 VLLM::W        1784367 nvme1n1 RS   1663284224 131072    1.954
08:32:57.233 VLLM::W        1784367 nvme1n1 RS   1663284480 131072    2.020
08:32:57.233 VLLM::W        1784367 nvme1n1 RS   1663284736 131072    2.041
08:32:57.233 VLLM::W        1784367 nvme1n1 RS   1663284992 131072    2.029
08:32:57.233 VLLM::W        1784367 nvme1n1 RS   1663285248 131072    2.061
08:32:57.233 VLLM::W        1784367 nvme1n1 RS   1663285504 131072    2.095
08:32:57.233 VLLM::W        1784367 nvme1n1 RS   1663285760 131072    2.137
08:32:57.233 VLLM::W        1784367 nvme1n1 RS   1663286016 131072    2.167
08:32:57.233 VLLM::W        1784367 nvme1n1 RS   1663286272 131072    2.199
08:32:57.233 VLLM::W        1784367 nvme1n1 RS   1663286528 131072    2.237
08:32:57.233 VLLM::W        1784367 nvme1n1 RS   1663286784 131072    2.271
08:32:57.233 VLLM::W        1784367 nvme1n1 RS   1663287040 131072    2.294
08:32:57.233 VLLM::W        1784367 nvme1n1 RS   1663287296 131072    2.358
08:32:57.233 VLLM::W        1784367 nvme1n1 RS   1663287552 131072    2.365
08:32:57.233 VLLM::W        1784369 nvme1n1 RS   1566589184 131072    1.912
08:32:57.233 VLLM::W        1784369 nvme1n1 RS   1566588928 131072    1.934
08:32:57.233 VLLM::W        1784369 nvme1n1 RS   1566589440 131072    1.938
08:32:57.233 VLLM::W        1784369 nvme1n1 RS   1566589696 131072    1.969
08:32:57.234 VLLM::W        1784369 nvme1n1 RS   1566589952 131072    2.013
08:32:57.234 VLLM::W        1784369 nvme1n1 RS   1566590208 131072    2.075
08:32:57.234 VLLM::W        1784369 nvme1n1 RS   1566590464 131072    2.099
08:32:57.234 VLLM::W        1784369 nvme1n1 RS   1566590720 131072    2.088
08:32:57.234 VLLM::W        1784369 nvme1n1 RS   1566590976 131072    2.116
08:32:57.234 VLLM::W        1784369 nvme1n1 RS   1566591232 131072    2.156
08:32:57.234 VLLM::W        1784369 nvme1n1 RS   1566591488 131072    2.186
08:32:57.234 VLLM::W        1784369 nvme1n1 RS   1566591744 131072    2.216
08:32:57.234 VLLM::W        1784369 nvme1n1 RS   1566592000 131072    2.291
08:32:57.234 VLLM::W        1784369 nvme1n1 RS   1566592256 131072    2.302
08:32:57.234 VLLM::W        1784369 nvme1n1 RS   1566592512 131072    2.328
08:32:57.234 VLLM::W        1784369 nvme1n1 RS   1566592768 131072    2.364
08:32:57.234 VLLM::W        1784369 nvme1n1 RS   1566593024 131072    2.415
08:32:57.234 VLLM::W        1784369 nvme1n1 RS   1566593280 131072    2.427
08:32:57.234 VLLM::W        1784366 nvme1n1 RS   1663352832 131072    1.871
08:32:57.234 VLLM::W        1784366 nvme1n1 RS   1663353088 131072    1.903
08:32:57.234 VLLM::W        1784366 nvme1n1 RS   1663353344 131072    1.935
08:32:57.234 VLLM::W        1784366 nvme1n1 RS   1663353856 131072    2.017
08:32:57.234 VLLM::W        1784366 nvme1n1 RS   1663353600 131072    2.040
08:32:57.234 VLLM::W        1784366 nvme1n1 RS   1663354112 131072    2.093
08:32:57.234 VLLM::W        1784366 nvme1n1 RS   1663354368 131072    2.116
08:32:57.234 VLLM::W        1784366 nvme1n1 RS   1663354624 131072    2.096
08:32:57.234 VLLM::W        1784366 nvme1n1 RS   1663354880 131072    2.125
08:32:57.234 VLLM::W        1784366 nvme1n1 RS   1663355392 131072    2.161
08:32:57.234 VLLM::W        1784366 nvme1n1 RS   1663355648 131072    2.210
08:32:57.234 VLLM::W        1784366 nvme1n1 RS   1663355136 131072    2.223
08:32:57.234 VLLM::W        1784366 nvme1n1 RS   1663355904 131072    2.245
08:32:57.235 VLLM::W        1784366 nvme1n1 RS   1663356416 131072    2.315
08:32:57.235 VLLM::W        1784366 nvme1n1 RS   1663356160 131072    2.340
08:32:57.235 VLLM::W        1784366 nvme1n1 RS   1663356672 131072    2.340
08:32:57.235 VLLM::W        1784366 nvme1n1 RS   1663365376 131072    2.409
08:32:57.235 VLLM::W        1784366 nvme1n1 RS   1663365120 131072    2.425
08:32:57.235 VLLM::W        1784368 nvme1n1 RS   1663525120 131072    2.016
08:32:57.235 VLLM::W        1784368 nvme1n1 RS   1663524864 131072    2.024
08:32:57.235 VLLM::W        1784368 nvme1n1 RS   1663525376 131072    2.019
08:32:57.235 VLLM::W        1784368 nvme1n1 RS   1663525632 131072    2.017
08:32:57.235 VLLM::W        1784368 nvme1n1 RS   1663525888 131072    2.034
08:32:57.235 VLLM::W        1784368 nvme1n1 RS   1663526144 131072    2.076
08:32:57.235 VLLM::W        1784368 nvme1n1 RS   1663526400 131072    2.139
08:32:57.235 VLLM::W        1784368 nvme1n1 RS   1663526656 131072    2.129
08:32:57.235 VLLM::W        1784368 nvme1n1 RS   1663526912 131072    2.166
08:32:57.235 VLLM::W        1784368 nvme1n1 RS   1663527168 131072    2.192
08:32:57.235 VLLM::W        1784368 nvme1n1 RS   1663527424 131072    2.225
08:32:57.235 VLLM::W        1784368 nvme1n1 RS   1663527680 131072    2.251
08:32:57.235 VLLM::W        1784368 nvme1n1 RS   1663527936 131072    2.293
08:32:57.235 VLLM::W        1784368 nvme1n1 RS   1663528192 131072    2.320
08:32:57.235 VLLM::W        1784368 nvme1n1 RS   1663528448 131072    2.348
08:32:57.235 VLLM::W        1784368 nvme1n1 RS   1663528704 131072    2.382
08:32:57.235 VLLM::W        1784368 nvme1n1 RS   1663528960 131072    2.421
08:32:57.235 VLLM::W        1784368 nvme1n1 RS   1663529216 131072    2.455
08:32:57.235 VLLM::W        1784367 nvme1n1 RS   1663369216 131072    1.877
08:32:57.235 VLLM::W        1784367 nvme1n1 RS   1663369472 131072    1.910
08:32:57.235 VLLM::W        1784367 nvme1n1 RS   1663369728 131072    1.939
08:32:57.235 VLLM::W        1784367 nvme1n1 RS   1663369984 131072    1.977
08:32:57.236 VLLM::W        1784367 nvme1n1 RS   1663370240 131072    2.070
08:32:57.236 VLLM::W        1784367 nvme1n1 RS   1663370496 131072    2.078
08:32:57.236 VLLM::W        1784367 nvme1n1 RS   1663370752 131072    2.121
08:32:57.236 VLLM::W        1784367 nvme1n1 RS   1663371008 131072    2.115
08:32:57.236 VLLM::W        1784367 nvme1n1 RS   1663371264 131072    2.126
08:32:57.236 VLLM::W        1784367 nvme1n1 RS   1663371520 131072    2.203
08:32:57.236 VLLM::W        1784367 nvme1n1 RS   1663371776 131072    2.226
08:32:57.236 VLLM::W        1784367 nvme1n1 RS   1663372032 131072    2.231
08:32:57.236 VLLM::W        1784367 nvme1n1 RS   1663372288 131072    2.260
08:32:57.236 VLLM::W        1784367 nvme1n1 RS   1663372544 131072    2.370
08:32:57.236 VLLM::W        1784367 nvme1n1 RS   1663372800 131072    2.388
08:32:57.236 VLLM::W        1784367 nvme1n1 RS   1663373056 131072    2.400
08:32:57.236 VLLM::W        1784367 nvme1n1 RS   1663381504 131072    2.412
08:32:57.236 VLLM::W        1784369 nvme1n1 RS   1566597376 131072    1.948
08:32:57.236 VLLM::W        1784367 nvme1n1 RS   1663381760 131072    2.531
08:32:57.236 VLLM::W        1784369 nvme1n1 RS   1566597120 131072    1.990
08:32:57.236 VLLM::W        1784369 nvme1n1 RS   1566597632 131072    1.998
08:32:57.236 VLLM::W        1784369 nvme1n1 RS   1566597888 131072    2.030
08:32:57.236 VLLM::W        1784369 nvme1n1 RS   1566598144 131072    2.057
08:32:57.236 VLLM::W        1784369 nvme1n1 RS   1566598400 131072    2.086
08:32:57.236 VLLM::W        1784369 nvme1n1 RS   1566598656 131072    2.115
08:32:57.236 VLLM::W        1784369 nvme1n1 RS   1566598912 131072    2.121
08:32:57.236 VLLM::W        1784369 nvme1n1 RS   1566599168 131072    2.183
08:32:57.236 VLLM::W        1784369 nvme1n1 RS   1566599424 131072    2.223
08:32:57.236 VLLM::W        1784369 nvme1n1 RS   1566599680 131072    2.230
08:32:57.236 VLLM::W        1784369 nvme1n1 RS   1566599936 131072    2.268
08:32:57.236 VLLM::W        1784369 nvme1n1 RS   1566600192 131072    2.308
08:32:57.237 VLLM::W        1784369 nvme1n1 RS   1566600448 131072    2.339
08:32:57.237 VLLM::W        1784369 nvme1n1 RS   1566600704 131072    2.374
08:32:57.237 VLLM::W        1784369 nvme1n1 RS   1566600960 131072    2.394
08:32:57.237 VLLM::W        1784369 nvme1n1 RS   1566601216 131072    2.469
08:32:57.237 VLLM::W        1784369 nvme1n1 RS   1566601472 131072    2.481
08:32:57.237 VLLM::W        1784366 nvme1n1 RS   1663385600 131072    1.895
08:32:57.237 VLLM::W        1784366 nvme1n1 RS   1663385856 131072    1.900
08:32:57.237 VLLM::W        1784366 nvme1n1 RS   1663386112 131072    1.927
08:32:57.237 VLLM::W        1784366 nvme1n1 RS   1663386368 131072    1.963
08:32:57.237 VLLM::W        1784366 nvme1n1 RS   1663386624 131072    2.016
08:32:57.237 VLLM::W        1784366 nvme1n1 RS   1663386880 131072    2.050
08:32:57.237 VLLM::W        1784366 nvme1n1 RS   1663387136 131072    2.056
08:32:57.237 VLLM::W        1784366 nvme1n1 RS   1663387392 131072    2.065
08:32:57.237 VLLM::W        1784366 nvme1n1 RS   1663387648 131072    2.091
08:32:57.237 VLLM::W        1784366 nvme1n1 RS   1663387904 131072    2.115
08:32:57.237 VLLM::W        1784366 nvme1n1 RS   1663388160 131072    2.201
08:32:57.237 VLLM::W        1784366 nvme1n1 RS   1663388416 131072    2.219
08:32:57.237 VLLM::W        1784366 nvme1n1 RS   1663388672 131072    2.243
08:32:57.237 VLLM::W        1784366 nvme1n1 RS   1663388928 131072    2.255
08:32:57.237 VLLM::W        1784366 nvme1n1 RS   1663389184 131072    2.291
08:32:57.237 VLLM::W        1784366 nvme1n1 RS   1663389440 131072    2.320
08:32:57.237 VLLM::W        1784366 nvme1n1 RS   1663389696 131072    2.363
08:32:57.237 VLLM::W        1784366 nvme1n1 RS   1663389952 131072    2.392
08:32:57.237 VLLM::W        1784368 nvme1n1 RS   1663401984 131072    1.905
08:32:57.237 VLLM::W        1784368 nvme1n1 RS   1663402240 131072    1.909
08:32:57.237 VLLM::W        1784368 nvme1n1 RS   1663402496 131072    1.924
08:32:57.237 VLLM::W        1784368 nvme1n1 RS   1663402752 131072    1.947
08:32:57.238 VLLM::W        1784368 nvme1n1 RS   1663403008 131072    1.985
08:32:57.238 VLLM::W        1784368 nvme1n1 RS   1663403264 131072    2.041
08:32:57.238 VLLM::W        1784368 nvme1n1 RS   1663403520 131072    2.058
08:32:57.238 VLLM::W        1784368 nvme1n1 RS   1663403776 131072    2.074
08:32:57.238 VLLM::W        1784368 nvme1n1 RS   1663404032 131072    2.103
08:32:57.238 VLLM::W        1784368 nvme1n1 RS   1663404288 131072    2.136
08:32:57.238 VLLM::W        1784368 nvme1n1 RS   1663404544 131072    2.189
08:32:57.238 VLLM::W        1784368 nvme1n1 RS   1663404800 131072    2.227
08:32:57.238 VLLM::W        1784368 nvme1n1 RS   1663405056 131072    2.238
08:32:57.238 VLLM::W        1784368 nvme1n1 RS   1663405312 131072    2.276
08:32:57.238 VLLM::W        1784368 nvme1n1 RS   1663405568 131072    2.334
08:32:57.238 VLLM::W        1784368 nvme1n1 RS   1663405824 131072    2.338
08:32:57.238 VLLM::W        1784368 nvme1n1 RS   1663406080 131072    2.402
08:32:57.238 VLLM::W        1784368 nvme1n1 RS   1663406336 131072    2.413
08:32:57.238 VLLM::W        1784367 nvme1n1 RS   1663500288 131072    1.831
08:32:57.238 VLLM::W        1784367 nvme1n1 RS   1663500544 131072    1.848
08:32:57.238 VLLM::W        1784367 nvme1n1 RS   1663500800 131072    1.847
08:32:57.238 VLLM::W        1784367 nvme1n1 RS   1663501056 131072    1.856
08:32:57.238 VLLM::W        1784367 nvme1n1 RS   1663501312 131072    1.893
08:32:57.238 VLLM::W        1784367 nvme1n1 RS   1663501568 131072    1.954
08:32:57.238 VLLM::W        1784367 nvme1n1 RS   1663501824 131072    1.991
08:32:57.238 VLLM::W        1784367 nvme1n1 RS   1663502080 131072    1.987
08:32:57.238 VLLM::W        1784367 nvme1n1 RS   1663502336 131072    1.998
08:32:57.238 VLLM::W        1784367 nvme1n1 RS   1663502592 131072    2.028
08:32:57.238 VLLM::W        1784367 nvme1n1 RS   1663502848 131072    2.061
08:32:57.238 VLLM::W        1784367 nvme1n1 RS   1663503104 131072    2.090
08:32:57.239 VLLM::W        1784367 nvme1n1 RS   1663503360 131072    2.173
08:32:57.239 VLLM::W        1784367 nvme1n1 RS   1663503616 131072    2.193
08:32:57.239 VLLM::W        1784367 nvme1n1 RS   1663503872 131072    2.205
08:32:57.239 VLLM::W        1784367 nvme1n1 RS   1663504128 131072    2.231
08:32:57.239 VLLM::W        1784367 nvme1n1 RS   1663504384 131072    2.281
08:32:57.239 VLLM::W        1784367 nvme1n1 RS   1663504640 131072    2.308
08:32:57.239 VLLM::W        1784369 nvme1n1 RS   1663426560 131072    1.933
08:32:57.239 VLLM::W        1784369 nvme1n1 RS   1663426816 131072    1.950
08:32:57.239 VLLM::W        1784369 nvme1n1 RS   1663427072 131072    1.960
08:32:57.239 VLLM::W        1784369 nvme1n1 RS   1663427328 131072    1.997
08:32:57.239 VLLM::W        1784369 nvme1n1 RS   1663427584 131072    2.029
08:32:57.239 VLLM::W        1784369 nvme1n1 RS   1663427840 131072    2.096
08:32:57.239 VLLM::W        1784369 nvme1n1 RS   1663428096 131072    2.131
08:32:57.239 VLLM::W        1784369 nvme1n1 RS   1663428352 131072    2.128
08:32:57.239 VLLM::W        1784369 nvme1n1 RS   1663428608 131072    2.145
08:32:57.239 VLLM::W        1784369 nvme1n1 RS   1663428864 131072    2.174
08:32:57.239 VLLM::W        1784369 nvme1n1 RS   1663429120 131072    2.225
08:32:57.239 VLLM::W        1784369 nvme1n1 RS   1663429376 131072    2.237
08:32:57.239 VLLM::W        1784369 nvme1n1 RS   1663429632 131072    2.276
08:32:57.239 VLLM::W        1784369 nvme1n1 RS   1663429888 131072    2.315
08:32:57.239 VLLM::W        1784369 nvme1n1 RS   1663430144 131072    2.346
08:32:57.239 VLLM::W        1784369 nvme1n1 RS   1663430400 131072    2.372
08:32:57.239 VLLM::W        1784369 nvme1n1 RS   1663430656 131072    2.418
08:32:57.239 VLLM::W        1784369 nvme1n1 RS   1663430912 131072    2.445
08:32:57.239 VLLM::W        1784366 nvme1n1 RS   1663393792 131072    1.856
08:32:57.239 VLLM::W        1784366 nvme1n1 RS   1663394048 131072    1.884
08:32:57.239 VLLM::W        1784366 nvme1n1 RS   1663394304 131072    1.926
08:32:57.240 VLLM::W        1784366 nvme1n1 RS   1663394816 131072    2.001
08:32:57.240 VLLM::W        1784366 nvme1n1 RS   1663394560 131072    2.028
08:32:57.240 VLLM::W        1784366 nvme1n1 RS   1663395072 131072    2.057
08:32:57.240 VLLM::W        1784366 nvme1n1 RS   1663395328 131072    2.060
08:32:57.240 VLLM::W        1784366 nvme1n1 RS   1663395584 131072    2.059
08:32:57.240 VLLM::W        1784366 nvme1n1 RS   1663395840 131072    2.094
08:32:57.240 VLLM::W        1784366 nvme1n1 RS   1663396096 131072    2.127
08:32:57.240 VLLM::W        1784366 nvme1n1 RS   1663396352 131072    2.165
08:32:57.240 VLLM::W        1784366 nvme1n1 RS   1663396608 131072    2.196
08:32:57.240 VLLM::W        1784366 nvme1n1 RS   1663396864 131072    2.277
08:32:57.240 VLLM::W        1784366 nvme1n1 RS   1663397120 131072    2.288
08:32:57.240 VLLM::W        1784366 nvme1n1 RS   1663397376 131072    2.315
08:32:57.240 VLLM::W        1784366 nvme1n1 RS   1663397632 131072    2.336
08:32:57.240 VLLM::W        1784366 nvme1n1 RS   1663397888 131072    2.371
08:32:57.240 VLLM::W        1784366 nvme1n1 RS   1663398144 131072    2.437
08:32:57.240 VLLM::W        1784368 nvme1n1 RS   1566605568 131072    1.871
08:32:57.240 VLLM::W        1784368 nvme1n1 RS   1566605824 131072    1.918
08:32:57.240 VLLM::W        1784368 nvme1n1 RS   1566605312 131072    1.932
08:32:57.240 VLLM::W        1784368 nvme1n1 RS   1566606336 131072    1.968
08:32:57.240 VLLM::W        1784368 nvme1n1 RS   1566606080 131072    2.055
08:32:57.240 VLLM::W        1784368 nvme1n1 RS   1566607104 131072    2.081
08:32:57.240 VLLM::W        1784368 nvme1n1 RS   1566606592 131072    2.134
08:32:57.240 VLLM::W        1784368 nvme1n1 RS   1566606848 131072    2.146
08:32:57.240 VLLM::W        1784368 nvme1n1 RS   1566607616 131072    2.130
08:32:57.240 VLLM::W        1784368 nvme1n1 RS   1566607872 131072    2.160
08:32:57.240 VLLM::W        1784368 nvme1n1 RS   1566607360 131072    2.217
08:32:57.241 VLLM::W        1784368 nvme1n1 RS   1566608640 131072    2.277
08:32:57.241 VLLM::W        1784368 nvme1n1 RS   1566608128 131072    2.302
08:32:57.241 VLLM::W        1784368 nvme1n1 RS   1566608384 131072    2.315
08:32:57.241 VLLM::W        1784368 nvme1n1 RS   1566608896 131072    2.324
08:32:57.241 VLLM::W        1784368 nvme1n1 RS   1566609152 131072    2.361
08:32:57.241 VLLM::W        1784368 nvme1n1 RS   1566609408 131072    2.388
08:32:57.241 VLLM::W        1784368 nvme1n1 RS   1566609664 131072    2.399
08:32:57.241 VLLM::W        1784367 nvme1n1 RS   1663410432 131072    1.954
08:32:57.241 VLLM::W        1784367 nvme1n1 RS   1663410176 131072    1.962
08:32:57.241 VLLM::W        1784367 nvme1n1 RS   1663410688 131072    1.957
08:32:57.241 VLLM::W        1784367 nvme1n1 RS   1663410944 131072    1.989
08:32:57.241 VLLM::W        1784367 nvme1n1 RS   1663411200 131072    2.010
08:32:57.241 VLLM::W        1784367 nvme1n1 RS   1663411456 131072    2.046
08:32:57.241 VLLM::W        1784367 nvme1n1 RS   1663411712 131072    2.065
08:32:57.241 VLLM::W        1784367 nvme1n1 RS   1663411968 131072    2.054
08:32:57.241 VLLM::W        1784367 nvme1n1 RS   1663412224 131072    2.083
08:32:57.241 VLLM::W        1784367 nvme1n1 RS   1663412480 131072    2.129
08:32:57.241 VLLM::W        1784367 nvme1n1 RS   1663412736 131072    2.155
08:32:57.241 VLLM::W        1784367 nvme1n1 RS   1663412992 131072    2.183
08:32:57.241 VLLM::W        1784367 nvme1n1 RS   1663413248 131072    2.251
08:32:57.241 VLLM::W        1784367 nvme1n1 RS   1663413504 131072    2.262
08:32:57.241 VLLM::W        1784367 nvme1n1 RS   1663413760 131072    2.291
08:32:57.241 VLLM::W        1784367 nvme1n1 RS   1663414016 131072    2.317
08:32:57.241 VLLM::W        1784367 nvme1n1 RS   1663414272 131072    2.349
08:32:57.241 VLLM::W        1784367 nvme1n1 RS   1663414528 131072    2.383
08:32:57.241 VLLM::W        1784369 nvme1n1 RS   1663533056 131072    1.900
08:32:57.241 VLLM::W        1784369 nvme1n1 RS   1663533312 131072    1.930
08:32:57.241 VLLM::W        1784369 nvme1n1 RS   1663533568 131072    1.962
08:32:57.241 VLLM::W        1784369 nvme1n1 RS   1663533824 131072    1.990
08:32:57.241 VLLM::W        1784369 nvme1n1 RS   1663534080 131072    2.025
08:32:57.242 VLLM::W        1784369 nvme1n1 RS   1663534336 131072    2.088
08:32:57.242 VLLM::W        1784369 nvme1n1 RS   1663534592 131072    2.128
08:32:57.242 VLLM::W        1784369 nvme1n1 RS   1663534848 131072    2.111
08:32:57.242 VLLM::W        1784369 nvme1n1 RS   1663535104 131072    2.140
08:32:57.242 VLLM::W        1784369 nvme1n1 RS   1663535360 131072    2.173
08:32:57.242 VLLM::W        1784369 nvme1n1 RS   1663535616 131072    2.207
08:32:57.242 VLLM::W        1784369 nvme1n1 RS   1663535872 131072    2.242
08:32:57.242 VLLM::W        1784369 nvme1n1 RS   1663536128 131072    2.280
08:32:57.242 VLLM::W        1784369 nvme1n1 RS   1663536384 131072    2.317
08:32:57.242 VLLM::W        1784369 nvme1n1 RS   1663536640 131072    2.358
08:32:57.242 VLLM::W        1784369 nvme1n1 RS   1663536896 131072    2.381
08:32:57.242 VLLM::W        1784369 nvme1n1 RS   1663537152 131072    2.450
08:32:57.242 VLLM::W        1784369 nvme1n1 RS   1663537408 131072    2.462
08:32:57.242 VLLM::W        1784366 nvme1n1 RS   1663508480 131072    1.826
08:32:57.242 VLLM::W        1784366 nvme1n1 RS   1663508736 131072    1.857
08:32:57.242 VLLM::W        1784366 nvme1n1 RS   1663508992 131072    1.902
08:32:57.242 VLLM::W        1784366 nvme1n1 RS   1663509248 131072    1.958
08:32:57.242 VLLM::W        1784366 nvme1n1 RS   1663509504 131072    1.994
08:32:57.242 VLLM::W        1784366 nvme1n1 RS   1663509760 131072    2.006
08:32:57.242 VLLM::W        1784366 nvme1n1 RS   1663510016 131072    2.041
08:32:57.242 VLLM::W        1784366 nvme1n1 RS   1663510272 131072    2.049
08:32:57.242 VLLM::W        1784366 nvme1n1 RS   1663510528 131072    2.075
08:32:57.242 VLLM::W        1784366 nvme1n1 RS   1663510784 131072    2.113
08:32:57.242 VLLM::W        1784366 nvme1n1 RS   1663511040 131072    2.141
08:32:57.242 VLLM::W        1784366 nvme1n1 RS   1663511296 131072    2.169
08:32:57.242 VLLM::W        1784366 nvme1n1 RS   1663511552 131072    2.245
08:32:57.242 VLLM::W        1784366 nvme1n1 RS   1663511808 131072    2.255
08:32:57.243 VLLM::W        1784366 nvme1n1 RS   1663512064 131072    2.281
08:32:57.243 VLLM::W        1784366 nvme1n1 RS   1663512320 131072    2.315
08:32:57.243 VLLM::W        1784366 nvme1n1 RS   1663512576 131072    2.353
08:32:57.243 VLLM::W        1784366 nvme1n1 RS   1663512832 131072    2.399
08:32:57.243 VLLM::W        1784368 nvme1n1 RS   1566613760 131072    2.005
08:32:57.243 VLLM::W        1784368 nvme1n1 RS   1566613504 131072    2.012
08:32:57.243 VLLM::W        1784368 nvme1n1 RS   1566614016 131072    2.008
08:32:57.243 VLLM::W        1784368 nvme1n1 RS   1566614272 131072    2.027
08:32:57.243 VLLM::W        1784368 nvme1n1 RS   1566614528 131072    2.059
08:32:57.243 VLLM::W        1784368 nvme1n1 RS   1566614784 131072    2.069
08:32:57.243 VLLM::W        1784368 nvme1n1 RS   1566615040 131072    2.128
08:32:57.243 VLLM::W        1784368 nvme1n1 RS   1566615296 131072    2.125
08:32:57.243 VLLM::W        1784368 nvme1n1 RS   1566615552 131072    2.136
08:32:57.243 VLLM::W        1784368 nvme1n1 RS   1566615808 131072    2.159
08:32:57.243 VLLM::W        1784368 nvme1n1 RS   1566616064 131072    2.217
08:32:57.243 VLLM::W        1784368 nvme1n1 RS   1566616320 131072    2.229
08:32:57.243 VLLM::W        1784368 nvme1n1 RS   1566616576 131072    2.322
08:32:57.243 VLLM::W        1784368 nvme1n1 RS   1566616832 131072    2.339
08:32:57.243 VLLM::W        1784368 nvme1n1 RS   1566617088 131072    2.355
08:32:57.243 VLLM::W        1784368 nvme1n1 RS   1566617344 131072    2.365
08:32:57.243 VLLM::W        1784368 nvme1n1 RS   1566617600 131072    2.390
08:32:57.243 VLLM::W        1784368 nvme1n1 RS   1566617856 131072    2.424
08:32:57.243 VLLM::W        1784367 nvme1n1 RS   1663418368 131072    1.892
08:32:57.243 VLLM::W        1784367 nvme1n1 RS   1663418624 131072    1.906
08:32:57.243 VLLM::W        1784367 nvme1n1 RS   1663418880 131072    1.916
08:32:57.243 VLLM::W        1784367 nvme1n1 RS   1663419136 131072    1.953
08:32:57.243 VLLM::W        1784367 nvme1n1 RS   1663419392 131072    1.986
08:32:57.244 VLLM::W        1784367 nvme1n1 RS   1663419648 131072    2.048
08:32:57.244 VLLM::W        1784367 nvme1n1 RS   1663419904 131072    2.083
08:32:57.244 VLLM::W        1784367 nvme1n1 RS   1663420160 131072    2.072
08:32:57.244 VLLM::W        1784367 nvme1n1 RS   1663420416 131072    2.098
08:32:57.244 VLLM::W        1784367 nvme1n1 RS   1663420672 131072    2.131
08:32:57.244 VLLM::W        1784367 nvme1n1 RS   1663420928 131072    2.166
08:32:57.244 VLLM::W        1784367 nvme1n1 RS   1663421184 131072    2.199
08:32:57.244 VLLM::W        1784367 nvme1n1 RS   1663421440 131072    2.236
08:32:57.244 VLLM::W        1784367 nvme1n1 RS   1663421696 131072    2.270
08:32:57.244 VLLM::W        1784367 nvme1n1 RS   1663421952 131072    2.305
08:32:57.244 VLLM::W        1784367 nvme1n1 RS   1663422208 131072    2.331
08:32:57.244 VLLM::W        1784367 nvme1n1 RS   1663422464 131072    2.404
08:32:57.244 VLLM::W        1784367 nvme1n1 RS   1663422720 131072    2.429
08:32:57.244 VLLM::W        1784369 nvme1n1 RS   59797504   131072    1.888
08:32:57.244 VLLM::W        1784369 nvme1n1 RS   59797760   131072    1.924
08:32:57.244 VLLM::W        1784369 nvme1n1 RS   59798016   131072    1.962
08:32:57.244 VLLM::W        1784369 nvme1n1 RS   59798272   131072    1.996
08:32:57.244 VLLM::W        1784369 nvme1n1 RS   59798528   131072    2.026
08:32:57.244 VLLM::W        1784369 nvme1n1 RS   59798784   131072    2.058
08:32:57.244 VLLM::W        1784369 nvme1n1 RS   59799040   131072    2.131
08:32:57.244 VLLM::W        1784369 nvme1n1 RS   59799296   131072    2.134
08:32:57.244 VLLM::W        1784369 nvme1n1 RS   59799552   131072    2.146
08:32:57.244 VLLM::W        1784369 nvme1n1 RS   59799808   131072    2.179
08:32:57.244 VLLM::W        1784369 nvme1n1 RS   59800064   131072    2.210
08:32:57.244 VLLM::W        1784369 nvme1n1 RS   59800320   131072    2.241
08:32:57.244 VLLM::W        1784369 nvme1n1 RS   59800576   131072    2.280
08:32:57.244 VLLM::W        1784369 nvme1n1 RS   59800832   131072    2.320
08:32:57.245 VLLM::W        1784369 nvme1n1 RS   59801088   131072    2.372
08:32:57.245 VLLM::W        1784369 nvme1n1 RS   59801344   131072    2.378
08:32:57.245 VLLM::W        1784369 nvme1n1 RS   59801600   131072    2.417
08:32:57.245 VLLM::W        1784369 nvme1n1 RS   59801856   131072    2.451
08:32:57.245 VLLM::W        1784366 nvme1n1 RS   1566621696 131072    1.894
08:32:57.245 VLLM::W        1784366 nvme1n1 RS   1566621952 131072    1.909
08:32:57.245 VLLM::W        1784366 nvme1n1 RS   1566622208 131072    1.913
08:32:57.245 VLLM::W        1784366 nvme1n1 RS   1566622464 131072    1.940
08:32:57.245 VLLM::W        1784366 nvme1n1 RS   1566622720 131072    1.968
08:32:57.245 VLLM::W        1784366 nvme1n1 RS   1566622976 131072    2.009
08:32:57.245 VLLM::W        1784366 nvme1n1 RS   1566623232 131072    2.068
08:32:57.245 VLLM::W        1784366 nvme1n1 RS   1566623488 131072    2.046
08:32:57.245 VLLM::W        1784366 nvme1n1 RS   1566623744 131072    2.072
08:32:57.245 VLLM::W        1784366 nvme1n1 RS   1566624000 131072    2.101
08:32:57.245 VLLM::W        1784366 nvme1n1 RS   1566624256 131072    2.138
08:32:57.245 VLLM::W        1784366 nvme1n1 RS   1566624512 131072    2.164
08:32:57.245 VLLM::W        1784366 nvme1n1 RS   1566625024 131072    2.240
08:32:57.245 VLLM::W        1784366 nvme1n1 RS   1566624768 131072    2.263
08:32:57.245 VLLM::W        1784366 nvme1n1 RS   1566625280 131072    2.272
08:32:57.245 VLLM::W        1784366 nvme1n1 RS   1566625536 131072    2.294
08:32:57.245 VLLM::W        1784366 nvme1n1 RS   1566625792 131072    2.329
08:32:57.245 VLLM::W        1784366 nvme1n1 RS   1566626048 131072    2.369
08:32:57.245 VLLM::W        1784368 nvme1n1 RS   1663541248 131072    1.896
08:32:57.245 VLLM::W        1784368 nvme1n1 RS   1663541504 131072    1.897
08:32:57.245 VLLM::W        1784368 nvme1n1 RS   1663541760 131072    1.914
08:32:57.245 VLLM::W        1784368 nvme1n1 RS   1663542016 131072    1.965
08:32:57.245 VLLM::W        1784368 nvme1n1 RS   1663542272 131072    1.976
08:32:57.246 VLLM::W        1784368 nvme1n1 RS   1663542528 131072    2.016
08:32:57.246 VLLM::W        1784368 nvme1n1 RS   1663542784 131072    2.054
08:32:57.246 VLLM::W        1784368 nvme1n1 RS   1663543040 131072    2.092
08:32:57.246 VLLM::W        1784368 nvme1n1 RS   1663543296 131072    2.106
08:32:57.246 VLLM::W        1784368 nvme1n1 RS   1663543552 131072    2.146
08:32:57.246 VLLM::W        1784368 nvme1n1 RS   1663543808 131072    2.157
08:32:57.246 VLLM::W        1784368 nvme1n1 RS   1663544064 131072    2.202
08:32:57.246 VLLM::W        1784368 nvme1n1 RS   1663544576 131072    2.265
08:32:57.246 VLLM::W        1784368 nvme1n1 RS   1663544320 131072    2.281
08:32:57.246 VLLM::W        1784368 nvme1n1 RS   1663544832 131072    2.308
08:32:57.246 VLLM::W        1784368 nvme1n1 RS   1663545088 131072    2.337
08:32:57.246 VLLM::W        1784368 nvme1n1 RS   1663545600 131072    2.398
08:32:57.246 VLLM::W        1784368 nvme1n1 RS   1663545344 131072    2.413
08:32:57.246 VLLM::W        1784367 nvme1n1 RS   59805952   131072    1.912
08:32:57.246 VLLM::W        1784367 nvme1n1 RS   59806208   131072    1.916
08:32:57.246 VLLM::W        1784367 nvme1n1 RS   59805696   131072    1.934
08:32:57.246 VLLM::W        1784367 nvme1n1 RS   59806464   131072    1.931
08:32:57.246 VLLM::W        1784367 nvme1n1 RS   59807232   131072    2.004
08:32:57.246 VLLM::W        1784367 nvme1n1 RS   59806976   131072    2.047
08:32:57.246 VLLM::W        1784367 nvme1n1 RS   59806720   131072    2.060
08:32:57.246 VLLM::W        1784367 nvme1n1 RS   59807488   131072    2.045
08:32:57.246 VLLM::W        1784367 nvme1n1 RS   59807744   131072    2.114
08:32:57.246 VLLM::W        1784367 nvme1n1 RS   59808000   131072    2.120
08:32:57.246 VLLM::W        1784367 nvme1n1 RS   59808512   131072    2.150
08:32:57.246 VLLM::W        1784367 nvme1n1 RS   59808256   131072    2.207
08:32:57.246 VLLM::W        1784367 nvme1n1 RS   59808768   131072    2.217
08:32:57.246 VLLM::W        1784367 nvme1n1 RS   59809024   131072    2.253
08:32:57.247 VLLM::W        1784367 nvme1n1 RS   59809280   131072    2.283
08:32:57.247 VLLM::W        1784367 nvme1n1 RS   59809536   131072    2.304
08:32:57.247 VLLM::W        1784367 nvme1n1 RS   59809792   131072    2.332
08:32:57.247 VLLM::W        1784367 nvme1n1 RS   59810048   131072    2.435
08:32:57.247 VLLM::W        1784369 nvme1n1 RS   1663549440 131072    1.882
08:32:57.247 VLLM::W        1784369 nvme1n1 RS   1663549696 131072    1.897
08:32:57.247 VLLM::W        1784369 nvme1n1 RS   1663549952 131072    1.916
08:32:57.247 VLLM::W        1784369 nvme1n1 RS   1663550208 131072    1.922
08:32:57.247 VLLM::W        1784369 nvme1n1 RS   1663550464 131072    1.962
08:32:57.247 VLLM::W        1784369 nvme1n1 RS   1663550720 131072    1.999
08:32:57.247 VLLM::W        1784369 nvme1n1 RS   1663550976 131072    2.030
08:32:57.247 VLLM::W        1784369 nvme1n1 RS   1663551232 131072    2.042
08:32:57.247 VLLM::W        1784369 nvme1n1 RS   1663551488 131072    2.077
08:32:57.247 VLLM::W        1784369 nvme1n1 RS   1663551744 131072    2.119
08:32:57.247 VLLM::W        1784369 nvme1n1 RS   1663552000 131072    2.178
08:32:57.247 VLLM::W        1784369 nvme1n1 RS   1663552256 131072    2.184
08:32:57.247 VLLM::W        1784369 nvme1n1 RS   1663552512 131072    2.217
08:32:57.247 VLLM::W        1784369 nvme1n1 RS   1663552768 131072    2.245
08:32:57.247 VLLM::W        1784369 nvme1n1 RS   1663553024 131072    2.287
08:32:57.247 VLLM::W        1784369 nvme1n1 RS   1663553280 131072    2.311
08:32:57.247 VLLM::W        1784369 nvme1n1 RS   1663553536 131072    2.354
08:32:57.247 VLLM::W        1784369 nvme1n1 RS   1663553792 131072    2.400
08:32:57.247 VLLM::W        1784366 nvme1n1 RS   1663557632 131072    1.802
08:32:57.247 VLLM::W        1784366 nvme1n1 RS   1663557888 131072    1.830
08:32:57.247 VLLM::W        1784366 nvme1n1 RS   1663558144 131072    1.859
08:32:57.247 VLLM::W        1784366 nvme1n1 RS   1663558400 131072    1.919
08:32:57.247 VLLM::W        1784366 nvme1n1 RS   1663558656 131072    1.931
08:32:57.248 VLLM::W        1784366 nvme1n1 RS   1663558912 131072    1.987
08:32:57.248 VLLM::W        1784366 nvme1n1 RS   1663559168 131072    2.028
08:32:57.248 VLLM::W        1784366 nvme1n1 RS   1663559424 131072    2.028
08:32:57.248 VLLM::W        1784366 nvme1n1 RS   1663559680 131072    2.052
08:32:57.248 VLLM::W        1784366 nvme1n1 RS   1663559936 131072    2.062
08:32:57.248 VLLM::W        1784366 nvme1n1 RS   1663560192 131072    2.102
08:32:57.248 VLLM::W        1784366 nvme1n1 RS   1663560448 131072    2.134
08:32:57.248 VLLM::W        1784366 nvme1n1 RS   1663560704 131072    2.171
08:32:57.248 VLLM::W        1784366 nvme1n1 RS   1663560960 131072    2.208
08:32:57.248 VLLM::W        1784366 nvme1n1 RS   1663561216 131072    2.244
08:32:57.248 VLLM::W        1784366 nvme1n1 RS   1663561472 131072    2.265
08:32:57.248 VLLM::W        1784366 nvme1n1 RS   1663561728 131072    2.302
08:32:57.248 VLLM::W        1784366 nvme1n1 RS   1663561984 131072    2.330
08:32:57.248 VLLM::W        1784368 nvme1n1 RS   1663434752 131072    1.773
08:32:57.248 VLLM::W        1784368 nvme1n1 RS   1663435008 131072    1.800
08:32:57.248 VLLM::W        1784368 nvme1n1 RS   1663435264 131072    1.839
08:32:57.248 VLLM::W        1784368 nvme1n1 RS   1663435520 131072    1.877
08:32:57.248 VLLM::W        1784368 nvme1n1 RS   1663435776 131072    1.910
08:32:57.248 VLLM::W        1784368 nvme1n1 RS   1663436032 131072    1.955
08:32:57.248 VLLM::W        1784368 nvme1n1 RS   1663436288 131072    1.988
08:32:57.248 VLLM::W        1784368 nvme1n1 RS   1663436544 131072    2.021
08:32:57.248 VLLM::W        1784368 nvme1n1 RS   1663436800 131072    2.031
08:32:57.248 VLLM::W        1784368 nvme1n1 RS   1663437056 131072    2.104
08:32:57.248 VLLM::W        1784368 nvme1n1 RS   1663437312 131072    2.125
08:32:57.248 VLLM::W        1784368 nvme1n1 RS   1663437568 131072    2.136
08:32:57.248 VLLM::W        1784368 nvme1n1 RS   1663437824 131072    2.170
08:32:57.248 VLLM::W        1784368 nvme1n1 RS   1663438080 131072    2.202
08:32:57.248 VLLM::W        1784368 nvme1n1 RS   1663438336 131072    2.250
08:32:57.249 VLLM::W        1784368 nvme1n1 RS   1663438592 131072    2.254
08:32:57.249 VLLM::W        1784368 nvme1n1 RS   1663442944 131072    2.334
08:32:57.249 VLLM::W        1784368 nvme1n1 RS   1663443200 131072    2.346
08:32:57.249 VLLM::W        1784367 nvme1n1 RS   1663451136 131072    1.804
08:32:57.249 VLLM::W        1784367 nvme1n1 RS   1663451392 131072    1.806
08:32:57.249 VLLM::W        1784367 nvme1n1 RS   1663451648 131072    1.804
08:32:57.249 VLLM::W        1784367 nvme1n1 RS   1663451904 131072    1.821
08:32:57.249 VLLM::W        1784367 nvme1n1 RS   1663452416 131072    1.900
08:32:57.249 VLLM::W        1784367 nvme1n1 RS   1663452160 131072    1.929
08:32:57.249 VLLM::W        1784367 nvme1n1 RS   1663452672 131072    1.961
08:32:57.249 VLLM::W        1784367 nvme1n1 RS   1663452928 131072    1.929
08:32:57.249 VLLM::W        1784367 nvme1n1 RS   1663453440 131072    1.977
08:32:57.249 VLLM::W        1784367 nvme1n1 RS   1663453696 131072    2.012
08:32:57.249 VLLM::W        1784367 nvme1n1 RS   1663453184 131072    2.041
08:32:57.249 VLLM::W        1784367 nvme1n1 RS   1663453952 131072    2.047
08:32:57.249 VLLM::W        1784367 nvme1n1 RS   1663454464 131072    2.114
08:32:57.249 VLLM::W        1784367 nvme1n1 RS   1663454208 131072    2.141
08:32:57.249 VLLM::W        1784367 nvme1n1 RS   1663454976 131072    2.179
08:32:57.249 VLLM::W        1784367 nvme1n1 RS   1663463424 131072    2.223
08:32:57.249 VLLM::W        1784367 nvme1n1 RS   1663454720 131072    2.256
08:32:57.249 VLLM::W        1784367 nvme1n1 RS   1663463680 131072    2.255
08:32:57.249 VLLM::W        1784369 nvme1n1 RS   1663455488 131072    1.856
08:32:57.249 VLLM::W        1784369 nvme1n1 RS   1663455744 131072    1.907
08:32:57.249 VLLM::W        1784369 nvme1n1 RS   1663455232 131072    1.936
08:32:57.249 VLLM::W        1784369 nvme1n1 RS   1663456000 131072    1.936
08:32:57.249 VLLM::W        1784369 nvme1n1 RS   1663456256 131072    1.978
08:32:57.249 VLLM::W        1784369 nvme1n1 RS   1663456512 131072    2.009
08:32:57.250 VLLM::W        1784369 nvme1n1 RS   1663456768 131072    2.046
08:32:57.250 VLLM::W        1784369 nvme1n1 RS   1663457024 131072    2.085
08:32:57.250 VLLM::W        1784369 nvme1n1 RS   1663457280 131072    2.107
08:32:57.250 VLLM::W        1784369 nvme1n1 RS   1663457536 131072    2.118
08:32:57.250 VLLM::W        1784369 nvme1n1 RS   1663457792 131072    2.145
08:32:57.250 VLLM::W        1784369 nvme1n1 RS   1663458048 131072    2.183
08:32:57.250 VLLM::W        1784369 nvme1n1 RS   1663458304 131072    2.216
08:32:57.250 VLLM::W        1784369 nvme1n1 RS   1663458560 131072    2.260
08:32:57.250 VLLM::W        1784369 nvme1n1 RS   1663458816 131072    2.299
08:32:57.250 VLLM::W        1784369 nvme1n1 RS   1663459072 131072    2.321
08:32:57.250 VLLM::W        1784369 nvme1n1 RS   1663467520 131072    2.348
08:32:57.250 VLLM::W        1784369 nvme1n1 RS   1663467776 131072    2.382
08:32:57.250 VLLM::W        1784366 nvme1n1 RS   1663439104 131072    1.804
08:32:57.250 VLLM::W        1784366 nvme1n1 RS   1663438848 131072    1.827
08:32:57.250 VLLM::W        1784366 nvme1n1 RS   1663439360 131072    1.826
08:32:57.250 VLLM::W        1784366 nvme1n1 RS   1663439616 131072    1.893
08:32:57.250 VLLM::W        1784366 nvme1n1 RS   1663439872 131072    1.916
08:32:57.250 VLLM::W        1784366 nvme1n1 RS   1663440128 131072    1.927
08:32:57.250 VLLM::W        1784366 nvme1n1 RS   1663440384 131072    1.953
08:32:57.250 VLLM::W        1784366 nvme1n1 RS   1663440640 131072    1.984
08:32:57.250 VLLM::W        1784366 nvme1n1 RS   1663440896 131072    2.014
08:32:57.250 VLLM::W        1784366 nvme1n1 RS   1663441152 131072    2.050
08:32:57.250 VLLM::W        1784366 nvme1n1 RS   1663441408 131072    2.080
08:32:57.250 VLLM::W        1784366 nvme1n1 RS   1663441664 131072    2.112
08:32:57.250 VLLM::W        1784366 nvme1n1 RS   1663441920 131072    2.145
08:32:57.250 VLLM::W        1784366 nvme1n1 RS   1663442176 131072    2.194
08:32:57.250 VLLM::W        1784366 nvme1n1 RS   1663442432 131072    2.222
08:32:57.251 VLLM::W        1784366 nvme1n1 RS   1663442688 131072    2.258
08:32:57.251 VLLM::W        1784366 nvme1n1 RS   1663565824 131072    2.284
08:32:57.251 VLLM::W        1784366 nvme1n1 RS   1663566080 131072    2.317
08:32:57.251 VLLM::W        1784368 nvme1n1 RS   1663447040 131072    1.901
08:32:57.251 VLLM::W        1784368 nvme1n1 RS   1663447296 131072    1.903
08:32:57.251 VLLM::W        1784368 nvme1n1 RS   1663447552 131072    1.920
08:32:57.251 VLLM::W        1784368 nvme1n1 RS   1663447808 131072    1.937
08:32:57.251 VLLM::W        1784368 nvme1n1 RS   1663448064 131072    1.968
08:32:57.251 VLLM::W        1784368 nvme1n1 RS   1663448320 131072    2.011
08:32:57.251 VLLM::W        1784368 nvme1n1 RS   1663448576 131072    2.037
08:32:57.251 VLLM::W        1784368 nvme1n1 RS   1663449088 131072    2.091
08:32:57.251 VLLM::W        1784368 nvme1n1 RS   1663448832 131072    2.119
08:32:57.251 VLLM::W        1784368 nvme1n1 RS   1663449344 131072    2.136
08:32:57.251 VLLM::W        1784368 nvme1n1 RS   1663449600 131072    2.147
08:32:57.251 VLLM::W        1784368 nvme1n1 RS   1663449856 131072    2.192
08:32:57.251 VLLM::W        1784368 nvme1n1 RS   1663450112 131072    2.222
08:32:57.251 VLLM::W        1784368 nvme1n1 RS   1663450368 131072    2.270
08:32:57.251 VLLM::W        1784368 nvme1n1 RS   1663450624 131072    2.299
08:32:57.251 VLLM::W        1784368 nvme1n1 RS   1663450880 131072    2.325
08:32:57.251 VLLM::W        1784368 nvme1n1 RS   1663459328 131072    2.385
08:32:57.251 VLLM::W        1784368 nvme1n1 RS   1663459584 131072    2.423
08:32:57.251 VLLM::W        1784367 nvme1n1 RS   1663578112 131072    1.805
08:32:57.251 VLLM::W        1784367 nvme1n1 RS   1663578368 131072    1.869
08:32:57.251 VLLM::W        1784367 nvme1n1 RS   1663578624 131072    1.905
08:32:57.251 VLLM::W        1784367 nvme1n1 RS   1663578880 131072    1.922
08:32:57.251 VLLM::W        1784367 nvme1n1 RS   1663579136 131072    1.929
08:32:57.252 VLLM::W        1784367 nvme1n1 RS   1663579648 131072    1.991
08:32:57.252 VLLM::W        1784367 nvme1n1 RS   1663579392 131072    2.008
08:32:57.252 VLLM::W        1784367 nvme1n1 RS   1663579904 131072    2.009
08:32:57.252 VLLM::W        1784367 nvme1n1 RS   1663580160 131072    2.039
08:32:57.252 VLLM::W        1784367 nvme1n1 RS   1663580672 131072    2.121
08:32:57.252 VLLM::W        1784367 nvme1n1 RS   1663580416 131072    2.145
08:32:57.252 VLLM::W        1784367 nvme1n1 RS   1663580928 131072    2.153
08:32:57.252 VLLM::W        1784367 nvme1n1 RS   1663581184 131072    2.229
08:32:57.252 VLLM::W        1784367 nvme1n1 RS   1663581440 131072    2.247
08:32:57.252 VLLM::W        1784367 nvme1n1 RS   1663581696 131072    2.254
08:32:57.252 VLLM::W        1784367 nvme1n1 RS   1663581952 131072    2.343
08:32:57.252 VLLM::W        1784367 nvme1n1 RS   1663582208 131072    2.356
08:32:57.252 VLLM::W        1784367 nvme1n1 RS   1663582464 131072    2.367
08:32:58.227 nvme           2150949 Unknown N    -1         512       0.035
08:32:58.784 kworker        2145130 nvme1n1 W    1617069032 4096      0.058
08:32:58.784 jbd2/nv        752     nvme1n1 WSM  878272848  110592    0.130
08:32:58.784 jbd2/nv        752     nvme1n1 WSM  878273064  4096      0.031
08:32:58.785 kworker        2145130 nvme1n1 W    1617069040 90112     0.144
08:32:58.785 kworker        2145130 nvme1n1 W    1623735496 131072    0.225
08:32:58.785 kworker        2145130 nvme1n1 W    1623735752 61440     0.260
08:32:58.785 kworker        2145130 nvme1n1 W    1617069216 32768     0.281
08:32:58.785 kworker        2145130 nvme1n1 W    1623735872 131072    0.344
08:32:58.785 kworker        2145130 nvme1n1 W    1623736128 90112     0.405
08:32:58.785 kworker        2145130 nvme1n1 W    1623109392 77824     0.446
08:32:58.785 kworker        2145130 nvme1n1 W    1617069280 36864     0.466
08:32:59.229 nvme           2150951 Unknown N    -1         512       0.033
08:32:59.296 kworker        2111994 nvme1n1 W    1618068080 8192      0.056
08:33:00.232 nvme           2150952 Unknown N    -1         512       0.031
08:33:01.234 nvme           2150959 Unknown N    -1         512       0.075
08:33:01.767 ssm-age        241847  nvme0n1 W    7210824    4096      1.068
08:33:02.237 nvme           2151001 Unknown N    -1         512       0.034
08:33:03.240 nvme           2151030 Unknown N    -1         512       0.030
08:33:03.812 jbd2/nv        752     nvme1n1 WSM  878273072  57344     0.106
08:33:03.812 jbd2/nv        752     nvme1n1 WSM  878273184  4096      0.031
08:33:03.904 kworker        2145130 nvme1n1 W    1617069352 8192      0.042
08:33:04.224 amoprof        1975872 nvme1n1 W    613233880  4096      0.051
