TIMESTAMP    COMM           PID     DISK    T    SECTOR     BYTES   LAT(ms)
00:17:13.097 nvme           1445669 Unknown N    -1         512       0.037
00:17:13.121 kworker        1404641 nvme0n1 W    15716664   4096      1.240
00:17:14.099 nvme           1445734 Unknown N    -1         512       0.075
00:17:14.145 kworker        1404641 nvme0n1 W    37874792   8192      1.193
00:17:14.657 kworker        1404641 nvme0n1 W    12550184   4096      1.048
00:17:15.101 nvme           1445750 Unknown N    -1         512       0.078
00:17:16.104 nvme           1445754 Unknown N    -1         512       0.030
00:17:17.106 nvme           1445759 Unknown N    -1         512       0.074
00:17:17.217 kworker        1444882 nvme1n1 W    587633408  8192      0.091
00:17:17.217 kworker        1444882 nvme1n1 W    584166536  122880    0.192
00:17:17.217 kworker        1444882 nvme1n1 W    584166776  126976    0.267
00:17:17.217 kworker        1444882 nvme1n1 W    1532252160 131072    0.352
00:17:17.217 kworker        1444882 nvme1n1 W    1532252416 32768     0.369
00:17:17.217 kworker        1444882 nvme1n1 W    587623208  106496    0.434
00:17:17.217 kworker        1444882 nvme1n1 W    587633152  131072    0.517
00:17:17.217 kworker        1444882 nvme1n1 W    1532283992 131072    0.592
00:17:17.217 kworker        1444882 nvme1n1 W    1532284248 32768     0.290
00:17:17.217 kworker        1444882 nvme1n1 W    584167024  53248     0.320
00:17:17.217 kworker        1444882 nvme1n1 W    1532260352 131072    0.403
00:17:17.217 kworker        1444882 nvme1n1 W    1532260608 61440     0.315
00:17:17.217 kworker        1444882 nvme1n1 W    584167128  32768     0.333
00:17:17.217 kworker        1444882 nvme1n1 W    1532268544 131072    0.411
00:17:17.217 kworker        1444882 nvme1n1 W    1532268800 90112     0.255
00:17:17.217 kworker        1444882 nvme1n1 W    723491728  77824     0.300
00:17:17.217 kworker        1444882 nvme1n1 W    584167192  28672     0.317
00:17:17.451 jbd2/nv        752     nvme1n1 WSM  877396456  106496    0.141
00:17:17.451 jbd2/nv        752     nvme1n1 WSM  877396664  4096      0.030
00:17:17.459 ib_log_        125934  nvme1n1 WS   1757540920 4096      0.036
00:17:17.459 ib_log_        125934  nvme1n1 WS   1757540920 4096      0.029
00:17:17.459 connect        125934  nvme1n1 WS   1741350168 4096      0.035
00:17:17.460 jbd2/nv        752     nvme1n1 WSM  877396672  49152     0.071
00:17:17.460 jbd2/nv        752     nvme1n1 WSM  877396768  4096      0.027
00:17:17.460 ib_log_        125934  nvme1n1 WS   1757540920 4096      0.028
00:17:17.461 ib_log_        125934  nvme1n1 WS   1757540920 4096      0.029
00:17:17.461 ib_log_        125934  nvme1n1 WS   1757540928 8192      0.032
00:17:17.461 jbd2/nv        752     nvme1n1 WSM  877396776  8192      0.031
00:17:17.461 jbd2/nv        752     nvme1n1 WSM  877396792  4096      0.028
00:17:17.461 ib_log_        125934  nvme1n1 WS   1757540928 4096      0.027
00:17:17.461 jbd2/nv        752     nvme1n1 WSM  877396800  20480     0.043
00:17:17.461 jbd2/nv        752     nvme1n1 WSM  877396840  4096      0.026
00:17:17.461 connect        125934  nvme1n1 WS   1755863296 114688    0.126
00:17:17.461 jbd2/nv        752     nvme1n1 WSM  877396848  16384     0.038
00:17:17.461 jbd2/nv        752     nvme1n1 WSM  877396880  4096      0.026
00:17:17.461 connect        125934  nvme1n1 WS   1756866976 16384     0.043
00:17:17.462 jbd2/nv        752     nvme1n1 WSM  877396888  20480     0.041
00:17:17.462 jbd2/nv        752     nvme1n1 WSM  877396928  4096      0.028
00:17:17.462 ib_log_        125934  nvme1n1 WS   1757540928 8192      0.031
00:17:17.462 ib_log_        125934  nvme1n1 WS   1757540936 4096      0.027
00:17:17.462 ib_log_        125934  nvme1n1 WS   1757540936 4096      0.028
00:17:17.463 ib_log_        125934  nvme1n1 WS   1757540936 4096      0.027
00:17:17.463 ib_log_        125934  nvme1n1 WS   1757540944 8192      0.033
00:17:17.463 jbd2/nv        752     nvme1n1 WSM  877396936  8192      0.031
00:17:17.463 jbd2/nv        752     nvme1n1 WSM  877396952  4096      0.025
00:17:17.463 connect        125934  nvme1n1 WS   1741350168 4096      0.031
00:17:17.463 jbd2/nv        752     nvme1n1 WSM  877396960  12288     0.037
00:17:17.463 jbd2/nv        752     nvme1n1 WSM  877396984  4096      0.028
00:17:17.463 ib_log_        125934  nvme1n1 WS   1757540952 4096      0.028
00:17:17.464 ib_log_        125934  nvme1n1 WS   1757540952 4096      0.029
00:17:17.464 ib_log_        125934  nvme1n1 WS   1757540960 8192      0.030
00:17:17.464 connect        125934  nvme1n1 WS   1741350168 4096      0.038
00:17:17.464 jbd2/nv        752     nvme1n1 WSM  877396992  16384     0.043
00:17:17.464 jbd2/nv        752     nvme1n1 WSM  877397024  4096      0.028
00:17:17.465 ib_log_        125934  nvme1n1 WS   1757540960 4096      0.027
00:17:17.510 ib_log_        125934  nvme1n1 WS   1757540960 4096      0.046
00:17:17.511 ib_log_        125934  nvme1n1 WS   1757540960 4096      0.028
00:17:17.620 ib_log_        125934  nvme1n1 WS   1757540960 4096      0.045
00:17:17.747 VLLM::W        1046586 nvme1n1 RS   1565462528 131072    0.271
00:17:17.747 VLLM::W        1046586 nvme1n1 RS   1565462784 131072    0.280
00:17:17.747 VLLM::W        1046589 nvme1n1 RS   575737856  131072    0.299
00:17:17.747 VLLM::W        1046589 nvme1n1 RS   575738112  131072    0.315
00:17:17.747 VLLM::W        1046586 nvme1n1 RS   1565463040 131072    0.363
00:17:17.747 VLLM::W        1046586 nvme1n1 RS   1565463296 131072    0.397
00:17:17.747 VLLM::W        1046586 nvme1n1 RS   1565463552 131072    0.428
00:17:17.747 VLLM::W        1046586 nvme1n1 RS   1565463808 131072    0.458
00:17:17.747 VLLM::W        1046586 nvme1n1 RS   1565464064 131072    0.489
00:17:17.747 VLLM::W        1046589 nvme1n1 RS   575738368  131072    0.548
00:17:17.747 VLLM::W        1046589 nvme1n1 RS   575738624  131072    0.605
00:17:17.747 VLLM::W        1046589 nvme1n1 RS   575739136  131072    0.636
00:17:17.747 VLLM::W        1046589 nvme1n1 RS   575739392  131072    0.679
00:17:17.747 VLLM::W        1046589 nvme1n1 RS   575738880  131072    0.700
00:17:17.748 VLLM::W        1046587 nvme1n1 RS   1565474816 131072    0.792
00:17:17.748 VLLM::W        1046587 nvme1n1 RS   1565475072 131072    0.802
00:17:17.748 VLLM::W        1046587 nvme1n1 RS   1565475328 131072    0.806
00:17:17.748 VLLM::W        1046587 nvme1n1 RS   1565475584 131072    0.854
00:17:17.748 VLLM::W        1046587 nvme1n1 RS   1565476096 131072    0.906
00:17:17.748 VLLM::W        1046587 nvme1n1 RS   1565475840 131072    0.925
00:17:17.748 VLLM::W        1046587 nvme1n1 RS   1565476352 131072    0.931
00:17:17.748 VLLM::W        1046588 nvme1n1 RS   1565323520 131072    1.019
00:17:17.748 VLLM::W        1046588 nvme1n1 RS   1565323264 131072    1.036
00:17:17.748 VLLM::W        1046588 nvme1n1 RS   1565323776 131072    1.068
00:17:17.748 VLLM::W        1046588 nvme1n1 RS   1565324032 131072    1.141
00:17:17.748 VLLM::W        1046588 nvme1n1 RS   1565324288 131072    1.177
00:17:17.748 VLLM::W        1046588 nvme1n1 RS   1565324544 131072    1.193
00:17:17.748 VLLM::W        1046588 nvme1n1 RS   1565324800 131072    1.203
00:17:17.748 VLLM::W        1046586 nvme1n1 RS   1565464576 131072    1.292
00:17:17.748 VLLM::W        1046586 nvme1n1 RS   1565464320 131072    1.321
00:17:17.748 VLLM::W        1046586 nvme1n1 RS   1565464832 131072    1.334
00:17:17.748 VLLM::W        1046586 nvme1n1 RS   1565465088 131072    1.339
00:17:17.748 VLLM::W        1046586 nvme1n1 RS   1565465344 131072    1.431
00:17:17.748 VLLM::W        1046589 nvme1n1 RS   575740160  131072    1.444
00:17:17.748 VLLM::W        1046589 nvme1n1 RS   575739648  131072    1.544
00:17:17.748 VLLM::W        1046586 nvme1n1 RS   1565465856 131072    1.548
00:17:17.748 VLLM::W        1046589 nvme1n1 RS   575739904  131072    1.576
00:17:17.748 VLLM::W        1046586 nvme1n1 RS   1565466112 131072    1.576
00:17:17.749 VLLM::W        1046586 nvme1n1 RS   1565465600 131072    1.685
00:17:17.749 VLLM::W        1046589 nvme1n1 RS   575740416  131072    1.709
00:17:17.749 VLLM::W        1046589 nvme1n1 RS   575741184  131072    1.706
00:17:17.749 VLLM::W        1046589 nvme1n1 RS   575740672  131072    1.812
00:17:17.749 VLLM::W        1046589 nvme1n1 RS   575741440  131072    1.822
00:17:17.749 VLLM::W        1046589 nvme1n1 RS   575740928  131072    1.849
00:17:17.749 VLLM::W        1046587 nvme1n1 RS   1565476864 131072    1.852
00:17:17.749 VLLM::W        1046587 nvme1n1 RS   1565477120 131072    1.880
00:17:17.749 VLLM::W        1046587 nvme1n1 RS   1565477888 131072    1.936
00:17:17.749 VLLM::W        1046587 nvme1n1 RS   1565476608 131072    1.967
00:17:17.749 VLLM::W        1046587 nvme1n1 RS   1565477376 131072    2.032
00:17:17.749 VLLM::W        1046587 nvme1n1 RS   1565477632 131072    2.041
00:17:17.749 VLLM::W        1046587 nvme1n1 RS   1565478144 131072    2.108
00:17:17.749 VLLM::W        1046587 nvme1n1 RS   1565478400 131072    2.125
00:17:17.749 VLLM::W        1046587 nvme1n1 RS   1565495552 131072    2.114
00:17:17.749 VLLM::W        1046588 nvme1n1 RS   1565325056 131072    2.228
00:17:17.749 VLLM::W        1046587 nvme1n1 RS   1565478656 131072    2.243
00:17:17.749 VLLM::W        1046587 nvme1n1 RS   1565495296 131072    2.254
00:17:17.749 VLLM::W        1046588 nvme1n1 RS   1565325824 131072    2.339
00:17:17.749 VLLM::W        1046588 nvme1n1 RS   1565326080 131072    2.356
00:17:17.749 VLLM::W        1046588 nvme1n1 RS   1565325312 131072    2.381
00:17:17.749 VLLM::W        1046588 nvme1n1 RS   1565325568 131072    2.390
00:17:17.749 VLLM::W        1046588 nvme1n1 RS   1565326848 131072    2.412
00:17:17.749 VLLM::W        1046588 nvme1n1 RS   1565326336 131072    2.523
00:17:17.749 VLLM::W        1046588 nvme1n1 RS   1565326592 131072    2.521
00:17:17.749 VLLM::W        1046586 nvme1n1 RS   1565466368 131072    2.524
00:17:17.749 VLLM::W        1046588 nvme1n1 RS   1565327104 131072    2.550
00:17:17.750 VLLM::W        1046586 nvme1n1 RS   1565483008 131072    2.675
00:17:17.750 VLLM::W        1046586 nvme1n1 RS   1565483264 131072    2.685
00:17:17.750 VLLM::W        1046589 nvme1n1 RS   575742208  131072    2.724
00:17:17.750 VLLM::W        1046589 nvme1n1 RS   575741696  131072    2.740
00:17:17.750 VLLM::W        1046589 nvme1n1 RS   575741952  131072    2.751
00:17:17.750 VLLM::W        1046587 nvme1n1 RS   1565499392 131072    0.353
00:17:17.750 VLLM::W        1046588 nvme1n1 RS   1565458432 131072    2.794
00:17:17.750 VLLM::W        1046588 nvme1n1 RS   1565458688 131072    2.811
00:17:17.750 VLLM::W        1046587 nvme1n1 RS   1565499648 131072    0.409
00:17:17.750 VLLM::W        1046587 nvme1n1 RS   1565499904 131072    0.414
00:17:17.750 VLLM::W        1046587 nvme1n1 RS   1565500160 131072    0.442
00:17:17.750 VLLM::W        1046587 nvme1n1 RS   1565500416 131072    0.533
00:17:17.750 VLLM::W        1046587 nvme1n1 RS   1565500672 131072    0.537
00:17:17.750 VLLM::W        1046587 nvme1n1 RS   1565500928 131072    0.646
00:17:17.750 VLLM::W        1046587 nvme1n1 RS   1565501696 131072    0.649
00:17:17.750 VLLM::W        1046587 nvme1n1 RS   1565501952 131072    0.671
00:17:17.750 VLLM::W        1046587 nvme1n1 RS   1565501184 131072    0.697
00:17:17.750 VLLM::W        1046587 nvme1n1 RS   1565502464 131072    0.704
00:17:17.750 VLLM::W        1046587 nvme1n1 RS   1565501440 131072    0.730
00:17:17.750 VLLM::W        1046587 nvme1n1 RS   1565502976 131072    0.791
00:17:17.750 VLLM::W        1046587 nvme1n1 RS   1565503232 131072    0.789
00:17:17.750 VLLM::W        1046587 nvme1n1 RS   1565502208 131072    0.844
00:17:17.750 VLLM::W        1046587 nvme1n1 RS   1565502720 131072    0.880
00:17:17.750 VLLM::W        1046587 nvme1n1 RS   1565511680 131072    0.926
00:17:17.750 VLLM::W        1046587 nvme1n1 RS   1565511936 131072    0.932
00:17:17.750 VLLM::W        1046589 nvme1n1 RS   1565520128 131072    0.620
00:17:17.750 VLLM::W        1046586 nvme1n1 RS   844926976  131072    0.694
00:17:17.751 VLLM::W        1046586 nvme1n1 RS   844927232  131072    0.711
00:17:17.751 VLLM::W        1046586 nvme1n1 RS   844927488  131072    0.718
00:17:17.751 VLLM::W        1046589 nvme1n1 RS   1565519872 131072    0.769
00:17:17.751 VLLM::W        1046589 nvme1n1 RS   1565520384 131072    0.826
00:17:17.751 VLLM::W        1046589 nvme1n1 RS   1565520640 131072    0.841
00:17:17.751 VLLM::W        1046586 nvme1n1 RS   844927744  131072    0.890
00:17:17.751 VLLM::W        1046589 nvme1n1 RS   1565520896 131072    0.894
00:17:17.751 VLLM::W        1046589 nvme1n1 RS   1565521152 131072    0.961
00:17:17.751 VLLM::W        1046589 nvme1n1 RS   1565521408 131072    0.973
00:17:17.751 VLLM::W        1046586 nvme1n1 RS   844928000  131072    0.991
00:17:17.751 VLLM::W        1046586 nvme1n1 RS   844928256  131072    1.060
00:17:17.751 VLLM::W        1046586 nvme1n1 RS   844928512  131072    1.070
00:17:17.751 VLLM::W        1046589 nvme1n1 RS   1565521664 131072    1.041
00:17:17.751 VLLM::W        1046589 nvme1n1 RS   1565521920 131072    1.108
00:17:17.751 VLLM::W        1046589 nvme1n1 RS   1565522176 131072    1.125
00:17:17.751 VLLM::W        1046589 nvme1n1 RS   1565522432 131072    1.146
00:17:17.751 VLLM::W        1046589 nvme1n1 RS   1565522688 131072    1.152
00:17:17.751 VLLM::W        1046589 nvme1n1 RS   1565522944 131072    1.191
00:17:17.751 VLLM::W        1046589 nvme1n1 RS   1565523200 131072    1.197
00:17:17.751 VLLM::W        1046589 nvme1n1 RS   1565523456 131072    1.251
00:17:17.751 VLLM::W        1046586 nvme1n1 RS   844929024  131072    1.308
00:17:17.751 VLLM::W        1046586 nvme1n1 RS   844928768  131072    1.324
00:17:17.751 VLLM::W        1046586 nvme1n1 RS   844929280  131072    1.351
00:17:17.751 VLLM::W        1046588 nvme1n1 RS   731176960  131072    1.376
00:17:17.751 VLLM::W        1046586 nvme1n1 RS   844929536  131072    1.427
00:17:17.751 VLLM::W        1046588 nvme1n1 RS   731177984  131072    1.496
00:17:17.751 VLLM::W        1046588 nvme1n1 RS   731177216  131072    1.521
00:17:17.751 VLLM::W        1046589 nvme1n1 RS   1565523712 131072    1.577
00:17:17.752 VLLM::W        1046588 nvme1n1 RS   731177472  131072    1.624
00:17:17.752 VLLM::W        1046589 nvme1n1 RS   1565536256 131072    1.642
00:17:17.752 VLLM::W        1046588 nvme1n1 RS   731177728  131072    1.653
00:17:17.752 VLLM::W        1046588 nvme1n1 RS   731178240  131072    1.683
00:17:17.752 VLLM::W        1046589 nvme1n1 RS   1565536512 131072    1.721
00:17:17.752 VLLM::W        1046586 nvme1n1 RS   844930048  131072    1.789
00:17:17.752 VLLM::W        1046586 nvme1n1 RS   844930304  131072    1.798
00:17:17.752 VLLM::W        1046588 nvme1n1 RS   731178496  131072    1.820
00:17:17.752 VLLM::W        1046586 nvme1n1 RS   844929792  131072    1.880
00:17:17.752 VLLM::W        1046586 nvme1n1 RS   844930816  131072    1.856
00:17:17.752 VLLM::W        1046586 nvme1n1 RS   844931072  131072    1.873
00:17:17.752 VLLM::W        1046586 nvme1n1 RS   844930560  131072    1.919
00:17:17.752 VLLM::W        1046588 nvme1n1 RS   731178752  131072    1.937
00:17:17.752 VLLM::W        1046588 nvme1n1 RS   731179008  131072    1.978
00:17:17.752 VLLM::W        1046586 nvme1n1 RS   844931328  131072    2.044
00:17:17.752 VLLM::W        1046588 nvme1n1 RS   731179776  131072    2.067
00:17:17.752 VLLM::W        1046588 nvme1n1 RS   731179264  131072    2.139
00:17:17.752 VLLM::W        1046588 nvme1n1 RS   731179520  131072    2.150
00:17:17.752 VLLM::W        1046588 nvme1n1 RS   731180032  131072    2.156
00:17:17.752 VLLM::W        1046588 nvme1n1 RS   731180288  131072    2.229
00:17:17.752 VLLM::W        1046588 nvme1n1 RS   731180544  131072    2.246
00:17:17.752 VLLM::W        1046588 nvme1n1 RS   731250688  131072    2.257
00:17:17.752 VLLM::W        1046588 nvme1n1 RS   731180800  131072    2.275
00:17:17.752 VLLM::W        1046588 nvme1n1 RS   731250944  131072    2.283
00:17:17.752 VLLM::W        1046587 nvme1n1 RS   844935168  131072    1.829
00:17:17.752 VLLM::W        1046587 nvme1n1 RS   844935424  131072    1.854
00:17:17.752 VLLM::W        1046587 nvme1n1 RS   844935680  131072    1.908
00:17:17.752 VLLM::W        1046587 nvme1n1 RS   844935936  131072    1.927
00:17:17.752 VLLM::W        1046587 nvme1n1 RS   844936192  131072    1.933
00:17:17.753 VLLM::W        1046587 nvme1n1 RS   844936448  131072    1.976
00:17:17.753 VLLM::W        1046587 nvme1n1 RS   844936704  131072    2.019
00:17:17.753 VLLM::W        1046587 nvme1n1 RS   844936960  131072    1.992
00:17:17.753 VLLM::W        1046587 nvme1n1 RS   844937216  131072    2.031
00:17:17.753 VLLM::W        1046587 nvme1n1 RS   844937472  131072    2.085
00:17:17.753 VLLM::W        1046587 nvme1n1 RS   844937728  131072    2.091
00:17:17.753 VLLM::W        1046587 nvme1n1 RS   844937984  131072    2.115
00:17:17.753 VLLM::W        1046587 nvme1n1 RS   844938240  131072    2.147
00:17:17.753 VLLM::W        1046587 nvme1n1 RS   844938496  131072    2.190
00:17:17.753 VLLM::W        1046587 nvme1n1 RS   844938752  131072    2.215
00:17:17.753 VLLM::W        1046587 nvme1n1 RS   844939008  131072    2.246
00:17:17.753 VLLM::W        1046587 nvme1n1 RS   844939264  131072    2.275
00:17:17.753 VLLM::W        1046587 nvme1n1 RS   844939520  131072    2.319
00:17:17.753 VLLM::W        1046589 nvme1n1 RS   1581850624 131072    1.223
00:17:17.753 VLLM::W        1046589 nvme1n1 RS   1581851392 131072    1.289
00:17:17.753 VLLM::W        1046589 nvme1n1 RS   1581851136 131072    1.312
00:17:17.753 VLLM::W        1046589 nvme1n1 RS   1581850880 131072    1.329
00:17:17.753 VLLM::W        1046589 nvme1n1 RS   1581851648 131072    1.371
00:17:17.753 VLLM::W        1046589 nvme1n1 RS   1581851904 131072    1.408
00:17:17.753 VLLM::W        1046589 nvme1n1 RS   1581852160 131072    1.415
00:17:17.753 VLLM::W        1046589 nvme1n1 RS   1581852416 131072    1.370
00:17:17.753 VLLM::W        1046589 nvme1n1 RS   1581852672 131072    1.407
00:17:17.753 VLLM::W        1046589 nvme1n1 RS   1581852928 131072    1.464
00:17:17.753 VLLM::W        1046589 nvme1n1 RS   1581853184 131072    1.474
00:17:17.753 VLLM::W        1046589 nvme1n1 RS   1581853440 131072    1.499
00:17:17.753 VLLM::W        1046589 nvme1n1 RS   1581853696 131072    1.530
00:17:17.753 VLLM::W        1046589 nvme1n1 RS   1581853952 131072    1.579
00:17:17.753 VLLM::W        1046589 nvme1n1 RS   1581854208 131072    1.608
00:17:17.754 VLLM::W        1046589 nvme1n1 RS   1581854464 131072    1.622
00:17:17.754 VLLM::W        1046589 nvme1n1 RS   1581854720 131072    1.664
00:17:17.754 VLLM::W        1046589 nvme1n1 RS   1581854976 131072    1.690
00:17:17.754 VLLM::W        1046586 nvme1n1 RS   1565466624 131072    1.425
00:17:17.754 VLLM::W        1046586 nvme1n1 RS   1565466880 131072    1.451
00:17:17.754 VLLM::W        1046586 nvme1n1 RS   1565467136 131072    1.482
00:17:17.754 VLLM::W        1046586 nvme1n1 RS   1565467392 131072    1.527
00:17:17.754 VLLM::W        1046586 nvme1n1 RS   1565467648 131072    1.557
00:17:17.754 VLLM::W        1046586 nvme1n1 RS   1565467904 131072    1.564
00:17:17.754 VLLM::W        1046586 nvme1n1 RS   1565468160 131072    1.600
00:17:17.754 VLLM::W        1046586 nvme1n1 RS   1565468416 131072    1.596
00:17:17.754 VLLM::W        1046586 nvme1n1 RS   1565468672 131072    1.627
00:17:17.754 VLLM::W        1046586 nvme1n1 RS   1565468928 131072    1.630
00:17:17.754 VLLM::W        1046586 nvme1n1 RS   1565469184 131072    1.680
00:17:17.754 VLLM::W        1046586 nvme1n1 RS   1565469440 131072    1.715
00:17:17.754 VLLM::W        1046586 nvme1n1 RS   1565469696 131072    1.722
00:17:17.754 VLLM::W        1046586 nvme1n1 RS   1565469952 131072    1.750
00:17:17.754 VLLM::W        1046586 nvme1n1 RS   1565470208 131072    1.779
00:17:17.754 VLLM::W        1046586 nvme1n1 RS   1565470464 131072    1.821
00:17:17.754 VLLM::W        1046586 nvme1n1 RS   1565487104 131072    1.833
00:17:17.754 VLLM::W        1046586 nvme1n1 RS   1565487360 131072    1.857
00:17:17.754 VLLM::W        1046588 nvme1n1 RS   731181056  131072    1.859
00:17:17.754 VLLM::W        1046588 nvme1n1 RS   731181312  131072    1.884
00:17:17.754 VLLM::W        1046588 nvme1n1 RS   731181568  131072    1.914
00:17:17.754 VLLM::W        1046588 nvme1n1 RS   731181824  131072    1.924
00:17:17.754 VLLM::W        1046588 nvme1n1 RS   731182080  131072    1.983
00:17:17.755 VLLM::W        1046588 nvme1n1 RS   731182336  131072    2.009
00:17:17.755 VLLM::W        1046588 nvme1n1 RS   731182592  131072    2.044
00:17:17.755 VLLM::W        1046588 nvme1n1 RS   731182848  131072    2.053
00:17:17.755 VLLM::W        1046588 nvme1n1 RS   731183104  131072    2.065
00:17:17.755 VLLM::W        1046588 nvme1n1 RS   731183360  131072    2.152
00:17:17.755 VLLM::W        1046588 nvme1n1 RS   731183616  131072    2.169
00:17:17.755 VLLM::W        1046588 nvme1n1 RS   731183872  131072    2.173
00:17:17.755 VLLM::W        1046588 nvme1n1 RS   731184128  131072    2.203
00:17:17.755 VLLM::W        1046588 nvme1n1 RS   731184384  131072    2.235
00:17:17.755 VLLM::W        1046588 nvme1n1 RS   731184640  131072    2.260
00:17:17.755 VLLM::W        1046588 nvme1n1 RS   731184896  131072    2.278
00:17:17.755 VLLM::W        1046588 nvme1n1 RS   1565470720 131072    2.309
00:17:17.755 VLLM::W        1046588 nvme1n1 RS   1565470976 131072    2.339
00:17:17.755 VLLM::W        1046587 nvme1n1 RS   1565503488 131072    1.846
00:17:17.755 VLLM::W        1046587 nvme1n1 RS   1565503744 131072    1.867
00:17:17.755 VLLM::W        1046587 nvme1n1 RS   1565504000 131072    1.933
00:17:17.755 VLLM::W        1046587 nvme1n1 RS   1565504256 131072    1.949
00:17:17.755 VLLM::W        1046587 nvme1n1 RS   1565504512 131072    1.981
00:17:17.755 VLLM::W        1046587 nvme1n1 RS   1565504768 131072    1.992
00:17:17.755 VLLM::W        1046587 nvme1n1 RS   1565505024 131072    2.044
00:17:17.755 VLLM::W        1046587 nvme1n1 RS   1565505280 131072    1.999
00:17:17.755 VLLM::W        1046587 nvme1n1 RS   1565505536 131072    2.029
00:17:17.755 VLLM::W        1046587 nvme1n1 RS   1565505792 131072    2.058
00:17:17.755 VLLM::W        1046587 nvme1n1 RS   1565506048 131072    2.101
00:17:17.755 VLLM::W        1046587 nvme1n1 RS   1565506304 131072    2.120
00:17:17.755 VLLM::W        1046587 nvme1n1 RS   1565506560 131072    2.149
00:17:17.755 VLLM::W        1046587 nvme1n1 RS   1565506816 131072    2.181
00:17:17.755 VLLM::W        1046587 nvme1n1 RS   1565507072 131072    2.213
00:17:17.756 VLLM::W        1046587 nvme1n1 RS   1565507328 131072    2.267
00:17:17.756 VLLM::W        1046587 nvme1n1 RS   1565507584 131072    2.279
00:17:17.756 VLLM::W        1046587 nvme1n1 RS   1565507840 131072    2.316
00:17:17.756 VLLM::W        1046589 nvme1n1 RS   1685999616 131072    1.892
00:17:17.756 VLLM::W        1046589 nvme1n1 RS   1685999872 131072    1.938
00:17:17.756 VLLM::W        1046589 nvme1n1 RS   1686000128 131072    1.948
00:17:17.756 VLLM::W        1046589 nvme1n1 RS   1686000384 131072    1.991
00:17:17.756 VLLM::W        1046589 nvme1n1 RS   1686000640 131072    2.044
00:17:17.756 VLLM::W        1046589 nvme1n1 RS   1686000896 131072    2.062
00:17:17.756 VLLM::W        1046589 nvme1n1 RS   1686001152 131072    2.096
00:17:17.756 VLLM::W        1046589 nvme1n1 RS   1686001664 131072    2.131
00:17:17.756 VLLM::W        1046589 nvme1n1 RS   1686001408 131072    2.141
00:17:17.756 VLLM::W        1046589 nvme1n1 RS   1686001920 131072    2.170
00:17:17.756 VLLM::W        1046589 nvme1n1 RS   1686002176 131072    2.202
00:17:17.756 VLLM::W        1046589 nvme1n1 RS   1686002688 131072    2.235
00:17:17.756 VLLM::W        1046589 nvme1n1 RS   1686002944 131072    2.282
00:17:17.756 VLLM::W        1046589 nvme1n1 RS   1686002432 131072    2.298
00:17:17.756 VLLM::W        1046589 nvme1n1 RS   1686003200 131072    2.322
00:17:17.756 VLLM::W        1046589 nvme1n1 RS   1686003712 131072    2.353
00:17:17.756 VLLM::W        1046589 nvme1n1 RS   1686003968 131072    2.396
00:17:17.756 VLLM::W        1046589 nvme1n1 RS   1686003456 131072    2.410
00:17:17.756 VLLM::W        1046586 nvme1n1 RS   1565478912 131072    1.886
00:17:17.756 VLLM::W        1046586 nvme1n1 RS   1565479168 131072    1.917
00:17:17.756 VLLM::W        1046586 nvme1n1 RS   1565479424 131072    1.950
00:17:17.756 VLLM::W        1046586 nvme1n1 RS   1565479680 131072    1.979
00:17:17.756 VLLM::W        1046586 nvme1n1 RS   1565479936 131072    2.014
00:17:17.757 VLLM::W        1046586 nvme1n1 RS   1565480192 131072    2.067
00:17:17.757 VLLM::W        1046586 nvme1n1 RS   1565480448 131072    2.077
00:17:17.757 VLLM::W        1046586 nvme1n1 RS   1565480704 131072    2.110
00:17:17.757 VLLM::W        1046586 nvme1n1 RS   1565480960 131072    2.134
00:17:17.757 VLLM::W        1046586 nvme1n1 RS   1565481216 131072    2.151
00:17:17.757 VLLM::W        1046586 nvme1n1 RS   1565481472 131072    2.159
00:17:17.757 VLLM::W        1046586 nvme1n1 RS   1565481728 131072    2.193
00:17:17.757 VLLM::W        1046586 nvme1n1 RS   1565481984 131072    2.225
00:17:17.757 VLLM::W        1046586 nvme1n1 RS   1565482240 131072    2.256
00:17:17.757 VLLM::W        1046586 nvme1n1 RS   1565482496 131072    2.287
00:17:17.757 VLLM::W        1046586 nvme1n1 RS   1565482752 131072    2.301
00:17:17.757 VLLM::W        1046586 nvme1n1 RS   1565491200 131072    2.338
00:17:17.757 VLLM::W        1046586 nvme1n1 RS   1565491456 131072    2.370
00:17:17.757 VLLM::W        1046588 nvme1n1 RS   1565515776 131072    1.952
00:17:17.757 VLLM::W        1046588 nvme1n1 RS   1565516032 131072    1.952
00:17:17.757 VLLM::W        1046588 nvme1n1 RS   1565516288 131072    1.950
00:17:17.757 VLLM::W        1046588 nvme1n1 RS   1565516544 131072    1.964
00:17:17.757 VLLM::W        1046588 nvme1n1 RS   1565516800 131072    2.008
00:17:17.757 VLLM::W        1046588 nvme1n1 RS   1565517056 131072    2.039
00:17:17.757 VLLM::W        1046588 nvme1n1 RS   1565517312 131072    2.091
00:17:17.757 VLLM::W        1046588 nvme1n1 RS   1565517568 131072    2.051
00:17:17.757 VLLM::W        1046588 nvme1n1 RS   1565517824 131072    2.103
00:17:17.757 VLLM::W        1046588 nvme1n1 RS   1565518080 131072    2.123
00:17:17.757 VLLM::W        1046588 nvme1n1 RS   1565518336 131072    2.157
00:17:17.757 VLLM::W        1046588 nvme1n1 RS   1565518592 131072    2.184
00:17:17.757 VLLM::W        1046588 nvme1n1 RS   1565518848 131072    2.230
00:17:17.757 VLLM::W        1046588 nvme1n1 RS   1565519104 131072    2.267
00:17:17.757 VLLM::W        1046588 nvme1n1 RS   1565519360 131072    2.277
00:17:17.758 VLLM::W        1046588 nvme1n1 RS   1565519616 131072    2.341
00:17:17.758 VLLM::W        1046588 nvme1n1 RS   1565523968 131072    2.352
00:17:17.758 VLLM::W        1046588 nvme1n1 RS   1565524224 131072    2.379
00:17:17.758 VLLM::W        1046587 nvme1n1 RS   58982912   131072    1.931
00:17:17.758 VLLM::W        1046587 nvme1n1 RS   58982400   131072    1.957
00:17:17.758 VLLM::W        1046587 nvme1n1 RS   58983168   131072    1.967
00:17:17.758 VLLM::W        1046587 nvme1n1 RS   58982656   131072    1.983
00:17:17.758 VLLM::W        1046587 nvme1n1 RS   58983680   131072    2.025
00:17:17.758 VLLM::W        1046587 nvme1n1 RS   58983424   131072    2.069
00:17:17.758 VLLM::W        1046587 nvme1n1 RS   58984448   131072    2.082
00:17:17.758 VLLM::W        1046587 nvme1n1 RS   58984192   131072    2.088
00:17:17.758 VLLM::W        1046587 nvme1n1 RS   58983936   131072    2.156
00:17:17.758 VLLM::W        1046587 nvme1n1 RS   58984960   131072    2.131
00:17:17.758 VLLM::W        1046587 nvme1n1 RS   58984704   131072    2.180
00:17:17.758 VLLM::W        1046587 nvme1n1 RS   58985216   131072    2.178
00:17:17.758 VLLM::W        1046587 nvme1n1 RS   58985728   131072    2.236
00:17:17.758 VLLM::W        1046587 nvme1n1 RS   58985472   131072    2.264
00:17:17.758 VLLM::W        1046587 nvme1n1 RS   58985984   131072    2.266
00:17:17.758 VLLM::W        1046587 nvme1n1 RS   58986240   131072    2.285
00:17:17.758 VLLM::W        1046587 nvme1n1 RS   59019520   131072    2.362
00:17:17.758 VLLM::W        1046587 nvme1n1 RS   59019264   131072    2.385
00:17:17.758 VLLM::W        1046589 nvme1n1 RS   1589157888 131072    1.914
00:17:17.758 VLLM::W        1046589 nvme1n1 RS   1589158144 131072    1.929
00:17:17.758 VLLM::W        1046589 nvme1n1 RS   1589158400 131072    1.931
00:17:17.758 VLLM::W        1046589 nvme1n1 RS   1589158656 131072    1.964
00:17:17.758 VLLM::W        1046589 nvme1n1 RS   1589158912 131072    1.994
00:17:17.759 VLLM::W        1046589 nvme1n1 RS   1589159168 131072    2.042
00:17:17.759 VLLM::W        1046589 nvme1n1 RS   1589159424 131072    2.060
00:17:17.759 VLLM::W        1046589 nvme1n1 RS   1589159936 131072    2.102
00:17:17.759 VLLM::W        1046589 nvme1n1 RS   1589159680 131072    2.121
00:17:17.759 VLLM::W        1046589 nvme1n1 RS   1589160192 131072    2.128
00:17:17.759 VLLM::W        1046589 nvme1n1 RS   1589160704 131072    2.177
00:17:17.759 VLLM::W        1046589 nvme1n1 RS   1589160448 131072    2.204
00:17:17.759 VLLM::W        1046589 nvme1n1 RS   1589160960 131072    2.210
00:17:17.759 VLLM::W        1046589 nvme1n1 RS   1589161216 131072    2.246
00:17:17.759 VLLM::W        1046589 nvme1n1 RS   1589161472 131072    2.273
00:17:17.759 VLLM::W        1046589 nvme1n1 RS   1589161728 131072    2.318
00:17:17.759 VLLM::W        1046589 nvme1n1 RS   1589170176 131072    2.352
00:17:17.759 VLLM::W        1046589 nvme1n1 RS   1589170432 131072    2.381
00:17:17.759 VLLM::W        1046586 nvme1n1 RS   1589166080 131072    1.851
00:17:17.759 VLLM::W        1046586 nvme1n1 RS   1589166336 131072    1.875
00:17:17.759 VLLM::W        1046586 nvme1n1 RS   1589166592 131072    1.900
00:17:17.759 VLLM::W        1046586 nvme1n1 RS   1589167104 131072    1.962
00:17:17.759 VLLM::W        1046586 nvme1n1 RS   1589166848 131072    1.988
00:17:17.759 VLLM::W        1046586 nvme1n1 RS   1589167360 131072    1.985
00:17:17.759 VLLM::W        1046586 nvme1n1 RS   1589167616 131072    2.027
00:17:17.759 VLLM::W        1046586 nvme1n1 RS   1589167872 131072    2.012
00:17:17.759 VLLM::W        1046586 nvme1n1 RS   1589168128 131072    2.050
00:17:17.759 VLLM::W        1046586 nvme1n1 RS   1589168384 131072    2.050
00:17:17.759 VLLM::W        1046586 nvme1n1 RS   1589168640 131072    2.078
00:17:17.759 VLLM::W        1046586 nvme1n1 RS   1589168896 131072    2.116
00:17:17.759 VLLM::W        1046586 nvme1n1 RS   1589169152 131072    2.145
00:17:17.759 VLLM::W        1046586 nvme1n1 RS   1589169408 131072    2.182
00:17:17.759 VLLM::W        1046586 nvme1n1 RS   1589169664 131072    2.209
00:17:17.760 VLLM::W        1046586 nvme1n1 RS   1589169920 131072    2.228
00:17:17.760 VLLM::W        1046586 nvme1n1 RS   1589174272 131072    2.292
00:17:17.760 VLLM::W        1046586 nvme1n1 RS   1589174528 131072    2.296
00:17:17.760 VLLM::W        1046588 nvme1n1 RS   59011328   131072    1.883
00:17:17.760 VLLM::W        1046588 nvme1n1 RS   59011584   131072    1.923
00:17:17.760 VLLM::W        1046588 nvme1n1 RS   59011072   131072    1.943
00:17:17.760 VLLM::W        1046588 nvme1n1 RS   59011840   131072    1.962
00:17:17.760 VLLM::W        1046588 nvme1n1 RS   59012096   131072    1.998
00:17:17.760 VLLM::W        1046588 nvme1n1 RS   59012352   131072    2.026
00:17:17.760 VLLM::W        1046588 nvme1n1 RS   59012608   131072    2.093
00:17:17.760 VLLM::W        1046588 nvme1n1 RS   59012864   131072    2.083
00:17:17.760 VLLM::W        1046588 nvme1n1 RS   59013120   131072    2.098
00:17:17.760 VLLM::W        1046588 nvme1n1 RS   59013376   131072    2.116
00:17:17.760 VLLM::W        1046588 nvme1n1 RS   59013632   131072    2.144
00:17:17.760 VLLM::W        1046588 nvme1n1 RS   59013888   131072    2.169
00:17:17.760 VLLM::W        1046588 nvme1n1 RS   59014144   131072    2.227
00:17:17.760 VLLM::W        1046588 nvme1n1 RS   59014400   131072    2.260
00:17:17.760 VLLM::W        1046588 nvme1n1 RS   59014656   131072    2.291
00:17:17.760 VLLM::W        1046588 nvme1n1 RS   59014912   131072    2.309
00:17:17.760 VLLM::W        1046588 nvme1n1 RS   59015168   131072    2.339
00:17:17.760 VLLM::W        1046588 nvme1n1 RS   59015424   131072    2.398
00:17:17.760 VLLM::W        1046587 nvme1n1 RS   1589149696 131072    1.816
00:17:17.760 VLLM::W        1046587 nvme1n1 RS   1589149952 131072    1.824
00:17:17.760 VLLM::W        1046587 nvme1n1 RS   1589150208 131072    1.856
00:17:17.760 VLLM::W        1046587 nvme1n1 RS   1589150464 131072    1.897
00:17:17.760 VLLM::W        1046587 nvme1n1 RS   1589150720 131072    1.937
00:17:17.760 VLLM::W        1046587 nvme1n1 RS   1589150976 131072    1.946
00:17:17.761 VLLM::W        1046587 nvme1n1 RS   1589151232 131072    1.983
00:17:17.761 VLLM::W        1046587 nvme1n1 RS   1589151488 131072    2.039
00:17:17.761 VLLM::W        1046587 nvme1n1 RS   1589151744 94208     2.049
00:17:17.761 VLLM::W        1046589 nvme1n1 RS   1589161984 131072    1.540
00:17:17.761 VLLM::W        1046589 nvme1n1 RS   1589162240 131072    1.540
00:17:17.761 VLLM::W        1046589 nvme1n1 RS   1589162496 131072    1.537
00:17:17.761 VLLM::W        1046589 nvme1n1 RS   1589162752 131072    1.564
00:17:17.761 VLLM::W        1046589 nvme1n1 RS   1589163008 131072    1.599
00:17:17.761 VLLM::W        1046589 nvme1n1 RS   1589163264 131072    1.647
00:17:17.761 VLLM::W        1046589 nvme1n1 RS   1589163520 131072    1.658
00:17:17.761 VLLM::W        1046589 nvme1n1 RS   1589163776 131072    1.724
00:17:17.761 VLLM::W        1046589 nvme1n1 RS   1589164032 94208     1.737
00:17:17.761 VLLM::W        1046586 nvme1n1 RS   58986752   131072    1.122
00:17:17.761 VLLM::W        1046586 nvme1n1 RS   58986496   131072    1.146
00:17:17.761 VLLM::W        1046586 nvme1n1 RS   58987008   131072    1.147
00:17:17.761 VLLM::W        1046586 nvme1n1 RS   58987264   131072    1.172
00:17:17.761 VLLM::W        1046586 nvme1n1 RS   58987520   131072    1.203
00:17:17.761 VLLM::W        1046586 nvme1n1 RS   58987776   131072    1.232
00:17:17.761 VLLM::W        1046586 nvme1n1 RS   58988032   131072    1.261
00:17:17.761 VLLM::W        1046586 nvme1n1 RS   58988288   131072    1.286
00:17:17.761 VLLM::W        1046586 nvme1n1 RS   58988544   94208     1.309
00:17:17.761 VLLM::W        1046588 nvme1n1 RS   1589153792 131072    0.735
00:17:17.761 VLLM::W        1046588 nvme1n1 RS   1589154048 131072    0.765
00:17:17.761 VLLM::W        1046588 nvme1n1 RS   1589154304 131072    0.803
00:17:17.761 VLLM::W        1046588 nvme1n1 RS   1589154560 131072    0.884
00:17:17.761 VLLM::W        1046588 nvme1n1 RS   1589154816 131072    0.901
00:17:17.761 VLLM::W        1046588 nvme1n1 RS   1589155072 131072    0.919
00:17:17.761 VLLM::W        1046588 nvme1n1 RS   1589155328 131072    0.930
00:17:17.762 VLLM::W        1046588 nvme1n1 RS   1589155840 94208     0.974
00:17:17.762 VLLM::W        1046588 nvme1n1 RS   1589155584 131072    0.989
00:17:18.108 nvme           1445770 Unknown N    -1         512       0.036
00:17:18.335 ib_pg_f        125934  nvme1n1 WS   1737209856 131072    0.174
00:17:18.335 ib_pg_f        125934  nvme1n1 WS   1737210112 131072    0.242
00:17:18.335 ib_pg_f        125934  nvme1n1 WS   1737210368 131072    0.317
00:17:18.335 ib_pg_f        125934  nvme1n1 WS   1737210624 131072    0.392
00:17:18.335 ib_pg_f        125934  nvme1n1 WS   1737210880 131072    0.472
00:17:18.335 ib_pg_f        125934  nvme1n1 WS   1737211136 131072    0.547
00:17:18.335 ib_pg_f        125934  nvme1n1 WS   1737211392 131072    0.626
00:17:18.335 ib_pg_f        125934  nvme1n1 WS   1737211648 65536     0.664
00:17:18.335 ib_pg_f        125934  nvme1n1 WS   1756442848 16384     0.047
00:17:18.335 ib_pg_f        125934  nvme1n1 WS   1757812384 16384     0.062
00:17:18.335 ib_pg_f        125934  nvme1n1 WS   1757680896 16384     0.056
00:17:18.335 ib_pg_f        125934  nvme1n1 WS   1730405440 16384     0.067
00:17:18.335 ib_pg_f        125934  nvme1n1 WS   1730392288 16384     0.073
00:17:18.335 ib_pg_f        125934  nvme1n1 WS   1849440    16384     0.048
00:17:18.335 ib_pg_f        125934  nvme1n1 WS   1849472    16384     0.054
00:17:18.335 ib_pg_f        125934  nvme1n1 WS   1849504    16384     0.058
00:17:18.335 ib_pg_f        125934  nvme1n1 WS   1556364000 16384     0.060
00:17:18.335 ib_pg_f        125934  nvme1n1 WS   1730392320 16384     0.065
00:17:18.335 ib_pg_f        125934  nvme1n1 WS   1520140704 16384     0.071
00:17:18.335 ib_pg_f        125934  nvme1n1 WS   1520151520 16384     0.064
00:17:18.335 ib_pg_f        125934  nvme1n1 WS   1849984    16384     0.054
00:17:18.335 ib_pg_f        125934  nvme1n1 WS   1850016    16384     0.053
00:17:18.335 ib_pg_f        125934  nvme1n1 WS   1850048    16384     0.051
00:17:18.335 ib_pg_f        125934  nvme1n1 WS   1850080    16384     0.044
00:17:18.336 ib_pg_f        125934  nvme1n1 WS   1850112    16384     0.049
00:17:18.336 ib_pg_f        125934  nvme1n1 WS   1850176    16384     0.053
00:17:18.336 ib_pg_f        125934  nvme1n1 WS   1850208    16384     0.050
00:17:18.336 ib_pg_f        125934  nvme1n1 WS   1850240    16384     0.050
00:17:18.336 ib_pg_f        125934  nvme1n1 WS   1560554240 16384     0.053
00:17:18.336 ib_pg_f        125934  nvme1n1 WS   1520151552 16384     0.054
00:17:18.336 ib_pg_f        125934  nvme1n1 WS   1520151584 16384     0.058
00:17:18.336 ib_pg_f        125934  nvme1n1 WS   1498164192 16384     0.055
00:17:18.336 ib_pg_f        125934  nvme1n1 WS   1520151360 16384     0.059
00:17:18.336 ib_pg_f        125934  nvme1n1 WS   1520150528 16384     0.064
00:17:18.336 ib_pg_f        125934  nvme1n1 WS   1498164320 16384     0.064
00:17:18.336 ib_pg_f        125934  nvme1n1 WS   1756907936 16384     0.066
00:17:18.336 ib_pg_f        125934  nvme1n1 WS   1756912128 16384     0.061
00:17:18.336 ib_pg_f        125934  nvme1n1 WS   1498164576 16384     0.061
00:17:18.336 ib_pg_f        125934  nvme1n1 WS   1498163552 16384     0.067
00:17:18.336 ib_pg_f        125934  nvme1n1 WS   1498163712 16384     0.072
00:17:18.336 ib_pg_f        125934  nvme1n1 WS   1756903648 16384     0.067
00:17:18.336 ib_pg_f        125934  nvme1n1 WS   1756480736 16384     0.068
00:17:18.336 ib_pg_f        125934  nvme1n1 WS   1730410816 16384     0.067
00:17:18.336 ib_pg_f        125934  nvme1n1 WS   1755863328 16384     0.046
00:17:18.336 ib_pg_f        125934  nvme1n1 WS   1756866976 16384     0.052
00:17:18.336 ib_pg_f        125934  nvme1n1 WS   1755863360 16384     0.059
00:17:18.336 ib_pg_f        125934  nvme1n1 WS   1755863392 16384     0.063
00:17:18.336 ib_pg_f        125934  nvme1n1 WS   1730392352 16384     0.068
00:17:18.336 ib_pg_f        125934  nvme1n1 WS   1755863424 16384     0.077
00:17:18.336 ib_pg_f        125934  nvme1n1 WS   1756480064 16384     0.079
00:17:18.336 ib_pg_f        125934  nvme1n1 WS   1850336    16384     0.086
00:17:18.336 ib_pg_f        125934  nvme1n1 WS   1850368    16384     0.074
00:17:18.336 ib_pg_f        125934  nvme1n1 WS   1850272    16384     0.063
00:17:18.336 ib_pg_f        125934  nvme1n1 WS   1850304    16384     0.057
00:17:18.336 ib_pg_f        125934  nvme1n1 WS   1730410080 16384     0.048
00:17:18.336 ib_pg_f        125934  nvme1n1 WS   1757759936 16384     0.053
00:17:18.336 ib_pg_f        125934  nvme1n1 WS   1757760384 16384     0.046
00:17:18.336 ib_pg_f        125934  nvme1n1 WS   1560554208 16384     0.043
00:17:18.336 ib_pg_f        125934  nvme1n1 WS   671424     16384     0.043
00:17:18.336 ib_pg_f        125934  nvme1n1 WS   1556364032 16384     0.048
00:17:18.336 ib_pg_f        125934  nvme1n1 WS   1730392416 16384     0.048
00:17:18.336 ib_pg_f        125934  nvme1n1 WS   1756482304 16384     0.061
00:17:18.336 ib_pg_f        125934  nvme1n1 WS   1756425056 16384     0.070
00:17:18.336 ib_pg_f        125934  nvme1n1 WS   1730405728 16384     0.071
00:17:18.336 ib_pg_f        125934  nvme1n1 WS   1556364128 16384     0.070
00:17:18.336 ib_pg_f        125934  nvme1n1 WS   1730392448 16384     0.075
00:17:18.336 ib_pg_f        125934  nvme1n1 WS   1730452000 16384     0.070
00:17:18.336 ib_pg_f        125934  nvme1n1 WS   1756903584 16384     0.079
00:17:18.752 kworker        1444882 nvme1n1 W    1625050968 12288     0.068
00:17:18.974 ib_log_        125934  nvme1n1 WS   1757540960 4096      0.053
00:17:18.974 ib_log_        125934  nvme1n1 WS   1757536256 4096      0.037
00:17:19.111 nvme           1445784 Unknown N    -1         512       0.081
00:17:20.113 nvme           1445793 Unknown N    -1         512       0.032
00:17:20.335 ib_pg_f        125934  nvme1n1 WS   1737244672 16384     0.067
00:17:20.335 ib_pg_f        125934  nvme1n1 WS   1757759904 16384     0.042
00:17:20.975 ib_log_        125934  nvme1n1 WS   1757536256 4096      0.051
00:17:21.116 nvme           1445806 Unknown N    -1         512       0.031
00:17:21.423 ib_log_        125932  nvme1n1 WS   1756751840 4096      0.049
00:17:21.423 ib_log_        125932  nvme1n1 WS   1756751840 4096      0.032
00:17:21.424 ib_log_        125932  nvme1n1 WS   1756751840 8192      0.033
00:17:21.424 ib_log_        125932  nvme1n1 WS   1756751856 8192      0.031
00:17:21.424 jbd2/nv        752     nvme1n1 WSM  877397032  57344     0.080
00:17:21.424 jbd2/nv        752     nvme1n1 WSM  877397144  4096      0.027
00:17:21.425 connect        125932  nvme1n1 WS   844577464  4096      0.037
00:17:21.425 jbd2/nv        752     nvme1n1 WSM  877397152  8192      0.031
00:17:21.425 jbd2/nv        752     nvme1n1 WSM  877397168  4096      0.027
00:17:21.425 ib_log_        125932  nvme1n1 WS   1756751856 4096      0.027
00:17:21.425 ib_log_        125932  nvme1n1 WS   1756751856 4096      0.028
00:17:21.425 jbd2/nv        752     nvme1n1 WSM  877397176  40960     0.059
00:17:21.425 jbd2/nv        752     nvme1n1 WSM  877397256  4096      0.027
00:17:21.425 ib_log_        125932  nvme1n1 WS   1756751856 4096      0.026
00:17:21.425 ib_log_        125932  nvme1n1 WS   1756751856 4096      0.026
00:17:21.425 ib_log_        125932  nvme1n1 WS   1756751856 4096      0.026
00:17:21.485 ib_log_        125932  nvme1n1 WS   1756751856 4096      0.043
00:17:21.486 ib_log_        125932  nvme1n1 WS   1756751856 8192      0.033
00:17:21.560 VLLM::W        1046589 nvme1n1 RS   575737856  131072    0.265
00:17:21.560 VLLM::W        1046589 nvme1n1 RS   575738112  131072    0.264
00:17:21.560 VLLM::W        1046589 nvme1n1 RS   575738368  131072    0.277
00:17:21.560 VLLM::W        1046589 nvme1n1 RS   575738624  131072    0.280
00:17:21.560 VLLM::W        1046587 nvme1n1 RS   1565474816 131072    0.363
00:17:21.560 VLLM::W        1046587 nvme1n1 RS   1565475072 131072    0.370
00:17:21.560 VLLM::W        1046589 nvme1n1 RS   575738880  131072    0.466
00:17:21.560 VLLM::W        1046588 nvme1n1 RS   1565323520 131072    0.479
00:17:21.560 VLLM::W        1046588 nvme1n1 RS   1565323264 131072    0.521
00:17:21.560 VLLM::W        1046588 nvme1n1 RS   1565323776 131072    0.588
00:17:21.560 VLLM::W        1046588 nvme1n1 RS   1565324032 131072    0.593
00:17:21.560 VLLM::W        1046589 nvme1n1 RS   575739392  131072    0.651
00:17:21.560 VLLM::W        1046589 nvme1n1 RS   575739136  131072    0.662
00:17:21.560 VLLM::W        1046587 nvme1n1 RS   1565475840 131072    0.754
00:17:21.560 VLLM::W        1046587 nvme1n1 RS   1565475584 131072    0.778
00:17:21.560 VLLM::W        1046587 nvme1n1 RS   1565475328 131072    0.794
00:17:21.560 VLLM::W        1046587 nvme1n1 RS   1565476096 131072    0.854
00:17:21.560 VLLM::W        1046588 nvme1n1 RS   1565324288 131072    0.909
00:17:21.560 VLLM::W        1046588 nvme1n1 RS   1565324544 131072    0.929
00:17:21.560 VLLM::W        1046586 nvme1n1 RS   1565462528 131072    0.962
00:17:21.560 VLLM::W        1046586 nvme1n1 RS   1565462784 131072    0.967
00:17:21.560 VLLM::W        1046586 nvme1n1 RS   1565463040 131072    1.055
00:17:21.560 VLLM::W        1046588 nvme1n1 RS   1565324800 131072    1.056
00:17:21.561 VLLM::W        1046586 nvme1n1 RS   1565463808 131072    1.080
00:17:21.561 VLLM::W        1046586 nvme1n1 RS   1565464064 131072    1.154
00:17:21.561 VLLM::W        1046586 nvme1n1 RS   1565463296 131072    1.180
00:17:21.561 VLLM::W        1046586 nvme1n1 RS   1565463552 131072    1.190
00:17:21.561 VLLM::W        1046589 nvme1n1 RS   575739904  131072    1.224
00:17:21.561 VLLM::W        1046587 nvme1n1 RS   1565476352 131072    1.295
00:17:21.561 VLLM::W        1046589 nvme1n1 RS   575739648  131072    1.248
00:17:21.561 VLLM::W        1046589 nvme1n1 RS   575740672  131072    1.349
00:17:21.561 VLLM::W        1046589 nvme1n1 RS   575740160  131072    1.371
00:17:21.561 VLLM::W        1046587 nvme1n1 RS   1565476608 131072    1.390
00:17:21.561 VLLM::W        1046589 nvme1n1 RS   575740416  131072    1.403
00:17:21.561 VLLM::W        1046589 nvme1n1 RS   575740928  131072    1.467
00:17:21.561 VLLM::W        1046587 nvme1n1 RS   1565476864 131072    1.483
00:17:21.561 VLLM::W        1046588 nvme1n1 RS   1565325056 131072    1.522
00:17:21.561 VLLM::W        1046587 nvme1n1 RS   1565477632 131072    1.644
00:17:21.561 VLLM::W        1046587 nvme1n1 RS   1565477376 131072    1.668
00:17:21.561 VLLM::W        1046589 nvme1n1 RS   575741184  131072    1.688
00:17:21.561 VLLM::W        1046589 nvme1n1 RS   575741440  131072    1.693
00:17:21.561 VLLM::W        1046588 nvme1n1 RS   1565325312 131072    1.762
00:17:21.561 VLLM::W        1046588 nvme1n1 RS   1565325568 131072    1.783
00:17:21.561 VLLM::W        1046587 nvme1n1 RS   1565477120 131072    1.799
00:17:21.561 VLLM::W        1046586 nvme1n1 RS   1565464320 131072    1.825
00:17:21.561 VLLM::W        1046587 nvme1n1 RS   1565477888 131072    1.871
00:17:21.561 VLLM::W        1046588 nvme1n1 RS   1565326336 131072    1.899
00:17:21.561 VLLM::W        1046588 nvme1n1 RS   1565325824 131072    1.965
00:17:21.561 VLLM::W        1046588 nvme1n1 RS   1565326592 131072    1.966
00:17:21.562 VLLM::W        1046586 nvme1n1 RS   1565464576 131072    2.042
00:17:21.562 VLLM::W        1046588 nvme1n1 RS   1565458432 131072    2.032
00:17:21.562 VLLM::W        1046588 nvme1n1 RS   1565327104 131072    2.049
00:17:21.562 VLLM::W        1046588 nvme1n1 RS   1565326080 131072    2.142
00:17:21.562 VLLM::W        1046586 nvme1n1 RS   1565465088 131072    2.159
00:17:21.562 VLLM::W        1046588 nvme1n1 RS   1565458688 131072    2.148
00:17:21.562 VLLM::W        1046588 nvme1n1 RS   1565326848 131072    2.180
00:17:21.562 VLLM::W        1046586 nvme1n1 RS   1565465344 131072    2.232
00:17:21.562 VLLM::W        1046586 nvme1n1 RS   1565465600 131072    2.248
00:17:21.562 VLLM::W        1046586 nvme1n1 RS   1565464832 131072    2.273
00:17:21.562 VLLM::W        1046586 nvme1n1 RS   1565465856 131072    2.318
00:17:21.562 VLLM::W        1046586 nvme1n1 RS   1565466112 131072    2.323
00:17:21.562 VLLM::W        1046586 nvme1n1 RS   1565483008 131072    2.372
00:17:21.562 VLLM::W        1046586 nvme1n1 RS   1565466368 131072    2.388
00:17:21.562 VLLM::W        1046587 nvme1n1 RS   1565478400 131072    2.486
00:17:21.562 VLLM::W        1046587 nvme1n1 RS   1565478144 131072    2.501
00:17:21.562 VLLM::W        1046587 nvme1n1 RS   1565495552 131072    2.558
00:17:21.562 VLLM::W        1046587 nvme1n1 RS   1565478656 131072    2.584
00:17:21.562 VLLM::W        1046587 nvme1n1 RS   1565495296 131072    2.598
00:17:21.562 VLLM::W        1046589 nvme1n1 RS   575741696  131072    2.673
00:17:21.562 VLLM::W        1046589 nvme1n1 RS   575741952  131072    2.685
00:17:21.562 VLLM::W        1046589 nvme1n1 RS   575742208  131072    2.702
00:17:21.562 VLLM::W        1046586 nvme1n1 RS   1565483264 131072    2.691
00:17:21.562 VLLM::W        1046588 nvme1n1 RS   731176960  131072    0.437
00:17:21.562 VLLM::W        1046588 nvme1n1 RS   731177216  131072    0.445
00:17:21.562 VLLM::W        1046588 nvme1n1 RS   731177984  131072    0.561
00:17:21.562 VLLM::W        1046588 nvme1n1 RS   731178240  131072    0.599
00:17:21.563 VLLM::W        1046588 nvme1n1 RS   731177472  131072    0.648
00:17:21.563 VLLM::W        1046588 nvme1n1 RS   731177728  131072    0.665
00:17:21.563 VLLM::W        1046588 nvme1n1 RS   731178752  131072    0.628
00:17:21.563 VLLM::W        1046588 nvme1n1 RS   731178496  131072    0.687
00:17:21.563 VLLM::W        1046588 nvme1n1 RS   731179008  131072    0.648
00:17:21.563 VLLM::W        1046588 nvme1n1 RS   731179264  131072    0.710
00:17:21.563 VLLM::W        1046588 nvme1n1 RS   731179520  131072    0.721
00:17:21.563 VLLM::W        1046588 nvme1n1 RS   731179776  131072    0.727
00:17:21.563 VLLM::W        1046588 nvme1n1 RS   731180032  131072    0.784
00:17:21.563 VLLM::W        1046588 nvme1n1 RS   731180288  131072    0.803
00:17:21.563 VLLM::W        1046588 nvme1n1 RS   731180544  131072    0.814
00:17:21.563 VLLM::W        1046588 nvme1n1 RS   731180800  131072    0.874
00:17:21.563 VLLM::W        1046588 nvme1n1 RS   731250688  131072    0.883
00:17:21.563 VLLM::W        1046588 nvme1n1 RS   731250944  131072    0.911
00:17:21.563 VLLM::W        1046587 nvme1n1 RS   1565499392 131072    0.621
00:17:21.563 VLLM::W        1046587 nvme1n1 RS   1565499648 131072    0.641
00:17:21.563 VLLM::W        1046587 nvme1n1 RS   1565499904 131072    0.667
00:17:21.563 VLLM::W        1046587 nvme1n1 RS   1565500160 131072    0.692
00:17:21.563 VLLM::W        1046587 nvme1n1 RS   1565500416 131072    0.767
00:17:21.563 VLLM::W        1046587 nvme1n1 RS   1565500672 131072    0.786
00:17:21.563 VLLM::W        1046587 nvme1n1 RS   1565500928 131072    0.863
00:17:21.563 VLLM::W        1046589 nvme1n1 RS   1565519872 131072    0.854
00:17:21.563 VLLM::W        1046589 nvme1n1 RS   1565520128 131072    0.853
00:17:21.563 VLLM::W        1046589 nvme1n1 RS   1565520384 131072    0.909
00:17:21.563 VLLM::W        1046587 nvme1n1 RS   1565501184 131072    0.924
00:17:21.563 VLLM::W        1046589 nvme1n1 RS   1565520640 131072    1.004
00:17:21.563 VLLM::W        1046589 nvme1n1 RS   1565521152 131072    1.013
00:17:21.563 VLLM::W        1046589 nvme1n1 RS   1565520896 131072    1.030
00:17:21.564 VLLM::W        1046587 nvme1n1 RS   1565501440 131072    1.099
00:17:21.564 VLLM::W        1046587 nvme1n1 RS   1565501696 131072    1.111
00:17:21.564 VLLM::W        1046587 nvme1n1 RS   1565501952 131072    1.121
00:17:21.564 VLLM::W        1046589 nvme1n1 RS   1565521408 131072    1.193
00:17:21.564 VLLM::W        1046587 nvme1n1 RS   1565502464 131072    1.224
00:17:21.564 VLLM::W        1046587 nvme1n1 RS   1565502720 131072    1.260
00:17:21.564 VLLM::W        1046587 nvme1n1 RS   1565502208 131072    1.291
00:17:21.564 VLLM::W        1046587 nvme1n1 RS   1565502976 131072    1.295
00:17:21.564 VLLM::W        1046587 nvme1n1 RS   1565503232 131072    1.348
00:17:21.564 VLLM::W        1046587 nvme1n1 RS   1565511680 131072    1.364
00:17:21.564 VLLM::W        1046587 nvme1n1 RS   1565511936 131072    1.374
00:17:21.564 VLLM::W        1046589 nvme1n1 RS   1565521664 131072    1.450
00:17:21.564 VLLM::W        1046589 nvme1n1 RS   1565521920 131072    1.466
00:17:21.564 VLLM::W        1046589 nvme1n1 RS   1565522176 131072    1.476
00:17:21.564 VLLM::W        1046589 nvme1n1 RS   1565522432 131072    1.501
00:17:21.564 VLLM::W        1046589 nvme1n1 RS   1565522688 131072    1.532
00:17:21.564 VLLM::W        1046589 nvme1n1 RS   1565522944 131072    1.567
00:17:21.564 VLLM::W        1046589 nvme1n1 RS   1565523200 131072    1.608
00:17:21.564 VLLM::W        1046589 nvme1n1 RS   1565523456 131072    1.642
00:17:21.564 VLLM::W        1046586 nvme1n1 RS   844926976  131072    1.721
00:17:21.564 VLLM::W        1046586 nvme1n1 RS   844927232  131072    1.720
00:17:21.564 VLLM::W        1046586 nvme1n1 RS   844927488  131072    1.750
00:17:21.564 VLLM::W        1046586 nvme1n1 RS   844927744  131072    1.776
00:17:21.564 VLLM::W        1046586 nvme1n1 RS   844928000  131072    1.805
00:17:21.564 VLLM::W        1046586 nvme1n1 RS   844928256  131072    1.831
00:17:21.564 VLLM::W        1046589 nvme1n1 RS   1565523712 131072    1.876
00:17:21.564 VLLM::W        1046589 nvme1n1 RS   1565536256 131072    1.910
00:17:21.564 VLLM::W        1046589 nvme1n1 RS   1565536512 131072    1.945
00:17:21.564 VLLM::W        1046586 nvme1n1 RS   844928512  131072    1.976
00:17:21.565 VLLM::W        1046586 nvme1n1 RS   844929024  131072    1.989
00:17:21.565 VLLM::W        1046586 nvme1n1 RS   844929280  131072    2.025
00:17:21.565 VLLM::W        1046586 nvme1n1 RS   844928768  131072    2.061
00:17:21.565 VLLM::W        1046586 nvme1n1 RS   844930048  131072    2.129
00:17:21.565 VLLM::W        1046586 nvme1n1 RS   844929536  131072    2.151
00:17:21.565 VLLM::W        1046586 nvme1n1 RS   844929792  131072    2.160
00:17:21.565 VLLM::W        1046586 nvme1n1 RS   844930304  131072    2.154
00:17:21.565 VLLM::W        1046586 nvme1n1 RS   844930560  131072    2.207
00:17:21.565 VLLM::W        1046586 nvme1n1 RS   844930816  131072    2.206
00:17:21.565 VLLM::W        1046586 nvme1n1 RS   844931072  131072    2.218
00:17:21.565 VLLM::W        1046588 nvme1n1 RS   731181312  131072    1.931
00:17:21.565 VLLM::W        1046586 nvme1n1 RS   844931328  131072    2.345
00:17:21.565 VLLM::W        1046588 nvme1n1 RS   731181056  131072    1.972
00:17:21.565 VLLM::W        1046588 nvme1n1 RS   731181568  131072    1.989
00:17:21.565 VLLM::W        1046588 nvme1n1 RS   731181824  131072    1.994
00:17:21.565 VLLM::W        1046588 nvme1n1 RS   731182080  131072    2.061
00:17:21.565 VLLM::W        1046588 nvme1n1 RS   731182336  131072    2.100
00:17:21.565 VLLM::W        1046588 nvme1n1 RS   731182592  131072    2.111
00:17:21.565 VLLM::W        1046588 nvme1n1 RS   731182848  131072    2.115
00:17:21.565 VLLM::W        1046588 nvme1n1 RS   731183104  131072    2.165
00:17:21.565 VLLM::W        1046588 nvme1n1 RS   731183616  131072    2.197
00:17:21.565 VLLM::W        1046588 nvme1n1 RS   731183872  131072    2.241
00:17:21.565 VLLM::W        1046588 nvme1n1 RS   731183360  131072    2.330
00:17:21.565 VLLM::W        1046588 nvme1n1 RS   731184640  131072    2.323
00:17:21.566 VLLM::W        1046588 nvme1n1 RS   731184896  131072    2.345
00:17:21.566 VLLM::W        1046588 nvme1n1 RS   731184128  131072    2.380
00:17:21.566 VLLM::W        1046588 nvme1n1 RS   1565470976 131072    2.407
00:17:21.566 VLLM::W        1046588 nvme1n1 RS   1565470720 131072    2.430
00:17:21.566 VLLM::W        1046588 nvme1n1 RS   731184384  131072    2.465
00:17:21.566 VLLM::W        1046587 nvme1n1 RS   844935424  131072    1.630
00:17:21.566 VLLM::W        1046587 nvme1n1 RS   844935168  131072    1.656
00:17:21.566 VLLM::W        1046587 nvme1n1 RS   844935680  131072    1.657
00:17:21.566 VLLM::W        1046587 nvme1n1 RS   844935936  131072    1.715
00:17:21.566 VLLM::W        1046587 nvme1n1 RS   844936192  131072    1.779
00:17:21.566 VLLM::W        1046587 nvme1n1 RS   844936448  131072    1.820
00:17:21.566 VLLM::W        1046587 nvme1n1 RS   844936704  131072    1.827
00:17:21.566 VLLM::W        1046587 nvme1n1 RS   844936960  131072    1.804
00:17:21.566 VLLM::W        1046587 nvme1n1 RS   844937216  131072    1.814
00:17:21.566 VLLM::W        1046587 nvme1n1 RS   844937472  131072    1.816
00:17:21.566 VLLM::W        1046587 nvme1n1 RS   844937728  131072    1.919
00:17:21.566 VLLM::W        1046587 nvme1n1 RS   844937984  131072    1.935
00:17:21.566 VLLM::W        1046587 nvme1n1 RS   844938240  131072    1.952
00:17:21.566 VLLM::W        1046587 nvme1n1 RS   844938496  131072    1.962
00:17:21.566 VLLM::W        1046587 nvme1n1 RS   844939008  131072    1.993
00:17:21.566 VLLM::W        1046587 nvme1n1 RS   844939264  131072    2.038
00:17:21.566 VLLM::W        1046587 nvme1n1 RS   844938752  131072    2.088
00:17:21.566 VLLM::W        1046587 nvme1n1 RS   844939520  131072    2.074
00:17:21.566 VLLM::W        1046589 nvme1n1 RS   1581850624 131072    1.700
00:17:21.566 VLLM::W        1046589 nvme1n1 RS   1581851136 131072    1.775
00:17:21.566 VLLM::W        1046589 nvme1n1 RS   1581851392 131072    1.796
00:17:21.566 VLLM::W        1046589 nvme1n1 RS   1581850880 131072    1.836
00:17:21.566 VLLM::W        1046589 nvme1n1 RS   1581851648 131072    1.845
00:17:21.566 VLLM::W        1046589 nvme1n1 RS   1581851904 131072    1.862
00:17:21.567 VLLM::W        1046589 nvme1n1 RS   1581852160 131072    1.893
00:17:21.567 VLLM::W        1046589 nvme1n1 RS   1581852416 131072    1.867
00:17:21.567 VLLM::W        1046589 nvme1n1 RS   1581852672 131072    1.883
00:17:21.567 VLLM::W        1046589 nvme1n1 RS   1581852928 131072    1.919
00:17:21.567 VLLM::W        1046589 nvme1n1 RS   1581853184 131072    1.952
00:17:21.567 VLLM::W        1046589 nvme1n1 RS   1581853440 131072    1.998
00:17:21.567 VLLM::W        1046589 nvme1n1 RS   1581853696 131072    2.009
00:17:21.567 VLLM::W        1046589 nvme1n1 RS   1581853952 131072    2.061
00:17:21.567 VLLM::W        1046589 nvme1n1 RS   1581854208 131072    2.089
00:17:21.567 VLLM::W        1046589 nvme1n1 RS   1581854464 131072    2.107
00:17:21.567 VLLM::W        1046589 nvme1n1 RS   1581854720 131072    2.182
00:17:21.567 VLLM::W        1046589 nvme1n1 RS   1581854976 131072    2.188
00:17:21.567 VLLM::W        1046586 nvme1n1 RS   1565466880 131072    1.786
00:17:21.567 VLLM::W        1046586 nvme1n1 RS   1565466624 131072    1.806
00:17:21.567 VLLM::W        1046586 nvme1n1 RS   1565467136 131072    1.808
00:17:21.567 VLLM::W        1046586 nvme1n1 RS   1565467904 131072    1.895
00:17:21.567 VLLM::W        1046586 nvme1n1 RS   1565467392 131072    1.940
00:17:21.567 VLLM::W        1046586 nvme1n1 RS   1565467648 131072    1.944
00:17:21.567 VLLM::W        1046586 nvme1n1 RS   1565468160 131072    1.941
00:17:21.567 VLLM::W        1046586 nvme1n1 RS   1565468928 131072    1.969
00:17:21.567 VLLM::W        1046586 nvme1n1 RS   1565468416 131072    1.993
00:17:21.567 VLLM::W        1046586 nvme1n1 RS   1565468672 131072    2.017
00:17:21.567 VLLM::W        1046586 nvme1n1 RS   1565469184 131072    2.020
00:17:21.567 VLLM::W        1046586 nvme1n1 RS   1565469440 131072    2.028
00:17:21.567 VLLM::W        1046586 nvme1n1 RS   1565469696 131072    2.053
00:17:21.567 VLLM::W        1046586 nvme1n1 RS   1565469952 131072    2.075
00:17:21.567 VLLM::W        1046586 nvme1n1 RS   1565470208 131072    2.099
00:17:21.568 VLLM::W        1046586 nvme1n1 RS   1565470464 131072    2.113
00:17:21.568 VLLM::W        1046586 nvme1n1 RS   1565487104 131072    2.142
00:17:21.568 VLLM::W        1046586 nvme1n1 RS   1565487360 131072    2.171
00:17:21.568 VLLM::W        1046588 nvme1n1 RS   1565515776 131072    1.902
00:17:21.568 VLLM::W        1046588 nvme1n1 RS   1565516032 131072    1.918
00:17:21.568 VLLM::W        1046588 nvme1n1 RS   1565516288 131072    1.928
00:17:21.568 VLLM::W        1046588 nvme1n1 RS   1565516544 131072    1.958
00:17:21.568 VLLM::W        1046588 nvme1n1 RS   1565516800 131072    1.990
00:17:21.568 VLLM::W        1046588 nvme1n1 RS   1565517056 131072    2.067
00:17:21.568 VLLM::W        1046588 nvme1n1 RS   1565517312 131072    2.079
00:17:21.568 VLLM::W        1046588 nvme1n1 RS   1565517568 131072    2.067
00:17:21.568 VLLM::W        1046588 nvme1n1 RS   1565517824 131072    2.106
00:17:21.568 VLLM::W        1046588 nvme1n1 RS   1565518080 131072    2.143
00:17:21.568 VLLM::W        1046588 nvme1n1 RS   1565518336 131072    2.180
00:17:21.568 VLLM::W        1046588 nvme1n1 RS   1565518592 131072    2.208
00:17:21.568 VLLM::W        1046588 nvme1n1 RS   1565518848 131072    2.234
00:17:21.568 VLLM::W        1046588 nvme1n1 RS   1565519104 131072    2.282
00:17:21.568 VLLM::W        1046588 nvme1n1 RS   1565519360 131072    2.292
00:17:21.568 VLLM::W        1046588 nvme1n1 RS   1565523968 131072    2.368
00:17:21.568 VLLM::W        1046588 nvme1n1 RS   1565519616 131072    2.386
00:17:21.568 VLLM::W        1046588 nvme1n1 RS   1565524224 131072    2.394
00:17:21.568 VLLM::W        1046587 nvme1n1 RS   1565503488 131072    1.945
00:17:21.568 VLLM::W        1046587 nvme1n1 RS   1565503744 131072    1.959
00:17:21.568 VLLM::W        1046587 nvme1n1 RS   1565504000 131072    1.961
00:17:21.568 VLLM::W        1046587 nvme1n1 RS   1565504256 131072    2.015
00:17:21.568 VLLM::W        1046587 nvme1n1 RS   1565504512 131072    2.027
00:17:21.569 VLLM::W        1046587 nvme1n1 RS   1565505024 131072    2.107
00:17:21.569 VLLM::W        1046587 nvme1n1 RS   1565505280 131072    2.065
00:17:21.569 VLLM::W        1046587 nvme1n1 RS   1565504768 131072    2.133
00:17:21.569 VLLM::W        1046587 nvme1n1 RS   1565505536 131072    2.097
00:17:21.569 VLLM::W        1046587 nvme1n1 RS   1565505792 131072    2.133
00:17:21.569 VLLM::W        1046587 nvme1n1 RS   1565506048 131072    2.160
00:17:21.569 VLLM::W        1046587 nvme1n1 RS   1565506304 131072    2.187
00:17:21.569 VLLM::W        1046587 nvme1n1 RS   1565506560 131072    2.216
00:17:21.569 VLLM::W        1046587 nvme1n1 RS   1565506816 131072    2.239
00:17:21.569 VLLM::W        1046587 nvme1n1 RS   1565507072 131072    2.274
00:17:21.569 VLLM::W        1046587 nvme1n1 RS   1565507328 131072    2.345
00:17:21.569 VLLM::W        1046587 nvme1n1 RS   1565507584 131072    2.355
00:17:21.569 VLLM::W        1046587 nvme1n1 RS   1565507840 131072    2.419
00:17:21.569 VLLM::W        1046589 nvme1n1 RS   1685999616 131072    1.917
00:17:21.569 VLLM::W        1046589 nvme1n1 RS   1685999872 131072    1.917
00:17:21.569 VLLM::W        1046589 nvme1n1 RS   1686000128 131072    1.921
00:17:21.569 VLLM::W        1046589 nvme1n1 RS   1686000384 131072    1.992
00:17:21.569 VLLM::W        1046589 nvme1n1 RS   1686000640 131072    2.014
00:17:21.569 VLLM::W        1046589 nvme1n1 RS   1686000896 131072    2.030
00:17:21.569 VLLM::W        1046589 nvme1n1 RS   1686001152 131072    2.063
00:17:21.569 VLLM::W        1046589 nvme1n1 RS   1686001408 131072    2.054
00:17:21.569 VLLM::W        1046589 nvme1n1 RS   1686001664 131072    2.122
00:17:21.569 VLLM::W        1046589 nvme1n1 RS   1686001920 131072    2.134
00:17:21.569 VLLM::W        1046589 nvme1n1 RS   1686002176 131072    2.146
00:17:21.569 VLLM::W        1046589 nvme1n1 RS   1686002432 131072    2.155
00:17:21.569 VLLM::W        1046589 nvme1n1 RS   1686002688 131072    2.184
00:17:21.569 VLLM::W        1046589 nvme1n1 RS   1686002944 131072    2.211
00:17:21.569 VLLM::W        1046589 nvme1n1 RS   1686003200 131072    2.253
00:17:21.569 VLLM::W        1046589 nvme1n1 RS   1686003456 131072    2.267
00:17:21.570 VLLM::W        1046589 nvme1n1 RS   1686003712 131072    2.303
00:17:21.570 VLLM::W        1046589 nvme1n1 RS   1686003968 131072    2.330
00:17:21.570 VLLM::W        1046586 nvme1n1 RS   1565479168 131072    1.860
00:17:21.570 VLLM::W        1046586 nvme1n1 RS   1565478912 131072    1.910
00:17:21.570 VLLM::W        1046586 nvme1n1 RS   1565479424 131072    1.918
00:17:21.570 VLLM::W        1046586 nvme1n1 RS   1565479680 131072    1.921
00:17:21.570 VLLM::W        1046586 nvme1n1 RS   1565479936 131072    1.950
00:17:21.570 VLLM::W        1046586 nvme1n1 RS   1565480192 131072    2.000
00:17:21.570 VLLM::W        1046586 nvme1n1 RS   1565480448 131072    2.011
00:17:21.570 VLLM::W        1046586 nvme1n1 RS   1565480704 131072    2.020
00:17:21.570 VLLM::W        1046586 nvme1n1 RS   1565480960 131072    2.042
00:17:21.570 VLLM::W        1046586 nvme1n1 RS   1565481216 131072    2.044
00:17:21.570 VLLM::W        1046586 nvme1n1 RS   1565481472 131072    2.070
00:17:21.570 VLLM::W        1046586 nvme1n1 RS   1565481728 131072    2.095
00:17:21.570 VLLM::W        1046586 nvme1n1 RS   1565481984 131072    2.132
00:17:21.570 VLLM::W        1046586 nvme1n1 RS   1565482240 131072    2.158
00:17:21.570 VLLM::W        1046586 nvme1n1 RS   1565482496 131072    2.192
00:17:21.570 VLLM::W        1046586 nvme1n1 RS   1565482752 131072    2.206
00:17:21.570 VLLM::W        1046586 nvme1n1 RS   1565491200 131072    2.220
00:17:21.570 VLLM::W        1046586 nvme1n1 RS   1565491456 131072    2.298
00:17:21.570 VLLM::W        1046588 nvme1n1 RS   577572864  131072    1.904
00:17:21.570 VLLM::W        1046588 nvme1n1 RS   577573120  131072    1.907
00:17:21.570 VLLM::W        1046588 nvme1n1 RS   577573376  131072    1.946
00:17:21.570 VLLM::W        1046588 nvme1n1 RS   577573632  131072    1.975
00:17:21.570 VLLM::W        1046588 nvme1n1 RS   577573888  131072    2.010
00:17:21.570 VLLM::W        1046588 nvme1n1 RS   577574144  131072    2.037
00:17:21.570 VLLM::W        1046588 nvme1n1 RS   577574400  131072    2.068
00:17:21.571 VLLM::W        1046588 nvme1n1 RS   577574656  131072    2.088
00:17:21.571 VLLM::W        1046588 nvme1n1 RS   577574912  131072    2.097
00:17:21.571 VLLM::W        1046588 nvme1n1 RS   577575168  131072    2.135
00:17:21.571 VLLM::W        1046588 nvme1n1 RS   577575424  131072    2.191
00:17:21.571 VLLM::W        1046588 nvme1n1 RS   577575680  131072    2.214
00:17:21.571 VLLM::W        1046588 nvme1n1 RS   577575936  131072    2.225
00:17:21.571 VLLM::W        1046588 nvme1n1 RS   577576192  131072    2.248
00:17:21.571 VLLM::W        1046588 nvme1n1 RS   577576448  131072    2.287
00:17:21.571 VLLM::W        1046588 nvme1n1 RS   577576704  131072    2.352
00:17:21.571 VLLM::W        1046588 nvme1n1 RS   577576960  131072    2.375
00:17:21.571 VLLM::W        1046588 nvme1n1 RS   577577216  131072    2.383
00:17:21.571 VLLM::W        1046587 nvme1n1 RS   1586958592 131072    1.834
00:17:21.571 VLLM::W        1046587 nvme1n1 RS   1586958336 131072    1.847
00:17:21.571 VLLM::W        1046587 nvme1n1 RS   1586958848 131072    1.978
00:17:21.571 VLLM::W        1046587 nvme1n1 RS   1586959104 131072    1.991
00:17:21.571 VLLM::W        1046587 nvme1n1 RS   1586960128 131072    1.993
00:17:21.571 VLLM::W        1046587 nvme1n1 RS   1586959872 131072    2.068
00:17:21.571 VLLM::W        1046587 nvme1n1 RS   1586959360 131072    2.099
00:17:21.571 VLLM::W        1046587 nvme1n1 RS   1586959616 131072    2.103
00:17:21.571 VLLM::W        1046587 nvme1n1 RS   1586960896 131072    2.072
00:17:21.571 VLLM::W        1046587 nvme1n1 RS   1586961152 131072    2.123
00:17:21.571 VLLM::W        1046587 nvme1n1 RS   1586960384 131072    2.154
00:17:21.571 VLLM::W        1046587 nvme1n1 RS   1586960640 131072    2.171
00:17:21.571 VLLM::W        1046587 nvme1n1 RS   1586961408 131072    2.170
00:17:21.571 VLLM::W        1046587 nvme1n1 RS   1586961664 131072    2.241
00:17:21.571 VLLM::W        1046587 nvme1n1 RS   1586961920 131072    2.253
00:17:21.572 VLLM::W        1046587 nvme1n1 RS   1586966528 131072    2.255
00:17:21.572 VLLM::W        1046587 nvme1n1 RS   1586962176 131072    2.307
00:17:21.572 VLLM::W        1046587 nvme1n1 RS   1586966784 131072    2.314
00:17:21.572 VLLM::W        1046589 nvme1n1 RS   1586761728 131072    1.913
00:17:21.572 VLLM::W        1046589 nvme1n1 RS   1586762240 131072    1.929
00:17:21.572 VLLM::W        1046589 nvme1n1 RS   1586761984 131072    1.994
00:17:21.572 VLLM::W        1046589 nvme1n1 RS   1586762496 131072    2.002
00:17:21.572 VLLM::W        1046589 nvme1n1 RS   1586762752 131072    2.018
00:17:21.572 VLLM::W        1046589 nvme1n1 RS   1586763264 131072    2.058
00:17:21.572 VLLM::W        1046589 nvme1n1 RS   1586763520 131072    2.065
00:17:21.572 VLLM::W        1046589 nvme1n1 RS   1586763008 131072    2.148
00:17:21.572 VLLM::W        1046589 nvme1n1 RS   1586763776 131072    2.122
00:17:21.572 VLLM::W        1046589 nvme1n1 RS   1586764032 131072    2.124
00:17:21.572 VLLM::W        1046589 nvme1n1 RS   1586764288 131072    2.158
00:17:21.572 VLLM::W        1046589 nvme1n1 RS   1586764544 131072    2.190
00:17:21.572 VLLM::W        1046589 nvme1n1 RS   1586764800 131072    2.216
00:17:21.572 VLLM::W        1046589 nvme1n1 RS   1586765056 131072    2.242
00:17:21.572 VLLM::W        1046589 nvme1n1 RS   1586765312 131072    2.292
00:17:21.572 VLLM::W        1046589 nvme1n1 RS   1586765568 131072    2.313
00:17:21.572 VLLM::W        1046589 nvme1n1 RS   1586782208 131072    2.339
00:17:21.572 VLLM::W        1046589 nvme1n1 RS   1586782464 131072    2.366
00:17:21.572 VLLM::W        1046586 nvme1n1 RS   1586978816 131072    1.790
00:17:21.572 VLLM::W        1046586 nvme1n1 RS   1586979072 131072    1.821
00:17:21.572 VLLM::W        1046586 nvme1n1 RS   1586979328 131072    1.846
00:17:21.572 VLLM::W        1046586 nvme1n1 RS   1586979584 131072    1.873
00:17:21.572 VLLM::W        1046586 nvme1n1 RS   1586979840 131072    1.937
00:17:21.572 VLLM::W        1046586 nvme1n1 RS   1586980096 131072    1.941
00:17:21.573 VLLM::W        1046586 nvme1n1 RS   1586980352 131072    2.017
00:17:21.573 VLLM::W        1046586 nvme1n1 RS   1586980608 131072    1.986
00:17:21.573 VLLM::W        1046586 nvme1n1 RS   1586980864 131072    1.998
00:17:21.573 VLLM::W        1046586 nvme1n1 RS   1586981120 131072    2.027
00:17:21.573 VLLM::W        1046586 nvme1n1 RS   1586981376 131072    2.035
00:17:21.573 VLLM::W        1046586 nvme1n1 RS   1586981632 131072    2.067
00:17:21.573 VLLM::W        1046586 nvme1n1 RS   1586981888 131072    2.110
00:17:21.573 VLLM::W        1046586 nvme1n1 RS   1586982144 131072    2.163
00:17:21.573 VLLM::W        1046586 nvme1n1 RS   1586982400 131072    2.167
00:17:21.573 VLLM::W        1046586 nvme1n1 RS   1586774016 131072    2.208
00:17:21.573 VLLM::W        1046586 nvme1n1 RS   1586774272 131072    2.240
00:17:21.573 VLLM::W        1046586 nvme1n1 RS   1586982656 131072    2.262
00:17:21.573 VLLM::W        1046588 nvme1n1 RS   1586962432 131072    1.911
00:17:21.573 VLLM::W        1046588 nvme1n1 RS   1586962688 131072    1.919
00:17:21.573 VLLM::W        1046588 nvme1n1 RS   1586962944 131072    1.972
00:17:21.573 VLLM::W        1046588 nvme1n1 RS   1586963200 131072    2.001
00:17:21.573 VLLM::W        1046588 nvme1n1 RS   1586963456 131072    2.045
00:17:21.573 VLLM::W        1046588 nvme1n1 RS   1586963712 131072    2.055
00:17:21.573 VLLM::W        1046588 nvme1n1 RS   1586963968 131072    2.086
00:17:21.573 VLLM::W        1046588 nvme1n1 RS   1586964224 131072    2.097
00:17:21.573 VLLM::W        1046588 nvme1n1 RS   1586964480 131072    2.107
00:17:21.573 VLLM::W        1046588 nvme1n1 RS   1586964736 131072    2.160
00:17:21.573 VLLM::W        1046588 nvme1n1 RS   1586964992 131072    2.224
00:17:21.573 VLLM::W        1046588 nvme1n1 RS   1586965248 131072    2.247
00:17:21.573 VLLM::W        1046588 nvme1n1 RS   1586965504 131072    2.263
00:17:21.573 VLLM::W        1046588 nvme1n1 RS   1586965760 131072    2.273
00:17:21.573 VLLM::W        1046588 nvme1n1 RS   1586966016 131072    2.299
00:17:21.574 VLLM::W        1046588 nvme1n1 RS   1586970624 131072    2.381
00:17:21.574 VLLM::W        1046588 nvme1n1 RS   1586966272 131072    2.400
00:17:21.574 VLLM::W        1046588 nvme1n1 RS   1586970880 131072    2.407
00:17:21.574 VLLM::W        1046587 nvme1n1 RS   1586974720 131072    1.899
00:17:21.574 VLLM::W        1046587 nvme1n1 RS   1586974976 131072    1.913
00:17:21.574 VLLM::W        1046587 nvme1n1 RS   1586975232 131072    1.931
00:17:21.574 VLLM::W        1046587 nvme1n1 RS   1586975488 131072    1.939
00:17:21.574 VLLM::W        1046587 nvme1n1 RS   1586975744 131072    1.995
00:17:21.574 VLLM::W        1046587 nvme1n1 RS   1586976000 131072    2.004
00:17:21.574 VLLM::W        1046587 nvme1n1 RS   1586976512 131072    2.027
00:17:21.574 VLLM::W        1046587 nvme1n1 RS   1586976256 131072    2.090
00:17:21.574 VLLM::W        1046587 nvme1n1 RS   1586976768 131072    2.077
00:17:21.574 VLLM::W        1046587 nvme1n1 RS   1586977024 131072    2.108
00:17:21.574 VLLM::W        1046587 nvme1n1 RS   1586977280 131072    2.131
00:17:21.574 VLLM::W        1046587 nvme1n1 RS   1586977536 131072    2.200
00:17:21.574 VLLM::W        1046587 nvme1n1 RS   1586977792 131072    2.217
00:17:21.574 VLLM::W        1046587 nvme1n1 RS   1586978048 131072    2.226
00:17:21.574 VLLM::W        1046587 nvme1n1 RS   1586978304 131072    2.261
00:17:21.574 VLLM::W        1046587 nvme1n1 RS   1586765824 131072    2.311
00:17:21.574 VLLM::W        1046587 nvme1n1 RS   1586978560 131072    2.342
00:17:21.574 VLLM::W        1046587 nvme1n1 RS   1586766080 131072    2.347
00:17:21.574 VLLM::W        1046589 nvme1n1 RS   1586982912 131072    1.965
00:17:21.574 VLLM::W        1046589 nvme1n1 RS   1586983424 131072    1.961
00:17:21.574 VLLM::W        1046589 nvme1n1 RS   1586983168 131072    1.966
00:17:21.574 VLLM::W        1046589 nvme1n1 RS   1586983680 131072    1.977
00:17:21.574 VLLM::W        1046589 nvme1n1 RS   1586983936 131072    2.007
00:17:21.574 VLLM::W        1046589 nvme1n1 RS   1586984448 131072    2.047
00:17:21.575 VLLM::W        1046589 nvme1n1 RS   1586984192 131072    2.112
00:17:21.575 VLLM::W        1046589 nvme1n1 RS   1586984960 131072    2.071
00:17:21.575 VLLM::W        1046589 nvme1n1 RS   1586985216 131072    2.117
00:17:21.575 VLLM::W        1046589 nvme1n1 RS   1586984704 131072    2.143
00:17:21.575 VLLM::W        1046589 nvme1n1 RS   1586985472 131072    2.147
00:17:21.575 VLLM::W        1046589 nvme1n1 RS   1586985984 131072    2.210
00:17:21.575 VLLM::W        1046589 nvme1n1 RS   1586986240 131072    2.250
00:17:21.575 VLLM::W        1046589 nvme1n1 RS   1586985728 131072    2.265
00:17:21.575 VLLM::W        1046589 nvme1n1 RS   1586986496 131072    2.283
00:17:21.575 VLLM::W        1046589 nvme1n1 RS   1586986752 131072    2.341
00:17:21.575 VLLM::W        1046589 nvme1n1 RS   1586769920 131072    2.359
00:17:21.575 VLLM::W        1046589 nvme1n1 RS   1586770176 131072    2.373
00:17:21.575 VLLM::W        1046586 nvme1n1 RS   1586757888 131072    1.840
00:17:21.575 VLLM::W        1046586 nvme1n1 RS   1586757632 131072    1.866
00:17:21.575 VLLM::W        1046586 nvme1n1 RS   1586758144 131072    1.864
00:17:21.575 VLLM::W        1046586 nvme1n1 RS   1586758400 131072    1.894
00:17:21.575 VLLM::W        1046586 nvme1n1 RS   1586758656 131072    1.920
00:17:21.575 VLLM::W        1046586 nvme1n1 RS   1586758912 131072    1.987
00:17:21.575 VLLM::W        1046586 nvme1n1 RS   1586759168 131072    1.989
00:17:21.575 VLLM::W        1046586 nvme1n1 RS   1586759424 131072    2.051
00:17:21.575 VLLM::W        1046586 nvme1n1 RS   1586759680 131072    2.074
00:17:21.575 VLLM::W        1046586 nvme1n1 RS   1586759936 131072    2.073
00:17:21.575 VLLM::W        1046586 nvme1n1 RS   1586760192 131072    2.081
00:17:21.575 VLLM::W        1046586 nvme1n1 RS   1586760448 131072    2.096
00:17:21.575 VLLM::W        1046586 nvme1n1 RS   1586760704 131072    2.128
00:17:21.575 VLLM::W        1046586 nvme1n1 RS   1586760960 131072    2.151
00:17:21.575 VLLM::W        1046586 nvme1n1 RS   1586761216 131072    2.175
00:17:21.576 VLLM::W        1046586 nvme1n1 RS   1586761472 131072    2.241
00:17:21.576 VLLM::W        1046586 nvme1n1 RS   1586778112 131072    2.267
00:17:21.576 VLLM::W        1046586 nvme1n1 RS   1586778368 131072    2.264
00:17:21.576 VLLM::W        1046588 nvme1n1 RS   1587154944 131072    1.906
00:17:21.576 VLLM::W        1046588 nvme1n1 RS   1587155200 131072    1.933
00:17:21.576 VLLM::W        1046588 nvme1n1 RS   1587155456 131072    1.972
00:17:21.576 VLLM::W        1046588 nvme1n1 RS   1587155712 131072    2.006
00:17:21.576 VLLM::W        1046588 nvme1n1 RS   1587155968 131072    2.047
00:17:21.576 VLLM::W        1046588 nvme1n1 RS   1587156480 131072    2.138
00:17:21.576 VLLM::W        1046588 nvme1n1 RS   1587156224 131072    2.151
00:17:21.576 VLLM::W        1046588 nvme1n1 RS   1587156736 131072    2.104
00:17:21.576 VLLM::W        1046588 nvme1n1 RS   1587156992 131072    2.136
00:17:21.576 VLLM::W        1046588 nvme1n1 RS   1587157248 131072    2.193
00:17:21.576 VLLM::W        1046588 nvme1n1 RS   1587157504 131072    2.200
00:17:21.576 VLLM::W        1046588 nvme1n1 RS   1587157760 131072    2.231
00:17:21.576 VLLM::W        1046588 nvme1n1 RS   1587158016 131072    2.260
00:17:21.576 VLLM::W        1046588 nvme1n1 RS   1587158272 131072    2.322
00:17:21.576 VLLM::W        1046588 nvme1n1 RS   1587158528 131072    2.332
00:17:21.576 VLLM::W        1046588 nvme1n1 RS   1587158784 131072    2.422
00:17:21.576 VLLM::W        1046588 nvme1n1 RS   1587171328 131072    2.439
00:17:21.576 VLLM::W        1046588 nvme1n1 RS   1587171584 131072    2.445
00:17:21.576 VLLM::W        1046587 nvme1n1 RS   1587151104 131072    1.922
00:17:21.576 VLLM::W        1046587 nvme1n1 RS   1587150848 131072    1.975
00:17:21.576 VLLM::W        1046587 nvme1n1 RS   1587151360 131072    1.976
00:17:21.576 VLLM::W        1046587 nvme1n1 RS   1587151616 131072    2.020
00:17:21.577 VLLM::W        1046587 nvme1n1 RS   1587152128 131072    2.089
00:17:21.577 VLLM::W        1046587 nvme1n1 RS   1587152384 131072    2.101
00:17:21.577 VLLM::W        1046587 nvme1n1 RS   1587151872 131072    2.115
00:17:21.577 VLLM::W        1046587 nvme1n1 RS   1587152640 131072    2.104
00:17:21.577 VLLM::W        1046587 nvme1n1 RS   1587152896 131072    2.117
00:17:21.577 VLLM::W        1046587 nvme1n1 RS   1587153152 131072    2.212
00:17:21.577 VLLM::W        1046587 nvme1n1 RS   1587153408 131072    2.227
00:17:21.577 VLLM::W        1046587 nvme1n1 RS   1587153664 131072    2.234
00:17:21.577 VLLM::W        1046587 nvme1n1 RS   1587154432 131072    2.319
00:17:21.577 VLLM::W        1046587 nvme1n1 RS   1587153920 131072    2.341
00:17:21.577 VLLM::W        1046587 nvme1n1 RS   1587154176 131072    2.351
00:17:21.577 VLLM::W        1046587 nvme1n1 RS   1587163136 131072    2.380
00:17:21.577 VLLM::W        1046587 nvme1n1 RS   1587154688 131072    2.410
00:17:21.577 VLLM::W        1046587 nvme1n1 RS   1587163392 131072    2.427
00:17:21.577 VLLM::W        1046589 nvme1n1 RS   1587192064 131072    1.967
00:17:21.577 VLLM::W        1046589 nvme1n1 RS   1587191808 131072    1.976
00:17:21.577 VLLM::W        1046589 nvme1n1 RS   1587192576 131072    1.966
00:17:21.577 VLLM::W        1046589 nvme1n1 RS   1587192832 131072    1.993
00:17:21.577 VLLM::W        1046589 nvme1n1 RS   1587192320 131072    2.028
00:17:21.577 VLLM::W        1046589 nvme1n1 RS   1587193088 131072    2.035
00:17:21.577 VLLM::W        1046589 nvme1n1 RS   1587193344 131072    2.071
00:17:21.577 VLLM::W        1046589 nvme1n1 RS   1587194112 131072    2.125
00:17:21.577 VLLM::W        1046589 nvme1n1 RS   1587193600 131072    2.159
00:17:21.577 VLLM::W        1046589 nvme1n1 RS   1587193856 131072    2.170
00:17:21.577 VLLM::W        1046589 nvme1n1 RS   1587194368 131072    2.176
00:17:21.577 VLLM::W        1046589 nvme1n1 RS   1587194624 131072    2.202
00:17:21.577 VLLM::W        1046589 nvme1n1 RS   1587194880 131072    2.247
00:17:21.577 VLLM::W        1046589 nvme1n1 RS   1587195136 131072    2.267
00:17:21.577 VLLM::W        1046589 nvme1n1 RS   1587195392 131072    2.278
00:17:21.578 VLLM::W        1046589 nvme1n1 RS   1587195648 131072    2.319
00:17:21.578 VLLM::W        1046589 nvme1n1 RS   1587204096 131072    2.364
00:17:21.578 VLLM::W        1046589 nvme1n1 RS   1587204352 131072    2.376
00:17:21.578 VLLM::W        1046586 nvme1n1 RS   1587159040 131072    1.844
00:17:21.578 VLLM::W        1046586 nvme1n1 RS   1587159296 131072    1.867
00:17:21.578 VLLM::W        1046586 nvme1n1 RS   1587159552 131072    1.895
00:17:21.578 VLLM::W        1046586 nvme1n1 RS   1587159808 131072    1.933
00:17:21.578 VLLM::W        1046586 nvme1n1 RS   1587160064 131072    1.967
00:17:21.578 VLLM::W        1046586 nvme1n1 RS   1587160320 131072    2.024
00:17:21.578 VLLM::W        1046586 nvme1n1 RS   1587160576 131072    2.027
00:17:21.578 VLLM::W        1046586 nvme1n1 RS   1587160832 131072    2.066
00:17:21.578 VLLM::W        1046586 nvme1n1 RS   1587161344 131072    2.085
00:17:21.578 VLLM::W        1046586 nvme1n1 RS   1587161088 131072    2.093
00:17:21.578 VLLM::W        1046586 nvme1n1 RS   1587161856 131072    2.134
00:17:21.578 VLLM::W        1046586 nvme1n1 RS   1587161600 131072    2.153
00:17:21.578 VLLM::W        1046586 nvme1n1 RS   1587162112 131072    2.187
00:17:21.578 VLLM::W        1046586 nvme1n1 RS   1587162368 131072    2.195
00:17:21.578 VLLM::W        1046586 nvme1n1 RS   1587162624 131072    2.303
00:17:21.578 VLLM::W        1046586 nvme1n1 RS   1587162880 131072    2.292
00:17:21.578 VLLM::W        1046586 nvme1n1 RS   1587302400 131072    2.316
00:17:21.578 VLLM::W        1046586 nvme1n1 RS   1587302656 131072    2.313
00:17:21.578 VLLM::W        1046588 nvme1n1 RS   1587167232 131072    1.978
00:17:21.578 VLLM::W        1046588 nvme1n1 RS   1587167488 131072    1.993
00:17:21.578 VLLM::W        1046588 nvme1n1 RS   1587167744 131072    1.998
00:17:21.578 VLLM::W        1046588 nvme1n1 RS   1587168512 131072    2.062
00:17:21.579 VLLM::W        1046588 nvme1n1 RS   1587168768 131072    2.107
00:17:21.579 VLLM::W        1046588 nvme1n1 RS   1587168000 131072    2.136
00:17:21.579 VLLM::W        1046588 nvme1n1 RS   1587168256 131072    2.144
00:17:21.579 VLLM::W        1046588 nvme1n1 RS   1587169024 131072    2.155
00:17:21.579 VLLM::W        1046588 nvme1n1 RS   1587169280 131072    2.181
00:17:21.579 VLLM::W        1046588 nvme1n1 RS   1587169536 131072    2.186
00:17:21.579 VLLM::W        1046588 nvme1n1 RS   1587169792 131072    2.234
00:17:21.579 VLLM::W        1046588 nvme1n1 RS   1587170048 131072    2.258
00:17:21.579 VLLM::W        1046588 nvme1n1 RS   1587170304 131072    2.263
00:17:21.579 VLLM::W        1046588 nvme1n1 RS   1587170560 131072    2.282
00:17:21.579 VLLM::W        1046588 nvme1n1 RS   1587170816 131072    2.321
00:17:21.579 VLLM::W        1046588 nvme1n1 RS   1587171072 131072    2.337
00:17:21.579 VLLM::W        1046588 nvme1n1 RS   1587183616 131072    2.385
00:17:21.579 VLLM::W        1046588 nvme1n1 RS   1587183872 131072    2.397
00:17:21.579 VLLM::W        1046587 nvme1n1 RS   1587175424 131072    1.895
00:17:21.579 VLLM::W        1046587 nvme1n1 RS   1587175680 131072    1.899
00:17:21.579 VLLM::W        1046587 nvme1n1 RS   1587175936 131072    1.922
00:17:21.579 VLLM::W        1046587 nvme1n1 RS   1587176192 131072    1.976
00:17:21.579 VLLM::W        1046587 nvme1n1 RS   1587176448 131072    1.989
00:17:21.579 VLLM::W        1046587 nvme1n1 RS   1587176960 131072    2.062
00:17:21.579 VLLM::W        1046587 nvme1n1 RS   1587176704 131072    2.090
00:17:21.579 VLLM::W        1046587 nvme1n1 RS   1587177216 131072    2.036
00:17:21.579 VLLM::W        1046587 nvme1n1 RS   1587177472 131072    2.075
00:17:21.579 VLLM::W        1046587 nvme1n1 RS   1587177728 131072    2.119
00:17:21.579 VLLM::W        1046587 nvme1n1 RS   1587177984 131072    2.127
00:17:21.579 VLLM::W        1046587 nvme1n1 RS   1587178240 131072    2.157
00:17:21.579 VLLM::W        1046587 nvme1n1 RS   1587178496 131072    2.191
00:17:21.579 VLLM::W        1046587 nvme1n1 RS   1587178752 131072    2.221
00:17:21.580 VLLM::W        1046587 nvme1n1 RS   1587179008 131072    2.298
00:17:21.580 VLLM::W        1046587 nvme1n1 RS   1587179264 131072    2.290
00:17:21.580 VLLM::W        1046587 nvme1n1 RS   1587200000 131072    2.332
00:17:21.580 VLLM::W        1046587 nvme1n1 RS   1587200256 131072    2.344
00:17:21.580 VLLM::W        1046589 nvme1n1 RS   58306560   131072    1.862
00:17:21.580 VLLM::W        1046589 nvme1n1 RS   58306816   131072    1.896
00:17:21.580 VLLM::W        1046589 nvme1n1 RS   58307072   131072    1.925
00:17:21.580 VLLM::W        1046589 nvme1n1 RS   58307328   131072    1.963
00:17:21.580 VLLM::W        1046589 nvme1n1 RS   58307584   131072    2.020
00:17:21.580 VLLM::W        1046589 nvme1n1 RS   58307840   131072    2.032
00:17:21.580 VLLM::W        1046589 nvme1n1 RS   58308096   131072    2.058
00:17:21.580 VLLM::W        1046589 nvme1n1 RS   58308352   131072    2.075
00:17:21.580 VLLM::W        1046589 nvme1n1 RS   58308608   131072    2.090
00:17:21.580 VLLM::W        1046589 nvme1n1 RS   58308864   131072    2.130
00:17:21.580 VLLM::W        1046589 nvme1n1 RS   58309120   131072    2.155
00:17:21.580 VLLM::W        1046589 nvme1n1 RS   58309376   131072    2.187
00:17:21.580 VLLM::W        1046589 nvme1n1 RS   58309632   131072    2.217
00:17:21.580 VLLM::W        1046589 nvme1n1 RS   58309888   131072    2.249
00:17:21.580 VLLM::W        1046589 nvme1n1 RS   58310144   131072    2.279
00:17:21.580 VLLM::W        1046589 nvme1n1 RS   58310656   131072    2.363
00:17:21.580 VLLM::W        1046589 nvme1n1 RS   58310400   131072    2.381
00:17:21.580 VLLM::W        1046589 nvme1n1 RS   58310912   131072    2.389
00:17:21.580 VLLM::W        1046586 nvme1n1 RS   1587298560 131072    1.848
00:17:21.580 VLLM::W        1046586 nvme1n1 RS   1587298304 131072    1.887
00:17:21.580 VLLM::W        1046586 nvme1n1 RS   1587298816 131072    1.900
00:17:21.580 VLLM::W        1046586 nvme1n1 RS   1587299072 131072    1.911
00:17:21.580 VLLM::W        1046586 nvme1n1 RS   1587299328 131072    1.943
00:17:21.581 VLLM::W        1046586 nvme1n1 RS   1587299584 131072    1.997
00:17:21.581 VLLM::W        1046586 nvme1n1 RS   1587299840 131072    2.005
00:17:21.581 VLLM::W        1046586 nvme1n1 RS   1587300096 131072    1.992
00:17:21.581 VLLM::W        1046586 nvme1n1 RS   1587300352 131072    2.004
00:17:21.581 VLLM::W        1046586 nvme1n1 RS   1587300608 131072    2.059
00:17:21.581 VLLM::W        1046586 nvme1n1 RS   1587300864 131072    2.084
00:17:21.581 VLLM::W        1046586 nvme1n1 RS   1587301120 131072    2.116
00:17:21.581 VLLM::W        1046586 nvme1n1 RS   1587301376 131072    2.141
00:17:21.581 VLLM::W        1046586 nvme1n1 RS   1587301632 131072    2.169
00:17:21.581 VLLM::W        1046586 nvme1n1 RS   1587301888 131072    2.193
00:17:21.581 VLLM::W        1046586 nvme1n1 RS   1587302144 131072    2.229
00:17:21.581 VLLM::W        1046586 nvme1n1 RS   1587306496 131072    2.256
00:17:21.581 VLLM::W        1046586 nvme1n1 RS   1587306752 131072    2.282
00:17:21.581 VLLM::W        1046588 nvme1n1 RS   1587507200 131072    1.917
00:17:21.581 VLLM::W        1046588 nvme1n1 RS   1587507456 131072    1.944
00:17:21.581 VLLM::W        1046588 nvme1n1 RS   1587507712 131072    1.974
00:17:21.581 VLLM::W        1046588 nvme1n1 RS   1587507968 131072    2.004
00:17:21.581 VLLM::W        1046588 nvme1n1 RS   1587508224 131072    2.034
00:17:21.581 VLLM::W        1046588 nvme1n1 RS   1587508480 131072    2.093
00:17:21.581 VLLM::W        1046588 nvme1n1 RS   1587508736 131072    2.111
00:17:21.581 VLLM::W        1046588 nvme1n1 RS   1587509248 131072    2.135
00:17:21.581 VLLM::W        1046588 nvme1n1 RS   1587508992 131072    2.152
00:17:21.581 VLLM::W        1046588 nvme1n1 RS   1587509504 131072    2.200
00:17:21.581 VLLM::W        1046588 nvme1n1 RS   1587509760 131072    2.201
00:17:21.581 VLLM::W        1046588 nvme1n1 RS   1587510016 131072    2.276
00:17:21.581 VLLM::W        1046588 nvme1n1 RS   1587510272 131072    2.300
00:17:21.581 VLLM::W        1046588 nvme1n1 RS   1587510528 131072    2.311
00:17:21.582 VLLM::W        1046588 nvme1n1 RS   1587511040 131072    2.362
00:17:21.582 VLLM::W        1046588 nvme1n1 RS   1587510784 131072    2.419
00:17:21.582 VLLM::W        1046588 nvme1n1 RS   1587531776 131072    2.414
00:17:21.582 VLLM::W        1046588 nvme1n1 RS   1587532032 131072    2.475
00:17:21.582 VLLM::W        1046587 nvme1n1 RS   1587503360 131072    1.895
00:17:21.582 VLLM::W        1046587 nvme1n1 RS   1587503616 131072    1.931
00:17:21.582 VLLM::W        1046587 nvme1n1 RS   1587503104 131072    1.973
00:17:21.582 VLLM::W        1046587 nvme1n1 RS   1587503872 131072    2.054
00:17:21.582 VLLM::W        1046587 nvme1n1 RS   1587504128 131072    2.076
00:17:21.582 VLLM::W        1046587 nvme1n1 RS   1587504384 131072    2.083
00:17:21.582 VLLM::W        1046587 nvme1n1 RS   1587504640 131072    2.098
00:17:21.582 VLLM::W        1046587 nvme1n1 RS   1587504896 131072    2.081
00:17:21.582 VLLM::W        1046587 nvme1n1 RS   1587505152 131072    2.110
00:17:21.582 VLLM::W        1046587 nvme1n1 RS   1587505408 131072    2.139
00:17:21.582 VLLM::W        1046587 nvme1n1 RS   1587505664 131072    2.180
00:17:21.582 VLLM::W        1046587 nvme1n1 RS   1587505920 131072    2.187
00:17:21.582 VLLM::W        1046587 nvme1n1 RS   1587506176 131072    2.223
00:17:21.582 VLLM::W        1046587 nvme1n1 RS   1587506432 131072    2.271
00:17:21.582 VLLM::W        1046587 nvme1n1 RS   1587506688 131072    2.282
00:17:21.582 VLLM::W        1046587 nvme1n1 RS   1587519488 131072    2.361
00:17:21.582 VLLM::W        1046587 nvme1n1 RS   1587506944 131072    2.380
00:17:21.582 VLLM::W        1046587 nvme1n1 RS   1587519744 131072    2.387
00:17:21.582 VLLM::W        1046589 nvme1n1 RS   1587523840 131072    1.949
00:17:21.582 VLLM::W        1046589 nvme1n1 RS   1587523584 131072    1.957
00:17:21.582 VLLM::W        1046589 nvme1n1 RS   1587524096 131072    1.957
00:17:21.582 VLLM::W        1046589 nvme1n1 RS   1587524352 131072    1.979
00:17:21.582 VLLM::W        1046589 nvme1n1 RS   1587524608 131072    1.992
00:17:21.583 VLLM::W        1046589 nvme1n1 RS   1587524864 131072    2.033
00:17:21.583 VLLM::W        1046589 nvme1n1 RS   1587525120 131072    2.085
00:17:21.583 VLLM::W        1046589 nvme1n1 RS   1587525376 131072    2.073
00:17:21.583 VLLM::W        1046589 nvme1n1 RS   1587525632 131072    2.088
00:17:21.583 VLLM::W        1046589 nvme1n1 RS   1587525888 131072    2.098
00:17:21.583 VLLM::W        1046589 nvme1n1 RS   1587526144 131072    2.126
00:17:21.583 VLLM::W        1046589 nvme1n1 RS   1587526400 131072    2.182
00:17:21.583 VLLM::W        1046589 nvme1n1 RS   1587526656 131072    2.215
00:17:21.583 VLLM::W        1046589 nvme1n1 RS   1587526912 131072    2.255
00:17:21.583 VLLM::W        1046589 nvme1n1 RS   1587527168 131072    2.266
00:17:21.583 VLLM::W        1046589 nvme1n1 RS   1587527424 131072    2.280
00:17:21.583 VLLM::W        1046589 nvme1n1 RS   1587544064 131072    2.349
00:17:21.583 VLLM::W        1046589 nvme1n1 RS   1587544320 131072    2.357
00:17:21.583 VLLM::W        1046586 nvme1n1 RS   1587511296 131072    1.846
00:17:21.583 VLLM::W        1046586 nvme1n1 RS   1587511552 131072    1.868
00:17:21.583 VLLM::W        1046586 nvme1n1 RS   1587511808 131072    1.935
00:17:21.583 VLLM::W        1046586 nvme1n1 RS   1587512064 131072    1.943
00:17:21.583 VLLM::W        1046586 nvme1n1 RS   1587512320 131072    1.975
00:17:21.583 VLLM::W        1046586 nvme1n1 RS   1587512576 131072    2.008
00:17:21.583 VLLM::W        1046586 nvme1n1 RS   1587512832 131072    2.063
00:17:21.583 VLLM::W        1046586 nvme1n1 RS   1587513088 131072    2.015
00:17:21.583 VLLM::W        1046586 nvme1n1 RS   1587513344 131072    2.053
00:17:21.583 VLLM::W        1046586 nvme1n1 RS   1587513600 131072    2.070
00:17:21.583 VLLM::W        1046586 nvme1n1 RS   1587513856 131072    2.111
00:17:21.583 VLLM::W        1046586 nvme1n1 RS   1587514112 131072    2.120
00:17:21.583 VLLM::W        1046586 nvme1n1 RS   1587514368 131072    2.178
00:17:21.584 VLLM::W        1046586 nvme1n1 RS   1587514880 131072    2.227
00:17:21.584 VLLM::W        1046586 nvme1n1 RS   1587514624 131072    2.272
00:17:21.584 VLLM::W        1046586 nvme1n1 RS   1587515136 131072    2.255
00:17:21.584 VLLM::W        1046586 nvme1n1 RS   1587527680 131072    2.282
00:17:21.584 VLLM::W        1046586 nvme1n1 RS   1587527936 131072    2.357
00:17:21.584 VLLM::W        1046588 nvme1n1 RS   1587536384 131072    1.943
00:17:21.584 VLLM::W        1046588 nvme1n1 RS   1587536640 131072    1.980
00:17:21.584 VLLM::W        1046588 nvme1n1 RS   1587535872 131072    2.005
00:17:21.584 VLLM::W        1046588 nvme1n1 RS   1587536128 131072    2.014
00:17:21.584 VLLM::W        1046588 nvme1n1 RS   1587537408 131072    2.067
00:17:21.584 VLLM::W        1046588 nvme1n1 RS   1587536896 131072    2.105
00:17:21.584 VLLM::W        1046588 nvme1n1 RS   1587537152 131072    2.117
00:17:21.584 VLLM::W        1046588 nvme1n1 RS   1587537664 131072    2.090
00:17:21.584 VLLM::W        1046588 nvme1n1 RS   1587537920 131072    2.146
00:17:21.584 VLLM::W        1046588 nvme1n1 RS   1587538176 131072    2.173
00:17:21.584 VLLM::W        1046588 nvme1n1 RS   1587538432 131072    2.195
00:17:21.584 VLLM::W        1046588 nvme1n1 RS   1587538688 131072    2.206
00:17:21.584 VLLM::W        1046588 nvme1n1 RS   1587538944 131072    2.243
00:17:21.584 VLLM::W        1046588 nvme1n1 RS   1587539200 131072    2.268
00:17:21.584 VLLM::W        1046588 nvme1n1 RS   1587539456 131072    2.309
00:17:21.584 VLLM::W        1046588 nvme1n1 RS   1587539712 131072    2.345
00:17:21.584 VLLM::W        1046588 nvme1n1 RS   1587548160 131072    2.384
00:17:21.584 VLLM::W        1046588 nvme1n1 RS   1587548416 131072    2.395
00:17:21.584 VLLM::W        1046587 nvme1n1 RS   1511636992 131072    1.931
00:17:21.584 VLLM::W        1046587 nvme1n1 RS   1511637248 131072    1.938
00:17:21.584 VLLM::W        1046587 nvme1n1 RS   1511637504 131072    1.973
00:17:21.584 VLLM::W        1046587 nvme1n1 RS   1511637760 131072    2.007
00:17:21.584 VLLM::W        1046587 nvme1n1 RS   1511638016 131072    2.018
00:17:21.585 VLLM::W        1046587 nvme1n1 RS   1511638272 131072    2.119
00:17:21.585 VLLM::W        1046587 nvme1n1 RS   1511638784 131072    2.070
00:17:21.585 VLLM::W        1046587 nvme1n1 RS   1511639040 131072    2.109
00:17:21.585 VLLM::W        1046587 nvme1n1 RS   1511638528 131072    2.178
00:17:21.585 VLLM::W        1046587 nvme1n1 RS   1511639808 131072    2.188
00:17:21.585 VLLM::W        1046587 nvme1n1 RS   1511640064 131072    2.217
00:17:21.585 VLLM::W        1046587 nvme1n1 RS   1511639296 131072    2.275
00:17:21.585 VLLM::W        1046587 nvme1n1 RS   1511639552 131072    2.279
00:17:21.585 VLLM::W        1046587 nvme1n1 RS   1511640320 131072    2.336
00:17:21.585 VLLM::W        1046587 nvme1n1 RS   1511640832 131072    2.338
00:17:21.585 VLLM::W        1046587 nvme1n1 RS   1511640576 131072    2.374
00:17:21.585 VLLM::W        1046587 nvme1n1 RS   1511641088 131072    2.370
00:17:21.585 VLLM::W        1046587 nvme1n1 RS   1511641344 131072    2.466
00:17:21.585 VLLM::W        1046589 nvme1n1 RS   1587605504 131072    1.979
00:17:21.585 VLLM::W        1046589 nvme1n1 RS   1587605760 131072    1.979
00:17:21.585 VLLM::W        1046589 nvme1n1 RS   1587606016 131072    1.977
00:17:21.585 VLLM::W        1046589 nvme1n1 RS   1587606528 131072    2.014
00:17:21.585 VLLM::W        1046589 nvme1n1 RS   1587606784 131072    2.023
00:17:21.585 VLLM::W        1046589 nvme1n1 RS   1587606272 131072    2.065
00:17:21.585 VLLM::W        1046589 nvme1n1 RS   1587607040 131072    2.082
00:17:21.585 VLLM::W        1046589 nvme1n1 RS   1587607296 131072    2.069
00:17:21.585 VLLM::W        1046589 nvme1n1 RS   1587607552 131072    2.128
00:17:21.585 VLLM::W        1046589 nvme1n1 RS   1587607808 131072    2.157
00:17:21.585 VLLM::W        1046589 nvme1n1 RS   1587608064 131072    2.167
00:17:21.585 VLLM::W        1046589 nvme1n1 RS   1587608320 131072    2.197
00:17:21.585 VLLM::W        1046589 nvme1n1 RS   1587608576 131072    2.226
00:17:21.585 VLLM::W        1046589 nvme1n1 RS   1587608832 131072    2.279
00:17:21.586 VLLM::W        1046589 nvme1n1 RS   1587609088 131072    2.289
00:17:21.586 VLLM::W        1046589 nvme1n1 RS   1587609344 131072    2.314
00:17:21.586 VLLM::W        1046589 nvme1n1 RS   1587609600 131072    2.334
00:17:21.586 VLLM::W        1046589 nvme1n1 RS   1587609856 131072    2.368
00:17:21.586 VLLM::W        1046586 nvme1n1 RS   1587515648 131072    1.832
00:17:21.586 VLLM::W        1046586 nvme1n1 RS   1587515392 131072    1.850
00:17:21.586 VLLM::W        1046586 nvme1n1 RS   1587516160 131072    1.896
00:17:21.586 VLLM::W        1046586 nvme1n1 RS   1587515904 131072    1.927
00:17:21.586 VLLM::W        1046586 nvme1n1 RS   1587516416 131072    1.928
00:17:21.586 VLLM::W        1046586 nvme1n1 RS   1587516672 131072    1.969
00:17:21.586 VLLM::W        1046586 nvme1n1 RS   1587516928 131072    2.038
00:17:21.586 VLLM::W        1046586 nvme1n1 RS   1587517184 131072    1.983
00:17:21.586 VLLM::W        1046586 nvme1n1 RS   1587517440 131072    2.059
00:17:21.586 VLLM::W        1046586 nvme1n1 RS   1587517696 131072    2.074
00:17:21.586 VLLM::W        1046586 nvme1n1 RS   1587517952 131072    2.088
00:17:21.586 VLLM::W        1046586 nvme1n1 RS   1587518208 131072    2.096
00:17:21.586 VLLM::W        1046586 nvme1n1 RS   1587518464 131072    2.131
00:17:21.586 VLLM::W        1046586 nvme1n1 RS   1587518976 131072    2.190
00:17:21.586 VLLM::W        1046586 nvme1n1 RS   1587519232 131072    2.221
00:17:21.586 VLLM::W        1046586 nvme1n1 RS   1587518720 131072    2.264
00:17:21.586 VLLM::W        1046586 nvme1n1 RS   1587539968 131072    2.261
00:17:21.586 VLLM::W        1046586 nvme1n1 RS   1587540224 131072    2.356
00:17:21.586 VLLM::W        1046588 nvme1n1 RS   58245120   131072    1.998
00:17:21.586 VLLM::W        1046588 nvme1n1 RS   58245376   131072    2.002
00:17:21.586 VLLM::W        1046588 nvme1n1 RS   58245888   131072    2.040
00:17:21.586 VLLM::W        1046588 nvme1n1 RS   58245632   131072    2.068
00:17:21.586 VLLM::W        1046588 nvme1n1 RS   58246144   131072    2.071
00:17:21.587 VLLM::W        1046588 nvme1n1 RS   58246400   131072    2.116
00:17:21.587 VLLM::W        1046588 nvme1n1 RS   58246656   131072    2.145
00:17:21.587 VLLM::W        1046588 nvme1n1 RS   58247168   131072    2.174
00:17:21.587 VLLM::W        1046588 nvme1n1 RS   58247424   131072    2.233
00:17:21.587 VLLM::W        1046588 nvme1n1 RS   58246912   131072    2.249
00:17:21.587 VLLM::W        1046588 nvme1n1 RS   58247680   131072    2.263
00:17:21.587 VLLM::W        1046588 nvme1n1 RS   58247936   131072    2.274
00:17:21.587 VLLM::W        1046588 nvme1n1 RS   58248192   131072    2.305
00:17:21.587 VLLM::W        1046588 nvme1n1 RS   58248448   131072    2.338
00:17:21.587 VLLM::W        1046588 nvme1n1 RS   58248704   131072    2.373
00:17:21.587 VLLM::W        1046588 nvme1n1 RS   58248960   131072    2.398
00:17:21.587 VLLM::W        1046588 nvme1n1 RS   58253312   131072    2.448
00:17:21.587 VLLM::W        1046588 nvme1n1 RS   58253568   131072    2.486
00:17:21.587 VLLM::W        1046587 nvme1n1 RS   58241024   131072    1.807
00:17:21.587 VLLM::W        1046587 nvme1n1 RS   58241280   131072    1.887
00:17:21.587 VLLM::W        1046587 nvme1n1 RS   58241536   131072    1.908
00:17:21.587 VLLM::W        1046587 nvme1n1 RS   58241792   131072    1.936
00:17:21.587 VLLM::W        1046587 nvme1n1 RS   58242048   131072    1.950
00:17:21.587 VLLM::W        1046587 nvme1n1 RS   58242304   131072    2.006
00:17:21.587 VLLM::W        1046587 nvme1n1 RS   58242560   131072    2.017
00:17:21.587 VLLM::W        1046587 nvme1n1 RS   58242816   131072    2.040
00:17:21.587 VLLM::W        1046587 nvme1n1 RS   58243072   131072    2.052
00:17:21.587 VLLM::W        1046587 nvme1n1 RS   58243328   131072    2.135
00:17:21.587 VLLM::W        1046587 nvme1n1 RS   58243584   131072    2.148
00:17:21.587 VLLM::W        1046587 nvme1n1 RS   58244096   131072    2.169
00:17:21.587 VLLM::W        1046587 nvme1n1 RS   58243840   131072    2.187
00:17:21.588 VLLM::W        1046587 nvme1n1 RS   58244352   131072    2.241
00:17:21.588 VLLM::W        1046587 nvme1n1 RS   58244608   131072    2.246
00:17:21.588 VLLM::W        1046587 nvme1n1 RS   58249472   131072    2.325
00:17:21.588 VLLM::W        1046587 nvme1n1 RS   58244864   131072    2.350
00:17:21.588 VLLM::W        1046587 nvme1n1 RS   58249216   131072    2.362
00:17:21.588 VLLM::W        1046589 nvme1n1 RS   1587839232 131072    1.943
00:17:21.588 VLLM::W        1046589 nvme1n1 RS   1587838976 131072    1.958
00:17:21.588 VLLM::W        1046589 nvme1n1 RS   1587839488 131072    1.976
00:17:21.588 VLLM::W        1046589 nvme1n1 RS   1587840256 131072    2.065
00:17:21.588 VLLM::W        1046589 nvme1n1 RS   1587839744 131072    2.097
00:17:21.588 VLLM::W        1046589 nvme1n1 RS   1587840000 131072    2.120
00:17:21.588 VLLM::W        1046589 nvme1n1 RS   1587840512 131072    2.132
00:17:21.588 VLLM::W        1046589 nvme1n1 RS   1587840768 131072    2.144
00:17:21.588 VLLM::W        1046589 nvme1n1 RS   1587841536 131072    2.178
00:17:21.588 VLLM::W        1046589 nvme1n1 RS   1587841024 131072    2.219
00:17:21.588 VLLM::W        1046589 nvme1n1 RS   1587841280 131072    2.236
00:17:21.588 VLLM::W        1046589 nvme1n1 RS   1587841792 131072    2.244
00:17:21.588 VLLM::W        1046589 nvme1n1 RS   1587842048 131072    2.354
00:17:21.588 VLLM::W        1046589 nvme1n1 RS   1587842304 131072    2.366
00:17:21.588 VLLM::W        1046589 nvme1n1 RS   1587842560 131072    2.376
00:17:21.588 VLLM::W        1046589 nvme1n1 RS   1587842816 131072    2.408
00:17:21.588 VLLM::W        1046589 nvme1n1 RS   1587851264 131072    2.426
00:17:21.588 VLLM::W        1046589 nvme1n1 RS   1587851520 131072    2.438
00:17:21.588 VLLM::W        1046586 nvme1n1 RS   1588125952 131072    1.829
00:17:21.588 VLLM::W        1046586 nvme1n1 RS   1588125696 131072    1.867
00:17:21.588 VLLM::W        1046586 nvme1n1 RS   1588126208 131072    1.882
00:17:21.588 VLLM::W        1046586 nvme1n1 RS   1588126464 131072    1.892
00:17:21.589 VLLM::W        1046586 nvme1n1 RS   1588126720 131072    1.981
00:17:21.589 VLLM::W        1046586 nvme1n1 RS   1588126976 131072    2.007
00:17:21.589 VLLM::W        1046586 nvme1n1 RS   1588127232 131072    2.017
00:17:21.589 VLLM::W        1046586 nvme1n1 RS   1588127744 131072    2.056
00:17:21.589 VLLM::W        1046586 nvme1n1 RS   1588127488 131072    2.075
00:17:21.589 VLLM::W        1046586 nvme1n1 RS   1588128000 131072    2.086
00:17:21.589 VLLM::W        1046586 nvme1n1 RS   1588128256 131072    2.108
00:17:21.589 VLLM::W        1046586 nvme1n1 RS   1588128512 131072    2.138
00:17:21.589 VLLM::W        1046586 nvme1n1 RS   1588128768 131072    2.177
00:17:21.589 VLLM::W        1046586 nvme1n1 RS   1588129024 131072    2.205
00:17:21.589 VLLM::W        1046586 nvme1n1 RS   1588129536 131072    2.283
00:17:21.589 VLLM::W        1046586 nvme1n1 RS   1588129280 131072    2.329
00:17:21.589 VLLM::W        1046586 nvme1n1 RS   1588129792 131072    2.342
00:17:21.589 VLLM::W        1046586 nvme1n1 RS   1588130048 131072    2.376
00:17:21.589 VLLM::W        1046588 nvme1n1 RS   1587843328 131072    1.967
00:17:21.589 VLLM::W        1046588 nvme1n1 RS   1587843072 131072    1.989
00:17:21.589 VLLM::W        1046588 nvme1n1 RS   1587843584 131072    1.997
00:17:21.589 VLLM::W        1046588 nvme1n1 RS   1587844096 131072    2.060
00:17:21.589 VLLM::W        1046588 nvme1n1 RS   1587843840 131072    2.108
00:17:21.589 VLLM::W        1046588 nvme1n1 RS   1587844352 131072    2.128
00:17:21.589 VLLM::W        1046588 nvme1n1 RS   1587844608 131072    2.148
00:17:21.589 VLLM::W        1046588 nvme1n1 RS   1587844864 131072    2.226
00:17:21.589 VLLM::W        1046588 nvme1n1 RS   1587845120 131072    2.249
00:17:21.589 VLLM::W        1046588 nvme1n1 RS   1587845376 131072    2.257
00:17:21.589 VLLM::W        1046588 nvme1n1 RS   1587845632 131072    2.259
00:17:21.589 VLLM::W        1046588 nvme1n1 RS   1587845888 131072    2.287
00:17:21.589 VLLM::W        1046588 nvme1n1 RS   1587846144 131072    2.316
00:17:21.590 VLLM::W        1046588 nvme1n1 RS   1587846400 131072    2.351
00:17:21.590 VLLM::W        1046588 nvme1n1 RS   1587846656 131072    2.377
00:17:21.590 VLLM::W        1046588 nvme1n1 RS   1587846912 131072    2.414
00:17:21.590 VLLM::W        1046588 nvme1n1 RS   1587855360 131072    2.447
00:17:21.590 VLLM::W        1046588 nvme1n1 RS   1587855616 131072    2.478
00:17:21.590 VLLM::W        1046587 nvme1n1 RS   1587859456 131072    1.899
00:17:21.590 VLLM::W        1046587 nvme1n1 RS   1587859712 131072    1.925
00:17:21.590 VLLM::W        1046587 nvme1n1 RS   1587859968 131072    1.953
00:17:21.590 VLLM::W        1046587 nvme1n1 RS   1587860224 131072    2.008
00:17:21.590 VLLM::W        1046587 nvme1n1 RS   1587860480 131072    2.017
00:17:21.590 VLLM::W        1046587 nvme1n1 RS   1587860736 131072    2.058
00:17:21.590 VLLM::W        1046587 nvme1n1 RS   1587861248 131072    2.094
00:17:21.590 VLLM::W        1046587 nvme1n1 RS   1587860992 131072    2.150
00:17:21.590 VLLM::W        1046587 nvme1n1 RS   1587861504 131072    2.122
00:17:21.590 VLLM::W        1046587 nvme1n1 RS   1587861760 131072    2.153
00:17:21.590 VLLM::W        1046587 nvme1n1 RS   1587862272 131072    2.232
00:17:21.590 VLLM::W        1046587 nvme1n1 RS   1587862016 131072    2.256
00:17:21.590 VLLM::W        1046587 nvme1n1 RS   1587862528 131072    2.268
00:17:21.590 VLLM::W        1046587 nvme1n1 RS   1587862784 131072    2.276
00:17:21.590 VLLM::W        1046587 nvme1n1 RS   1587863296 131072    2.325
00:17:21.590 VLLM::W        1046587 nvme1n1 RS   1587863040 131072    2.392
00:17:21.590 VLLM::W        1046587 nvme1n1 RS   1587871744 131072    2.387
00:17:21.590 VLLM::W        1046587 nvme1n1 RS   1587872000 131072    2.486
00:17:21.591 VLLM::W        1046589 nvme1n1 RS   1587868160 131072    1.981
00:17:21.591 VLLM::W        1046589 nvme1n1 RS   1587868416 131072    1.982
00:17:21.591 VLLM::W        1046589 nvme1n1 RS   1587867648 131072    1.999
00:17:21.591 VLLM::W        1046589 nvme1n1 RS   1587867904 131072    2.006
00:17:21.591 VLLM::W        1046589 nvme1n1 RS   1587868672 131072    2.060
00:17:21.591 VLLM::W        1046589 nvme1n1 RS   1587868928 131072    2.069
00:17:21.591 VLLM::W        1046589 nvme1n1 RS   1587869184 131072    2.127
00:17:21.591 VLLM::W        1046589 nvme1n1 RS   1587869440 131072    2.106
00:17:21.591 VLLM::W        1046589 nvme1n1 RS   1587869696 131072    2.118
00:17:21.591 VLLM::W        1046589 nvme1n1 RS   1587869952 131072    2.162
00:17:21.591 VLLM::W        1046589 nvme1n1 RS   1587870464 131072    2.193
00:17:21.591 VLLM::W        1046589 nvme1n1 RS   1587870208 131072    2.233
00:17:21.591 VLLM::W        1046589 nvme1n1 RS   1587870720 131072    2.255
00:17:21.591 VLLM::W        1046589 nvme1n1 RS   1587870976 131072    2.266
00:17:21.591 VLLM::W        1046589 nvme1n1 RS   1587871232 131072    2.375
00:17:21.591 VLLM::W        1046589 nvme1n1 RS   1587875840 131072    2.376
00:17:21.591 VLLM::W        1046589 nvme1n1 RS   1587871488 131072    2.392
00:17:21.591 VLLM::W        1046589 nvme1n1 RS   1587876096 131072    2.465
00:17:21.591 VLLM::W        1046586 nvme1n1 RS   1587847424 131072    1.863
00:17:21.591 VLLM::W        1046586 nvme1n1 RS   1587847168 131072    1.899
00:17:21.591 VLLM::W        1046586 nvme1n1 RS   1587847936 131072    1.924
00:17:21.591 VLLM::W        1046586 nvme1n1 RS   1587847680 131072    1.954
00:17:21.591 VLLM::W        1046586 nvme1n1 RS   1587848192 131072    1.955
00:17:21.591 VLLM::W        1046586 nvme1n1 RS   1587848448 131072    2.009
00:17:21.591 VLLM::W        1046586 nvme1n1 RS   1587848704 131072    2.049
00:17:21.591 VLLM::W        1046586 nvme1n1 RS   1587849216 131072    2.102
00:17:21.591 VLLM::W        1046586 nvme1n1 RS   1587849472 131072    2.107
00:17:21.591 VLLM::W        1046586 nvme1n1 RS   1587848960 131072    2.132
00:17:21.591 VLLM::W        1046586 nvme1n1 RS   1587849728 131072    2.144
00:17:21.591 VLLM::W        1046586 nvme1n1 RS   1587850240 131072    2.162
00:17:21.592 VLLM::W        1046586 nvme1n1 RS   1587849984 131072    2.180
00:17:21.592 VLLM::W        1046586 nvme1n1 RS   1587850496 131072    2.200
00:17:21.592 VLLM::W        1046586 nvme1n1 RS   1587850752 131072    2.233
00:17:21.592 VLLM::W        1046586 nvme1n1 RS   1587851008 131072    2.253
00:17:21.592 VLLM::W        1046586 nvme1n1 RS   1587863552 131072    2.280
00:17:21.592 VLLM::W        1046586 nvme1n1 RS   1587863808 131072    2.312
00:17:21.592 VLLM::W        1046588 nvme1n1 RS   1588097024 131072    1.962
00:17:21.592 VLLM::W        1046588 nvme1n1 RS   1588097280 131072    1.981
00:17:21.592 VLLM::W        1046588 nvme1n1 RS   1588097536 131072    1.992
00:17:21.592 VLLM::W        1046588 nvme1n1 RS   1588097792 131072    2.021
00:17:21.592 VLLM::W        1046588 nvme1n1 RS   1588098048 131072    2.066
00:17:21.592 VLLM::W        1046588 nvme1n1 RS   1588098304 131072    2.103
00:17:21.592 VLLM::W        1046588 nvme1n1 RS   1588098560 131072    2.136
00:17:21.592 VLLM::W        1046588 nvme1n1 RS   1588098816 131072    2.131
00:17:21.592 VLLM::W        1046588 nvme1n1 RS   1588099072 131072    2.198
00:17:21.592 VLLM::W        1046588 nvme1n1 RS   1588099328 131072    2.209
00:17:21.592 VLLM::W        1046588 nvme1n1 RS   1588099584 131072    2.264
00:17:21.592 VLLM::W        1046588 nvme1n1 RS   1588099840 131072    2.290
00:17:21.592 VLLM::W        1046588 nvme1n1 RS   1588100096 131072    2.316
00:17:21.592 VLLM::W        1046588 nvme1n1 RS   1588100352 131072    2.352
00:17:21.592 VLLM::W        1046588 nvme1n1 RS   1588100864 131072    2.401
00:17:21.592 VLLM::W        1046588 nvme1n1 RS   1588146176 131072    2.444
00:17:21.592 VLLM::W        1046588 nvme1n1 RS   1588100608 131072    2.471
00:17:21.592 VLLM::W        1046588 nvme1n1 RS   1588146432 131072    2.486
00:17:21.592 VLLM::W        1046587 nvme1n1 RS   1588092928 131072    1.825
00:17:21.592 VLLM::W        1046587 nvme1n1 RS   1588093184 131072    1.851
00:17:21.592 VLLM::W        1046587 nvme1n1 RS   1588093440 131072    1.882
00:17:21.592 VLLM::W        1046587 nvme1n1 RS   1588093696 131072    1.910
00:17:21.593 VLLM::W        1046587 nvme1n1 RS   1588093952 131072    1.973
00:17:21.593 VLLM::W        1046587 nvme1n1 RS   1588094208 131072    1.990
00:17:21.593 VLLM::W        1046587 nvme1n1 RS   1588094464 131072    2.030
00:17:21.593 VLLM::W        1046587 nvme1n1 RS   1588094720 131072    2.018
00:17:21.593 VLLM::W        1046587 nvme1n1 RS   1588094976 131072    2.049
00:17:21.593 VLLM::W        1046587 nvme1n1 RS   1588095232 131072    2.077
00:17:21.593 VLLM::W        1046587 nvme1n1 RS   1588095488 131072    2.110
00:17:21.593 VLLM::W        1046587 nvme1n1 RS   1588095744 131072    2.149
00:17:21.593 VLLM::W        1046587 nvme1n1 RS   1588096000 131072    2.201
00:17:21.593 VLLM::W        1046587 nvme1n1 RS   1588096256 131072    2.205
00:17:21.593 VLLM::W        1046587 nvme1n1 RS   1588096512 131072    2.245
00:17:21.593 VLLM::W        1046587 nvme1n1 RS   1588096768 131072    2.277
00:17:21.593 VLLM::W        1046587 nvme1n1 RS   1588142080 131072    2.306
00:17:21.593 VLLM::W        1046587 nvme1n1 RS   1588142336 131072    2.376
00:17:21.593 VLLM::W        1046589 nvme1n1 RS   1588133888 131072    1.854
00:17:21.593 VLLM::W        1046589 nvme1n1 RS   1588134144 131072    1.854
00:17:21.593 VLLM::W        1046589 nvme1n1 RS   1588134400 131072    1.870
00:17:21.593 VLLM::W        1046589 nvme1n1 RS   1588134656 131072    1.892
00:17:21.593 VLLM::W        1046589 nvme1n1 RS   1588134912 131072    1.921
00:17:21.593 VLLM::W        1046589 nvme1n1 RS   1588135168 131072    1.964
00:17:21.593 VLLM::W        1046589 nvme1n1 RS   1588135424 131072    2.018
00:17:21.593 VLLM::W        1046589 nvme1n1 RS   1588135680 131072    1.978
00:17:21.593 VLLM::W        1046589 nvme1n1 RS   1588135936 131072    2.032
00:17:21.593 VLLM::W        1046589 nvme1n1 RS   1588136192 131072    2.038
00:17:21.593 VLLM::W        1046589 nvme1n1 RS   1588136448 131072    2.078
00:17:21.593 VLLM::W        1046589 nvme1n1 RS   1588136704 131072    2.115
00:17:21.593 VLLM::W        1046589 nvme1n1 RS   1588136960 131072    2.148
00:17:21.594 VLLM::W        1046589 nvme1n1 RS   1588137216 131072    2.184
00:17:21.594 VLLM::W        1046589 nvme1n1 RS   1588137472 131072    2.210
00:17:21.594 VLLM::W        1046589 nvme1n1 RS   1588137728 131072    2.245
00:17:21.594 VLLM::W        1046589 nvme1n1 RS   1588150272 131072    2.281
00:17:21.594 VLLM::W        1046589 nvme1n1 RS   1588150528 131072    2.308
00:17:21.594 VLLM::W        1046586 nvme1n1 RS   1588355072 131072    1.844
00:17:21.594 VLLM::W        1046586 nvme1n1 RS   1588355328 131072    1.873
00:17:21.594 VLLM::W        1046586 nvme1n1 RS   1588355584 131072    1.921
00:17:21.594 VLLM::W        1046586 nvme1n1 RS   1588356096 131072    2.011
00:17:21.594 VLLM::W        1046586 nvme1n1 RS   1588355840 131072    2.031
00:17:21.594 VLLM::W        1046586 nvme1n1 RS   1588356352 131072    2.048
00:17:21.594 VLLM::W        1046586 nvme1n1 RS   1588356608 131072    2.079
00:17:21.594 VLLM::W        1046586 nvme1n1 RS   1588356864 131072    2.018
00:17:21.594 VLLM::W        1046586 nvme1n1 RS   1588357120 131072    2.044
00:17:21.594 VLLM::W        1046586 nvme1n1 RS   1588357376 131072    2.078
00:17:21.594 VLLM::W        1046586 nvme1n1 RS   1588357632 131072    2.105
00:17:21.594 VLLM::W        1046586 nvme1n1 RS   1588357888 131072    2.131
00:17:21.594 VLLM::W        1046586 nvme1n1 RS   1588358144 131072    2.166
00:17:21.594 VLLM::W        1046586 nvme1n1 RS   1588358400 131072    2.242
00:17:21.594 VLLM::W        1046586 nvme1n1 RS   1588358656 131072    2.258
00:17:21.594 VLLM::W        1046586 nvme1n1 RS   1588358912 131072    2.252
00:17:21.594 VLLM::W        1046586 nvme1n1 RS   1588367360 131072    2.288
00:17:21.594 VLLM::W        1046586 nvme1n1 RS   1588367616 131072    2.316
00:17:21.594 VLLM::W        1046588 nvme1n1 RS   58404864   131072    1.922
00:17:21.594 VLLM::W        1046588 nvme1n1 RS   58405120   131072    1.943
00:17:21.594 VLLM::W        1046588 nvme1n1 RS   58405376   131072    1.953
00:17:21.595 VLLM::W        1046588 nvme1n1 RS   58405632   131072    1.992
00:17:21.595 VLLM::W        1046588 nvme1n1 RS   58405888   131072    2.030
00:17:21.595 VLLM::W        1046588 nvme1n1 RS   58406144   131072    2.089
00:17:21.595 VLLM::W        1046588 nvme1n1 RS   58406400   131072    2.123
00:17:21.595 VLLM::W        1046588 nvme1n1 RS   58406656   131072    2.120
00:17:21.595 VLLM::W        1046588 nvme1n1 RS   58406912   131072    2.131
00:17:21.595 VLLM::W        1046588 nvme1n1 RS   58407168   131072    2.162
00:17:21.595 VLLM::W        1046588 nvme1n1 RS   58407424   131072    2.190
00:17:21.595 VLLM::W        1046588 nvme1n1 RS   58407680   131072    2.222
00:17:21.595 VLLM::W        1046588 nvme1n1 RS   58407936   131072    2.259
00:17:21.595 VLLM::W        1046588 nvme1n1 RS   58408192   131072    2.292
00:17:21.595 VLLM::W        1046588 nvme1n1 RS   58408448   131072    2.321
00:17:21.595 VLLM::W        1046588 nvme1n1 RS   58408704   131072    2.384
00:17:21.595 VLLM::W        1046588 nvme1n1 RS   58408960   131072    2.419
00:17:21.595 VLLM::W        1046588 nvme1n1 RS   58409216   131072    2.431
00:17:21.595 VLLM::W        1046587 nvme1n1 RS   1588162560 131072    1.870
00:17:21.595 VLLM::W        1046587 nvme1n1 RS   1588162816 131072    1.901
00:17:21.595 VLLM::W        1046587 nvme1n1 RS   1588163072 131072    1.932
00:17:21.595 VLLM::W        1046587 nvme1n1 RS   1588163328 131072    1.965
00:17:21.595 VLLM::W        1046587 nvme1n1 RS   1588163584 131072    2.020
00:17:21.595 VLLM::W        1046587 nvme1n1 RS   1588163840 131072    2.049
00:17:21.595 VLLM::W        1046587 nvme1n1 RS   1588164096 131072    2.078
00:17:21.595 VLLM::W        1046587 nvme1n1 RS   1588164352 131072    2.048
00:17:21.595 VLLM::W        1046587 nvme1n1 RS   1588164608 131072    2.088
00:17:21.595 VLLM::W        1046587 nvme1n1 RS   1588164864 131072    2.121
00:17:21.595 VLLM::W        1046587 nvme1n1 RS   1588165120 131072    2.162
00:17:21.595 VLLM::W        1046587 nvme1n1 RS   1588165376 131072    2.189
00:17:21.596 VLLM::W        1046587 nvme1n1 RS   1588165632 131072    2.234
00:17:21.596 VLLM::W        1046587 nvme1n1 RS   1588165888 131072    2.263
00:17:21.596 VLLM::W        1046587 nvme1n1 RS   1588166144 131072    2.291
00:17:21.596 VLLM::W        1046587 nvme1n1 RS   1588170752 131072    2.366
00:17:21.596 VLLM::W        1046587 nvme1n1 RS   1588166400 131072    2.385
00:17:21.596 VLLM::W        1046587 nvme1n1 RS   1588171008 131072    2.392
00:17:21.596 VLLM::W        1046589 nvme1n1 RS   1588154624 131072    1.899
00:17:21.596 VLLM::W        1046589 nvme1n1 RS   1588154880 131072    1.970
00:17:21.596 VLLM::W        1046589 nvme1n1 RS   1588154368 131072    2.002
00:17:21.596 VLLM::W        1046589 nvme1n1 RS   1588155136 131072    2.006
00:17:21.596 VLLM::W        1046589 nvme1n1 RS   1588155392 131072    2.074
00:17:21.596 VLLM::W        1046589 nvme1n1 RS   1588155648 131072    2.102
00:17:21.596 VLLM::W        1046589 nvme1n1 RS   1588155904 131072    2.118
00:17:21.596 VLLM::W        1046589 nvme1n1 RS   1588156672 131072    2.172
00:17:21.596 VLLM::W        1046589 nvme1n1 RS   1588156928 131072    2.195
00:17:21.596 ib_log_        125932  nvme1n1 WS   1756751864 4096      1.914
00:17:21.596 VLLM::W        1046589 nvme1n1 RS   1588156416 131072    2.209
00:17:21.596 VLLM::W        1046589 nvme1n1 RS   1588156160 131072    2.264
00:17:21.596 VLLM::W        1046589 nvme1n1 RS   1588157440 131072    2.265
00:17:21.596 VLLM::W        1046589 nvme1n1 RS   1588157696 131072    2.290
00:17:21.596 VLLM::W        1046589 nvme1n1 RS   1588157952 131072    2.332
00:17:21.596 VLLM::W        1046589 nvme1n1 RS   1588157184 131072    2.350
00:17:21.596 VLLM::W        1046589 nvme1n1 RS   1588158208 131072    2.358
00:17:21.596 VLLM::W        1046589 nvme1n1 RS   1588166656 131072    2.419
00:17:21.596 VLLM::W        1046589 nvme1n1 RS   1588166912 131072    2.466
00:17:21.596 VLLM::W        1046586 nvme1n1 RS   1588138240 131072    1.873
00:17:21.596 VLLM::W        1046586 nvme1n1 RS   1588138496 131072    1.907
00:17:21.596 VLLM::W        1046586 nvme1n1 RS   1588137984 131072    1.928
00:17:21.597 VLLM::W        1046586 nvme1n1 RS   1588138752 131072    1.976
00:17:21.597 VLLM::W        1046586 nvme1n1 RS   1588139008 131072    2.066
00:17:21.597 VLLM::W        1046586 nvme1n1 RS   1588139520 131072    2.070
00:17:21.597 VLLM::W        1046586 nvme1n1 RS   1588139264 131072    2.092
00:17:21.597 VLLM::W        1046586 nvme1n1 RS   1588139776 131072    2.112
00:17:21.597 VLLM::W        1046586 nvme1n1 RS   1588140288 131072    2.123
00:17:21.597 VLLM::W        1046586 nvme1n1 RS   1588140032 131072    2.184
00:17:21.597 VLLM::W        1046586 nvme1n1 RS   1588141056 131072    2.226
00:17:21.597 VLLM::W        1046586 nvme1n1 RS   1588140544 131072    2.251
00:17:21.597 VLLM::W        1046586 nvme1n1 RS   1588140800 131072    2.257
00:17:21.597 VLLM::W        1046586 nvme1n1 RS   1588141312 131072    2.318
00:17:21.597 VLLM::W        1046586 nvme1n1 RS   1588141568 131072    2.328
00:17:21.597 VLLM::W        1046586 nvme1n1 RS   1588158720 131072    2.379
00:17:21.597 VLLM::W        1046586 nvme1n1 RS   1588141824 131072    2.402
00:17:21.597 VLLM::W        1046586 nvme1n1 RS   1588158464 131072    2.431
00:17:21.597 VLLM::W        1046588 nvme1n1 RS   1588547584 131072    1.943
00:17:21.597 VLLM::W        1046588 nvme1n1 RS   1588548096 131072    2.027
00:17:21.597 VLLM::W        1046588 nvme1n1 RS   1588548608 131072    2.057
00:17:21.597 VLLM::W        1046588 nvme1n1 RS   1588547840 131072    2.079
00:17:21.597 VLLM::W        1046588 nvme1n1 RS   1588548352 131072    2.150
00:17:21.597 VLLM::W        1046588 nvme1n1 RS   1588548864 131072    2.176
00:17:21.597 VLLM::W        1046588 nvme1n1 RS   1588549120 131072    2.188
00:17:21.597 VLLM::W        1046588 nvme1n1 RS   1588549376 131072    2.209
00:17:21.597 VLLM::W        1046588 nvme1n1 RS   1588550144 131072    2.251
00:17:21.597 VLLM::W        1046588 nvme1n1 RS   1588549632 131072    2.272
00:17:21.597 VLLM::W        1046588 nvme1n1 RS   1588549888 131072    2.295
00:17:21.597 VLLM::W        1046588 nvme1n1 RS   1588550400 131072    2.297
00:17:21.598 VLLM::W        1046588 nvme1n1 RS   1588550656 131072    2.333
00:17:21.598 VLLM::W        1046588 nvme1n1 RS   1588550912 131072    2.369
00:17:21.598 VLLM::W        1046588 nvme1n1 RS   1588551168 131072    2.392
00:17:21.598 VLLM::W        1046588 nvme1n1 RS   1588551424 131072    2.392
00:17:21.598 VLLM::W        1046588 nvme1n1 RS   1588576256 131072    2.432
00:17:21.598 VLLM::W        1046588 nvme1n1 RS   1588576512 131072    2.517
00:17:21.598 VLLM::W        1046587 nvme1n1 RS   1588613632 131072    1.966
00:17:21.598 VLLM::W        1046587 nvme1n1 RS   1588613120 131072    2.009
00:17:21.598 VLLM::W        1046587 nvme1n1 RS   1588613888 131072    2.018
00:17:21.598 VLLM::W        1046587 nvme1n1 RS   1588613376 131072    2.057
00:17:21.598 VLLM::W        1046587 nvme1n1 RS   1588614144 131072    2.077
00:17:21.598 VLLM::W        1046587 nvme1n1 RS   1588614400 131072    2.093
00:17:21.598 VLLM::W        1046587 nvme1n1 RS   1588614656 131072    2.107
00:17:21.598 VLLM::W        1046587 nvme1n1 RS   1588614912 131072    2.142
00:17:21.598 VLLM::W        1046587 nvme1n1 RS   1588615168 131072    2.159
00:17:21.598 VLLM::W        1046587 nvme1n1 RS   1588615424 131072    2.171
00:17:21.598 VLLM::W        1046587 nvme1n1 RS   1588615680 131072    2.182
00:17:21.598 VLLM::W        1046587 nvme1n1 RS   1588616192 131072    2.241
00:17:21.598 VLLM::W        1046587 nvme1n1 RS   1588615936 131072    2.307
00:17:21.598 VLLM::W        1046587 nvme1n1 RS   1588616448 131072    2.316
00:17:21.598 VLLM::W        1046587 nvme1n1 RS   1588616704 131072    2.349
00:17:21.598 VLLM::W        1046587 nvme1n1 RS   1588616960 131072    2.380
00:17:21.598 VLLM::W        1046587 nvme1n1 RS   1588617216 131072    2.374
00:17:21.598 VLLM::W        1046587 nvme1n1 RS   1588617472 131072    2.417
00:17:21.598 VLLM::W        1046589 nvme1n1 RS   1588551680 131072    1.908
00:17:21.599 VLLM::W        1046589 nvme1n1 RS   1588552448 131072    1.949
00:17:21.599 VLLM::W        1046589 nvme1n1 RS   1588552704 131072    1.996
00:17:21.599 VLLM::W        1046589 nvme1n1 RS   1588551936 131072    2.055
00:17:21.599 VLLM::W        1046589 nvme1n1 RS   1588552192 131072    2.080
00:17:21.599 VLLM::W        1046589 nvme1n1 RS   1588552960 131072    2.102
00:17:21.599 VLLM::W        1046589 nvme1n1 RS   1588553216 131072    2.107
00:17:21.599 VLLM::W        1046589 nvme1n1 RS   1588553984 131072    2.105
00:17:21.599 VLLM::W        1046589 nvme1n1 RS   1588553472 131072    2.159
00:17:21.599 VLLM::W        1046589 nvme1n1 RS   1588553728 131072    2.171
00:17:21.599 VLLM::W        1046589 nvme1n1 RS   1588554240 131072    2.229
00:17:21.599 VLLM::W        1046589 nvme1n1 RS   1588554496 131072    2.256
00:17:21.599 VLLM::W        1046589 nvme1n1 RS   1588554752 131072    2.269
00:17:21.599 VLLM::W        1046589 nvme1n1 RS   1588555008 131072    2.275
00:17:21.599 VLLM::W        1046589 nvme1n1 RS   1588555264 131072    2.316
00:17:21.599 VLLM::W        1046589 nvme1n1 RS   1588580352 131072    2.350
00:17:21.599 VLLM::W        1046589 nvme1n1 RS   1588555520 131072    2.373
00:17:21.599 VLLM::W        1046589 nvme1n1 RS   1588580608 131072    2.382
00:17:21.599 VLLM::W        1046586 nvme1n1 RS   1588556032 131072    1.840
00:17:21.599 VLLM::W        1046586 nvme1n1 RS   1588555776 131072    1.888
00:17:21.599 VLLM::W        1046586 nvme1n1 RS   1588556288 131072    1.888
00:17:21.599 VLLM::W        1046586 nvme1n1 RS   1588556544 131072    1.980
00:17:21.599 VLLM::W        1046586 nvme1n1 RS   1588557056 131072    1.991
00:17:21.599 VLLM::W        1046586 nvme1n1 RS   1588556800 131072    2.028
00:17:21.599 VLLM::W        1046586 nvme1n1 RS   1588557312 131072    2.033
00:17:21.599 VLLM::W        1046586 nvme1n1 RS   1588557568 131072    2.023
00:17:21.599 VLLM::W        1046586 nvme1n1 RS   1588557824 131072    2.045
00:17:21.599 VLLM::W        1046586 nvme1n1 RS   1588558080 131072    2.050
00:17:21.599 VLLM::W        1046586 nvme1n1 RS   1588558336 131072    2.136
00:17:21.600 VLLM::W        1046586 nvme1n1 RS   1588558592 131072    2.157
00:17:21.600 VLLM::W        1046586 nvme1n1 RS   1588558848 131072    2.161
00:17:21.600 VLLM::W        1046586 nvme1n1 RS   1588559104 131072    2.192
00:17:21.600 VLLM::W        1046586 nvme1n1 RS   1588559360 131072    2.217
00:17:21.600 VLLM::W        1046586 nvme1n1 RS   1588588544 131072    2.273
00:17:21.600 VLLM::W        1046586 nvme1n1 RS   1588559616 131072    2.297
00:17:21.600 VLLM::W        1046586 nvme1n1 RS   1588588800 131072    2.316
00:17:21.600 VLLM::W        1046588 nvme1n1 RS   1588543744 131072    1.917
00:17:21.600 VLLM::W        1046588 nvme1n1 RS   1588543488 131072    1.928
00:17:21.600 VLLM::W        1046588 nvme1n1 RS   1588544000 131072    1.964
00:17:21.600 VLLM::W        1046588 nvme1n1 RS   1588544256 131072    1.975
00:17:21.600 VLLM::W        1046588 nvme1n1 RS   1588544768 131072    2.035
00:17:21.600 VLLM::W        1046588 nvme1n1 RS   1588544512 131072    2.086
00:17:21.600 VLLM::W        1046588 nvme1n1 RS   1588545024 131072    2.096
00:17:21.600 VLLM::W        1046588 nvme1n1 RS   1588545536 131072    2.121
00:17:21.600 VLLM::W        1046588 nvme1n1 RS   1588545280 131072    2.186
00:17:21.600 VLLM::W        1046588 nvme1n1 RS   1588545792 131072    2.194
00:17:21.600 VLLM::W        1046588 nvme1n1 RS   1588546048 131072    2.250
00:17:21.600 VLLM::W        1046588 nvme1n1 RS   1588546304 131072    2.263
00:17:21.600 VLLM::W        1046588 nvme1n1 RS   1588546560 131072    2.283
00:17:21.600 VLLM::W        1046588 nvme1n1 RS   1588546816 131072    2.303
00:17:21.600 VLLM::W        1046588 nvme1n1 RS   1588547072 131072    2.315
00:17:21.600 VLLM::W        1046588 nvme1n1 RS   1588547328 131072    2.390
00:17:21.600 VLLM::W        1046588 nvme1n1 RS   1588572160 131072    2.393
00:17:21.600 VLLM::W        1046588 nvme1n1 RS   1588572416 131072    2.405
00:17:21.600 VLLM::W        1046587 nvme1n1 RS   1588584448 131072    1.903
00:17:21.600 VLLM::W        1046587 nvme1n1 RS   1588584704 131072    1.909
00:17:21.600 VLLM::W        1046587 nvme1n1 RS   1588584960 131072    1.960
00:17:21.601 VLLM::W        1046587 nvme1n1 RS   1588585216 131072    2.018
00:17:21.601 VLLM::W        1046587 nvme1n1 RS   1588585472 131072    2.058
00:17:21.601 VLLM::W        1046587 nvme1n1 RS   1588585728 131072    2.083
00:17:21.601 VLLM::W        1046587 nvme1n1 RS   1588585984 131072    2.086
00:17:21.601 VLLM::W        1046587 nvme1n1 RS   1588586240 131072    2.121
00:17:21.601 VLLM::W        1046587 nvme1n1 RS   1588586496 131072    2.141
00:17:21.601 VLLM::W        1046587 nvme1n1 RS   1588586752 131072    2.151
00:17:21.601 VLLM::W        1046587 nvme1n1 RS   1588587008 131072    2.183
00:17:21.601 VLLM::W        1046587 nvme1n1 RS   1588587264 131072    2.209
00:17:21.601 VLLM::W        1046587 nvme1n1 RS   1588587520 131072    2.277
00:17:21.601 VLLM::W        1046587 nvme1n1 RS   1588587776 131072    2.287
00:17:21.601 VLLM::W        1046587 nvme1n1 RS   1588588032 131072    2.330
00:17:21.601 VLLM::W        1046587 nvme1n1 RS   1588588288 131072    2.329
00:17:21.601 VLLM::W        1046587 nvme1n1 RS   1588625408 131072    2.385
00:17:21.601 VLLM::W        1046587 nvme1n1 RS   1588625664 131072    2.396
00:17:21.601 VLLM::W        1046589 nvme1n1 RS   1588568064 131072    1.917
00:17:21.601 VLLM::W        1046589 nvme1n1 RS   1588568320 131072    1.918
00:17:21.601 VLLM::W        1046589 nvme1n1 RS   1588568576 131072    1.946
00:17:21.601 VLLM::W        1046589 nvme1n1 RS   1588568832 131072    1.989
00:17:21.601 VLLM::W        1046589 nvme1n1 RS   1588569088 131072    2.040
00:17:21.601 VLLM::W        1046589 nvme1n1 RS   1588569344 131072    2.074
00:17:21.601 VLLM::W        1046589 nvme1n1 RS   1588569600 131072    2.081
00:17:21.601 VLLM::W        1046589 nvme1n1 RS   1588569856 131072    2.106
00:17:21.601 VLLM::W        1046589 nvme1n1 RS   1588570112 131072    2.118
00:17:21.601 VLLM::W        1046589 nvme1n1 RS   1588570368 131072    2.148
00:17:21.601 VLLM::W        1046589 nvme1n1 RS   1588570624 131072    2.173
00:17:21.601 VLLM::W        1046589 nvme1n1 RS   1588570880 131072    2.213
00:17:21.602 VLLM::W        1046589 nvme1n1 RS   1588571136 131072    2.283
00:17:21.602 VLLM::W        1046589 nvme1n1 RS   1588571392 131072    2.290
00:17:21.602 VLLM::W        1046589 nvme1n1 RS   1588571904 131072    2.309
00:17:21.602 VLLM::W        1046589 nvme1n1 RS   1588571648 131072    2.353
00:17:21.602 VLLM::W        1046589 nvme1n1 RS   1588621568 131072    2.377
00:17:21.602 VLLM::W        1046589 nvme1n1 RS   1588621312 131072    2.408
00:17:21.602 VLLM::W        1046586 nvme1n1 RS   58515456   131072    1.856
00:17:21.602 VLLM::W        1046586 nvme1n1 RS   58515712   131072    1.861
00:17:21.602 VLLM::W        1046586 nvme1n1 RS   58516224   131072    1.923
00:17:21.602 VLLM::W        1046586 nvme1n1 RS   58515968   131072    1.959
00:17:21.602 VLLM::W        1046586 nvme1n1 RS   58516736   131072    1.997
00:17:21.602 VLLM::W        1046586 nvme1n1 RS   58516480   131072    2.011
00:17:21.602 VLLM::W        1046586 nvme1n1 RS   58517248   131072    2.029
00:17:21.602 VLLM::W        1046586 nvme1n1 RS   58516992   131072    2.115
00:17:21.602 VLLM::W        1046586 nvme1n1 RS   58517504   131072    2.068
00:17:21.602 VLLM::W        1046586 nvme1n1 RS   58517760   131072    2.065
00:17:21.602 VLLM::W        1046586 nvme1n1 RS   58518272   131072    2.129
00:17:21.602 VLLM::W        1046586 nvme1n1 RS   58518016   131072    2.153
00:17:21.602 VLLM::W        1046586 nvme1n1 RS   58518528   131072    2.164
00:17:21.602 VLLM::W        1046586 nvme1n1 RS   58518784   131072    2.172
00:17:21.602 VLLM::W        1046586 nvme1n1 RS   58519040   131072    2.201
00:17:21.602 VLLM::W        1046586 nvme1n1 RS   58519296   131072    2.229
00:17:21.602 VLLM::W        1046586 nvme1n1 RS   58519552   131072    2.261
00:17:21.602 VLLM::W        1046586 nvme1n1 RS   58519808   131072    2.289
00:17:21.602 VLLM::W        1046588 nvme1n1 RS   1589010432 131072    1.945
00:17:21.602 VLLM::W        1046588 nvme1n1 RS   1589010688 131072    1.953
00:17:21.602 VLLM::W        1046588 nvme1n1 RS   1589010944 131072    1.978
00:17:21.603 VLLM::W        1046588 nvme1n1 RS   1589011200 131072    2.006
00:17:21.603 VLLM::W        1046588 nvme1n1 RS   1589011456 131072    2.035
00:17:21.603 VLLM::W        1046588 nvme1n1 RS   1589011712 131072    2.083
00:17:21.603 VLLM::W        1046588 nvme1n1 RS   1589011968 131072    2.151
00:17:21.603 VLLM::W        1046588 nvme1n1 RS   1589012224 131072    2.141
00:17:21.603 VLLM::W        1046588 nvme1n1 RS   1589012480 131072    2.151
00:17:21.603 VLLM::W        1046588 nvme1n1 RS   1589012736 131072    2.194
00:17:21.603 VLLM::W        1046588 nvme1n1 RS   1589012992 131072    2.205
00:17:21.603 VLLM::W        1046588 nvme1n1 RS   1589013248 131072    2.246
00:17:21.603 VLLM::W        1046588 nvme1n1 RS   1589013504 131072    2.288
00:17:21.603 VLLM::W        1046588 nvme1n1 RS   1589013760 131072    2.316
00:17:21.603 VLLM::W        1046588 nvme1n1 RS   1589014016 131072    2.347
00:17:21.603 VLLM::W        1046588 nvme1n1 RS   1589014272 131072    2.373
00:17:21.603 VLLM::W        1046588 nvme1n1 RS   1589014528 131072    2.416
00:17:21.603 VLLM::W        1046588 nvme1n1 RS   1589014784 131072    2.447
00:17:21.603 VLLM::W        1046587 nvme1n1 RS   58712064   131072    1.967
00:17:21.603 VLLM::W        1046587 nvme1n1 RS   58712576   131072    1.974
00:17:21.603 VLLM::W        1046587 nvme1n1 RS   58712320   131072    2.003
00:17:21.603 VLLM::W        1046587 nvme1n1 RS   58713088   131072    2.049
00:17:21.603 VLLM::W        1046587 nvme1n1 RS   58712832   131072    2.083
00:17:21.603 VLLM::W        1046587 nvme1n1 RS   58713600   131072    2.105
00:17:21.603 VLLM::W        1046587 nvme1n1 RS   58713856   131072    2.077
00:17:21.603 VLLM::W        1046587 nvme1n1 RS   58713344   131072    2.197
00:17:21.603 VLLM::W        1046587 nvme1n1 RS   58714368   131072    2.168
00:17:21.603 VLLM::W        1046587 nvme1n1 RS   58714624   131072    2.179
00:17:21.603 VLLM::W        1046587 nvme1n1 RS   58714880   131072    2.217
00:17:21.603 VLLM::W        1046587 nvme1n1 RS   58714112   131072    2.251
00:17:21.604 VLLM::W        1046587 nvme1n1 RS   58715136   131072    2.254
00:17:21.604 VLLM::W        1046587 nvme1n1 RS   58715392   131072    2.312
00:17:21.604 VLLM::W        1046587 nvme1n1 RS   58715648   131072    2.321
00:17:21.604 VLLM::W        1046587 nvme1n1 RS   1589075968 131072    2.394
00:17:21.604 VLLM::W        1046587 nvme1n1 RS   58715904   131072    2.409
00:17:21.604 VLLM::W        1046587 nvme1n1 RS   1589076224 131072    2.469
00:17:21.604 VLLM::W        1046589 nvme1n1 RS   1589043456 131072    1.872
00:17:21.604 VLLM::W        1046589 nvme1n1 RS   1589043200 131072    1.933
00:17:21.604 VLLM::W        1046589 nvme1n1 RS   1589043968 131072    1.956
00:17:21.604 VLLM::W        1046589 nvme1n1 RS   1589043712 131072    2.057
00:17:21.604 VLLM::W        1046589 nvme1n1 RS   1589044480 131072    2.057
00:17:21.604 VLLM::W        1046589 nvme1n1 RS   1589044224 131072    2.064
00:17:21.604 VLLM::W        1046589 nvme1n1 RS   1589044736 131072    2.137
00:17:21.604 VLLM::W        1046589 nvme1n1 RS   1589045248 131072    2.161
00:17:21.604 VLLM::W        1046589 nvme1n1 RS   1589045760 131072    2.154
00:17:21.604 VLLM::W        1046589 nvme1n1 RS   1589044992 131072    2.192
00:17:21.604 VLLM::W        1046589 nvme1n1 RS   1589045504 131072    2.238
00:17:21.604 VLLM::W        1046589 nvme1n1 RS   1589046272 131072    2.238
00:17:21.604 VLLM::W        1046589 nvme1n1 RS   1589046528 131072    2.275
00:17:21.604 VLLM::W        1046589 nvme1n1 RS   1589046016 131072    2.314
00:17:21.604 VLLM::W        1046589 nvme1n1 RS   1589047040 131072    2.358
00:17:21.604 VLLM::W        1046589 nvme1n1 RS   1589080320 131072    2.379
00:17:21.604 VLLM::W        1046589 nvme1n1 RS   1589046784 131072    2.410
00:17:21.604 VLLM::W        1046586 nvme1n1 RS   1589022720 131072    1.933
00:17:21.604 VLLM::W        1046589 nvme1n1 RS   1589080064 131072    2.493
00:17:21.605 VLLM::W        1046586 nvme1n1 RS   1589023488 131072    1.990
00:17:21.605 VLLM::W        1046586 nvme1n1 RS   1589023744 131072    2.001
00:17:21.605 VLLM::W        1046586 nvme1n1 RS   1589022976 131072    2.034
00:17:21.605 VLLM::W        1046586 nvme1n1 RS   1589023232 131072    2.043
00:17:21.605 VLLM::W        1046586 nvme1n1 RS   1589024000 131072    2.091
00:17:21.605 VLLM::W        1046586 nvme1n1 RS   1589024256 131072    2.120
00:17:21.605 VLLM::W        1046586 nvme1n1 RS   1589024768 131072    2.113
00:17:21.605 VLLM::W        1046586 nvme1n1 RS   1589024512 131072    2.126
00:17:21.605 VLLM::W        1046586 nvme1n1 RS   1589025024 131072    2.145
00:17:21.605 VLLM::W        1046586 nvme1n1 RS   1589025280 131072    2.156
00:17:21.605 VLLM::W        1046586 nvme1n1 RS   1589025536 131072    2.182
00:17:21.605 VLLM::W        1046586 nvme1n1 RS   1589026048 131072    2.262
00:17:21.605 VLLM::W        1046586 nvme1n1 RS   1589025792 131072    2.286
00:17:21.605 VLLM::W        1046586 nvme1n1 RS   1589026304 131072    2.294
00:17:21.605 VLLM::W        1046586 nvme1n1 RS   1589026560 131072    2.316
00:17:21.605 VLLM::W        1046586 nvme1n1 RS   1589039104 131072    2.343
00:17:21.605 VLLM::W        1046586 nvme1n1 RS   1589039360 131072    2.375
00:17:21.605 VLLM::W        1046588 nvme1n1 RS   58716416   131072    1.944
00:17:21.605 VLLM::W        1046588 nvme1n1 RS   58716160   131072    1.967
00:17:21.605 VLLM::W        1046588 nvme1n1 RS   58716672   131072    1.974
00:17:21.605 VLLM::W        1046588 nvme1n1 RS   58716928   131072    2.033
00:17:21.605 VLLM::W        1046588 nvme1n1 RS   58717184   131072    2.045
00:17:21.605 VLLM::W        1046588 nvme1n1 RS   58717696   131072    2.137
00:17:21.605 VLLM::W        1046588 nvme1n1 RS   58717440   131072    2.159
00:17:21.605 VLLM::W        1046588 nvme1n1 RS   58718208   131072    2.168
00:17:21.605 VLLM::W        1046588 nvme1n1 RS   58717952   131072    2.210
00:17:21.605 VLLM::W        1046588 nvme1n1 RS   58718720   131072    2.242
00:17:21.605 VLLM::W        1046588 nvme1n1 RS   58718464   131072    2.254
00:17:21.606 VLLM::W        1046588 nvme1n1 RS   58719232   131072    2.320
00:17:21.606 VLLM::W        1046588 nvme1n1 RS   58719488   131072    2.332
00:17:21.606 VLLM::W        1046588 nvme1n1 RS   58718976   131072    2.376
00:17:21.606 VLLM::W        1046588 nvme1n1 RS   58719744   131072    2.382
00:17:21.606 VLLM::W        1046588 nvme1n1 RS   1589084160 131072    2.438
00:17:21.606 VLLM::W        1046588 nvme1n1 RS   58720000   131072    2.456
00:17:21.606 VLLM::W        1046588 nvme1n1 RS   1589084416 131072    2.465
00:17:21.606 VLLM::W        1046587 nvme1n1 RS   1589059584 131072    1.840
00:17:21.606 VLLM::W        1046587 nvme1n1 RS   1589059840 131072    1.903
00:17:21.606 VLLM::W        1046587 nvme1n1 RS   1589060352 131072    1.933
00:17:21.606 VLLM::W        1046587 nvme1n1 RS   1589060608 131072    1.984
00:17:21.606 VLLM::W        1046587 nvme1n1 RS   1589060096 131072    1.999
00:17:21.606 VLLM::W        1046587 nvme1n1 RS   1589060864 131072    2.050
00:17:21.606 VLLM::W        1046587 nvme1n1 RS   1589061120 131072    2.049
00:17:21.606 VLLM::W        1046587 nvme1n1 RS   1589061632 131072    2.066
00:17:21.606 VLLM::W        1046587 nvme1n1 RS   1589061376 131072    2.092
00:17:21.606 VLLM::W        1046587 nvme1n1 RS   1589061888 131072    2.096
00:17:21.606 VLLM::W        1046587 nvme1n1 RS   1589062144 131072    2.147
00:17:21.606 VLLM::W        1046587 nvme1n1 RS   1589062400 131072    2.151
00:17:21.606 VLLM::W        1046587 nvme1n1 RS   1589062656 131072    2.176
00:17:21.606 VLLM::W        1046587 nvme1n1 RS   1589062912 131072    2.217
00:17:21.606 VLLM::W        1046587 nvme1n1 RS   1589063168 131072    2.242
00:17:21.606 VLLM::W        1046587 nvme1n1 RS   1589063424 131072    2.271
00:17:21.606 VLLM::W        1046587 nvme1n1 RS   1589092352 131072    2.316
00:17:21.606 VLLM::W        1046587 nvme1n1 RS   1589092608 131072    2.378
00:17:21.606 VLLM::W        1046589 nvme1n1 RS   1589030912 131072    1.831
00:17:21.606 VLLM::W        1046589 nvme1n1 RS   1589031168 131072    1.841
00:17:21.606 VLLM::W        1046589 nvme1n1 RS   1589031424 131072    1.867
00:17:21.607 VLLM::W        1046589 nvme1n1 RS   1589031680 131072    1.888
00:17:21.607 VLLM::W        1046589 nvme1n1 RS   1589031936 131072    1.941
00:17:21.607 VLLM::W        1046589 nvme1n1 RS   1589032192 131072    1.950
00:17:21.607 VLLM::W        1046589 nvme1n1 RS   1589032448 131072    2.007
00:17:21.607 VLLM::W        1046589 nvme1n1 RS   1589032704 131072    2.003
00:17:21.607 VLLM::W        1046589 nvme1n1 RS   1589032960 131072    2.015
00:17:21.607 VLLM::W        1046589 nvme1n1 RS   1589033216 131072    2.040
00:17:21.607 VLLM::W        1046589 nvme1n1 RS   1589033472 131072    2.100
00:17:21.607 VLLM::W        1046589 nvme1n1 RS   1589033728 131072    2.131
00:17:21.607 VLLM::W        1046589 nvme1n1 RS   1589033984 131072    2.165
00:17:21.607 VLLM::W        1046589 nvme1n1 RS   1589034240 131072    2.200
00:17:21.607 VLLM::W        1046589 nvme1n1 RS   1589034496 131072    2.225
00:17:21.607 VLLM::W        1046589 nvme1n1 RS   1589063680 131072    2.262
00:17:21.607 VLLM::W        1046589 nvme1n1 RS   1589034752 131072    2.293
00:17:21.607 VLLM::W        1046589 nvme1n1 RS   1589063936 131072    2.346
00:17:21.607 VLLM::W        1046586 nvme1n1 RS   1589018880 131072    1.880
00:17:21.607 VLLM::W        1046586 nvme1n1 RS   1589019136 131072    1.912
00:17:21.607 VLLM::W        1046586 nvme1n1 RS   1589018624 131072    1.935
00:17:21.607 VLLM::W        1046586 nvme1n1 RS   1589019392 131072    2.012
00:17:21.607 VLLM::W        1046586 nvme1n1 RS   1589019648 131072    2.048
00:17:21.607 VLLM::W        1046586 nvme1n1 RS   1589019904 131072    2.068
00:17:21.607 VLLM::W        1046586 nvme1n1 RS   1589020160 131072    2.065
00:17:21.607 VLLM::W        1046586 nvme1n1 RS   1589020416 131072    2.091
00:17:21.607 VLLM::W        1046586 nvme1n1 RS   1589020672 131072    2.113
00:17:21.607 VLLM::W        1046586 nvme1n1 RS   1589020928 131072    2.119
00:17:21.607 VLLM::W        1046586 nvme1n1 RS   1589021184 131072    2.128
00:17:21.607 VLLM::W        1046586 nvme1n1 RS   1589021440 131072    2.151
00:17:21.608 VLLM::W        1046586 nvme1n1 RS   1589021696 131072    2.202
00:17:21.608 VLLM::W        1046586 nvme1n1 RS   1589021952 131072    2.233
00:17:21.608 VLLM::W        1046586 nvme1n1 RS   1589022208 131072    2.258
00:17:21.608 VLLM::W        1046586 nvme1n1 RS   1589022464 131072    2.326
00:17:21.608 VLLM::W        1046586 nvme1n1 RS   1589116928 131072    2.350
00:17:21.608 VLLM::W        1046586 nvme1n1 RS   1589117184 131072    2.348
00:17:21.608 VLLM::W        1046588 nvme1n1 RS   1589051392 131072    1.932
00:17:21.608 VLLM::W        1046588 nvme1n1 RS   1589051648 131072    1.942
00:17:21.608 VLLM::W        1046588 nvme1n1 RS   1589051904 131072    1.989
00:17:21.608 VLLM::W        1046588 nvme1n1 RS   1589052160 131072    2.017
00:17:21.608 VLLM::W        1046588 nvme1n1 RS   1589052416 131072    2.048
00:17:21.608 VLLM::W        1046588 nvme1n1 RS   1589052672 131072    2.105
00:17:21.608 VLLM::W        1046588 nvme1n1 RS   1589052928 131072    2.118
00:17:21.608 VLLM::W        1046588 nvme1n1 RS   1589053184 131072    2.161
00:17:21.608 VLLM::W        1046588 nvme1n1 RS   1589053440 131072    2.182
00:17:21.608 VLLM::W        1046588 nvme1n1 RS   1589053696 131072    2.208
00:17:21.608 VLLM::W        1046588 nvme1n1 RS   1589053952 131072    2.219
00:17:21.608 VLLM::W        1046588 nvme1n1 RS   1589054208 131072    2.260
00:17:21.608 VLLM::W        1046588 nvme1n1 RS   1589054464 131072    2.308
00:17:21.608 VLLM::W        1046588 nvme1n1 RS   1589054720 131072    2.334
00:17:21.608 VLLM::W        1046588 nvme1n1 RS   1589054976 131072    2.359
00:17:21.608 VLLM::W        1046588 nvme1n1 RS   1589055232 131072    2.388
00:17:21.608 VLLM::W        1046588 nvme1n1 RS   1589088256 131072    2.453
00:17:21.608 VLLM::W        1046588 nvme1n1 RS   1589088512 131072    2.472
00:17:21.608 VLLM::W        1046587 nvme1n1 RS   1589035008 131072    1.859
00:17:21.609 VLLM::W        1046587 nvme1n1 RS   1589035776 131072    1.954
00:17:21.609 VLLM::W        1046587 nvme1n1 RS   1589035264 131072    1.975
00:17:21.609 VLLM::W        1046587 nvme1n1 RS   1589035520 131072    1.986
00:17:21.609 VLLM::W        1046587 nvme1n1 RS   1589036544 131072    2.050
00:17:21.609 VLLM::W        1046587 nvme1n1 RS   1589036032 131072    2.098
00:17:21.609 VLLM::W        1046587 nvme1n1 RS   1589036288 131072    2.111
00:17:21.609 VLLM::W        1046587 nvme1n1 RS   1589036800 131072    2.077
00:17:21.609 VLLM::W        1046587 nvme1n1 RS   1589037568 131072    2.149
00:17:21.609 VLLM::W        1046587 nvme1n1 RS   1589037056 131072    2.193
00:17:21.609 VLLM::W        1046587 nvme1n1 RS   1589037312 131072    2.210
00:17:21.609 VLLM::W        1046587 nvme1n1 RS   1589037824 131072    2.217
00:17:21.609 VLLM::W        1046587 nvme1n1 RS   1589038080 131072    2.273
00:17:21.609 VLLM::W        1046587 nvme1n1 RS   1589038336 131072    2.295
00:17:21.609 VLLM::W        1046587 nvme1n1 RS   1589038592 131072    2.301
00:17:21.609 VLLM::W        1046587 nvme1n1 RS   1589038848 131072    2.354
00:17:21.609 VLLM::W        1046587 nvme1n1 RS   1589067776 131072    2.371
00:17:21.609 VLLM::W        1046587 nvme1n1 RS   1589068032 131072    2.382
00:17:21.609 VLLM::W        1046589 nvme1n1 RS   1589047296 131072    1.902
00:17:21.609 VLLM::W        1046589 nvme1n1 RS   1589047552 131072    1.903
00:17:21.609 VLLM::W        1046589 nvme1n1 RS   1589047808 131072    1.919
00:17:21.609 VLLM::W        1046589 nvme1n1 RS   1589048064 131072    1.936
00:17:21.609 VLLM::W        1046589 nvme1n1 RS   1589048320 131072    1.984
00:17:21.609 VLLM::W        1046589 nvme1n1 RS   1589048576 131072    2.026
00:17:21.609 VLLM::W        1046589 nvme1n1 RS   1589048832 131072    2.031
00:17:21.609 VLLM::W        1046589 nvme1n1 RS   1589049088 131072    2.028
00:17:21.609 VLLM::W        1046589 nvme1n1 RS   1589049344 131072    2.040
00:17:21.609 VLLM::W        1046589 nvme1n1 RS   1589049600 131072    2.070
00:17:21.609 VLLM::W        1046589 nvme1n1 RS   1589049856 131072    2.103
00:17:21.609 VLLM::W        1046589 nvme1n1 RS   1589050112 131072    2.142
00:17:21.610 VLLM::W        1046589 nvme1n1 RS   1589050624 131072    2.219
00:17:21.610 VLLM::W        1046589 nvme1n1 RS   1589050368 131072    2.243
00:17:21.610 VLLM::W        1046589 nvme1n1 RS   1589050880 131072    2.252
00:17:21.610 VLLM::W        1046589 nvme1n1 RS   1589051136 131072    2.276
00:17:21.610 VLLM::W        1046589 nvme1n1 RS   1589071872 131072    2.310
00:17:21.610 VLLM::W        1046589 nvme1n1 RS   1589072128 131072    2.333
00:17:21.610 VLLM::W        1046586 nvme1n1 RS   1589026816 131072    1.836
00:17:21.610 VLLM::W        1046586 nvme1n1 RS   1589027072 131072    1.874
00:17:21.610 VLLM::W        1046586 nvme1n1 RS   1589027328 131072    1.916
00:17:21.610 VLLM::W        1046586 nvme1n1 RS   1589027584 131072    1.925
00:17:21.610 VLLM::W        1046586 nvme1n1 RS   1589027840 131072    1.992
00:17:21.610 VLLM::W        1046586 nvme1n1 RS   1589028096 131072    2.020
00:17:21.610 VLLM::W        1046586 nvme1n1 RS   1589028352 131072    2.029
00:17:21.610 VLLM::W        1046586 nvme1n1 RS   1589028608 131072    1.994
00:17:21.610 VLLM::W        1046586 nvme1n1 RS   1589028864 131072    2.038
00:17:21.610 VLLM::W        1046586 nvme1n1 RS   1589029120 131072    2.103
00:17:21.610 VLLM::W        1046586 nvme1n1 RS   1589029376 131072    2.119
00:17:21.610 VLLM::W        1046586 nvme1n1 RS   1589029632 131072    2.123
00:17:21.610 VLLM::W        1046586 nvme1n1 RS   1589029888 131072    2.157
00:17:21.610 VLLM::W        1046586 nvme1n1 RS   1589030144 131072    2.184
00:17:21.610 VLLM::W        1046586 nvme1n1 RS   1589030400 131072    2.215
00:17:21.610 VLLM::W        1046586 nvme1n1 RS   1589030656 131072    2.258
00:17:21.610 VLLM::W        1046586 nvme1n1 RS   1589055488 131072    2.296
00:17:21.610 VLLM::W        1046586 nvme1n1 RS   1589055744 131072    2.306
00:17:21.610 VLLM::W        1046588 nvme1n1 RS   1664141312 131072    1.926
00:17:21.610 VLLM::W        1046588 nvme1n1 RS   1664141568 131072    1.941
00:17:21.611 VLLM::W        1046588 nvme1n1 RS   1664141824 131072    1.965
00:17:21.611 VLLM::W        1046588 nvme1n1 RS   1664142080 131072    1.976
00:17:21.611 VLLM::W        1046588 nvme1n1 RS   1664142336 131072    2.008
00:17:21.611 VLLM::W        1046588 nvme1n1 RS   1664142592 118784    2.024
00:17:21.611 VLLM::W        1046587 nvme1n1 RS   58464256   131072    1.439
00:17:21.611 VLLM::W        1046587 nvme1n1 RS   58464512   131072    1.446
00:17:21.611 VLLM::W        1046587 nvme1n1 RS   58464768   131072    1.479
00:17:21.611 VLLM::W        1046587 nvme1n1 RS   58465024   131072    1.504
00:17:21.611 VLLM::W        1046587 nvme1n1 RS   58465280   131072    1.545
00:17:21.611 VLLM::W        1046587 nvme1n1 RS   58465536   118784    1.585
00:17:21.611 VLLM::W        1046589 nvme1n1 RS   58480640   131072    0.959
00:17:21.611 VLLM::W        1046589 nvme1n1 RS   58481152   131072    1.018
00:17:21.611 VLLM::W        1046589 nvme1n1 RS   58481408   131072    1.063
00:17:21.611 VLLM::W        1046589 nvme1n1 RS   58480896   131072    1.089
00:17:21.611 VLLM::W        1046589 nvme1n1 RS   58481664   131072    1.094
00:17:21.611 VLLM::W        1046586 nvme1n1 RS   1664133120 131072    0.475
00:17:21.611 VLLM::W        1046589 nvme1n1 RS   58481920   118784    1.194
00:17:21.611 VLLM::W        1046586 nvme1n1 RS   1664133632 131072    0.544
00:17:21.611 VLLM::W        1046586 nvme1n1 RS   1664133888 131072    0.578
00:17:21.611 VLLM::W        1046586 nvme1n1 RS   1664133376 131072    0.597
00:17:21.611 VLLM::W        1046586 nvme1n1 RS   1664134400 118784    0.641
00:17:21.611 VLLM::W        1046586 nvme1n1 RS   1664134144 131072    0.651
00:17:22.118 nvme           1445811 Unknown N    -1         512       0.093
00:17:22.334 ib_pg_f        125932  nvme1n1 WS   1756891136 131072    0.172
00:17:22.334 ib_pg_f        125932  nvme1n1 WS   1756891392 131072    0.240
00:17:22.334 ib_pg_f        125932  nvme1n1 WS   1756891648 131072    0.315
00:17:22.334 ib_pg_f        125932  nvme1n1 WS   1756891904 131072    0.394
00:17:22.334 ib_pg_f        125932  nvme1n1 WS   1756892160 131072    0.476
00:17:22.334 ib_pg_f        125932  nvme1n1 WS   1756892416 131072    0.554
00:17:22.334 ib_pg_f        125932  nvme1n1 WS   1756892672 131072    0.632
00:17:22.334 ib_pg_f        125932  nvme1n1 WS   1756892928 114688    0.701
00:17:22.334 ib_pg_f        125932  nvme1n1 WS   1755259744 16384     0.046
00:17:22.334 ib_pg_f        125932  nvme1n1 WS   1757691136 16384     0.049
00:17:22.334 ib_pg_f        125932  nvme1n1 WS   1757759648 16384     0.056
00:17:22.334 ib_pg_f        125932  nvme1n1 WS   1755247456 16384     0.055
00:17:22.334 ib_pg_f        125932  nvme1n1 WS   1755217512 16384     0.060
00:17:22.334 ib_pg_f        125932  nvme1n1 WS   1755104640 16384     0.072
00:17:22.334 ib_pg_f        125932  nvme1n1 WS   1756431808 16384     0.059
00:17:22.334 ib_pg_f        125932  nvme1n1 WS   1757716416 16384     0.062
00:17:22.334 ib_pg_f        125932  nvme1n1 WS   1755178368 16384     0.071
00:17:22.334 ib_pg_f        125932  nvme1n1 WS   1756431776 16384     0.068
00:17:22.334 ib_pg_f        125932  nvme1n1 WS   1440672    16384     0.060
00:17:22.334 ib_pg_f        125932  nvme1n1 WS   1440704    16384     0.056
00:17:22.334 ib_pg_f        125932  nvme1n1 WS   1440736    16384     0.064
00:17:22.334 ib_pg_f        125932  nvme1n1 WS   1440768    16384     0.060
00:17:22.335 ib_pg_f        125932  nvme1n1 WS   13303136   16384     0.044
00:17:22.335 ib_pg_f        125932  nvme1n1 WS   13302112   16384     0.048
00:17:22.335 ib_pg_f        125932  nvme1n1 WS   13302272   16384     0.051
00:17:22.335 ib_pg_f        125932  nvme1n1 WS   13302880   16384     0.052
00:17:22.335 ib_pg_f        125932  nvme1n1 WS   1757758240 16384     0.053
00:17:22.335 ib_pg_f        125932  nvme1n1 WS   1757758368 16384     0.049
00:17:22.335 ib_pg_f        125932  nvme1n1 WS   1498170112 16384     0.046
00:17:22.335 ib_pg_f        125932  nvme1n1 WS   1740172288 16384     0.050
00:17:22.335 ib_pg_f        125932  nvme1n1 WS   1740172320 16384     0.050
00:17:22.335 ib_pg_f        125932  nvme1n1 WS   13302752   16384     0.049
00:17:22.335 ib_pg_f        125932  nvme1n1 WS   1740172096 16384     0.056
00:17:22.335 ib_pg_f        125932  nvme1n1 WS   1740171264 16384     0.060
00:17:22.335 ib_pg_f        125932  nvme1n1 WS   1740169632 16384     0.056
00:17:22.335 ib_pg_f        125932  nvme1n1 WS   1740172256 16384     0.061
00:17:22.335 ib_pg_f        125932  nvme1n1 WS   1440384    16384     0.053
00:17:22.335 ib_pg_f        125932  nvme1n1 WS   1440416    16384     0.051
00:17:22.335 ib_pg_f        125932  nvme1n1 WS   1440448    16384     0.054
00:17:22.335 ib_pg_f        125932  nvme1n1 WS   1440480    16384     0.059
00:17:22.335 ib_pg_f        125932  nvme1n1 WS   1440512    16384     0.062
00:17:22.335 ib_pg_f        125932  nvme1n1 WS   1440576    16384     0.060
00:17:22.335 ib_pg_f        125932  nvme1n1 WS   1440608    16384     0.061
00:17:22.335 ib_pg_f        125932  nvme1n1 WS   1440640    16384     0.058
00:17:22.335 ib_pg_f        125932  nvme1n1 WS   1439840    16384     0.067
00:17:22.335 ib_pg_f        125932  nvme1n1 WS   1439872    16384     0.072
00:17:22.335 ib_pg_f        125932  nvme1n1 WS   1439904    16384     0.076
00:17:22.335 ib_pg_f        125932  nvme1n1 WS   1755178336 16384     0.084
00:17:22.335 ib_pg_f        125932  nvme1n1 WS   1755248160 16384     0.087
00:17:22.335 ib_pg_f        125932  nvme1n1 WS   1755104672 16384     0.088
00:17:22.335 ib_pg_f        125932  nvme1n1 WS   1756431840 16384     0.092
00:17:22.335 ib_pg_f        125932  nvme1n1 WS   1755178400 16384     0.089
00:17:22.335 ib_pg_f        125932  nvme1n1 WS   1755244192 16384     0.093
00:17:22.335 ib_pg_f        125932  nvme1n1 WS   1755104704 16384     0.095
00:17:22.335 ib_pg_f        125932  nvme1n1 WS   1755259840 16384     0.095
00:17:22.335 ib_pg_f        125932  nvme1n1 WS   1740147232 16384     0.102
00:17:22.335 ib_pg_f        125932  nvme1n1 WS   1740058784 16384     0.105
00:17:22.335 ib_pg_f        125932  nvme1n1 WS   13303296   16384     0.092
00:17:22.335 ib_pg_f        125932  nvme1n1 WS   1757757632 16384     0.091
00:17:22.335 ib_pg_f        125932  nvme1n1 WS   1756946400 16384     0.094
00:17:22.335 ib_pg_f        125932  nvme1n1 WS   1740167072 16384     0.087
00:17:22.335 ib_pg_f        125932  nvme1n1 WS   1757690624 16384     0.090
00:17:22.335 ib_pg_f        125932  nvme1n1 WS   13303616   16384     0.083
00:17:22.335 ib_pg_f        125932  nvme1n1 WS   1757757728 16384     0.088
00:17:22.335 ib_pg_f        125932  nvme1n1 WS   1740147616 16384     0.057
00:17:22.335 ib_pg_f        125932  nvme1n1 WS   1757690784 16384     0.060
00:17:22.335 ib_pg_f        125932  nvme1n1 WS   1498170080 16384     0.057
00:17:22.335 ib_pg_f        125932  nvme1n1 WS   1757690048 16384     0.053
00:17:22.335 ib_pg_f        125932  nvme1n1 WS   1847072    16384     0.054
00:17:22.335 ib_pg_f        125932  nvme1n1 WS   13303200   16384     0.042
00:17:22.335 ib_pg_f        125932  nvme1n1 WS   1757690720 16384     0.041
00:17:22.336 kworker        1422190 nvme1n1 W    587624456  16384     0.051
00:17:22.336 kworker        1422190 nvme1n1 W    723480432  73728     0.092
00:17:22.992 ib_log_        125932  nvme1n1 WS   1756751864 4096      0.056
00:17:22.992 ib_log_        125932  nvme1n1 WS   1756748032 4096      0.034
00:17:23.104 amoprof        1271097 nvme1n1 W    587478552  4096      0.049
