TIMESTAMP    COMM           PID     DISK    T    SECTOR     BYTES   LAT(ms)
22:55:39.847 nvme           2657145 Unknown N    -1         512       0.034
22:55:40.024 python3        2650191 nvme1n1 WS   1656111616 131072    0.173
22:55:40.024 python3        2650191 nvme1n1 WS   1656111872 131072    0.231
22:55:40.024 python3        2650191 nvme1n1 WS   1656112128 131072    0.316
22:55:40.024 python3        2650191 nvme1n1 WS   1656112384 131072    0.414
22:55:40.024 python3        2650191 nvme1n1 WS   1656112640 131072    0.471
22:55:40.024 python3        2650191 nvme1n1 WS   1656112896 131072    0.553
22:55:40.024 python3        2650191 nvme1n1 WS   1656113152 131072    0.634
22:55:40.024 python3        2650191 nvme1n1 WS   1656113408 131072    0.690
22:55:40.024 python3        2650191 nvme1n1 WS   1656113664 131072    0.757
22:55:40.024 python3        2650191 nvme1n1 WS   1656113920 131072    0.836
22:55:40.024 python3        2650191 nvme1n1 WS   1656114176 131072    0.915
22:55:40.024 python3        2650191 nvme1n1 WS   1656114432 131072    0.991
22:55:40.024 python3        2650191 nvme1n1 WS   1656114688 131072    1.075
22:55:40.024 python3        2650191 nvme1n1 WS   1656114944 131072    1.121
22:55:40.025 python3        2650191 nvme1n1 WS   1655965184 131072    1.200
22:55:40.025 python3        2650194 nvme1n1 WS   1673638656 131072    1.097
22:55:40.025 python3        2650194 nvme1n1 WS   1673638912 131072    1.169
22:55:40.025 python3        2650194 nvme1n1 WS   1673639168 131072    1.244
22:55:40.025 python3        2650194 nvme1n1 WS   1673639424 131072    1.326
22:55:40.025 python3        2650194 nvme1n1 WS   1673639680 131072    1.418
22:55:40.025 python3        2650194 nvme1n1 WS   1673639936 131072    1.506
22:55:40.025 python3        2650194 nvme1n1 WS   1673640192 131072    1.579
22:55:40.025 python3        2650191 nvme1n1 WS   1655965440 131072    1.673
22:55:40.025 python3        2650191 nvme1n1 WS   1655965696 131072    1.725
22:55:40.025 python3        2650191 nvme1n1 WS   1655965952 131072    1.833
22:55:40.025 python3        2650194 nvme1n1 WS   1673640448 131072    1.869
22:55:40.026 python3        2650194 nvme1n1 WS   1673640704 131072    1.939
22:55:40.026 python3        2650194 nvme1n1 WS   1673640960 131072    2.023
22:55:40.026 python3        2650194 nvme1n1 WS   1673641216 131072    2.096
22:55:40.026 python3        2650194 nvme1n1 WS   1673641472 131072    2.173
22:55:40.026 python3        2650194 nvme1n1 WS   1673641728 131072    2.245
22:55:40.026 python3        2650194 nvme1n1 WS   1673641984 131072    2.291
22:55:40.026 python3        2650194 nvme1n1 WS   1673795072 131072    2.363
22:55:40.026 python3        2650194 nvme1n1 WS   1673795328 131072    2.324
22:55:40.026 python3        2650194 nvme1n1 WS   1673795584 131072    2.403
22:55:40.026 python3        2650194 nvme1n1 WS   1673795840 131072    2.480
22:55:40.026 python3        2650194 nvme1n1 WS   1673650944 131072    2.120
22:55:40.026 python3        2650194 nvme1n1 WS   1673651200 131072    2.195
22:55:40.026 python3        2650194 nvme1n1 WS   1673651456 131072    2.269
22:55:40.027 python3        2650194 nvme1n1 WS   1673651712 131072    2.341
22:55:40.027 python3        2650194 nvme1n1 WS   1673651968 131072    2.421
22:55:40.027 python3        2650194 nvme1n1 WS   1673652224 131072    2.492
22:55:40.027 python3        2650194 nvme1n1 WS   1673652480 131072    2.564
22:55:40.027 python3        2650194 nvme1n1 WS   1673652736 131072    2.612
22:55:40.027 python3        2650194 nvme1n1 WS   1673652992 131072    2.685
22:55:40.027 python3        2650194 nvme1n1 WS   1673653248 131072    2.757
22:55:40.027 python3        2650194 nvme1n1 WS   1673653504 131072    2.830
22:55:40.027 python3        2650194 nvme1n1 WS   1673653760 131072    2.903
22:55:40.027 python3        2650194 nvme1n1 WS   1673654016 131072    2.978
22:55:40.027 python3        2650194 nvme1n1 WS   1673654272 131072    3.027
22:55:40.027 python3        2650194 nvme1n1 WS   1673805312 131072    3.107
22:55:40.027 python3        2650194 nvme1n1 WS   1673805568 131072    3.028
22:55:40.028 python3        2650194 nvme1n1 WS   1673810432 131072    3.102
22:55:40.028 python3        2650194 nvme1n1 WS   1673810688 131072    3.181
22:55:40.028 python3        2650193 nvme1n1 WS   1656119808 131072    3.010
22:55:40.028 python3        2650193 nvme1n1 WS   1656120064 131072    3.077
22:55:40.028 python3        2650193 nvme1n1 WS   1656120320 131072    3.151
22:55:40.028 python3        2650193 nvme1n1 WS   1656120576 131072    3.221
22:55:40.028 python3        2650193 nvme1n1 WS   1656120832 131072    3.298
22:55:40.028 python3        2650193 nvme1n1 WS   1656121088 131072    3.372
22:55:40.028 python3        2650193 nvme1n1 WS   1656121344 131072    3.444
22:55:40.028 python3        2650193 nvme1n1 WS   1656121600 131072    3.491
22:55:40.028 python3        2650192 nvme1n1 WS   1656128000 131072    3.575
22:55:40.029 python3        2650192 nvme1n1 WS   1656128256 131072    3.640
22:55:40.029 python3        2650192 nvme1n1 WS   1656128512 131072    3.714
22:55:40.029 python3        2650192 nvme1n1 WS   1656128768 131072    3.790
22:55:40.029 python3        2650193 nvme1n1 WS   1656121856 131072    3.876
22:55:40.029 python3        2650193 nvme1n1 WS   1656122112 131072    3.951
22:55:40.029 python3        2650193 nvme1n1 WS   1656122368 131072    4.021
22:55:40.029 python3        2650193 nvme1n1 WS   1656122624 131072    4.094
22:55:40.029 python3        2650193 nvme1n1 WS   1656122880 131072    4.181
22:55:40.029 python3        2650192 nvme1n1 WS   1656129024 131072    4.252
22:55:40.029 python3        2650192 nvme1n1 WS   1656129280 131072    4.326
22:55:40.029 python3        2650192 nvme1n1 WS   1656129536 131072    4.399
22:55:40.029 python3        2650193 nvme1n1 WS   1656123136 131072    4.455
22:55:40.029 python3        2650193 nvme1n1 WS   1655988224 131072    4.531
22:55:40.029 python3        2650191 nvme1n1 WS   1656291840 131072    4.617
22:55:40.029 python3        2650191 nvme1n1 WS   1656292096 131072    4.686
22:55:40.030 python3        2650191 nvme1n1 WS   1656292352 131072    4.757
22:55:40.030 python3        2650191 nvme1n1 WS   1656292608 131072    4.832
22:55:40.030 python3        2650191 nvme1n1 WS   1656292864 131072    4.906
22:55:40.030 python3        2650192 nvme1n1 WS   1656129792 131072    4.989
22:55:40.030 python3        2650192 nvme1n1 WS   1656130048 131072    5.066
22:55:40.030 python3        2650192 nvme1n1 WS   1656130304 131072    5.140
22:55:40.030 python3        2650192 nvme1n1 WS   1656130560 131072    5.212
22:55:40.030 python3        2650191 nvme1n1 WS   1656293120 131072    5.295
22:55:40.030 python3        2650191 nvme1n1 WS   1656293376 131072    5.369
22:55:40.030 python3        2650192 nvme1n1 WS   1656130816 131072    5.444
22:55:40.030 python3        2650192 nvme1n1 WS   1656131072 131072    5.517
22:55:40.030 python3        2650191 nvme1n1 WS   1656293632 131072    5.572
22:55:40.031 python3        2650191 nvme1n1 WS   1656293888 131072    5.680
22:55:40.031 python3        2650191 nvme1n1 WS   1656294144 131072    5.754
22:55:40.031 python3        2650191 nvme1n1 WS   1656294400 131072    5.831
22:55:40.031 python3        2650191 nvme1n1 WS   1656294656 131072    5.913
22:55:40.031 python3        2650191 nvme1n1 WS   1656294912 131072    5.981
22:55:40.031 python3        2650192 nvme1n1 WS   1656131328 131072    6.071
22:55:40.031 python3        2650192 nvme1n1 WS   1655991808 131072    6.143
22:55:40.031 python3        2650191 nvme1n1 WS   1656295168 131072    6.190
22:55:40.031 python3        2650191 nvme1n1 WS   1656225792 131072    6.264
22:55:40.031 python3        2650193 nvme1n1 WS   1655988480 131072    6.319
22:55:40.031 python3        2650193 nvme1n1 WS   1655993344 131072    6.389
22:55:40.031 python3        2650194 nvme1n1 WS   1656136192 131072    6.471
22:55:40.032 python3        2650193 nvme1n1 WS   1655993600 131072    6.543
22:55:40.032 python3        2650194 nvme1n1 WS   1656136448 131072    6.597
22:55:40.032 python3        2650194 nvme1n1 WS   1656136704 131072    6.672
22:55:40.032 python3        2650194 nvme1n1 WS   1656136960 131072    6.743
22:55:40.032 python3        2650194 nvme1n1 WS   1656137216 131072    6.818
22:55:40.032 python3        2650194 nvme1n1 WS   1656137472 131072    6.892
22:55:40.032 python3        2650194 nvme1n1 WS   1656137728 131072    6.976
22:55:40.032 python3        2650194 nvme1n1 WS   1656137984 131072    7.012
22:55:40.032 python3        2650194 nvme1n1 WS   1656138240 131072    7.089
22:55:40.032 python3        2650194 nvme1n1 WS   1656138496 131072    7.166
22:55:40.032 python3        2650194 nvme1n1 WS   1656138752 131072    7.241
22:55:40.032 python3        2650192 nvme1n1 WS   1655992064 131072    7.323
22:55:40.032 python3        2650194 nvme1n1 WS   1656139008 131072    7.398
22:55:40.033 python3        2650194 nvme1n1 WS   1656139264 131072    7.484
22:55:40.033 python3        2650192 nvme1n1 WS   1656009728 131072    7.568
22:55:40.033 python3        2650192 nvme1n1 WS   1656009984 131072    7.634
22:55:40.033 python3        2650191 nvme1n1 WS   1656226048 131072    7.702
22:55:40.033 python3        2650191 nvme1n1 WS   1656248320 131072    7.773
22:55:40.033 python3        2650191 nvme1n1 WS   1656248576 131072    7.850
22:55:40.033 python3        2650194 nvme1n1 WS   1656139520 131072    7.917
22:55:40.033 python3        2650194 nvme1n1 WS   1656000512 131072    7.992
22:55:40.033 python3        2650191 nvme1n1 WS   1656300032 131072    8.070
22:55:40.033 python3        2650191 nvme1n1 WS   1656300288 131072    8.146
22:55:40.033 python3        2650191 nvme1n1 WS   1656300544 131072    8.222
22:55:40.033 python3        2650191 nvme1n1 WS   1656300800 131072    8.296
22:55:40.033 python3        2650191 nvme1n1 WS   1656301056 131072    8.375
22:55:40.034 python3        2650191 nvme1n1 WS   1656301312 131072    8.450
22:55:40.034 python3        2650191 nvme1n1 WS   1656301568 131072    8.521
22:55:40.034 python3        2650191 nvme1n1 WS   1656301824 131072    8.570
22:55:40.034 python3        2650191 nvme1n1 WS   1656302080 131072    8.641
22:55:40.034 python3        2650191 nvme1n1 WS   1656302336 131072    8.720
22:55:40.034 python3        2650191 nvme1n1 WS   1656302592 131072    8.795
22:55:40.034 python3        2650191 nvme1n1 WS   1656302848 131072    8.872
22:55:40.034 python3        2650191 nvme1n1 WS   1656303104 131072    8.949
22:55:40.034 python3        2650192 nvme1n1 WS   1656144384 131072    9.032
22:55:40.034 python3        2650192 nvme1n1 WS   1656144640 131072    9.103
22:55:40.034 python3        2650192 nvme1n1 WS   1656144896 131072    9.174
22:55:40.034 python3        2650192 nvme1n1 WS   1656145152 131072    9.254
22:55:40.035 python3        2650192 nvme1n1 WS   1656145408 131072    9.332
22:55:40.035 python3        2650192 nvme1n1 WS   1656145664 131072    9.408
22:55:40.035 python3        2650192 nvme1n1 WS   1656145920 131072    9.482
22:55:40.035 python3        2650192 nvme1n1 WS   1656146176 131072    9.540
22:55:40.035 python3        2650191 nvme1n1 WS   1656303360 131072    9.643
22:55:40.035 python3        2650191 nvme1n1 WS   1656229376 131072    9.711
22:55:40.035 python3        2650192 nvme1n1 WS   1656146432 131072    9.761
22:55:40.035 python3        2650192 nvme1n1 WS   1656146688 131072    9.833
22:55:40.035 python3        2650192 nvme1n1 WS   1656146944 131072    9.910
22:55:40.035 python3        2650192 nvme1n1 WS   1656147200 131072    9.983
22:55:40.035 python3        2650192 nvme1n1 WS   1656147456 131072   10.059
22:55:40.035 python3        2650194 nvme1n1 WS   1656000768 131072   10.146
22:55:40.035 python3        2650194 nvme1n1 WS   1656026112 131072   10.256
22:55:40.036 python3        2650194 nvme1n1 WS   1656026368 131072   10.330
22:55:40.036 python3        2650192 nvme1n1 WS   1656147712 131072   10.387
22:55:40.036 python3        2650192 nvme1n1 WS   1656004096 131072   10.466
22:55:40.036 python3        2650191 nvme1n1 WS   1656152576 131072   10.504
22:55:40.036 python3        2650191 nvme1n1 WS   1656152832 131072   10.574
22:55:40.036 python3        2650191 nvme1n1 WS   1656153088 131072   10.648
22:55:40.036 python3        2650191 nvme1n1 WS   1656153344 131072   10.729
22:55:40.036 python3        2650191 nvme1n1 WS   1656153600 131072   10.804
22:55:40.036 python3        2650191 nvme1n1 WS   1656153856 131072   10.885
22:55:40.036 python3        2650191 nvme1n1 WS   1656154112 131072   10.957
22:55:40.036 python3        2650191 nvme1n1 WS   1656229632 131072   11.038
22:55:40.036 python3        2650191 nvme1n1 WS   1656312320 131072   11.113
22:55:40.037 python3        2650191 nvme1n1 WS   1656312576 131072   11.187
22:55:40.037 python3        2650191 nvme1n1 WS   1656154368 131072   11.249
22:55:40.037 python3        2650191 nvme1n1 WS   1656154624 131072   11.316
22:55:40.037 python3        2650191 nvme1n1 WS   1656154880 131072   11.391
22:55:40.037 python3        2650191 nvme1n1 WS   1656155136 131072   11.470
22:55:40.037 python3        2650191 nvme1n1 WS   1656155392 131072   11.550
22:55:40.037 python3        2650191 nvme1n1 WS   1656155648 131072   11.632
22:55:40.037 python3        2650192 nvme1n1 WS   1656004352 131072   11.702
22:55:40.037 python3        2650192 nvme1n1 WS   1656030208 131072   11.776
22:55:40.037 python3        2650192 nvme1n1 WS   1656030464 131072   11.851
22:55:40.037 python3        2650191 nvme1n1 WS   1656155904 131072   11.912
22:55:40.037 python3        2650191 nvme1n1 WS   1656004608 131072   11.985
22:55:40.037 python3        2650191 nvme1n1 WS   1656004864 131072   11.943
22:55:40.038 python3        2650191 nvme1n1 WS   1656038400 131072   12.020
22:55:40.038 python3        2650191 nvme1n1 WS   1656038656 131072   12.100
22:55:40.038 python3        2650194 nvme1n1 WS   1656160768 131072   11.724
22:55:40.038 python3        2650194 nvme1n1 WS   1656161024 131072   11.794
22:55:40.038 python3        2650194 nvme1n1 WS   1656161280 131072   11.870
22:55:40.038 python3        2650194 nvme1n1 WS   1656161536 131072   11.955
22:55:40.038 python3        2650194 nvme1n1 WS   1656161792 131072   12.025
22:55:40.038 python3        2650194 nvme1n1 WS   1656162048 131072   12.097
22:55:40.038 python3        2650194 nvme1n1 WS   1656162304 131072   12.172
22:55:40.038 python3        2650194 nvme1n1 WS   1656162560 131072   12.236
22:55:40.038 python3        2650194 nvme1n1 WS   1656162816 131072   12.304
22:55:40.038 python3        2650194 nvme1n1 WS   1656163072 131072   12.381
22:55:40.039 python3        2650194 nvme1n1 WS   1656163328 131072   12.468
22:55:40.039 python3        2650194 nvme1n1 WS   1656163584 131072   12.531
22:55:40.039 python3        2650194 nvme1n1 WS   1656163840 131072   12.608
22:55:40.039 python3        2650194 nvme1n1 WS   1656164096 131072   12.666
22:55:40.039 python3        2650194 nvme1n1 WS   1655966208 131072   12.739
22:55:40.039 python3        2650194 nvme1n1 WS   1655966464 131072   12.690
22:55:40.039 python3        2650194 nvme1n1 WS   1656316416 131072   12.766
22:55:40.039 python3        2650194 nvme1n1 WS   1656316672 131072   12.843
22:55:40.039 python3        2650192 nvme1n1 WS   1656168960 131072   12.848
22:55:40.039 python3        2650192 nvme1n1 WS   1656169216 131072   12.915
22:55:40.039 python3        2650192 nvme1n1 WS   1656169472 131072   12.989
22:55:40.039 python3        2650192 nvme1n1 WS   1656169728 131072   13.065
22:55:40.039 python3        2650192 nvme1n1 WS   1656169984 131072   13.141
22:55:40.040 python3        2650192 nvme1n1 WS   1656170240 131072   13.219
22:55:40.040 python3        2650192 nvme1n1 WS   1656170496 131072   13.297
22:55:40.040 python3        2650192 nvme1n1 WS   1656170752 131072   13.351
22:55:40.040 python3        2650192 nvme1n1 WS   1656171008 131072   13.432
22:55:40.040 python3        2650192 nvme1n1 WS   1656171264 131072   13.502
22:55:40.040 python3        2650192 nvme1n1 WS   1656171520 131072   13.576
22:55:40.040 python3        2650192 nvme1n1 WS   1656171776 131072   13.654
22:55:40.040 python3        2650192 nvme1n1 WS   1656172032 131072   13.730
22:55:40.040 python3        2650192 nvme1n1 WS   1656172288 131072   13.786
22:55:40.040 python3        2650192 nvme1n1 WS   1656008192 131072   13.861
22:55:40.040 python3        2650192 nvme1n1 WS   1656177152 131072   13.912
22:55:40.041 python3        2650192 nvme1n1 WS   1656177408 131072   14.011
22:55:40.041 python3        2650192 nvme1n1 WS   1656177664 131072   14.076
22:55:40.041 python3        2650192 nvme1n1 WS   1656177920 131072   14.146
22:55:40.041 python3        2650192 nvme1n1 WS   1656178176 131072   14.218
22:55:40.041 python3        2650192 nvme1n1 WS   1656178432 131072   14.291
22:55:40.041 python3        2650192 nvme1n1 WS   1656178688 131072   14.367
22:55:40.041 python3        2650192 nvme1n1 WS   1656178944 131072   14.412
22:55:40.041 python3        2650192 nvme1n1 WS   1656179200 131072   14.486
22:55:40.041 python3        2650192 nvme1n1 WS   1656179456 131072   14.561
22:55:40.041 python3        2650192 nvme1n1 WS   1656179712 131072   14.637
22:55:40.041 python3        2650192 nvme1n1 WS   1656179968 131072   14.715
22:55:40.041 python3        2650192 nvme1n1 WS   1656180224 131072   14.790
22:55:40.041 python3        2650192 nvme1n1 WS   1656008448 131072   14.870
22:55:40.041 python3        2650192 nvme1n1 WS   1656324608 131072   14.947
22:55:40.042 python3        2650192 nvme1n1 WS   1656324864 131072   15.020
22:55:40.042 python3        2650191 nvme1n1 WS   1656185344 131072   15.092
22:55:40.042 python3        2650191 nvme1n1 WS   1656185600 131072   15.164
22:55:40.042 python3        2650192 nvme1n1 WS   1656180480 131072   15.243
22:55:40.042 python3        2650192 nvme1n1 WS   1656016896 131072   15.317
22:55:40.042 python3        2650191 nvme1n1 WS   1656185856 131072   15.401
22:55:40.042 python3        2650191 nvme1n1 WS   1656186112 131072   15.474
22:55:40.042 python3        2650191 nvme1n1 WS   1656186368 131072   15.549
22:55:40.042 python3        2650191 nvme1n1 WS   1656186624 131072   15.628
22:55:40.042 python3        2650191 nvme1n1 WS   1656186880 131072   15.704
22:55:40.042 python3        2650191 nvme1n1 WS   1656187136 131072   15.755
22:55:40.043 python3        2650191 nvme1n1 WS   1656187392 131072   15.835
22:55:40.043 python3        2650191 nvme1n1 WS   1656187648 131072   15.907
22:55:40.043 python3        2650191 nvme1n1 WS   1656187904 131072   15.986
22:55:40.043 python3        2650191 nvme1n1 WS   1656188160 131072   16.056
22:55:40.043 python3        2650191 nvme1n1 WS   1656188416 131072   16.134
22:55:40.043 python3        2650191 nvme1n1 WS   1656188672 131072   16.185
22:55:40.043 python3        2650191 nvme1n1 WS   1656020480 131072   16.254
22:55:40.043 python3        2650193 nvme1n1 WS   1656193536 131072   16.334
22:55:40.043 python3        2650193 nvme1n1 WS   1656193792 131072   16.408
22:55:40.043 python3        2650193 nvme1n1 WS   1656194048 131072   16.479
22:55:40.043 python3        2650193 nvme1n1 WS   1656194304 131072   16.551
22:55:40.043 python3        2650193 nvme1n1 WS   1656194560 131072   16.626
22:55:40.043 python3        2650193 nvme1n1 WS   1656194816 131072   16.702
22:55:40.043 python3        2650193 nvme1n1 WS   1656195072 131072   16.784
22:55:40.044 python3        2650192 nvme1n1 WS   1656017152 131072   16.864
22:55:40.044 python3        2650192 nvme1n1 WS   1656332800 131072   16.928
22:55:40.044 python3        2650192 nvme1n1 WS   1656333056 131072   17.008
22:55:40.044 python3        2650193 nvme1n1 WS   1656195328 131072   17.056
22:55:40.044 python3        2650193 nvme1n1 WS   1656195584 131072   17.129
22:55:40.044 python3        2650193 nvme1n1 WS   1656195840 131072   17.202
22:55:40.044 python3        2650193 nvme1n1 WS   1656196096 131072   17.294
22:55:40.044 python3        2650193 nvme1n1 WS   1656196352 131072   17.366
22:55:40.044 python3        2650193 nvme1n1 WS   1656196608 131072   17.434
22:55:40.044 python3        2650193 nvme1n1 WS   1656196864 131072   17.481
22:55:40.044 python3        2650193 nvme1n1 WS   1656201728 131072   17.553
22:55:40.044 python3        2650191 nvme1n1 WS   1656020736 131072   17.616
22:55:40.044 python3        2650191 nvme1n1 WS   1656340992 131072   17.690
22:55:40.045 python3        2650191 nvme1n1 WS   1656341248 131072   17.770
22:55:40.045 python3        2650193 nvme1n1 WS   1656201984 131072   17.754
22:55:40.045 python3        2650193 nvme1n1 WS   1656349184 131072   17.828
22:55:40.045 python3        2650193 nvme1n1 WS   1656349440 131072   17.903
22:55:40.045 python3        2650193 nvme1n1 WS   1656209920 131072   17.771
22:55:40.045 python3        2650193 nvme1n1 WS   1656210176 131072   17.844
22:55:40.045 python3        2650193 nvme1n1 WS   1656210432 131072   17.922
22:55:40.045 python3        2650193 nvme1n1 WS   1656210688 131072   17.995
22:55:40.045 python3        2650193 nvme1n1 WS   1656210944 131072   18.074
22:55:40.045 python3        2650193 nvme1n1 WS   1656211200 131072   18.156
22:55:40.045 python3        2650193 nvme1n1 WS   1656211456 131072   18.262
22:55:40.045 python3        2650193 nvme1n1 WS   1656211712 131072   18.311
22:55:40.046 python3        2650193 nvme1n1 WS   1656211968 131072   18.390
22:55:40.046 python3        2650193 nvme1n1 WS   1656212224 131072   18.473
22:55:40.046 python3        2650193 nvme1n1 WS   1656212480 131072   18.538
22:55:40.046 python3        2650193 nvme1n1 WS   1656212736 131072   18.619
22:55:40.046 python3        2650193 nvme1n1 WS   1656212992 131072   18.686
22:55:40.046 python3        2650193 nvme1n1 WS   1656213248 131072   18.739
22:55:40.046 python3        2650193 nvme1n1 WS   1656218112 131072   18.815
22:55:40.046 python3        2650193 nvme1n1 WS   1656218368 131072   18.763
22:55:40.046 python3        2650193 nvme1n1 WS   1656607232 131072   18.840
22:55:40.046 python3        2650193 nvme1n1 WS   1656607488 131072   18.914
22:55:40.046 python3        2650193 nvme1n1 WS   1656357376 131072   18.742
22:55:40.046 python3        2650193 nvme1n1 WS   1656357632 131072   18.821
22:55:40.046 python3        2650193 nvme1n1 WS   1656357888 131072   18.895
22:55:40.047 python3        2650193 nvme1n1 WS   1656358144 131072   18.969
22:55:40.047 python3        2650193 nvme1n1 WS   1656358400 131072   19.045
22:55:40.047 python3        2650193 nvme1n1 WS   1656358656 131072   19.119
22:55:40.047 python3        2650193 nvme1n1 WS   1656358912 131072   19.192
22:55:40.047 python3        2650193 nvme1n1 WS   1656359168 131072   19.239
22:55:40.047 python3        2650193 nvme1n1 WS   1656359424 131072   19.315
22:55:40.047 python3        2650193 nvme1n1 WS   1656359680 131072   19.388
22:55:40.047 python3        2650193 nvme1n1 WS   1656359936 131072   19.462
22:55:40.047 python3        2650193 nvme1n1 WS   1656360192 131072   19.544
22:55:40.047 python3        2650193 nvme1n1 WS   1656360448 131072   19.616
22:55:40.047 python3        2650193 nvme1n1 WS   1656360704 131072   19.683
22:55:40.047 python3        2650193 nvme1n1 WS   1656237568 131072   19.738
22:55:40.048 python3        2650193 nvme1n1 WS   1656237824 131072   19.689
22:55:40.048 python3        2650193 nvme1n1 WS   1656615424 131072   19.763
22:55:40.048 python3        2650193 nvme1n1 WS   1656615680 131072   19.840
22:55:40.048 python3        2650194 nvme1n1 WS   1656365568 131072   19.094
22:55:40.048 python3        2650194 nvme1n1 WS   1656365824 131072   19.163
22:55:40.048 python3        2650194 nvme1n1 WS   1656366080 131072   19.240
22:55:40.048 python3        2650194 nvme1n1 WS   1656366336 131072   19.317
22:55:40.048 python3        2650194 nvme1n1 WS   1656366592 131072   19.390
22:55:40.048 python3        2650194 nvme1n1 WS   1656366848 131072   19.489
22:55:40.049 python3        2650194 nvme1n1 WS   1656367104 131072   19.616
22:55:40.049 python3        2650194 nvme1n1 WS   1656367360 131072   19.717
22:55:40.049 python3        2650194 nvme1n1 WS   1656367616 131072   19.841
22:55:40.049 python3        2650194 nvme1n1 WS   1656367872 131072   19.968
22:55:40.049 python3        2650194 nvme1n1 WS   1656368128 131072   20.104
22:55:40.049 python3        2650194 nvme1n1 WS   1656368384 131072   20.258
22:55:40.049 python3        2650194 nvme1n1 WS   1656368640 131072   20.385
22:55:40.049 python3        2650194 nvme1n1 WS   1656368896 131072   20.497
22:55:40.049 python3        2650194 nvme1n1 WS   1656242176 131072   20.629
22:55:40.050 python3        2650194 nvme1n1 WS   1656242432 131072   20.600
22:55:40.050 python3        2650194 nvme1n1 WS   1656623616 131072   20.721
22:55:40.050 python3        2650194 nvme1n1 WS   1656623872 131072   20.809
22:55:40.050 python3        2650194 nvme1n1 WS   1656373760 131072   20.644
22:55:40.050 python3        2650194 nvme1n1 WS   1656374016 131072   20.725
22:55:40.050 python3        2650194 nvme1n1 WS   1656374272 131072   20.807
22:55:40.050 python3        2650194 nvme1n1 WS   1656374528 131072   20.891
22:55:40.050 python3        2650194 nvme1n1 WS   1656374784 131072   20.964
22:55:40.050 python3        2650194 nvme1n1 WS   1656375040 131072   21.041
22:55:40.050 python3        2650194 nvme1n1 WS   1656375296 131072   21.120
22:55:40.050 python3        2650194 nvme1n1 WS   1656375552 131072   21.165
22:55:40.050 python3        2650194 nvme1n1 WS   1656375808 131072   21.239
22:55:40.051 python3        2650194 nvme1n1 WS   1656376064 131072   21.314
22:55:40.051 python3        2650194 nvme1n1 WS   1656376320 131072   21.390
22:55:40.051 python3        2650194 nvme1n1 WS   1656376576 131072   21.470
22:55:40.051 python3        2650194 nvme1n1 WS   1656376832 131072   21.542
22:55:40.051 python3        2650194 nvme1n1 WS   1656377088 131072   21.605
22:55:40.051 python3        2650194 nvme1n1 WS   1656245760 131072   21.726
22:55:40.051 python3        2650194 nvme1n1 WS   1656246016 131072   21.730
22:55:40.051 python3        2650194 nvme1n1 WS   1656631808 131072   21.845
22:55:40.051 python3        2650194 nvme1n1 WS   1656632064 131072   21.945
22:55:40.051 python3        2650193 nvme1n1 WS   1656381952 131072   18.890
22:55:40.051 python3        2650193 nvme1n1 WS   1656382208 131072   18.962
22:55:40.052 python3        2650193 nvme1n1 WS   1656382464 131072   19.038
22:55:40.052 python3        2650193 nvme1n1 WS   1656382720 131072   19.114
22:55:40.052 python3        2650193 nvme1n1 WS   1656382976 131072   19.192
22:55:40.052 python3        2650193 nvme1n1 WS   1656383232 131072   19.268
22:55:40.052 python3        2650193 nvme1n1 WS   1656383488 131072   19.348
22:55:40.052 python3        2650193 nvme1n1 WS   1656383744 131072   19.408
22:55:40.052 python3        2650193 nvme1n1 WS   1656384000 131072   19.483
22:55:40.052 python3        2650193 nvme1n1 WS   1656384256 131072   19.560
22:55:40.052 python3        2650193 nvme1n1 WS   1656384512 131072   19.625
22:55:40.052 python3        2650193 nvme1n1 WS   1656384768 131072   19.681
22:55:40.052 python3        2650193 nvme1n1 WS   1656385024 131072   19.809
22:55:40.052 python3        2650193 nvme1n1 WS   1656385280 131072   19.872
22:55:40.053 python3        2650193 nvme1n1 WS   1656250368 131072   19.950
22:55:40.053 python3        2650193 nvme1n1 WS   1656250624 131072   19.946
22:55:40.053 python3        2650193 nvme1n1 WS   1656640000 131072   20.018
22:55:40.053 python3        2650193 nvme1n1 WS   1656640256 131072   20.097
22:55:40.053 python3        2650191 nvme1n1 WS   1656390144 131072   18.439
22:55:40.053 python3        2650191 nvme1n1 WS   1656390400 131072   18.502
22:55:40.053 python3        2650191 nvme1n1 WS   1656390656 131072   18.578
22:55:40.053 python3        2650191 nvme1n1 WS   1656390912 131072   18.645
22:55:40.053 python3        2650191 nvme1n1 WS   1656391168 131072   18.723
22:55:40.053 python3        2650191 nvme1n1 WS   1656391424 131072   18.799
22:55:40.053 python3        2650191 nvme1n1 WS   1656391680 131072   18.873
22:55:40.053 python3        2650191 nvme1n1 WS   1656391936 131072   18.919
22:55:40.054 python3        2650191 nvme1n1 WS   1656392192 131072   18.992
22:55:40.054 python3        2650191 nvme1n1 WS   1656392448 131072   19.067
22:55:40.054 python3        2650191 nvme1n1 WS   1656392704 131072   19.140
22:55:40.054 python3        2650191 nvme1n1 WS   1656392960 131072   19.212
22:55:40.054 python3        2650191 nvme1n1 WS   1656393216 131072   19.291
22:55:40.054 python3        2650191 nvme1n1 WS   1656393472 131072   19.339
22:55:40.054 python3        2650191 nvme1n1 WS   1656248832 131072   19.416
22:55:40.054 python3        2650192 nvme1n1 WS   1656398336 131072   19.346
22:55:40.054 python3        2650192 nvme1n1 WS   1656398592 131072   19.416
22:55:40.054 python3        2650192 nvme1n1 WS   1656398848 131072   19.493
22:55:40.054 python3        2650192 nvme1n1 WS   1656399104 131072   19.571
22:55:40.054 python3        2650192 nvme1n1 WS   1656399360 131072   19.646
22:55:40.054 python3        2650192 nvme1n1 WS   1656399616 131072   19.722
22:55:40.054 python3        2650192 nvme1n1 WS   1656399872 131072   19.797
22:55:40.055 python3        2650191 nvme1n1 WS   1656249088 131072   19.871
22:55:40.055 python3        2650191 nvme1n1 WS   1656648192 131072   19.947
22:55:40.055 python3        2650191 nvme1n1 WS   1656648448 131072   20.014
22:55:40.055 python3        2650192 nvme1n1 WS   1656400128 131072   20.074
22:55:40.055 python3        2650192 nvme1n1 WS   1656400384 131072   20.137
22:55:40.055 python3        2650192 nvme1n1 WS   1656400640 131072   20.197
22:55:40.055 python3        2650192 nvme1n1 WS   1656400896 131072   20.301
22:55:40.055 python3        2650192 nvme1n1 WS   1656401152 131072   20.428
22:55:40.055 python3        2650192 nvme1n1 WS   1656401408 131072   20.567
22:55:40.055 python3        2650192 nvme1n1 WS   1656401664 131072   20.697
22:55:40.056 python3        2650192 nvme1n1 WS   1656253952 131072   20.841
22:55:40.056 python3        2650192 nvme1n1 WS   1656254208 131072   20.896
22:55:40.056 python3        2650192 nvme1n1 WS   1656656384 131072   21.041
22:55:40.056 python3        2650192 nvme1n1 WS   1656656640 131072   21.185
22:55:40.056 python3        2650194 nvme1n1 WS   1656414720 131072   19.293
22:55:40.056 python3        2650194 nvme1n1 WS   1656414976 131072   19.403
22:55:40.056 python3        2650194 nvme1n1 WS   1656415232 131072   19.471
22:55:40.056 python3        2650194 nvme1n1 WS   1656415488 131072   19.548
22:55:40.057 python3        2650194 nvme1n1 WS   1656415744 131072   19.656
22:55:40.057 python3        2650194 nvme1n1 WS   1656416000 131072   19.730
22:55:40.057 python3        2650194 nvme1n1 WS   1656416256 131072   19.805
22:55:40.057 python3        2650194 nvme1n1 WS   1656416512 131072   19.858
22:55:40.057 python3        2650194 nvme1n1 WS   1656416768 131072   19.933
22:55:40.057 python3        2650194 nvme1n1 WS   1656417024 131072   20.016
22:55:40.057 python3        2650194 nvme1n1 WS   1656417280 131072   20.085
22:55:40.057 python3        2650194 nvme1n1 WS   1656417536 131072   20.196
22:55:40.057 python3        2650194 nvme1n1 WS   1656417792 131072   20.322
22:55:40.057 python3        2650194 nvme1n1 WS   1656418048 131072   20.404
22:55:40.058 python3        2650194 nvme1n1 WS   1656258560 131072   20.530
22:55:40.058 python3        2650194 nvme1n1 WS   1656258816 131072   20.543
22:55:40.058 python3        2650194 nvme1n1 WS   1656820992 131072   20.681
22:55:40.058 python3        2650194 nvme1n1 WS   1656821248 131072   20.824
22:55:40.058 python3        2650191 nvme1n1 WS   1656422912 131072   20.073
22:55:40.058 python3        2650191 nvme1n1 WS   1656423168 131072   20.216
22:55:40.058 python3        2650191 nvme1n1 WS   1656423424 131072   20.347
22:55:40.058 python3        2650191 nvme1n1 WS   1656423680 131072   20.462
22:55:40.059 python3        2650191 nvme1n1 WS   1656423936 131072   20.549
22:55:40.059 python3        2650191 nvme1n1 WS   1656424192 131072   20.626
22:55:40.059 python3        2650191 nvme1n1 WS   1656424448 131072   20.706
22:55:40.059 python3        2650191 nvme1n1 WS   1656424704 131072   20.765
22:55:40.059 python3        2650191 nvme1n1 WS   1656424960 131072   20.844
22:55:40.059 python3        2650191 nvme1n1 WS   1656425216 131072   20.927
22:55:40.059 python3        2650191 nvme1n1 WS   1656425472 131072   21.002
22:55:40.059 python3        2650191 nvme1n1 WS   1656425728 131072   21.083
22:55:40.059 python3        2650191 nvme1n1 WS   1656425984 131072   21.159
22:55:40.059 python3        2650191 nvme1n1 WS   1656426240 131072   21.211
22:55:40.059 python3        2650191 nvme1n1 WS   1656262144 131072   21.286
22:55:40.059 python3        2650191 nvme1n1 WS   1656262400 131072   21.247
22:55:40.060 python3        2650191 nvme1n1 WS   1656828672 131072   21.328
22:55:40.060 python3        2650191 nvme1n1 WS   1656828928 131072   21.405
22:55:40.060 python3        2650192 nvme1n1 WS   1673655040 131072   19.460
22:55:40.060 python3        2650192 nvme1n1 WS   1673655296 131072   19.530
22:55:40.060 python3        2650192 nvme1n1 WS   1673655552 131072   19.605
22:55:40.060 python3        2650192 nvme1n1 WS   1673655808 131072   19.686
22:55:40.060 python3        2650192 nvme1n1 WS   1673656064 131072   19.754
22:55:40.060 python3        2650192 nvme1n1 WS   1673656320 131072   19.833
22:55:40.060 python3        2650192 nvme1n1 WS   1673656576 131072   19.908
22:55:40.060 python3        2650192 nvme1n1 WS   1673656832 131072   19.955
22:55:40.060 python3        2650192 nvme1n1 WS   1673657088 131072   20.027
22:55:40.060 python3        2650192 nvme1n1 WS   1673657344 131072   20.105
22:55:40.061 python3        2650192 nvme1n1 WS   1673657600 131072   20.184
22:55:40.061 python3        2650192 nvme1n1 WS   1673657856 131072   20.259
22:55:40.061 python3        2650192 nvme1n1 WS   1673658112 131072   20.337
22:55:40.061 python3        2650192 nvme1n1 WS   1673658368 131072   20.388
22:55:40.061 python3        2650192 nvme1n1 WS   1673796096 131072   20.461
22:55:40.061 python3        2650192 nvme1n1 WS   1673796352 131072   20.422
22:55:40.061 python3        2650192 nvme1n1 WS   1673810944 131072   20.495
22:55:40.061 python3        2650192 nvme1n1 WS   1673811200 131072   20.571
22:55:40.061 python3        2650191 nvme1n1 WS   1656435200 131072   18.361
22:55:40.061 python3        2650191 nvme1n1 WS   1656435456 131072   18.434
22:55:40.061 python3        2650191 nvme1n1 WS   1656435712 131072   18.508
22:55:40.061 python3        2650191 nvme1n1 WS   1656435968 131072   18.584
22:55:40.061 python3        2650191 nvme1n1 WS   1656436224 131072   18.663
22:55:40.062 python3        2650191 nvme1n1 WS   1656436480 131072   18.738
22:55:40.062 python3        2650191 nvme1n1 WS   1656436736 131072   18.812
22:55:40.062 python3        2650191 nvme1n1 WS   1656436992 131072   18.864
22:55:40.062 python3        2650191 nvme1n1 WS   1656437248 131072   18.943
22:55:40.062 python3        2650191 nvme1n1 WS   1656437504 131072   19.018
22:55:40.062 python3        2650191 nvme1n1 WS   1656437760 131072   19.093
22:55:40.062 python3        2650191 nvme1n1 WS   1656438016 131072   19.169
22:55:40.062 python3        2650191 nvme1n1 WS   1656438272 131072   19.280
22:55:40.062 python3        2650191 nvme1n1 WS   1656438528 131072   19.334
22:55:40.062 python3        2650191 nvme1n1 WS   1656270336 131072   19.408
22:55:40.062 python3        2650191 nvme1n1 WS   1656270592 131072   19.351
22:55:40.062 python3        2650191 nvme1n1 WS   1656944512 131072   19.428
22:55:40.063 python3        2650191 nvme1n1 WS   1656944768 131072   19.507
22:55:40.063 python3        2650194 nvme1n1 WS   1673663232 131072   19.192
22:55:40.063 python3        2650194 nvme1n1 WS   1673663488 131072   19.260
22:55:40.063 python3        2650194 nvme1n1 WS   1673663744 131072   19.334
22:55:40.063 python3        2650194 nvme1n1 WS   1673664000 131072   19.410
22:55:40.063 python3        2650194 nvme1n1 WS   1673664256 131072   19.487
22:55:40.063 python3        2650194 nvme1n1 WS   1673664512 131072   19.561
22:55:40.063 python3        2650194 nvme1n1 WS   1673664768 131072   19.638
22:55:40.063 python3        2650194 nvme1n1 WS   1673665024 131072   19.688
22:55:40.063 python3        2650194 nvme1n1 WS   1673665280 131072   19.759
22:55:40.063 python3        2650194 nvme1n1 WS   1673665536 131072   19.836
22:55:40.063 python3        2650194 nvme1n1 WS   1673665792 131072   19.914
22:55:40.063 python3        2650194 nvme1n1 WS   1673666048 131072   19.987
22:55:40.064 python3        2650194 nvme1n1 WS   1673666304 131072   20.063
22:55:40.064 python3        2650194 nvme1n1 WS   1673666560 131072   20.112
22:55:40.064 python3        2650194 nvme1n1 WS   1673818624 131072   20.187
22:55:40.064 python3        2650194 nvme1n1 WS   1673818880 131072   20.142
22:55:40.064 python3        2650194 nvme1n1 WS   1673819136 131072   20.214
22:55:40.064 python3        2650194 nvme1n1 WS   1673819392 131072   20.303
22:55:40.064 python3        2650192 nvme1n1 WS   1673671424 131072   20.123
22:55:40.064 python3        2650192 nvme1n1 WS   1673671680 131072   20.227
22:55:40.064 python3        2650192 nvme1n1 WS   1673671936 131072   20.348
22:55:40.064 python3        2650192 nvme1n1 WS   1673672192 131072   20.473
22:55:40.065 python3        2650192 nvme1n1 WS   1673672448 131072   20.597
22:55:40.065 python3        2650192 nvme1n1 WS   1673672704 131072   20.727
22:55:40.065 python3        2650192 nvme1n1 WS   1673672960 131072   20.858
22:55:40.065 python3        2650192 nvme1n1 WS   1673673216 131072   20.922
22:55:40.065 python3        2650192 nvme1n1 WS   1673673472 131072   20.999
22:55:40.065 python3        2650192 nvme1n1 WS   1673673728 131072   21.079
22:55:40.065 python3        2650192 nvme1n1 WS   1673673984 131072   21.161
22:55:40.065 python3        2650192 nvme1n1 WS   1673674240 131072   21.238
22:55:40.065 python3        2650192 nvme1n1 WS   1673674496 131072   21.316
22:55:40.065 python3        2650192 nvme1n1 WS   1673674752 131072   21.374
22:55:40.065 python3        2650192 nvme1n1 WS   1673825792 131072   21.447
22:55:40.066 python3        2650192 nvme1n1 WS   1673826048 131072   21.432
22:55:40.066 python3        2650192 nvme1n1 WS   1673826816 131072   21.508
22:55:40.066 python3        2650192 nvme1n1 WS   1673827072 131072   21.582
22:55:40.066 python3        2650192 nvme1n1 WS   1656443392 131072   20.265
22:55:40.066 python3        2650192 nvme1n1 WS   1656443648 131072   20.337
22:55:40.066 python3        2650192 nvme1n1 WS   1656443904 131072   20.419
22:55:40.066 python3        2650192 nvme1n1 WS   1656444160 131072   20.495
22:55:40.066 python3        2650192 nvme1n1 WS   1656444416 131072   20.578
22:55:40.066 python3        2650192 nvme1n1 WS   1656444672 131072   20.657
22:55:40.066 python3        2650192 nvme1n1 WS   1656444928 131072   20.732
22:55:40.066 python3        2650192 nvme1n1 WS   1656445184 131072   20.781
22:55:40.066 python3        2650192 nvme1n1 WS   1656445440 131072   20.856
22:55:40.067 python3        2650192 nvme1n1 WS   1656445696 131072   20.928
22:55:40.067 python3        2650192 nvme1n1 WS   1656445952 131072   21.002
22:55:40.067 python3        2650192 nvme1n1 WS   1656446208 131072   21.078
22:55:40.067 python3        2650192 nvme1n1 WS   1656446464 131072   21.154
22:55:40.067 python3        2650192 nvme1n1 WS   1656446720 131072   21.210
22:55:40.067 python3        2650192 nvme1n1 WS   1656274944 131072   21.289
22:55:40.067 python3        2650191 nvme1n1 WS   1656459776 131072   21.317
22:55:40.067 python3        2650191 nvme1n1 WS   1656460032 131072   21.385
22:55:40.067 python3        2650191 nvme1n1 WS   1656460288 131072   21.466
22:55:40.067 python3        2650191 nvme1n1 WS   1656460544 131072   21.532
22:55:40.067 python3        2650191 nvme1n1 WS   1656460800 131072   21.595
22:55:40.067 python3        2650191 nvme1n1 WS   1656461056 131072   21.756
22:55:40.068 python3        2650191 nvme1n1 WS   1656461312 131072   21.882
22:55:40.068 python3        2650191 nvme1n1 WS   1656461568 131072   21.979
22:55:40.068 python3        2650191 nvme1n1 WS   1656461824 131072   22.106
22:55:40.068 python3        2650191 nvme1n1 WS   1656462080 131072   22.229
22:55:40.068 python3        2650191 nvme1n1 WS   1656462336 131072   22.358
22:55:40.068 python3        2650192 nvme1n1 WS   1656275200 131072   22.491
22:55:40.068 python3        2650192 nvme1n1 WS   1656845056 131072   22.570
22:55:40.068 python3        2650192 nvme1n1 WS   1656845312 131072   22.648
22:55:40.069 python3        2650191 nvme1n1 WS   1656462592 131072   22.726
22:55:40.069 python3        2650191 nvme1n1 WS   1656462848 131072   22.805
22:55:40.069 python3        2650191 nvme1n1 WS   1656463104 131072   22.864
22:55:40.069 python3        2650191 nvme1n1 WS   1656278528 131072   22.946
22:55:40.069 python3        2650191 nvme1n1 WS   1656278784 131072   22.897
22:55:40.069 python3        2650191 nvme1n1 WS   1656853248 131072   22.972
22:55:40.069 python3        2650191 nvme1n1 WS   1656853504 131072   23.046
22:55:40.069 python3        2650193 nvme1n1 WS   1656472064 131072   20.469
22:55:40.069 python3        2650193 nvme1n1 WS   1656472320 131072   20.553
22:55:40.069 python3        2650193 nvme1n1 WS   1656472576 131072   20.613
22:55:40.069 python3        2650193 nvme1n1 WS   1656472832 131072   20.690
22:55:40.069 python3        2650193 nvme1n1 WS   1656473088 131072   20.763
22:55:40.069 python3        2650193 nvme1n1 WS   1656473344 131072   20.839
22:55:40.070 python3        2650193 nvme1n1 WS   1656473600 131072   20.931
22:55:40.070 python3        2650193 nvme1n1 WS   1656473856 131072   21.030
22:55:40.070 python3        2650193 nvme1n1 WS   1656474112 131072   21.119
22:55:40.070 python3        2650193 nvme1n1 WS   1656474368 131072   21.188
22:55:40.070 python3        2650193 nvme1n1 WS   1656474624 131072   21.290
22:55:40.070 python3        2650193 nvme1n1 WS   1656474880 131072   21.364
22:55:40.070 python3        2650193 nvme1n1 WS   1656475136 131072   21.448
22:55:40.070 python3        2650193 nvme1n1 WS   1656475392 131072   21.499
22:55:40.070 python3        2650193 nvme1n1 WS   1656286720 131072   21.568
22:55:40.070 python3        2650193 nvme1n1 WS   1656286976 131072   21.551
22:55:40.071 python3        2650193 nvme1n1 WS   1656607744 131072   21.678
22:55:40.071 python3        2650193 nvme1n1 WS   1656608000 131072   21.801
22:55:40.071 python3        2650193 nvme1n1 WS   1656480256 131072   20.780
22:55:40.071 python3        2650193 nvme1n1 WS   1656480512 131072   20.910
22:55:40.071 python3        2650193 nvme1n1 WS   1656480768 131072   21.042
22:55:40.071 python3        2650193 nvme1n1 WS   1656481024 131072   21.185
22:55:40.071 python3        2650193 nvme1n1 WS   1656481280 131072   21.326
22:55:40.072 python3        2650193 nvme1n1 WS   1656481536 131072   21.465
22:55:40.072 python3        2650193 nvme1n1 WS   1656481792 131072   21.604
22:55:40.072 python3        2650193 nvme1n1 WS   1656482048 131072   21.709
22:55:40.072 python3        2650193 nvme1n1 WS   1656482304 131072   21.791
22:55:40.072 python3        2650193 nvme1n1 WS   1656482560 131072   21.877
22:55:40.072 python3        2650193 nvme1n1 WS   1656482816 131072   21.943
22:55:40.072 python3        2650193 nvme1n1 WS   1656483072 131072   22.018
22:55:40.072 python3        2650193 nvme1n1 WS   1656483328 131072   22.093
22:55:40.072 python3        2650193 nvme1n1 WS   1656483584 131072   22.145
22:55:40.072 python3        2650193 nvme1n1 WS   1656404480 131072   22.223
22:55:40.072 python3        2650193 nvme1n1 WS   1656404736 131072   22.166
22:55:40.073 python3        2650193 nvme1n1 WS   1656615936 131072   22.242
22:55:40.073 python3        2650193 nvme1n1 WS   1656616192 131072   22.321
22:55:40.073 python3        2650193 nvme1n1 WS   1655704936 77824    22.214
22:55:40.073 python3        2650193 nvme1n1 WS   583251200  131072   22.290
22:55:40.073 python3        2650193 nvme1n1 WS   583251456  131072   22.365
22:55:40.073 python3        2650193 nvme1n1 WS   583251712  131072   22.442
22:55:40.073 python3        2650193 nvme1n1 WS   583251968  131072   22.517
22:55:40.073 python3        2650193 nvme1n1 WS   583252224  131072   22.591
22:55:40.073 python3        2650193 nvme1n1 WS   583252480  131072   22.667
22:55:40.073 python3        2650193 nvme1n1 WS   583252736  131072   22.743
22:55:40.073 python3        2650193 nvme1n1 WS   583252992  131072   22.818
22:55:40.073 python3        2650193 nvme1n1 WS   583253248  131072   22.895
22:55:40.073 python3        2650193 nvme1n1 WS   583253504  131072   23.005
22:55:40.074 python3        2650193 nvme1n1 WS   583253760  131072   23.080
22:55:40.074 python3        2650193 nvme1n1 WS   583254016  131072   23.155
22:55:40.074 python3        2650193 nvme1n1 WS   583254272  131072   23.234
22:55:40.074 python3        2650193 nvme1n1 WS   583254528  131072   23.316
22:55:40.074 python3        2650193 nvme1n1 WS   583254784  131072   23.394
22:55:40.074 python3        2650193 nvme1n1 WS   583255040  53248    23.441
22:55:40.074 python3        2650193 nvme1n1 WS   583255144  131072   23.568
22:55:40.074 python3        2650193 nvme1n1 WS   583255400  131072   23.701
22:55:40.074 python3        2650194 nvme1n1 WS   1673679616 131072   21.536
22:55:40.074 python3        2650194 nvme1n1 WS   1673679872 131072   21.623
22:55:40.074 python3        2650194 nvme1n1 WS   1673680128 131072   21.704
22:55:40.075 python3        2650194 nvme1n1 WS   1673680384 131072   21.780
22:55:40.075 python3        2650194 nvme1n1 WS   1673680640 131072   21.858
22:55:40.075 python3        2650194 nvme1n1 WS   1673680896 131072   21.930
22:55:40.075 python3        2650194 nvme1n1 WS   1673681152 131072   22.006
22:55:40.075 python3        2650194 nvme1n1 WS   1673681408 131072   22.052
22:55:40.075 python3        2650194 nvme1n1 WS   1673681664 131072   22.134
22:55:40.075 python3        2650194 nvme1n1 WS   1673681920 131072   22.209
22:55:40.075 python3        2650194 nvme1n1 WS   1673682176 131072   22.283
22:55:40.075 python3        2650194 nvme1n1 WS   1673682432 131072   22.361
22:55:40.075 python3        2650194 nvme1n1 WS   1673682688 131072   22.436
22:55:40.075 python3        2650194 nvme1n1 WS   1673682944 131072   22.488
22:55:40.075 python3        2650194 nvme1n1 WS   1673828864 131072   22.563
22:55:40.076 python3        2650194 nvme1n1 WS   1673829120 131072   22.486
22:55:40.076 python3        2650194 nvme1n1 WS   1673835008 131072   22.560
22:55:40.076 python3        2650194 nvme1n1 WS   1673835264 131072   22.635
22:55:40.076 python3        2650194 nvme1n1 WS   1656664576 131072   22.507
22:55:40.076 python3        2650194 nvme1n1 WS   1656664832 131072   22.582
22:55:40.076 python3        2650194 nvme1n1 WS   1656665088 131072   22.658
22:55:40.076 python3        2650194 nvme1n1 WS   1656665344 131072   22.733
22:55:40.076 python3        2650194 nvme1n1 WS   1656665600 131072   22.809
22:55:40.076 python3        2650194 nvme1n1 WS   1656665856 131072   22.877
22:55:40.076 python3        2650194 nvme1n1 WS   1656666112 131072   22.943
22:55:40.076 python3        2650194 nvme1n1 WS   1656666368 131072   23.008
22:55:40.076 python3        2650194 nvme1n1 WS   1656666624 131072   23.088
22:55:40.076 python3        2650194 nvme1n1 WS   1656666880 131072   23.177
22:55:40.077 python3        2650194 nvme1n1 WS   1656667136 131072   23.306
22:55:40.077 python3        2650194 nvme1n1 WS   1656667392 131072   23.431
22:55:40.077 python3        2650194 nvme1n1 WS   1656667648 131072   23.556
22:55:40.077 python3        2650194 nvme1n1 WS   1656667904 131072   23.656
22:55:40.077 python3        2650194 nvme1n1 WS   1656524288 131072   23.796
22:55:40.077 python3        2650194 nvme1n1 WS   1656524544 131072   23.827
22:55:40.077 python3        2650193 nvme1n1 WS   1656672768 131072   23.045
22:55:40.078 python3        2650193 nvme1n1 WS   1656673024 131072   23.181
22:55:40.078 python3        2650193 nvme1n1 WS   1656673280 131072   23.318
22:55:40.078 python3        2650193 nvme1n1 WS   1656673536 131072   23.414
22:55:40.078 python3        2650193 nvme1n1 WS   1656673792 131072   23.492
22:55:40.078 python3        2650193 nvme1n1 WS   1656674048 131072   23.570
22:55:40.078 python3        2650193 nvme1n1 WS   1656674304 131072   23.647
22:55:40.078 python3        2650193 nvme1n1 WS   1656674560 131072   23.709
22:55:40.078 python3        2650193 nvme1n1 WS   1656674816 131072   23.790
22:55:40.078 python3        2650193 nvme1n1 WS   1656675072 131072   23.867
22:55:40.078 python3        2650193 nvme1n1 WS   1656675328 131072   23.942
22:55:40.078 python3        2650193 nvme1n1 WS   1656675584 131072   24.021
22:55:40.079 python3        2650194 nvme1n1 WS   1656624128 131072   25.080
22:55:40.079 python3        2650194 nvme1n1 WS   1656624384 131072   25.155
22:55:40.079 python3        2650193 nvme1n1 WS   1656675840 131072   24.255
22:55:40.079 python3        2650193 nvme1n1 WS   1656676096 131072   24.315
22:55:40.079 python3        2650193 nvme1n1 WS   1656528896 131072   24.390
22:55:40.079 python3        2650193 nvme1n1 WS   1656529152 131072   24.376
22:55:40.079 python3        2650193 nvme1n1 WS   1656865536 131072   24.455
22:55:40.079 python3        2650193 nvme1n1 WS   1656865792 131072   24.567
22:55:40.079 python3        2650191 nvme1n1 WS   1673843200 131072   23.557
22:55:40.079 python3        2650191 nvme1n1 WS   1673843456 131072   23.633
22:55:40.079 python3        2650191 nvme1n1 WS   1673843712 131072   23.711
22:55:40.079 python3        2650191 nvme1n1 WS   1673843968 131072   23.787
22:55:40.080 python3        2650191 nvme1n1 WS   1673844224 131072   23.866
22:55:40.080 python3        2650191 nvme1n1 WS   1673844480 131072   23.942
22:55:40.080 python3        2650191 nvme1n1 WS   1673844736 131072   24.018
22:55:40.080 python3        2650191 nvme1n1 WS   1673844992 131072   24.069
22:55:40.080 python3        2650191 nvme1n1 WS   1673845248 131072   24.148
22:55:40.080 python3        2650191 nvme1n1 WS   1673845504 131072   24.214
22:55:40.080 python3        2650192 nvme1n1 WS   1656680960 131072   22.844
22:55:40.080 python3        2650192 nvme1n1 WS   1656681216 131072   22.907
22:55:40.080 python3        2650192 nvme1n1 WS   1656681472 131072   23.007
22:55:40.080 python3        2650192 nvme1n1 WS   1656681728 131072   23.132
22:55:40.080 python3        2650192 nvme1n1 WS   1656681984 131072   23.229
22:55:40.080 python3        2650192 nvme1n1 WS   1656682240 131072   23.292
22:55:40.081 python3        2650192 nvme1n1 WS   1656682496 131072   23.387
22:55:40.081 python3        2650192 nvme1n1 WS   1656682752 131072   23.497
22:55:40.081 python3        2650192 nvme1n1 WS   1656683008 131072   23.582
22:55:40.081 python3        2650192 nvme1n1 WS   1656683264 131072   23.661
22:55:40.081 python3        2650192 nvme1n1 WS   1656683520 131072   23.744
22:55:40.081 python3        2650192 nvme1n1 WS   1656683776 131072   23.823
22:55:40.081 python3        2650191 nvme1n1 WS   1673845760 131072   25.457
22:55:40.081 python3        2650191 nvme1n1 WS   1673846016 131072   25.586
22:55:40.081 python3        2650191 nvme1n1 WS   1673846272 131072   25.684
22:55:40.081 python3        2650191 nvme1n1 WS   1673846528 131072   25.735
22:55:40.082 python3        2650192 nvme1n1 WS   1656684032 131072   24.344
22:55:40.082 python3        2650192 nvme1n1 WS   1656684288 131072   24.401
22:55:40.082 python3        2650192 nvme1n1 WS   1656532480 131072   24.478
22:55:40.082 python3        2650192 nvme1n1 WS   1656532736 131072   24.455
22:55:40.082 python3        2650192 nvme1n1 WS   1656632320 131072   24.535
22:55:40.082 python3        2650192 nvme1n1 WS   1656632576 131072   24.609
22:55:40.082 python3        2650194 nvme1n1 WS   1656689152 131072   23.291
22:55:40.082 python3        2650194 nvme1n1 WS   1656689408 131072   23.368
22:55:40.082 python3        2650194 nvme1n1 WS   1656689664 131072   23.448
22:55:40.082 python3        2650194 nvme1n1 WS   1656689920 131072   23.524
22:55:40.082 python3        2650194 nvme1n1 WS   1656690176 131072   23.601
22:55:40.082 python3        2650194 nvme1n1 WS   1656690432 131072   23.678
22:55:40.083 python3        2650194 nvme1n1 WS   1656690688 131072   23.755
22:55:40.083 python3        2650194 nvme1n1 WS   1656690944 131072   23.807
22:55:40.083 python3        2650194 nvme1n1 WS   1656691200 131072   23.880
22:55:40.083 python3        2650194 nvme1n1 WS   1656691456 131072   23.960
22:55:40.083 python3        2650194 nvme1n1 WS   1656691712 131072   24.050
22:55:40.083 python3        2650194 nvme1n1 WS   1656691968 131072   24.178
22:55:40.083 python3        2650191 nvme1n1 WS   1673837056 131072   27.364
22:55:40.083 python3        2650191 nvme1n1 WS   1673837312 131072   27.391
22:55:40.083 python3        2650191 nvme1n1 WS   1674060288 131072   27.526
22:55:40.084 python3        2650191 nvme1n1 WS   1674060544 131072   27.669
22:55:40.084 python3        2650194 nvme1n1 WS   1656692224 131072   24.859
22:55:40.084 python3        2650194 nvme1n1 WS   1656692480 131072   24.983
22:55:40.084 python3        2650194 nvme1n1 WS   1656572416 131072   25.128
22:55:40.084 python3        2650194 nvme1n1 WS   1656572672 131072   25.178
22:55:40.084 python3        2650194 nvme1n1 WS   1656821504 131072   25.323
22:55:40.084 python3        2650194 nvme1n1 WS   1656821760 131072   25.462
22:55:40.084 python3        2650191 nvme1n1 WS   1656697344 131072   24.058
22:55:40.085 python3        2650191 nvme1n1 WS   1656697600 131072   24.132
22:55:40.085 python3        2650191 nvme1n1 WS   1656697856 131072   24.207
22:55:40.085 python3        2650191 nvme1n1 WS   1656698112 131072   24.282
22:55:40.085 python3        2650191 nvme1n1 WS   1656698368 131072   24.355
22:55:40.085 python3        2650191 nvme1n1 WS   1656698624 131072   24.435
22:55:40.085 python3        2650191 nvme1n1 WS   1656698880 131072   24.518
22:55:40.085 python3        2650191 nvme1n1 WS   1656699136 131072   24.613
22:55:40.085 python3        2650191 nvme1n1 WS   1656699392 131072   24.691
22:55:40.085 python3        2650191 nvme1n1 WS   1656699648 131072   24.764
22:55:40.085 python3        2650191 nvme1n1 WS   1656699904 131072   24.839
22:55:40.085 python3        2650191 nvme1n1 WS   1656700160 131072   24.915
22:55:40.085 python3        2650191 nvme1n1 WS   1656700416 131072   24.990
22:55:40.086 python3        2650191 nvme1n1 WS   1656700672 131072   25.055
22:55:40.086 python3        2650191 nvme1n1 WS   1656705536 131072   25.132
22:55:40.086 python3        2650191 nvme1n1 WS   1656705792 131072   25.126
22:55:40.086 python3        2650192 nvme1n1 WS   1656713728 131072   23.814
22:55:40.086 python3        2650192 nvme1n1 WS   1656713984 131072   23.884
22:55:40.086 python3        2650192 nvme1n1 WS   1656714240 131072   23.968
22:55:40.086 python3        2650192 nvme1n1 WS   1656714496 131072   24.036
22:55:40.086 python3        2650192 nvme1n1 WS   1656714752 131072   24.115
22:55:40.086 python3        2650192 nvme1n1 WS   1656715008 131072   24.191
22:55:40.086 python3        2650192 nvme1n1 WS   1656715264 131072   24.264
22:55:40.086 python3        2650192 nvme1n1 WS   1656715520 131072   24.371
22:55:40.087 python3        2650192 nvme1n1 WS   1656715776 131072   24.497
22:55:40.087 python3        2650192 nvme1n1 WS   1656716032 131072   24.624
22:55:40.087 python3        2650192 nvme1n1 WS   1656716288 131072   24.755
22:55:40.087 python3        2650192 nvme1n1 WS   1656716544 131072   24.882
22:55:40.087 python3        2650191 nvme1n1 WS   1656829184 131072   26.455
22:55:40.087 python3        2650191 nvme1n1 WS   1656829440 131072   26.584
22:55:40.087 python3        2650191 nvme1n1 WS   1656730112 131072   23.841
22:55:40.087 python3        2650191 nvme1n1 WS   1656730368 131072   23.962
22:55:40.088 python3        2650192 nvme1n1 WS   1656716800 131072   25.487
22:55:40.088 python3        2650192 nvme1n1 WS   1656717056 131072   25.545
22:55:40.088 python3        2650192 nvme1n1 WS   1656721920 131072   25.629
22:55:40.088 python3        2650192 nvme1n1 WS   1656722176 131072   25.603
22:55:40.088 python3        2650192 nvme1n1 WS   1656873728 131072   25.682
22:55:40.088 python3        2650192 nvme1n1 WS   1656873984 131072   25.765
22:55:40.088 python3        2650191 nvme1n1 WS   1656730624 131072   24.529
22:55:40.088 python3        2650191 nvme1n1 WS   1656730880 131072   24.607
22:55:40.088 python3        2650191 nvme1n1 WS   1656731136 131072   24.688
22:55:40.088 python3        2650191 nvme1n1 WS   1656731392 131072   24.763
22:55:40.088 python3        2650191 nvme1n1 WS   1656731648 131072   24.844
22:55:40.088 python3        2650191 nvme1n1 WS   1656731904 131072   24.901
22:55:40.088 python3        2650191 nvme1n1 WS   1656732160 131072   24.979
22:55:40.089 python3        2650191 nvme1n1 WS   1656732416 131072   25.049
22:55:40.089 python3        2650191 nvme1n1 WS   1656732672 131072   25.126
22:55:40.089 python3        2650191 nvme1n1 WS   1656732928 131072   25.199
22:55:40.089 python3        2650191 nvme1n1 WS   1656733184 131072   25.278
22:55:40.089 python3        2650191 nvme1n1 WS   1656733440 131072   25.336
22:55:40.089 python3        2650191 nvme1n1 WS   1656738304 131072   25.413
22:55:40.089 python3        2650191 nvme1n1 WS   1656738560 131072   25.407
22:55:40.089 python3        2650191 nvme1n1 WS   1656877824 131072   25.536
22:55:40.089 python3        2650191 nvme1n1 WS   1656878080 131072   25.621
22:55:40.089 python3        2650194 nvme1n1 WS   1656746496 131072   24.280
22:55:40.090 python3        2650194 nvme1n1 WS   1656746752 131072   24.405
22:55:40.090 python3        2650194 nvme1n1 WS   1656747008 131072   24.522
22:55:40.090 python3        2650194 nvme1n1 WS   1656747264 131072   24.582
22:55:40.090 python3        2650194 nvme1n1 WS   1656747520 131072   24.645
22:55:40.090 python3        2650194 nvme1n1 WS   1656747776 131072   24.721
22:55:40.090 python3        2650194 nvme1n1 WS   1656748032 131072   24.853
22:55:40.090 python3        2650194 nvme1n1 WS   1656748288 131072   24.957
22:55:40.090 python3        2650194 nvme1n1 WS   1656748544 131072   25.084
22:55:40.090 python3        2650194 nvme1n1 WS   1656748800 131072   25.227
22:55:40.091 python3        2650194 nvme1n1 WS   1656749056 131072   25.353
22:55:40.091 python3        2650194 nvme1n1 WS   1656749312 131072   25.492
22:55:40.091 python3        2650194 nvme1n1 WS   1656749568 131072   25.626
22:55:40.091 python3        2650194 nvme1n1 WS   1656749824 131072   25.741
22:55:40.091 python3        2650194 nvme1n1 WS   1656503296 131072   25.868
22:55:40.091 python3        2650194 nvme1n1 WS   1656503552 131072   25.886
22:55:40.091 python3        2650192 nvme1n1 WS   1656894208 131072   24.619
22:55:40.091 python3        2650192 nvme1n1 WS   1656894464 131072   24.688
22:55:40.091 python3        2650192 nvme1n1 WS   1656894720 131072   24.762
22:55:40.091 python3        2650192 nvme1n1 WS   1656894976 131072   24.834
22:55:40.092 python3        2650192 nvme1n1 WS   1656895232 131072   24.914
22:55:40.092 python3        2650192 nvme1n1 WS   1656895488 131072   24.996
22:55:40.092 python3        2650192 nvme1n1 WS   1656895744 131072   25.076
22:55:40.092 python3        2650192 nvme1n1 WS   1656896000 131072   25.122
22:55:40.092 python3        2650192 nvme1n1 WS   1656896256 131072   25.194
22:55:40.092 python3        2650192 nvme1n1 WS   1656896512 131072   25.268
22:55:40.092 python3        2650192 nvme1n1 WS   1656896768 131072   25.341
22:55:40.092 python3        2650192 nvme1n1 WS   1656897024 131072   25.415
22:55:40.092 python3        2650194 nvme1n1 WS   1656886016 131072   26.923
22:55:40.092 python3        2650194 nvme1n1 WS   1656886272 131072   27.003
22:55:40.092 python3        2650192 nvme1n1 WS   1656897280 131072   25.655
22:55:40.092 python3        2650192 nvme1n1 WS   1656897536 131072   25.704
22:55:40.093 python3        2650192 nvme1n1 WS   1657016832 131072   25.776
22:55:40.093 python3        2650192 nvme1n1 WS   1657017088 131072   25.686
22:55:40.093 python3        2650192 nvme1n1 WS   1657017344 131072   25.761
22:55:40.093 python3        2650192 nvme1n1 WS   1657017600 131072   25.838
22:55:40.093 python3        2650192 nvme1n1 WS   1656902400 131072   22.796
22:55:40.093 python3        2650192 nvme1n1 WS   1656902656 131072   22.870
22:55:40.093 python3        2650192 nvme1n1 WS   1656902912 131072   23.001
22:55:40.093 python3        2650192 nvme1n1 WS   1656903168 131072   23.124
22:55:40.093 python3        2650192 nvme1n1 WS   1656903424 131072   23.246
22:55:40.093 python3        2650192 nvme1n1 WS   1656903680 131072   23.328
22:55:40.093 python3        2650192 nvme1n1 WS   1656903936 131072   23.404
22:55:40.094 python3        2650192 nvme1n1 WS   1656904192 131072   23.454
22:55:40.094 python3        2650192 nvme1n1 WS   1656904448 131072   23.532
22:55:40.094 python3        2650192 nvme1n1 WS   1656904704 131072   23.593
22:55:40.094 python3        2650192 nvme1n1 WS   1656904960 131072   23.656
22:55:40.094 python3        2650192 nvme1n1 WS   1656905216 131072   23.765
22:55:40.094 python3        2650192 nvme1n1 WS   1656905472 131072   23.848
22:55:40.094 python3        2650192 nvme1n1 WS   1656905728 131072   23.898
22:55:40.094 python3        2650192 nvme1n1 WS   1657025024 131072   23.984
22:55:40.094 python3        2650192 nvme1n1 WS   1657025280 131072   23.951
22:55:40.094 python3        2650192 nvme1n1 WS   1657025536 131072   24.029
22:55:40.094 python3        2650192 nvme1n1 WS   1657025792 131072   24.151
22:55:40.095 python3        2650191 nvme1n1 WS   1656910592 131072   23.919
22:55:40.095 python3        2650191 nvme1n1 WS   1656910848 131072   24.032
22:55:40.095 python3        2650191 nvme1n1 WS   1656911104 131072   24.111
22:55:40.095 python3        2650191 nvme1n1 WS   1656911360 131072   24.185
22:55:40.095 python3        2650191 nvme1n1 WS   1656911616 131072   24.266
22:55:40.095 python3        2650191 nvme1n1 WS   1656911872 131072   24.339
22:55:40.095 python3        2650191 nvme1n1 WS   1656912128 131072   24.421
22:55:40.095 python3        2650191 nvme1n1 WS   1656912384 131072   24.470
22:55:40.095 python3        2650191 nvme1n1 WS   1656912640 131072   24.545
22:55:40.095 python3        2650191 nvme1n1 WS   1656912896 131072   24.618
22:55:40.095 python3        2650191 nvme1n1 WS   1656913152 131072   24.696
22:55:40.095 python3        2650191 nvme1n1 WS   1656913408 131072   24.770
22:55:40.096 python3        2650193 nvme1n1 WS   1656918784 131072   23.923
22:55:40.096 python3        2650193 nvme1n1 WS   1656919040 131072   23.990
22:55:40.096 python3        2650193 nvme1n1 WS   1656919296 131072   24.064
22:55:40.096 python3        2650193 nvme1n1 WS   1656919552 131072   24.136
22:55:40.096 python3        2650191 nvme1n1 WS   1656913664 131072   25.159
22:55:40.096 python3        2650191 nvme1n1 WS   1656913920 131072   25.208
22:55:40.096 python3        2650191 nvme1n1 WS   1657033216 131072   25.274
22:55:40.096 python3        2650191 nvme1n1 WS   1657033472 131072   25.230
22:55:40.096 python3        2650191 nvme1n1 WS   1657033728 131072   25.357
22:55:40.096 python3        2650191 nvme1n1 WS   1657033984 131072   25.485
22:55:40.097 python3        2650193 nvme1n1 WS   1656919808 131072   24.874
22:55:40.097 python3        2650193 nvme1n1 WS   1656920064 131072   25.031
22:55:40.097 python3        2650193 nvme1n1 WS   1656920320 131072   25.160
22:55:40.097 python3        2650193 nvme1n1 WS   1656920576 131072   25.228
22:55:40.097 python3        2650193 nvme1n1 WS   1656920832 131072   25.309
22:55:40.097 python3        2650193 nvme1n1 WS   1656921088 131072   25.391
22:55:40.097 python3        2650193 nvme1n1 WS   1656921344 131072   25.469
22:55:40.097 python3        2650193 nvme1n1 WS   1656921600 131072   25.547
22:55:40.097 python3        2650193 nvme1n1 WS   1656921856 131072   25.625
22:55:40.097 python3        2650193 nvme1n1 WS   1656922112 131072   25.676
22:55:40.097 python3        2650193 nvme1n1 WS   1657041408 131072   25.760
22:55:40.098 python3        2650193 nvme1n1 WS   1657041664 131072   25.744
22:55:40.098 python3        2650193 nvme1n1 WS   1656955392 131072   24.194
22:55:40.098 python3        2650193 nvme1n1 WS   1656955648 131072   24.266
22:55:40.098 python3        2650193 nvme1n1 WS   1656955904 131072   24.343
22:55:40.098 python3        2650193 nvme1n1 WS   1656956160 131072   24.420
22:55:40.098 python3        2650193 nvme1n1 WS   1657041920 131072   26.146
22:55:40.098 python3        2650193 nvme1n1 WS   1657042176 131072   26.223
22:55:40.098 python3        2650193 nvme1n1 WS   1656956416 131072   24.653
22:55:40.098 python3        2650193 nvme1n1 WS   1656956672 131072   24.725
22:55:40.098 python3        2650193 nvme1n1 WS   1656956928 131072   24.800
22:55:40.098 python3        2650193 nvme1n1 WS   1656957184 131072   24.852
22:55:40.098 python3        2650193 nvme1n1 WS   1656957440 131072   24.925
22:55:40.099 python3        2650193 nvme1n1 WS   1656957696 131072   24.998
22:55:40.099 python3        2650193 nvme1n1 WS   1656957952 131072   25.071
22:55:40.099 python3        2650193 nvme1n1 WS   1656958208 131072   25.146
22:55:40.099 python3        2650193 nvme1n1 WS   1656958464 131072   25.225
22:55:40.099 python3        2650193 nvme1n1 WS   1656958720 131072   25.274
22:55:40.099 python3        2650193 nvme1n1 WS   1657049600 131072   25.354
22:55:40.099 python3        2650193 nvme1n1 WS   1657049856 131072   25.301
22:55:40.099 python3        2650193 nvme1n1 WS   1657050112 131072   25.426
22:55:40.099 python3        2650193 nvme1n1 WS   1657050368 131072   25.552
22:55:40.099 python3        2650193 nvme1n1 WS   1656963584 131072   24.342
22:55:40.100 python3        2650193 nvme1n1 WS   1656963840 131072   24.466
22:55:40.100 python3        2650193 nvme1n1 WS   1656964096 131072   24.593
22:55:40.100 python3        2650193 nvme1n1 WS   1656964352 131072   24.724
22:55:40.100 python3        2650193 nvme1n1 WS   1656964608 131072   24.848
22:55:40.100 python3        2650193 nvme1n1 WS   1656964864 131072   24.986
22:55:40.100 python3        2650193 nvme1n1 WS   1656965120 131072   25.121
22:55:40.100 python3        2650193 nvme1n1 WS   1656965376 131072   25.210
22:55:40.100 python3        2650193 nvme1n1 WS   1656965632 131072   25.282
22:55:40.100 python3        2650193 nvme1n1 WS   1656965888 131072   25.355
22:55:40.101 python3        2650193 nvme1n1 WS   1656966144 131072   25.431
22:55:40.101 python3        2650193 nvme1n1 WS   1656966400 131072   25.508
22:55:40.101 python3        2650193 nvme1n1 WS   1656966656 131072   25.584
22:55:40.101 python3        2650193 nvme1n1 WS   1656966912 131072   25.637
22:55:40.101 python3        2650193 nvme1n1 WS   1657057792 131072   25.713
22:55:40.101 python3        2650193 nvme1n1 WS   1657058048 131072   25.630
22:55:40.101 python3        2650193 nvme1n1 WS   1657058304 131072   25.698
22:55:40.101 python3        2650193 nvme1n1 WS   1657058560 131072   25.773
22:55:40.101 python3        2650194 nvme1n1 WS   1673851392 131072   24.454
22:55:40.101 python3        2650194 nvme1n1 WS   1673851648 131072   24.526
22:55:40.101 python3        2650194 nvme1n1 WS   1673851904 131072   24.604
22:55:40.101 python3        2650194 nvme1n1 WS   1673852160 131072   24.674
22:55:40.101 python3        2650194 nvme1n1 WS   1673852416 131072   24.750
22:55:40.102 python3        2650194 nvme1n1 WS   1673852672 131072   24.824
22:55:40.102 python3        2650194 nvme1n1 WS   1673852928 131072   24.901
22:55:40.102 python3        2650194 nvme1n1 WS   1673853184 131072   24.953
22:55:40.102 python3        2650194 nvme1n1 WS   1673853440 131072   25.028
22:55:40.102 python3        2650194 nvme1n1 WS   1673853696 131072   25.101
22:55:40.102 python3        2650194 nvme1n1 WS   1673853952 131072   25.175
22:55:40.102 python3        2650194 nvme1n1 WS   1673854208 131072   25.253
22:55:40.102 python3        2650194 nvme1n1 WS   1673854464 131072   25.325
22:55:40.102 python3        2650194 nvme1n1 WS   1673854720 131072   25.462
22:55:40.102 python3        2650194 nvme1n1 WS   1673811456 131072   25.586
22:55:40.103 python3        2650194 nvme1n1 WS   1673811712 131072   25.532
22:55:40.103 python3        2650194 nvme1n1 WS   1674072576 131072   25.657
22:55:40.103 python3        2650194 nvme1n1 WS   1674072832 131072   25.785
22:55:40.103 python3        2650194 nvme1n1 WS   1673859584 131072   23.468
22:55:40.103 python3        2650194 nvme1n1 WS   1673859840 131072   23.592
22:55:40.103 python3        2650194 nvme1n1 WS   1673860096 131072   23.727
22:55:40.103 python3        2650194 nvme1n1 WS   1673860352 131072   23.855
22:55:40.103 python3        2650194 nvme1n1 WS   1673860608 131072   23.951
22:55:40.104 python3        2650194 nvme1n1 WS   1673860864 131072   24.030
22:55:40.104 python3        2650194 nvme1n1 WS   1673861120 131072   24.106
22:55:40.104 python3        2650194 nvme1n1 WS   1673861376 131072   24.164
22:55:40.104 python3        2650194 nvme1n1 WS   1673861632 131072   24.240
22:55:40.104 python3        2650194 nvme1n1 WS   1673861888 131072   24.314
22:55:40.104 python3        2650194 nvme1n1 WS   1673862144 131072   24.391
22:55:40.104 python3        2650194 nvme1n1 WS   1673862400 131072   24.468
22:55:40.104 python3        2650194 nvme1n1 WS   1673862656 131072   24.549
22:55:40.104 python3        2650194 nvme1n1 WS   1673862912 131072   24.618
22:55:40.104 python3        2650194 nvme1n1 WS   1673819648 131072   24.691
22:55:40.104 python3        2650194 nvme1n1 WS   1673819904 131072   24.667
22:55:40.104 python3        2650193 nvme1n1 WS   1656971776 131072   24.418
22:55:40.104 python3        2650193 nvme1n1 WS   1656972032 131072   24.490
22:55:40.105 python3        2650193 nvme1n1 WS   1656972288 131072   24.567
22:55:40.105 python3        2650193 nvme1n1 WS   1656972544 131072   24.639
22:55:40.105 python3        2650193 nvme1n1 WS   1656972800 131072   24.719
22:55:40.105 python3        2650193 nvme1n1 WS   1656973056 131072   24.796
22:55:40.105 python3        2650193 nvme1n1 WS   1656973312 131072   24.874
22:55:40.105 python3        2650193 nvme1n1 WS   1656973568 131072   24.930
22:55:40.105 python3        2650193 nvme1n1 WS   1656973824 131072   25.004
22:55:40.105 python3        2650193 nvme1n1 WS   1656974080 131072   25.078
22:55:40.105 python3        2650193 nvme1n1 WS   1656974336 131072   25.153
22:55:40.105 python3        2650193 nvme1n1 WS   1656974592 131072   25.232
22:55:40.105 python3        2650194 nvme1n1 WS   1674076672 131072   25.700
22:55:40.105 python3        2650194 nvme1n1 WS   1674076928 131072   25.780
22:55:40.106 python3        2650193 nvme1n1 WS   1656974848 131072   25.493
22:55:40.106 python3        2650193 nvme1n1 WS   1656975104 131072   25.594
22:55:40.106 python3        2650193 nvme1n1 WS   1657065984 131072   25.719
22:55:40.106 python3        2650193 nvme1n1 WS   1657066240 131072   25.743
22:55:40.106 python3        2650193 nvme1n1 WS   1657066496 131072   25.873
22:55:40.106 python3        2650193 nvme1n1 WS   1657066752 131072   25.999
22:55:40.106 python3        2650192 nvme1n1 WS   1656979968 131072   23.468
22:55:40.106 python3        2650192 nvme1n1 WS   1656980224 131072   23.555
22:55:40.107 python3        2650192 nvme1n1 WS   1656980480 131072   23.633
22:55:40.107 python3        2650192 nvme1n1 WS   1656980736 131072   23.707
22:55:40.107 python3        2650192 nvme1n1 WS   1656980992 131072   23.785
22:55:40.107 python3        2650192 nvme1n1 WS   1656981248 131072   23.858
22:55:40.107 python3        2650192 nvme1n1 WS   1656981504 131072   23.935
22:55:40.107 python3        2650192 nvme1n1 WS   1656981760 131072   23.994
22:55:40.107 python3        2650192 nvme1n1 WS   1656982016 131072   24.076
22:55:40.107 python3        2650192 nvme1n1 WS   1656982272 131072   24.158
22:55:40.107 python3        2650192 nvme1n1 WS   1656982528 131072   24.240
22:55:40.107 python3        2650192 nvme1n1 WS   1656982784 131072   24.316
22:55:40.107 python3        2650192 nvme1n1 WS   1656983040 131072   24.391
22:55:40.107 python3        2650192 nvme1n1 WS   1656983296 131072   24.453
22:55:40.107 python3        2650192 nvme1n1 WS   1657074176 131072   24.532
22:55:40.108 python3        2650192 nvme1n1 WS   1657074432 131072   24.503
22:55:40.108 python3        2650192 nvme1n1 WS   1657074688 131072   24.579
22:55:40.108 python3        2650192 nvme1n1 WS   1657074944 131072   24.658
22:55:40.108 python3        2650191 nvme1n1 WS   1658098176 131072   23.200
22:55:40.108 python3        2650191 nvme1n1 WS   1658098432 131072   23.273
22:55:40.108 python3        2650191 nvme1n1 WS   1658098688 131072   23.346
22:55:40.108 python3        2650191 nvme1n1 WS   1658098944 131072   23.456
22:55:40.108 python3        2650191 nvme1n1 WS   1658099200 131072   23.532
22:55:40.108 python3        2650191 nvme1n1 WS   1658099456 131072   23.608
22:55:40.108 python3        2650191 nvme1n1 WS   1658099712 131072   23.685
22:55:40.108 python3        2650191 nvme1n1 WS   1658099968 131072   23.738
22:55:40.108 python3        2650191 nvme1n1 WS   1658100224 131072   23.814
22:55:40.109 python3        2650191 nvme1n1 WS   1658100480 131072   23.882
22:55:40.109 python3        2650191 nvme1n1 WS   1658100736 131072   23.963
22:55:40.109 python3        2650191 nvme1n1 WS   1658100992 131072   24.087
22:55:40.109 python3        2650191 nvme1n1 WS   1658101248 131072   24.214
22:55:40.109 python3        2650191 nvme1n1 WS   1658101504 131072   24.321
22:55:40.109 python3        2650191 nvme1n1 WS   1658101760 131072   24.439
22:55:40.109 python3        2650191 nvme1n1 WS   1658102016 131072   24.408
22:55:40.109 python3        2650194 nvme1n1 WS   1656988160 131072   23.997
22:55:40.109 python3        2650194 nvme1n1 WS   1656988416 131072   24.063
22:55:40.109 python3        2650194 nvme1n1 WS   1656988672 131072   24.147
22:55:40.109 python3        2650194 nvme1n1 WS   1656988928 131072   24.227
22:55:40.110 python3        2650194 nvme1n1 WS   1656989184 131072   24.305
22:55:40.110 python3        2650194 nvme1n1 WS   1656989440 131072   24.374
22:55:40.110 python3        2650194 nvme1n1 WS   1656989696 131072   24.454
22:55:40.110 python3        2650194 nvme1n1 WS   1656989952 131072   24.510
22:55:40.110 python3        2650194 nvme1n1 WS   1656990208 131072   24.589
22:55:40.110 python3        2650194 nvme1n1 WS   1656990464 131072   24.676
22:55:40.110 python3        2650194 nvme1n1 WS   1656990720 131072   24.746
22:55:40.110 python3        2650194 nvme1n1 WS   1656990976 131072   24.831
22:55:40.110 python3        2650191 nvme1n1 WS   1658328064 131072   25.455
22:55:40.110 python3        2650191 nvme1n1 WS   1658328320 131072   25.533
22:55:40.110 python3        2650194 nvme1n1 WS   1656991232 131072   25.070
22:55:40.111 python3        2650194 nvme1n1 WS   1656991488 131072   25.135
22:55:40.111 python3        2650194 nvme1n1 WS   1657082368 131072   25.216
22:55:40.111 python3        2650194 nvme1n1 WS   1657082624 131072   25.187
22:55:40.111 python3        2650194 nvme1n1 WS   1657082880 131072   25.263
22:55:40.111 python3        2650194 nvme1n1 WS   1657083136 131072   25.340
22:55:40.111 python3        2650191 nvme1n1 WS   1656996352 131072   22.781
22:55:40.111 python3        2650191 nvme1n1 WS   1656996608 131072   22.857
22:55:40.111 python3        2650191 nvme1n1 WS   1656996864 131072   22.937
22:55:40.111 python3        2650191 nvme1n1 WS   1656997120 131072   23.012
22:55:40.111 python3        2650191 nvme1n1 WS   1656997376 131072   23.092
22:55:40.111 python3        2650191 nvme1n1 WS   1656997632 131072   23.171
22:55:40.111 python3        2650191 nvme1n1 WS   1656997888 131072   23.241
22:55:40.111 python3        2650191 nvme1n1 WS   1656998144 131072   23.298
22:55:40.112 python3        2650191 nvme1n1 WS   1656998400 131072   23.377
22:55:40.112 python3        2650191 nvme1n1 WS   1656998656 131072   23.451
22:55:40.112 python3        2650191 nvme1n1 WS   1656998912 131072   23.532
22:55:40.112 python3        2650191 nvme1n1 WS   1656999168 131072   23.602
22:55:40.112 python3        2650191 nvme1n1 WS   1656999424 131072   23.681
22:55:40.112 python3        2650191 nvme1n1 WS   1656999680 131072   23.738
22:55:40.112 python3        2650191 nvme1n1 WS   1657090560 131072   23.820
22:55:40.112 python3        2650191 nvme1n1 WS   1657090816 131072   23.790
22:55:40.112 python3        2650191 nvme1n1 WS   1657091072 131072   23.866
22:55:40.112 python3        2650191 nvme1n1 WS   1657091328 131072   23.943
22:55:40.112 python3        2650192 nvme1n1 WS   1657004544 131072   23.519
22:55:40.112 python3        2650192 nvme1n1 WS   1657004800 131072   23.597
22:55:40.112 python3        2650192 nvme1n1 WS   1657005056 131072   23.674
22:55:40.113 python3        2650192 nvme1n1 WS   1657005312 131072   23.747
22:55:40.113 python3        2650192 nvme1n1 WS   1657005568 131072   23.821
22:55:40.113 python3        2650192 nvme1n1 WS   1657005824 131072   23.896
22:55:40.113 python3        2650192 nvme1n1 WS   1657006080 131072   23.974
22:55:40.113 python3        2650192 nvme1n1 WS   1657006336 131072   24.030
22:55:40.113 python3        2650192 nvme1n1 WS   1657006592 131072   24.105
22:55:40.113 python3        2650192 nvme1n1 WS   1657006848 131072   24.182
22:55:40.113 python3        2650192 nvme1n1 WS   1657007104 131072   24.256
22:55:40.113 python3        2650192 nvme1n1 WS   1657007360 131072   24.364
22:55:40.113 python3        2650192 nvme1n1 WS   1657007616 131072   24.438
22:55:40.113 python3        2650192 nvme1n1 WS   1657007872 131072   24.500
22:55:40.113 python3        2650191 nvme1n1 WS   1657106944 131072   23.253
22:55:40.114 python3        2650191 nvme1n1 WS   1657107200 131072   23.326
22:55:40.114 python3        2650191 nvme1n1 WS   1657107456 131072   23.401
22:55:40.114 python3        2650191 nvme1n1 WS   1657107712 131072   23.476
22:55:40.114 python3        2650191 nvme1n1 WS   1657107968 131072   23.551
22:55:40.114 python3        2650191 nvme1n1 WS   1657108224 131072   23.626
22:55:40.114 python3        2650191 nvme1n1 WS   1657108480 131072   23.703
22:55:40.114 python3        2650191 nvme1n1 WS   1657108736 131072   23.752
22:55:40.114 python3        2650191 nvme1n1 WS   1657108992 131072   23.831
22:55:40.114 python3        2650191 nvme1n1 WS   1657109248 131072   23.906
22:55:40.114 python3        2650191 nvme1n1 WS   1657109504 131072   23.981
22:55:40.114 python3        2650191 nvme1n1 WS   1657109760 131072   24.056
22:55:40.114 python3        2650192 nvme1n1 WS   1657098752 131072   25.537
22:55:40.114 python3        2650192 nvme1n1 WS   1657099008 131072   25.515
22:55:40.115 python3        2650192 nvme1n1 WS   1657099264 131072   25.591
22:55:40.115 python3        2650192 nvme1n1 WS   1657099520 131072   25.666
22:55:40.115 python3        2650191 nvme1n1 WS   1657110016 131072   24.442
22:55:40.115 python3        2650191 nvme1n1 WS   1657110272 131072   24.491
22:55:40.115 python3        2650191 nvme1n1 WS   1657115136 131072   24.571
22:55:40.115 python3        2650191 nvme1n1 WS   1657115392 131072   24.493
22:55:40.115 python3        2650191 nvme1n1 WS   1657115648 131072   24.567
22:55:40.115 python3        2650191 nvme1n1 WS   1657115904 131072   24.646
22:55:40.115 python3        2650194 nvme1n1 WS   1657123328 131072   21.966
22:55:40.115 python3        2650194 nvme1n1 WS   1657123584 131072   22.040
22:55:40.115 python3        2650194 nvme1n1 WS   1657123840 131072   22.106
22:55:40.115 python3        2650194 nvme1n1 WS   1657124096 131072   22.170
22:55:40.116 python3        2650194 nvme1n1 WS   1657124352 131072   22.300
22:55:40.116 python3        2650194 nvme1n1 WS   1657124608 131072   22.423
22:55:40.116 python3        2650194 nvme1n1 WS   1657124864 131072   22.550
22:55:40.116 python3        2650194 nvme1n1 WS   1657125120 131072   22.658
22:55:40.116 python3        2650194 nvme1n1 WS   1657125376 131072   22.762
22:55:40.116 python3        2650194 nvme1n1 WS   1657125632 131072   22.837
22:55:40.116 python3        2650194 nvme1n1 WS   1657125888 131072   22.912
22:55:40.116 python3        2650194 nvme1n1 WS   1657126144 131072   22.985
22:55:40.116 python3        2650194 nvme1n1 WS   1657126400 131072   23.061
22:55:40.116 python3        2650194 nvme1n1 WS   1657126656 131072   23.115
22:55:40.116 python3        2650194 nvme1n1 WS   1657017856 131072   23.194
22:55:40.117 python3        2650194 nvme1n1 WS   1657018112 131072   23.168
22:55:40.117 python3        2650192 nvme1n1 WS   1657131520 131072   23.043
22:55:40.117 python3        2650192 nvme1n1 WS   1657131776 131072   23.117
22:55:40.117 python3        2650192 nvme1n1 WS   1657132032 131072   23.195
22:55:40.117 python3        2650192 nvme1n1 WS   1657132288 131072   23.273
22:55:40.117 python3        2650192 nvme1n1 WS   1657132544 131072   23.350
22:55:40.117 python3        2650192 nvme1n1 WS   1657132800 131072   23.429
22:55:40.117 python3        2650192 nvme1n1 WS   1657133056 131072   23.555
22:55:40.117 python3        2650192 nvme1n1 WS   1657133312 131072   23.660
22:55:40.117 python3        2650192 nvme1n1 WS   1657133568 131072   23.786
22:55:40.118 python3        2650192 nvme1n1 WS   1657133824 131072   23.912
22:55:40.118 python3        2650192 nvme1n1 WS   1657134080 131072   24.037
22:55:40.118 python3        2650192 nvme1n1 WS   1657134336 131072   24.171
22:55:40.118 python3        2650194 nvme1n1 WS   1657018368 131072   24.581
22:55:40.118 python3        2650194 nvme1n1 WS   1657018624 131072   24.719
22:55:40.118 python3        2650192 nvme1n1 WS   1657147904 131072   23.000
22:55:40.118 python3        2650192 nvme1n1 WS   1657148160 131072   23.142
22:55:40.119 python3        2650192 nvme1n1 WS   1657134592 131072   24.897
22:55:40.119 python3        2650192 nvme1n1 WS   1657134848 131072   25.028
22:55:40.119 python3        2650192 nvme1n1 WS   1657139712 131072   25.157
22:55:40.119 python3        2650192 nvme1n1 WS   1657139968 131072   25.193
22:55:40.119 python3        2650192 nvme1n1 WS   1657140224 131072   25.308
22:55:40.119 python3        2650192 nvme1n1 WS   1657140480 131072   25.421
22:55:40.119 python3        2650192 nvme1n1 WS   1657148416 131072   24.007
22:55:40.119 python3        2650192 nvme1n1 WS   1657148672 131072   24.081
22:55:40.119 python3        2650192 nvme1n1 WS   1657148928 131072   24.157
22:55:40.120 python3        2650192 nvme1n1 WS   1657149184 131072   24.229
22:55:40.120 python3        2650192 nvme1n1 WS   1657149440 131072   24.314
22:55:40.120 python3        2650192 nvme1n1 WS   1657149696 131072   24.369
22:55:40.120 python3        2650192 nvme1n1 WS   1657149952 131072   24.444
22:55:40.120 python3        2650192 nvme1n1 WS   1657150208 131072   24.522
22:55:40.120 python3        2650192 nvme1n1 WS   1657150464 131072   24.596
22:55:40.120 python3        2650192 nvme1n1 WS   1657150720 131072   24.672
22:55:40.120 python3        2650192 nvme1n1 WS   1657150976 131072   24.746
22:55:40.120 python3        2650192 nvme1n1 WS   1657151232 131072   24.810
22:55:40.120 python3        2650192 nvme1n1 WS   1657026048 131072   24.889
22:55:40.120 python3        2650192 nvme1n1 WS   1657026304 131072   24.867
22:55:40.120 python3        2650192 nvme1n1 WS   1657026560 131072   24.931
22:55:40.121 python3        2650192 nvme1n1 WS   1657026816 131072   24.992
22:55:40.121 python3        2650191 nvme1n1 WS   1658106368 131072   23.181
22:55:40.121 python3        2650191 nvme1n1 WS   1658106624 131072   23.301
22:55:40.121 python3        2650191 nvme1n1 WS   1658106880 131072   23.427
22:55:40.121 python3        2650191 nvme1n1 WS   1658107136 131072   23.521
22:55:40.121 python3        2650191 nvme1n1 WS   1658107392 131072   23.600
22:55:40.121 python3        2650191 nvme1n1 WS   1658107648 131072   23.679
22:55:40.121 python3        2650191 nvme1n1 WS   1658107904 131072   23.763
22:55:40.121 python3        2650191 nvme1n1 WS   1658108160 131072   23.812
22:55:40.121 python3        2650191 nvme1n1 WS   1658108416 131072   23.894
22:55:40.121 python3        2650191 nvme1n1 WS   1658108672 131072   23.966
22:55:40.121 python3        2650191 nvme1n1 WS   1658108928 131072   24.043
22:55:40.122 python3        2650191 nvme1n1 WS   1658109184 131072   24.118
22:55:40.122 python3        2650191 nvme1n1 WS   1658109440 131072   24.201
22:55:40.122 python3        2650191 nvme1n1 WS   1658109696 131072   24.283
22:55:40.122 python3        2650191 nvme1n1 WS   1658109952 131072   24.355
22:55:40.122 python3        2650191 nvme1n1 WS   1658110208 131072   24.327
22:55:40.122 python3        2650193 nvme1n1 WS   1657156096 131072   23.108
22:55:40.122 python3        2650193 nvme1n1 WS   1657156352 131072   23.183
22:55:40.122 python3        2650193 nvme1n1 WS   1657156608 131072   23.259
22:55:40.122 python3        2650193 nvme1n1 WS   1657156864 131072   23.332
22:55:40.122 python3        2650193 nvme1n1 WS   1657157120 131072   23.406
22:55:40.122 python3        2650193 nvme1n1 WS   1657157376 131072   23.485
22:55:40.122 python3        2650193 nvme1n1 WS   1657157632 131072   23.564
22:55:40.123 python3        2650193 nvme1n1 WS   1657157888 131072   23.619
22:55:40.123 python3        2650193 nvme1n1 WS   1657158144 131072   23.693
22:55:40.123 python3        2650193 nvme1n1 WS   1657158400 131072   23.765
22:55:40.123 python3        2650193 nvme1n1 WS   1657158656 131072   23.837
22:55:40.123 python3        2650193 nvme1n1 WS   1657158912 131072   23.910
22:55:40.123 python3        2650191 nvme1n1 WS   1658335744 131072   25.342
22:55:40.123 python3        2650191 nvme1n1 WS   1658336000 131072   25.417
22:55:40.123 python3        2650193 nvme1n1 WS   1657159168 131072   24.146
22:55:40.123 python3        2650193 nvme1n1 WS   1657159424 131072   24.227
22:55:40.123 python3        2650193 nvme1n1 WS   1657034240 131072   24.309
22:55:40.123 python3        2650193 nvme1n1 WS   1657034496 131072   24.251
22:55:40.123 python3        2650193 nvme1n1 WS   1657034752 131072   24.316
22:55:40.123 python3        2650193 nvme1n1 WS   1657035008 131072   24.385
22:55:40.124 python3        2650193 nvme1n1 WS   1657164288 131072   23.277
22:55:40.124 python3        2650193 nvme1n1 WS   1657164544 131072   23.394
22:55:40.125 python3        2650193 nvme1n1 WS   1657164800 131072   23.523
22:55:40.125 python3        2650193 nvme1n1 WS   1657165056 131072   23.645
22:55:40.125 python3        2650193 nvme1n1 WS   1657165312 131072   23.771
22:55:40.125 python3        2650193 nvme1n1 WS   1657165568 131072   23.898
22:55:40.125 python3        2650193 nvme1n1 WS   1657165824 131072   24.033
22:55:40.125 python3        2650193 nvme1n1 WS   1657166080 131072   24.155
22:55:40.125 python3        2650193 nvme1n1 WS   1657166336 131072   24.291
22:55:40.125 python3        2650193 nvme1n1 WS   1657166592 131072   24.468
22:55:40.125 python3        2650193 nvme1n1 WS   1657166848 131072   24.600
22:55:40.125 python3        2650193 nvme1n1 WS   1657167104 131072   24.709
22:55:40.125 python3        2650193 nvme1n1 WS   1657167360 131072   24.786
22:55:40.125 python3        2650193 nvme1n1 WS   1657167616 131072   24.847
22:55:40.125 python3        2650193 nvme1n1 WS   1657042432 131072   24.928
22:55:40.125 python3        2650193 nvme1n1 WS   1657042688 131072   24.913
22:55:40.125 python3        2650193 nvme1n1 WS   1657042944 131072   24.992
22:55:40.126 python3        2650193 nvme1n1 WS   1657043200 131072   25.075
22:55:40.126 python3        2650193 nvme1n1 WS   1658122752 131072   23.409
22:55:40.126 python3        2650193 nvme1n1 WS   1658123008 131072   23.518
22:55:40.126 python3        2650193 nvme1n1 WS   1658123264 131072   23.648
22:55:40.126 python3        2650193 nvme1n1 WS   1658123520 131072   23.771
22:55:40.126 python3        2650193 nvme1n1 WS   1658123776 131072   23.896
22:55:40.126 python3        2650193 nvme1n1 WS   1658124032 131072   24.025
22:55:40.126 python3        2650193 nvme1n1 WS   1658124288 131072   24.150
22:55:40.127 python3        2650193 nvme1n1 WS   1658124544 131072   24.204
22:55:40.127 python3        2650193 nvme1n1 WS   1658124800 131072   24.283
22:55:40.127 python3        2650193 nvme1n1 WS   1658125056 131072   24.361
22:55:40.127 python3        2650193 nvme1n1 WS   1658125312 131072   24.440
22:55:40.127 python3        2650193 nvme1n1 WS   1658125568 131072   24.514
22:55:40.127 python3        2650193 nvme1n1 WS   1658125824 131072   24.593
22:55:40.127 python3        2650193 nvme1n1 WS   1658126080 131072   24.666
22:55:40.127 python3        2650194 nvme1n1 WS   1658139136 131072   23.331
22:55:40.127 python3        2650194 nvme1n1 WS   1658139392 131072   23.400
22:55:40.127 python3        2650194 nvme1n1 WS   1658139648 131072   23.464
22:55:40.127 python3        2650194 nvme1n1 WS   1658139904 131072   23.527
22:55:40.127 python3        2650194 nvme1n1 WS   1658140160 131072   23.614
22:55:40.127 python3        2650194 nvme1n1 WS   1658140416 131072   23.742
22:55:40.128 python3        2650194 nvme1n1 WS   1658140672 131072   23.867
22:55:40.128 python3        2650194 nvme1n1 WS   1658140928 131072   23.970
22:55:40.128 python3        2650194 nvme1n1 WS   1658141184 131072   24.096
22:55:40.128 python3        2650194 nvme1n1 WS   1658141440 131072   24.227
22:55:40.128 python3        2650194 nvme1n1 WS   1658141696 131072   24.348
22:55:40.128 python3        2650194 nvme1n1 WS   1658141952 131072   24.424
22:55:40.128 python3        2650193 nvme1n1 WS   1658126336 131072   25.988
22:55:40.128 python3        2650193 nvme1n1 WS   1658126592 131072   25.970
22:55:40.128 python3        2650193 nvme1n1 WS   1658343936 131072   26.044
22:55:40.129 python3        2650193 nvme1n1 WS   1658344192 131072   26.124
22:55:40.129 python3        2650194 nvme1n1 WS   1658142208 131072   24.824
22:55:40.129 python3        2650194 nvme1n1 WS   1658142464 131072   24.898
22:55:40.129 python3        2650194 nvme1n1 WS   1658142720 131072   24.975
22:55:40.129 python3        2650194 nvme1n1 WS   1658142976 131072   24.951
22:55:40.129 python3        2650194 nvme1n1 WS   1658352128 131072   25.025
22:55:40.129 python3        2650194 nvme1n1 WS   1658352384 131072   25.098
22:55:40.129 python3        2650194 nvme1n1 WS   1658155520 131072   22.771
22:55:40.129 python3        2650194 nvme1n1 WS   1658155776 131072   22.846
22:55:40.129 python3        2650194 nvme1n1 WS   1658156032 131072   22.923
22:55:40.129 python3        2650194 nvme1n1 WS   1658156288 131072   23.007
22:55:40.130 python3        2650194 nvme1n1 WS   1658156544 131072   23.133
22:55:40.130 python3        2650194 nvme1n1 WS   1658156800 131072   23.260
22:55:40.130 python3        2650194 nvme1n1 WS   1658157056 131072   23.389
22:55:40.130 python3        2650194 nvme1n1 WS   1658157312 131072   23.489
22:55:40.130 python3        2650194 nvme1n1 WS   1658157568 131072   23.631
22:55:40.130 python3        2650194 nvme1n1 WS   1658157824 131072   23.774
22:55:40.130 python3        2650193 nvme1n1 WS   1658171904 131072   23.419
22:55:40.130 python3        2650193 nvme1n1 WS   1658172160 131072   23.557
22:55:40.131 python3        2650193 nvme1n1 WS   1658172416 131072   23.694
22:55:40.131 python3        2650193 nvme1n1 WS   1658172672 131072   23.836
22:55:40.131 python3        2650193 nvme1n1 WS   1658172928 131072   23.978
22:55:40.131 python3        2650193 nvme1n1 WS   1658173184 131072   24.117
22:55:40.131 python3        2650193 nvme1n1 WS   1658173440 131072   24.261
22:55:40.131 python3        2650193 nvme1n1 WS   1658173696 131072   24.407
22:55:40.131 python3        2650193 nvme1n1 WS   1658173952 131072   24.547
22:55:40.132 python3        2650193 nvme1n1 WS   1658174208 131072   24.696
22:55:40.132 python3        2650193 nvme1n1 WS   1658174464 131072   24.836
22:55:40.132 python3        2650193 nvme1n1 WS   1658174720 131072   24.975
22:55:40.132 python3        2650194 nvme1n1 WS   1658158080 131072   25.687
22:55:40.132 python3        2650194 nvme1n1 WS   1658158336 131072   25.828
22:55:40.132 python3        2650194 nvme1n1 WS   1658158592 131072   25.970
22:55:40.132 python3        2650194 nvme1n1 WS   1658158848 131072   26.112
22:55:40.133 python3        2650193 nvme1n1 WS   1658174976 131072   25.699
22:55:40.133 python3        2650193 nvme1n1 WS   1658175232 131072   25.835
22:55:40.133 python3        2650193 nvme1n1 WS   1658175488 131072   25.980
22:55:40.133 python3        2650193 nvme1n1 WS   1658175744 131072   25.957
22:55:40.133 python3        2650193 nvme1n1 WS   1658368512 131072   26.102
22:55:40.133 python3        2650193 nvme1n1 WS   1658368768 131072   26.244
22:55:40.134 python3        2650192 nvme1n1 WS   1658188288 131072   25.081
22:55:40.134 python3        2650192 nvme1n1 WS   1658188544 131072   25.219
22:55:40.134 python3        2650192 nvme1n1 WS   1658188800 131072   25.361
22:55:40.134 python3        2650192 nvme1n1 WS   1658189056 131072   25.503
22:55:40.134 python3        2650192 nvme1n1 WS   1658189312 131072   25.645
22:55:40.134 python3        2650192 nvme1n1 WS   1658189568 131072   25.787
22:55:40.134 python3        2650192 nvme1n1 WS   1658189824 131072   25.931
22:55:40.135 python3        2650192 nvme1n1 WS   1658190080 131072   26.046
22:55:40.135 python3        2650192 nvme1n1 WS   1658190336 131072   26.184
22:55:40.135 python3        2650192 nvme1n1 WS   1658190592 131072   26.327
22:55:40.135 python3        2650192 nvme1n1 WS   1658190848 131072   26.472
22:55:40.135 python3        2650192 nvme1n1 WS   1658191104 131072   26.612
22:55:40.135 python3        2650194 nvme1n1 WS   1658159104 131072   28.866
22:55:40.135 python3        2650194 nvme1n1 WS   1658159360 131072   28.910
22:55:40.136 python3        2650194 nvme1n1 WS   1658360320 131072   29.053
22:55:40.136 python3        2650194 nvme1n1 WS   1658360576 131072   29.194
22:55:40.136 python3        2650192 nvme1n1 WS   1658191360 131072   27.340
22:55:40.136 python3        2650192 nvme1n1 WS   1658191616 131072   27.481
22:55:40.136 python3        2650192 nvme1n1 WS   1658191872 131072   27.623
22:55:40.136 python3        2650192 nvme1n1 WS   1658192128 131072   27.655
22:55:40.136 python3        2650192 nvme1n1 WS   1658376704 131072   27.798
22:55:40.137 python3        2650192 nvme1n1 WS   1658376960 131072   27.942
22:55:40.137 python3        2650191 nvme1n1 WS   1658193552 131072   25.542
22:55:40.137 python3        2650191 nvme1n1 WS   1658193808 131072   25.676
22:55:40.137 python3        2650191 nvme1n1 WS   1658194064 131072   25.844
22:55:40.137 python3        2650191 nvme1n1 WS   1658194320 131072   26.012
22:55:40.137 python3        2650191 nvme1n1 WS   1658194576 131072   26.181
22:55:40.138 python3        2650191 nvme1n1 WS   1658194832 131072   26.352
22:55:40.138 python3        2650191 nvme1n1 WS   1658195088 131072   26.520
22:55:40.138 python3        2650191 nvme1n1 WS   1658195344 131072   26.656
22:55:40.138 python3        2650191 nvme1n1 WS   1658195600 131072   26.827
22:55:40.138 python3        2650191 nvme1n1 WS   1658195856 131072   26.992
22:55:40.138 python3        2650191 nvme1n1 WS   1658196112 131072   27.160
22:55:40.139 python3        2650191 nvme1n1 WS   1658196368 131072   27.330
22:55:40.139 python3        2650191 nvme1n1 WS   1658196624 131072   27.499
22:55:40.139 python3        2650191 nvme1n1 WS   1658196880 131072   27.669
22:55:40.139 python3        2650191 nvme1n1 WS   1658197136 131072   27.837
22:55:40.139 python3        2650191 nvme1n1 WS   1658197392 131072   27.876
22:55:40.139 python3        2650194 nvme1n1 WS   1658221056 131072   27.585
22:55:40.140 python3        2650194 nvme1n1 WS   1658221312 131072   27.750
22:55:40.140 python3        2650194 nvme1n1 WS   1658221568 131072   27.916
22:55:40.140 python3        2650194 nvme1n1 WS   1658221824 131072   28.083
22:55:40.140 python3        2650194 nvme1n1 WS   1658222080 131072   28.252
22:55:40.140 python3        2650194 nvme1n1 WS   1658222336 131072   28.420
22:55:40.141 python3        2650194 nvme1n1 WS   1658222592 131072   28.589
22:55:40.141 python3        2650194 nvme1n1 WS   1658222848 131072   28.722
22:55:40.141 python3        2650194 nvme1n1 WS   1658223104 131072   28.894
22:55:40.141 python3        2650194 nvme1n1 WS   1658223360 131072   29.264
22:55:40.142 python3        2650194 nvme1n1 WS   1658223616 131072   29.605
22:55:40.142 python3        2650194 nvme1n1 WS   1658223872 131072   29.946
22:55:40.142 python3        2650191 nvme1n1 WS   1658328576 131072   30.835
22:55:40.143 python3        2650191 nvme1n1 WS   1658328832 131072   31.175
22:55:40.143 python3        2650194 nvme1n1 WS   1658224128 131072   30.977
22:55:40.143 python3        2650194 nvme1n1 WS   1658224384 131072   31.320
22:55:40.144 python3        2650194 nvme1n1 WS   1658224640 131072   31.657
22:55:40.144 python3        2650194 nvme1n1 WS   1658224896 131072   31.857
22:55:40.144 python3        2650194 nvme1n1 WS   1658384896 131072   32.202
22:55:40.145 python3        2650194 nvme1n1 WS   1658385152 131072   32.549
22:55:40.145 python3        2650191 nvme1n1 WS   1657172480 131072   31.731
22:55:40.145 python3        2650191 nvme1n1 WS   1657172736 131072   31.883
22:55:40.145 python3        2650191 nvme1n1 WS   1657172992 131072   32.021
22:55:40.145 python3        2650191 nvme1n1 WS   1657173248 131072   32.163
22:55:40.145 python3        2650191 nvme1n1 WS   1657173504 131072   32.310
22:55:40.146 python3        2650191 nvme1n1 WS   1657173760 131072   32.453
22:55:40.146 python3        2650191 nvme1n1 WS   1657174016 131072   32.601
22:55:40.146 python3        2650191 nvme1n1 WS   1657174272 131072   32.713
22:55:40.146 python3        2650191 nvme1n1 WS   1657174528 131072   32.845
22:55:40.146 python3        2650191 nvme1n1 WS   1657174784 131072   32.971
22:55:40.146 python3        2650191 nvme1n1 WS   1657175040 131072   33.101
22:55:40.146 python3        2650191 nvme1n1 WS   1657175296 131072   33.202
22:55:40.146 python3        2650191 nvme1n1 WS   1657175552 131072   33.271
22:55:40.147 python3        2650191 nvme1n1 WS   1657175808 131072   33.332
22:55:40.147 python3        2650191 nvme1n1 WS   1657050624 131072   33.414
22:55:40.147 python3        2650191 nvme1n1 WS   1657050880 131072   33.363
22:55:40.147 python3        2650191 nvme1n1 WS   1657051136 131072   33.442
22:55:40.147 python3        2650191 nvme1n1 WS   1657051392 131072   33.521
22:55:40.147 python3        2650191 nvme1n1 WS   1673867776 131072   30.921
22:55:40.147 python3        2650191 nvme1n1 WS   1673868032 131072   30.982
22:55:40.147 python3        2650191 nvme1n1 WS   1673868288 131072   31.059
22:55:40.147 python3        2650191 nvme1n1 WS   1673868544 131072   31.133
22:55:40.147 python3        2650191 nvme1n1 WS   1673868800 131072   31.211
22:55:40.147 python3        2650191 nvme1n1 WS   1673869056 131072   31.291
22:55:40.147 python3        2650191 nvme1n1 WS   1673869312 131072   31.367
22:55:40.147 python3        2650191 nvme1n1 WS   1673869568 131072   31.421
22:55:40.148 python3        2650191 nvme1n1 WS   1673869824 131072   31.494
22:55:40.148 python3        2650191 nvme1n1 WS   1673870080 131072   31.571
22:55:40.148 python3        2650191 nvme1n1 WS   1673870336 131072   31.645
22:55:40.148 python3        2650191 nvme1n1 WS   1673870592 131072   31.728
22:55:40.148 python3        2650191 nvme1n1 WS   1673870848 131072   31.793
22:55:40.148 python3        2650192 nvme1n1 WS   1657180672 131072   31.874
22:55:40.148 python3        2650192 nvme1n1 WS   1657180928 131072   31.933
22:55:40.148 python3        2650192 nvme1n1 WS   1657181184 131072   31.989
22:55:40.148 python3        2650192 nvme1n1 WS   1657181440 131072   32.118
22:55:40.148 python3        2650192 nvme1n1 WS   1657181696 131072   32.242
22:55:40.148 python3        2650192 nvme1n1 WS   1657181952 131072   32.371
22:55:40.149 python3        2650192 nvme1n1 WS   1657182208 131072   32.498
22:55:40.149 python3        2650192 nvme1n1 WS   1657182464 131072   32.600
22:55:40.149 python3        2650192 nvme1n1 WS   1657182720 131072   32.702
22:55:40.149 python3        2650192 nvme1n1 WS   1657182976 131072   32.792
22:55:40.149 python3        2650192 nvme1n1 WS   1657183232 131072   32.874
22:55:40.149 python3        2650192 nvme1n1 WS   1657183488 131072   32.946
22:55:40.149 python3        2650191 nvme1n1 WS   1673871104 131072   33.065
22:55:40.149 python3        2650191 nvme1n1 WS   1673828352 131072   33.142
22:55:40.149 python3        2650191 nvme1n1 WS   1673828608 131072   33.122
22:55:40.149 python3        2650191 nvme1n1 WS   1674060800 131072   33.199
22:55:40.149 python3        2650192 nvme1n1 WS   1657183744 131072   33.341
22:55:40.150 python3        2650192 nvme1n1 WS   1657184000 131072   33.389
22:55:40.150 python3        2650192 nvme1n1 WS   1657058816 131072   33.468
22:55:40.150 python3        2650192 nvme1n1 WS   1657059072 131072   33.430
22:55:40.150 python3        2650192 nvme1n1 WS   1657059328 131072   33.541
22:55:40.150 python3        2650192 nvme1n1 WS   1657059584 131072   33.618
22:55:40.150 python3        2650191 nvme1n1 WS   1674061056 131072   33.790
22:55:40.150 python3        2650194 nvme1n1 WS   1673875968 131072   31.171
22:55:40.150 python3        2650194 nvme1n1 WS   1673876224 131072   31.289
22:55:40.150 python3        2650194 nvme1n1 WS   1673876480 131072   31.415
22:55:40.150 python3        2650194 nvme1n1 WS   1673876736 131072   31.546
22:55:40.151 python3        2650194 nvme1n1 WS   1673876992 131072   31.652
22:55:40.151 python3        2650194 nvme1n1 WS   1673877248 131072   31.669
22:55:40.151 python3        2650194 nvme1n1 WS   1673877504 131072   31.730
22:55:40.151 python3        2650194 nvme1n1 WS   1673877760 131072   31.820
22:55:40.151 python3        2650194 nvme1n1 WS   1673878016 131072   31.949
22:55:40.151 python3        2650194 nvme1n1 WS   1673878272 131072   32.082
22:55:40.151 python3        2650194 nvme1n1 WS   1673878528 131072   32.200
22:55:40.151 python3        2650194 nvme1n1 WS   1673878784 131072   32.328
22:55:40.151 python3        2650194 nvme1n1 WS   1673879040 131072   32.428
22:55:40.152 python3        2650194 nvme1n1 WS   1673879296 131072   32.478
22:55:40.152 python3        2650194 nvme1n1 WS   1673836544 131072   32.552
22:55:40.152 python3        2650194 nvme1n1 WS   1673836800 131072   32.508
22:55:40.152 python3        2650194 nvme1n1 WS   1674073088 131072   32.587
22:55:40.152 python3        2650194 nvme1n1 WS   1674073344 131072   32.671
22:55:40.152 python3        2650192 nvme1n1 WS   1673884160 131072   31.958
22:55:40.152 python3        2650192 nvme1n1 WS   1673884416 131072   32.032
22:55:40.152 python3        2650192 nvme1n1 WS   1673884672 131072   32.106
22:55:40.152 python3        2650192 nvme1n1 WS   1673884928 131072   32.182
22:55:40.152 python3        2650192 nvme1n1 WS   1673885184 131072   32.255
22:55:40.152 python3        2650192 nvme1n1 WS   1673885440 131072   32.339
22:55:40.152 python3        2650192 nvme1n1 WS   1673885696 131072   32.438
22:55:40.153 python3        2650192 nvme1n1 WS   1673885952 131072   32.531
22:55:40.153 python3        2650192 nvme1n1 WS   1673886208 131072   32.614
22:55:40.153 python3        2650192 nvme1n1 WS   1673886464 131072   32.683
22:55:40.153 python3        2650192 nvme1n1 WS   1673886720 131072   32.768
22:55:40.153 python3        2650192 nvme1n1 WS   1673886976 131072   32.843
22:55:40.153 python3        2650192 nvme1n1 WS   1673887232 131072   32.923
22:55:40.153 python3        2650192 nvme1n1 WS   1673887488 131072   32.975
22:55:40.153 python3        2650192 nvme1n1 WS   1657188864 131072   31.247
22:55:40.153 python3        2650192 nvme1n1 WS   1657189120 131072   31.321
22:55:40.153 python3        2650192 nvme1n1 WS   1657189376 131072   31.400
22:55:40.153 python3        2650192 nvme1n1 WS   1657189632 131072   31.510
22:55:40.154 python3        2650192 nvme1n1 WS   1657189888 131072   31.635
22:55:40.154 python3        2650192 nvme1n1 WS   1657190144 131072   31.743
22:55:40.154 python3        2650192 nvme1n1 WS   1657190400 131072   31.866
22:55:40.154 python3        2650192 nvme1n1 WS   1657190656 131072   31.968
22:55:40.154 python3        2650192 nvme1n1 WS   1657190912 131072   32.098
22:55:40.154 python3        2650192 nvme1n1 WS   1657191168 131072   32.239
22:55:40.154 python3        2650192 nvme1n1 WS   1657191424 131072   32.384
22:55:40.155 python3        2650192 nvme1n1 WS   1657191680 131072   32.522
22:55:40.155 python3        2650192 nvme1n1 WS   1673892352 131072   34.569
22:55:40.155 python3        2650192 nvme1n1 WS   1673892608 131072   34.572
22:55:40.155 python3        2650192 nvme1n1 WS   1674077184 131072   34.714
22:55:40.155 python3        2650192 nvme1n1 WS   1674077440 131072   34.859
22:55:40.155 python3        2650192 nvme1n1 WS   1657191936 131072   33.237
22:55:40.155 python3        2650192 nvme1n1 WS   1657192192 131072   33.339
22:55:40.156 python3        2650192 nvme1n1 WS   1657018880 131072   33.468
22:55:40.156 python3        2650192 nvme1n1 WS   1657019136 131072   33.479
22:55:40.156 python3        2650192 nvme1n1 WS   1657067008 131072   33.599
22:55:40.156 python3        2650192 nvme1n1 WS   1657067264 131072   33.678
22:55:40.156 python3        2650191 nvme1n1 WS   1657197056 131072   31.790
22:55:40.156 python3        2650191 nvme1n1 WS   1657197312 131072   31.862
22:55:40.156 python3        2650191 nvme1n1 WS   1657197568 131072   31.934
22:55:40.156 python3        2650191 nvme1n1 WS   1657197824 131072   32.009
22:55:40.156 python3        2650191 nvme1n1 WS   1657198080 131072   32.090
22:55:40.156 python3        2650191 nvme1n1 WS   1657198336 131072   32.207
22:55:40.156 python3        2650191 nvme1n1 WS   1657198592 131072   32.283
22:55:40.157 python3        2650191 nvme1n1 WS   1657198848 131072   32.340
22:55:40.157 python3        2650191 nvme1n1 WS   1657199104 131072   32.414
22:55:40.157 python3        2650191 nvme1n1 WS   1657199360 131072   32.486
22:55:40.157 python3        2650191 nvme1n1 WS   1657199616 131072   32.561
22:55:40.157 python3        2650191 nvme1n1 WS   1657199872 131072   32.633
22:55:40.157 python3        2650193 nvme1n1 WS   1657205248 131072   32.667
22:55:40.157 python3        2650193 nvme1n1 WS   1657205504 131072   32.738
22:55:40.157 python3        2650193 nvme1n1 WS   1657205760 131072   32.809
22:55:40.157 python3        2650193 nvme1n1 WS   1657206016 131072   32.889
22:55:40.157 python3        2650191 nvme1n1 WS   1657200128 131072   33.034
22:55:40.157 python3        2650191 nvme1n1 WS   1657200384 131072   33.091
22:55:40.157 python3        2650191 nvme1n1 WS   1657027072 131072   33.174
22:55:40.158 python3        2650191 nvme1n1 WS   1657027328 131072   33.135
22:55:40.158 python3        2650191 nvme1n1 WS   1657075200 131072   33.213
22:55:40.158 python3        2650191 nvme1n1 WS   1657075456 131072   33.289
22:55:40.158 python3        2650193 nvme1n1 WS   1657206272 131072   33.458
22:55:40.158 python3        2650193 nvme1n1 WS   1657206528 131072   33.539
22:55:40.158 python3        2650193 nvme1n1 WS   1657206784 131072   33.620
22:55:40.158 python3        2650193 nvme1n1 WS   1657207040 131072   33.666
22:55:40.158 python3        2650193 nvme1n1 WS   1657207296 131072   33.739
22:55:40.158 python3        2650193 nvme1n1 WS   1657207552 131072   33.814
22:55:40.158 python3        2650193 nvme1n1 WS   1657207808 131072   33.886
22:55:40.158 python3        2650193 nvme1n1 WS   1657208064 131072   33.965
22:55:40.158 python3        2650193 nvme1n1 WS   1657208320 131072   34.039
22:55:40.160 python3        2650193 nvme1n1 WS   1657208576 131072   34.087
22:55:40.160 python3        2650193 nvme1n1 WS   1657035264 131072   34.166
22:55:40.160 python3        2650193 nvme1n1 WS   1657035520 131072   34.129
22:55:40.160 python3        2650193 nvme1n1 WS   1657083392 131072   34.517
22:55:40.160 python3        2650193 nvme1n1 WS   1657083648 131072   34.590
22:55:40.160 python3        2650193 nvme1n1 WS   1657213440 131072   32.265
22:55:40.160 python3        2650193 nvme1n1 WS   1657213696 131072   32.332
22:55:40.160 python3        2650193 nvme1n1 WS   1657213952 131072   32.403
22:55:40.160 python3        2650193 nvme1n1 WS   1657214208 131072   32.477
22:55:40.160 python3        2650193 nvme1n1 WS   1657214464 131072   32.709
22:55:40.160 python3        2650193 nvme1n1 WS   1657214720 131072   32.787
22:55:40.160 python3        2650193 nvme1n1 WS   1657214976 131072   32.861
22:55:40.160 python3        2650193 nvme1n1 WS   1657215232 131072   32.910
22:55:40.160 python3        2650193 nvme1n1 WS   1657215488 131072   32.988
22:55:40.160 python3        2650193 nvme1n1 WS   1657215744 131072   33.064
22:55:40.160 python3        2650193 nvme1n1 WS   1657216000 131072   33.141
22:55:40.160 python3        2650193 nvme1n1 WS   1657216256 131072   33.218
22:55:40.160 python3        2650193 nvme1n1 WS   1657216512 131072   33.291
22:55:40.160 python3        2650193 nvme1n1 WS   1657216768 131072   33.342
22:55:40.160 python3        2650193 nvme1n1 WS   1657043456 131072   33.416
22:55:40.160 python3        2650193 nvme1n1 WS   1657043712 131072   33.360
22:55:40.160 python3        2650193 nvme1n1 WS   1657091584 131072   33.437
22:55:40.160 python3        2650193 nvme1n1 WS   1657091840 131072   33.519
22:55:40.160 python3        2650193 nvme1n1 WS   583255656  131072   30.694
22:55:40.160 python3        2650193 nvme1n1 WS   583255912  131072   30.813
22:55:40.161 python3        2650193 nvme1n1 WS   583256168  131072   30.939
22:55:40.161 python3        2650193 nvme1n1 WS   583256424  131072   31.066
22:55:40.161 python3        2650193 nvme1n1 WS   583256680  131072   31.190
22:55:40.161 python3        2650193 nvme1n1 WS   583256936  131072   31.319
22:55:40.161 python3        2650193 nvme1n1 WS   583257192  131072   31.460
22:55:40.161 python3        2650193 nvme1n1 WS   583257448  131072   31.575
22:55:40.161 python3        2650193 nvme1n1 WS   583257704  131072   31.720
22:55:40.162 python3        2650193 nvme1n1 WS   583257960  131072   31.863
22:55:40.162 python3        2650193 nvme1n1 WS   583258216  131072   32.001
22:55:40.162 python3        2650193 nvme1n1 WS   583258472  131072   32.127
22:55:40.162 python3        2650193 nvme1n1 WS   583258728  131072   32.253
22:55:40.162 python3        2650193 nvme1n1 WS   583258984  131072   32.416
22:55:40.162 python3        2650193 nvme1n1 WS   583259240  131072   32.544
22:55:40.163 python3        2650193 nvme1n1 WS   583259496  131072   32.649
22:55:40.163 python3        2650194 nvme1n1 WS   1657221632 131072   32.623
22:55:40.163 python3        2650194 nvme1n1 WS   1657221888 131072   32.739
22:55:40.163 python3        2650194 nvme1n1 WS   1657222144 131072   32.863
22:55:40.163 python3        2650194 nvme1n1 WS   1657222400 131072   32.993
22:55:40.163 python3        2650194 nvme1n1 WS   1657222656 131072   33.139
22:55:40.163 python3        2650194 nvme1n1 WS   1657222912 131072   33.278
22:55:40.163 python3        2650194 nvme1n1 WS   1657223168 131072   33.419
22:55:40.164 python3        2650194 nvme1n1 WS   1657223424 131072   33.516
22:55:40.164 python3        2650194 nvme1n1 WS   1657223680 131072   33.660
22:55:40.164 python3        2650194 nvme1n1 WS   1657223936 131072   33.806
22:55:40.164 python3        2650194 nvme1n1 WS   1657224192 131072   33.938
22:55:40.164 python3        2650194 nvme1n1 WS   1657224448 131072   34.068
22:55:40.164 python3        2650193 nvme1n1 WS   583259752  131072   34.448
22:55:40.164 python3        2650193 nvme1n1 WS   583260008  131072   34.534
22:55:40.164 python3        2650194 nvme1n1 WS   1657224704 131072   34.365
22:55:40.164 python3        2650194 nvme1n1 WS   1657224960 131072   34.415
22:55:40.165 python3        2650194 nvme1n1 WS   1657069056 131072   34.493
22:55:40.165 python3        2650194 nvme1n1 WS   1657069312 131072   34.451
22:55:40.165 python3        2650194 nvme1n1 WS   1657099776 131072   34.523
22:55:40.165 python3        2650194 nvme1n1 WS   1657100032 131072   34.600
22:55:40.166 python3        2650193 nvme1n1 WS   1673900544 131072   30.788
22:55:40.166 python3        2650193 nvme1n1 WS   1673900800 131072   30.857
22:55:40.166 python3        2650193 nvme1n1 WS   1673901056 131072   30.933
22:55:40.166 python3        2650193 nvme1n1 WS   1673901312 131072   31.007
22:55:40.166 python3        2650193 nvme1n1 WS   1673901568 131072   31.085
22:55:40.166 python3        2650193 nvme1n1 WS   1673901824 131072   31.165
22:55:40.166 python3        2650193 nvme1n1 WS   1673902080 131072   31.249
22:55:40.166 python3        2650193 nvme1n1 WS   1673902336 131072   31.312
22:55:40.166 python3        2650193 nvme1n1 WS   1673902592 131072   31.385
22:55:40.166 python3        2650193 nvme1n1 WS   1673902848 131072   31.461
22:55:40.166 python3        2650193 nvme1n1 WS   1673903104 131072   31.534
22:55:40.166 python3        2650193 nvme1n1 WS   1673903360 131072   31.609
22:55:40.166 python3        2650193 nvme1n1 WS   1673903616 131072   31.683
22:55:40.166 python3        2650193 nvme1n1 WS   1673903872 131072   31.747
22:55:40.166 python3        2650193 nvme1n1 WS   1673908736 131072   31.825
22:55:40.166 python3        2650193 nvme1n1 WS   1673908992 131072   31.816
22:55:40.166 python3        2650193 nvme1n1 WS   1674101248 131072   31.895
22:55:40.166 python3        2650193 nvme1n1 WS   1674101504 131072   31.973
22:55:40.166 python3        2650194 nvme1n1 WS   1657229824 131072   29.382
22:55:40.166 python3        2650194 nvme1n1 WS   1657230080 131072   29.453
22:55:40.166 python3        2650194 nvme1n1 WS   1657230336 131072   29.527
22:55:40.167 python3        2650194 nvme1n1 WS   1657230592 131072   29.602
22:55:40.167 python3        2650194 nvme1n1 WS   1657230848 131072   29.678
22:55:40.167 python3        2650194 nvme1n1 WS   1657231104 131072   29.749
22:55:40.167 python3        2650194 nvme1n1 WS   1657231360 131072   29.826
22:55:40.167 python3        2650194 nvme1n1 WS   1657231616 131072   29.852
22:55:40.167 python3        2650194 nvme1n1 WS   1657231872 131072   29.934
22:55:40.167 python3        2650194 nvme1n1 WS   1657232128 131072   30.013
22:55:40.167 python3        2650194 nvme1n1 WS   1657232384 131072   30.087
22:55:40.167 python3        2650194 nvme1n1 WS   1657232640 131072   30.159
22:55:40.167 python3        2650192 nvme1n1 WS   1674109440 131072   29.645
22:55:40.167 python3        2650192 nvme1n1 WS   1674109696 131072   29.715
22:55:40.167 python3        2650192 nvme1n1 WS   1674109952 131072   29.795
22:55:40.167 python3        2650192 nvme1n1 WS   1674110208 131072   29.871
22:55:40.168 python3        2650194 nvme1n1 WS   1657232896 131072   30.566
22:55:40.168 python3        2650194 nvme1n1 WS   1657233152 131072   30.610
22:55:40.168 python3        2650194 nvme1n1 WS   1657077248 131072   30.687
22:55:40.168 python3        2650194 nvme1n1 WS   1657077504 131072   30.640
22:55:40.168 python3        2650194 nvme1n1 WS   1657116160 131072   30.715
22:55:40.168 python3        2650194 nvme1n1 WS   1657116416 131072   30.823
22:55:40.168 python3        2650192 nvme1n1 WS   1674110464 131072   30.458
22:55:40.168 python3        2650192 nvme1n1 WS   1674110720 131072   30.534
22:55:40.168 python3        2650192 nvme1n1 WS   1674110976 131072   30.606
22:55:40.168 python3        2650192 nvme1n1 WS   1674111232 131072   30.656
22:55:40.168 python3        2650192 nvme1n1 WS   1674111488 131072   30.729
22:55:40.168 python3        2650192 nvme1n1 WS   1674111744 131072   30.805
22:55:40.169 python3        2650192 nvme1n1 WS   1674112000 131072   30.879
22:55:40.169 python3        2650192 nvme1n1 WS   1674112256 131072   30.951
22:55:40.169 python3        2650192 nvme1n1 WS   1674112512 131072   31.028
22:55:40.169 python3        2650192 nvme1n1 WS   1674112768 131072   31.082
22:55:40.169 python3        2650192 nvme1n1 WS   1674055680 131072   31.156
22:55:40.169 python3        2650192 nvme1n1 WS   1674055936 131072   31.079
22:55:40.169 python3        2650192 nvme1n1 WS   1674117632 131072   31.141
22:55:40.169 python3        2650192 nvme1n1 WS   1674117888 131072   31.221
22:55:40.169 python3        2650191 nvme1n1 WS   1657238016 131072   25.573
22:55:40.169 python3        2650191 nvme1n1 WS   1657238272 131072   25.646
22:55:40.169 python3        2650191 nvme1n1 WS   1657238528 131072   25.720
22:55:40.169 python3        2650191 nvme1n1 WS   1657238784 131072   25.797
22:55:40.170 python3        2650191 nvme1n1 WS   1657239040 131072   25.872
22:55:40.170 python3        2650191 nvme1n1 WS   1657239296 131072   25.951
22:55:40.170 python3        2650191 nvme1n1 WS   1657239552 131072   26.022
22:55:40.170 python3        2650191 nvme1n1 WS   1657239808 131072   26.060
22:55:40.170 python3        2650191 nvme1n1 WS   1657240064 131072   26.120
22:55:40.170 python3        2650191 nvme1n1 WS   1657240320 131072   26.179
22:55:40.170 python3        2650191 nvme1n1 WS   1657240576 131072   26.241
22:55:40.170 python3        2650191 nvme1n1 WS   1657240832 131072   26.301
22:55:40.170 python3        2650194 nvme1n1 WS   1657246208 131072   24.624
22:55:40.170 python3        2650194 nvme1n1 WS   1657246464 131072   24.720
22:55:40.170 python3        2650194 nvme1n1 WS   1657246720 131072   24.849
22:55:40.170 python3        2650194 nvme1n1 WS   1657246976 131072   24.979
22:55:40.171 python3        2650191 nvme1n1 WS   1657241088 131072   26.821
22:55:40.171 python3        2650191 nvme1n1 WS   1657241344 131072   26.882
22:55:40.171 python3        2650191 nvme1n1 WS   1657085440 131072   26.963
22:55:40.171 python3        2650191 nvme1n1 WS   1657085696 131072   26.922
22:55:40.171 python3        2650191 nvme1n1 WS   1657304064 131072   26.999
22:55:40.171 python3        2650191 nvme1n1 WS   1657304320 131072   27.079
22:55:40.171 python3        2650194 nvme1n1 WS   1657247232 131072   25.546
22:55:40.171 python3        2650194 nvme1n1 WS   1657247488 131072   25.618
22:55:40.171 python3        2650194 nvme1n1 WS   1657247744 131072   25.695
22:55:40.171 python3        2650194 nvme1n1 WS   1657248000 131072   25.754
22:55:40.171 python3        2650194 nvme1n1 WS   1657248256 131072   25.821
22:55:40.171 python3        2650194 nvme1n1 WS   1657248512 131072   25.894
22:55:40.171 python3        2650194 nvme1n1 WS   1657248768 131072   25.974
22:55:40.172 python3        2650194 nvme1n1 WS   1657249024 131072   26.046
22:55:40.172 python3        2650194 nvme1n1 WS   1657249280 131072   26.123
22:55:40.172 python3        2650194 nvme1n1 WS   1657249536 131072   26.182
22:55:40.172 python3        2650194 nvme1n1 WS   1657093632 131072   26.259
22:55:40.172 python3        2650194 nvme1n1 WS   1657093888 131072   26.215
22:55:40.172 python3        2650194 nvme1n1 WS   1657319936 131072   26.294
22:55:40.172 python3        2650194 nvme1n1 WS   1657320192 131072   26.368
22:55:40.172 python3        2650191 nvme1n1 WS   1657254400 131072   24.316
22:55:40.172 python3        2650191 nvme1n1 WS   1657254656 131072   24.387
22:55:40.172 python3        2650191 nvme1n1 WS   1657254912 131072   24.460
22:55:40.172 python3        2650191 nvme1n1 WS   1657255168 131072   24.532
22:55:40.172 python3        2650191 nvme1n1 WS   1657255424 131072   24.608
22:55:40.173 python3        2650191 nvme1n1 WS   1657255680 131072   24.676
22:55:40.173 python3        2650191 nvme1n1 WS   1657255936 131072   24.750
22:55:40.173 python3        2650191 nvme1n1 WS   1657256192 131072   24.801
22:55:40.173 python3        2650191 nvme1n1 WS   1657256448 131072   24.880
22:55:40.173 python3        2650191 nvme1n1 WS   1657256704 131072   24.944
22:55:40.173 python3        2650191 nvme1n1 WS   1657256960 131072   25.002
22:55:40.173 python3        2650191 nvme1n1 WS   1657257216 131072   25.162
22:55:40.173 python3        2650191 nvme1n1 WS   1657257472 131072   25.290
22:55:40.173 python3        2650191 nvme1n1 WS   1657257728 131072   25.390
22:55:40.173 python3        2650191 nvme1n1 WS   1657051648 131072   25.518
22:55:40.174 python3        2650191 nvme1n1 WS   1657051904 131072   25.499
22:55:40.174 python3        2650191 nvme1n1 WS   1657328128 131072   25.578
22:55:40.174 python3        2650191 nvme1n1 WS   1657328384 131072   25.657
22:55:40.174 python3        2650192 nvme1n1 WS   1657262592 131072   23.045
22:55:40.174 python3        2650192 nvme1n1 WS   1657262848 131072   23.116
22:55:40.174 python3        2650192 nvme1n1 WS   1657263104 131072   23.190
22:55:40.174 python3        2650192 nvme1n1 WS   1657263360 131072   23.269
22:55:40.174 python3        2650192 nvme1n1 WS   1657263616 131072   23.350
22:55:40.174 python3        2650192 nvme1n1 WS   1657263872 131072   23.427
22:55:40.175 python3        2650192 nvme1n1 WS   1657264128 131072   23.497
22:55:40.175 python3        2650192 nvme1n1 WS   1657264384 131072   23.548
22:55:40.175 python3        2650192 nvme1n1 WS   1657264640 131072   23.620
22:55:40.175 python3        2650192 nvme1n1 WS   1657264896 131072   23.694
22:55:40.175 python3        2650192 nvme1n1 WS   1657265152 131072   23.769
22:55:40.175 python3        2650192 nvme1n1 WS   1657265408 131072   23.813
22:55:40.175 python3        2650192 nvme1n1 WS   1657265664 131072   23.883
22:55:40.175 python3        2650192 nvme1n1 WS   1657265920 131072   23.933
22:55:40.175 python3        2650192 nvme1n1 WS   1657059840 131072   24.017
22:55:40.175 python3        2650192 nvme1n1 WS   1657060096 131072   23.935
22:55:40.175 python3        2650192 nvme1n1 WS   1657332224 131072   24.016
22:55:40.175 python3        2650192 nvme1n1 WS   1657332480 131072   24.094
22:55:40.175 python3        2650191 nvme1n1 WS   1657270784 131072   23.849
22:55:40.175 python3        2650191 nvme1n1 WS   1657271040 131072   23.912
22:55:40.175 python3        2650191 nvme1n1 WS   1657271296 131072   23.989
22:55:40.176 python3        2650191 nvme1n1 WS   1657271552 131072   24.063
22:55:40.176 python3        2650191 nvme1n1 WS   1657271808 131072   24.139
22:55:40.176 python3        2650191 nvme1n1 WS   1657272064 131072   24.218
22:55:40.176 python3        2650191 nvme1n1 WS   1657272320 131072   24.293
22:55:40.176 python3        2650191 nvme1n1 WS   1657272576 131072   24.342
22:55:40.176 python3        2650191 nvme1n1 WS   1657272832 131072   24.420
22:55:40.176 python3        2650191 nvme1n1 WS   1657273088 131072   24.490
22:55:40.176 python3        2650191 nvme1n1 WS   1657273344 131072   24.619
22:55:40.176 python3        2650191 nvme1n1 WS   1657273600 131072   24.741
22:55:40.176 python3        2650191 nvme1n1 WS   1657273856 131072   24.867
22:55:40.177 python3        2650191 nvme1n1 WS   1657274112 131072   24.971
22:55:40.177 python3        2650191 nvme1n1 WS   1657101824 131072   25.105
22:55:40.177 python3        2650191 nvme1n1 WS   1657102080 131072   25.127
22:55:40.177 python3        2650194 nvme1n1 WS   1657348608 131072   24.148
22:55:40.177 python3        2650194 nvme1n1 WS   1657348864 131072   24.270
22:55:40.177 python3        2650194 nvme1n1 WS   1657349120 131072   24.398
22:55:40.177 python3        2650194 nvme1n1 WS   1657349376 131072   24.524
22:55:40.177 python3        2650194 nvme1n1 WS   1657349632 131072   24.613
22:55:40.177 python3        2650194 nvme1n1 WS   1657349888 131072   24.686
22:55:40.178 python3        2650194 nvme1n1 WS   1657350144 131072   24.766
22:55:40.178 python3        2650194 nvme1n1 WS   1657350400 131072   24.814
22:55:40.178 python3        2650194 nvme1n1 WS   1657350656 131072   24.887
22:55:40.178 python3        2650194 nvme1n1 WS   1657350912 131072   24.962
22:55:40.178 python3        2650194 nvme1n1 WS   1657351168 131072   25.039
22:55:40.178 python3        2650194 nvme1n1 WS   1657351424 131072   25.114
22:55:40.178 python3        2650191 nvme1n1 WS   1657340416 131072   26.383
22:55:40.178 python3        2650191 nvme1n1 WS   1657340672 131072   26.461
22:55:40.178 python3        2650194 nvme1n1 WS   1657351680 131072   25.351
22:55:40.178 python3        2650194 nvme1n1 WS   1657351936 131072   25.406
22:55:40.178 python3        2650194 nvme1n1 WS   1657286144 131072   25.481
22:55:40.178 python3        2650194 nvme1n1 WS   1657286400 131072   25.417
22:55:40.179 python3        2650194 nvme1n1 WS   1657356800 131072   25.493
22:55:40.179 python3        2650194 nvme1n1 WS   1657357056 131072   25.568
22:55:40.179 python3        2650192 nvme1n1 WS   1657364992 131072   22.696
22:55:40.179 python3        2650192 nvme1n1 WS   1657365248 131072   22.803
22:55:40.179 python3        2650192 nvme1n1 WS   1657365504 131072   22.877
22:55:40.179 python3        2650192 nvme1n1 WS   1657365760 131072   22.953
22:55:40.179 python3        2650192 nvme1n1 WS   1657366016 131072   23.028
22:55:40.179 python3        2650192 nvme1n1 WS   1657366272 131072   23.106
22:55:40.179 python3        2650192 nvme1n1 WS   1657366528 131072   23.223
22:55:40.179 python3        2650192 nvme1n1 WS   1657366784 131072   23.325
22:55:40.179 python3        2650192 nvme1n1 WS   1657367040 131072   23.452
22:55:40.180 python3        2650192 nvme1n1 WS   1657367296 131072   23.576
22:55:40.180 python3        2650192 nvme1n1 WS   1657367552 131072   23.706
22:55:40.180 python3        2650192 nvme1n1 WS   1657367808 131072   23.833
22:55:40.180 python3        2650192 nvme1n1 WS   1657368064 131072   23.976
22:55:40.180 python3        2650192 nvme1n1 WS   1657368320 131072   24.091
22:55:40.180 python3        2650192 nvme1n1 WS   1657290752 131072   24.233
22:55:40.180 python3        2650192 nvme1n1 WS   1657291008 131072   24.247
22:55:40.181 python3        2650192 nvme1n1 WS   1657381376 131072   23.946
22:55:40.181 python3        2650192 nvme1n1 WS   1657381632 131072   24.060
22:55:40.181 python3        2650192 nvme1n1 WS   1657381888 131072   24.167
22:55:40.181 python3        2650192 nvme1n1 WS   1657382144 131072   24.242
22:55:40.181 python3        2650192 nvme1n1 WS   1657382400 131072   24.316
22:55:40.181 python3        2650192 nvme1n1 WS   1657382656 131072   24.399
22:55:40.181 python3        2650192 nvme1n1 WS   1657382912 131072   24.477
22:55:40.181 python3        2650192 nvme1n1 WS   1657383168 131072   24.526
22:55:40.181 python3        2650192 nvme1n1 WS   1657383424 131072   24.606
22:55:40.181 python3        2650192 nvme1n1 WS   1657383680 131072   24.686
22:55:40.181 python3        2650192 nvme1n1 WS   1657383936 131072   24.763
22:55:40.182 python3        2650192 nvme1n1 WS   1657384192 131072   24.835
22:55:40.182 python3        2650192 nvme1n1 WS   1657377280 131072   25.439
22:55:40.182 python3        2650192 nvme1n1 WS   1657377536 131072   25.517
22:55:40.182 python3        2650192 nvme1n1 WS   1657384448 131072   25.069
22:55:40.182 python3        2650192 nvme1n1 WS   1657384704 131072   25.131
22:55:40.182 python3        2650192 nvme1n1 WS   1657294336 131072   25.202
22:55:40.182 python3        2650192 nvme1n1 WS   1657294592 131072   25.167
22:55:40.182 python3        2650192 nvme1n1 WS   1657397760 131072   25.241
22:55:40.182 python3        2650192 nvme1n1 WS   1657398016 131072   25.319
22:55:40.182 python3        2650191 nvme1n1 WS   1657405952 131072   23.830
22:55:40.183 python3        2650191 nvme1n1 WS   1657406208 131072   23.905
22:55:40.183 python3        2650191 nvme1n1 WS   1657406464 131072   23.985
22:55:40.183 python3        2650191 nvme1n1 WS   1657406720 131072   24.050
22:55:40.183 python3        2650191 nvme1n1 WS   1657406976 131072   24.149
22:55:40.183 python3        2650191 nvme1n1 WS   1657407232 131072   24.279
22:55:40.183 python3        2650191 nvme1n1 WS   1657407488 131072   24.402
22:55:40.183 python3        2650191 nvme1n1 WS   1657407744 131072   24.503
22:55:40.183 python3        2650191 nvme1n1 WS   1657408000 131072   24.605
22:55:40.183 python3        2650191 nvme1n1 WS   1657408256 131072   24.683
22:55:40.183 python3        2650191 nvme1n1 WS   1657408512 131072   24.759
22:55:40.183 python3        2650191 nvme1n1 WS   1657408768 131072   24.829
22:55:40.184 python3        2650191 nvme1n1 WS   1657409024 131072   24.907
22:55:40.184 python3        2650191 nvme1n1 WS   1657409280 131072   24.958
22:55:40.184 python3        2650191 nvme1n1 WS   1657294848 131072   25.039
22:55:40.184 python3        2650191 nvme1n1 WS   1657295104 131072   25.001
22:55:40.184 python3        2650191 nvme1n1 WS   1657414144 131072   25.084
22:55:40.184 python3        2650191 nvme1n1 WS   1657414400 131072   25.155
22:55:40.184 python3        2650193 nvme1n1 WS   1657422336 131072   23.775
22:55:40.184 python3        2650193 nvme1n1 WS   1657422592 131072   23.844
22:55:40.184 python3        2650193 nvme1n1 WS   1657422848 131072   23.918
22:55:40.184 python3        2650193 nvme1n1 WS   1657423104 131072   23.991
22:55:40.184 python3        2650193 nvme1n1 WS   1657423360 131072   24.067
22:55:40.184 python3        2650193 nvme1n1 WS   1657423616 131072   24.143
22:55:40.184 python3        2650193 nvme1n1 WS   1657423872 131072   24.219
22:55:40.184 python3        2650193 nvme1n1 WS   1657424128 131072   24.265
22:55:40.185 python3        2650193 nvme1n1 WS   1657424384 131072   24.342
22:55:40.185 python3        2650193 nvme1n1 WS   1657424640 131072   24.448
22:55:40.185 python3        2650193 nvme1n1 WS   1657424896 131072   24.521
22:55:40.185 python3        2650193 nvme1n1 WS   1657425152 131072   24.597
22:55:40.185 python3        2650193 nvme1n1 WS   1657425408 131072   24.673
22:55:40.185 python3        2650193 nvme1n1 WS   1657425664 131072   24.723
22:55:40.185 python3        2650193 nvme1n1 WS   1657298432 131072   24.800
22:55:40.185 python3        2650193 nvme1n1 WS   1657298688 131072   24.751
22:55:40.185 python3        2650193 nvme1n1 WS   1657438720 131072   23.782
22:55:40.185 python3        2650193 nvme1n1 WS   1657438976 131072   23.853
22:55:40.185 python3        2650193 nvme1n1 WS   1657439232 131072   23.929
22:55:40.185 python3        2650193 nvme1n1 WS   1657439488 131072   24.004
22:55:40.186 python3        2650193 nvme1n1 WS   1657439744 131072   24.091
22:55:40.186 python3        2650193 nvme1n1 WS   1657440000 131072   24.188
22:55:40.186 python3        2650193 nvme1n1 WS   1657440256 131072   24.314
22:55:40.186 python3        2650193 nvme1n1 WS   1657440512 131072   24.423
22:55:40.186 python3        2650193 nvme1n1 WS   1657440768 131072   24.550
22:55:40.186 python3        2650193 nvme1n1 WS   1657441024 131072   24.677
22:55:40.186 python3        2650193 nvme1n1 WS   1657441280 131072   24.806
22:55:40.186 python3        2650193 nvme1n1 WS   1657441536 131072   24.933
22:55:40.187 python3        2650193 nvme1n1 WS   1657430528 131072   26.155
22:55:40.187 python3        2650193 nvme1n1 WS   1657430784 131072   26.283
22:55:40.187 python3        2650193 nvme1n1 WS   1657441792 131072   25.324
22:55:40.187 python3        2650193 nvme1n1 WS   1657442048 131072   25.416
22:55:40.187 python3        2650193 nvme1n1 WS   1657298944 131072   25.501
22:55:40.187 python3        2650193 nvme1n1 WS   1657299200 131072   25.494
22:55:40.187 python3        2650193 nvme1n1 WS   1657554944 131072   25.570
22:55:40.187 python3        2650193 nvme1n1 WS   1657555200 131072   25.650
22:55:40.187 python3        2650193 nvme1n1 WS   1657451008 131072   22.166
22:55:40.187 python3        2650193 nvme1n1 WS   1657451264 131072   22.238
22:55:40.187 python3        2650193 nvme1n1 WS   1657451520 131072   22.311
22:55:40.188 python3        2650193 nvme1n1 WS   1657451776 131072   22.389
22:55:40.188 python3        2650193 nvme1n1 WS   1657452032 131072   22.467
22:55:40.188 python3        2650193 nvme1n1 WS   1657452288 131072   22.546
22:55:40.188 python3        2650193 nvme1n1 WS   1657452544 131072   22.620
22:55:40.188 python3        2650193 nvme1n1 WS   1657452800 131072   22.668
22:55:40.188 python3        2650193 nvme1n1 WS   1657453056 131072   22.746
22:55:40.188 python3        2650193 nvme1n1 WS   1657453312 131072   22.816
22:55:40.188 python3        2650193 nvme1n1 WS   1657453568 131072   22.891
22:55:40.188 python3        2650193 nvme1n1 WS   1657453824 131072   22.967
22:55:40.188 python3        2650193 nvme1n1 WS   1657454080 131072   23.044
22:55:40.188 python3        2650193 nvme1n1 WS   1657454336 131072   23.093
22:55:40.188 python3        2650193 nvme1n1 WS   1657302528 131072   23.177
22:55:40.189 python3        2650193 nvme1n1 WS   1657302784 131072   23.128
22:55:40.189 python3        2650194 nvme1n1 WS   1674125824 131072   22.952
22:55:40.189 python3        2650194 nvme1n1 WS   1674126080 131072   23.060
22:55:40.189 python3        2650194 nvme1n1 WS   1674126336 131072   23.185
22:55:40.189 python3        2650194 nvme1n1 WS   1674126592 131072   23.312
22:55:40.189 python3        2650194 nvme1n1 WS   1674126848 131072   23.443
22:55:40.189 python3        2650194 nvme1n1 WS   1674127104 131072   23.566
22:55:40.189 python3        2650194 nvme1n1 WS   1674127360 131072   23.696
22:55:40.189 python3        2650194 nvme1n1 WS   1674127616 131072   23.746
22:55:40.190 python3        2650194 nvme1n1 WS   1674127872 131072   23.823
22:55:40.190 python3        2650194 nvme1n1 WS   1674128128 131072   23.897
22:55:40.190 python3        2650194 nvme1n1 WS   1674128384 131072   23.968
22:55:40.190 python3        2650194 nvme1n1 WS   1674128640 131072   24.044
22:55:40.190 python3        2650193 nvme1n1 WS   1657594368 131072   24.457
22:55:40.190 python3        2650193 nvme1n1 WS   1657594624 131072   24.530
22:55:40.190 python3        2650194 nvme1n1 WS   1674128896 131072   24.275
22:55:40.190 python3        2650194 nvme1n1 WS   1674129152 131072   24.338
22:55:40.190 python3        2650194 nvme1n1 WS   1674059264 131072   24.411
22:55:40.190 python3        2650194 nvme1n1 WS   1674059520 131072   24.366
22:55:40.190 python3        2650194 nvme1n1 WS   1674061312 131072   24.441
22:55:40.190 python3        2650194 nvme1n1 WS   1674061568 131072   24.553
22:55:40.191 python3        2650193 nvme1n1 WS   1674142208 131072   23.474
22:55:40.191 python3        2650193 nvme1n1 WS   1674142464 131072   23.543
22:55:40.191 python3        2650193 nvme1n1 WS   1674142720 131072   23.619
22:55:40.191 python3        2650193 nvme1n1 WS   1674142976 131072   23.694
22:55:40.191 python3        2650193 nvme1n1 WS   1674143232 131072   23.769
22:55:40.191 python3        2650193 nvme1n1 WS   1674143488 131072   23.843
22:55:40.191 python3        2650193 nvme1n1 WS   1674143744 131072   23.926
22:55:40.191 python3        2650193 nvme1n1 WS   1674144000 131072   23.980
22:55:40.191 python3        2650193 nvme1n1 WS   1674144256 131072   24.051
22:55:40.191 python3        2650193 nvme1n1 WS   1674144512 131072   24.126
22:55:40.191 python3        2650193 nvme1n1 WS   1674144768 131072   24.198
22:55:40.191 python3        2650193 nvme1n1 WS   1674145024 131072   24.273
22:55:40.191 python3        2650193 nvme1n1 WS   1674145280 131072   24.348
22:55:40.192 python3        2650193 nvme1n1 WS   1674145536 131072   24.399
22:55:40.192 python3        2650193 nvme1n1 WS   1674063360 131072   24.481
22:55:40.192 python3        2650193 nvme1n1 WS   1674063616 131072   24.461
22:55:40.192 python3        2650194 nvme1n1 WS   1657455104 131072   23.000
22:55:40.192 python3        2650194 nvme1n1 WS   1657455360 131072   23.090
22:55:40.192 python3        2650194 nvme1n1 WS   1657455616 131072   23.197
22:55:40.192 python3        2650194 nvme1n1 WS   1657455872 131072   23.271
22:55:40.192 python3        2650194 nvme1n1 WS   1657456128 131072   23.351
22:55:40.192 python3        2650194 nvme1n1 WS   1657456384 131072   23.429
22:55:40.192 python3        2650194 nvme1n1 WS   1657456640 131072   23.505
22:55:40.193 python3        2650194 nvme1n1 WS   1657456896 131072   23.558
22:55:40.193 python3        2650194 nvme1n1 WS   1657457152 131072   23.638
22:55:40.193 python3        2650194 nvme1n1 WS   1657457408 131072   23.713
22:55:40.193 python3        2650194 nvme1n1 WS   1657457664 131072   23.789
22:55:40.193 python3        2650194 nvme1n1 WS   1657457920 131072   23.862
22:55:40.193 python3        2650193 nvme1n1 WS   1674073600 131072   25.593
22:55:40.193 python3        2650193 nvme1n1 WS   1674073856 131072   25.672
22:55:40.193 python3        2650194 nvme1n1 WS   1657458176 131072   24.104
22:55:40.193 python3        2650194 nvme1n1 WS   1657458432 131072   24.139
22:55:40.193 python3        2650194 nvme1n1 WS   1657307136 131072   24.215
22:55:40.193 python3        2650194 nvme1n1 WS   1657307392 131072   24.164
22:55:40.193 python3        2650194 nvme1n1 WS   1657602560 131072   24.241
22:55:40.193 python3        2650194 nvme1n1 WS   1657602816 131072   24.316
22:55:40.194 python3        2650192 nvme1n1 WS   1657463296 131072   23.362
22:55:40.194 python3        2650192 nvme1n1 WS   1657463552 131072   23.433
22:55:40.194 python3        2650192 nvme1n1 WS   1657463808 131072   23.512
22:55:40.194 python3        2650192 nvme1n1 WS   1657464064 131072   23.579
22:55:40.194 python3        2650192 nvme1n1 WS   1657464320 131072   23.658
22:55:40.194 python3        2650192 nvme1n1 WS   1657464576 131072   23.727
22:55:40.194 python3        2650192 nvme1n1 WS   1657464832 131072   23.806
22:55:40.194 python3        2650192 nvme1n1 WS   1657465088 131072   23.854
22:55:40.194 python3        2650192 nvme1n1 WS   1657465344 131072   23.931
22:55:40.194 python3        2650192 nvme1n1 WS   1657465600 131072   24.006
22:55:40.194 python3        2650192 nvme1n1 WS   1657465856 131072   24.077
22:55:40.194 python3        2650192 nvme1n1 WS   1657466112 131072   24.153
22:55:40.194 python3        2650192 nvme1n1 WS   1657466368 131072   24.229
22:55:40.195 python3        2650192 nvme1n1 WS   1657466624 131072   24.274
22:55:40.195 python3        2650192 nvme1n1 WS   1657310720 131072   24.356
22:55:40.195 python3        2650192 nvme1n1 WS   1657310976 131072   24.368
22:55:40.195 python3        2650191 nvme1n1 WS   1658393088 131072   23.106
22:55:40.195 python3        2650191 nvme1n1 WS   1658393344 131072   23.221
22:55:40.195 python3        2650191 nvme1n1 WS   1658393600 131072   23.348
22:55:40.195 python3        2650191 nvme1n1 WS   1658393856 131072   23.472
22:55:40.195 python3        2650191 nvme1n1 WS   1658394112 131072   23.602
22:55:40.196 python3        2650191 nvme1n1 WS   1658394368 131072   23.742
22:55:40.196 python3        2650191 nvme1n1 WS   1658394624 131072   23.880
22:55:40.196 python3        2650191 nvme1n1 WS   1658394880 131072   23.998
22:55:40.196 python3        2650191 nvme1n1 WS   1658395136 131072   24.135
22:55:40.196 python3        2650191 nvme1n1 WS   1658395392 131072   24.301
22:55:40.196 python3        2650191 nvme1n1 WS   1658395648 131072   24.407
22:55:40.196 python3        2650191 nvme1n1 WS   1658395904 131072   24.481
22:55:40.196 python3        2650192 nvme1n1 WS   1657610752 131072   26.029
22:55:40.197 python3        2650192 nvme1n1 WS   1657611008 131072   26.103
22:55:40.197 python3        2650191 nvme1n1 WS   1658396160 131072   24.717
22:55:40.197 python3        2650191 nvme1n1 WS   1658396416 131072   24.775
22:55:40.197 python3        2650191 nvme1n1 WS   1658401280 131072   24.859
22:55:40.197 python3        2650191 nvme1n1 WS   1658401536 131072   24.797
22:55:40.197 python3        2650191 nvme1n1 WS   1658329088 131072   24.879
22:55:40.197 python3        2650191 nvme1n1 WS   1658329344 131072   24.955
22:55:40.197 python3        2650194 nvme1n1 WS   1657471488 131072   24.061
22:55:40.197 python3        2650194 nvme1n1 WS   1657471744 131072   24.138
22:55:40.197 python3        2650194 nvme1n1 WS   1657472000 131072   24.213
22:55:40.197 python3        2650194 nvme1n1 WS   1657472256 131072   24.284
22:55:40.198 python3        2650194 nvme1n1 WS   1657472512 131072   24.363
22:55:40.198 python3        2650194 nvme1n1 WS   1657472768 131072   24.434
22:55:40.198 python3        2650194 nvme1n1 WS   1657473024 131072   24.512
22:55:40.198 python3        2650194 nvme1n1 WS   1657473280 131072   24.569
22:55:40.198 python3        2650194 nvme1n1 WS   1657473536 131072   24.645
22:55:40.198 python3        2650194 nvme1n1 WS   1657473792 131072   24.721
22:55:40.198 python3        2650194 nvme1n1 WS   1657474048 131072   24.793
22:55:40.198 python3        2650194 nvme1n1 WS   1657474304 131072   24.883
22:55:40.198 python3        2650194 nvme1n1 WS   1657474560 131072   24.938
22:55:40.198 python3        2650194 nvme1n1 WS   1657474816 131072   24.981
22:55:40.198 python3        2650194 nvme1n1 WS   1657304576 131072   25.045
22:55:40.198 python3        2650194 nvme1n1 WS   1657304832 131072   25.056
22:55:40.198 python3        2650191 nvme1n1 WS   1657479680 131072   23.690
22:55:40.199 python3        2650191 nvme1n1 WS   1657479936 131072   23.815
22:55:40.199 python3        2650191 nvme1n1 WS   1657480192 131072   23.945
22:55:40.199 python3        2650191 nvme1n1 WS   1657480448 131072   24.077
22:55:40.199 python3        2650191 nvme1n1 WS   1657480704 131072   24.211
22:55:40.199 python3        2650191 nvme1n1 WS   1657480960 131072   24.320
22:55:40.199 python3        2650191 nvme1n1 WS   1657481216 131072   24.393
22:55:40.199 python3        2650191 nvme1n1 WS   1657481472 131072   24.452
22:55:40.199 python3        2650191 nvme1n1 WS   1657481728 131072   24.534
22:55:40.199 python3        2650191 nvme1n1 WS   1657481984 131072   24.605
22:55:40.199 python3        2650191 nvme1n1 WS   1657482240 131072   24.680
22:55:40.200 python3        2650191 nvme1n1 WS   1657482496 131072   24.752
22:55:40.200 python3        2650194 nvme1n1 WS   1657618944 131072   26.395
22:55:40.200 python3        2650194 nvme1n1 WS   1657619200 131072   26.473
22:55:40.200 python3        2650191 nvme1n1 WS   1657482752 131072   24.994
22:55:40.200 python3        2650191 nvme1n1 WS   1657483008 131072   25.040
22:55:40.200 python3        2650191 nvme1n1 WS   1657315328 131072   25.117
22:55:40.200 python3        2650191 nvme1n1 WS   1657315584 131072   25.072
22:55:40.200 python3        2650191 nvme1n1 WS   1657627136 131072   25.151
22:55:40.200 python3        2650191 nvme1n1 WS   1657627392 131072   25.225
22:55:40.200 python3        2650192 nvme1n1 WS   1657487872 131072   24.106
22:55:40.200 python3        2650192 nvme1n1 WS   1657488128 131072   24.169
22:55:40.200 python3        2650192 nvme1n1 WS   1657488384 131072   24.239
22:55:40.200 python3        2650192 nvme1n1 WS   1657488640 131072   24.312
22:55:40.201 python3        2650192 nvme1n1 WS   1657488896 131072   24.388
22:55:40.201 python3        2650192 nvme1n1 WS   1657489152 131072   24.463
22:55:40.201 python3        2650192 nvme1n1 WS   1657489408 131072   24.540
22:55:40.201 python3        2650192 nvme1n1 WS   1657489664 131072   24.590
22:55:40.201 python3        2650192 nvme1n1 WS   1657489920 131072   24.674
22:55:40.201 python3        2650192 nvme1n1 WS   1657490176 131072   24.732
22:55:40.201 python3        2650192 nvme1n1 WS   1657490432 131072   24.793
22:55:40.201 python3        2650192 nvme1n1 WS   1657490688 131072   24.855
22:55:40.201 python3        2650192 nvme1n1 WS   1657490944 131072   24.914
22:55:40.201 python3        2650192 nvme1n1 WS   1657491200 131072   24.952
22:55:40.201 python3        2650192 nvme1n1 WS   1657318912 131072   25.015
22:55:40.201 python3        2650192 nvme1n1 WS   1657319168 131072   25.063
22:55:40.202 python3        2650192 nvme1n1 WS   1657635328 131072   25.203
22:55:40.202 python3        2650192 nvme1n1 WS   1657635584 131072   25.349
22:55:40.202 python3        2650191 nvme1n1 WS   1657500160 131072   22.803
22:55:40.202 python3        2650191 nvme1n1 WS   1657500416 131072   22.943
22:55:40.202 python3        2650191 nvme1n1 WS   1657500672 131072   23.072
22:55:40.202 python3        2650191 nvme1n1 WS   1657500928 131072   23.199
22:55:40.202 python3        2650191 nvme1n1 WS   1657501184 131072   23.279
22:55:40.202 python3        2650191 nvme1n1 WS   1657501440 131072   23.356
22:55:40.203 python3        2650191 nvme1n1 WS   1657501696 131072   23.434
22:55:40.203 python3        2650191 nvme1n1 WS   1657501952 131072   23.480
22:55:40.203 python3        2650191 nvme1n1 WS   1657502208 131072   23.551
22:55:40.203 python3        2650191 nvme1n1 WS   1657502464 131072   23.630
22:55:40.203 python3        2650191 nvme1n1 WS   1657502720 131072   23.707
22:55:40.203 python3        2650191 nvme1n1 WS   1657502976 131072   23.783
22:55:40.203 python3        2650191 nvme1n1 WS   1657503232 131072   23.855
22:55:40.203 python3        2650191 nvme1n1 WS   1657503488 131072   23.907
22:55:40.203 python3        2650191 nvme1n1 WS   1657379328 131072   23.986
22:55:40.203 python3        2650191 nvme1n1 WS   1657379584 131072   23.923
22:55:40.203 python3        2650191 nvme1n1 WS   1657643520 131072   24.001
22:55:40.203 python3        2650191 nvme1n1 WS   1657643776 131072   24.079
22:55:40.204 python3        2650194 nvme1n1 WS   1657504256 131072   23.896
22:55:40.204 python3        2650194 nvme1n1 WS   1657504512 131072   23.969
22:55:40.204 python3        2650194 nvme1n1 WS   1657504768 131072   24.054
22:55:40.204 python3        2650194 nvme1n1 WS   1657505024 131072   24.129
22:55:40.204 python3        2650194 nvme1n1 WS   1657505280 131072   24.201
22:55:40.204 python3        2650194 nvme1n1 WS   1657505536 131072   24.275
22:55:40.204 python3        2650194 nvme1n1 WS   1657505792 131072   24.353
22:55:40.204 python3        2650194 nvme1n1 WS   1657506048 131072   24.402
22:55:40.204 python3        2650194 nvme1n1 WS   1657506304 131072   24.487
22:55:40.204 python3        2650194 nvme1n1 WS   1657506560 131072   24.555
22:55:40.204 python3        2650194 nvme1n1 WS   1657506816 131072   24.681
22:55:40.205 python3        2650194 nvme1n1 WS   1657507072 131072   24.806
22:55:40.205 python3        2650194 nvme1n1 WS   1657507328 131072   24.931
22:55:40.205 python3        2650194 nvme1n1 WS   1657507584 131072   25.030
22:55:40.205 python3        2650194 nvme1n1 WS   1657392640 131072   25.163
22:55:40.205 python3        2650194 nvme1n1 WS   1657392896 131072   25.176
22:55:40.205 python3        2650194 nvme1n1 WS   1657651712 131072   25.317
22:55:40.205 python3        2650194 nvme1n1 WS   1657651968 131072   25.458
22:55:40.206 python3        2650192 nvme1n1 WS   1657512448 131072   22.608
22:55:40.206 python3        2650192 nvme1n1 WS   1657512704 131072   22.738
22:55:40.206 python3        2650192 nvme1n1 WS   1657512960 131072   22.852
22:55:40.206 python3        2650192 nvme1n1 WS   1657513216 131072   22.928
22:55:40.206 python3        2650192 nvme1n1 WS   1657513472 131072   23.003
22:55:40.206 python3        2650192 nvme1n1 WS   1657513728 131072   23.078
22:55:40.206 python3        2650192 nvme1n1 WS   1657513984 131072   23.157
22:55:40.206 python3        2650192 nvme1n1 WS   1657514240 131072   23.205
22:55:40.206 python3        2650192 nvme1n1 WS   1657514496 131072   23.277
22:55:40.206 python3        2650192 nvme1n1 WS   1657514752 131072   23.353
22:55:40.206 python3        2650192 nvme1n1 WS   1657515008 131072   23.424
22:55:40.206 python3        2650192 nvme1n1 WS   1657515264 131072   23.484
22:55:40.207 python3        2650192 nvme1n1 WS   1657515520 131072   23.561
22:55:40.207 python3        2650192 nvme1n1 WS   1657515776 131072   23.609
22:55:40.207 python3        2650192 nvme1n1 WS   1657378816 131072   23.686
22:55:40.207 python3        2650192 nvme1n1 WS   1657379072 131072   23.637
22:55:40.207 python3        2650192 nvme1n1 WS   1657520640 131072   23.172
22:55:40.207 python3        2650192 nvme1n1 WS   1657520896 131072   23.240
22:55:40.207 python3        2650192 nvme1n1 WS   1657521152 131072   23.315
22:55:40.207 python3        2650192 nvme1n1 WS   1657521408 131072   23.393
22:55:40.207 python3        2650192 nvme1n1 WS   1657521664 131072   23.471
22:55:40.207 python3        2650192 nvme1n1 WS   1657521920 131072   23.546
22:55:40.207 python3        2650192 nvme1n1 WS   1657522176 131072   23.619
22:55:40.207 python3        2650192 nvme1n1 WS   1657522432 131072   23.703
22:55:40.208 python3        2650192 nvme1n1 WS   1657522688 131072   23.814
22:55:40.208 python3        2650192 nvme1n1 WS   1657522944 131072   23.931
22:55:40.208 python3        2650192 nvme1n1 WS   1657523200 131072   24.060
22:55:40.208 python3        2650192 nvme1n1 WS   1657523456 131072   24.190
22:55:40.208 python3        2650192 nvme1n1 WS   1657659904 131072   24.948
22:55:40.208 python3        2650192 nvme1n1 WS   1657660160 131072   25.075
22:55:40.208 python3        2650192 nvme1n1 WS   1657523712 131072   24.572
22:55:40.209 python3        2650192 nvme1n1 WS   1657523968 131072   24.663
22:55:40.209 python3        2650192 nvme1n1 WS   1657416192 131072   24.753
22:55:40.209 python3        2650192 nvme1n1 WS   1657416448 131072   24.373
22:55:40.209 python3        2650192 nvme1n1 WS   1657668096 131072   24.453
22:55:40.210 python3        2650192 nvme1n1 WS   1657668352 131072   24.530
22:55:40.210 python3        2650191 nvme1n1 WS   1658409472 131072   24.020
22:55:40.210 python3        2650191 nvme1n1 WS   1658409728 131072   24.094
22:55:40.210 python3        2650191 nvme1n1 WS   1658409984 131072   24.174
22:55:40.210 python3        2650191 nvme1n1 WS   1658410240 131072   24.249
22:55:40.210 python3        2650191 nvme1n1 WS   1658410496 131072   24.325
22:55:40.210 python3        2650191 nvme1n1 WS   1658410752 131072   24.401
22:55:40.210 python3        2650191 nvme1n1 WS   1658411008 131072   24.476
22:55:40.210 python3        2650191 nvme1n1 WS   1658411264 131072   24.539
22:55:40.210 python3        2650191 nvme1n1 WS   1658411520 131072   24.612
22:55:40.210 python3        2650191 nvme1n1 WS   1658411776 131072   24.689
22:55:40.210 python3        2650191 nvme1n1 WS   1658412032 131072   24.764
22:55:40.210 python3        2650191 nvme1n1 WS   1658412288 131072   24.841
22:55:40.210 python3        2650191 nvme1n1 WS   1658412544 131072   24.918
22:55:40.210 python3        2650191 nvme1n1 WS   1658412800 131072   24.962
22:55:40.210 python3        2650191 nvme1n1 WS   1658417664 131072   25.035
22:55:40.210 python3        2650191 nvme1n1 WS   1658417920 131072   25.026
22:55:40.210 python3        2650191 nvme1n1 WS   1658336256 131072   25.099
22:55:40.210 python3        2650191 nvme1n1 WS   1658336512 131072   25.177
22:55:40.210 python3        2650193 nvme1n1 WS   1657528832 131072   22.610
22:55:40.210 python3        2650193 nvme1n1 WS   1657529088 131072   22.679
22:55:40.211 python3        2650193 nvme1n1 WS   1657529344 131072   22.761
22:55:40.211 python3        2650193 nvme1n1 WS   1657529600 131072   22.822
22:55:40.211 python3        2650193 nvme1n1 WS   1657529856 131072   22.888
22:55:40.211 python3        2650193 nvme1n1 WS   1657530112 131072   23.014
22:55:40.211 python3        2650193 nvme1n1 WS   1657530368 131072   23.141
22:55:40.211 python3        2650193 nvme1n1 WS   1657530624 131072   23.247
22:55:40.211 python3        2650193 nvme1n1 WS   1657530880 131072   23.380
22:55:40.211 python3        2650193 nvme1n1 WS   1657531136 131072   23.520
22:55:40.211 python3        2650193 nvme1n1 WS   1657531392 131072   23.655
22:55:40.212 python3        2650193 nvme1n1 WS   1657531648 131072   23.797
22:55:40.212 python3        2650193 nvme1n1 WS   1657531904 131072   23.940
22:55:40.212 python3        2650193 nvme1n1 WS   1657532160 131072   24.064
22:55:40.212 python3        2650193 nvme1n1 WS   1657415680 131072   24.193
22:55:40.212 python3        2650193 nvme1n1 WS   1657415936 131072   24.222
22:55:40.212 python3        2650193 nvme1n1 WS   1657676288 131072   23.571
22:55:40.212 python3        2650193 nvme1n1 WS   1657676544 131072   23.641
22:55:40.212 python3        2650193 nvme1n1 WS   1657676800 131072   23.717
22:55:40.212 python3        2650193 nvme1n1 WS   1657677056 131072   23.796
22:55:40.213 python3        2650193 nvme1n1 WS   1657677312 131072   23.872
22:55:40.213 python3        2650193 nvme1n1 WS   1657677568 131072   23.950
22:55:40.213 python3        2650193 nvme1n1 WS   1657677824 131072   24.025
22:55:40.213 python3        2650193 nvme1n1 WS   1657678080 131072   24.077
22:55:40.213 python3        2650193 nvme1n1 WS   1657678336 131072   24.150
22:55:40.213 python3        2650193 nvme1n1 WS   1657678592 131072   24.222
22:55:40.213 python3        2650193 nvme1n1 WS   1657678848 131072   24.300
22:55:40.213 python3        2650193 nvme1n1 WS   1657679104 131072   24.375
22:55:40.213 python3        2650193 nvme1n1 WS   1657555456 131072   25.269
22:55:40.213 python3        2650193 nvme1n1 WS   1657555712 131072   25.345
22:55:40.213 python3        2650193 nvme1n1 WS   1657679360 131072   24.621
22:55:40.214 python3        2650193 nvme1n1 WS   1657679616 131072   24.706
22:55:40.214 python3        2650193 nvme1n1 WS   1657544192 131072   24.784
22:55:40.214 python3        2650193 nvme1n1 WS   1657544448 131072   24.743
22:55:40.214 python3        2650193 nvme1n1 WS   1657829376 131072   24.820
22:55:40.214 python3        2650193 nvme1n1 WS   1657829632 131072   24.893
22:55:40.214 python3        2650193 nvme1n1 WS   1658425856 131072   22.981
22:55:40.214 python3        2650193 nvme1n1 WS   1658426112 131072   23.048
22:55:40.214 python3        2650193 nvme1n1 WS   1658426368 131072   23.127
22:55:40.214 python3        2650193 nvme1n1 WS   1658426624 131072   23.186
22:55:40.214 python3        2650193 nvme1n1 WS   1658426880 131072   23.249
22:55:40.214 python3        2650193 nvme1n1 WS   1658427136 131072   23.377
22:55:40.214 python3        2650193 nvme1n1 WS   1658427392 131072   23.499
22:55:40.215 python3        2650193 nvme1n1 WS   1658427648 131072   23.564
22:55:40.215 python3        2650193 nvme1n1 WS   1658427904 131072   23.621
22:55:40.215 python3        2650193 nvme1n1 WS   1658428160 131072   23.690
22:55:40.215 python3        2650193 nvme1n1 WS   1658428416 131072   23.766
22:55:40.215 python3        2650193 nvme1n1 WS   1658428672 131072   23.837
22:55:40.215 python3        2650193 nvme1n1 WS   1658428928 131072   23.911
22:55:40.215 python3        2650193 nvme1n1 WS   1658429184 131072   23.960
22:55:40.215 python3        2650193 nvme1n1 WS   1658434048 131072   24.034
22:55:40.215 python3        2650193 nvme1n1 WS   1658434304 131072   23.981
22:55:40.215 python3        2650194 nvme1n1 WS   1658442240 131072   23.843
22:55:40.215 python3        2650194 nvme1n1 WS   1658442496 131072   23.914
22:55:40.215 python3        2650194 nvme1n1 WS   1658442752 131072   23.990
22:55:40.215 python3        2650194 nvme1n1 WS   1658443008 131072   24.066
22:55:40.216 python3        2650194 nvme1n1 WS   1658443264 131072   24.143
22:55:40.216 python3        2650194 nvme1n1 WS   1658443520 131072   24.216
22:55:40.216 python3        2650194 nvme1n1 WS   1658443776 131072   24.290
22:55:40.216 python3        2650194 nvme1n1 WS   1658444032 131072   24.329
22:55:40.216 python3        2650194 nvme1n1 WS   1658444288 131072   24.408
22:55:40.216 python3        2650194 nvme1n1 WS   1658444544 131072   24.480
22:55:40.216 python3        2650194 nvme1n1 WS   1658444800 131072   24.557
22:55:40.216 python3        2650194 nvme1n1 WS   1658445056 131072   24.632
22:55:40.216 python3        2650193 nvme1n1 WS   1658344448 131072   25.015
22:55:40.216 python3        2650193 nvme1n1 WS   1658344704 131072   25.090
22:55:40.216 python3        2650194 nvme1n1 WS   1658445312 131072   24.875
22:55:40.216 python3        2650194 nvme1n1 WS   1658445568 131072   24.922
22:55:40.217 python3        2650194 nvme1n1 WS   1658450432 131072   24.997
22:55:40.217 python3        2650194 nvme1n1 WS   1658450688 131072   24.943
22:55:40.217 python3        2650194 nvme1n1 WS   1658352640 131072   25.020
22:55:40.217 python3        2650194 nvme1n1 WS   1658352896 131072   25.102
22:55:40.217 python3        2650193 nvme1n1 WS   1658458624 131072   22.641
22:55:40.217 python3        2650193 nvme1n1 WS   1658458880 131072   22.767
22:55:40.217 python3        2650193 nvme1n1 WS   1658459136 131072   22.897
22:55:40.217 python3        2650193 nvme1n1 WS   1658459392 131072   23.019
22:55:40.217 python3        2650193 nvme1n1 WS   1658459648 131072   23.145
22:55:40.218 python3        2650193 nvme1n1 WS   1658459904 131072   23.272
22:55:40.218 python3        2650193 nvme1n1 WS   1658460160 131072   23.415
22:55:40.218 python3        2650193 nvme1n1 WS   1658460416 131072   23.519
22:55:40.218 python3        2650193 nvme1n1 WS   1658460672 131072   23.658
22:55:40.218 python3        2650193 nvme1n1 WS   1658460928 131072   23.786
22:55:40.218 python3        2650193 nvme1n1 WS   1658461184 131072   23.878
22:55:40.218 python3        2650193 nvme1n1 WS   1658461440 131072   23.955
22:55:40.218 python3        2650193 nvme1n1 WS   1658461696 131072   24.029
22:55:40.218 python3        2650193 nvme1n1 WS   1658461952 131072   24.086
22:55:40.218 python3        2650193 nvme1n1 WS   1658466816 131072   24.164
22:55:40.219 python3        2650193 nvme1n1 WS   1658467072 131072   24.114
22:55:40.219 python3        2650193 nvme1n1 WS   1658360832 131072   24.190
22:55:40.219 python3        2650193 nvme1n1 WS   1658361088 131072   24.269
22:55:40.219 python3        2650194 nvme1n1 WS   1658475008 131072   24.380
22:55:40.219 python3        2650194 nvme1n1 WS   1658475264 131072   24.447
22:55:40.219 python3        2650194 nvme1n1 WS   1658475520 131072   24.532
22:55:40.219 python3        2650194 nvme1n1 WS   1658475776 131072   24.633
22:55:40.219 python3        2650194 nvme1n1 WS   1658476032 131072   24.712
22:55:40.219 python3        2650194 nvme1n1 WS   1658476288 131072   24.787
22:55:40.219 python3        2650194 nvme1n1 WS   1658476544 131072   24.863
22:55:40.219 python3        2650194 nvme1n1 WS   1658476800 131072   24.917
22:55:40.219 python3        2650194 nvme1n1 WS   1658477056 131072   24.992
22:55:40.220 python3        2650194 nvme1n1 WS   1658477312 131072   25.066
22:55:40.220 python3        2650194 nvme1n1 WS   1658477568 131072   25.142
22:55:40.220 python3        2650194 nvme1n1 WS   1658477824 131072   25.220
22:55:40.220 python3        2650194 nvme1n1 WS   1658478080 131072   25.292
22:55:40.220 python3        2650194 nvme1n1 WS   1658478336 131072   25.347
22:55:40.220 python3        2650194 nvme1n1 WS   1658483200 131072   25.436
22:55:40.220 python3        2650194 nvme1n1 WS   1658483456 131072   25.380
22:55:40.220 python3        2650194 nvme1n1 WS   1658369024 131072   25.506
22:55:40.220 python3        2650194 nvme1n1 WS   1658369280 131072   25.634
22:55:40.220 python3        2650192 nvme1n1 WS   1658491392 131072   23.078
22:55:40.221 python3        2650192 nvme1n1 WS   1658491648 131072   23.199
22:55:40.221 python3        2650192 nvme1n1 WS   1658491904 131072   23.327
22:55:40.221 python3        2650192 nvme1n1 WS   1658492160 131072   23.450
22:55:40.221 python3        2650192 nvme1n1 WS   1658492416 131072   23.582
22:55:40.221 python3        2650192 nvme1n1 WS   1658492672 131072   23.707
22:55:40.221 python3        2650192 nvme1n1 WS   1658492928 131072   23.796
22:55:40.221 python3        2650192 nvme1n1 WS   1658493184 131072   23.848
22:55:40.221 python3        2650192 nvme1n1 WS   1658493440 131072   23.925
22:55:40.221 python3        2650192 nvme1n1 WS   1658493696 131072   23.996
22:55:40.221 python3        2650192 nvme1n1 WS   1658493952 131072   24.071
22:55:40.222 python3        2650192 nvme1n1 WS   1658494208 131072   24.152
22:55:40.222 python3        2650192 nvme1n1 WS   1658494464 131072   24.230
22:55:40.222 python3        2650192 nvme1n1 WS   1658494720 131072   24.277
22:55:40.222 python3        2650192 nvme1n1 WS   1658329600 131072   24.355
22:55:40.222 python3        2650192 nvme1n1 WS   1658329856 131072   24.313
22:55:40.222 python3        2650191 nvme1n1 WS   1658499584 131072   24.087
22:55:40.222 python3        2650191 nvme1n1 WS   1658499840 131072   24.156
22:55:40.222 python3        2650191 nvme1n1 WS   1658500096 131072   24.229
22:55:40.222 python3        2650191 nvme1n1 WS   1658500352 131072   24.301
22:55:40.222 python3        2650191 nvme1n1 WS   1658500608 131072   24.378
22:55:40.222 python3        2650191 nvme1n1 WS   1658500864 131072   24.452
22:55:40.222 python3        2650191 nvme1n1 WS   1658501120 131072   24.526
22:55:40.223 python3        2650191 nvme1n1 WS   1658501376 131072   24.575
22:55:40.223 python3        2650191 nvme1n1 WS   1658501632 131072   24.636
22:55:40.223 python3        2650191 nvme1n1 WS   1658501888 131072   24.712
22:55:40.223 python3        2650191 nvme1n1 WS   1658502144 131072   24.792
22:55:40.223 python3        2650191 nvme1n1 WS   1658502400 131072   24.866
22:55:40.223 python3        2650192 nvme1n1 WS   1658377216 131072   25.351
22:55:40.223 python3        2650192 nvme1n1 WS   1658377472 131072   25.427
22:55:40.223 python3        2650191 nvme1n1 WS   1658502656 131072   25.102
22:55:40.223 python3        2650191 nvme1n1 WS   1658502912 131072   25.152
22:55:40.223 python3        2650191 nvme1n1 WS   1658507776 131072   25.235
22:55:40.223 python3        2650191 nvme1n1 WS   1658508032 131072   25.168
22:55:40.223 python3        2650191 nvme1n1 WS   1658385408 131072   25.280
22:55:40.224 python3        2650191 nvme1n1 WS   1658385664 131072   25.407
22:55:40.224 python3        2650194 nvme1n1 WS   1658515968 131072   23.101
22:55:40.224 python3        2650194 nvme1n1 WS   1658516224 131072   23.225
22:55:40.224 python3        2650194 nvme1n1 WS   1658516480 131072   23.360
22:55:40.224 python3        2650194 nvme1n1 WS   1658516736 131072   23.480
22:55:40.224 python3        2650194 nvme1n1 WS   1658516992 131072   23.609
22:55:40.224 python3        2650194 nvme1n1 WS   1658517248 131072   23.740
22:55:40.224 python3        2650194 nvme1n1 WS   1658517504 131072   23.867
22:55:40.225 python3        2650194 nvme1n1 WS   1658517760 131072   23.935
22:55:40.225 python3        2650194 nvme1n1 WS   1658518016 131072   24.010
22:55:40.225 python3        2650194 nvme1n1 WS   1658518272 131072   24.088
22:55:40.225 python3        2650194 nvme1n1 WS   1658518528 131072   24.159
22:55:40.225 python3        2650194 nvme1n1 WS   1658518784 131072   24.271
22:55:40.225 python3        2650194 nvme1n1 WS   1658519040 131072   24.350
22:55:40.225 python3        2650194 nvme1n1 WS   1658519296 131072   24.408
22:55:40.225 python3        2650194 nvme1n1 WS   1658524160 131072   24.482
22:55:40.225 python3        2650194 nvme1n1 WS   1658524416 131072   24.443
22:55:40.225 python3        2650191 nvme1n1 WS   1657684480 131072   23.529
22:55:40.225 python3        2650191 nvme1n1 WS   1657684736 131072   23.602
22:55:40.226 python3        2650191 nvme1n1 WS   1657684992 131072   23.677
22:55:40.226 python3        2650191 nvme1n1 WS   1657685248 131072   23.754
22:55:40.226 python3        2650191 nvme1n1 WS   1657685504 131072   23.827
22:55:40.226 python3        2650191 nvme1n1 WS   1657685760 131072   23.901
22:55:40.226 python3        2650191 nvme1n1 WS   1657686016 131072   23.977
22:55:40.226 python3        2650191 nvme1n1 WS   1657686272 131072   24.030
22:55:40.226 python3        2650191 nvme1n1 WS   1657686528 131072   24.107
22:55:40.226 python3        2650191 nvme1n1 WS   1657686784 131072   24.181
22:55:40.226 python3        2650191 nvme1n1 WS   1657687040 131072   24.258
22:55:40.226 python3        2650191 nvme1n1 WS   1657687296 131072   24.335
22:55:40.226 python3        2650194 nvme1n1 WS   1658401792 131072   25.494
22:55:40.226 python3        2650194 nvme1n1 WS   1658402048 131072   25.606
22:55:40.227 python3        2650191 nvme1n1 WS   1657687552 131072   24.661
22:55:40.227 python3        2650191 nvme1n1 WS   1657687808 131072   24.762
22:55:40.227 python3        2650191 nvme1n1 WS   1657548800 131072   24.885
22:55:40.227 python3        2650191 nvme1n1 WS   1657549056 131072   24.803
22:55:40.227 python3        2650191 nvme1n1 WS   1657594880 131072   24.928
22:55:40.227 python3        2650191 nvme1n1 WS   1657595136 131072   25.055
22:55:40.227 python3        2650192 nvme1n1 WS   1674150400 131072   24.608
22:55:40.227 python3        2650192 nvme1n1 WS   1674150656 131072   24.728
22:55:40.228 python3        2650192 nvme1n1 WS   1674150912 131072   24.845
22:55:40.228 python3        2650192 nvme1n1 WS   1674151168 131072   24.926
22:55:40.228 python3        2650192 nvme1n1 WS   1674151424 131072   25.003
22:55:40.228 python3        2650192 nvme1n1 WS   1674151680 131072   25.074
22:55:40.228 python3        2650192 nvme1n1 WS   1674151936 131072   25.149
22:55:40.228 python3        2650192 nvme1n1 WS   1674152192 131072   25.203
22:55:40.228 python3        2650192 nvme1n1 WS   1674152448 131072   25.277
22:55:40.228 python3        2650192 nvme1n1 WS   1674152704 131072   25.357
22:55:40.228 python3        2650192 nvme1n1 WS   1674152960 131072   25.433
22:55:40.228 python3        2650192 nvme1n1 WS   1674153216 131072   25.513
22:55:40.228 python3        2650192 nvme1n1 WS   1674153472 131072   25.589
22:55:40.229 python3        2650192 nvme1n1 WS   1674153728 131072   25.634
22:55:40.229 python3        2650192 nvme1n1 WS   1674062848 131072   25.709
22:55:40.229 python3        2650192 nvme1n1 WS   1674063104 131072   25.647
22:55:40.229 python3        2650191 nvme1n1 WS   1657692672 131072   24.382
22:55:40.229 python3        2650191 nvme1n1 WS   1657692928 131072   24.453
22:55:40.229 python3        2650191 nvme1n1 WS   1657693184 131072   24.527
22:55:40.229 python3        2650191 nvme1n1 WS   1657693440 131072   24.600
22:55:40.229 python3        2650191 nvme1n1 WS   1657693696 131072   24.675
22:55:40.229 python3        2650191 nvme1n1 WS   1657693952 131072   24.747
22:55:40.229 python3        2650191 nvme1n1 WS   1657694208 131072   24.825
22:55:40.229 python3        2650191 nvme1n1 WS   1657694464 131072   24.874
22:55:40.229 python3        2650191 nvme1n1 WS   1657694720 131072   24.947
22:55:40.229 python3        2650191 nvme1n1 WS   1657694976 131072   25.020
22:55:40.230 python3        2650191 nvme1n1 WS   1657695232 131072   25.099
22:55:40.230 python3        2650191 nvme1n1 WS   1657695488 131072   25.207
22:55:40.230 python3        2650192 nvme1n1 WS   1674074112 131072   26.744
22:55:40.230 python3        2650192 nvme1n1 WS   1674074368 131072   26.837
22:55:40.230 python3        2650191 nvme1n1 WS   1657695744 131072   25.537
22:55:40.230 python3        2650191 nvme1n1 WS   1657696000 131072   25.594
22:55:40.230 python3        2650191 nvme1n1 WS   1657552384 131072   25.671
22:55:40.230 python3        2650191 nvme1n1 WS   1657552640 131072   25.607
22:55:40.230 python3        2650191 nvme1n1 WS   1657603072 131072   25.684
22:55:40.230 python3        2650191 nvme1n1 WS   1657603328 131072   25.763
22:55:40.230 python3        2650194 nvme1n1 WS   1674158592 131072   24.283
22:55:40.231 python3        2650194 nvme1n1 WS   1674158848 131072   24.391
22:55:40.231 python3        2650194 nvme1n1 WS   1674159104 131072   24.464
22:55:40.231 python3        2650194 nvme1n1 WS   1674159360 131072   24.542
22:55:40.231 python3        2650194 nvme1n1 WS   1674159616 131072   24.622
22:55:40.231 python3        2650194 nvme1n1 WS   1674159872 131072   24.696
22:55:40.231 python3        2650194 nvme1n1 WS   1674160128 131072   24.775
22:55:40.231 python3        2650194 nvme1n1 WS   1674160384 131072   24.826
22:55:40.231 python3        2650194 nvme1n1 WS   1674160640 131072   24.903
22:55:40.231 python3        2650194 nvme1n1 WS   1674160896 131072   24.981
22:55:40.231 python3        2650194 nvme1n1 WS   1674161152 131072   25.057
22:55:40.231 python3        2650194 nvme1n1 WS   1674161408 131072   25.131
22:55:40.231 python3        2650194 nvme1n1 WS   1674161664 131072   25.211
22:55:40.232 python3        2650194 nvme1n1 WS   1674161920 131072   25.262
22:55:40.232 python3        2650194 nvme1n1 WS   1674067968 131072   25.340
22:55:40.232 python3        2650194 nvme1n1 WS   1674068224 131072   25.304
22:55:40.232 python3        2650194 nvme1n1 WS   1674077696 131072   25.384
22:55:40.232 python3        2650194 nvme1n1 WS   1674077952 131072   25.459
22:55:40.232 python3        2650192 nvme1n1 WS   1674166784 131072   22.705
22:55:40.232 python3        2650192 nvme1n1 WS   1674167040 131072   22.775
22:55:40.232 python3        2650192 nvme1n1 WS   1674167296 131072   22.848
22:55:40.232 python3        2650192 nvme1n1 WS   1674167552 131072   22.921
22:55:40.232 python3        2650192 nvme1n1 WS   1674167808 131072   22.998
22:55:40.232 python3        2650192 nvme1n1 WS   1674168064 131072   23.076
22:55:40.232 python3        2650192 nvme1n1 WS   1674168320 131072   23.151
22:55:40.233 python3        2650192 nvme1n1 WS   1674168576 131072   23.202
22:55:40.233 python3        2650192 nvme1n1 WS   1674168832 131072   23.283
22:55:40.233 python3        2650192 nvme1n1 WS   1674169088 131072   23.397
22:55:40.233 python3        2650192 nvme1n1 WS   1674169344 131072   23.523
22:55:40.233 python3        2650192 nvme1n1 WS   1674169600 131072   23.652
22:55:40.233 python3        2650192 nvme1n1 WS   1674169856 131072   23.773
22:55:40.233 python3        2650192 nvme1n1 WS   1674170112 131072   23.878
22:55:40.233 python3        2650192 nvme1n1 WS   1674071552 131072   24.007
22:55:40.234 python3        2650192 nvme1n1 WS   1674071808 131072   24.035
22:55:40.234 python3        2650192 nvme1n1 WS   1674101760 131072   24.168
22:55:40.234 python3        2650192 nvme1n1 WS   1674102016 131072   24.311
22:55:40.234 python3        2650192 nvme1n1 WS   1657700864 131072   23.399
22:55:40.234 python3        2650192 nvme1n1 WS   1657701120 131072   23.530
22:55:40.234 python3        2650192 nvme1n1 WS   1657701376 131072   23.659
22:55:40.234 python3        2650192 nvme1n1 WS   1657701632 131072   23.751
22:55:40.234 python3        2650192 nvme1n1 WS   1657701888 131072   23.823
22:55:40.234 python3        2650192 nvme1n1 WS   1657702144 131072   23.896
22:55:40.235 python3        2650192 nvme1n1 WS   1657702400 131072   23.971
22:55:40.235 python3        2650192 nvme1n1 WS   1657702656 131072   24.026
22:55:40.235 python3        2650192 nvme1n1 WS   1657702912 131072   24.104
22:55:40.235 python3        2650192 nvme1n1 WS   1657703168 131072   24.181
22:55:40.235 python3        2650192 nvme1n1 WS   1657703424 131072   24.254
22:55:40.235 python3        2650192 nvme1n1 WS   1657703680 131072   24.330
22:55:40.235 python3        2650192 nvme1n1 WS   1657703936 131072   24.408
22:55:40.235 python3        2650192 nvme1n1 WS   1657704192 131072   24.469
22:55:40.235 python3        2650192 nvme1n1 WS   1657560576 131072   24.549
22:55:40.235 python3        2650192 nvme1n1 WS   1657560832 131072   24.503
22:55:40.235 python3        2650192 nvme1n1 WS   1657611264 131072   24.572
22:55:40.235 python3        2650192 nvme1n1 WS   1657611520 131072   24.651
22:55:40.236 python3        2650193 nvme1n1 WS   1657709056 131072   21.014
22:55:40.236 python3        2650193 nvme1n1 WS   1657709312 131072   21.082
22:55:40.236 python3        2650193 nvme1n1 WS   1657709568 131072   21.157
22:55:40.236 python3        2650193 nvme1n1 WS   1657709824 131072   21.231
22:55:40.236 python3        2650193 nvme1n1 WS   1657710080 131072   21.305
22:55:40.236 python3        2650193 nvme1n1 WS   1657710336 131072   21.383
22:55:40.236 python3        2650193 nvme1n1 WS   1657710592 131072   21.445
22:55:40.236 python3        2650193 nvme1n1 WS   1657710848 131072   21.546
22:55:40.236 python3        2650193 nvme1n1 WS   1657711104 131072   21.674
22:55:40.236 python3        2650193 nvme1n1 WS   1657711360 131072   21.822
22:55:40.237 python3        2650193 nvme1n1 WS   1657711616 131072   21.930
22:55:40.237 python3        2650193 nvme1n1 WS   1657711872 131072   22.008
22:55:40.237 python3        2650193 nvme1n1 WS   1657712128 131072   22.084
22:55:40.237 python3        2650193 nvme1n1 WS   1657712384 131072   22.138
22:55:40.237 python3        2650193 nvme1n1 WS   1657556992 131072   22.219
22:55:40.237 python3        2650193 nvme1n1 WS   1657557248 131072   22.152
22:55:40.237 python3        2650193 nvme1n1 WS   1657619456 131072   22.229
22:55:40.237 python3        2650193 nvme1n1 WS   1657619712 131072   22.306
22:55:40.237 python3        2650193 nvme1n1 WS   1657717248 131072   22.307
22:55:40.237 python3        2650193 nvme1n1 WS   1657717504 131072   22.429
22:55:40.237 python3        2650193 nvme1n1 WS   1657717760 131072   22.556
22:55:40.238 python3        2650193 nvme1n1 WS   1657718016 131072   22.682
22:55:40.238 python3        2650193 nvme1n1 WS   1657718272 131072   22.810
22:55:40.238 python3        2650193 nvme1n1 WS   1657718528 131072   22.934
22:55:40.238 python3        2650193 nvme1n1 WS   1657718784 131072   23.072
22:55:40.238 python3        2650193 nvme1n1 WS   1657719040 131072   23.197
22:55:40.238 python3        2650193 nvme1n1 WS   1657719296 131072   23.341
22:55:40.238 python3        2650193 nvme1n1 WS   1657719552 131072   23.480
22:55:40.239 python3        2650193 nvme1n1 WS   1657719808 131072   23.625
22:55:40.239 python3        2650193 nvme1n1 WS   1657720064 131072   23.767
22:55:40.239 python3        2650193 nvme1n1 WS   1657720320 131072   23.909
22:55:40.239 python3        2650193 nvme1n1 WS   1657720576 131072   24.033
22:55:40.239 python3        2650193 nvme1n1 WS   1657565184 131072   24.170
22:55:40.239 python3        2650193 nvme1n1 WS   1657565440 131072   24.173
22:55:40.239 python3        2650193 nvme1n1 WS   1657627648 131072   24.313
22:55:40.240 python3        2650193 nvme1n1 WS   1657627904 131072   24.456
22:55:40.240 python3        2650193 nvme1n1 WS   1657725440 131072   22.179
22:55:40.240 python3        2650193 nvme1n1 WS   1657725696 131072   22.313
22:55:40.240 python3        2650193 nvme1n1 WS   1657725952 131072   22.453
22:55:40.240 python3        2650193 nvme1n1 WS   1657726208 131072   22.595
22:55:40.240 python3        2650193 nvme1n1 WS   1657726464 131072   22.738
22:55:40.240 python3        2650193 nvme1n1 WS   1657726720 131072   22.877
22:55:40.241 python3        2650193 nvme1n1 WS   1657726976 131072   23.021
22:55:40.241 python3        2650193 nvme1n1 WS   1657727232 131072   23.137
22:55:40.241 python3        2650193 nvme1n1 WS   1657727488 131072   23.279
22:55:40.241 python3        2650193 nvme1n1 WS   1657727744 131072   23.420
22:55:40.241 python3        2650193 nvme1n1 WS   1657728000 131072   23.562
22:55:40.241 python3        2650193 nvme1n1 WS   1657728256 131072   23.702
22:55:40.242 python3        2650193 nvme1n1 WS   1657728512 131072   23.846
22:55:40.242 python3        2650193 nvme1n1 WS   1657728768 131072   23.971
22:55:40.242 python3        2650193 nvme1n1 WS   1657568768 131072   24.116
22:55:40.242 python3        2650193 nvme1n1 WS   1657569024 131072   24.148
22:55:40.242 python3        2650193 nvme1n1 WS   1657829888 131072   24.293
22:55:40.242 python3        2650193 nvme1n1 WS   1657830144 131072   24.435
22:55:40.852 nvme           2657200 Unknown N    -1         512       0.038
22:55:41.473 kworker        2647219 nvme0n1 W    36984640   4096      0.800
22:55:41.857 nvme           2657211 Unknown N    -1         512       0.030
22:55:42.860 nvme           2657225 Unknown N    -1         512       0.031
22:55:43.091 jbd2/nv        752     nvme1n1 WSM  877678832  131072    0.167
22:55:43.091 jbd2/nv        752     nvme1n1 WSM  877679088  131072    0.194
22:55:43.091 jbd2/nv        752     nvme1n1 WSM  877679344  131072    0.235
22:55:43.091 jbd2/nv        752     nvme1n1 WSM  877679600  131072    0.278
22:55:43.091 jbd2/nv        752     nvme1n1 WSM  877679856  131072    0.295
22:55:43.091 jbd2/nv        752     nvme1n1 WSM  877680112  131072    0.334
22:55:43.091 jbd2/nv        752     nvme1n1 WSM  877680368  16384     0.270
22:55:43.091 jbd2/nv        752     nvme1n1 WSM  877680400  4096      0.031
22:55:43.864 nvme           2657234 Unknown N    -1         512       0.032
22:55:44.545 kworker        2649594 nvme1n1 W    629950528  110592    0.179
22:55:44.545 kworker        2649594 nvme1n1 W    629950744  102400    0.227
22:55:44.545 kworker        2649594 nvme1n1 W    630022656  106496    0.288
22:55:44.545 kworker        2649594 nvme1n1 W    847728080  90112     0.344
22:55:44.545 kworker        2649594 nvme1n1 W    629950944  12288     0.358
22:55:44.545 kworker        2649594 nvme1n1 W    630022864  106496    0.411
22:55:44.545 kworker        2649594 nvme1n1 W    630023072  106496    0.477
22:55:44.545 kworker        2649594 nvme1n1 W    630023280  122880    0.552
22:55:44.546 kworker        2649594 nvme1n1 W    847728256  77824     0.127
22:55:44.546 kworker        2649594 nvme1n1 W    630023520  36864     0.147
22:55:44.546 kworker        2649594 nvme1n1 W    847728408  73728     0.191
22:55:44.546 kworker        2649594 nvme1n1 W    847734768  90112     0.249
22:55:44.546 kworker        2649594 nvme1n1 W    630023592  106496    0.314
22:55:44.546 kworker        2649594 nvme1n1 W    630023800  102400    0.374
22:55:44.546 kworker        2649594 nvme1n1 W    630024000  102400    0.433
22:55:44.546 kworker        2649594 nvme1n1 W    1371105704 131072    0.512
22:55:44.546 kworker        2649594 nvme1n1 W    629950968  4096      0.059
22:55:44.546 kworker        2649594 nvme1n1 W    630024696  4096      0.058
22:55:44.546 kworker        2649594 nvme1n1 W    1371105960 65536     0.109
22:55:44.546 kworker        2649594 nvme1n1 W    630024200  131072    0.192
22:55:44.547 kworker        2649594 nvme1n1 W    630024456  106496    0.255
22:55:44.547 kworker        2649594 nvme1n1 W    630030848  32768     0.273
22:55:44.547 kworker        2649594 nvme1n1 W    630024664  16384     0.280
22:55:44.547 kworker        2649594 nvme1n1 W    630030912  16384     0.291
22:55:44.547 kworker        2649594 nvme1n1 W    630030944  12288     0.151
22:55:44.547 kworker        2649594 nvme1n1 W    1367667712 131072    0.228
22:55:44.547 kworker        2649594 nvme1n1 W    1367667968 36864     0.252
22:55:44.547 kworker        2649594 nvme1n1 W    630030968  32768     0.066
22:55:44.547 kworker        2649594 nvme1n1 W    1371049320 131072    0.154
22:55:44.547 kworker        2649594 nvme1n1 W    1371049576 69632     0.205
22:55:44.547 kworker        2649594 nvme1n1 W    847734944  69632     0.235
22:55:44.547 kworker        2649594 nvme1n1 W    630031032  45056     0.262
22:55:44.869 nvme           2657238 Unknown N    -1         512       0.034
22:55:45.220 python3        2650194 nvme1n1 WS   583260264  131072    0.171
22:55:45.220 python3        2650194 nvme1n1 WS   583260520  131072    0.247
22:55:45.221 python3        2650194 nvme1n1 WS   583260776  131072    0.315
22:55:45.221 python3        2650194 nvme1n1 WS   583261032  131072    0.392
22:55:45.221 python3        2650194 nvme1n1 WS   583261288  131072    0.472
22:55:45.221 python3        2650194 nvme1n1 WS   583261544  131072    0.552
22:55:45.221 python3        2650194 nvme1n1 WS   583261800  131072    0.631
22:55:45.221 python3        2650194 nvme1n1 WS   583262056  131072    0.687
22:55:45.221 python3        2650194 nvme1n1 WS   583262312  131072    0.763
22:55:45.221 python3        2650194 nvme1n1 WS   583262568  131072    0.844
22:55:45.221 python3        2650194 nvme1n1 WS   583262824  131072    0.920
22:55:45.222 python3        2650194 nvme1n1 WS   583263080  131072    1.004
22:55:45.222 python3        2650194 nvme1n1 WS   583263336  131072    1.079
22:55:45.222 python3        2650194 nvme1n1 WS   583263592  131072    1.160
22:55:45.222 python3        2650194 nvme1n1 WS   583263848  131072    1.239
22:55:45.222 python3        2650194 nvme1n1 WS   583264104  131072    1.307
22:55:45.222 python3        2650194 nvme1n1 WS   583264360  131072    1.403
22:55:45.222 python3        2650194 nvme1n1 WS   583264616  131072    1.471
22:55:45.222 python3        2650191 nvme1n1 WS   1657733632 131072    0.679
22:55:45.222 python3        2650191 nvme1n1 WS   1657733888 131072    0.748
22:55:45.222 python3        2650191 nvme1n1 WS   1657734144 131072    0.834
22:55:45.222 python3        2650191 nvme1n1 WS   1657734400 131072    0.913
22:55:45.222 python3        2650191 nvme1n1 WS   1657734656 131072    0.988
22:55:45.222 python3        2650191 nvme1n1 WS   1657734912 131072    1.062
22:55:45.222 python3        2650191 nvme1n1 WS   1657735168 131072    1.142
22:55:45.222 python3        2650191 nvme1n1 WS   1657735424 131072    1.199
22:55:45.223 python3        2650191 nvme1n1 WS   1657735680 131072    1.282
22:55:45.223 python3        2650191 nvme1n1 WS   1657735936 131072    1.352
22:55:45.223 python3        2650191 nvme1n1 WS   1657736192 131072    1.432
22:55:45.223 python3        2650191 nvme1n1 WS   1657736448 131072    1.511
22:55:45.223 python3        2650191 nvme1n1 WS   1657736704 131072    1.596
22:55:45.223 python3        2650191 nvme1n1 WS   1657736960 131072    1.643
22:55:45.223 python3        2650191 nvme1n1 WS   1657576960 131072    1.717
22:55:45.223 python3        2650191 nvme1n1 WS   1657577216 131072    1.670
22:55:45.223 python3        2650191 nvme1n1 WS   1657595392 131072    1.755
22:55:45.223 python3        2650191 nvme1n1 WS   1657595648 131072    1.834
22:55:45.223 python3        2650193 nvme1n1 WS   1657741824 131072    1.902
22:55:45.223 python3        2650193 nvme1n1 WS   1657742080 131072    1.969
22:55:45.224 python3        2650193 nvme1n1 WS   1657742336 131072    2.039
22:55:45.224 python3        2650193 nvme1n1 WS   1657742592 131072    2.114
22:55:45.224 python3        2650192 nvme1n1 WS   1674174976 131072    2.203
22:55:45.224 python3        2650192 nvme1n1 WS   1674175232 131072    2.265
22:55:45.224 python3        2650192 nvme1n1 WS   1674175488 131072    2.334
22:55:45.224 python3        2650192 nvme1n1 WS   1674175744 131072    2.408
22:55:45.224 python3        2650193 nvme1n1 WS   1657742848 131072    2.494
22:55:45.224 python3        2650193 nvme1n1 WS   1657743104 131072    2.566
22:55:45.224 python3        2650193 nvme1n1 WS   1657743360 131072    2.639
22:55:45.224 python3        2650192 nvme1n1 WS   1674176000 131072    2.713
22:55:45.224 python3        2650192 nvme1n1 WS   1674176256 131072    2.787
22:55:45.224 python3        2650192 nvme1n1 WS   1674176512 131072    2.861
22:55:45.224 python3        2650193 nvme1n1 WS   1657743616 131072    2.924
22:55:45.225 python3        2650193 nvme1n1 WS   1657743872 131072    2.997
22:55:45.225 python3        2650193 nvme1n1 WS   1657744128 131072    3.074
22:55:45.225 python3        2650193 nvme1n1 WS   1657744384 131072    3.152
22:55:45.225 python3        2650193 nvme1n1 WS   1657744640 131072    3.219
22:55:45.225 python3        2650193 nvme1n1 WS   1657744896 131072    3.296
22:55:45.225 python3        2650192 nvme1n1 WS   1674176768 131072    3.378
22:55:45.225 python3        2650192 nvme1n1 WS   1674177024 131072    3.449
22:55:45.225 python3        2650192 nvme1n1 WS   1674177280 131072    3.520
22:55:45.225 python3        2650192 nvme1n1 WS   1674177536 131072    3.595
22:55:45.225 python3        2650192 nvme1n1 WS   1674177792 131072    3.674
22:55:45.226 python3        2650192 nvme1n1 WS   1674178048 131072    3.744
22:55:45.226 python3        2650192 nvme1n1 WS   1674178304 131072    3.956
22:55:45.226 python3        2650192 nvme1n1 WS   1674074624 131072    4.023
22:55:45.226 python3        2650193 nvme1n1 WS   1657745152 131072    3.819
22:55:45.226 python3        2650193 nvme1n1 WS   1657581568 131072    3.900
22:55:45.226 python3        2650193 nvme1n1 WS   1657581824 131072    4.002
22:55:45.226 python3        2650193 nvme1n1 WS   1657864704 131072    4.077
22:55:45.226 python3        2650193 nvme1n1 WS   1657864960 131072    4.155
22:55:45.226 python3        2650192 nvme1n1 WS   1674074880 131072    4.192
22:55:45.226 python3        2650192 nvme1n1 WS   1674078208 131072    4.264
22:55:45.226 python3        2650192 nvme1n1 WS   1674078464 131072    4.340
22:55:45.226 python3        2650191 nvme1n1 WS   1657750016 131072    4.338
22:55:45.226 python3        2650191 nvme1n1 WS   1657750272 131072    4.406
22:55:45.226 python3        2650191 nvme1n1 WS   1657750528 131072    4.481
22:55:45.226 python3        2650191 nvme1n1 WS   1657750784 131072    4.550
22:55:45.226 python3        2650191 nvme1n1 WS   1657751040 131072    4.629
22:55:45.227 python3        2650191 nvme1n1 WS   1657751296 131072    4.695
22:55:45.227 python3        2650191 nvme1n1 WS   1657751552 131072    4.770
22:55:45.227 python3        2650191 nvme1n1 WS   1657751808 131072    4.818
22:55:45.227 python3        2650191 nvme1n1 WS   1657752064 131072    4.895
22:55:45.227 python3        2650191 nvme1n1 WS   1657752320 131072    4.971
22:55:45.227 python3        2650191 nvme1n1 WS   1657752576 131072    5.042
22:55:45.227 python3        2650191 nvme1n1 WS   1657752832 131072    5.127
22:55:45.228 python3        2650191 nvme1n1 WS   1657753088 131072    5.186
22:55:45.228 python3        2650191 nvme1n1 WS   1657753344 131072    5.243
22:55:45.228 python3        2650191 nvme1n1 WS   1657585152 131072    5.317
22:55:45.228 python3        2650192 nvme1n1 WS   1657758208 131072    5.349
22:55:45.228 python3        2650192 nvme1n1 WS   1657758464 131072    5.423
22:55:45.228 python3        2650192 nvme1n1 WS   1657758720 131072    5.492
22:55:45.228 python3        2650192 nvme1n1 WS   1657758976 131072    5.566
22:55:45.228 python3        2650192 nvme1n1 WS   1657759232 131072    5.659
22:55:45.228 python3        2650192 nvme1n1 WS   1657759488 131072    5.728
22:55:45.228 python3        2650192 nvme1n1 WS   1657759744 131072    5.787
22:55:45.228 python3        2650192 nvme1n1 WS   1657760000 131072    5.840
22:55:45.228 python3        2650192 nvme1n1 WS   1657760256 131072    5.915
22:55:45.228 python3        2650192 nvme1n1 WS   1657760512 131072    5.981
22:55:45.228 python3        2650192 nvme1n1 WS   1657760768 131072    6.092
22:55:45.228 python3        2650192 nvme1n1 WS   1657761024 131072    6.164
22:55:45.228 python3        2650192 nvme1n1 WS   1657761280 131072    6.239
22:55:45.229 python3        2650192 nvme1n1 WS   1674183168 131072    6.328
22:55:45.229 python3        2650192 nvme1n1 WS   1674183424 131072    6.395
22:55:45.229 python3        2650192 nvme1n1 WS   1674183680 131072    6.465
22:55:45.229 python3        2650192 nvme1n1 WS   1674183936 131072    6.538
22:55:45.229 python3        2650192 nvme1n1 WS   1674184192 131072    6.613
22:55:45.229 python3        2650192 nvme1n1 WS   1674184448 131072    6.686
22:55:45.229 python3        2650192 nvme1n1 WS   1674184704 131072    6.760
22:55:45.229 python3        2650191 nvme1n1 WS   1657585408 131072    6.846
22:55:45.229 python3        2650191 nvme1n1 WS   1657872896 131072    6.915
22:55:45.229 python3        2650191 nvme1n1 WS   1657873152 131072    7.070
22:55:45.229 python3        2650192 nvme1n1 WS   1657761536 131072    6.995
22:55:45.229 python3        2650192 nvme1n1 WS   1657593344 131072    7.150
22:55:45.229 python3        2650192 nvme1n1 WS   1674184960 131072    7.199
22:55:45.229 python3        2650192 nvme1n1 WS   1674185216 131072    7.272
22:55:45.230 python3        2650192 nvme1n1 WS   1674185472 131072    7.345
22:55:45.230 python3        2650192 nvme1n1 WS   1674185728 131072    7.415
22:55:45.230 python3        2650192 nvme1n1 WS   1674185984 131072    7.491
22:55:45.230 python3        2650192 nvme1n1 WS   1674186240 131072    7.565
22:55:45.230 python3        2650192 nvme1n1 WS   1674186496 131072    7.615
22:55:45.230 python3        2650192 nvme1n1 WS   1674084352 131072    7.692
22:55:45.230 python3        2650192 nvme1n1 WS   1657593600 131072    7.724
22:55:45.230 python3        2650192 nvme1n1 WS   1657881088 131072    7.792
22:55:45.230 python3        2650192 nvme1n1 WS   1657881344 131072    7.866
22:55:45.230 python3        2650192 nvme1n1 WS   1674084608 131072    7.837
22:55:45.230 python3        2650192 nvme1n1 WS   1674102272 131072    7.915
22:55:45.231 python3        2650192 nvme1n1 WS   1674102528 131072    7.994
22:55:45.231 python3        2650191 nvme1n1 WS   1657774592 131072    7.963
22:55:45.231 python3        2650191 nvme1n1 WS   1657774848 131072    8.025
22:55:45.231 python3        2650191 nvme1n1 WS   1657775104 131072    8.103
22:55:45.231 python3        2650191 nvme1n1 WS   1657775360 131072    8.176
22:55:45.231 python3        2650191 nvme1n1 WS   1657775616 131072    8.251
22:55:45.231 python3        2650191 nvme1n1 WS   1657775872 131072    8.326
22:55:45.231 python3        2650191 nvme1n1 WS   1657776128 131072    8.405
22:55:45.231 python3        2650191 nvme1n1 WS   1657776384 131072    8.456
22:55:45.231 python3        2650191 nvme1n1 WS   1657776640 131072    8.529
22:55:45.231 python3        2650191 nvme1n1 WS   1657776896 131072    8.607
22:55:45.231 python3        2650191 nvme1n1 WS   1657777152 131072    8.686
22:55:45.231 python3        2650191 nvme1n1 WS   1657777408 131072    8.763
22:55:45.232 python3        2650191 nvme1n1 WS   1657777664 131072    8.837
22:55:45.232 python3        2650191 nvme1n1 WS   1657777920 131072    8.887
22:55:45.232 python3        2650191 nvme1n1 WS   1657597440 131072    8.965
22:55:45.232 python3        2650191 nvme1n1 WS   1657782784 131072    9.034
22:55:45.232 python3        2650191 nvme1n1 WS   1657783040 131072    9.104
22:55:45.232 python3        2650191 nvme1n1 WS   1657783296 131072    9.184
22:55:45.232 python3        2650191 nvme1n1 WS   1657783552 131072    9.254
22:55:45.232 python3        2650191 nvme1n1 WS   1657783808 131072    9.334
22:55:45.232 python3        2650191 nvme1n1 WS   1657784064 131072    9.399
22:55:45.232 python3        2650191 nvme1n1 WS   1657784320 131072    9.472
22:55:45.232 python3        2650191 nvme1n1 WS   1657784576 131072    9.520
22:55:45.232 python3        2650191 nvme1n1 WS   1657784832 131072    9.596
22:55:45.232 python3        2650191 nvme1n1 WS   1657785088 131072    9.667
22:55:45.232 python3        2650191 nvme1n1 WS   1657785344 131072    9.742
22:55:45.233 python3        2650191 nvme1n1 WS   1657785600 131072    9.817
22:55:45.233 python3        2650191 nvme1n1 WS   1657785856 131072    9.895
22:55:45.233 python3        2650191 nvme1n1 WS   1657786112 131072    9.947
22:55:45.233 python3        2650191 nvme1n1 WS   1657603584 131072   10.028
22:55:45.233 python3        2650191 nvme1n1 WS   1657597696 131072   10.115
22:55:45.233 python3        2650191 nvme1n1 WS   1657889280 131072   10.181
22:55:45.233 python3        2650191 nvme1n1 WS   1657889536 131072   10.258
22:55:45.233 python3        2650191 nvme1n1 WS   1657603840 131072   10.246
22:55:45.233 python3        2650191 nvme1n1 WS   1657897472 131072   10.322
22:55:45.233 python3        2650191 nvme1n1 WS   1657897728 131072   10.404
22:55:45.233 python3        2650192 nvme1n1 WS   1657790976 131072   10.331
22:55:45.233 python3        2650192 nvme1n1 WS   1657791232 131072   10.405
22:55:45.234 python3        2650192 nvme1n1 WS   1657791488 131072   10.480
22:55:45.234 python3        2650192 nvme1n1 WS   1657791744 131072   10.551
22:55:45.234 python3        2650192 nvme1n1 WS   1657792000 131072   10.627
22:55:45.234 python3        2650192 nvme1n1 WS   1657792256 131072   10.700
22:55:45.234 python3        2650192 nvme1n1 WS   1657792512 131072   10.774
22:55:45.234 python3        2650192 nvme1n1 WS   1657792768 131072   10.826
22:55:45.234 python3        2650192 nvme1n1 WS   1657793024 131072   10.900
22:55:45.234 python3        2650192 nvme1n1 WS   1657793280 131072   10.973
22:55:45.234 python3        2650192 nvme1n1 WS   1657793536 131072   11.049
22:55:45.234 python3        2650192 nvme1n1 WS   1657793792 131072   11.125
22:55:45.234 python3        2650192 nvme1n1 WS   1657794048 131072   11.203
22:55:45.235 python3        2650192 nvme1n1 WS   1657794304 131072   11.256
22:55:45.235 python3        2650192 nvme1n1 WS   1657611776 131072   11.328
22:55:45.235 python3        2650192 nvme1n1 WS   1657612032 131072   11.297
22:55:45.235 python3        2650192 nvme1n1 WS   1657905664 131072   11.370
22:55:45.235 python3        2650192 nvme1n1 WS   1657905920 131072   11.449
22:55:45.235 python3        2650193 nvme1n1 WS   1657913856 131072    9.711
22:55:45.235 python3        2650193 nvme1n1 WS   1657914112 131072    9.780
22:55:45.235 python3        2650193 nvme1n1 WS   1657914368 131072    9.859
22:55:45.235 python3        2650193 nvme1n1 WS   1657914624 131072    9.934
22:55:45.235 python3        2650193 nvme1n1 WS   1657914880 131072   10.011
22:55:45.235 python3        2650193 nvme1n1 WS   1657915136 131072   10.082
22:55:45.235 python3        2650193 nvme1n1 WS   1657915392 131072   10.159
22:55:45.235 python3        2650193 nvme1n1 WS   1657915648 131072   10.210
22:55:45.235 python3        2650193 nvme1n1 WS   1657915904 131072   10.281
22:55:45.236 python3        2650193 nvme1n1 WS   1657916160 131072   10.362
22:55:45.236 python3        2650193 nvme1n1 WS   1657916416 131072   10.439
22:55:45.236 python3        2650193 nvme1n1 WS   1657916672 131072   10.513
22:55:45.236 python3        2650193 nvme1n1 WS   1657916928 131072   10.588
22:55:45.236 python3        2650193 nvme1n1 WS   1657917184 131072   10.637
22:55:45.236 python3        2650193 nvme1n1 WS   1657798656 131072   10.711
22:55:45.236 python3        2650193 nvme1n1 WS   1657798912 131072   10.651
22:55:45.236 python3        2650193 nvme1n1 WS   1657922048 131072   10.723
22:55:45.236 python3        2650193 nvme1n1 WS   1657922304 131072   10.798
22:55:45.236 python3        2650193 nvme1n1 WS   1658229248 131072   10.809
22:55:45.236 python3        2650193 nvme1n1 WS   1658229504 131072   10.883
22:55:45.236 python3        2650193 nvme1n1 WS   1658229760 131072   10.959
22:55:45.236 python3        2650193 nvme1n1 WS   1658230016 131072   11.039
22:55:45.237 python3        2650193 nvme1n1 WS   1658230272 131072   11.116
22:55:45.237 python3        2650193 nvme1n1 WS   1658230528 131072   11.190
22:55:45.237 python3        2650193 nvme1n1 WS   1658230784 131072   11.263
22:55:45.237 python3        2650193 nvme1n1 WS   1658231040 131072   11.312
22:55:45.237 python3        2650193 nvme1n1 WS   1658231296 131072   11.383
22:55:45.237 python3        2650193 nvme1n1 WS   1658231552 131072   11.462
22:55:45.237 python3        2650193 nvme1n1 WS   1658231808 131072   11.537
22:55:45.237 python3        2650193 nvme1n1 WS   1658232064 131072   11.612
22:55:45.237 python3        2650193 nvme1n1 WS   1658232320 131072   11.691
22:55:45.237 python3        2650193 nvme1n1 WS   1658232576 131072   11.743
22:55:45.237 python3        2650193 nvme1n1 WS   1658060800 131072   11.821
22:55:45.237 python3        2650193 nvme1n1 WS   1657930240 131072   11.874
22:55:45.237 python3        2650193 nvme1n1 WS   1657930496 131072   11.941
22:55:45.238 python3        2650193 nvme1n1 WS   1657930752 131072   12.015
22:55:45.238 python3        2650193 nvme1n1 WS   1657931008 131072   12.088
22:55:45.238 python3        2650193 nvme1n1 WS   1657931264 131072   12.161
22:55:45.238 python3        2650193 nvme1n1 WS   1657931520 131072   12.237
22:55:45.238 python3        2650193 nvme1n1 WS   1657931776 131072   12.311
22:55:45.238 python3        2650193 nvme1n1 WS   1657932032 131072   12.358
22:55:45.238 python3        2650193 nvme1n1 WS   1657932288 131072   12.468
22:55:45.238 python3        2650194 nvme1n1 WS   1657938432 131072   12.550
22:55:45.238 python3        2650194 nvme1n1 WS   1657938688 131072   12.621
22:55:45.238 python3        2650194 nvme1n1 WS   1657938944 131072   12.694
22:55:45.239 python3        2650193 nvme1n1 WS   1657932544 131072   12.787
22:55:45.239 python3        2650193 nvme1n1 WS   1657932800 131072   12.859
22:55:45.239 python3        2650193 nvme1n1 WS   1657933056 131072   12.941
22:55:45.239 python3        2650193 nvme1n1 WS   1657933312 131072   13.016
22:55:45.239 python3        2650194 nvme1n1 WS   1657939200 131072   13.093
22:55:45.239 python3        2650194 nvme1n1 WS   1657939456 131072   13.166
22:55:45.239 python3        2650194 nvme1n1 WS   1657939712 131072   13.240
22:55:45.239 python3        2650194 nvme1n1 WS   1657939968 131072   13.319
22:55:45.239 python3        2650193 nvme1n1 WS   1657933568 131072   13.388
22:55:45.239 python3        2650193 nvme1n1 WS   1657802240 131072   13.463
22:55:45.240 python3        2650193 nvme1n1 WS   1658061056 131072   13.546
22:55:45.240 python3        2650193 nvme1n1 WS   1658336768 131072   13.625
22:55:45.240 python3        2650193 nvme1n1 WS   1658337024 131072   13.700
22:55:45.240 python3        2650194 nvme1n1 WS   1657940224 131072   13.773
22:55:45.240 python3        2650194 nvme1n1 WS   1657940480 131072   13.846
22:55:45.240 python3        2650194 nvme1n1 WS   1657940736 131072   13.919
22:55:45.240 python3        2650194 nvme1n1 WS   1657940992 131072   13.995
22:55:45.240 python3        2650194 nvme1n1 WS   1657941248 131072   14.073
22:55:45.240 python3        2650194 nvme1n1 WS   1657941504 131072   14.147
22:55:45.240 python3        2650194 nvme1n1 WS   1657941760 131072   14.196
22:55:45.240 python3        2650194 nvme1n1 WS   1657810432 131072   14.269
22:55:45.240 python3        2650193 nvme1n1 WS   1657802496 131072   14.310
22:55:45.240 python3        2650193 nvme1n1 WS   1658344960 131072   14.383
22:55:45.241 python3        2650193 nvme1n1 WS   1658345216 131072   14.457
22:55:45.241 python3        2650194 nvme1n1 WS   1657810688 131072   14.418
22:55:45.241 python3        2650194 nvme1n1 WS   1658353152 131072   14.492
22:55:45.241 python3        2650194 nvme1n1 WS   1658353408 131072   14.567
22:55:45.241 python3        2650194 nvme1n1 WS   1657946624 131072   14.503
22:55:45.241 python3        2650194 nvme1n1 WS   1657946880 131072   14.575
22:55:45.241 python3        2650194 nvme1n1 WS   1657947136 131072   14.646
22:55:45.241 python3        2650194 nvme1n1 WS   1657947392 131072   14.720
22:55:45.241 python3        2650194 nvme1n1 WS   1657947648 131072   14.799
22:55:45.241 python3        2650194 nvme1n1 WS   1657947904 131072   14.879
22:55:45.241 python3        2650194 nvme1n1 WS   1657948160 131072   14.952
22:55:45.241 python3        2650194 nvme1n1 WS   1657948416 131072   14.999
22:55:45.241 python3        2650194 nvme1n1 WS   1657948672 131072   15.078
22:55:45.241 python3        2650194 nvme1n1 WS   1657948928 131072   15.151
22:55:45.241 python3        2650194 nvme1n1 WS   1657949184 131072   15.229
22:55:45.241 python3        2650194 nvme1n1 WS   1657949440 131072   15.303
22:55:45.242 python3        2650194 nvme1n1 WS   1657949696 131072   15.383
22:55:45.242 python3        2650194 nvme1n1 WS   1657949952 131072   15.422
22:55:45.242 python3        2650194 nvme1n1 WS   1657815040 131072   15.499
22:55:45.242 python3        2650194 nvme1n1 WS   1657815296 131072   15.435
22:55:45.242 python3        2650194 nvme1n1 WS   1658361344 131072   15.509
22:55:45.242 python3        2650194 nvme1n1 WS   1658361600 131072   15.584
22:55:45.242 python3        2650194 nvme1n1 WS   1657954816 131072   14.884
22:55:45.242 python3        2650194 nvme1n1 WS   1657955072 131072   14.955
22:55:45.242 python3        2650194 nvme1n1 WS   1657955328 131072   15.036
22:55:45.242 python3        2650194 nvme1n1 WS   1657955584 131072   15.112
22:55:45.242 python3        2650194 nvme1n1 WS   1657955840 131072   15.188
22:55:45.242 python3        2650194 nvme1n1 WS   1657956096 131072   15.259
22:55:45.242 python3        2650194 nvme1n1 WS   1657956352 131072   15.336
22:55:45.243 python3        2650194 nvme1n1 WS   1657956608 131072   15.381
22:55:45.243 python3        2650194 nvme1n1 WS   1657956864 131072   15.460
22:55:45.243 python3        2650194 nvme1n1 WS   1657957120 131072   15.533
22:55:45.243 python3        2650194 nvme1n1 WS   1657957376 131072   15.604
22:55:45.243 python3        2650194 nvme1n1 WS   1657957632 131072   15.682
22:55:45.243 python3        2650194 nvme1n1 WS   1657957888 131072   15.754
22:55:45.243 python3        2650194 nvme1n1 WS   1657958144 131072   15.845
22:55:45.243 python3        2650194 nvme1n1 WS   1657818624 131072   15.918
22:55:45.243 python3        2650194 nvme1n1 WS   1657818880 131072   15.870
22:55:45.243 python3        2650194 nvme1n1 WS   1658369536 131072   15.949
22:55:45.243 python3        2650194 nvme1n1 WS   1658369792 131072   16.025
22:55:45.243 python3        2650191 nvme1n1 WS   1674191360 131072   15.938
22:55:45.244 python3        2650191 nvme1n1 WS   1674191616 131072   15.990
22:55:45.244 python3        2650191 nvme1n1 WS   1674191872 131072   16.059
22:55:45.244 python3        2650191 nvme1n1 WS   1674192128 131072   16.132
22:55:45.244 python3        2650191 nvme1n1 WS   1674192384 131072   16.207
22:55:45.244 python3        2650191 nvme1n1 WS   1674192640 131072   16.281
22:55:45.244 python3        2650191 nvme1n1 WS   1674192896 131072   16.357
22:55:45.244 python3        2650191 nvme1n1 WS   1674193152 131072   16.412
22:55:45.244 python3        2650191 nvme1n1 WS   1674193408 131072   16.492
22:55:45.244 python3        2650194 nvme1n1 WS   1657963008 131072   16.573
22:55:45.244 python3        2650194 nvme1n1 WS   1657963264 131072   16.646
22:55:45.244 python3        2650191 nvme1n1 WS   1674193664 131072   16.727
22:55:45.244 python3        2650194 nvme1n1 WS   1657963520 131072   16.807
22:55:45.245 python3        2650191 nvme1n1 WS   1674193920 131072   16.883
22:55:45.245 python3        2650191 nvme1n1 WS   1674194176 131072   16.956
22:55:45.245 python3        2650191 nvme1n1 WS   1674194432 131072   17.032
22:55:45.245 python3        2650194 nvme1n1 WS   1657963776 131072   17.116
22:55:45.245 python3        2650194 nvme1n1 WS   1657964032 131072   17.201
22:55:45.245 python3        2650194 nvme1n1 WS   1657964288 131072   17.267
22:55:45.245 python3        2650194 nvme1n1 WS   1657964544 131072   17.337
22:55:45.245 python3        2650191 nvme1n1 WS   1674194688 131072   17.393
22:55:45.245 python3        2650191 nvme1n1 WS   1674078720 131072   17.463
22:55:45.245 python3        2650194 nvme1n1 WS   1657964800 131072   17.533
22:55:45.245 python3        2650194 nvme1n1 WS   1657965056 131072   17.614
22:55:45.245 python3        2650194 nvme1n1 WS   1657965312 131072   17.701
22:55:45.245 python3        2650194 nvme1n1 WS   1657965568 131072   17.755
22:55:45.246 python3        2650194 nvme1n1 WS   1657965824 131072   17.835
22:55:45.246 python3        2650194 nvme1n1 WS   1657966080 131072   17.906
22:55:45.246 python3        2650194 nvme1n1 WS   1657966336 131072   17.953
22:55:45.246 python3        2650194 nvme1n1 WS   1657823232 131072   18.030
22:55:45.246 python3        2650191 nvme1n1 WS   1674078976 131072   18.031
22:55:45.246 python3        2650191 nvme1n1 WS   1674118144 131072   18.107
22:55:45.246 python3        2650191 nvme1n1 WS   1674118400 131072   18.179
22:55:45.246 python3        2650194 nvme1n1 WS   1657823488 131072   18.207
22:55:45.246 python3        2650194 nvme1n1 WS   1658377728 131072   18.282
22:55:45.246 python3        2650194 nvme1n1 WS   1658377984 131072   18.357
22:55:45.246 python3        2650192 nvme1n1 WS   1674199552 131072   18.298
22:55:45.246 python3        2650192 nvme1n1 WS   1674199808 131072   18.365
22:55:45.246 python3        2650192 nvme1n1 WS   1674200064 131072   18.440
22:55:45.247 python3        2650192 nvme1n1 WS   1674200320 131072   18.511
22:55:45.247 python3        2650192 nvme1n1 WS   1674200576 131072   18.599
22:55:45.247 python3        2650192 nvme1n1 WS   1674200832 131072   18.651
22:55:45.247 python3        2650192 nvme1n1 WS   1674201088 131072   18.734
22:55:45.247 python3        2650192 nvme1n1 WS   1674201344 131072   18.785
22:55:45.247 python3        2650192 nvme1n1 WS   1674201600 131072   18.859
22:55:45.247 python3        2650192 nvme1n1 WS   1674201856 131072   18.938
22:55:45.247 python3        2650192 nvme1n1 WS   1674202112 131072   19.011
22:55:45.247 python3        2650192 nvme1n1 WS   1674202368 131072   19.086
22:55:45.247 python3        2650192 nvme1n1 WS   1674202624 131072   19.170
22:55:45.247 python3        2650192 nvme1n1 WS   1674202880 131072   19.210
22:55:45.247 python3        2650192 nvme1n1 WS   1674087936 131072   19.290
22:55:45.248 python3        2650192 nvme1n1 WS   1674088192 131072   19.237
22:55:45.248 python3        2650192 nvme1n1 WS   1674207744 131072   19.316
22:55:45.248 python3        2650192 nvme1n1 WS   1674208000 131072   19.388
22:55:45.248 python3        2650193 nvme1n1 WS   1657971200 131072   16.022
22:55:45.248 python3        2650193 nvme1n1 WS   1657971456 131072   16.093
22:55:45.248 python3        2650193 nvme1n1 WS   1657971712 131072   16.164
22:55:45.248 python3        2650193 nvme1n1 WS   1657971968 131072   16.268
22:55:45.248 python3        2650193 nvme1n1 WS   1657972224 131072   16.340
22:55:45.248 python3        2650193 nvme1n1 WS   1657972480 131072   16.415
22:55:45.248 python3        2650193 nvme1n1 WS   1657972736 131072   16.489
22:55:45.248 python3        2650193 nvme1n1 WS   1657972992 131072   16.537
22:55:45.248 python3        2650193 nvme1n1 WS   1657973248 131072   16.611
22:55:45.248 python3        2650193 nvme1n1 WS   1657973504 131072   16.688
22:55:45.249 python3        2650193 nvme1n1 WS   1657973760 131072   16.764
22:55:45.249 python3        2650193 nvme1n1 WS   1657974016 131072   16.828
22:55:45.249 python3        2650193 nvme1n1 WS   1657974272 131072   16.908
22:55:45.249 python3        2650193 nvme1n1 WS   1657974528 131072   16.944
22:55:45.249 python3        2650193 nvme1n1 WS   1657826816 131072   17.003
22:55:45.249 python3        2650193 nvme1n1 WS   1657827072 131072   16.982
22:55:45.249 python3        2650193 nvme1n1 WS   1658385920 131072   17.048
22:55:45.249 python3        2650193 nvme1n1 WS   1658386176 131072   17.123
22:55:45.249 python3        2650194 nvme1n1 WS   1657987584 131072    5.880
22:55:45.249 python3        2650194 nvme1n1 WS   1657987840 131072    5.953
22:55:45.249 python3        2650194 nvme1n1 WS   1657988096 131072    6.023
22:55:45.249 python3        2650194 nvme1n1 WS   1657988352 131072    6.095
22:55:45.250 python3        2650194 nvme1n1 WS   1657988608 131072    6.172
22:55:45.250 python3        2650194 nvme1n1 WS   1657988864 131072    6.254
22:55:45.250 python3        2650194 nvme1n1 WS   1657989120 131072    6.325
22:55:45.250 python3        2650194 nvme1n1 WS   1657989376 131072    6.368
22:55:45.250 python3        2650194 nvme1n1 WS   1657989632 131072    6.443
22:55:45.250 python3        2650194 nvme1n1 WS   1657989888 131072    6.517
22:55:45.250 python3        2650194 nvme1n1 WS   1657990144 131072    6.601
22:55:45.250 python3        2650194 nvme1n1 WS   1657990400 131072    6.663
22:55:45.250 python3        2650194 nvme1n1 WS   1657990656 131072    6.736
22:55:45.250 python3        2650194 nvme1n1 WS   1657990912 131072    6.790
22:55:45.250 python3        2650194 nvme1n1 WS   1657831424 131072    6.864
22:55:45.250 python3        2650194 nvme1n1 WS   1657831680 131072    6.814
22:55:45.250 python3        2650194 nvme1n1 WS   1657865216 131072    6.882
22:55:45.250 python3        2650194 nvme1n1 WS   1657865472 131072    6.936
22:55:45.251 python3        2650192 nvme1n1 WS   1658528256 131072    5.832
22:55:45.251 python3        2650192 nvme1n1 WS   1658528512 131072    5.956
22:55:45.251 python3        2650192 nvme1n1 WS   1658528768 131072    6.082
22:55:45.251 python3        2650192 nvme1n1 WS   1658529024 131072    6.216
22:55:45.251 python3        2650192 nvme1n1 WS   1658529280 131072    6.356
22:55:45.251 python3        2650192 nvme1n1 WS   1658529536 131072    6.494
22:55:45.251 python3        2650192 nvme1n1 WS   1658529792 131072    6.638
22:55:45.252 python3        2650192 nvme1n1 WS   1658530048 131072    6.742
22:55:45.252 python3        2650192 nvme1n1 WS   1658530304 131072    6.869
22:55:45.252 python3        2650192 nvme1n1 WS   1658530560 131072    6.983
22:55:45.252 python3        2650192 nvme1n1 WS   1658530816 131072    7.056
22:55:45.252 python3        2650192 nvme1n1 WS   1658531072 131072    7.138
22:55:45.252 python3        2650192 nvme1n1 WS   1658531328 131072    7.207
22:55:45.252 python3        2650192 nvme1n1 WS   1658531584 131072    7.260
22:55:45.252 python3        2650192 nvme1n1 WS   1658379776 131072    7.335
22:55:45.252 python3        2650192 nvme1n1 WS   1658380032 131072    7.287
22:55:45.252 python3        2650192 nvme1n1 WS   1658337280 131072    7.365
22:55:45.252 python3        2650192 nvme1n1 WS   1658337536 131072    7.441
22:55:45.253 python3        2650192 nvme1n1 WS   1657995776 131072    7.264
22:55:45.253 python3        2650192 nvme1n1 WS   1657996032 131072    7.333
22:55:45.253 python3        2650192 nvme1n1 WS   1657996288 131072    7.407
22:55:45.253 python3        2650192 nvme1n1 WS   1657996544 131072    7.471
22:55:45.253 python3        2650192 nvme1n1 WS   1657996800 131072    7.573
22:55:45.253 python3        2650192 nvme1n1 WS   1657997056 131072    7.697
22:55:45.253 python3        2650192 nvme1n1 WS   1657997312 131072    7.822
22:55:45.253 python3        2650192 nvme1n1 WS   1657997568 131072    7.923
22:55:45.253 python3        2650192 nvme1n1 WS   1657997824 131072    8.049
22:55:45.254 python3        2650192 nvme1n1 WS   1657998080 131072    8.175
22:55:45.254 python3        2650192 nvme1n1 WS   1657998336 131072    8.305
22:55:45.254 python3        2650192 nvme1n1 WS   1657998592 131072    8.413
22:55:45.254 python3        2650192 nvme1n1 WS   1657998848 131072    8.490
22:55:45.254 python3        2650192 nvme1n1 WS   1657999104 131072    8.551
22:55:45.254 python3        2650192 nvme1n1 WS   1657835008 131072    8.628
22:55:45.254 python3        2650192 nvme1n1 WS   1657835264 131072    8.585
22:55:45.254 python3        2650192 nvme1n1 WS   1658345472 131072    8.659
22:55:45.254 python3        2650192 nvme1n1 WS   1658345728 131072    8.736
22:55:45.254 python3        2650192 nvme1n1 WS   1658003968 131072    8.814
22:55:45.254 python3        2650192 nvme1n1 WS   1658004224 131072    8.885
22:55:45.255 python3        2650192 nvme1n1 WS   1658004480 131072    8.961
22:55:45.255 python3        2650192 nvme1n1 WS   1658004736 131072    9.042
22:55:45.255 python3        2650192 nvme1n1 WS   1658004992 131072    9.113
22:55:45.255 python3        2650192 nvme1n1 WS   1658005248 131072    9.193
22:55:45.255 python3        2650192 nvme1n1 WS   1658005504 131072    9.268
22:55:45.255 python3        2650192 nvme1n1 WS   1658005760 131072    9.319
22:55:45.255 python3        2650192 nvme1n1 WS   1658006016 131072    9.397
22:55:45.255 python3        2650192 nvme1n1 WS   1658006272 131072    9.461
22:55:45.255 python3        2650192 nvme1n1 WS   1658006528 131072    9.535
22:55:45.255 python3        2650192 nvme1n1 WS   1658006784 131072    9.607
22:55:45.255 python3        2650192 nvme1n1 WS   1658007040 131072    9.689
22:55:45.255 python3        2650192 nvme1n1 WS   1658007296 131072    9.742
22:55:45.255 python3        2650192 nvme1n1 WS   1657843200 131072    9.825
22:55:45.256 python3        2650192 nvme1n1 WS   1657843456 131072    9.784
22:55:45.256 python3        2650192 nvme1n1 WS   1658353664 131072    9.864
22:55:45.256 python3        2650192 nvme1n1 WS   1658353920 131072    9.940
22:55:45.256 python3        2650194 nvme1n1 WS   1658016256 131072    9.999
22:55:45.256 python3        2650194 nvme1n1 WS   1658016512 131072   10.068
22:55:45.256 python3        2650194 nvme1n1 WS   1658016768 131072   10.143
22:55:45.256 python3        2650194 nvme1n1 WS   1658017024 131072   10.218
22:55:45.256 python3        2650194 nvme1n1 WS   1658017280 131072   10.291
22:55:45.256 python3        2650194 nvme1n1 WS   1658017536 131072   10.366
22:55:45.256 python3        2650194 nvme1n1 WS   1658017792 131072   10.440
22:55:45.256 python3        2650194 nvme1n1 WS   1658018048 131072   10.485
22:55:45.256 python3        2650194 nvme1n1 WS   1658018304 131072   10.558
22:55:45.256 python3        2650194 nvme1n1 WS   1658018560 131072   10.630
22:55:45.257 python3        2650194 nvme1n1 WS   1658018816 131072   10.702
22:55:45.257 python3        2650194 nvme1n1 WS   1658019072 131072   10.775
22:55:45.257 python3        2650194 nvme1n1 WS   1658019328 131072   10.847
22:55:45.257 python3        2650194 nvme1n1 WS   1658019584 131072   10.897
22:55:45.257 python3        2650194 nvme1n1 WS   1657847808 131072   10.975
22:55:45.257 python3        2650194 nvme1n1 WS   1657848064 131072   10.863
22:55:45.257 python3        2650194 nvme1n1 WS   1658361856 131072   10.965
22:55:45.259 python3        2650194 nvme1n1 WS   1658362112 131072   11.091
22:55:45.259 python3        2650194 nvme1n1 WS   1658024448 131072   10.214
22:55:45.259 python3        2650194 nvme1n1 WS   1658024704 131072   10.308
22:55:45.259 python3        2650194 nvme1n1 WS   1658024960 131072   10.380
22:55:45.259 python3        2650194 nvme1n1 WS   1658025216 131072   10.454
22:55:45.259 python3        2650194 nvme1n1 WS   1658025472 131072   10.527
22:55:45.259 python3        2650194 nvme1n1 WS   1658025728 131072   10.601
22:55:45.259 python3        2650194 nvme1n1 WS   1658025984 131072   10.677
22:55:45.259 python3        2650194 nvme1n1 WS   1658026240 131072   10.729
22:55:45.259 python3        2650194 nvme1n1 WS   1658026496 131072   10.808
22:55:45.259 python3        2650194 nvme1n1 WS   1658026752 131072   10.869
22:55:45.259 python3        2650194 nvme1n1 WS   1658027008 131072   10.946
22:55:45.259 python3        2650194 nvme1n1 WS   1658027264 131072   11.006
22:55:45.259 python3        2650194 nvme1n1 WS   1658027520 131072   11.069
22:55:45.259 python3        2650194 nvme1n1 WS   1658027776 131072   11.171
22:55:45.259 python3        2650194 nvme1n1 WS   1657851392 131072   11.270
22:55:45.259 python3        2650194 nvme1n1 WS   1657851648 131072   11.199
22:55:45.259 python3        2650194 nvme1n1 WS   1658370048 131072   11.280
22:55:45.259 python3        2650194 nvme1n1 WS   1658370304 131072   11.356
22:55:45.259 python3        2650191 nvme1n1 WS   1658032640 131072   11.274
22:55:45.259 python3        2650191 nvme1n1 WS   1658032896 131072   11.370
22:55:45.259 python3        2650191 nvme1n1 WS   1658033152 131072   11.467
22:55:45.259 python3        2650191 nvme1n1 WS   1658033408 131072   11.534
22:55:45.262 python3        2650191 nvme1n1 WS   1658033664 131072   11.606
22:55:45.262 python3        2650191 nvme1n1 WS   1658033920 131072   11.733
22:55:45.262 python3        2650191 nvme1n1 WS   1658034176 131072   11.857
22:55:45.262 python3        2650191 nvme1n1 WS   1658034432 131072   11.929
22:55:45.262 python3        2650191 nvme1n1 WS   1658034688 131072   12.004
22:55:45.262 python3        2650191 nvme1n1 WS   1658034944 131072   12.060
22:55:45.262 python3        2650191 nvme1n1 WS   1658035200 131072   12.135
22:55:45.262 python3        2650191 nvme1n1 WS   1658035456 131072   12.215
22:55:45.262 python3        2650191 nvme1n1 WS   1658035712 131072   12.293
22:55:45.262 python3        2650191 nvme1n1 WS   1658035968 131072   12.346
22:55:45.262 python3        2650191 nvme1n1 WS   1657859584 131072   12.429
22:55:45.262 python3        2650191 nvme1n1 WS   1657859840 131072   12.384
22:55:45.262 python3        2650191 nvme1n1 WS   1658402304 131072   12.463
22:55:45.262 python3        2650191 nvme1n1 WS   1658402560 131072   12.546
22:55:45.262 python3        2650191 nvme1n1 WS   1658040832 131072   12.621
22:55:45.262 python3        2650191 nvme1n1 WS   1658041088 131072   12.672
22:55:45.262 python3        2650191 nvme1n1 WS   1658041344 131072   12.746
22:55:45.262 python3        2650191 nvme1n1 WS   1658041600 131072   12.817
22:55:45.262 python3        2650191 nvme1n1 WS   1658041856 131072   12.891
22:55:45.262 python3        2650191 nvme1n1 WS   1658042112 131072   12.967
22:55:45.262 python3        2650191 nvme1n1 WS   1658042368 131072   13.043
22:55:45.262 python3        2650191 nvme1n1 WS   1658042624 131072   13.101
22:55:45.262 python3        2650191 nvme1n1 WS   1658042880 131072   13.174
22:55:45.262 python3        2650191 nvme1n1 WS   1658043136 131072   13.253
22:55:45.262 python3        2650191 nvme1n1 WS   1658043392 131072   13.321
22:55:45.262 python3        2650191 nvme1n1 WS   1658043648 131072   13.395
22:55:45.262 python3        2650191 nvme1n1 WS   1658043904 131072   13.468
22:55:45.262 python3        2650191 nvme1n1 WS   1658044160 131072   13.517
22:55:45.262 python3        2650191 nvme1n1 WS   1657977344 131072   13.589
22:55:45.262 python3        2650191 nvme1n1 WS   1657977600 131072   13.477
22:55:45.262 python3        2650191 nvme1n1 WS   1658418176 131072   13.550
22:55:45.262 python3        2650191 nvme1n1 WS   1658418432 131072   13.627
22:55:45.262 python3        2650193 nvme1n1 WS   1658049024 131072   13.433
22:55:45.262 python3        2650193 nvme1n1 WS   1658049280 131072   13.489
22:55:45.262 python3        2650193 nvme1n1 WS   1658049536 131072   13.558
22:55:45.262 python3        2650193 nvme1n1 WS   1658049792 131072   13.636
22:55:45.262 python3        2650193 nvme1n1 WS   1658050048 131072   13.760
22:55:45.262 python3        2650193 nvme1n1 WS   1658050304 131072   13.853
22:55:45.262 python3        2650193 nvme1n1 WS   1658050560 131072   13.926
22:55:45.262 python3        2650193 nvme1n1 WS   1658050816 131072   13.975
22:55:45.263 python3        2650193 nvme1n1 WS   1658051072 131072   14.054
22:55:45.263 python3        2650193 nvme1n1 WS   1658051328 131072   14.128
22:55:45.263 python3        2650193 nvme1n1 WS   1658051584 131072   14.202
22:55:45.263 python3        2650193 nvme1n1 WS   1658051840 131072   14.279
22:55:45.263 python3        2650193 nvme1n1 WS   1658052096 131072   14.353
22:55:45.263 python3        2650193 nvme1n1 WS   1658052352 131072   14.410
22:55:45.263 python3        2650193 nvme1n1 WS   1657981440 131072   14.484
22:55:45.263 python3        2650193 nvme1n1 WS   1657981696 131072   14.437
22:55:45.263 python3        2650193 nvme1n1 WS   1658434560 131072   14.513
22:55:45.263 python3        2650193 nvme1n1 WS   1658434816 131072   14.589
22:55:45.264 python3        2650193 nvme1n1 WS   1658057216 131072   14.658
22:55:45.264 python3        2650193 nvme1n1 WS   1658057472 131072   14.714
22:55:45.264 python3        2650193 nvme1n1 WS   1658057728 131072   14.832
22:55:45.264 python3        2650193 nvme1n1 WS   1658057984 131072   14.954
22:55:45.264 python3        2650193 nvme1n1 WS   1658058240 131072   15.082
22:55:45.264 python3        2650193 nvme1n1 WS   1658058496 131072   15.203
22:55:45.264 python3        2650193 nvme1n1 WS   1658058752 131072   15.328
22:55:45.264 python3        2650193 nvme1n1 WS   1658059008 131072   15.430
22:55:45.264 python3        2650193 nvme1n1 WS   1658059264 131072   15.555
22:55:45.264 python3        2650193 nvme1n1 WS   1658059520 131072   15.714
22:55:45.265 python3        2650193 nvme1n1 WS   1658059776 131072   15.841
22:55:45.265 python3        2650193 nvme1n1 WS   1658060032 131072   15.966
22:55:45.265 python3        2650193 nvme1n1 WS   1658060288 131072   16.091
22:55:45.265 python3        2650193 nvme1n1 WS   1658060544 131072   16.157
22:55:45.265 python3        2650193 nvme1n1 WS   1658010112 131072   16.237
22:55:45.265 python3        2650193 nvme1n1 WS   1658010368 131072   16.193
22:55:45.265 python3        2650193 nvme1n1 WS   1658450944 131072   16.254
22:55:45.265 python3        2650193 nvme1n1 WS   1658451200 131072   16.314
22:55:45.265 python3        2650191 nvme1n1 WS   1658536448 131072   16.105
22:55:45.265 python3        2650191 nvme1n1 WS   1658536704 131072   16.221
22:55:45.266 python3        2650191 nvme1n1 WS   1658536960 131072   16.358
22:55:45.266 python3        2650191 nvme1n1 WS   1658537216 131072   16.485
22:55:45.266 python3        2650191 nvme1n1 WS   1658537472 131072   16.606
22:55:45.266 python3        2650191 nvme1n1 WS   1658537728 131072   16.731
22:55:45.266 python3        2650192 nvme1n1 WS   1657802104 69632    16.849
22:55:45.266 python3        2650192 nvme1n1 WS   587449600  131072   16.937
22:55:45.266 python3        2650192 nvme1n1 WS   587449856  131072   17.017
22:55:45.266 python3        2650192 nvme1n1 WS   587450112  131072   17.098
22:55:45.266 python3        2650192 nvme1n1 WS   587450368  131072   17.174
22:55:45.266 python3        2650192 nvme1n1 WS   587450624  131072   17.249
22:55:45.267 python3        2650192 nvme1n1 WS   587450880  131072   17.326
22:55:45.267 python3        2650192 nvme1n1 WS   587451136  131072   17.401
22:55:45.267 python3        2650192 nvme1n1 WS   587451392  131072   17.484
22:55:45.267 python3        2650192 nvme1n1 WS   587451648  131072   17.569
22:55:45.267 python3        2650192 nvme1n1 WS   587451904  131072   17.645
22:55:45.267 python3        2650192 nvme1n1 WS   587452160  131072   17.719
22:55:45.267 python3        2650192 nvme1n1 WS   587452416  131072   17.798
22:55:45.267 python3        2650192 nvme1n1 WS   587452672  131072   17.872
22:55:45.267 python3        2650192 nvme1n1 WS   587452928  131072   17.947
22:55:45.267 python3        2650192 nvme1n1 WS   587453184  131072   18.027
22:55:45.267 python3        2650192 nvme1n1 WS   587453440  61440    18.066
22:55:45.267 python3        2650192 nvme1n1 WS   587453560  131072   18.146
22:55:45.267 python3        2650192 nvme1n1 WS   587453816  131072   18.220
22:55:45.268 python3        2650191 nvme1n1 WS   1658537984 131072   18.296
22:55:45.268 python3        2650191 nvme1n1 WS   1658538240 131072   18.350
22:55:45.268 python3        2650191 nvme1n1 WS   1658538496 131072   18.426
22:55:45.268 python3        2650191 nvme1n1 WS   1658538752 131072   18.502
22:55:45.268 python3        2650191 nvme1n1 WS   1658539008 131072   18.575
22:55:45.268 python3        2650191 nvme1n1 WS   1658539264 131072   18.649
22:55:45.268 python3        2650191 nvme1n1 WS   1658539520 131072   18.720
22:55:45.268 python3        2650191 nvme1n1 WS   1658539776 131072   18.771
22:55:45.268 python3        2650191 nvme1n1 WS   1658379264 131072   18.855
22:55:45.268 python3        2650191 nvme1n1 WS   1658379520 131072   18.830
22:55:45.268 python3        2650191 nvme1n1 WS   1658585600 131072   18.909
22:55:45.268 python3        2650191 nvme1n1 WS   1658585856 131072   19.025
22:55:45.269 python3        2650191 nvme1n1 WS   1658544640 131072   19.120
22:55:45.269 python3        2650191 nvme1n1 WS   1658544896 131072   19.171
22:55:45.269 python3        2650191 nvme1n1 WS   1658545152 131072   19.245
22:55:45.269 python3        2650191 nvme1n1 WS   1658545408 131072   19.313
22:55:45.269 python3        2650191 nvme1n1 WS   1658545664 131072   19.387
22:55:45.269 python3        2650191 nvme1n1 WS   1658545920 131072   19.462
22:55:45.269 python3        2650191 nvme1n1 WS   1658546176 131072   19.540
22:55:45.269 python3        2650191 nvme1n1 WS   1658546432 131072   19.592
22:55:45.269 python3        2650191 nvme1n1 WS   1658546688 131072   19.673
22:55:45.269 python3        2650191 nvme1n1 WS   1658546944 131072   19.750
22:55:45.269 python3        2650191 nvme1n1 WS   1658547200 131072   19.823
22:55:45.269 python3        2650191 nvme1n1 WS   1658547456 131072   19.893
22:55:45.269 python3        2650191 nvme1n1 WS   1658547712 131072   19.965
22:55:45.270 python3        2650191 nvme1n1 WS   1658547968 131072   20.019
22:55:45.270 python3        2650191 nvme1n1 WS   1658387968 131072   20.098
22:55:45.270 python3        2650191 nvme1n1 WS   1658388224 131072   20.057
22:55:45.270 python3        2650191 nvme1n1 WS   1658467328 131072   20.169
22:55:45.270 python3        2650191 nvme1n1 WS   1658467584 131072   20.280
22:55:45.270 python3        2650194 nvme1n1 WS   1658552832 131072   20.216
22:55:45.270 python3        2650194 nvme1n1 WS   1658553088 131072   20.336
22:55:45.270 python3        2650194 nvme1n1 WS   1658553344 131072   20.467
22:55:45.271 python3        2650194 nvme1n1 WS   1658553600 131072   20.588
22:55:45.271 python3        2650194 nvme1n1 WS   1658553856 131072   20.664
22:55:45.271 python3        2650194 nvme1n1 WS   1658554112 131072   20.739
22:55:45.271 python3        2650194 nvme1n1 WS   1658554368 131072   20.812
22:55:45.271 python3        2650194 nvme1n1 WS   1658554624 131072   20.861
22:55:45.271 python3        2650194 nvme1n1 WS   1658554880 131072   20.939
22:55:45.271 python3        2650194 nvme1n1 WS   1658555136 131072   21.019
22:55:45.271 python3        2650194 nvme1n1 WS   1658555392 131072   21.091
22:55:45.271 python3        2650194 nvme1n1 WS   1658555648 131072   21.169
22:55:45.271 python3        2650194 nvme1n1 WS   1658555904 131072   21.242
22:55:45.271 python3        2650194 nvme1n1 WS   1658556160 131072   21.270
22:55:45.271 python3        2650194 nvme1n1 WS   1658587648 131072   21.348
22:55:45.272 python3        2650194 nvme1n1 WS   1658587904 131072   21.290
22:55:45.272 python3        2650194 nvme1n1 WS   1658597888 131072   21.364
22:55:45.272 python3        2650194 nvme1n1 WS   1658598144 131072   21.446
22:55:45.272 python3        2650193 nvme1n1 WS   1658561024 131072   21.364
22:55:45.272 python3        2650193 nvme1n1 WS   1658561280 131072   21.435
22:55:45.272 python3        2650193 nvme1n1 WS   1658561536 131072   21.509
22:55:45.272 python3        2650193 nvme1n1 WS   1658561792 131072   21.582
22:55:45.272 python3        2650193 nvme1n1 WS   1658562048 131072   21.657
22:55:45.272 python3        2650193 nvme1n1 WS   1658562304 131072   21.730
22:55:45.272 python3        2650193 nvme1n1 WS   1658562560 131072   21.809
22:55:45.272 python3        2650193 nvme1n1 WS   1658562816 131072   21.861
22:55:45.272 python3        2650193 nvme1n1 WS   1658563072 131072   21.934
22:55:45.272 python3        2650193 nvme1n1 WS   1658563328 131072   22.003
22:55:45.272 python3        2650193 nvme1n1 WS   1658563584 131072   22.081
22:55:45.273 python3        2650193 nvme1n1 WS   1658563840 131072   22.149
22:55:45.273 python3        2650193 nvme1n1 WS   1658564096 131072   22.258
22:55:45.273 python3        2650193 nvme1n1 WS   1658564352 131072   22.271
22:55:45.273 python3        2650193 nvme1n1 WS   1658387456 131072   22.341
22:55:45.273 python3        2650193 nvme1n1 WS   1658387712 131072   22.289
22:55:45.273 python3        2650193 nvme1n1 WS   1658606080 131072   22.364
22:55:45.273 python3        2650193 nvme1n1 WS   1658606336 131072   22.439
22:55:45.273 python3        2650194 nvme1n1 WS   1658569216 131072   21.468
22:55:45.273 python3        2650194 nvme1n1 WS   1658569472 131072   21.545
22:55:45.273 python3        2650194 nvme1n1 WS   1658569728 131072   21.616
22:55:45.273 python3        2650194 nvme1n1 WS   1658569984 131072   21.689
22:55:45.273 python3        2650194 nvme1n1 WS   1658570240 131072   21.764
22:55:45.274 python3        2650194 nvme1n1 WS   1658570496 131072   21.839
22:55:45.274 python3        2650194 nvme1n1 WS   1658570752 131072   21.914
22:55:45.274 python3        2650194 nvme1n1 WS   1658571008 131072   21.969
22:55:45.274 python3        2650194 nvme1n1 WS   1658571264 131072   22.043
22:55:45.274 python3        2650194 nvme1n1 WS   1658571520 131072   22.116
22:55:45.274 python3        2650194 nvme1n1 WS   1658571776 131072   22.193
22:55:45.274 python3        2650194 nvme1n1 WS   1658572032 131072   22.270
22:55:45.274 python3        2650194 nvme1n1 WS   1658572288 131072   22.338
22:55:45.274 python3        2650194 nvme1n1 WS   1658572544 131072   22.441
22:55:45.274 python3        2650194 nvme1n1 WS   1658404352 131072   22.568
22:55:45.274 python3        2650194 nvme1n1 WS   1658404608 131072   22.580
22:55:45.275 python3        2650194 nvme1n1 WS   1658614272 131072   22.703
22:55:45.275 python3        2650194 nvme1n1 WS   1658614528 131072   22.830
22:55:45.275 python3        2650193 nvme1n1 WS   1658577408 131072   23.097
22:55:45.275 python3        2650193 nvme1n1 WS   1658577664 131072   23.219
22:55:45.275 python3        2650193 nvme1n1 WS   1658577920 131072   23.347
22:55:45.275 python3        2650193 nvme1n1 WS   1658578176 131072   23.470
22:55:45.275 python3        2650193 nvme1n1 WS   1658578432 131072   23.544
22:55:45.275 python3        2650193 nvme1n1 WS   1658578688 131072   23.618
22:55:45.275 python3        2650193 nvme1n1 WS   1658578944 131072   23.727
22:55:45.276 python3        2650193 nvme1n1 WS   1658579200 131072   23.773
22:55:45.276 python3        2650193 nvme1n1 WS   1658579456 131072   23.850
22:55:45.276 python3        2650193 nvme1n1 WS   1658579712 131072   23.928
22:55:45.276 python3        2650193 nvme1n1 WS   1658579968 131072   24.008
22:55:45.276 python3        2650193 nvme1n1 WS   1658580224 131072   24.082
22:55:45.276 python3        2650193 nvme1n1 WS   1658580480 131072   24.163
22:55:45.276 python3        2650193 nvme1n1 WS   1658580736 131072   24.211
22:55:45.276 python3        2650193 nvme1n1 WS   1658330112 131072   24.289
22:55:45.276 python3        2650193 nvme1n1 WS   1658330368 131072   24.230
22:55:45.276 python3        2650192 nvme1n1 WS   1658630656 131072   22.650
22:55:45.276 python3        2650192 nvme1n1 WS   1658630912 131072   22.719
22:55:45.276 python3        2650192 nvme1n1 WS   1658631168 131072   22.791
22:55:45.277 python3        2650192 nvme1n1 WS   1658631424 131072   22.868
22:55:45.277 python3        2650192 nvme1n1 WS   1658631680 131072   22.941
22:55:45.277 python3        2650192 nvme1n1 WS   1658631936 131072   23.013
22:55:45.277 python3        2650192 nvme1n1 WS   1658632192 131072   23.082
22:55:45.277 python3        2650192 nvme1n1 WS   1658632448 131072   23.131
22:55:45.277 python3        2650192 nvme1n1 WS   1658632704 131072   23.206
22:55:45.277 python3        2650192 nvme1n1 WS   1658632960 131072   23.282
22:55:45.277 python3        2650192 nvme1n1 WS   1658633216 131072   23.357
22:55:45.277 python3        2650192 nvme1n1 WS   1658633472 131072   23.415
22:55:45.277 python3        2650193 nvme1n1 WS   1658622464 131072   25.227
22:55:45.277 python3        2650193 nvme1n1 WS   1658622720 131072   25.288
22:55:45.277 python3        2650192 nvme1n1 WS   1658633728 131072   23.616
22:55:45.277 python3        2650192 nvme1n1 WS   1658633984 131072   23.687
22:55:45.278 python3        2650192 nvme1n1 WS   1658593280 131072   23.765
22:55:45.278 python3        2650192 nvme1n1 WS   1658593536 131072   23.678
22:55:45.278 python3        2650192 nvme1n1 WS   1658642944 131072   23.754
22:55:45.278 python3        2650192 nvme1n1 WS   1658643200 131072   23.834
22:55:45.278 python3        2650192 nvme1n1 WS   1658647040 131072   22.753
22:55:45.278 python3        2650192 nvme1n1 WS   1658647296 131072   22.830
22:55:45.278 python3        2650192 nvme1n1 WS   1658647552 131072   22.938
22:55:45.278 python3        2650192 nvme1n1 WS   1658647808 131072   23.061
22:55:45.278 python3        2650192 nvme1n1 WS   1658648064 131072   23.185
22:55:45.278 python3        2650192 nvme1n1 WS   1658648320 131072   23.307
22:55:45.279 python3        2650192 nvme1n1 WS   1658648576 131072   23.428
22:55:45.279 python3        2650192 nvme1n1 WS   1658648832 131072   23.533
22:55:45.279 python3        2650192 nvme1n1 WS   1658649088 131072   23.660
22:55:45.279 python3        2650192 nvme1n1 WS   1658649344 131072   23.796
22:55:45.279 python3        2650192 nvme1n1 WS   1658649600 131072   23.867
22:55:45.279 python3        2650192 nvme1n1 WS   1658649856 131072   23.944
22:55:45.279 python3        2650192 nvme1n1 WS   1658650112 131072   24.017
22:55:45.279 python3        2650192 nvme1n1 WS   1658650368 131072   24.075
22:55:45.279 python3        2650192 nvme1n1 WS   1658596864 131072   24.162
22:55:45.279 python3        2650192 nvme1n1 WS   1658597120 131072   24.137
22:55:45.280 python3        2650192 nvme1n1 WS   1658237440 131072   22.150
22:55:45.280 python3        2650192 nvme1n1 WS   1658237696 131072   22.263
22:55:45.280 python3        2650192 nvme1n1 WS   1658237952 131072   22.337
22:55:45.280 python3        2650192 nvme1n1 WS   1658238208 131072   22.411
22:55:45.280 python3        2650192 nvme1n1 WS   1658238464 131072   22.487
22:55:45.280 python3        2650192 nvme1n1 WS   1658238720 131072   22.560
22:55:45.280 python3        2650192 nvme1n1 WS   1658238976 131072   22.631
22:55:45.280 python3        2650192 nvme1n1 WS   1658239232 131072   22.687
22:55:45.280 python3        2650192 nvme1n1 WS   1658239488 131072   22.760
22:55:45.280 python3        2650192 nvme1n1 WS   1658239744 131072   22.834
22:55:45.280 python3        2650192 nvme1n1 WS   1658240000 131072   22.905
22:55:45.280 python3        2650192 nvme1n1 WS   1658240256 131072   22.967
22:55:45.281 python3        2650192 nvme1n1 WS   1658655232 131072   25.186
22:55:45.281 python3        2650192 nvme1n1 WS   1658655488 131072   25.289
22:55:45.281 python3        2650192 nvme1n1 WS   1658240512 131072   23.266
22:55:45.281 python3        2650192 nvme1n1 WS   1658240768 131072   23.362
22:55:45.281 python3        2650192 nvme1n1 WS   1658068992 131072   23.533
22:55:45.281 python3        2650192 nvme1n1 WS   1658069248 131072   23.556
22:55:45.281 python3        2650192 nvme1n1 WS   1658663424 131072   23.697
22:55:45.282 python3        2650192 nvme1n1 WS   1658663680 131072   23.831
22:55:45.282 python3        2650194 nvme1n1 WS   1674215936 131072   21.377
22:55:45.282 python3        2650194 nvme1n1 WS   1674216192 131072   21.503
22:55:45.282 python3        2650194 nvme1n1 WS   1674216448 131072   21.600
22:55:45.282 python3        2650194 nvme1n1 WS   1674216704 131072   21.676
22:55:45.282 python3        2650194 nvme1n1 WS   1674216960 131072   21.746
22:55:45.282 python3        2650194 nvme1n1 WS   1674217216 131072   21.821
22:55:45.282 python3        2650194 nvme1n1 WS   1674217472 131072   21.893
22:55:45.282 python3        2650194 nvme1n1 WS   1674217728 131072   21.947
22:55:45.282 python3        2650194 nvme1n1 WS   1674217984 131072   22.028
22:55:45.282 python3        2650194 nvme1n1 WS   1674218240 131072   22.105
22:55:45.283 python3        2650194 nvme1n1 WS   1674218496 131072   22.185
22:55:45.283 python3        2650194 nvme1n1 WS   1674218752 131072   22.260
22:55:45.283 python3        2650194 nvme1n1 WS   1674219008 131072   22.333
22:55:45.283 python3        2650194 nvme1n1 WS   1674219264 131072   22.389
22:55:45.283 python3        2650194 nvme1n1 WS   1674088448 131072   22.464
22:55:45.283 python3        2650194 nvme1n1 WS   1674088704 131072   22.417
22:55:45.283 python3        2650194 nvme1n1 WS   1674102784 131072   22.494
22:55:45.283 python3        2650194 nvme1n1 WS   1674103040 131072   22.567
22:55:45.283 python3        2650194 nvme1n1 WS   1658245632 131072   22.244
22:55:45.283 python3        2650194 nvme1n1 WS   1658245888 131072   22.319
22:55:45.283 python3        2650194 nvme1n1 WS   1658246144 131072   22.392
22:55:45.283 python3        2650194 nvme1n1 WS   1658246400 131072   22.469
22:55:45.283 python3        2650194 nvme1n1 WS   1658246656 131072   22.543
22:55:45.284 python3        2650194 nvme1n1 WS   1658246912 131072   22.667
22:55:45.284 python3        2650194 nvme1n1 WS   1658247168 131072   22.793
22:55:45.284 python3        2650194 nvme1n1 WS   1658247424 131072   22.898
22:55:45.284 python3        2650194 nvme1n1 WS   1658247680 131072   23.004
22:55:45.284 python3        2650194 nvme1n1 WS   1658247936 131072   23.127
22:55:45.284 python3        2650194 nvme1n1 WS   1658248192 131072   23.253
22:55:45.284 python3        2650194 nvme1n1 WS   1658248448 131072   23.348
22:55:45.284 python3        2650194 nvme1n1 WS   1658248704 131072   23.422
22:55:45.285 python3        2650194 nvme1n1 WS   1658248960 131072   23.472
22:55:45.285 python3        2650194 nvme1n1 WS   1658072576 131072   23.547
22:55:45.285 python3        2650194 nvme1n1 WS   1658072832 131072   23.494
22:55:45.285 python3        2650194 nvme1n1 WS   1658671616 131072   23.570
22:55:45.285 python3        2650194 nvme1n1 WS   1658671872 131072   23.647
22:55:45.285 python3        2650191 nvme1n1 WS   1674224128 131072   22.257
22:55:45.285 python3        2650191 nvme1n1 WS   1674224384 131072   22.327
22:55:45.285 python3        2650191 nvme1n1 WS   1674224640 131072   22.400
22:55:45.285 python3        2650191 nvme1n1 WS   1674224896 131072   22.480
22:55:45.285 python3        2650191 nvme1n1 WS   1674225152 131072   22.557
22:55:45.285 python3        2650191 nvme1n1 WS   1674225408 131072   22.632
22:55:45.285 python3        2650191 nvme1n1 WS   1674225664 131072   22.708
22:55:45.285 python3        2650191 nvme1n1 WS   1674225920 131072   22.750
22:55:45.286 python3        2650191 nvme1n1 WS   1674226176 131072   22.826
22:55:45.286 python3        2650191 nvme1n1 WS   1674226432 131072   22.904
22:55:45.286 python3        2650191 nvme1n1 WS   1674226688 131072   22.980
22:55:45.286 python3        2650191 nvme1n1 WS   1674226944 131072   23.053
22:55:45.286 python3        2650191 nvme1n1 WS   1674227200 131072   23.132
22:55:45.286 python3        2650191 nvme1n1 WS   1674227456 131072   23.180
22:55:45.286 python3        2650191 nvme1n1 WS   1674092032 131072   23.254
22:55:45.286 python3        2650191 nvme1n1 WS   1674092288 131072   23.159
22:55:45.286 python3        2650191 nvme1n1 WS   1674118656 131072   23.234
22:55:45.286 python3        2650191 nvme1n1 WS   1674118912 131072   23.306
22:55:45.286 python3        2650193 nvme1n1 WS   1674232320 131072   20.872
22:55:45.286 python3        2650193 nvme1n1 WS   1674232576 131072   20.945
22:55:45.286 python3        2650193 nvme1n1 WS   1674232832 131072   21.021
22:55:45.287 python3        2650193 nvme1n1 WS   1674233088 131072   21.096
22:55:45.287 python3        2650193 nvme1n1 WS   1674233344 131072   21.205
22:55:45.287 python3        2650193 nvme1n1 WS   1674233600 131072   21.275
22:55:45.287 python3        2650193 nvme1n1 WS   1674233856 131072   21.357
22:55:45.287 python3        2650193 nvme1n1 WS   1674234112 131072   21.408
22:55:45.287 python3        2650193 nvme1n1 WS   1674234368 131072   21.485
22:55:45.287 python3        2650193 nvme1n1 WS   1674234624 131072   21.559
22:55:45.287 python3        2650193 nvme1n1 WS   1674234880 131072   21.631
22:55:45.287 python3        2650193 nvme1n1 WS   1674235136 131072   21.705
22:55:45.287 python3        2650193 nvme1n1 WS   1674235392 131072   21.778
22:55:45.287 python3        2650193 nvme1n1 WS   1674235648 131072   21.830
22:55:45.287 python3        2650193 nvme1n1 WS   1674092544 131072   21.909
22:55:45.288 python3        2650193 nvme1n1 WS   1674092800 131072   21.913
22:55:45.288 python3        2650193 nvme1n1 WS   1674321920 131072   22.018
22:55:45.288 python3        2650193 nvme1n1 WS   1674322176 131072   22.138
22:55:45.288 python3        2650193 nvme1n1 WS   1658253824 131072   21.209
22:55:45.288 python3        2650193 nvme1n1 WS   1658254080 131072   21.281
22:55:45.288 python3        2650193 nvme1n1 WS   1658254336 131072   21.357
22:55:45.288 python3        2650193 nvme1n1 WS   1658254592 131072   21.428
22:55:45.288 python3        2650193 nvme1n1 WS   1658254848 131072   21.501
22:55:45.288 python3        2650193 nvme1n1 WS   1658255104 131072   21.577
22:55:45.288 python3        2650193 nvme1n1 WS   1658255360 131072   21.652
22:55:45.288 python3        2650193 nvme1n1 WS   1658255616 131072   21.698
22:55:45.289 python3        2650193 nvme1n1 WS   1658255872 131072   21.770
22:55:45.289 python3        2650193 nvme1n1 WS   1658256128 131072   21.843
22:55:45.289 python3        2650193 nvme1n1 WS   1658256384 131072   21.916
22:55:45.289 python3        2650193 nvme1n1 WS   1658256640 131072   21.987
22:55:45.289 python3        2650193 nvme1n1 WS   1658256896 131072   22.067
22:55:45.289 python3        2650193 nvme1n1 WS   1658257152 131072   22.107
22:55:45.289 python3        2650193 nvme1n1 WS   1658085376 131072   22.203
22:55:45.289 python3        2650193 nvme1n1 WS   1658085632 131072   22.151
22:55:45.289 python3        2650193 nvme1n1 WS   1658679808 131072   22.255
22:55:45.289 python3        2650193 nvme1n1 WS   1658680064 131072   22.344
22:55:45.289 python3        2650192 nvme1n1 WS   1658270208 131072   20.930
22:55:45.289 python3        2650192 nvme1n1 WS   1658270464 131072   21.001
22:55:45.290 python3        2650192 nvme1n1 WS   1658270720 131072   21.077
22:55:45.290 python3        2650192 nvme1n1 WS   1658270976 131072   21.164
22:55:45.290 python3        2650192 nvme1n1 WS   1658271232 131072   21.293
22:55:45.290 python3        2650192 nvme1n1 WS   1658271488 131072   21.417
22:55:45.290 python3        2650192 nvme1n1 WS   1658271744 131072   21.541
22:55:45.290 python3        2650192 nvme1n1 WS   1658272000 131072   21.647
22:55:45.290 python3        2650192 nvme1n1 WS   1658272256 131072   21.771
22:55:45.290 python3        2650192 nvme1n1 WS   1658272512 131072   21.895
22:55:45.291 python3        2650192 nvme1n1 WS   1658272768 131072   22.025
22:55:45.291 python3        2650192 nvme1n1 WS   1658273024 131072   22.107
22:55:45.291 python3        2650192 nvme1n1 WS   1658273280 131072   22.179
22:55:45.291 python3        2650192 nvme1n1 WS   1658273536 131072   22.233
22:55:45.291 python3        2650192 nvme1n1 WS   1658093568 131072   22.306
22:55:45.291 python3        2650192 nvme1n1 WS   1658093824 131072   22.261
22:55:45.291 python3        2650192 nvme1n1 WS   1658688000 131072   22.331
22:55:45.291 python3        2650192 nvme1n1 WS   1658688256 131072   22.453
22:55:45.291 python3        2650191 nvme1n1 WS   1658278400 131072   21.024
22:55:45.291 python3        2650191 nvme1n1 WS   1658278656 131072   21.145
22:55:45.291 python3        2650191 nvme1n1 WS   1658278912 131072   21.268
22:55:45.292 python3        2650191 nvme1n1 WS   1658279168 131072   21.351
22:55:45.292 python3        2650191 nvme1n1 WS   1658279424 131072   21.458
22:55:45.292 python3        2650191 nvme1n1 WS   1658279680 131072   21.560
22:55:45.292 python3        2650191 nvme1n1 WS   1658279936 131072   21.662
22:55:45.292 python3        2650191 nvme1n1 WS   1658280192 131072   21.762
22:55:45.292 python3        2650191 nvme1n1 WS   1658280448 131072   21.872
22:55:45.292 python3        2650191 nvme1n1 WS   1658280704 131072   21.943
22:55:45.292 python3        2650191 nvme1n1 WS   1658280960 131072   22.018
22:55:45.292 python3        2650191 nvme1n1 WS   1658281216 131072   22.093
22:55:45.292 python3        2650191 nvme1n1 WS   1658281472 131072   22.197
22:55:45.293 python3        2650191 nvme1n1 WS   1658281728 131072   22.246
22:55:45.293 python3        2650191 nvme1n1 WS   1658118144 131072   22.373
22:55:45.293 python3        2650191 nvme1n1 WS   1658118400 131072   22.374
22:55:45.293 python3        2650191 nvme1n1 WS   1658696192 131072   22.500
22:55:45.293 python3        2650191 nvme1n1 WS   1658696448 131072   22.633
22:55:45.293 python3        2650191 nvme1n1 WS   583264872  131072   21.296
22:55:45.293 python3        2650191 nvme1n1 WS   583265128  131072   21.417
22:55:45.293 python3        2650191 nvme1n1 WS   583265384  131072   21.512
22:55:45.294 python3        2650191 nvme1n1 WS   583265640  131072   21.586
22:55:45.294 python3        2650191 nvme1n1 WS   583265896  131072   21.659
22:55:45.294 python3        2650191 nvme1n1 WS   583266152  131072   21.734
22:55:45.294 python3        2650191 nvme1n1 WS   583266408  131072   21.809
22:55:45.294 python3        2650191 nvme1n1 WS   1658286592 131072   21.619
22:55:45.294 python3        2650191 nvme1n1 WS   1658286848 131072   21.700
22:55:45.294 python3        2650191 nvme1n1 WS   1658287104 131072   21.777
22:55:45.294 python3        2650191 nvme1n1 WS   1658287360 131072   21.860
22:55:45.294 python3        2650191 nvme1n1 WS   1658287616 131072   21.928
22:55:45.294 python3        2650191 nvme1n1 WS   1658287872 131072   22.020
22:55:45.294 python3        2650191 nvme1n1 WS   1658288128 131072   22.097
22:55:45.294 python3        2650191 nvme1n1 WS   1658288384 131072   22.149
22:55:45.294 python3        2650191 nvme1n1 WS   1658288640 131072   22.230
22:55:45.295 python3        2650191 nvme1n1 WS   1658288896 131072   22.304
22:55:45.295 python3        2650191 nvme1n1 WS   1658289152 131072   22.381
22:55:45.295 python3        2650191 nvme1n1 WS   1658289408 131072   22.459
22:55:45.295 python3        2650191 nvme1n1 WS   1658289664 131072   22.538
22:55:45.295 python3        2650191 nvme1n1 WS   1658289920 131072   22.590
22:55:45.295 python3        2650191 nvme1n1 WS   1658134528 131072   22.665
22:55:45.295 python3        2650191 nvme1n1 WS   1658134784 131072   22.615
22:55:45.295 python3        2650191 nvme1n1 WS   1658598400 131072   22.688
22:55:45.295 python3        2650191 nvme1n1 WS   1658598656 131072   22.761
22:55:45.295 python3        2650191 nvme1n1 WS   583266664  131072   22.819
22:55:45.295 python3        2650191 nvme1n1 WS   583266920  131072   22.892
22:55:45.295 python3        2650191 nvme1n1 WS   583267176  131072   22.966
22:55:45.296 python3        2650191 nvme1n1 WS   583267432  131072   23.046
22:55:45.296 python3        2650191 nvme1n1 WS   583267688  131072   23.136
22:55:45.296 python3        2650191 nvme1n1 WS   583267944  131072   23.264
22:55:45.296 python3        2650191 nvme1n1 WS   583268200  131072   23.388
22:55:45.296 python3        2650191 nvme1n1 WS   583268456  131072   23.511
22:55:45.296 python3        2650191 nvme1n1 WS   583268712  131072   23.513
22:55:45.296 python3        2650191 nvme1n1 WS   583078656  131072   23.639
22:55:45.296 python3        2650191 nvme1n1 WS   583078912  131072   23.766
22:55:45.297 python3        2650194 nvme1n1 WS   1658294784 131072   23.361
22:55:45.297 python3        2650194 nvme1n1 WS   1658295040 131072   23.491
22:55:45.297 python3        2650194 nvme1n1 WS   1658295296 131072   23.618
22:55:45.297 python3        2650194 nvme1n1 WS   1658295552 131072   23.743
22:55:45.297 python3        2650194 nvme1n1 WS   1658295808 131072   23.860
22:55:45.297 python3        2650194 nvme1n1 WS   1658296064 131072   23.931
22:55:45.297 python3        2650194 nvme1n1 WS   1658296320 131072   24.010
22:55:45.297 python3        2650194 nvme1n1 WS   1658296576 131072   24.059
22:55:45.297 python3        2650194 nvme1n1 WS   1658296832 131072   24.137
22:55:45.297 python3        2650194 nvme1n1 WS   1658297088 131072   24.210
22:55:45.298 python3        2650194 nvme1n1 WS   1658297344 131072   24.286
22:55:45.298 python3        2650194 nvme1n1 WS   1658297600 131072   24.361
22:55:45.298 python3        2650194 nvme1n1 WS   1658297856 131072   24.435
22:55:45.298 python3        2650194 nvme1n1 WS   1658298112 131072   24.486
22:55:45.298 python3        2650194 nvme1n1 WS   1658150912 131072   24.563
22:55:45.298 python3        2650194 nvme1n1 WS   1658151168 131072   24.511
22:55:45.298 python3        2650193 nvme1n1 WS   1674240512 131072   23.269
22:55:45.298 python3        2650193 nvme1n1 WS   1674240768 131072   23.337
22:55:45.298 python3        2650193 nvme1n1 WS   1674241024 131072   23.416
22:55:45.298 python3        2650193 nvme1n1 WS   1674241280 131072   23.492
22:55:45.298 python3        2650193 nvme1n1 WS   1674241536 131072   23.604
22:55:45.298 python3        2650193 nvme1n1 WS   1674241792 131072   23.684
22:55:45.299 python3        2650193 nvme1n1 WS   1674242048 131072   23.759
22:55:45.299 python3        2650193 nvme1n1 WS   1674242304 131072   23.812
22:55:45.299 python3        2650193 nvme1n1 WS   1674242560 131072   23.890
22:55:45.299 python3        2650193 nvme1n1 WS   1674242816 131072   23.965
22:55:45.299 python3        2650193 nvme1n1 WS   1674243072 131072   24.041
22:55:45.299 python3        2650193 nvme1n1 WS   1674243328 131072   24.114
22:55:45.299 python3        2650194 nvme1n1 WS   1658606592 131072   25.567
22:55:45.299 python3        2650194 nvme1n1 WS   1658606848 131072   25.641
22:55:45.299 python3        2650193 nvme1n1 WS   1674243584 131072   24.346
22:55:45.299 python3        2650193 nvme1n1 WS   1674243840 131072   24.404
22:55:45.299 python3        2650193 nvme1n1 WS   1674096128 131072   24.482
22:55:45.299 python3        2650193 nvme1n1 WS   1674096384 131072   24.459
22:55:45.299 python3        2650193 nvme1n1 WS   1674314240 131072   24.534
22:55:45.300 python3        2650193 nvme1n1 WS   1674314496 131072   24.611
22:55:45.300 python3        2650194 nvme1n1 WS   1658302976 131072   24.205
22:55:45.300 python3        2650194 nvme1n1 WS   1658303232 131072   24.275
22:55:45.300 python3        2650194 nvme1n1 WS   1658303488 131072   24.353
22:55:45.300 python3        2650194 nvme1n1 WS   1658303744 131072   24.426
22:55:45.300 python3        2650194 nvme1n1 WS   1658304000 131072   24.496
22:55:45.300 python3        2650194 nvme1n1 WS   1658304256 131072   24.568
22:55:45.300 python3        2650194 nvme1n1 WS   1658304512 131072   24.644
22:55:45.300 python3        2650194 nvme1n1 WS   1658304768 131072   24.699
22:55:45.300 python3        2650194 nvme1n1 WS   1658305024 131072   24.775
22:55:45.300 python3        2650194 nvme1n1 WS   1658305280 131072   24.846
22:55:45.300 python3        2650194 nvme1n1 WS   1658305536 131072   24.947
22:55:45.301 python3        2650194 nvme1n1 WS   1658305792 131072   25.076
22:55:45.301 python3        2650194 nvme1n1 WS   1658306048 131072   25.202
22:55:45.301 python3        2650194 nvme1n1 WS   1658306304 131072   25.311
22:55:45.301 python3        2650194 nvme1n1 WS   1658167296 131072   25.449
22:55:45.301 python3        2650194 nvme1n1 WS   1658167552 131072   25.453
22:55:45.301 python3        2650194 nvme1n1 WS   1658614784 131072   25.578
22:55:45.301 python3        2650194 nvme1n1 WS   1658615040 131072   25.706
22:55:45.301 python3        2650193 nvme1n1 WS   1674248704 131072   23.218
22:55:45.302 python3        2650193 nvme1n1 WS   1674248960 131072   23.284
22:55:45.302 python3        2650193 nvme1n1 WS   1674249216 131072   23.357
22:55:45.302 python3        2650193 nvme1n1 WS   1674249472 131072   23.432
22:55:45.302 python3        2650193 nvme1n1 WS   1674249728 131072   23.507
22:55:45.302 python3        2650193 nvme1n1 WS   1674249984 131072   23.582
22:55:45.302 python3        2650193 nvme1n1 WS   1674250240 131072   23.648
22:55:45.302 python3        2650193 nvme1n1 WS   1674250496 131072   23.753
22:55:45.302 python3        2650193 nvme1n1 WS   1674250752 131072   23.883
22:55:45.302 python3        2650193 nvme1n1 WS   1674251008 131072   24.026
22:55:45.302 python3        2650193 nvme1n1 WS   1674251264 131072   24.168
22:55:45.303 python3        2650193 nvme1n1 WS   1674251520 131072   24.309
22:55:45.303 python3        2650193 nvme1n1 WS   1674251776 131072   24.454
22:55:45.303 python3        2650193 nvme1n1 WS   1674252032 131072   24.570
22:55:45.303 python3        2650193 nvme1n1 WS   1674120704 131072   24.661
22:55:45.303 python3        2650193 nvme1n1 WS   1674120960 131072   24.629
22:55:45.303 python3        2650192 nvme1n1 WS   1658311168 131072   23.999
22:55:45.303 python3        2650192 nvme1n1 WS   1658311424 131072   24.068
22:55:45.303 python3        2650192 nvme1n1 WS   1658311680 131072   24.149
22:55:45.303 python3        2650192 nvme1n1 WS   1658311936 131072   24.226
22:55:45.303 python3        2650192 nvme1n1 WS   1658312192 131072   24.304
22:55:45.304 python3        2650192 nvme1n1 WS   1658312448 131072   24.382
22:55:45.304 python3        2650192 nvme1n1 WS   1658312704 131072   24.467
22:55:45.304 python3        2650192 nvme1n1 WS   1658312960 131072   24.527
22:55:45.304 python3        2650192 nvme1n1 WS   1658313216 131072   24.607
22:55:45.304 python3        2650192 nvme1n1 WS   1658313472 131072   24.677
22:55:45.304 python3        2650192 nvme1n1 WS   1658313728 131072   24.752
22:55:45.304 python3        2650192 nvme1n1 WS   1658313984 131072   24.829
22:55:45.304 python3        2650193 nvme1n1 WS   1674326528 131072   25.721
22:55:45.304 python3        2650193 nvme1n1 WS   1674326784 131072   25.794
22:55:45.304 python3        2650192 nvme1n1 WS   1658314240 131072   25.098
22:55:45.304 python3        2650192 nvme1n1 WS   1658314496 131072   25.156
22:55:45.304 python3        2650192 nvme1n1 WS   1658183680 131072   25.231
22:55:45.305 python3        2650192 nvme1n1 WS   1658183936 131072   25.189
22:55:45.305 python3        2650192 nvme1n1 WS   1658622976 131072   25.264
22:55:45.305 python3        2650192 nvme1n1 WS   1658623232 131072   25.337
22:55:45.305 python3        2650192 nvme1n1 WS   1658315264 131072   23.270
22:55:45.305 python3        2650192 nvme1n1 WS   1658315520 131072   23.348
22:55:45.305 python3        2650192 nvme1n1 WS   1658315776 131072   23.424
22:55:45.305 python3        2650192 nvme1n1 WS   1658316032 131072   23.501
22:55:45.305 python3        2650192 nvme1n1 WS   1658316288 131072   23.578
22:55:45.305 python3        2650192 nvme1n1 WS   1658316544 131072   23.654
22:55:45.305 python3        2650192 nvme1n1 WS   1658316800 131072   23.735
22:55:45.305 python3        2650192 nvme1n1 WS   1658317056 131072   23.797
22:55:45.305 python3        2650192 nvme1n1 WS   1658317312 131072   23.874
22:55:45.305 python3        2650192 nvme1n1 WS   1658317568 131072   23.947
22:55:45.306 python3        2650192 nvme1n1 WS   1658708480 131072   23.213
22:55:45.306 python3        2650192 nvme1n1 WS   1658708736 131072   23.269
22:55:45.306 python3        2650192 nvme1n1 WS   1658708992 131072   23.330
22:55:45.306 python3        2650192 nvme1n1 WS   1658709248 131072   23.394
22:55:45.306 python3        2650192 nvme1n1 WS   1658709504 131072   23.502
22:55:45.306 python3        2650192 nvme1n1 WS   1658709760 131072   23.587
22:55:45.306 python3        2650192 nvme1n1 WS   1658710016 131072   23.655
22:55:45.306 python3        2650192 nvme1n1 WS   1658710272 131072   23.713
22:55:45.306 python3        2650192 nvme1n1 WS   1658710528 131072   23.792
22:55:45.306 python3        2650192 nvme1n1 WS   1658710784 131072   23.868
22:55:45.306 python3        2650192 nvme1n1 WS   1658711040 131072   23.945
22:55:45.306 python3        2650192 nvme1n1 WS   1658711296 131072   24.018
22:55:45.307 python3        2650192 nvme1n1 WS   1658317824 131072   24.969
22:55:45.307 python3        2650192 nvme1n1 WS   1658318080 131072   25.044
22:55:45.307 python3        2650192 nvme1n1 WS   1658318336 131072   25.122
22:55:45.307 python3        2650192 nvme1n1 WS   1658318592 131072   25.171
22:55:45.307 python3        2650192 nvme1n1 WS   1658711552 131072   24.463
22:55:45.307 python3        2650192 nvme1n1 WS   1658711808 131072   24.565
22:55:45.307 python3        2650192 nvme1n1 WS   1658587136 131072   24.691
22:55:45.307 python3        2650192 nvme1n1 WS   1658587392 131072   24.710
22:55:45.307 python3        2650192 nvme1n1 WS   1658655744 131072   24.836
22:55:45.308 python3        2650192 nvme1n1 WS   1658656000 131072   24.971
22:55:45.308 python3        2650194 nvme1n1 WS   1658712576 131072   23.796
22:55:45.308 python3        2650194 nvme1n1 WS   1658712832 131072   23.929
22:55:45.308 python3        2650194 nvme1n1 WS   1658713088 131072   24.058
22:55:45.308 python3        2650194 nvme1n1 WS   1658713344 131072   24.186
22:55:45.308 python3        2650194 nvme1n1 WS   1658713600 131072   24.316
22:55:45.308 python3        2650194 nvme1n1 WS   1658713856 131072   24.397
22:55:45.308 python3        2650194 nvme1n1 WS   1658714112 131072   24.473
22:55:45.309 python3        2650194 nvme1n1 WS   1658714368 131072   24.567
22:55:45.309 python3        2650194 nvme1n1 WS   1658714624 131072   24.692
22:55:45.309 python3        2650194 nvme1n1 WS   1658714880 131072   24.818
22:55:45.309 python3        2650194 nvme1n1 WS   1658715136 131072   24.944
22:55:45.309 python3        2650194 nvme1n1 WS   1658715392 131072   25.072
22:55:45.309 python3        2650192 nvme1n1 WS   1658199552 131072   27.537
22:55:45.309 python3        2650192 nvme1n1 WS   1658199808 131072   27.562
22:55:45.309 python3        2650192 nvme1n1 WS   1658643456 131072   27.690
22:55:45.310 python3        2650192 nvme1n1 WS   1658643712 131072   27.813
22:55:45.310 python3        2650194 nvme1n1 WS   1658715648 131072   25.662
22:55:45.310 python3        2650194 nvme1n1 WS   1658715904 131072   25.724
22:55:45.310 python3        2650194 nvme1n1 WS   1658673664 131072   25.785
22:55:45.310 python3        2650194 nvme1n1 WS   1658673920 131072   25.775
22:55:45.310 python3        2650194 nvme1n1 WS   1658663936 131072   25.853
22:55:45.310 python3        2650194 nvme1n1 WS   1658664192 131072   25.936
22:55:45.310 python3        2650194 nvme1n1 WS   1658720768 131072   24.070
22:55:45.310 python3        2650194 nvme1n1 WS   1658721024 131072   24.143
22:55:45.310 python3        2650194 nvme1n1 WS   1658721280 131072   24.222
22:55:45.310 python3        2650194 nvme1n1 WS   1658721536 131072   24.301
22:55:45.310 python3        2650194 nvme1n1 WS   1658721792 131072   24.382
22:55:45.311 python3        2650194 nvme1n1 WS   1658722048 131072   24.462
22:55:45.311 python3        2650194 nvme1n1 WS   1658722304 131072   24.535
22:55:45.311 python3        2650194 nvme1n1 WS   1658722560 131072   24.587
22:55:45.311 python3        2650194 nvme1n1 WS   1658722816 131072   24.668
22:55:45.311 python3        2650194 nvme1n1 WS   1658723072 131072   24.742
22:55:45.311 python3        2650194 nvme1n1 WS   1658723328 131072   24.815
22:55:45.311 python3        2650194 nvme1n1 WS   1658723584 131072   24.890
22:55:45.311 python3        2650194 nvme1n1 WS   1658723840 131072   24.966
22:55:45.311 python3        2650194 nvme1n1 WS   1658724096 131072   25.017
22:55:45.311 python3        2650194 nvme1n1 WS   1658673152 131072   25.100
22:55:45.311 python3        2650194 nvme1n1 WS   1658673408 131072   25.018
22:55:45.311 python3        2650191 nvme1n1 WS   1658737152 131072   24.320
22:55:45.311 python3        2650191 nvme1n1 WS   1658737408 131072   24.392
22:55:45.312 python3        2650191 nvme1n1 WS   1658737664 131072   24.469
22:55:45.312 python3        2650191 nvme1n1 WS   1658737920 131072   24.542
22:55:45.312 python3        2650191 nvme1n1 WS   1658738176 131072   24.621
22:55:45.312 python3        2650191 nvme1n1 WS   1658738432 131072   24.692
22:55:45.312 python3        2650191 nvme1n1 WS   1658738688 131072   24.770
22:55:45.312 python3        2650191 nvme1n1 WS   1658738944 131072   24.823
22:55:45.312 python3        2650191 nvme1n1 WS   1658739200 131072   24.899
22:55:45.312 python3        2650191 nvme1n1 WS   1658739456 131072   24.973
22:55:45.312 python3        2650191 nvme1n1 WS   1658739712 131072   25.075
22:55:45.312 python3        2650191 nvme1n1 WS   1658739968 131072   25.200
22:55:45.313 python3        2650194 nvme1n1 WS   1658728960 131072   26.171
22:55:45.313 python3        2650194 nvme1n1 WS   1658729216 131072   26.246
22:55:45.313 python3        2650193 nvme1n1 WS   1658757632 131072   23.937
22:55:45.313 python3        2650193 nvme1n1 WS   1658757888 131072   24.013
22:55:45.313 python3        2650191 nvme1n1 WS   1658740224 131072   25.685
22:55:45.313 python3        2650191 nvme1n1 WS   1658740480 131072   25.775
22:55:45.313 python3        2650191 nvme1n1 WS   1658681856 131072   25.832
22:55:45.313 python3        2650191 nvme1n1 WS   1658682112 131072   25.795
22:55:45.313 python3        2650191 nvme1n1 WS   1658745344 131072   25.923
22:55:45.313 python3        2650191 nvme1n1 WS   1658745600 131072   26.050
22:55:45.314 python3        2650193 nvme1n1 WS   1658758144 131072   24.733
22:55:45.314 python3        2650193 nvme1n1 WS   1658758400 131072   24.853
22:55:45.314 python3        2650193 nvme1n1 WS   1658758656 131072   24.980
22:55:45.314 python3        2650193 nvme1n1 WS   1658758912 131072   25.103
22:55:45.314 python3        2650193 nvme1n1 WS   1658759168 131072   25.213
22:55:45.314 python3        2650193 nvme1n1 WS   1658759424 131072   25.262
22:55:45.314 python3        2650193 nvme1n1 WS   1658759680 131072   25.339
22:55:45.314 python3        2650193 nvme1n1 WS   1658759936 131072   25.412
22:55:45.314 python3        2650193 nvme1n1 WS   1658760192 131072   25.486
22:55:45.314 python3        2650193 nvme1n1 WS   1658760448 131072   25.558
22:55:45.314 python3        2650193 nvme1n1 WS   1658760704 131072   25.630
22:55:45.315 python3        2650193 nvme1n1 WS   1658760960 131072   25.680
22:55:45.315 python3        2650193 nvme1n1 WS   1658690048 131072   25.756
22:55:45.315 python3        2650193 nvme1n1 WS   1658690304 131072   25.662
22:55:45.315 python3        2650193 nvme1n1 WS   1658881024 131072   25.735
22:55:45.315 python3        2650193 nvme1n1 WS   1658881280 131072   25.815
22:55:45.315 python3        2650193 nvme1n1 WS   1658765824 131072   24.558
22:55:45.315 python3        2650193 nvme1n1 WS   1658766080 131072   24.618
22:55:45.315 python3        2650193 nvme1n1 WS   1658766336 131072   24.692
22:55:45.315 python3        2650193 nvme1n1 WS   1658766592 131072   24.770
22:55:45.315 python3        2650193 nvme1n1 WS   1658766848 131072   24.848
22:55:45.315 python3        2650193 nvme1n1 WS   1658767104 131072   24.926
22:55:45.315 python3        2650193 nvme1n1 WS   1658767360 131072   25.002
22:55:45.316 python3        2650193 nvme1n1 WS   1658767616 131072   25.055
22:55:45.316 python3        2650193 nvme1n1 WS   1658767872 131072   25.164
22:55:45.316 python3        2650193 nvme1n1 WS   1658768128 131072   25.238
22:55:45.316 python3        2650193 nvme1n1 WS   1658768384 131072   25.311
22:55:45.316 python3        2650193 nvme1n1 WS   1658768640 131072   25.391
22:55:45.316 python3        2650192 nvme1n1 WS   1658774016 131072   23.996
22:55:45.316 python3        2650192 nvme1n1 WS   1658774272 131072   24.043
22:55:45.316 python3        2650192 nvme1n1 WS   1658774528 131072   24.122
22:55:45.316 python3        2650192 nvme1n1 WS   1658774784 131072   24.196
22:55:45.316 python3        2650193 nvme1n1 WS   1658768896 131072   25.794
22:55:45.316 python3        2650193 nvme1n1 WS   1658769152 131072   25.854
22:55:45.316 python3        2650193 nvme1n1 WS   1658681344 131072   25.932
22:55:45.317 python3        2650193 nvme1n1 WS   1658681600 131072   25.911
22:55:45.317 python3        2650193 nvme1n1 WS   1658896896 131072   26.040
22:55:45.317 python3        2650193 nvme1n1 WS   1658897152 131072   26.167
22:55:45.317 python3        2650192 nvme1n1 WS   1658775040 131072   24.901
22:55:45.317 python3        2650192 nvme1n1 WS   1658775296 131072   25.020
22:55:45.317 python3        2650192 nvme1n1 WS   1658775552 131072   25.145
22:55:45.317 python3        2650192 nvme1n1 WS   1658775808 131072   25.264
22:55:45.317 python3        2650192 nvme1n1 WS   1658776064 131072   25.404
22:55:45.318 python3        2650192 nvme1n1 WS   1658776320 131072   25.545
22:55:45.318 python3        2650192 nvme1n1 WS   1658776576 131072   25.685
22:55:45.318 python3        2650192 nvme1n1 WS   1658776832 131072   25.825
22:55:45.318 python3        2650192 nvme1n1 WS   1658777088 131072   25.965
22:55:45.318 python3        2650192 nvme1n1 WS   1658777344 131072   26.078
22:55:45.318 python3        2650192 nvme1n1 WS   1658689536 131072   26.208
22:55:45.318 python3        2650192 nvme1n1 WS   1658689792 131072   26.191
22:55:45.318 python3        2650191 nvme1n1 WS   1658782208 131072   24.477
22:55:45.319 python3        2650191 nvme1n1 WS   1658782464 131072   24.547
22:55:45.319 python3        2650191 nvme1n1 WS   1658782720 131072   24.621
22:55:45.319 python3        2650191 nvme1n1 WS   1658782976 131072   24.696
22:55:45.319 python3        2650192 nvme1n1 WS   1658905088 131072   26.594
22:55:45.319 python3        2650192 nvme1n1 WS   1658905344 131072   26.674
22:55:45.319 python3        2650191 nvme1n1 WS   1658783232 131072   24.931
22:55:45.319 python3        2650191 nvme1n1 WS   1658783488 131072   25.008
22:55:45.319 python3        2650191 nvme1n1 WS   1658783744 131072   25.082
22:55:45.319 python3        2650191 nvme1n1 WS   1658784000 131072   25.141
22:55:45.319 python3        2650191 nvme1n1 WS   1658784256 131072   25.219
22:55:45.319 python3        2650191 nvme1n1 WS   1658784512 131072   25.294
22:55:45.319 python3        2650191 nvme1n1 WS   1658784768 131072   25.374
22:55:45.319 python3        2650191 nvme1n1 WS   1658785024 131072   25.451
22:55:45.320 python3        2650191 nvme1n1 WS   1658785280 131072   25.526
22:55:45.320 python3        2650191 nvme1n1 WS   1658785536 131072   25.582
22:55:45.320 python3        2650191 nvme1n1 WS   1658731008 131072   25.655
22:55:45.320 python3        2650191 nvme1n1 WS   1658731264 131072   25.637
22:55:45.320 python3        2650191 nvme1n1 WS   1658913280 131072   25.710
22:55:45.320 python3        2650191 nvme1n1 WS   1658913536 131072   25.771
22:55:45.320 python3        2650191 nvme1n1 WS   1658794496 131072   23.992
22:55:45.320 python3        2650191 nvme1n1 WS   1658794752 131072   24.050
22:55:45.320 python3        2650191 nvme1n1 WS   1658795008 131072   24.111
22:55:45.320 python3        2650191 nvme1n1 WS   1658795264 131072   24.216
22:55:45.320 python3        2650191 nvme1n1 WS   1658795520 131072   24.359
22:55:45.321 python3        2650191 nvme1n1 WS   1658795776 131072   24.499
22:55:45.321 python3        2650191 nvme1n1 WS   1658796032 131072   24.639
22:55:45.321 python3        2650191 nvme1n1 WS   1658796288 131072   24.765
22:55:45.321 python3        2650191 nvme1n1 WS   1658796544 131072   24.910
22:55:45.321 python3        2650191 nvme1n1 WS   1658796800 131072   25.046
22:55:45.321 python3        2650191 nvme1n1 WS   1658797056 131072   25.181
22:55:45.321 python3        2650191 nvme1n1 WS   1658797312 131072   25.308
22:55:45.322 python3        2650191 nvme1n1 WS   1658797568 131072   25.429
22:55:45.322 python3        2650191 nvme1n1 WS   1658797824 131072   25.494
22:55:45.322 python3        2650191 nvme1n1 WS   1658802688 131072   24.397
22:55:45.322 python3        2650191 nvme1n1 WS   1658802944 131072   24.465
22:55:45.322 python3        2650191 nvme1n1 WS   1658803200 131072   24.575
22:55:45.322 python3        2650191 nvme1n1 WS   1658803456 131072   24.650
22:55:45.322 python3        2650191 nvme1n1 WS   1658598912 131072   25.929
22:55:45.322 python3        2650191 nvme1n1 WS   1658599168 131072   25.906
22:55:45.322 python3        2650191 nvme1n1 WS   1658921472 131072   25.984
22:55:45.322 python3        2650191 nvme1n1 WS   1658921728 131072   26.058
22:55:45.322 python3        2650191 nvme1n1 WS   1658803712 131072   25.046
22:55:45.322 python3        2650191 nvme1n1 WS   1658803968 131072   25.126
22:55:45.322 python3        2650191 nvme1n1 WS   1658804224 131072   25.201
22:55:45.323 python3        2650191 nvme1n1 WS   1658804480 131072   25.247
22:55:45.323 python3        2650191 nvme1n1 WS   1658804736 131072   25.321
22:55:45.323 python3        2650191 nvme1n1 WS   1658804992 131072   25.393
22:55:45.323 python3        2650191 nvme1n1 WS   1658805248 131072   25.466
22:55:45.323 python3        2650191 nvme1n1 WS   1658805504 131072   25.539
22:55:45.323 python3        2650191 nvme1n1 WS   1658805760 131072   25.616
22:55:45.323 python3        2650191 nvme1n1 WS   1658806016 131072   25.674
22:55:45.323 python3        2650191 nvme1n1 WS   1658747392 131072   25.801
22:55:45.323 python3        2650191 nvme1n1 WS   1658747648 131072   25.762
22:55:45.323 python3        2650191 nvme1n1 WS   1658929664 131072   25.887
22:55:45.324 python3        2650191 nvme1n1 WS   1658929920 131072   26.012
22:55:45.324 python3        2650194 nvme1n1 WS   1674256896 131072   23.545
22:55:45.324 python3        2650194 nvme1n1 WS   1674257152 131072   23.675
22:55:45.324 python3        2650194 nvme1n1 WS   1674257408 131072   23.815
22:55:45.324 python3        2650194 nvme1n1 WS   1674257664 131072   23.954
22:55:45.324 python3        2650194 nvme1n1 WS   1674257920 131072   24.095
22:55:45.324 python3        2650194 nvme1n1 WS   1674258176 131072   24.236
22:55:45.325 python3        2650194 nvme1n1 WS   1674258432 131072   24.363
22:55:45.325 python3        2650194 nvme1n1 WS   1674258688 131072   24.453
22:55:45.325 python3        2650194 nvme1n1 WS   1674258944 131072   24.569
22:55:45.325 python3        2650194 nvme1n1 WS   1674259200 131072   24.696
22:55:45.325 python3        2650194 nvme1n1 WS   1674259456 131072   24.821
22:55:45.325 python3        2650194 nvme1n1 WS   1674259712 131072   24.946
22:55:45.325 python3        2650194 nvme1n1 WS   1674259968 131072   25.045
22:55:45.325 python3        2650194 nvme1n1 WS   1674260224 131072   25.109
22:55:45.325 python3        2650194 nvme1n1 WS   1674103296 131072   25.189
22:55:45.326 python3        2650194 nvme1n1 WS   1674103552 131072   25.160
22:55:45.326 python3        2650193 nvme1n1 WS   1674334720 131072   25.280
22:55:45.326 python3        2650193 nvme1n1 WS   1674334976 131072   25.350
22:55:45.326 python3        2650193 nvme1n1 WS   1674335232 131072   25.432
22:55:45.326 python3        2650193 nvme1n1 WS   1674335488 131072   25.533
22:55:45.326 python3        2650194 nvme1n1 WS   1674314752 131072   25.637
22:55:45.326 python3        2650194 nvme1n1 WS   1674315008 131072   25.763
22:55:45.326 python3        2650193 nvme1n1 WS   1674335744 131072   25.921
22:55:45.326 python3        2650193 nvme1n1 WS   1674336000 131072   26.047
22:55:45.327 python3        2650193 nvme1n1 WS   1674336256 131072   26.178
22:55:45.327 python3        2650193 nvme1n1 WS   1674336512 131072   26.299
22:55:45.327 python3        2650193 nvme1n1 WS   1674336768 131072   26.438
22:55:45.327 python3        2650193 nvme1n1 WS   1674337024 131072   26.581
22:55:45.327 python3        2650193 nvme1n1 WS   1674337280 131072   26.723
22:55:45.327 python3        2650193 nvme1n1 WS   1674337536 131072   26.865
22:55:45.327 python3        2650193 nvme1n1 WS   1674337792 131072   27.008
22:55:45.328 python3        2650193 nvme1n1 WS   1674338048 131072   27.129
22:55:45.328 python3        2650193 nvme1n1 WS   1674322432 131072   27.270
22:55:45.328 python3        2650193 nvme1n1 WS   1674322688 131072   27.303
22:55:45.328 python3        2650194 nvme1n1 WS   1658810880 131072   25.808
22:55:45.328 python3        2650194 nvme1n1 WS   1658811136 131072   25.937
22:55:45.328 python3        2650194 nvme1n1 WS   1658811392 131072   26.080
22:55:45.328 python3        2650194 nvme1n1 WS   1658811648 131072   26.221
22:55:45.329 python3        2650193 nvme1n1 WS   1674342912 131072   28.029
22:55:45.329 python3        2650193 nvme1n1 WS   1674343168 131072   28.168
22:55:45.329 python3        2650194 nvme1n1 WS   1658811904 131072   26.653
22:55:45.329 python3        2650194 nvme1n1 WS   1658812160 131072   26.786
22:55:45.329 python3        2650194 nvme1n1 WS   1658812416 131072   26.961
22:55:45.329 python3        2650194 nvme1n1 WS   1658812672 131072   27.076
22:55:45.329 python3        2650194 nvme1n1 WS   1658812928 131072   27.220
22:55:45.330 python3        2650194 nvme1n1 WS   1658813184 131072   27.358
22:55:45.330 python3        2650194 nvme1n1 WS   1658813440 131072   27.497
22:55:45.330 python3        2650194 nvme1n1 WS   1658813696 131072   27.637
22:55:45.330 python3        2650194 nvme1n1 WS   1658813952 131072   27.779
22:55:45.330 python3        2650194 nvme1n1 WS   1658814208 131072   27.895
22:55:45.330 python3        2650194 nvme1n1 WS   1658607104 131072   28.035
22:55:45.330 python3        2650194 nvme1n1 WS   1658607360 131072   28.026
22:55:45.331 python3        2650194 nvme1n1 WS   1658937856 131072   28.167
22:55:45.331 python3        2650194 nvme1n1 WS   1658938112 131072   28.308
22:55:45.331 python3        2650193 nvme1n1 WS   1658819072 131072   25.667
22:55:45.331 python3        2650193 nvme1n1 WS   1658819328 131072   25.800
22:55:45.331 python3        2650193 nvme1n1 WS   1658819584 131072   25.941
22:55:45.331 python3        2650193 nvme1n1 WS   1658819840 131072   26.079
22:55:45.331 python3        2650193 nvme1n1 WS   1658820096 131072   26.221
22:55:45.332 python3        2650193 nvme1n1 WS   1658820352 131072   26.361
22:55:45.332 python3        2650193 nvme1n1 WS   1658820608 131072   26.507
22:55:45.332 python3        2650193 nvme1n1 WS   1658820864 131072   26.630
22:55:45.332 python3        2650193 nvme1n1 WS   1658821120 131072   26.772
22:55:45.332 python3        2650193 nvme1n1 WS   1658821376 131072   26.915
22:55:45.332 python3        2650193 nvme1n1 WS   1658821632 131072   27.056
22:55:45.332 python3        2650193 nvme1n1 WS   1658821888 131072   27.201
22:55:45.333 python3        2650193 nvme1n1 WS   1658822144 131072   27.343
22:55:45.333 python3        2650193 nvme1n1 WS   1658822400 131072   27.468
22:55:45.333 python3        2650193 nvme1n1 WS   1658615296 131072   27.610
22:55:45.333 python3        2650193 nvme1n1 WS   1658615552 131072   27.655
22:55:45.333 python3        2650192 nvme1n1 WS   1658827264 131072   27.670
22:55:45.333 python3        2650192 nvme1n1 WS   1658827520 131072   27.808
22:55:45.334 python3        2650192 nvme1n1 WS   1658827776 131072   27.952
22:55:45.334 python3        2650192 nvme1n1 WS   1658828032 131072   28.092
22:55:45.334 python3        2650192 nvme1n1 WS   1658828288 131072   28.260
22:55:45.334 python3        2650192 nvme1n1 WS   1658828544 131072   28.426
22:55:45.334 python3        2650192 nvme1n1 WS   1658828800 131072   28.593
22:55:45.334 python3        2650192 nvme1n1 WS   1658829056 131072   28.741
22:55:45.335 python3        2650192 nvme1n1 WS   1658829312 131072   28.983
22:55:45.335 python3        2650192 nvme1n1 WS   1658829568 131072   29.321
22:55:45.335 python3        2650192 nvme1n1 WS   1658829824 131072   29.662
22:55:45.336 python3        2650192 nvme1n1 WS   1658830080 131072   30.000
22:55:45.336 python3        2650193 nvme1n1 WS   1658946048 131072   30.544
22:55:45.336 python3        2650193 nvme1n1 WS   1658946304 131072   30.883
22:55:45.337 python3        2650192 nvme1n1 WS   1658830336 131072   31.029
22:55:45.337 python3        2650192 nvme1n1 WS   1658830592 131072   31.350
22:55:45.337 python3        2650192 nvme1n1 WS   1658623488 131072   31.693
22:55:45.338 python3        2650192 nvme1n1 WS   1658623744 131072   31.923
22:55:45.338 python3        2650192 nvme1n1 WS   1658954240 131072   32.264
22:55:45.338 python3        2650192 nvme1n1 WS   1658954496 131072   32.608
22:55:45.339 python3        2650192 nvme1n1 WS   1658835456 131072   30.420
22:55:45.339 python3        2650192 nvme1n1 WS   1658835712 131072   30.605
22:55:45.339 python3        2650192 nvme1n1 WS   1658835968 131072   30.752
22:55:45.339 python3        2650192 nvme1n1 WS   1658836224 131072   30.899
22:55:45.339 python3        2650192 nvme1n1 WS   1658836480 131072   31.045
22:55:45.340 python3        2650192 nvme1n1 WS   1658836736 131072   31.188
22:55:45.340 python3        2650192 nvme1n1 WS   1658836992 131072   31.332
22:55:45.340 python3        2650192 nvme1n1 WS   1658837248 131072   31.458
22:55:45.340 python3        2650192 nvme1n1 WS   1658837504 131072   31.611
22:55:45.340 python3        2650192 nvme1n1 WS   1658837760 131072   31.754
22:55:45.340 python3        2650192 nvme1n1 WS   1658838016 131072   31.899
22:55:45.340 python3        2650192 nvme1n1 WS   1658838272 131072   32.040
22:55:45.341 python3        2650192 nvme1n1 WS   1658838528 131072   32.174
22:55:45.341 python3        2650192 nvme1n1 WS   1658838784 131072   32.242
22:55:45.341 python3        2650192 nvme1n1 WS   1658656256 131072   32.361
22:55:45.341 python3        2650192 nvme1n1 WS   1658656512 131072   32.352
22:55:45.341 python3        2650192 nvme1n1 WS   1658962432 131072   32.431
22:55:45.341 python3        2650192 nvme1n1 WS   1658962688 131072   32.510
22:55:45.341 python3        2650192 nvme1n1 WS   1658843648 131072   30.745
22:55:45.341 python3        2650192 nvme1n1 WS   1658843904 131072   30.816
22:55:45.341 python3        2650192 nvme1n1 WS   1658844160 131072   30.895
22:55:45.341 python3        2650192 nvme1n1 WS   1658844416 131072   30.972
22:55:45.341 python3        2650192 nvme1n1 WS   1658844672 131072   31.051
22:55:45.341 python3        2650192 nvme1n1 WS   1658844928 131072   31.131
22:55:45.342 python3        2650192 nvme1n1 WS   1658845184 131072   31.207
22:55:45.342 python3        2650192 nvme1n1 WS   1658845440 131072   31.265
22:55:45.342 python3        2650192 nvme1n1 WS   1658845696 131072   31.342
22:55:45.342 python3        2650192 nvme1n1 WS   1658845952 131072   31.418
22:55:45.342 python3        2650192 nvme1n1 WS   1658846208 131072   31.494
22:55:45.342 python3        2650192 nvme1n1 WS   1658846464 131072   31.571
22:55:45.342 python3        2650192 nvme1n1 WS   1658846720 131072   31.648
22:55:45.342 python3        2650192 nvme1n1 WS   1658846976 131072   31.706
22:55:45.342 python3        2650192 nvme1n1 WS   1658643968 131072   31.782
22:55:45.342 python3        2650192 nvme1n1 WS   1658644224 131072   31.766
22:55:45.342 python3        2650194 nvme1n1 WS   1658978816 131072   31.277
22:55:45.342 python3        2650194 nvme1n1 WS   1658979072 131072   31.343
22:55:45.343 python3        2650194 nvme1n1 WS   1658979328 131072   31.415
22:55:45.343 python3        2650194 nvme1n1 WS   1658979584 131072   31.489
22:55:45.343 python3        2650194 nvme1n1 WS   1658979840 131072   31.560
22:55:45.343 python3        2650194 nvme1n1 WS   1658980096 131072   31.638
22:55:45.343 python3        2650194 nvme1n1 WS   1658980352 131072   31.716
22:55:45.343 python3        2650194 nvme1n1 WS   1658980608 131072   31.774
22:55:45.343 python3        2650194 nvme1n1 WS   1658980864 131072   31.849
22:55:45.343 python3        2650194 nvme1n1 WS   1658981120 131072   31.922
22:55:45.343 python3        2650194 nvme1n1 WS   1658981376 131072   32.001
22:55:45.343 python3        2650194 nvme1n1 WS   1658981632 131072   32.078
22:55:45.343 python3        2650192 nvme1n1 WS   1658970624 131072   32.789
22:55:45.343 python3        2650192 nvme1n1 WS   1658970880 131072   32.864
22:55:45.343 python3        2650194 nvme1n1 WS   1658981888 131072   32.311
22:55:45.344 python3        2650194 nvme1n1 WS   1658982144 131072   32.365
22:55:45.344 python3        2650194 nvme1n1 WS   1658851328 131072   32.439
22:55:45.344 python3        2650194 nvme1n1 WS   1658851584 131072   32.409
22:55:45.344 python3        2650194 nvme1n1 WS   1658987008 131072   32.484
22:55:45.344 python3        2650194 nvme1n1 WS   1658987264 131072   32.558
22:55:45.344 python3        2650194 nvme1n1 WS   1658995200 131072   30.464
22:55:45.344 python3        2650194 nvme1n1 WS   1658995456 131072   30.538
22:55:45.344 python3        2650194 nvme1n1 WS   1658995712 131072   30.615
22:55:45.344 python3        2650194 nvme1n1 WS   1658995968 131072   30.692
22:55:45.344 python3        2650194 nvme1n1 WS   1658996224 131072   30.770
22:55:45.344 python3        2650194 nvme1n1 WS   1658996480 131072   30.844
22:55:45.344 python3        2650194 nvme1n1 WS   1658996736 131072   30.922
22:55:45.345 python3        2650194 nvme1n1 WS   1658996992 131072   30.975
22:55:45.345 python3        2650194 nvme1n1 WS   1658997248 131072   31.051
22:55:45.345 python3        2650194 nvme1n1 WS   1658997504 131072   31.126
22:55:45.345 python3        2650194 nvme1n1 WS   1658997760 131072   31.201
22:55:45.345 python3        2650194 nvme1n1 WS   1658998016 131072   31.275
22:55:45.345 python3        2650194 nvme1n1 WS   1658998272 131072   31.356
22:55:45.345 python3        2650194 nvme1n1 WS   1658998528 131072   31.413
22:55:45.345 python3        2650194 nvme1n1 WS   1658854912 131072   31.488
22:55:45.345 python3        2650194 nvme1n1 WS   1658855168 131072   31.436
22:55:45.345 python3        2650191 nvme1n1 WS   1659003392 131072   30.968
22:55:45.345 python3        2650191 nvme1n1 WS   1659003648 131072   31.034
22:55:45.345 python3        2650191 nvme1n1 WS   1659003904 131072   31.109
22:55:45.345 python3        2650191 nvme1n1 WS   1659004160 131072   31.187
22:55:45.346 python3        2650191 nvme1n1 WS   1659004416 131072   31.262
22:55:45.346 python3        2650191 nvme1n1 WS   1659004672 131072   31.336
22:55:45.346 python3        2650191 nvme1n1 WS   1659004928 131072   31.447
22:55:45.346 python3        2650191 nvme1n1 WS   1659005184 131072   31.507
22:55:45.346 python3        2650191 nvme1n1 WS   1659005440 131072   31.583
22:55:45.346 python3        2650191 nvme1n1 WS   1659005696 131072   31.672
22:55:45.346 python3        2650191 nvme1n1 WS   1659005952 131072   31.737
22:55:45.346 python3        2650191 nvme1n1 WS   1659006208 131072   31.812
22:55:45.346 python3        2650194 nvme1n1 WS   1659111424 131072   32.500
22:55:45.346 python3        2650194 nvme1n1 WS   1659111680 131072   32.578
22:55:45.346 python3        2650191 nvme1n1 WS   1659006464 131072   32.051
22:55:45.346 python3        2650191 nvme1n1 WS   1659006720 131072   32.105
22:55:45.347 python3        2650191 nvme1n1 WS   1658855424 131072   32.180
22:55:45.347 python3        2650191 nvme1n1 WS   1658855680 131072   32.169
22:55:45.347 python3        2650191 nvme1n1 WS   1659167232 131072   32.273
22:55:45.347 python3        2650191 nvme1n1 WS   1659167488 131072   32.400
22:55:45.347 python3        2650193 nvme1n1 WS   1659011584 131072   31.304
22:55:45.347 python3        2650193 nvme1n1 WS   1659011840 131072   31.413
22:55:45.347 python3        2650193 nvme1n1 WS   1659012096 131072   31.542
22:55:45.347 python3        2650193 nvme1n1 WS   1659012352 131072   31.666
22:55:45.347 python3        2650193 nvme1n1 WS   1659012608 131072   31.791
22:55:45.348 python3        2650193 nvme1n1 WS   1659012864 131072   31.919
22:55:45.348 python3        2650193 nvme1n1 WS   1659013120 131072   32.048
22:55:45.348 python3        2650193 nvme1n1 WS   1659013376 131072   32.150
22:55:45.348 python3        2650193 nvme1n1 WS   1659013632 131072   32.242
22:55:45.348 python3        2650193 nvme1n1 WS   1659013888 131072   32.328
22:55:45.348 python3        2650193 nvme1n1 WS   1659019776 131072   30.592
22:55:45.348 python3        2650193 nvme1n1 WS   1659020032 131072   30.665
22:55:45.348 python3        2650193 nvme1n1 WS   1659020288 131072   30.731
22:55:45.348 python3        2650193 nvme1n1 WS   1659020544 131072   30.816
22:55:45.348 python3        2650193 nvme1n1 WS   1659020800 131072   30.897
22:55:45.349 python3        2650193 nvme1n1 WS   1659021056 131072   30.970
22:55:45.349 python3        2650193 nvme1n1 WS   1659021312 131072   31.049
22:55:45.349 python3        2650193 nvme1n1 WS   1659021568 131072   31.107
22:55:45.349 python3        2650193 nvme1n1 WS   1659021824 131072   31.186
22:55:45.349 python3        2650193 nvme1n1 WS   1659022080 131072   31.267
22:55:45.349 python3        2650193 nvme1n1 WS   1659022336 131072   31.342
22:55:45.349 python3        2650193 nvme1n1 WS   1659022592 131072   31.419
22:55:45.349 python3        2650193 nvme1n1 WS   1659014144 131072   33.381
22:55:45.349 python3        2650193 nvme1n1 WS   1659014400 131072   33.456
22:55:45.349 python3        2650193 nvme1n1 WS   1659014656 131072   33.535
22:55:45.349 python3        2650193 nvme1n1 WS   1659014912 131072   33.596
22:55:45.349 python3        2650193 nvme1n1 WS   1659022848 131072   31.816
22:55:45.350 python3        2650193 nvme1n1 WS   1659023104 131072   31.880
22:55:45.350 python3        2650193 nvme1n1 WS   1658859520 131072   31.959
22:55:45.350 python3        2650193 nvme1n1 WS   1658859776 131072   31.944
22:55:45.350 python3        2650193 nvme1n1 WS   1659183616 131072   32.018
22:55:45.350 python3        2650193 nvme1n1 WS   1659183872 131072   32.094
22:55:45.350 python3        2650193 nvme1n1 WS   1658859008 131072   34.146
22:55:45.350 python3        2650193 nvme1n1 WS   1658859264 131072   34.133
22:55:45.350 python3        2650193 nvme1n1 WS   1659175424 131072   34.211
22:55:45.350 python3        2650193 nvme1n1 WS   1659175680 131072   34.301
22:55:45.350 python3        2650192 nvme1n1 WS   1659027968 131072   30.629
22:55:45.350 python3        2650192 nvme1n1 WS   1659028224 131072   30.685
22:55:45.350 python3        2650192 nvme1n1 WS   1659028480 131072   30.800
22:55:45.351 python3        2650192 nvme1n1 WS   1659028736 131072   30.925
22:55:45.351 python3        2650192 nvme1n1 WS   1659028992 131072   31.047
22:55:45.351 python3        2650192 nvme1n1 WS   1659029248 131072   31.143
22:55:45.351 python3        2650192 nvme1n1 WS   1659029504 131072   31.219
22:55:45.351 python3        2650192 nvme1n1 WS   1659029760 131072   31.278
22:55:45.351 python3        2650192 nvme1n1 WS   1659030016 131072   31.350
22:55:45.351 python3        2650192 nvme1n1 WS   1659030272 131072   31.428
22:55:45.351 python3        2650192 nvme1n1 WS   1659030528 131072   31.503
22:55:45.351 python3        2650192 nvme1n1 WS   1659030784 131072   31.588
22:55:45.351 python3        2650192 nvme1n1 WS   1659031040 131072   31.698
22:55:45.351 python3        2650192 nvme1n1 WS   1659031296 131072   31.747
22:55:45.352 python3        2650192 nvme1n1 WS   1658863104 131072   31.821
22:55:45.352 python3        2650192 nvme1n1 WS   1658863360 131072   31.804
22:55:45.352 python3        2650191 nvme1n1 WS   1659036160 131072   30.543
22:55:45.352 python3        2650191 nvme1n1 WS   1659036416 131072   30.611
22:55:45.352 python3        2650191 nvme1n1 WS   1659036672 131072   30.683
22:55:45.352 python3        2650191 nvme1n1 WS   1659036928 131072   30.760
22:55:45.352 python3        2650191 nvme1n1 WS   1659037184 131072   30.834
22:55:45.352 python3        2650191 nvme1n1 WS   1659037440 131072   30.911
22:55:45.352 python3        2650191 nvme1n1 WS   1659037696 131072   30.987
22:55:45.352 python3        2650191 nvme1n1 WS   1659037952 131072   31.041
22:55:45.352 python3        2650191 nvme1n1 WS   1659038208 131072   31.116
22:55:45.352 python3        2650191 nvme1n1 WS   1659038464 131072   31.190
22:55:45.352 python3        2650191 nvme1n1 WS   1659038720 131072   31.263
22:55:45.353 python3        2650191 nvme1n1 WS   1659038976 131072   31.337
22:55:45.353 python3        2650192 nvme1n1 WS   1659191808 131072   32.807
22:55:45.353 python3        2650192 nvme1n1 WS   1659192064 131072   32.882
22:55:45.353 python3        2650191 nvme1n1 WS   1659039232 131072   31.576
22:55:45.353 python3        2650191 nvme1n1 WS   1659039488 131072   31.636
22:55:45.353 python3        2650191 nvme1n1 WS   1658871296 131072   31.712
22:55:45.353 python3        2650191 nvme1n1 WS   1658871552 131072   31.699
22:55:45.353 python3        2650191 nvme1n1 WS   1659200000 131072   31.772
22:55:45.353 python3        2650191 nvme1n1 WS   1659200256 131072   31.855
22:55:45.353 python3        2650191 nvme1n1 WS   587454072  131072   30.261
22:55:45.353 python3        2650191 nvme1n1 WS   587454328  131072   30.382
22:55:45.354 python3        2650191 nvme1n1 WS   587454584  131072   30.508
22:55:45.355 python3        2650191 nvme1n1 WS   587454840  131072   30.632
22:55:45.355 python3        2650191 nvme1n1 WS   587455096  131072   30.756
22:55:45.355 python3        2650191 nvme1n1 WS   587455352  131072   30.883
22:55:45.355 python3        2650191 nvme1n1 WS   587455608  131072   31.013
22:55:45.355 python3        2650191 nvme1n1 WS   587455864  131072   31.115
22:55:45.355 python3        2650191 nvme1n1 WS   587456120  131072   31.243
22:55:45.355 python3        2650191 nvme1n1 WS   587456376  131072   31.373
22:55:45.355 python3        2650191 nvme1n1 WS   587456632  131072   31.498
22:55:45.355 python3        2650191 nvme1n1 WS   587456888  131072   31.628
22:55:45.355 python3        2650191 nvme1n1 WS   587457144  131072   31.754
22:55:45.355 python3        2650191 nvme1n1 WS   587457400  131072   31.836
22:55:45.355 python3        2650191 nvme1n1 WS   587457656  131072   31.912
22:55:45.355 python3        2650191 nvme1n1 WS   587457912  131072   31.975
22:55:45.355 python3        2650191 nvme1n1 WS   1659044352 131072   30.511
22:55:45.355 python3        2650191 nvme1n1 WS   1659044608 131072   30.582
22:55:45.355 python3        2650191 nvme1n1 WS   1659044864 131072   30.662
22:55:45.355 python3        2650191 nvme1n1 WS   1659045120 131072   30.733
22:55:45.356 python3        2650191 nvme1n1 WS   1659045376 131072   30.812
22:55:45.356 python3        2650191 nvme1n1 WS   1659045632 131072   30.885
22:55:45.356 python3        2650191 nvme1n1 WS   1659045888 131072   30.967
22:55:45.356 python3        2650191 nvme1n1 WS   1659046144 131072   31.019
22:55:45.356 python3        2650191 nvme1n1 WS   1659046400 131072   31.094
22:55:45.356 python3        2650191 nvme1n1 WS   1659046656 131072   31.176
22:55:45.356 python3        2650191 nvme1n1 WS   1659046912 131072   31.240
22:55:45.356 python3        2650191 nvme1n1 WS   1659047168 131072   31.309
22:55:45.356 python3        2650191 nvme1n1 WS   587458168  131072   32.998
22:55:45.356 python3        2650191 nvme1n1 WS   587458424  131072   33.074
22:55:45.356 python3        2650191 nvme1n1 WS   1659047424 131072   31.540
22:55:45.356 python3        2650191 nvme1n1 WS   1659047680 131072   31.598
22:55:45.357 python3        2650191 nvme1n1 WS   1658875904 131072   31.681
22:55:45.357 python3        2650191 nvme1n1 WS   1658876160 131072   31.644
22:55:45.357 python3        2650191 nvme1n1 WS   1658881536 131072   31.704
22:55:45.357 python3        2650191 nvme1n1 WS   1658881792 131072   31.813
22:55:45.357 python3        2650194 nvme1n1 WS   1659052544 131072   29.889
22:55:45.357 python3        2650194 nvme1n1 WS   1659052800 131072   30.006
22:55:45.357 python3        2650194 nvme1n1 WS   1659053056 131072   30.163
22:55:45.357 python3        2650194 nvme1n1 WS   1659053312 131072   30.288
22:55:45.357 python3        2650194 nvme1n1 WS   1659053568 131072   30.414
22:55:45.358 python3        2650194 nvme1n1 WS   1659053824 131072   30.524
22:55:45.358 python3        2650194 nvme1n1 WS   1659054080 131072   30.598
22:55:45.358 python3        2650194 nvme1n1 WS   1659054336 131072   30.647
22:55:45.358 python3        2650194 nvme1n1 WS   1659054592 131072   30.720
22:55:45.358 python3        2650194 nvme1n1 WS   1659054848 131072   30.792
22:55:45.358 python3        2650194 nvme1n1 WS   1659055104 131072   30.868
22:55:45.358 python3        2650194 nvme1n1 WS   1659055360 131072   30.941
22:55:45.358 python3        2650194 nvme1n1 WS   1659055616 131072   31.018
22:55:45.358 python3        2650194 nvme1n1 WS   1659055872 131072   31.068
22:55:45.359 python3        2650194 nvme1n1 WS   1658879488 131072   31.144
22:55:45.359 python3        2650194 nvme1n1 WS   1658879744 131072   31.064
22:55:45.359 python3        2650193 nvme1n1 WS   1659060736 131072   29.074
22:55:45.359 python3        2650193 nvme1n1 WS   1659060992 131072   29.137
22:55:45.359 python3        2650193 nvme1n1 WS   1659061248 131072   29.210
22:55:45.359 python3        2650193 nvme1n1 WS   1659061504 131072   29.285
22:55:45.359 python3        2650193 nvme1n1 WS   1659061760 131072   29.368
22:55:45.359 python3        2650193 nvme1n1 WS   1659062016 131072   29.444
22:55:45.359 python3        2650193 nvme1n1 WS   1659062272 131072   29.523
22:55:45.359 python3        2650193 nvme1n1 WS   1659062528 131072   29.587
22:55:45.359 python3        2650193 nvme1n1 WS   1659062784 131072   29.660
22:55:45.359 python3        2650193 nvme1n1 WS   1659063040 131072   29.736
22:55:45.359 python3        2650193 nvme1n1 WS   1659063296 131072   29.811
22:55:45.359 python3        2650193 nvme1n1 WS   1659063552 131072   29.883
22:55:45.359 python3        2650194 nvme1n1 WS   1659208192 131072   32.099
22:55:45.359 python3        2650194 nvme1n1 WS   1659208448 131072   32.158
22:55:45.360 python3        2650194 nvme1n1 WS   1659068928 131072   28.114
22:55:45.360 python3        2650194 nvme1n1 WS   1659069184 131072   28.166
22:55:45.360 python3        2650194 nvme1n1 WS   1659069440 131072   28.228
22:55:45.360 python3        2650194 nvme1n1 WS   1659069696 131072   28.294
22:55:45.360 python3        2650194 nvme1n1 WS   1659069952 131072   28.414
22:55:45.360 python3        2650194 nvme1n1 WS   1659070208 131072   28.492
22:55:45.360 python3        2650194 nvme1n1 WS   1659070464 131072   28.569
22:55:45.360 python3        2650194 nvme1n1 WS   1659070720 131072   28.625
22:55:45.360 python3        2650194 nvme1n1 WS   1659070976 131072   28.707
22:55:45.360 python3        2650194 nvme1n1 WS   1659071232 131072   28.790
22:55:45.360 python3        2650194 nvme1n1 WS   1659071488 131072   28.865
22:55:45.360 python3        2650194 nvme1n1 WS   1659071744 131072   28.937
22:55:45.360 python3        2650193 nvme1n1 WS   1659063808 131072   31.079
22:55:45.361 python3        2650193 nvme1n1 WS   1659064064 131072   31.137
22:55:45.361 python3        2650193 nvme1n1 WS   1658883584 131072   31.224
22:55:45.361 python3        2650193 nvme1n1 WS   1658883840 131072   31.179
22:55:45.361 python3        2650194 nvme1n1 WS   1659072000 131072   29.370
22:55:45.361 python3        2650194 nvme1n1 WS   1659072256 131072   29.488
22:55:45.361 python3        2650194 nvme1n1 WS   1658884096 131072   29.604
22:55:45.361 python3        2650194 nvme1n1 WS   1658884352 131072   29.591
22:55:45.361 python3        2650194 nvme1n1 WS   1659224576 131072   29.670
22:55:45.361 python3        2650194 nvme1n1 WS   1659224832 131072   29.749
22:55:45.361 python3        2650193 nvme1n1 WS   1659216384 131072   31.891
22:55:45.362 python3        2650193 nvme1n1 WS   1659216640 131072   31.967
22:55:45.362 python3        2650193 nvme1n1 WS   1659077120 131072   24.548
22:55:45.362 python3        2650193 nvme1n1 WS   1659077376 131072   24.620
22:55:45.362 python3        2650193 nvme1n1 WS   1659077632 131072   24.701
22:55:45.362 python3        2650193 nvme1n1 WS   1659077888 131072   24.775
22:55:45.362 python3        2650193 nvme1n1 WS   1659078144 131072   24.856
22:55:45.362 python3        2650193 nvme1n1 WS   1659078400 131072   24.929
22:55:45.362 python3        2650193 nvme1n1 WS   1659078656 131072   25.010
22:55:45.362 python3        2650193 nvme1n1 WS   1659078912 131072   25.064
22:55:45.362 python3        2650193 nvme1n1 WS   1659079168 131072   25.139
22:55:45.362 python3        2650193 nvme1n1 WS   1659079424 131072   25.217
22:55:45.362 python3        2650193 nvme1n1 WS   1659079680 131072   25.337
22:55:45.362 python3        2650193 nvme1n1 WS   1659079936 131072   25.405
22:55:45.363 python3        2650192 nvme1n1 WS   1659085312 131072   23.489
22:55:45.363 python3        2650192 nvme1n1 WS   1659085568 131072   23.611
22:55:45.363 python3        2650192 nvme1n1 WS   1659085824 131072   23.735
22:55:45.363 python3        2650192 nvme1n1 WS   1659086080 131072   23.860
22:55:45.363 python3        2650193 nvme1n1 WS   1659080192 131072   26.038
22:55:45.363 python3        2650193 nvme1n1 WS   1659080448 131072   26.150
22:55:45.363 python3        2650193 nvme1n1 WS   1658887680 131072   26.288
22:55:45.364 python3        2650193 nvme1n1 WS   1658887936 131072   26.332
22:55:45.364 python3        2650193 nvme1n1 WS   1659232768 131072   26.477
22:55:45.364 python3        2650193 nvme1n1 WS   1659233024 131072   26.608
22:55:45.364 python3        2650192 nvme1n1 WS   1659086336 131072   24.829
22:55:45.364 python3        2650192 nvme1n1 WS   1659086592 131072   24.948
22:55:45.364 python3        2650192 nvme1n1 WS   1659086848 131072   25.072
22:55:45.364 python3        2650192 nvme1n1 WS   1659087104 131072   25.133
22:55:45.364 python3        2650192 nvme1n1 WS   1659087360 131072   25.209
22:55:45.364 python3        2650192 nvme1n1 WS   1659087616 131072   25.285
22:55:45.365 python3        2650192 nvme1n1 WS   1659087872 131072   25.356
22:55:45.365 python3        2650192 nvme1n1 WS   1659088128 131072   25.435
22:55:45.365 python3        2650192 nvme1n1 WS   1659088384 131072   25.515
22:55:45.365 python3        2650192 nvme1n1 WS   1659088640 131072   25.599
22:55:45.365 python3        2650192 nvme1n1 WS   1658892288 131072   25.657
22:55:45.365 python3        2650192 nvme1n1 WS   1658892544 131072   25.622
22:55:45.365 python3        2650192 nvme1n1 WS   1659097600 131072   23.308
22:55:45.365 python3        2650192 nvme1n1 WS   1659097856 131072   23.384
22:55:45.365 python3        2650192 nvme1n1 WS   1659098112 131072   23.451
22:55:45.365 python3        2650192 nvme1n1 WS   1659098368 131072   23.523
22:55:45.365 python3        2650192 nvme1n1 WS   1659240960 131072   26.012
22:55:45.366 python3        2650192 nvme1n1 WS   1659241216 131072   26.075
22:55:45.366 python3        2650192 nvme1n1 WS   1659098624 131072   23.752
22:55:45.366 python3        2650192 nvme1n1 WS   1659098880 131072   23.828
22:55:45.366 python3        2650192 nvme1n1 WS   1659099136 131072   23.901
22:55:45.366 python3        2650192 nvme1n1 WS   1659099392 131072   23.958
22:55:45.366 python3        2650192 nvme1n1 WS   1659099648 131072   24.040
22:55:45.366 python3        2650192 nvme1n1 WS   1659099904 131072   24.102
22:55:45.366 python3        2650192 nvme1n1 WS   1659100160 131072   24.171
22:55:45.366 python3        2650192 nvme1n1 WS   1659100416 131072   24.295
22:55:45.366 python3        2650192 nvme1n1 WS   1659100672 131072   24.420
22:55:45.366 python3        2650192 nvme1n1 WS   1659100928 131072   24.531
22:55:45.366 python3        2650192 nvme1n1 WS   1658895872 131072   24.659
22:55:45.367 python3        2650192 nvme1n1 WS   1658896128 131072   24.692
22:55:45.367 python3        2650192 nvme1n1 WS   1659249152 131072   24.822
22:55:45.367 python3        2650192 nvme1n1 WS   1659249408 131072   24.900
22:55:45.367 python3        2650192 nvme1n1 WS   1659101696 131072   22.832
22:55:45.367 python3        2650192 nvme1n1 WS   1659101952 131072   22.897
22:55:45.367 python3        2650192 nvme1n1 WS   1659102208 131072   22.975
22:55:45.367 python3        2650192 nvme1n1 WS   1659102464 131072   23.054
22:55:45.367 python3        2650192 nvme1n1 WS   1659102720 131072   23.133
22:55:45.367 python3        2650192 nvme1n1 WS   1659102976 131072   23.206
22:55:45.368 python3        2650192 nvme1n1 WS   1659103232 131072   23.282
22:55:45.368 python3        2650192 nvme1n1 WS   1659103488 131072   23.339
22:55:45.368 python3        2650192 nvme1n1 WS   1659103744 131072   23.422
22:55:45.368 python3        2650192 nvme1n1 WS   1659104000 131072   23.492
22:55:45.368 python3        2650192 nvme1n1 WS   1659104256 131072   23.565
22:55:45.368 python3        2650192 nvme1n1 WS   1659104512 131072   23.646
22:55:45.368 python3        2650192 nvme1n1 WS   1659104768 131072   23.711
22:55:45.368 python3        2650192 nvme1n1 WS   1659105024 131072   23.795
22:55:45.368 python3        2650192 nvme1n1 WS   1658897408 131072   23.916
22:55:45.368 python3        2650192 nvme1n1 WS   1658897664 131072   23.905
22:55:45.368 python3        2650194 nvme1n1 WS   1674265088 131072   23.690
22:55:45.368 python3        2650194 nvme1n1 WS   1674265344 131072   23.765
22:55:45.369 python3        2650194 nvme1n1 WS   1674265600 131072   23.874
22:55:45.369 python3        2650194 nvme1n1 WS   1674265856 131072   23.951
22:55:45.369 python3        2650194 nvme1n1 WS   1674266112 131072   24.060
22:55:45.369 python3        2650194 nvme1n1 WS   1674266368 131072   24.186
22:55:45.369 python3        2650194 nvme1n1 WS   1674266624 131072   24.311
22:55:45.369 python3        2650194 nvme1n1 WS   1674266880 131072   24.419
22:55:45.369 python3        2650194 nvme1n1 WS   1674267136 131072   24.544
22:55:45.369 python3        2650194 nvme1n1 WS   1674267392 131072   24.671
22:55:45.369 python3        2650194 nvme1n1 WS   1674267648 131072   24.811
22:55:45.370 python3        2650194 nvme1n1 WS   1674267904 131072   24.952
22:55:45.370 python3        2650192 nvme1n1 WS   1659257344 131072   25.461
22:55:45.370 python3        2650192 nvme1n1 WS   1659257600 131072   25.601
22:55:45.370 python3        2650194 nvme1n1 WS   1674268160 131072   25.386
22:55:45.370 python3        2650194 nvme1n1 WS   1674268416 131072   25.511
22:55:45.370 python3        2650194 nvme1n1 WS   1674120192 131072   25.654
22:55:45.370 python3        2650194 nvme1n1 WS   1674120448 131072   25.681
22:55:45.371 python3        2650194 nvme1n1 WS   1674315264 131072   25.810
22:55:45.371 python3        2650194 nvme1n1 WS   1674315520 131072   25.940
22:55:45.371 python3        2650194 nvme1n1 WS   1659265536 131072   23.752
22:55:45.371 python3        2650194 nvme1n1 WS   1659265792 131072   23.873
22:55:45.371 python3        2650194 nvme1n1 WS   1659266048 131072   23.953
22:55:45.371 python3        2650194 nvme1n1 WS   1659266304 131072   24.030
22:55:45.371 python3        2650194 nvme1n1 WS   1659266560 131072   24.108
22:55:45.371 python3        2650194 nvme1n1 WS   1659266816 131072   24.192
22:55:45.371 python3        2650194 nvme1n1 WS   1659267072 131072   24.265
22:55:45.371 python3        2650194 nvme1n1 WS   1659267328 131072   24.311
22:55:45.372 python3        2650194 nvme1n1 WS   1659267584 131072   24.389
22:55:45.372 python3        2650194 nvme1n1 WS   1659267840 131072   24.460
22:55:45.372 python3        2650194 nvme1n1 WS   1659268096 131072   24.533
22:55:45.372 python3        2650194 nvme1n1 WS   1659268352 131072   24.608
22:55:45.372 python3        2650191 nvme1n1 WS   1674273280 131072   24.217
22:55:45.372 python3        2650191 nvme1n1 WS   1674273536 131072   24.288
22:55:45.372 python3        2650191 nvme1n1 WS   1674273792 131072   24.359
22:55:45.372 python3        2650191 nvme1n1 WS   1674274048 131072   24.433
22:55:45.372 python3        2650194 nvme1n1 WS   1659268608 131072   24.994
22:55:45.372 python3        2650194 nvme1n1 WS   1659268864 131072   25.044
22:55:45.372 python3        2650194 nvme1n1 WS   1659111936 131072   25.118
22:55:45.372 python3        2650194 nvme1n1 WS   1659112192 131072   25.004
22:55:45.372 python3        2650194 nvme1n1 WS   1659409408 131072   25.079
22:55:45.373 python3        2650194 nvme1n1 WS   1659409664 131072   25.153
22:55:45.373 python3        2650191 nvme1n1 WS   1674274304 131072   24.984
22:55:45.373 python3        2650191 nvme1n1 WS   1674274560 131072   25.061
22:55:45.373 python3        2650191 nvme1n1 WS   1674274816 131072   25.175
22:55:45.373 python3        2650191 nvme1n1 WS   1674275072 131072   25.254
22:55:45.373 python3        2650191 nvme1n1 WS   1674275328 131072   25.364
22:55:45.373 python3        2650191 nvme1n1 WS   1674275584 131072   25.491
22:55:45.373 python3        2650191 nvme1n1 WS   1674275840 131072   25.613
22:55:45.373 python3        2650191 nvme1n1 WS   1674276096 131072   25.735
22:55:45.374 python3        2650191 nvme1n1 WS   1674276352 131072   25.811
22:55:45.374 python3        2650191 nvme1n1 WS   1674276608 131072   25.864
22:55:45.374 python3        2650191 nvme1n1 WS   1674281472 131072   25.947
22:55:45.374 python3        2650191 nvme1n1 WS   1674281728 131072   25.921
22:55:45.374 python3        2650191 nvme1n1 WS   1674327040 131072   26.001
22:55:45.374 python3        2650191 nvme1n1 WS   1674327296 131072   26.083
22:55:45.374 python3        2650193 nvme1n1 WS   1674351104 131072   22.599
22:55:45.374 python3        2650193 nvme1n1 WS   1674351360 131072   22.663
22:55:45.374 python3        2650193 nvme1n1 WS   1674351616 131072   22.739
22:55:45.374 python3        2650193 nvme1n1 WS   1674351872 131072   22.814
22:55:45.374 python3        2650193 nvme1n1 WS   1674352128 131072   22.887
22:55:45.374 python3        2650193 nvme1n1 WS   1674352384 131072   22.962
22:55:45.375 python3        2650193 nvme1n1 WS   1674352640 131072   23.040
22:55:45.375 python3        2650193 nvme1n1 WS   1674352896 131072   23.089
22:55:45.375 python3        2650193 nvme1n1 WS   1674353152 131072   23.199
22:55:45.375 python3        2650193 nvme1n1 WS   1674353408 131072   23.272
22:55:45.375 python3        2650193 nvme1n1 WS   1674353664 131072   23.344
22:55:45.375 python3        2650193 nvme1n1 WS   1674353920 131072   23.418
22:55:45.375 python3        2650193 nvme1n1 WS   1674354176 131072   23.492
22:55:45.375 python3        2650193 nvme1n1 WS   1674354432 131072   23.548
22:55:45.375 python3        2650193 nvme1n1 WS   1674317312 131072   23.626
22:55:45.375 python3        2650193 nvme1n1 WS   1659273728 131072   23.631
22:55:45.375 python3        2650193 nvme1n1 WS   1659273984 131072   23.701
22:55:45.375 python3        2650193 nvme1n1 WS   1659274240 131072   23.774
22:55:45.375 python3        2650193 nvme1n1 WS   1659274496 131072   23.847
22:55:45.376 python3        2650193 nvme1n1 WS   1659274752 131072   23.929
22:55:45.376 python3        2650193 nvme1n1 WS   1659275008 131072   23.988
22:55:45.376 python3        2650193 nvme1n1 WS   1659275264 131072   24.050
22:55:45.376 python3        2650193 nvme1n1 WS   1659275520 131072   24.107
22:55:45.376 python3        2650193 nvme1n1 WS   1659275776 131072   24.231
22:55:45.376 python3        2650193 nvme1n1 WS   1659276032 131072   24.356
22:55:45.376 python3        2650193 nvme1n1 WS   1659276288 131072   24.480
22:55:45.376 python3        2650193 nvme1n1 WS   1659276544 131072   24.621
22:55:45.377 python3        2650193 nvme1n1 WS   1674317568 131072   24.802
22:55:45.377 python3        2650193 nvme1n1 WS   1674343424 131072   24.939
22:55:45.377 python3        2650193 nvme1n1 WS   1674343680 131072   25.080
22:55:45.377 python3        2650193 nvme1n1 WS   1659276800 131072   25.198
22:55:45.377 python3        2650193 nvme1n1 WS   1659277056 131072   25.312
22:55:45.377 python3        2650193 nvme1n1 WS   1659117568 131072   25.454
22:55:45.377 python3        2650193 nvme1n1 WS   1659117824 131072   25.430
22:55:45.377 python3        2650193 nvme1n1 WS   1659167744 131072   25.558
22:55:45.378 python3        2650193 nvme1n1 WS   1659168000 131072   25.684
22:55:45.378 python3        2650192 nvme1n1 WS   1659281920 131072   23.735
22:55:45.378 python3        2650192 nvme1n1 WS   1659282176 131072   23.855
22:55:45.378 python3        2650192 nvme1n1 WS   1659282432 131072   23.984
22:55:45.378 python3        2650192 nvme1n1 WS   1659282688 131072   24.107
22:55:45.378 python3        2650192 nvme1n1 WS   1659282944 131072   24.235
22:55:45.378 python3        2650192 nvme1n1 WS   1659283200 131072   24.361
22:55:45.379 python3        2650192 nvme1n1 WS   1659283456 131072   24.501
22:55:45.379 python3        2650192 nvme1n1 WS   1659283712 131072   24.620
22:55:45.379 python3        2650192 nvme1n1 WS   1659283968 131072   24.757
22:55:45.379 python3        2650192 nvme1n1 WS   1659284224 131072   24.897
22:55:45.379 python3        2650192 nvme1n1 WS   1659284480 131072   25.038
22:55:45.379 python3        2650192 nvme1n1 WS   1659284736 131072   25.180
22:55:45.379 python3        2650191 nvme1n1 WS   1659290112 131072   25.128
22:55:45.380 python3        2650191 nvme1n1 WS   1659290368 131072   25.268
22:55:45.380 python3        2650191 nvme1n1 WS   1659290624 131072   25.412
22:55:45.380 python3        2650191 nvme1n1 WS   1659290880 131072   25.540
22:55:45.380 python3        2650192 nvme1n1 WS   1659284992 131072   25.881
22:55:45.380 python3        2650192 nvme1n1 WS   1659285248 131072   25.983
22:55:45.380 python3        2650192 nvme1n1 WS   1659121152 131072   26.044
22:55:45.380 python3        2650192 nvme1n1 WS   1659121408 131072   25.985
22:55:45.380 python3        2650192 nvme1n1 WS   1659421184 131072   26.085
22:55:45.380 python3        2650192 nvme1n1 WS   1659421440 131072   26.164
22:55:45.380 python3        2650191 nvme1n1 WS   1659291136 131072   26.196
22:55:45.381 python3        2650191 nvme1n1 WS   1659291392 131072   26.267
22:55:45.381 python3        2650191 nvme1n1 WS   1659291648 131072   26.338
22:55:45.381 python3        2650191 nvme1n1 WS   1659291904 131072   26.398
22:55:45.381 python3        2650191 nvme1n1 WS   1659292160 131072   26.479
22:55:45.381 python3        2650191 nvme1n1 WS   1659292416 131072   26.549
22:55:45.381 python3        2650191 nvme1n1 WS   1659292672 131072   26.626
22:55:45.381 python3        2650191 nvme1n1 WS   1659292928 131072   26.702
22:55:45.381 python3        2650191 nvme1n1 WS   1659293184 131072   26.778
22:55:45.381 python3        2650191 nvme1n1 WS   1659293440 131072   26.831
22:55:45.381 python3        2650191 nvme1n1 WS   1659125760 131072   26.908
22:55:45.381 python3        2650191 nvme1n1 WS   1659126016 131072   26.867
22:55:45.381 python3        2650191 nvme1n1 WS   1659175936 131072   26.976
22:55:45.382 python3        2650191 nvme1n1 WS   1659176192 131072   27.053
22:55:45.382 python3        2650191 nvme1n1 WS   1659298304 131072   24.463
22:55:45.382 python3        2650191 nvme1n1 WS   1659298560 131072   24.532
22:55:45.382 python3        2650191 nvme1n1 WS   1659298816 131072   24.607
22:55:45.382 python3        2650191 nvme1n1 WS   1659299072 131072   24.683
22:55:45.382 python3        2650191 nvme1n1 WS   1659299328 131072   24.758
22:55:45.382 python3        2650191 nvme1n1 WS   1659299584 131072   24.834
22:55:45.382 python3        2650191 nvme1n1 WS   1659299840 131072   24.909
22:55:45.382 python3        2650191 nvme1n1 WS   1659300096 131072   24.966
22:55:45.382 python3        2650191 nvme1n1 WS   1659300352 131072   25.039
22:55:45.382 python3        2650191 nvme1n1 WS   1659300608 131072   25.113
22:55:45.383 python3        2650191 nvme1n1 WS   1659300864 131072   25.191
22:55:45.383 python3        2650191 nvme1n1 WS   1659301120 131072   25.265
22:55:45.383 python3        2650191 nvme1n1 WS   1659301376 131072   25.340
22:55:45.383 python3        2650191 nvme1n1 WS   1659301632 131072   25.392
22:55:45.383 python3        2650191 nvme1n1 WS   1659129344 131072   25.476
22:55:45.383 python3        2650191 nvme1n1 WS   1659129600 131072   25.396
22:55:45.383 python3        2650191 nvme1n1 WS   1659429376 131072   25.471
22:55:45.383 python3        2650191 nvme1n1 WS   1659429632 131072   25.551
22:55:45.384 python3        2650191 nvme1n1 WS   583086848  131072   25.393
22:55:45.384 python3        2650191 nvme1n1 WS   583087104  131072   25.471
22:55:45.384 python3        2650191 nvme1n1 WS   583087360  131072   25.544
22:55:45.384 python3        2650191 nvme1n1 WS   583087616  131072   25.621
22:55:45.384 python3        2650191 nvme1n1 WS   583087872  131072   25.695
22:55:45.384 python3        2650191 nvme1n1 WS   583088128  131072   25.771
22:55:45.384 python3        2650191 nvme1n1 WS   583088384  131072   25.846
22:55:45.384 python3        2650191 nvme1n1 WS   583088640  131072   25.906
22:55:45.384 python3        2650191 nvme1n1 WS   583088896  131072   25.981
22:55:45.384 python3        2650191 nvme1n1 WS   583089152  131072   26.052
22:55:45.384 python3        2650191 nvme1n1 WS   583089408  131072   26.129
22:55:45.384 python3        2650191 nvme1n1 WS   583089664  131072   26.203
22:55:45.384 python3        2650191 nvme1n1 WS   583089920  131072   26.282
22:55:45.384 python3        2650191 nvme1n1 WS   583090176  131072   26.327
22:55:45.384 python3        2650191 nvme1n1 WS   1505392640 131072   26.408
22:55:45.384 python3        2650191 nvme1n1 WS   1505392896 131072   26.364
22:55:45.384 python3        2650191 nvme1n1 WS   1648440576 131072   26.438
22:55:45.384 python3        2650191 nvme1n1 WS   1648440832 131072   26.514
22:55:45.384 python3        2650194 nvme1n1 WS   1659306496 131072   23.855
22:55:45.385 python3        2650194 nvme1n1 WS   1659306752 131072   23.928
22:55:45.385 python3        2650194 nvme1n1 WS   1659307008 131072   24.004
22:55:45.385 python3        2650194 nvme1n1 WS   1659307264 131072   24.075
22:55:45.385 python3        2650194 nvme1n1 WS   1659307520 131072   24.148
22:55:45.385 python3        2650194 nvme1n1 WS   1659307776 131072   24.223
22:55:45.385 python3        2650194 nvme1n1 WS   1659308032 131072   24.297
22:55:45.385 python3        2650194 nvme1n1 WS   1659308288 131072   24.348
22:55:45.385 python3        2650194 nvme1n1 WS   1659308544 131072   24.423
22:55:45.385 python3        2650194 nvme1n1 WS   1659308800 131072   24.487
22:55:45.385 python3        2650194 nvme1n1 WS   1659309056 131072   24.557
22:55:45.385 python3        2650194 nvme1n1 WS   1659309312 131072   24.682
22:55:45.386 python3        2650194 nvme1n1 WS   1659309568 131072   24.808
22:55:45.386 python3        2650194 nvme1n1 WS   1659309824 131072   24.913
22:55:45.386 python3        2650194 nvme1n1 WS   1659137536 131072   25.041
22:55:45.386 python3        2650194 nvme1n1 WS   1659137792 131072   25.065
22:55:45.386 python3        2650194 nvme1n1 WS   1659437568 131072   25.192
22:55:45.386 python3        2650194 nvme1n1 WS   1659437824 131072   25.322
22:55:45.386 python3        2650194 nvme1n1 WS   1674359296 131072   23.945
22:55:45.386 python3        2650194 nvme1n1 WS   1674359552 131072   24.057
22:55:45.387 python3        2650194 nvme1n1 WS   1674359808 131072   24.138
22:55:45.387 python3        2650194 nvme1n1 WS   1674360064 131072   24.203
22:55:45.387 python3        2650194 nvme1n1 WS   1674360320 131072   24.268
22:55:45.387 python3        2650194 nvme1n1 WS   1674360576 131072   24.381
22:55:45.387 python3        2650194 nvme1n1 WS   1674360832 131072   24.496
22:55:45.387 python3        2650194 nvme1n1 WS   1674361088 131072   24.541
22:55:45.387 python3        2650194 nvme1n1 WS   1674361344 131072   24.614
22:55:45.387 python3        2650194 nvme1n1 WS   1674361600 131072   24.686
22:55:45.387 python3        2650194 nvme1n1 WS   1674361856 131072   24.760
22:55:45.387 python3        2650194 nvme1n1 WS   1674362112 131072   24.838
22:55:45.387 python3        2650194 nvme1n1 WS   1674362368 131072   24.914
22:55:45.387 python3        2650194 nvme1n1 WS   1674362624 131072   24.968
22:55:45.388 python3        2650194 nvme1n1 WS   1674367488 131072   25.045
22:55:45.388 python3        2650193 nvme1n1 WS   1659314688 131072   25.145
22:55:45.388 python3        2650193 nvme1n1 WS   1659314944 131072   25.214
22:55:45.388 python3        2650193 nvme1n1 WS   1659315200 131072   25.292
22:55:45.388 python3        2650193 nvme1n1 WS   1659315456 131072   25.368
22:55:45.388 python3        2650193 nvme1n1 WS   1659315712 131072   25.442
22:55:45.388 python3        2650193 nvme1n1 WS   1659315968 131072   25.519
22:55:45.388 python3        2650193 nvme1n1 WS   1659316224 131072   25.590
22:55:45.388 python3        2650193 nvme1n1 WS   1659316480 131072   25.640
22:55:45.388 python3        2650193 nvme1n1 WS   1659316736 131072   25.718
22:55:45.388 python3        2650193 nvme1n1 WS   1659316992 131072   25.791
22:55:45.388 python3        2650193 nvme1n1 WS   1659317248 131072   25.864
22:55:45.388 python3        2650193 nvme1n1 WS   1659317504 131072   25.937
22:55:45.389 python3        2650194 nvme1n1 WS   1674367744 131072   25.937
22:55:45.389 python3        2650194 nvme1n1 WS   1674368000 131072   26.015
22:55:45.389 python3        2650194 nvme1n1 WS   1674368256 131072   26.097
22:55:45.389 python3        2650193 nvme1n1 WS   1659317760 131072   26.249
22:55:45.389 python3        2650193 nvme1n1 WS   1659318016 131072   26.297
22:55:45.389 python3        2650193 nvme1n1 WS   1659145728 131072   26.373
22:55:45.389 python3        2650193 nvme1n1 WS   1659145984 131072   26.383
22:55:45.389 python3        2650193 nvme1n1 WS   1659441664 131072   26.508
22:55:45.389 python3        2650193 nvme1n1 WS   1659441920 131072   26.625
22:55:45.389 python3        2650193 nvme1n1 WS   1674375680 131072   24.709
22:55:45.389 python3        2650193 nvme1n1 WS   1674375936 131072   24.785
22:55:45.390 python3        2650193 nvme1n1 WS   1674376192 131072   24.864
22:55:45.390 python3        2650193 nvme1n1 WS   1674376448 131072   24.937
22:55:45.390 python3        2650193 nvme1n1 WS   1674376704 131072   25.011
22:55:45.390 python3        2650193 nvme1n1 WS   1674376960 131072   25.090
22:55:45.390 python3        2650193 nvme1n1 WS   1674377216 131072   25.169
22:55:45.390 python3        2650193 nvme1n1 WS   1674377472 131072   25.234
22:55:45.390 python3        2650193 nvme1n1 WS   1674377728 131072   25.304
22:55:45.390 python3        2650193 nvme1n1 WS   1674377984 131072   25.376
22:55:45.390 python3        2650192 nvme1n1 WS   1659322880 131072   23.890
22:55:45.390 python3        2650192 nvme1n1 WS   1659323136 131072   23.960
22:55:45.390 python3        2650192 nvme1n1 WS   1659323392 131072   24.033
22:55:45.390 python3        2650192 nvme1n1 WS   1659323648 131072   24.109
22:55:45.391 python3        2650192 nvme1n1 WS   1659323904 131072   24.180
22:55:45.391 python3        2650192 nvme1n1 WS   1659324160 131072   24.255
22:55:45.391 python3        2650192 nvme1n1 WS   1659324416 131072   24.331
22:55:45.391 python3        2650192 nvme1n1 WS   1659324672 131072   24.381
22:55:45.391 python3        2650192 nvme1n1 WS   1659324928 131072   24.456
22:55:45.391 python3        2650192 nvme1n1 WS   1659325184 131072   24.532
22:55:45.391 python3        2650192 nvme1n1 WS   1659325440 131072   24.611
22:55:45.391 python3        2650192 nvme1n1 WS   1659325696 131072   24.685
22:55:45.391 python3        2650193 nvme1n1 WS   1674378240 131072   26.402
22:55:45.391 python3        2650193 nvme1n1 WS   1674378496 131072   26.477
22:55:45.391 python3        2650193 nvme1n1 WS   1674378752 131072   26.551
22:55:45.391 python3        2650193 nvme1n1 WS   1674379008 131072   26.600
22:55:45.391 python3        2650192 nvme1n1 WS   1659325952 131072   25.075
22:55:45.392 python3        2650192 nvme1n1 WS   1659326208 131072   25.126
22:55:45.392 python3        2650192 nvme1n1 WS   1659150336 131072   25.210
22:55:45.392 python3        2650192 nvme1n1 WS   1659150592 131072   25.150
22:55:45.392 python3        2650192 nvme1n1 WS   1659184128 131072   25.213
22:55:45.392 python3        2650192 nvme1n1 WS   1659184384 131072   25.273
22:55:45.392 python3        2650192 nvme1n1 WS   1659331072 131072   24.285
22:55:45.392 python3        2650192 nvme1n1 WS   1659331328 131072   24.412
22:55:45.392 python3        2650192 nvme1n1 WS   1659331584 131072   24.539
22:55:45.392 python3        2650192 nvme1n1 WS   1659331840 131072   24.681
22:55:45.393 python3        2650192 nvme1n1 WS   1659332096 131072   24.824
22:55:45.393 python3        2650192 nvme1n1 WS   1659332352 131072   24.964
22:55:45.393 python3        2650193 nvme1n1 WS   1674379776 131072   28.032
22:55:45.393 python3        2650193 nvme1n1 WS   1674380032 131072   28.027
22:55:45.393 python3        2650193 nvme1n1 WS   1674380288 131072   28.110
22:55:45.393 python3        2650193 nvme1n1 WS   1674380544 131072   28.211
22:55:45.393 python3        2650192 nvme1n1 WS   1659332608 131072   25.482
22:55:45.393 python3        2650192 nvme1n1 WS   1659332864 131072   25.534
22:55:45.393 python3        2650192 nvme1n1 WS   1659333120 131072   25.610
22:55:45.393 python3        2650192 nvme1n1 WS   1659333376 131072   25.684
22:55:45.394 python3        2650192 nvme1n1 WS   1659333632 131072   25.763
22:55:45.394 python3        2650192 nvme1n1 WS   1659333888 131072   25.834
22:55:45.394 python3        2650192 nvme1n1 WS   1659334144 131072   25.911
22:55:45.394 python3        2650192 nvme1n1 WS   1659334400 131072   25.958
22:55:45.394 python3        2650192 nvme1n1 WS   1659153920 131072   26.037
22:55:45.394 python3        2650192 nvme1n1 WS   1659154176 131072   25.996
22:55:45.394 python3        2650192 nvme1n1 WS   1659449856 131072   26.073
22:55:45.394 python3        2650192 nvme1n1 WS   1659450112 131072   26.148
22:55:45.394 python3        2650192 nvme1n1 WS   1659339264 131072   23.549
22:55:45.394 python3        2650192 nvme1n1 WS   1659339520 131072   23.627
22:55:45.394 python3        2650192 nvme1n1 WS   1659339776 131072   23.704
22:55:45.394 python3        2650192 nvme1n1 WS   1659340032 131072   23.772
22:55:45.394 python3        2650192 nvme1n1 WS   1659340288 131072   23.848
22:55:45.395 python3        2650192 nvme1n1 WS   1659340544 131072   23.920
22:55:45.395 python3        2650192 nvme1n1 WS   1659340800 131072   23.994
22:55:45.395 python3        2650192 nvme1n1 WS   1659341056 131072   24.046
22:55:45.395 python3        2650192 nvme1n1 WS   1659341312 131072   24.122
22:55:45.395 python3        2650192 nvme1n1 WS   1659341568 131072   24.183
22:55:45.395 python3        2650192 nvme1n1 WS   1659341824 131072   24.241
22:55:45.395 python3        2650192 nvme1n1 WS   1659342080 131072   24.303
22:55:45.395 python3        2650192 nvme1n1 WS   1659342336 131072   24.365
22:55:45.395 python3        2650192 nvme1n1 WS   1659342592 131072   24.471
22:55:45.395 python3        2650192 nvme1n1 WS   1659162112 131072   24.598
22:55:45.395 python3        2650192 nvme1n1 WS   1659162368 131072   24.607
22:55:45.396 python3        2650194 nvme1n1 WS   1659347456 131072   24.048
22:55:45.396 python3        2650194 nvme1n1 WS   1659347712 131072   24.183
22:55:45.396 python3        2650194 nvme1n1 WS   1659347968 131072   24.314
22:55:45.396 python3        2650194 nvme1n1 WS   1659348224 131072   24.446
22:55:45.396 python3        2650194 nvme1n1 WS   1659348480 131072   24.574
22:55:45.396 python3        2650194 nvme1n1 WS   1659348736 131072   24.658
22:55:45.396 python3        2650194 nvme1n1 WS   1659348992 131072   24.731
22:55:45.396 python3        2650194 nvme1n1 WS   1659349248 131072   24.786
22:55:45.396 python3        2650194 nvme1n1 WS   1659349504 131072   24.864
22:55:45.397 python3        2650194 nvme1n1 WS   1659349760 131072   24.937
22:55:45.397 python3        2650194 nvme1n1 WS   1659350016 131072   25.016
22:55:45.397 python3        2650194 nvme1n1 WS   1659350272 131072   25.090
22:55:45.397 python3        2650192 nvme1n1 WS   1659458048 131072   25.936
22:55:45.397 python3        2650192 nvme1n1 WS   1659458304 131072   26.011
22:55:45.397 python3        2650194 nvme1n1 WS   1659350528 131072   25.321
22:55:45.397 python3        2650194 nvme1n1 WS   1659350784 131072   25.373
22:55:45.397 python3        2650194 nvme1n1 WS   1659355648 131072   25.457
22:55:45.397 python3        2650194 nvme1n1 WS   1659355904 131072   25.405
22:55:45.397 python3        2650194 nvme1n1 WS   1659466240 131072   25.488
22:55:45.397 python3        2650194 nvme1n1 WS   1659466496 131072   25.570
22:55:45.397 python3        2650194 nvme1n1 WS   1659363840 131072   23.758
22:55:45.398 python3        2650194 nvme1n1 WS   1659364096 131072   23.827
22:55:45.398 python3        2650194 nvme1n1 WS   1659364352 131072   23.902
22:55:45.398 python3        2650194 nvme1n1 WS   1659364608 131072   23.974
22:55:45.398 python3        2650194 nvme1n1 WS   1659364864 131072   24.082
22:55:45.398 python3        2650194 nvme1n1 WS   1659365120 131072   24.163
22:55:45.398 python3        2650194 nvme1n1 WS   1659365376 131072   24.268
22:55:45.398 python3        2650194 nvme1n1 WS   1659365632 131072   24.371
22:55:45.398 python3        2650194 nvme1n1 WS   1659365888 131072   24.494
22:55:45.398 python3        2650194 nvme1n1 WS   1659366144 131072   24.617
22:55:45.399 python3        2650194 nvme1n1 WS   1659366400 131072   24.727
22:55:45.399 python3        2650194 nvme1n1 WS   1659366656 131072   24.813
22:55:45.399 python3        2650194 nvme1n1 WS   1659366912 131072   24.880
22:55:45.399 python3        2650194 nvme1n1 WS   1659367168 131072   24.930
22:55:45.399 python3        2650194 nvme1n1 WS   1659112448 131072   25.014
22:55:45.399 python3        2650194 nvme1n1 WS   1659112704 131072   24.964
22:55:45.399 python3        2650194 nvme1n1 WS   1659409920 131072   25.040
22:55:45.399 python3        2650194 nvme1n1 WS   1659410176 131072   25.103
22:55:45.399 python3        2650191 nvme1n1 WS   1659474432 131072   24.133
22:55:45.399 python3        2650191 nvme1n1 WS   1659474688 131072   24.210
22:55:45.399 python3        2650191 nvme1n1 WS   1659474944 131072   24.290
22:55:45.399 python3        2650191 nvme1n1 WS   1659475200 131072   24.376
22:55:45.399 python3        2650191 nvme1n1 WS   1659475456 131072   24.459
22:55:45.400 python3        2650191 nvme1n1 WS   1659475712 131072   24.538
22:55:45.400 python3        2650191 nvme1n1 WS   1659475968 131072   24.614
22:55:45.400 python3        2650191 nvme1n1 WS   1659476224 131072   24.662
22:55:45.400 python3        2650191 nvme1n1 WS   1659476480 131072   24.736
22:55:45.400 python3        2650191 nvme1n1 WS   1659476736 131072   24.807
22:55:45.400 python3        2650191 nvme1n1 WS   1659476992 131072   24.882
22:55:45.400 python3        2650191 nvme1n1 WS   1659477248 131072   24.960
22:55:45.400 python3        2650191 nvme1n1 WS   1659477504 131072   25.034
22:55:45.400 python3        2650191 nvme1n1 WS   1659477760 131072   25.090
22:55:45.400 python3        2650193 nvme1n1 WS   1659490816 131072   22.738
22:55:45.400 python3        2650193 nvme1n1 WS   1659491072 131072   22.806
22:55:45.400 python3        2650193 nvme1n1 WS   1659491328 131072   22.880
22:55:45.401 python3        2650193 nvme1n1 WS   1659491584 131072   22.957
22:55:45.401 python3        2650193 nvme1n1 WS   1659491840 131072   23.030
22:55:45.401 python3        2650193 nvme1n1 WS   1659492096 131072   23.110
22:55:45.401 python3        2650193 nvme1n1 WS   1659492352 131072   23.187
22:55:45.401 python3        2650193 nvme1n1 WS   1659492608 131072   23.232
22:55:45.401 python3        2650193 nvme1n1 WS   1659492864 131072   23.303
22:55:45.401 python3        2650193 nvme1n1 WS   1659493120 131072   23.381
22:55:45.401 python3        2650193 nvme1n1 WS   1659493376 131072   23.442
22:55:45.401 python3        2650193 nvme1n1 WS   1659493632 131072   23.501
22:55:45.401 python3        2650191 nvme1n1 WS   1659372032 131072   26.079
22:55:45.401 python3        2650191 nvme1n1 WS   1659372288 131072   26.027
22:55:45.401 python3        2650191 nvme1n1 WS   1659482624 131072   26.130
22:55:45.402 python3        2650191 nvme1n1 WS   1659482880 131072   26.255
22:55:45.402 python3        2650193 nvme1n1 WS   1659493888 131072   24.014
22:55:45.402 python3        2650193 nvme1n1 WS   1659494144 131072   24.128
22:55:45.402 python3        2650193 nvme1n1 WS   1659375104 131072   24.272
22:55:45.402 python3        2650193 nvme1n1 WS   1659375360 131072   24.302
22:55:45.402 python3        2650193 nvme1n1 WS   1659499008 131072   24.447
22:55:45.402 python3        2650193 nvme1n1 WS   1659499264 131072   24.575
22:55:45.403 python3        2650193 nvme1n1 WS   1659507200 131072   23.766
22:55:45.403 python3        2650193 nvme1n1 WS   1659507456 131072   23.889
22:55:45.403 python3        2650193 nvme1n1 WS   1659507712 131072   24.013
22:55:45.403 python3        2650193 nvme1n1 WS   1659507968 131072   24.102
22:55:45.403 python3        2650193 nvme1n1 WS   1659508224 131072   24.172
22:55:45.403 python3        2650193 nvme1n1 WS   1659508480 131072   24.247
22:55:45.403 python3        2650193 nvme1n1 WS   1659508736 131072   24.322
22:55:45.403 python3        2650193 nvme1n1 WS   1659508992 131072   24.373
22:55:45.403 python3        2650193 nvme1n1 WS   1659509248 131072   24.459
22:55:45.403 python3        2650193 nvme1n1 WS   1659509504 131072   24.538
22:55:45.403 python3        2650193 nvme1n1 WS   1659509760 131072   24.606
22:55:45.404 python3        2650193 nvme1n1 WS   1659510016 131072   24.678
22:55:45.404 python3        2650193 nvme1n1 WS   1659510272 131072   24.792
22:55:45.404 python3        2650193 nvme1n1 WS   1659510528 131072   24.846
22:55:45.404 python3        2650193 nvme1n1 WS   1659383296 131072   24.929
22:55:45.404 python3        2650193 nvme1n1 WS   1659383552 131072   24.868
22:55:45.404 python3        2650192 nvme1n1 WS   1659531776 131072   22.500
22:55:45.404 python3        2650192 nvme1n1 WS   1659532032 131072   22.569
22:55:45.404 python3        2650192 nvme1n1 WS   1659532288 131072   22.642
22:55:45.404 python3        2650192 nvme1n1 WS   1659532544 131072   22.718
22:55:45.404 python3        2650192 nvme1n1 WS   1659532800 131072   22.797
22:55:45.404 python3        2650192 nvme1n1 WS   1659533056 131072   22.858
22:55:45.404 python3        2650192 nvme1n1 WS   1659533312 131072   22.916
22:55:45.404 python3        2650192 nvme1n1 WS   1659533568 131072   22.948
22:55:45.405 python3        2650192 nvme1n1 WS   1659533824 131072   23.025
22:55:45.405 python3        2650192 nvme1n1 WS   1659534080 131072   23.147
22:55:45.405 python3        2650192 nvme1n1 WS   1659534336 131072   23.270
22:55:45.405 python3        2650192 nvme1n1 WS   1659534592 131072   23.396
22:55:45.405 python3        2650193 nvme1n1 WS   1659515392 131072   26.065
22:55:45.405 python3        2650193 nvme1n1 WS   1659515648 131072   26.195
22:55:45.405 python3        2650192 nvme1n1 WS   1659534848 131072   23.775
22:55:45.405 python3        2650192 nvme1n1 WS   1659535104 131072   23.827
22:55:45.405 python3        2650192 nvme1n1 WS   1659387904 131072   23.901
22:55:45.406 python3        2650192 nvme1n1 WS   1659388160 131072   23.813
22:55:45.406 python3        2650192 nvme1n1 WS   1659421696 131072   23.889
22:55:45.406 python3        2650192 nvme1n1 WS   1659421952 131072   23.969
22:55:45.406 python3        2650191 nvme1n1 WS   1659539968 131072   23.491
22:55:45.406 python3        2650191 nvme1n1 WS   1659540224 131072   23.561
22:55:45.406 python3        2650191 nvme1n1 WS   1659540480 131072   23.649
22:55:45.406 python3        2650191 nvme1n1 WS   1659540736 131072   23.721
22:55:45.406 python3        2650191 nvme1n1 WS   1659540992 131072   23.803
22:55:45.406 python3        2650191 nvme1n1 WS   1659541248 131072   23.880
22:55:45.406 python3        2650191 nvme1n1 WS   1659541504 131072   23.992
22:55:45.406 python3        2650191 nvme1n1 WS   1659541760 131072   24.087
22:55:45.407 python3        2650191 nvme1n1 WS   1659542016 131072   24.171
22:55:45.407 python3        2650191 nvme1n1 WS   1659542272 131072   24.252
22:55:45.407 python3        2650191 nvme1n1 WS   1659542528 131072   24.328
22:55:45.407 python3        2650191 nvme1n1 WS   1659542784 131072   24.397
22:55:45.407 python3        2650191 nvme1n1 WS   1659543040 131072   24.521
22:55:45.407 python3        2650191 nvme1n1 WS   1659543296 131072   24.624
22:55:45.407 python3        2650191 nvme1n1 WS   1659391488 131072   24.751
22:55:45.407 python3        2650191 nvme1n1 WS   1659391744 131072   24.762
22:55:45.407 python3        2650191 nvme1n1 WS   1659548160 131072   23.635
22:55:45.408 python3        2650191 nvme1n1 WS   1659548416 131072   23.768
22:55:45.408 python3        2650191 nvme1n1 WS   1659548672 131072   23.905
22:55:45.408 python3        2650191 nvme1n1 WS   1659548928 131072   24.046
22:55:45.408 python3        2650191 nvme1n1 WS   1659549184 131072   24.184
22:55:45.408 python3        2650191 nvme1n1 WS   1659549440 131072   24.314
22:55:45.408 python3        2650191 nvme1n1 WS   1659549696 131072   24.456
22:55:45.408 python3        2650191 nvme1n1 WS   1659549952 131072   24.576
22:55:45.409 python3        2650191 nvme1n1 WS   1659550208 131072   24.719
22:55:45.409 python3        2650191 nvme1n1 WS   1659550464 131072   24.859
22:55:45.409 python3        2650191 nvme1n1 WS   1659550720 131072   24.986
22:55:45.409 python3        2650191 nvme1n1 WS   1659550976 131072   25.113
22:55:45.409 python3        2650191 nvme1n1 WS   1659634176 131072   26.556
22:55:45.409 python3        2650191 nvme1n1 WS   1659634432 131072   26.640
22:55:45.409 python3        2650191 nvme1n1 WS   1659551232 131072   25.399
22:55:45.409 python3        2650191 nvme1n1 WS   1659551488 131072   25.460
22:55:45.409 python3        2650191 nvme1n1 WS   1659399680 131072   25.540
22:55:45.410 python3        2650191 nvme1n1 WS   1659399936 131072   25.488
22:55:45.410 python3        2650191 nvme1n1 WS   1659642368 131072   25.564
22:55:45.410 python3        2650191 nvme1n1 WS   1659642624 131072   25.638
22:55:45.410 python3        2650191 nvme1n1 WS   1659556352 131072   24.769
22:55:45.410 python3        2650191 nvme1n1 WS   1659556608 131072   24.835
22:55:45.410 python3        2650191 nvme1n1 WS   1659556864 131072   24.946
22:55:45.410 python3        2650191 nvme1n1 WS   1659557120 131072   25.021
22:55:45.410 python3        2650191 nvme1n1 WS   1659557376 131072   25.099
22:55:45.410 python3        2650191 nvme1n1 WS   1659557632 131072   25.191
22:55:45.410 python3        2650191 nvme1n1 WS   1659557888 131072   25.258
22:55:45.410 python3        2650191 nvme1n1 WS   1659558144 131072   25.312
22:55:45.410 python3        2650191 nvme1n1 WS   1659558400 131072   25.387
22:55:45.411 python3        2650191 nvme1n1 WS   1659558656 131072   25.460
22:55:45.411 python3        2650191 nvme1n1 WS   1659558912 131072   25.543
22:55:45.411 python3        2650191 nvme1n1 WS   1659559168 131072   25.611
22:55:45.411 python3        2650194 nvme1n1 WS   1674392064 131072   23.951
22:55:45.411 python3        2650194 nvme1n1 WS   1674392320 131072   24.018
22:55:45.411 python3        2650194 nvme1n1 WS   1674392576 131072   24.093
22:55:45.411 python3        2650194 nvme1n1 WS   1674392832 131072   24.175
22:55:45.411 python3        2650191 nvme1n1 WS   1659559424 131072   25.994
22:55:45.411 python3        2650191 nvme1n1 WS   1659559680 131072   26.058
22:55:45.411 python3        2650191 nvme1n1 WS   1659404288 131072   26.170
22:55:45.411 python3        2650191 nvme1n1 WS   1659404544 131072   26.184
22:55:45.411 python3        2650191 nvme1n1 WS   1659650560 131072   26.311
22:55:45.412 python3        2650191 nvme1n1 WS   1659650816 131072   26.439
22:55:45.412 python3        2650194 nvme1n1 WS   1674393088 131072   24.959
22:55:45.412 python3        2650194 nvme1n1 WS   1674393344 131072   25.083
22:55:45.412 python3        2650194 nvme1n1 WS   1674393600 131072   25.213
22:55:45.412 python3        2650194 nvme1n1 WS   1674393856 131072   25.320
22:55:45.412 python3        2650194 nvme1n1 WS   1674394112 131072   25.404
22:55:45.412 python3        2650194 nvme1n1 WS   1674394368 131072   25.479
22:55:45.412 python3        2650194 nvme1n1 WS   1674394624 131072   25.561
22:55:45.412 python3        2650194 nvme1n1 WS   1674394880 131072   25.635
22:55:45.413 python3        2650194 nvme1n1 WS   1674395136 131072   25.718
22:55:45.413 python3        2650194 nvme1n1 WS   1674395392 131072   25.777
22:55:45.413 python3        2650194 nvme1n1 WS   1674316800 131072   25.853
22:55:45.413 python3        2650194 nvme1n1 WS   1674317056 131072   25.812
22:55:45.413 python3        2650194 nvme1n1 WS   1674327552 131072   25.889
22:55:45.413 python3        2650194 nvme1n1 WS   1674327808 131072   25.977
22:55:45.413 python3        2650194 nvme1n1 WS   1674400256 131072   23.707
22:55:45.413 python3        2650194 nvme1n1 WS   1674400512 131072   23.776
22:55:45.413 python3        2650194 nvme1n1 WS   1674400768 131072   23.856
22:55:45.413 python3        2650194 nvme1n1 WS   1674401024 131072   23.931
22:55:45.413 python3        2650194 nvme1n1 WS   1674401280 131072   24.004
22:55:45.413 python3        2650194 nvme1n1 WS   1674401536 131072   24.079
22:55:45.414 python3        2650194 nvme1n1 WS   1674401792 131072   24.153
22:55:45.414 python3        2650194 nvme1n1 WS   1674402048 131072   24.207
22:55:45.414 python3        2650194 nvme1n1 WS   1674402304 131072   24.286
22:55:45.414 python3        2650194 nvme1n1 WS   1674402560 131072   24.359
22:55:45.414 python3        2650194 nvme1n1 WS   1674402816 131072   24.440
22:55:45.414 python3        2650194 nvme1n1 WS   1674403072 131072   24.514
22:55:45.414 python3        2650193 nvme1n1 WS   1659564544 131072   24.065
22:55:45.414 python3        2650193 nvme1n1 WS   1659564800 131072   24.142
22:55:45.414 python3        2650193 nvme1n1 WS   1659565056 131072   24.258
22:55:45.414 python3        2650193 nvme1n1 WS   1659565312 131072   24.382
22:55:45.414 python3        2650194 nvme1n1 WS   1674403328 131072   25.051
22:55:45.415 python3        2650194 nvme1n1 WS   1674403584 131072   25.155
22:55:45.415 python3        2650194 nvme1n1 WS   1674329600 131072   25.283
22:55:45.415 python3        2650194 nvme1n1 WS   1674329856 131072   25.319
22:55:45.415 python3        2650194 nvme1n1 WS   1674343936 131072   25.459
22:55:45.415 python3        2650194 nvme1n1 WS   1674344192 131072   25.600
22:55:45.415 python3        2650193 nvme1n1 WS   1659565568 131072   25.331
22:55:45.416 python3        2650193 nvme1n1 WS   1659565824 131072   25.466
22:55:45.416 python3        2650193 nvme1n1 WS   1659566080 131072   25.596
22:55:45.416 python3        2650193 nvme1n1 WS   1659566336 131072   25.688
22:55:45.416 python3        2650193 nvme1n1 WS   1659566592 131072   25.786
22:55:45.416 python3        2650193 nvme1n1 WS   1659566848 131072   25.858
22:55:45.416 python3        2650193 nvme1n1 WS   1659567104 131072   25.973
22:55:45.416 python3        2650193 nvme1n1 WS   1659567360 131072   26.054
22:55:45.416 python3        2650193 nvme1n1 WS   1659567616 131072   26.136
22:55:45.416 python3        2650193 nvme1n1 WS   1659567872 131072   26.202
22:55:45.416 python3        2650193 nvme1n1 WS   1659407872 131072   26.278
22:55:45.416 python3        2650193 nvme1n1 WS   1659408128 131072   26.269
22:55:45.416 python3        2650193 nvme1n1 WS   1659658752 131072   26.345
22:55:45.417 python3        2650193 nvme1n1 WS   1659659008 131072   26.422
22:55:45.417 python3        2650192 nvme1n1 WS   1659572736 131072   24.144
22:55:45.417 python3        2650192 nvme1n1 WS   1659572992 131072   24.239
22:55:45.417 python3        2650192 nvme1n1 WS   1659573248 131072   24.364
22:55:45.417 python3        2650192 nvme1n1 WS   1659573504 131072   24.489
22:55:45.417 python3        2650192 nvme1n1 WS   1659573760 131072   24.616
22:55:45.417 python3        2650192 nvme1n1 WS   1659574016 131072   24.740
22:55:45.417 python3        2650192 nvme1n1 WS   1659574272 131072   24.863
22:55:45.418 python3        2650192 nvme1n1 WS   1659574528 131072   24.992
22:55:45.418 python3        2650192 nvme1n1 WS   1659574784 131072   25.119
22:55:45.418 python3        2650192 nvme1n1 WS   1659575040 131072   25.246
22:55:45.418 python3        2650192 nvme1n1 WS   1659575296 131072   25.369
22:55:45.418 python3        2650192 nvme1n1 WS   1659575552 131072   25.449
22:55:45.418 python3        2650192 nvme1n1 WS   1659575808 131072   25.524
22:55:45.418 python3        2650192 nvme1n1 WS   1659576064 131072   25.586
22:55:45.418 python3        2650192 nvme1n1 WS   1659411968 131072   25.663
22:55:45.418 python3        2650192 nvme1n1 WS   1659412224 131072   25.663
22:55:45.418 python3        2650193 nvme1n1 WS   1659580928 131072   24.682
22:55:45.418 python3        2650193 nvme1n1 WS   1659581184 131072   24.751
22:55:45.419 python3        2650193 nvme1n1 WS   1659581440 131072   24.828
22:55:45.419 python3        2650193 nvme1n1 WS   1659581696 131072   24.910
22:55:45.419 python3        2650193 nvme1n1 WS   1659581952 131072   24.985
22:55:45.419 python3        2650193 nvme1n1 WS   1659582208 131072   25.062
22:55:45.419 python3        2650193 nvme1n1 WS   1659582464 131072   25.144
22:55:45.419 python3        2650193 nvme1n1 WS   1659582720 131072   25.201
22:55:45.419 python3        2650193 nvme1n1 WS   1659582976 131072   25.282
22:55:45.419 python3        2650193 nvme1n1 WS   1659583232 131072   25.362
22:55:45.419 python3        2650193 nvme1n1 WS   1659583488 131072   25.440
22:55:45.419 python3        2650193 nvme1n1 WS   1659583744 131072   25.515
22:55:45.419 python3        2650192 nvme1n1 WS   1659666944 131072   26.720
22:55:45.419 python3        2650192 nvme1n1 WS   1659667200 131072   26.798
22:55:45.420 python3        2650193 nvme1n1 WS   1659584000 131072   25.755
22:55:45.420 python3        2650193 nvme1n1 WS   1659584256 131072   25.805
22:55:45.420 python3        2650193 nvme1n1 WS   1659412480 131072   25.879
22:55:45.420 python3        2650193 nvme1n1 WS   1659412736 131072   25.855
22:55:45.420 python3        2650193 nvme1n1 WS   1659675136 131072   25.929
22:55:45.420 python3        2650193 nvme1n1 WS   1659675392 131072   26.005
22:55:45.420 python3        2650192 nvme1n1 WS   1659589120 131072   25.336
22:55:45.420 python3        2650192 nvme1n1 WS   1659589376 131072   25.406
22:55:45.420 python3        2650192 nvme1n1 WS   1659589632 131072   25.482
22:55:45.420 python3        2650192 nvme1n1 WS   1659589888 131072   25.564
22:55:45.420 python3        2650192 nvme1n1 WS   1659590144 131072   25.639
22:55:45.420 python3        2650192 nvme1n1 WS   1659590400 131072   25.713
22:55:45.420 python3        2650192 nvme1n1 WS   1659590656 131072   25.790
22:55:45.421 python3        2650192 nvme1n1 WS   1659590912 131072   25.848
22:55:45.421 python3        2650192 nvme1n1 WS   1659591168 131072   25.925
22:55:45.421 python3        2650192 nvme1n1 WS   1659591424 131072   26.000
22:55:45.421 python3        2650192 nvme1n1 WS   1659591680 131072   26.085
22:55:45.421 python3        2650192 nvme1n1 WS   1659591936 131072   26.164
22:55:45.421 python3        2650192 nvme1n1 WS   1659592192 131072   26.254
22:55:45.421 python3        2650192 nvme1n1 WS   1659592448 131072   26.318
22:55:45.421 python3        2650192 nvme1n1 WS   1659416064 131072   26.380
22:55:45.421 python3        2650192 nvme1n1 WS   1659416320 131072   26.387
22:55:45.421 python3        2650192 nvme1n1 WS   1659683328 131072   26.486
22:55:45.421 python3        2650192 nvme1n1 WS   1659683584 131072   26.566
22:55:45.422 python3        2650192 nvme1n1 WS   1659597312 131072   23.637
22:55:45.422 python3        2650192 nvme1n1 WS   1659597568 131072   23.719
22:55:45.422 python3        2650192 nvme1n1 WS   1659597824 131072   23.797
22:55:45.422 python3        2650192 nvme1n1 WS   1659598080 131072   23.870
22:55:45.422 python3        2650192 nvme1n1 WS   1659598336 131072   23.946
22:55:45.422 python3        2650192 nvme1n1 WS   1659598592 131072   24.018
22:55:45.422 python3        2650192 nvme1n1 WS   1659598848 131072   24.094
22:55:45.422 python3        2650192 nvme1n1 WS   1659599104 131072   24.145
22:55:45.422 python3        2650192 nvme1n1 WS   1659599360 131072   24.199
22:55:45.422 python3        2650192 nvme1n1 WS   1659599616 131072   24.275
22:55:45.422 python3        2650192 nvme1n1 WS   1659599872 131072   24.352
22:55:45.422 python3        2650192 nvme1n1 WS   1659600128 131072   24.431
22:55:45.422 python3        2650192 nvme1n1 WS   1659600384 131072   24.504
22:55:45.423 python3        2650192 nvme1n1 WS   1659600640 65536    24.541
22:55:45.423 python3        2650194 nvme1n1 WS   1659605504 131072   24.338
22:55:45.423 python3        2650194 nvme1n1 WS   1659605760 131072   24.401
22:55:45.423 python3        2650194 nvme1n1 WS   1659606016 131072   24.478
22:55:45.423 python3        2650194 nvme1n1 WS   1659606272 131072   24.553
22:55:45.423 python3        2650194 nvme1n1 WS   1659606528 131072   24.631
22:55:45.423 python3        2650194 nvme1n1 WS   1659606784 131072   24.706
22:55:45.423 python3        2650194 nvme1n1 WS   1659607040 131072   24.780
22:55:45.423 python3        2650194 nvme1n1 WS   1659607296 131072   24.828
22:55:45.423 python3        2650194 nvme1n1 WS   1659607552 131072   24.902
22:55:45.423 python3        2650194 nvme1n1 WS   1659607808 131072   24.972
22:55:45.423 python3        2650194 nvme1n1 WS   1659608064 131072   25.050
22:55:45.423 python3        2650194 nvme1n1 WS   1659608320 131072   25.121
22:55:45.424 python3        2650194 nvme1n1 WS   1659608576 131072   25.182
22:55:45.424 python3        2650194 nvme1n1 WS   1659608832 131072   25.223
22:55:45.424 python3        2650194 nvme1n1 WS   1659484672 131072   25.283
22:55:45.424 python3        2650194 nvme1n1 WS   1659484928 131072   25.283
22:55:45.424 python3        2650194 nvme1n1 WS   1659613696 131072   24.057
22:55:45.424 python3        2650194 nvme1n1 WS   1659613952 131072   24.193
22:55:45.424 python3        2650194 nvme1n1 WS   1659614208 131072   24.335
22:55:45.424 python3        2650194 nvme1n1 WS   1659614464 131072   24.473
22:55:45.425 python3        2650194 nvme1n1 WS   1659614720 131072   24.616
22:55:45.425 python3        2650194 nvme1n1 WS   1659614976 131072   24.754
22:55:45.425 python3        2650194 nvme1n1 WS   1659615232 131072   24.879
22:55:45.425 python3        2650194 nvme1n1 WS   1659615488 131072   24.985
22:55:45.425 python3        2650194 nvme1n1 WS   1659615744 131072   25.111
22:55:45.425 python3        2650194 nvme1n1 WS   1659616000 131072   25.204
22:55:45.425 python3        2650194 nvme1n1 WS   1659616256 131072   25.284
22:55:45.425 python3        2650194 nvme1n1 WS   1659616512 131072   25.356
22:55:45.425 python3        2650194 nvme1n1 WS   1659691520 131072   26.875
22:55:45.425 python3        2650194 nvme1n1 WS   1659691776 131072   26.947
22:55:45.426 python3        2650194 nvme1n1 WS   1659616768 131072   25.593
22:55:45.426 python3        2650194 nvme1n1 WS   1659617024 65536    25.611
22:55:45.426 python3        2650191 nvme1n1 WS   1659621888 131072   23.024
22:55:45.426 python3        2650191 nvme1n1 WS   1659622144 131072   23.095
22:55:45.426 python3        2650191 nvme1n1 WS   1659622400 131072   23.174
22:55:45.426 python3        2650191 nvme1n1 WS   1659622656 131072   23.247
22:55:45.426 python3        2650191 nvme1n1 WS   1659622912 131072   23.319
22:55:45.426 python3        2650191 nvme1n1 WS   1659623168 131072   23.394
22:55:45.426 python3        2650191 nvme1n1 WS   1659623424 131072   23.470
22:55:45.426 python3        2650191 nvme1n1 WS   1659623680 131072   23.525
22:55:45.426 python3        2650191 nvme1n1 WS   1659623936 131072   23.598
22:55:45.426 python3        2650191 nvme1n1 WS   1659624192 131072   23.676
22:55:45.426 python3        2650191 nvme1n1 WS   1659624448 131072   23.749
22:55:45.427 python3        2650191 nvme1n1 WS   1659624704 131072   23.827
22:55:45.427 python3        2650191 nvme1n1 WS   1659624960 131072   23.901
22:55:45.427 python3        2650191 nvme1n1 WS   1659625216 131072   23.950
22:55:45.427 python3        2650191 nvme1n1 WS   1659411456 131072   24.022
22:55:45.427 python3        2650191 nvme1n1 WS   1659411712 131072   24.024
22:55:45.427 python3        2650191 nvme1n1 WS   1659703808 131072   24.182
22:55:45.427 python3        2650191 nvme1n1 WS   1659704064 131072   24.305
22:55:45.427 python3        2650193 nvme1n1 WS   1659630080 131072   24.126
22:55:45.427 python3        2650193 nvme1n1 WS   1659630336 131072   24.256
22:55:45.428 python3        2650193 nvme1n1 WS   1659630592 131072   24.395
22:55:45.428 python3        2650193 nvme1n1 WS   1659630848 131072   24.533
22:55:45.428 python3        2650193 nvme1n1 WS   1659631104 131072   24.665
22:55:45.428 python3        2650193 nvme1n1 WS   1659631360 131072   24.789
22:55:45.428 python3        2650193 nvme1n1 WS   1659631616 131072   24.868
22:55:45.428 python3        2650193 nvme1n1 WS   1659631872 131072   24.912
22:55:45.428 python3        2650193 nvme1n1 WS   1659632128 131072   24.990
22:55:45.428 python3        2650193 nvme1n1 WS   1659632384 131072   25.069
22:55:45.428 python3        2650193 nvme1n1 WS   1659632640 131072   25.149
22:55:45.429 python3        2650193 nvme1n1 WS   1659632896 131072   25.222
22:55:45.429 python3        2650193 nvme1n1 WS   1659633152 131072   25.298
22:55:45.429 python3        2650193 nvme1n1 WS   1659633408 131072   25.354
22:55:45.429 python3        2650193 nvme1n1 WS   1659484160 131072   25.433
22:55:45.429 python3        2650193 nvme1n1 WS   1659484416 131072   25.372
22:55:45.429 python3        2650193 nvme1n1 WS   1659707904 131072   25.448
22:55:45.429 python3        2650193 nvme1n1 WS   1659708160 131072   25.521
22:55:45.429 python3        2650193 nvme1n1 WS   1659716096 131072   23.099
22:55:45.429 python3        2650193 nvme1n1 WS   1659716352 131072   23.168
22:55:45.429 python3        2650193 nvme1n1 WS   1659716608 131072   23.246
22:55:45.429 python3        2650193 nvme1n1 WS   1659716864 131072   23.315
22:55:45.429 python3        2650193 nvme1n1 WS   1659717120 131072   23.381
22:55:45.429 python3        2650193 nvme1n1 WS   1659717376 131072   23.437
22:55:45.430 python3        2650193 nvme1n1 WS   1659717632 131072   23.501
22:55:45.430 python3        2650193 nvme1n1 WS   1659717888 131072   23.545
22:55:45.430 python3        2650193 nvme1n1 WS   1659718144 131072   23.673
22:55:45.430 python3        2650193 nvme1n1 WS   1659718400 131072   23.778
22:55:45.430 python3        2650193 nvme1n1 WS   1659718656 131072   23.856
22:55:45.430 python3        2650193 nvme1n1 WS   1659718912 131072   23.930
22:55:45.430 python3        2650193 nvme1n1 WS   1659719168 131072   24.007
22:55:45.430 python3        2650193 nvme1n1 WS   1659719424 131072   24.056
22:55:45.430 python3        2650193 nvme1n1 WS   1659636224 131072   24.129
22:55:45.430 python3        2650193 nvme1n1 WS   1659636480 131072   24.115
22:55:45.430 python3        2650193 nvme1n1 WS   1659724288 131072   24.235
22:55:45.431 python3        2650193 nvme1n1 WS   1659724544 131072   24.368
22:55:45.431 python3        2650191 nvme1n1 WS   1659732480 131072   20.610
22:55:45.431 python3        2650191 nvme1n1 WS   1659732736 131072   20.745
22:55:45.431 python3        2650191 nvme1n1 WS   1659732992 131072   20.884
22:55:45.431 python3        2650191 nvme1n1 WS   1659733248 131072   21.023
22:55:45.431 python3        2650191 nvme1n1 WS   1659733504 131072   21.163
22:55:45.431 python3        2650191 nvme1n1 WS   1659733760 131072   21.306
22:55:45.432 python3        2650191 nvme1n1 WS   1659734016 131072   21.444
22:55:45.432 python3        2650191 nvme1n1 WS   1659734272 131072   21.556
22:55:45.432 python3        2650191 nvme1n1 WS   1659734528 131072   21.696
22:55:45.432 python3        2650191 nvme1n1 WS   1659734784 131072   21.839
22:55:45.432 python3        2650191 nvme1n1 WS   1659735040 131072   21.978
22:55:45.432 python3        2650191 nvme1n1 WS   1659735296 131072   22.119
22:55:45.432 python3        2650191 nvme1n1 WS   1659735552 131072   22.256
22:55:45.433 python3        2650191 nvme1n1 WS   1659735808 131072   22.357
22:55:45.433 python3        2650191 nvme1n1 WS   1659635712 131072   22.472
22:55:45.433 python3        2650191 nvme1n1 WS   1659635968 131072   22.392
22:55:45.433 python3        2650191 nvme1n1 WS   1659642880 131072   22.472
22:55:45.433 python3        2650191 nvme1n1 WS   1659643136 131072   22.551
22:55:45.433 python3        2650191 nvme1n1 WS   1659740672 131072   22.520
22:55:45.433 python3        2650191 nvme1n1 WS   1659740928 131072   22.595
22:55:45.433 python3        2650191 nvme1n1 WS   1659741184 131072   22.666
22:55:45.433 python3        2650191 nvme1n1 WS   1659741440 131072   22.744
22:55:45.433 python3        2650191 nvme1n1 WS   1659741696 131072   22.821
22:55:45.433 python3        2650191 nvme1n1 WS   1659741952 131072   22.899
22:55:45.434 python3        2650191 nvme1n1 WS   1659742208 131072   22.983
22:55:45.434 python3        2650191 nvme1n1 WS   1659742464 131072   23.044
22:55:45.434 python3        2650191 nvme1n1 WS   1659742720 131072   23.126
22:55:45.434 python3        2650191 nvme1n1 WS   1659742976 131072   23.201
22:55:45.434 python3        2650191 nvme1n1 WS   1659743232 131072   23.263
22:55:45.434 python3        2650191 nvme1n1 WS   1659743488 131072   23.324
22:55:45.434 python3        2650191 nvme1n1 WS   1659743744 131072   23.440
22:55:45.434 python3        2650191 nvme1n1 WS   1659744000 65536    23.505
22:55:45.434 python3        2650193 nvme1n1 WS   587458680  131072   16.823
22:55:45.434 python3        2650193 nvme1n1 WS   587458936  131072   16.940
22:55:45.435 python3        2650193 nvme1n1 WS   587459192  131072   17.066
22:55:45.435 python3        2650193 nvme1n1 WS   587459448  131072   17.191
22:55:45.435 python3        2650193 nvme1n1 WS   587459704  131072   17.318
22:55:45.435 python3        2650193 nvme1n1 WS   587459960  131072   17.432
22:55:45.435 python3        2650193 nvme1n1 WS   587460216  131072   17.492
22:55:45.435 python3        2650193 nvme1n1 WS   587460472  131072   17.552
22:55:45.435 python3        2650193 nvme1n1 WS   587460728  131072   17.630
22:55:45.435 python3        2650193 nvme1n1 WS   587460984  131072   17.709
22:55:45.435 python3        2650193 nvme1n1 WS   587461240  131072   17.789
22:55:45.435 python3        2650193 nvme1n1 WS   587461496  131072   17.867
22:55:45.435 python3        2650193 nvme1n1 WS   587461752  131072   17.945
22:55:45.436 python3        2650193 nvme1n1 WS   587462008  65536    17.984
22:55:45.568 kworker        2649594 nvme1n1 W    1622539008 4096      0.054
22:55:45.568 kworker        2649594 nvme1n1 W    1565495544 4096      0.060
22:55:45.874 nvme           2657249 Unknown N    -1         512       0.029
22:55:46.878 nvme           2657253 Unknown N    -1         512       0.032
22:55:47.882 nvme           2657267 Unknown N    -1         512       0.029
22:55:48.021 python3        2650192 nvme1n1 WS   1659748864 131072    0.186
22:55:48.021 python3        2650192 nvme1n1 WS   1659749120 131072    0.239
22:55:48.021 python3        2650192 nvme1n1 WS   1659749376 131072    0.316
22:55:48.021 python3        2650192 nvme1n1 WS   1659749632 131072    0.399
22:55:48.021 python3        2650192 nvme1n1 WS   1659749888 131072    0.480
22:55:48.021 python3        2650192 nvme1n1 WS   1659750144 131072    0.569
22:55:48.021 python3        2650192 nvme1n1 WS   1659750400 131072    0.643
22:55:48.022 python3        2650192 nvme1n1 WS   1659750656 131072    0.686
22:55:48.022 python3        2650192 nvme1n1 WS   1659750912 131072    0.779
22:55:48.022 python3        2650192 nvme1n1 WS   1659751168 131072    0.857
22:55:48.022 python3        2650192 nvme1n1 WS   1659751424 131072    0.924
22:55:48.022 python3        2650192 nvme1n1 WS   1659751680 131072    1.003
22:55:48.022 python3        2650192 nvme1n1 WS   1659751936 131072    1.092
22:55:48.022 python3        2650192 nvme1n1 WS   1659752192 131072    1.153
22:55:48.022 python3        2650192 nvme1n1 WS   1659643392 131072    1.247
22:55:48.022 python3        2650192 nvme1n1 WS   1659643648 131072    1.076
22:55:48.022 python3        2650192 nvme1n1 WS   1659643904 131072    1.150
22:55:48.022 python3        2650192 nvme1n1 WS   1659644160 131072    1.226
22:55:48.022 python3        2650194 nvme1n1 WS   1659757056 131072    1.208
22:55:48.022 python3        2650193 nvme1n1 WS   1659112960 131072    1.302
22:55:48.023 python3        2650194 nvme1n1 WS   1659757312 131072    1.370
22:55:48.023 python3        2650194 nvme1n1 WS   1659757568 131072    1.451
22:55:48.023 python3        2650194 nvme1n1 WS   1659757824 131072    1.526
22:55:48.023 python3        2650194 nvme1n1 WS   1659758080 131072    1.606
22:55:48.023 python3        2650194 nvme1n1 WS   1659758336 131072    1.677
22:55:48.023 python3        2650194 nvme1n1 WS   1659758592 131072    1.760
22:55:48.023 python3        2650194 nvme1n1 WS   1659758848 131072    1.825
22:55:48.023 python3        2650194 nvme1n1 WS   1659759104 131072    1.894
22:55:48.023 python3        2650193 nvme1n1 WS   1659113216 131072    1.974
22:55:48.023 python3        2650194 nvme1n1 WS   1659759360 131072    2.062
22:55:48.024 python3        2650194 nvme1n1 WS   1659759616 131072    2.117
22:55:48.024 python3        2650193 nvme1n1 WS   1659900416 131072    2.201
22:55:48.024 python3        2650193 nvme1n1 WS   1659900672 131072    2.273
22:55:48.024 python3        2650194 nvme1n1 WS   1659759872 131072    2.350
22:55:48.024 python3        2650193 nvme1n1 WS   1659900928 131072    2.422
22:55:48.024 python3        2650193 nvme1n1 WS   1659901184 131072    2.495
22:55:48.024 python3        2650194 nvme1n1 WS   1659760128 131072    2.579
22:55:48.024 python3        2650193 nvme1n1 WS   1659901440 131072    2.643
22:55:48.024 python3        2650193 nvme1n1 WS   1659901696 131072    2.720
22:55:48.024 python3        2650193 nvme1n1 WS   1659901952 131072    2.789
22:55:48.024 python3        2650194 nvme1n1 WS   1659760384 131072    2.860
22:55:48.024 python3        2650194 nvme1n1 WS   1659765248 131072    2.930
22:55:48.024 python3        2650193 nvme1n1 WS   1659902208 131072    3.002
22:55:48.024 python3        2650193 nvme1n1 WS   1659902464 131072    3.076
22:55:48.024 python3        2650193 nvme1n1 WS   1659902720 131072    3.144
22:55:48.024 python3        2650193 nvme1n1 WS   1659902976 131072    3.218
22:55:48.025 python3        2650193 nvme1n1 WS   1659903232 131072    3.290
22:55:48.025 python3        2650193 nvme1n1 WS   1659903488 131072    3.373
22:55:48.025 python3        2650194 nvme1n1 WS   1659765504 131072    3.317
22:55:48.025 python3        2650194 nvme1n1 WS   1659651072 131072    3.390
22:55:48.025 python3        2650194 nvme1n1 WS   1659651328 131072    3.464
22:55:48.025 python3        2650193 nvme1n1 WS   1659903744 131072    3.556
22:55:48.025 python3        2650193 nvme1n1 WS   1659908608 131072    3.616
22:55:48.025 python3        2650193 nvme1n1 WS   1659908864 131072    3.691
22:55:48.025 python3        2650191 nvme1n1 WS   1659777536 131072    3.761
22:55:48.025 python3        2650191 nvme1n1 WS   1659777792 131072    3.827
22:55:48.025 python3        2650191 nvme1n1 WS   1659778048 131072    3.900
22:55:48.025 python3        2650191 nvme1n1 WS   1659778304 131072    3.973
22:55:48.025 python3        2650191 nvme1n1 WS   1659778560 131072    4.045
22:55:48.026 python3        2650191 nvme1n1 WS   1659778816 131072    4.121
22:55:48.026 python3        2650191 nvme1n1 WS   1659779072 131072    4.195
22:55:48.026 python3        2650191 nvme1n1 WS   1659779328 131072    4.244
22:55:48.026 python3        2650191 nvme1n1 WS   1659779584 131072    4.322
22:55:48.026 python3        2650191 nvme1n1 WS   1659779840 131072    4.396
22:55:48.026 python3        2650191 nvme1n1 WS   1659780096 131072    4.463
22:55:48.026 python3        2650191 nvme1n1 WS   1659780352 131072    4.540
22:55:48.026 python3        2650191 nvme1n1 WS   1659780608 131072    4.610
22:55:48.026 python3        2650191 nvme1n1 WS   1659780864 131072    4.661
22:55:48.026 python3        2650191 nvme1n1 WS   1659789824 131072    4.735
22:55:48.026 python3        2650191 nvme1n1 WS   1659781632 131072    4.817
22:55:48.026 python3        2650191 nvme1n1 WS   1659781888 131072    4.881
22:55:48.027 python3        2650191 nvme1n1 WS   1659782144 131072    4.955
22:55:48.027 python3        2650191 nvme1n1 WS   1659782400 131072    5.030
22:55:48.027 python3        2650191 nvme1n1 WS   1659782656 131072    5.100
22:55:48.027 python3        2650191 nvme1n1 WS   1659782912 131072    5.175
22:55:48.027 python3        2650191 nvme1n1 WS   1659783168 131072    5.264
22:55:48.027 python3        2650191 nvme1n1 WS   1659783424 131072    5.314
22:55:48.027 python3        2650191 nvme1n1 WS   1659783680 131072    5.382
22:55:48.027 python3        2650191 nvme1n1 WS   1659783936 131072    5.459
22:55:48.027 python3        2650191 nvme1n1 WS   1659784192 131072    5.532
22:55:48.027 python3        2650191 nvme1n1 WS   1659784448 131072    5.606
22:55:48.027 python3        2650191 nvme1n1 WS   1659784704 131072    5.673
22:55:48.027 python3        2650191 nvme1n1 WS   1659784960 131072    5.725
22:55:48.027 python3        2650191 nvme1n1 WS   1659798016 131072    5.797
22:55:48.028 python3        2650191 nvme1n1 WS   1659790080 131072    5.855
22:55:48.028 python3        2650191 nvme1n1 WS   1659659264 131072    5.937
22:55:48.028 python3        2650191 nvme1n1 WS   1659659520 131072    6.007
22:55:48.028 python3        2650191 nvme1n1 WS   1659798272 131072    5.948
22:55:48.028 python3        2650191 nvme1n1 WS   1659667456 131072    6.039
22:55:48.028 python3        2650191 nvme1n1 WS   1659667712 131072    6.139
22:55:48.028 python3        2650191 nvme1n1 WS   1659806208 131072    6.190
22:55:48.028 python3        2650191 nvme1n1 WS   1659806464 131072    6.258
22:55:48.028 python3        2650191 nvme1n1 WS   1659806720 131072    6.332
22:55:48.028 python3        2650191 nvme1n1 WS   1659806976 131072    6.404
22:55:48.028 python3        2650191 nvme1n1 WS   1659807232 131072    6.476
22:55:48.028 python3        2650191 nvme1n1 WS   1659807488 131072    6.550
22:55:48.029 python3        2650191 nvme1n1 WS   1659807744 131072    6.623
22:55:48.029 python3        2650193 nvme1n1 WS   1674404352 131072    6.703
22:55:48.029 python3        2650193 nvme1n1 WS   1674404608 131072    6.770
22:55:48.029 python3        2650193 nvme1n1 WS   1674404864 131072    6.843
22:55:48.029 python3        2650193 nvme1n1 WS   1674405120 131072    6.918
22:55:48.029 python3        2650193 nvme1n1 WS   1674405376 131072    6.990
22:55:48.029 python3        2650193 nvme1n1 WS   1674405632 131072    7.070
22:55:48.029 python3        2650194 nvme1n1 WS   1659912704 131072    7.154
22:55:48.029 python3        2650194 nvme1n1 WS   1659912960 131072    7.223
22:55:48.029 python3        2650194 nvme1n1 WS   1659913216 131072    7.295
22:55:48.029 python3        2650194 nvme1n1 WS   1659913472 131072    7.368
22:55:48.029 python3        2650194 nvme1n1 WS   1659913728 131072    7.445
22:55:48.029 python3        2650193 nvme1n1 WS   1674405888 131072    7.527
22:55:48.030 python3        2650191 nvme1n1 WS   1659808000 131072    7.606
22:55:48.030 python3        2650191 nvme1n1 WS   1659808256 131072    7.678
22:55:48.030 python3        2650191 nvme1n1 WS   1659808512 131072    7.754
22:55:48.030 python3        2650194 nvme1n1 WS   1659913984 131072    7.837
22:55:48.030 python3        2650194 nvme1n1 WS   1659914240 131072    7.913
22:55:48.030 python3        2650191 nvme1n1 WS   1659808768 131072    8.001
22:55:48.030 python3        2650191 nvme1n1 WS   1659809024 131072    8.073
22:55:48.030 python3        2650191 nvme1n1 WS   1659809280 131072    8.142
22:55:48.030 python3        2650193 nvme1n1 WS   1674406144 131072    8.213
22:55:48.030 python3        2650193 nvme1n1 WS   1674406400 131072    8.284
22:55:48.030 python3        2650193 nvme1n1 WS   1674406656 131072    8.357
22:55:48.030 python3        2650193 nvme1n1 WS   1674406912 131072    8.433
22:55:48.030 python3        2650193 nvme1n1 WS   1674407168 131072    8.507
22:55:48.031 python3        2650194 nvme1n1 WS   1659914496 131072    8.588
22:55:48.031 python3        2650191 nvme1n1 WS   1659809536 131072    8.662
22:55:48.031 python3        2650193 nvme1n1 WS   1674407424 131072    8.722
22:55:48.031 python3        2650191 nvme1n1 WS   1659814400 131072    8.795
22:55:48.031 python3        2650194 nvme1n1 WS   1659914752 131072    8.872
22:55:48.031 python3        2650194 nvme1n1 WS   1659915008 131072    8.946
22:55:48.031 python3        2650194 nvme1n1 WS   1659915264 131072    9.019
22:55:48.031 python3        2650194 nvme1n1 WS   1659915520 131072    9.093
22:55:48.031 python3        2650194 nvme1n1 WS   1659915776 131072    9.170
22:55:48.031 python3        2650193 nvme1n1 WS   1674407680 131072    9.248
22:55:48.031 python3        2650193 nvme1n1 WS   1674329088 131072    9.321
22:55:48.031 python3        2650194 nvme1n1 WS   1659916032 131072    9.391
22:55:48.031 python3        2650194 nvme1n1 WS   1659910656 131072    9.464
22:55:48.032 python3        2650191 nvme1n1 WS   1659814656 131072    9.466
22:55:48.032 python3        2650191 nvme1n1 WS   1659675648 131072    9.536
22:55:48.032 python3        2650191 nvme1n1 WS   1659675904 131072    9.618
22:55:48.032 python3        2650194 nvme1n1 WS   1659822592 131072    9.707
22:55:48.032 python3        2650194 nvme1n1 WS   1659822848 131072    9.772
22:55:48.032 python3        2650194 nvme1n1 WS   1659823104 131072    9.856
22:55:48.032 python3        2650194 nvme1n1 WS   1659823360 131072    9.927
22:55:48.032 python3        2650194 nvme1n1 WS   1659823616 131072    9.999
22:55:48.032 python3        2650194 nvme1n1 WS   1659823872 131072   10.075
22:55:48.032 python3        2650194 nvme1n1 WS   1659824128 131072   10.149
22:55:48.032 python3        2650193 nvme1n1 WS   1674329344 131072   10.247
22:55:48.032 python3        2650193 nvme1n1 WS   1674344448 131072   10.317
22:55:48.033 python3        2650193 nvme1n1 WS   1674344704 131072   10.395
22:55:48.033 python3        2650194 nvme1n1 WS   1659824384 131072   10.452
22:55:48.033 python3        2650194 nvme1n1 WS   1659824640 131072   10.525
22:55:48.033 python3        2650194 nvme1n1 WS   1659824896 131072   10.600
22:55:48.033 python3        2650194 nvme1n1 WS   1659825152 131072   10.707
22:55:48.033 python3        2650194 nvme1n1 WS   1659910912 131072   10.801
22:55:48.033 python3        2650194 nvme1n1 WS   1659920896 131072   10.863
22:55:48.033 python3        2650194 nvme1n1 WS   1659921152 131072   10.938
22:55:48.033 python3        2650194 nvme1n1 WS   1659825408 131072   11.020
22:55:48.033 python3        2650194 nvme1n1 WS   1659825664 131072   11.093
22:55:48.033 python3        2650194 nvme1n1 WS   1659825920 131072   11.147
22:55:48.036 python3        2650194 nvme1n1 WS   1659830784 131072   11.224
22:55:48.036 python3        2650192 nvme1n1 WS   1659121024 65536    11.240
22:55:48.036 python3        2650192 nvme1n1 WS   591574784  131072   11.318
22:55:48.036 python3        2650192 nvme1n1 WS   591575040  131072   11.393
22:55:48.036 python3        2650192 nvme1n1 WS   591575296  131072   11.470
22:55:48.036 python3        2650192 nvme1n1 WS   591575552  131072   11.544
22:55:48.036 python3        2650192 nvme1n1 WS   591575808  131072   11.616
22:55:48.036 python3        2650192 nvme1n1 WS   591576064  131072   11.692
22:55:48.036 python3        2650192 nvme1n1 WS   591576320  131072   11.767
22:55:48.036 python3        2650192 nvme1n1 WS   591576576  131072   11.846
22:55:48.036 python3        2650192 nvme1n1 WS   591576832  131072   11.924
22:55:48.036 python3        2650192 nvme1n1 WS   591577088  131072   11.999
22:55:48.036 python3        2650192 nvme1n1 WS   591577344  131072   12.078
22:55:48.036 python3        2650192 nvme1n1 WS   591577600  131072   12.158
22:55:48.036 python3        2650192 nvme1n1 WS   591577856  131072   12.241
22:55:48.036 python3        2650192 nvme1n1 WS   591578112  131072   12.328
22:55:48.036 python3        2650192 nvme1n1 WS   591578368  131072   12.387
22:55:48.036 python3        2650192 nvme1n1 WS   591578624  65536    12.503
22:55:48.036 python3        2650192 nvme1n1 WS   591578752  131072   12.580
22:55:48.036 python3        2650192 nvme1n1 WS   591579008  131072   12.654
22:55:48.036 python3        2650194 nvme1n1 WS   1659831040 131072   13.158
22:55:48.036 python3        2650194 nvme1n1 WS   1659683840 131072   13.307
22:55:48.036 python3        2650194 nvme1n1 WS   1659684096 131072   13.379
22:55:48.036 python3        2650194 nvme1n1 WS   1674412544 131072   12.470
22:55:48.036 python3        2650194 nvme1n1 WS   1674412800 131072   12.739
22:55:48.036 python3        2650194 nvme1n1 WS   1674413056 131072   12.800
22:55:48.036 python3        2650194 nvme1n1 WS   1674413312 131072   12.881
22:55:48.036 python3        2650194 nvme1n1 WS   1674413568 131072   12.953
22:55:48.036 python3        2650194 nvme1n1 WS   1674413824 131072   13.025
22:55:48.036 python3        2650194 nvme1n1 WS   1674414080 131072   13.097
22:55:48.036 python3        2650194 nvme1n1 WS   1674414336 131072   13.237
22:55:48.036 python3        2650194 nvme1n1 WS   1674414592 131072   13.460
22:55:48.036 python3        2650194 nvme1n1 WS   1674414848 131072   13.524
22:55:48.036 python3        2650194 nvme1n1 WS   1674415104 131072   13.599
22:55:48.036 python3        2650194 nvme1n1 WS   1674415360 131072   13.676
22:55:48.036 python3        2650194 nvme1n1 WS   1674415616 131072   13.753
22:55:48.036 python3        2650194 nvme1n1 WS   1674415872 131072   13.803
22:55:48.036 python3        2650194 nvme1n1 WS   1674368512 131072   13.878
22:55:48.036 python3        2650192 nvme1n1 WS   1659838976 131072   13.941
22:55:48.036 python3        2650192 nvme1n1 WS   1659839232 131072   14.011
22:55:48.037 python3        2650192 nvme1n1 WS   1659839488 131072   14.084
22:55:48.037 python3        2650192 nvme1n1 WS   1659839744 131072   14.160
22:55:48.037 python3        2650192 nvme1n1 WS   1659840000 131072   14.233
22:55:48.037 python3        2650192 nvme1n1 WS   1659840256 131072   14.310
22:55:48.037 python3        2650192 nvme1n1 WS   1659840512 131072   14.383
22:55:48.037 python3        2650193 nvme1n1 WS   1659847168 131072   14.444
22:55:48.037 python3        2650193 nvme1n1 WS   1659847424 131072   14.510
22:55:48.037 python3        2650192 nvme1n1 WS   1659840768 131072   14.590
22:55:48.037 python3        2650193 nvme1n1 WS   1659847680 131072   14.668
22:55:48.037 python3        2650192 nvme1n1 WS   1659841024 131072   14.740
22:55:48.037 python3        2650192 nvme1n1 WS   1659841280 131072   14.821
22:55:48.037 python3        2650192 nvme1n1 WS   1659841536 131072   14.910
22:55:48.037 python3        2650193 nvme1n1 WS   1659847936 131072   14.983
22:55:48.038 python3        2650193 nvme1n1 WS   1659848192 131072   15.050
22:55:48.038 python3        2650193 nvme1n1 WS   1659848448 131072   15.127
22:55:48.038 python3        2650193 nvme1n1 WS   1659848704 131072   15.235
22:55:48.038 python3        2650192 nvme1n1 WS   1659841792 131072   15.314
22:55:48.038 python3        2650192 nvme1n1 WS   1659842048 131072   15.389
22:55:48.038 python3        2650194 nvme1n1 WS   1674368768 131072   15.467
22:55:48.038 python3        2650194 nvme1n1 WS   1674369024 131072   15.526
22:55:48.038 python3        2650194 nvme1n1 WS   1674369280 131072   15.604
22:55:48.039 python3        2650192 nvme1n1 WS   1659842304 131072   15.676
22:55:48.039 python3        2650192 nvme1n1 WS   1659855360 131072   15.753
22:55:48.039 python3        2650193 nvme1n1 WS   1659848960 131072   15.838
22:55:48.039 python3        2650193 nvme1n1 WS   1659849216 131072   15.911
22:55:48.039 python3        2650193 nvme1n1 WS   1659849472 131072   15.987
22:55:48.039 python3        2650193 nvme1n1 WS   1659849728 131072   16.062
22:55:48.039 python3        2650193 nvme1n1 WS   1659849984 131072   16.133
22:55:48.039 python3        2650193 nvme1n1 WS   1659850240 131072   16.214
22:55:48.039 python3        2650193 nvme1n1 WS   1659850496 131072   16.266
22:55:48.039 python3        2650193 nvme1n1 WS   1659863552 131072   16.340
22:55:48.039 python3        2650192 nvme1n1 WS   1659855616 131072   16.344
22:55:48.040 python3        2650192 nvme1n1 WS   1659692032 131072   16.416
22:55:48.040 python3        2650192 nvme1n1 WS   1659692288 131072   16.491
22:55:48.040 python3        2650191 nvme1n1 WS   1674420736 131072   16.570
22:55:48.040 python3        2650191 nvme1n1 WS   1674420992 131072   16.637
22:55:48.040 python3        2650191 nvme1n1 WS   1674421248 131072   16.714
22:55:48.040 python3        2650191 nvme1n1 WS   1674421504 131072   16.788
22:55:48.040 python3        2650191 nvme1n1 WS   1674421760 131072   16.860
22:55:48.040 python3        2650191 nvme1n1 WS   1674422016 131072   16.936
22:55:48.040 python3        2650191 nvme1n1 WS   1674422272 131072   17.011
22:55:48.040 python3        2650193 nvme1n1 WS   1659863808 131072   17.080
22:55:48.040 python3        2650193 nvme1n1 WS   1659704320 131072   17.154
22:55:48.040 python3        2650193 nvme1n1 WS   1659704576 131072   17.232
22:55:48.040 python3        2650191 nvme1n1 WS   1674422528 131072   17.300
22:55:48.041 python3        2650191 nvme1n1 WS   1674422784 131072   17.374
22:55:48.041 python3        2650191 nvme1n1 WS   1674423040 131072   17.448
22:55:48.041 python3        2650191 nvme1n1 WS   1674423296 131072   17.519
22:55:48.041 python3        2650191 nvme1n1 WS   1674423552 131072   17.602
22:55:48.041 python3        2650191 nvme1n1 WS   1674423808 131072   17.675
22:55:48.041 python3        2650191 nvme1n1 WS   1674424064 131072   17.725
22:55:48.041 python3        2650191 nvme1n1 WS   1674380800 131072   17.795
22:55:48.041 python3        2650191 nvme1n1 WS   1674381056 131072   17.757
22:55:48.041 python3        2650191 nvme1n1 WS   1674381312 131072   17.830
22:55:48.041 python3        2650191 nvme1n1 WS   1674381568 131072   17.905
22:55:48.041 python3        2650193 nvme1n1 WS   1659129224 61440    17.863
22:55:48.041 python3        2650193 nvme1n1 WS   612541856  131072   17.934
22:55:48.041 python3        2650193 nvme1n1 WS   612542112  131072   18.011
22:55:48.041 python3        2650193 nvme1n1 WS   612542368  131072   18.087
22:55:48.041 python3        2650193 nvme1n1 WS   612542624  131072   18.167
22:55:48.041 python3        2650193 nvme1n1 WS   612542880  131072   18.244
22:55:48.041 python3        2650193 nvme1n1 WS   612543136  131072   18.325
22:55:48.041 python3        2650193 nvme1n1 WS   612543392  131072   18.412
22:55:48.042 python3        2650193 nvme1n1 WS   612543648  131072   18.488
22:55:48.042 python3        2650193 nvme1n1 WS   612543904  131072   18.562
22:55:48.042 python3        2650193 nvme1n1 WS   612544160  131072   18.642
22:55:48.042 python3        2650193 nvme1n1 WS   612544416  131072   18.721
22:55:48.042 python3        2650193 nvme1n1 WS   612544672  131072   18.801
22:55:48.042 python3        2650193 nvme1n1 WS   612544928  131072   18.881
22:55:48.042 python3        2650193 nvme1n1 WS   612545184  131072   18.971
22:55:48.042 python3        2650193 nvme1n1 WS   612545440  131072   19.046
22:55:48.042 python3        2650193 nvme1n1 WS   612545696  69632    19.081
22:55:48.042 python3        2650193 nvme1n1 WS   612545832  131072   19.161
22:55:48.042 python3        2650193 nvme1n1 WS   612546088  131072   19.238
22:55:48.042 python3        2650192 nvme1n1 WS   1659871744 131072   18.648
22:55:48.042 python3        2650192 nvme1n1 WS   1659872000 131072   18.721
22:55:48.042 python3        2650192 nvme1n1 WS   1659872256 131072   18.786
22:55:48.043 python3        2650192 nvme1n1 WS   1659872512 131072   18.894
22:55:48.043 python3        2650192 nvme1n1 WS   1659872768 131072   18.966
22:55:48.043 python3        2650192 nvme1n1 WS   1659873024 131072   19.038
22:55:48.043 python3        2650192 nvme1n1 WS   1659873280 131072   19.110
22:55:48.043 python3        2650192 nvme1n1 WS   1659873536 131072   19.164
22:55:48.043 python3        2650192 nvme1n1 WS   1659873792 131072   19.235
22:55:48.043 python3        2650192 nvme1n1 WS   1659874048 131072   19.313
22:55:48.043 python3        2650192 nvme1n1 WS   1659874304 131072   19.389
22:55:48.043 python3        2650192 nvme1n1 WS   1659874560 131072   19.467
22:55:48.043 python3        2650192 nvme1n1 WS   1659874816 131072   19.545
22:55:48.043 python3        2650192 nvme1n1 WS   1659875072 131072   19.592
22:55:48.043 python3        2650192 nvme1n1 WS   1659644416 131072   19.676
22:55:48.044 python3        2650192 nvme1n1 WS   1659644672 131072   19.632
22:55:48.044 python3        2650192 nvme1n1 WS   1659929088 131072   19.701
22:55:48.044 python3        2650192 nvme1n1 WS   1659929344 131072   19.779
22:55:48.044 python3        2650192 nvme1n1 WS   1648620288 131072   19.157
22:55:48.044 python3        2650192 nvme1n1 WS   1648620544 131072   19.228
22:55:48.044 python3        2650192 nvme1n1 WS   1648620800 131072   19.301
22:55:48.044 python3        2650192 nvme1n1 WS   1648621056 131072   19.377
22:55:48.044 python3        2650192 nvme1n1 WS   1648621312 131072   19.459
22:55:48.044 python3        2650192 nvme1n1 WS   1648621568 131072   19.538
22:55:48.044 python3        2650192 nvme1n1 WS   1648621824 131072   19.628
22:55:48.044 python3        2650192 nvme1n1 WS   1648622080 131072   19.730
22:55:48.045 python3        2650192 nvme1n1 WS   1648622336 131072   19.852
22:55:48.045 python3        2650192 nvme1n1 WS   1648622592 131072   19.975
22:55:48.045 python3        2650192 nvme1n1 WS   1648622848 131072   20.097
22:55:48.045 python3        2650192 nvme1n1 WS   1648623104 131072   20.225
22:55:48.045 python3        2650192 nvme1n1 WS   1648623360 131072   20.336
22:55:48.045 python3        2650192 nvme1n1 WS   1658119824 131072   20.472
22:55:48.045 python3        2650192 nvme1n1 WS   1658120080 131072   20.624
22:55:48.046 python3        2650192 nvme1n1 WS   1658120336 131072   20.650
22:55:48.046 python3        2650192 nvme1n1 WS   1659168256 131072   20.793
22:55:48.046 python3        2650192 nvme1n1 WS   1659168512 131072   20.928
22:55:48.046 python3        2650194 nvme1n1 WS   1659879936 131072   19.062
22:55:48.046 python3        2650194 nvme1n1 WS   1659880192 131072   19.177
22:55:48.046 python3        2650194 nvme1n1 WS   1659880448 131072   19.268
22:55:48.046 python3        2650194 nvme1n1 WS   1659880704 131072   19.342
22:55:48.046 python3        2650194 nvme1n1 WS   1659880960 131072   19.418
22:55:48.046 python3        2650194 nvme1n1 WS   1659881216 131072   19.495
22:55:48.046 python3        2650194 nvme1n1 WS   1659881472 131072   19.569
22:55:48.047 python3        2650194 nvme1n1 WS   1659881728 131072   19.594
22:55:48.047 python3        2650194 nvme1n1 WS   1659881984 131072   19.668
22:55:48.047 python3        2650194 nvme1n1 WS   1659882240 131072   19.742
22:55:48.047 python3        2650194 nvme1n1 WS   1659882496 131072   19.815
22:55:48.047 python3        2650194 nvme1n1 WS   1659882752 131072   19.825
22:55:48.047 python3        2650194 nvme1n1 WS   1659883008 131072   19.897
22:55:48.047 python3        2650194 nvme1n1 WS   1659883264 131072   19.956
22:55:48.047 python3        2650194 nvme1n1 WS   1659651584 131072   20.025
22:55:48.047 python3        2650194 nvme1n1 WS   1659651840 131072   19.929
22:55:48.047 python3        2650194 nvme1n1 WS   1659937280 131072   20.003
22:55:48.047 python3        2650194 nvme1n1 WS   1659937536 131072   20.079
22:55:48.047 python3        2650193 nvme1n1 WS   1674428928 131072   19.873
22:55:48.047 python3        2650193 nvme1n1 WS   1674429184 131072   19.918
22:55:48.048 python3        2650193 nvme1n1 WS   1674429440 131072   19.979
22:55:48.048 python3        2650193 nvme1n1 WS   1674429696 131072   20.038
22:55:48.048 python3        2650193 nvme1n1 WS   1674429952 131072   20.156
22:55:48.048 python3        2650193 nvme1n1 WS   1674430208 131072   20.282
22:55:48.048 python3        2650193 nvme1n1 WS   1674430464 131072   20.410
22:55:48.048 python3        2650193 nvme1n1 WS   1674430720 131072   20.517
22:55:48.048 python3        2650193 nvme1n1 WS   1674430976 131072   20.591
22:55:48.048 python3        2650193 nvme1n1 WS   1674431232 131072   20.671
22:55:48.048 python3        2650193 nvme1n1 WS   1674431488 131072   20.744
22:55:48.048 python3        2650193 nvme1n1 WS   1674431744 131072   20.856
22:55:48.049 python3        2650193 nvme1n1 WS   1674432000 131072   20.931
22:55:48.049 python3        2650193 nvme1n1 WS   1674432256 131072   20.982
22:55:48.049 python3        2650193 nvme1n1 WS   1674437120 131072   21.065
22:55:48.049 python3        2650193 nvme1n1 WS   1674437376 131072   20.990
22:55:48.049 python3        2650193 nvme1n1 WS   1674437632 131072   21.067
22:55:48.049 python3        2650193 nvme1n1 WS   1674437888 131072   21.143
22:55:48.049 python3        2650191 nvme1n1 WS   1674449408 131072   19.185
22:55:48.049 python3        2650191 nvme1n1 WS   1674449664 131072   19.251
22:55:48.049 python3        2650191 nvme1n1 WS   1674449920 131072   19.335
22:55:48.049 python3        2650191 nvme1n1 WS   1674450176 131072   19.400
22:55:48.049 python3        2650191 nvme1n1 WS   1674450432 131072   19.512
22:55:48.050 python3        2650191 nvme1n1 WS   1674450688 131072   19.637
22:55:48.050 python3        2650191 nvme1n1 WS   1674450944 131072   19.762
22:55:48.050 python3        2650191 nvme1n1 WS   1674451200 131072   19.859
22:55:48.050 python3        2650191 nvme1n1 WS   1674451456 131072   19.985
22:55:48.050 python3        2650191 nvme1n1 WS   1674451712 131072   20.123
22:55:48.050 python3        2650191 nvme1n1 WS   1674451968 131072   20.249
22:55:48.050 python3        2650191 nvme1n1 WS   1674452224 131072   20.381
22:55:48.051 python3        2650191 nvme1n1 WS   1674452480 131072   20.508
22:55:48.051 python3        2650191 nvme1n1 WS   1674452736 131072   20.563
22:55:48.051 python3        2650191 nvme1n1 WS   1674455552 131072   20.639
22:55:48.051 python3        2650191 nvme1n1 WS   1674455808 131072   20.539
22:55:48.051 python3        2650191 nvme1n1 WS   1674461696 131072   20.613
22:55:48.051 python3        2650191 nvme1n1 WS   1674461952 131072   20.693
22:55:48.051 python3        2650191 nvme1n1 WS   1659945472 131072   20.516
22:55:48.051 python3        2650191 nvme1n1 WS   1659945728 131072   20.639
22:55:48.051 python3        2650191 nvme1n1 WS   1659945984 131072   20.766
22:55:48.051 python3        2650191 nvme1n1 WS   1659946240 131072   20.888
22:55:48.051 python3        2650191 nvme1n1 WS   1659946496 131072   21.014
22:55:48.052 python3        2650191 nvme1n1 WS   1659946752 131072   21.139
22:55:48.052 python3        2650191 nvme1n1 WS   1659947008 131072   21.274
22:55:48.052 python3        2650191 nvme1n1 WS   1659947264 131072   21.371
22:55:48.052 python3        2650191 nvme1n1 WS   1659947520 131072   21.505
22:55:48.052 python3        2650191 nvme1n1 WS   1659947776 131072   21.619
22:55:48.052 python3        2650191 nvme1n1 WS   1659948032 131072   21.659
22:55:48.052 python3        2650191 nvme1n1 WS   1659948288 131072   21.734
22:55:48.052 python3        2650191 nvme1n1 WS   1659948544 131072   21.807
22:55:48.053 python3        2650191 nvme1n1 WS   1659948800 131072   21.861
22:55:48.053 python3        2650191 nvme1n1 WS   1659910144 131072   21.931
22:55:48.053 python3        2650191 nvme1n1 WS   1659910400 131072   21.845
22:55:48.053 python3        2650191 nvme1n1 WS   1659953664 131072   21.921
22:55:48.053 python3        2650191 nvme1n1 WS   1659953920 131072   22.000
22:55:48.055 python3        2650191 nvme1n1 WS   1659961856 131072   19.342
22:55:48.055 python3        2650191 nvme1n1 WS   1659962112 131072   19.406
22:55:48.055 python3        2650191 nvme1n1 WS   1659962368 131072   19.481
22:55:48.055 python3        2650191 nvme1n1 WS   1659962624 131072   19.558
22:55:48.055 python3        2650191 nvme1n1 WS   1659962880 131072   19.628
22:55:48.055 python3        2650191 nvme1n1 WS   1659963136 131072   19.703
22:55:48.055 python3        2650191 nvme1n1 WS   1659963392 131072   19.777
22:55:48.055 python3        2650191 nvme1n1 WS   1659963648 131072   19.823
22:55:48.055 python3        2650191 nvme1n1 WS   1659963904 131072   19.901
22:55:48.055 python3        2650191 nvme1n1 WS   1659964160 131072   19.976
22:55:48.055 python3        2650191 nvme1n1 WS   1659964416 131072   20.051
22:55:48.055 python3        2650191 nvme1n1 WS   1659964672 131072   20.124
22:55:48.055 python3        2650191 nvme1n1 WS   1659964928 131072   20.199
22:55:48.055 python3        2650191 nvme1n1 WS   1659965184 131072   20.250
22:55:48.055 python3        2650191 nvme1n1 WS   1659922944 131072   20.331
22:55:48.055 python3        2650191 nvme1n1 WS   1659923200 131072   20.284
22:55:48.055 python3        2650191 nvme1n1 WS   1659970048 131072   20.360
22:55:48.055 python3        2650191 nvme1n1 WS   1659970304 131072   20.443
22:55:48.055 python3        2650193 nvme1n1 WS   1659978240 131072   19.845
22:55:48.055 python3        2650193 nvme1n1 WS   1659978496 131072   19.997
22:55:48.055 python3        2650193 nvme1n1 WS   1659978752 131072   20.118
22:55:48.055 python3        2650193 nvme1n1 WS   1659979008 131072   20.239
22:55:48.055 python3        2650193 nvme1n1 WS   1659979264 131072   20.363
22:55:48.055 python3        2650193 nvme1n1 WS   1659979520 131072   20.489
22:55:48.055 python3        2650193 nvme1n1 WS   1659979776 131072   20.616
22:55:48.055 python3        2650193 nvme1n1 WS   1659980032 131072   20.717
22:55:48.055 python3        2650193 nvme1n1 WS   1659980288 131072   20.847
22:55:48.056 python3        2650193 nvme1n1 WS   1659980544 131072   20.935
22:55:48.056 python3        2650193 nvme1n1 WS   1659980800 131072   21.011
22:55:48.056 python3        2650193 nvme1n1 WS   1659981056 131072   21.087
22:55:48.056 python3        2650193 nvme1n1 WS   1659981312 131072   21.166
22:55:48.056 python3        2650193 nvme1n1 WS   1659981568 131072   21.220
22:55:48.056 python3        2650193 nvme1n1 WS   1659922432 131072   21.296
22:55:48.056 python3        2650193 nvme1n1 WS   1659922688 131072   21.254
22:55:48.056 python3        2650193 nvme1n1 WS   1659986432 131072   21.331
22:55:48.056 python3        2650193 nvme1n1 WS   1659986688 131072   21.405
22:55:48.056 python3        2650194 nvme1n1 WS   1659998720 131072   20.743
22:55:48.057 python3        2650194 nvme1n1 WS   1659998976 131072   20.814
22:55:48.057 python3        2650194 nvme1n1 WS   1659999232 131072   20.896
22:55:48.057 python3        2650194 nvme1n1 WS   1659999488 131072   20.963
22:55:48.057 python3        2650194 nvme1n1 WS   1659999744 131072   21.037
22:55:48.057 python3        2650194 nvme1n1 WS   1660000000 131072   21.118
22:55:48.057 python3        2650194 nvme1n1 WS   1660000256 131072   21.198
22:55:48.057 python3        2650194 nvme1n1 WS   1660000512 131072   21.262
22:55:48.057 python3        2650194 nvme1n1 WS   1660000768 131072   21.343
22:55:48.057 python3        2650194 nvme1n1 WS   1660001024 131072   21.419
22:55:48.057 python3        2650194 nvme1n1 WS   1660001280 131072   21.493
22:55:48.057 python3        2650194 nvme1n1 WS   1660001536 131072   21.572
22:55:48.057 python3        2650194 nvme1n1 WS   1660001792 131072   21.664
22:55:48.057 python3        2650194 nvme1n1 WS   1660002048 131072   21.775
22:55:48.057 python3        2650194 nvme1n1 WS   1659931136 131072   21.903
22:55:48.058 python3        2650194 nvme1n1 WS   1659931392 131072   21.949
22:55:48.058 python3        2650194 nvme1n1 WS   1660002816 131072   22.079
22:55:48.058 python3        2650194 nvme1n1 WS   1660003072 131072   22.203
22:55:48.058 python3        2650194 nvme1n1 WS   1660011008 131072   20.684
22:55:48.058 python3        2650194 nvme1n1 WS   1660011264 131072   20.811
22:55:48.058 python3        2650194 nvme1n1 WS   1660011520 131072   20.934
22:55:48.058 python3        2650194 nvme1n1 WS   1660011776 131072   21.074
22:55:48.059 python3        2650194 nvme1n1 WS   1660012032 131072   21.202
22:55:48.059 python3        2650194 nvme1n1 WS   1660012288 131072   21.337
22:55:48.059 python3        2650194 nvme1n1 WS   1660012544 131072   21.466
22:55:48.059 python3        2650194 nvme1n1 WS   1660012800 131072   21.533
22:55:48.059 python3        2650194 nvme1n1 WS   1660013056 131072   21.610
22:55:48.059 python3        2650194 nvme1n1 WS   1660013312 131072   21.674
22:55:48.059 python3        2650194 nvme1n1 WS   1660013568 131072   21.736
22:55:48.059 python3        2650194 nvme1n1 WS   1660013824 131072   21.796
22:55:48.059 python3        2650194 nvme1n1 WS   1660014080 131072   21.863
22:55:48.059 python3        2650192 nvme1n1 WS   1660019200 131072   21.965
22:55:48.059 python3        2650192 nvme1n1 WS   1660019456 131072   22.043
22:55:48.060 python3        2650194 nvme1n1 WS   1660014336 131072   22.114
22:55:48.060 python3        2650192 nvme1n1 WS   1660019712 131072   22.195
22:55:48.060 python3        2650194 nvme1n1 WS   1659939328 131072   22.271
22:55:48.060 python3        2650192 nvme1n1 WS   1660019968 131072   22.372
22:55:48.060 python3        2650192 nvme1n1 WS   1660020224 131072   22.442
22:55:48.060 python3        2650192 nvme1n1 WS   1660020480 131072   22.526
22:55:48.060 python3        2650192 nvme1n1 WS   1660020736 131072   22.598
22:55:48.060 python3        2650192 nvme1n1 WS   1660020992 131072   22.654
22:55:48.060 python3        2650192 nvme1n1 WS   1660021248 131072   22.736
22:55:48.060 python3        2650192 nvme1n1 WS   1660021504 131072   22.802
22:55:48.060 python3        2650192 nvme1n1 WS   1660021760 131072   22.865
22:55:48.060 python3        2650192 nvme1n1 WS   1660022016 131072   22.927
22:55:48.060 python3        2650192 nvme1n1 WS   1660022272 131072   23.033
22:55:48.061 python3        2650192 nvme1n1 WS   1660022528 131072   23.062
22:55:48.061 python3        2650192 nvme1n1 WS   1659955712 131072   23.126
22:55:48.061 python3        2650194 nvme1n1 WS   1659939584 131072   23.147
22:55:48.061 python3        2650194 nvme1n1 WS   1660027392 131072   23.195
22:55:48.061 python3        2650194 nvme1n1 WS   1660027648 131072   23.275
22:55:48.061 python3        2650192 nvme1n1 WS   1659955968 131072   23.322
22:55:48.061 python3        2650192 nvme1n1 WS   1660035584 131072   23.446
22:55:48.061 python3        2650192 nvme1n1 WS   1660035840 131072   23.571
22:55:48.062 python3        2650194 nvme1n1 WS   1660043776 131072   21.052
22:55:48.062 python3        2650194 nvme1n1 WS   1660044032 131072   21.190
22:55:48.062 python3        2650194 nvme1n1 WS   1660044288 131072   21.337
22:55:48.062 python3        2650194 nvme1n1 WS   1660044544 131072   21.472
22:55:48.062 python3        2650194 nvme1n1 WS   1660044800 131072   21.603
22:55:48.062 python3        2650194 nvme1n1 WS   1660045056 131072   21.703
22:55:48.062 python3        2650194 nvme1n1 WS   1660045312 131072   21.768
22:55:48.062 python3        2650194 nvme1n1 WS   1660045568 131072   21.827
22:55:48.062 python3        2650194 nvme1n1 WS   1660045824 131072   21.909
22:55:48.062 python3        2650194 nvme1n1 WS   1660046080 131072   21.990
22:55:48.062 python3        2650194 nvme1n1 WS   1660046336 131072   22.065
22:55:48.063 python3        2650194 nvme1n1 WS   1660046592 131072   22.145
22:55:48.063 python3        2650194 nvme1n1 WS   1660046848 131072   22.210
22:55:48.063 python3        2650194 nvme1n1 WS   1660047104 131072   22.280
22:55:48.063 python3        2650194 nvme1n1 WS   1659972096 131072   22.388
22:55:48.063 python3        2650194 nvme1n1 WS   1659972352 131072   22.365
22:55:48.063 python3        2650194 nvme1n1 WS   1660051968 131072   22.428
22:55:48.063 python3        2650194 nvme1n1 WS   1660052224 131072   22.535
22:55:48.063 python3        2650193 nvme1n1 WS   1660060160 131072   21.219
22:55:48.063 python3        2650193 nvme1n1 WS   1660060416 131072   21.293
22:55:48.063 python3        2650193 nvme1n1 WS   1660060672 131072   21.371
22:55:48.063 python3        2650193 nvme1n1 WS   1660060928 131072   21.450
22:55:48.064 python3        2650193 nvme1n1 WS   1660061184 131072   21.576
22:55:48.064 python3        2650193 nvme1n1 WS   1660061440 131072   21.700
22:55:48.064 python3        2650193 nvme1n1 WS   1660061696 131072   21.824
22:55:48.064 python3        2650193 nvme1n1 WS   1660061952 131072   21.900
22:55:48.064 python3        2650193 nvme1n1 WS   1660062208 131072   22.001
22:55:48.064 python3        2650193 nvme1n1 WS   1660062464 131072   22.066
22:55:48.064 python3        2650193 nvme1n1 WS   1660062720 131072   22.125
22:55:48.064 python3        2650193 nvme1n1 WS   1660062976 131072   22.242
22:55:48.064 python3        2650193 nvme1n1 WS   1660063232 131072   22.319
22:55:48.064 python3        2650193 nvme1n1 WS   1660063488 131072   22.415
22:55:48.065 python3        2650193 nvme1n1 WS   1659988480 131072   22.541
22:55:48.065 python3        2650191 nvme1n1 WS   1660068352 131072   22.533
22:55:48.065 python3        2650191 nvme1n1 WS   1660068608 131072   22.655
22:55:48.065 python3        2650191 nvme1n1 WS   1660068864 131072   22.778
22:55:48.065 python3        2650191 nvme1n1 WS   1660069120 131072   22.918
22:55:48.065 python3        2650191 nvme1n1 WS   1660069376 131072   23.055
22:55:48.065 python3        2650191 nvme1n1 WS   1660069632 131072   23.198
22:55:48.066 python3        2650191 nvme1n1 WS   1660069888 131072   23.341
22:55:48.066 python3        2650193 nvme1n1 WS   1659988736 131072   23.489
22:55:48.066 python3        2650193 nvme1n1 WS   1660080640 131072   23.623
22:55:48.066 python3        2650193 nvme1n1 WS   1660080896 131072   23.751
22:55:48.066 python3        2650191 nvme1n1 WS   1660070144 131072   23.811
22:55:48.066 python3        2650191 nvme1n1 WS   1660070400 131072   23.891
22:55:48.066 python3        2650191 nvme1n1 WS   1660070656 131072   23.957
22:55:48.066 python3        2650191 nvme1n1 WS   1660070912 131072   24.035
22:55:48.066 python3        2650191 nvme1n1 WS   1660071168 131072   24.162
22:55:48.067 python3        2650191 nvme1n1 WS   1660071424 131072   24.258
22:55:48.067 python3        2650191 nvme1n1 WS   1660071680 131072   24.313
22:55:48.067 python3        2650191 nvme1n1 WS   1660004864 131072   24.393
22:55:48.067 python3        2650191 nvme1n1 WS   1660005120 131072   24.322
22:55:48.067 python3        2650191 nvme1n1 WS   1660084736 131072   24.394
22:55:48.067 python3        2650191 nvme1n1 WS   1660084992 131072   24.498
22:55:48.067 python3        2650192 nvme1n1 WS   1660092928 131072   23.649
22:55:48.067 python3        2650192 nvme1n1 WS   1660093184 131072   23.712
22:55:48.067 python3        2650192 nvme1n1 WS   1660093440 131072   23.789
22:55:48.067 python3        2650192 nvme1n1 WS   1660093696 131072   23.861
22:55:48.067 python3        2650192 nvme1n1 WS   1660093952 131072   23.932
22:55:48.067 python3        2650192 nvme1n1 WS   1660094208 131072   24.006
22:55:48.068 python3        2650192 nvme1n1 WS   1660094464 131072   24.083
22:55:48.068 python3        2650192 nvme1n1 WS   1660094720 131072   24.132
22:55:48.068 python3        2650192 nvme1n1 WS   1660094976 131072   24.210
22:55:48.068 python3        2650192 nvme1n1 WS   1660095232 131072   24.277
22:55:48.068 python3        2650192 nvme1n1 WS   1660095488 131072   24.402
22:55:48.068 python3        2650192 nvme1n1 WS   1660095744 131072   24.526
22:55:48.068 python3        2650192 nvme1n1 WS   1660096000 131072   24.651
22:55:48.068 python3        2650192 nvme1n1 WS   1660096256 131072   24.747
22:55:48.068 python3        2650192 nvme1n1 WS   1660029440 131072   24.874
22:55:48.069 python3        2650192 nvme1n1 WS   1660029696 131072   24.850
22:55:48.069 python3        2650192 nvme1n1 WS   1660175360 131072   24.990
22:55:48.069 python3        2650192 nvme1n1 WS   1660175616 131072   25.128
22:55:48.069 python3        2650192 nvme1n1 WS   1660101120 131072   23.708
22:55:48.069 python3        2650192 nvme1n1 WS   1660101376 131072   23.844
22:55:48.069 python3        2650192 nvme1n1 WS   1660101632 131072   23.990
22:55:48.069 python3        2650192 nvme1n1 WS   1660101888 131072   24.116
22:55:48.070 python3        2650192 nvme1n1 WS   1660102144 131072   24.225
22:55:48.070 python3        2650192 nvme1n1 WS   1660102400 131072   24.305
22:55:48.070 python3        2650192 nvme1n1 WS   1660102656 131072   24.388
22:55:48.070 python3        2650192 nvme1n1 WS   1660102912 131072   24.440
22:55:48.070 python3        2650192 nvme1n1 WS   1660103168 131072   24.514
22:55:48.070 python3        2650192 nvme1n1 WS   1660103424 131072   24.591
22:55:48.070 python3        2650192 nvme1n1 WS   1660103680 131072   24.662
22:55:48.070 python3        2650192 nvme1n1 WS   1660103936 131072   24.735
22:55:48.070 python3        2650192 nvme1n1 WS   1660104192 131072   24.813
22:55:48.070 python3        2650192 nvme1n1 WS   1660104448 131072   24.868
22:55:48.070 python3        2650192 nvme1n1 WS   1659930624 131072   24.943
22:55:48.070 python3        2650192 nvme1n1 WS   1659930880 131072   24.899
22:55:48.071 python3        2650192 nvme1n1 WS   1660191232 131072   24.975
22:55:48.071 python3        2650192 nvme1n1 WS   1660191488 131072   25.056
22:55:48.071 python3        2650193 nvme1n1 WS   1660109312 131072   25.158
22:55:48.071 python3        2650193 nvme1n1 WS   1660109568 131072   25.222
22:55:48.071 python3        2650193 nvme1n1 WS   1660109824 131072   25.302
22:55:48.071 python3        2650193 nvme1n1 WS   1660110080 131072   25.377
22:55:48.071 python3        2650193 nvme1n1 WS   1660110336 131072   25.503
22:55:48.071 python3        2650193 nvme1n1 WS   1660110592 131072   25.630
22:55:48.071 python3        2650193 nvme1n1 WS   1660110848 131072   25.755
22:55:48.071 python3        2650193 nvme1n1 WS   1660111104 131072   25.856
22:55:48.072 python3        2650193 nvme1n1 WS   1660111360 131072   25.980
22:55:48.072 python3        2650193 nvme1n1 WS   1660111616 131072   26.103
22:55:48.072 python3        2650193 nvme1n1 WS   1660111872 131072   26.231
22:55:48.072 python3        2650193 nvme1n1 WS   1660112128 131072   26.378
22:55:48.072 python3        2650193 nvme1n1 WS   1660112384 131072   26.506
22:55:48.072 python3        2650193 nvme1n1 WS   1660112640 131072   26.619
22:55:48.072 python3        2650193 nvme1n1 WS   1660037632 131072   26.746
22:55:48.073 python3        2650193 nvme1n1 WS   1660037888 131072   26.763
22:55:48.073 python3        2650192 nvme1n1 WS   1660117504 131072   25.603
22:55:48.073 python3        2650192 nvme1n1 WS   1660117760 131072   25.671
22:55:48.073 python3        2650192 nvme1n1 WS   1660118016 131072   25.750
22:55:48.073 python3        2650192 nvme1n1 WS   1660118272 131072   25.822
22:55:48.073 python3        2650192 nvme1n1 WS   1660118528 131072   25.901
22:55:48.073 python3        2650192 nvme1n1 WS   1660118784 131072   25.977
22:55:48.073 python3        2650192 nvme1n1 WS   1660119040 131072   26.051
22:55:48.073 python3        2650192 nvme1n1 WS   1660119296 131072   26.097
22:55:48.073 python3        2650192 nvme1n1 WS   1660119552 131072   26.168
22:55:48.073 python3        2650192 nvme1n1 WS   1660119808 131072   26.278
22:55:48.073 python3        2650192 nvme1n1 WS   1660120064 131072   26.356
22:55:48.074 python3        2650192 nvme1n1 WS   1660120320 131072   26.420
22:55:48.074 python3        2650193 nvme1n1 WS   1660195328 131072   27.845
22:55:48.074 python3        2650193 nvme1n1 WS   1660195584 131072   27.920
22:55:48.074 python3        2650192 nvme1n1 WS   1660120576 131072   26.665
22:55:48.074 python3        2650192 nvme1n1 WS   1660120832 131072   26.711
22:55:48.074 python3        2650192 nvme1n1 WS   1660054016 131072   26.785
22:55:48.074 python3        2650192 nvme1n1 WS   1660054272 131072   26.727
22:55:48.074 python3        2650192 nvme1n1 WS   1660207616 131072   26.800
22:55:48.074 python3        2650192 nvme1n1 WS   1660207872 131072   26.881
22:55:48.074 python3        2650194 nvme1n1 WS   1674473984 131072   25.497
22:55:48.074 python3        2650194 nvme1n1 WS   1674474240 131072   25.569
22:55:48.074 python3        2650194 nvme1n1 WS   1674474496 131072   25.650
22:55:48.075 python3        2650194 nvme1n1 WS   1674474752 131072   25.742
22:55:48.075 python3        2650194 nvme1n1 WS   1674475008 131072   25.817
22:55:48.075 python3        2650194 nvme1n1 WS   1674475264 131072   25.897
22:55:48.075 python3        2650194 nvme1n1 WS   1674475520 131072   25.960
22:55:48.075 python3        2650194 nvme1n1 WS   1674475776 131072   26.037
22:55:48.075 python3        2650194 nvme1n1 WS   1674476032 131072   26.163
22:55:48.075 python3        2650194 nvme1n1 WS   1674476288 131072   26.288
22:55:48.075 python3        2650194 nvme1n1 WS   1674476544 131072   26.413
22:55:48.075 python3        2650194 nvme1n1 WS   1674476800 131072   26.536
22:55:48.076 python3        2650194 nvme1n1 WS   1674477056 131072   26.681
22:55:48.076 python3        2650194 nvme1n1 WS   1674477312 131072   26.795
22:55:48.076 python3        2650194 nvme1n1 WS   1674344960 131072   26.936
22:55:48.076 python3        2650194 nvme1n1 WS   1674345216 131072   26.927
22:55:48.076 python3        2650194 nvme1n1 WS   1674490368 131072   27.070
22:55:48.076 python3        2650194 nvme1n1 WS   1674490624 131072   27.212
22:55:48.076 python3        2650193 nvme1n1 WS   1674498560 131072   24.359
22:55:48.077 python3        2650193 nvme1n1 WS   1674498816 131072   24.496
22:55:48.077 python3        2650193 nvme1n1 WS   1674499072 131072   24.638
22:55:48.077 python3        2650193 nvme1n1 WS   1674499328 131072   24.766
22:55:48.077 python3        2650193 nvme1n1 WS   1674499584 131072   24.863
22:55:48.077 python3        2650193 nvme1n1 WS   1674499840 131072   24.945
22:55:48.077 python3        2650193 nvme1n1 WS   1674500096 131072   25.021
22:55:48.077 python3        2650193 nvme1n1 WS   1674500352 131072   25.075
22:55:48.077 python3        2650193 nvme1n1 WS   1674500608 131072   25.150
22:55:48.077 python3        2650193 nvme1n1 WS   1674500864 131072   25.230
22:55:48.077 python3        2650193 nvme1n1 WS   1674501120 131072   25.312
22:55:48.077 python3        2650193 nvme1n1 WS   1674501376 131072   25.390
22:55:48.078 python3        2650193 nvme1n1 WS   1674501632 131072   25.461
22:55:48.078 python3        2650193 nvme1n1 WS   1674501888 131072   25.512
22:55:48.078 python3        2650193 nvme1n1 WS   1674369536 131072   25.588
22:55:48.078 python3        2650193 nvme1n1 WS   1674369792 131072   25.536
22:55:48.078 python3        2650193 nvme1n1 WS   1674580480 131072   25.616
22:55:48.079 python3        2650193 nvme1n1 WS   1674580736 131072   25.696
22:55:48.079 python3        2650191 nvme1n1 WS   1660125696 131072   25.511
22:55:48.079 python3        2650191 nvme1n1 WS   1660125952 131072   25.580
22:55:48.079 python3        2650191 nvme1n1 WS   1660126208 131072   25.659
22:55:48.079 python3        2650191 nvme1n1 WS   1660126464 131072   25.721
22:55:48.079 python3        2650191 nvme1n1 WS   1660126720 131072   25.783
22:55:48.079 python3        2650191 nvme1n1 WS   1660126976 131072   25.846
22:55:48.079 python3        2650191 nvme1n1 WS   1660127232 131072   25.906
22:55:48.079 python3        2650191 nvme1n1 WS   1660127488 131072   25.940
22:55:48.079 python3        2650191 nvme1n1 WS   1660127744 131072   26.035
22:55:48.079 python3        2650191 nvme1n1 WS   1660128000 131072   26.173
22:55:48.079 python3        2650191 nvme1n1 WS   1660128256 131072   26.315
22:55:48.080 python3        2650191 nvme1n1 WS   1660128512 131072   26.456
22:55:48.080 python3        2650191 nvme1n1 WS   1660128768 131072   26.591
22:55:48.080 python3        2650191 nvme1n1 WS   1660129024 131072   26.690
22:55:48.080 python3        2650191 nvme1n1 WS   1659938816 131072   26.822
22:55:48.080 python3        2650191 nvme1n1 WS   1659939072 131072   26.832
22:55:48.080 python3        2650191 nvme1n1 WS   1660215808 131072   26.895
22:55:48.080 python3        2650191 nvme1n1 WS   1660216064 131072   26.975
22:55:48.080 python3        2650191 nvme1n1 WS   1660133888 131072   24.144
22:55:48.080 python3        2650191 nvme1n1 WS   1660134144 131072   24.214
22:55:48.080 python3        2650191 nvme1n1 WS   1660134400 131072   24.292
22:55:48.080 python3        2650191 nvme1n1 WS   1660134656 131072   24.368
22:55:48.080 python3        2650191 nvme1n1 WS   1660134912 131072   24.444
22:55:48.080 python3        2650191 nvme1n1 WS   1660135168 131072   24.519
22:55:48.080 python3        2650191 nvme1n1 WS   1660135424 131072   24.595
22:55:48.080 python3        2650191 nvme1n1 WS   1660135680 131072   24.646
22:55:48.080 python3        2650191 nvme1n1 WS   1660135936 131072   24.723
22:55:48.081 python3        2650191 nvme1n1 WS   1660136192 131072   24.789
22:55:48.081 python3        2650191 nvme1n1 WS   1660136448 131072   24.849
22:55:48.081 python3        2650191 nvme1n1 WS   1660136704 131072   24.938
22:55:48.081 python3        2650191 nvme1n1 WS   1660136960 131072   25.062
22:55:48.081 python3        2650191 nvme1n1 WS   1660137216 131072   25.150
22:55:48.081 python3        2650191 nvme1n1 WS   1659955200 131072   25.230
22:55:48.081 python3        2650191 nvme1n1 WS   1659955456 131072   25.198
22:55:48.081 python3        2650191 nvme1n1 WS   1660224000 131072   25.284
22:55:48.081 python3        2650191 nvme1n1 WS   1660224256 131072   25.367
22:55:48.081 python3        2650191 nvme1n1 WS   1660142080 131072   24.608
22:55:48.081 python3        2650191 nvme1n1 WS   1660142336 131072   24.700
22:55:48.082 python3        2650191 nvme1n1 WS   1660142592 131072   24.824
22:55:48.082 python3        2650191 nvme1n1 WS   1660142848 131072   24.950
22:55:48.082 python3        2650191 nvme1n1 WS   1660143104 131072   25.072
22:55:48.082 python3        2650191 nvme1n1 WS   1660143360 131072   25.196
22:55:48.082 python3        2650191 nvme1n1 WS   1660143616 131072   25.338
22:55:48.082 python3        2650191 nvme1n1 WS   1660143872 131072   25.456
22:55:48.082 python3        2650191 nvme1n1 WS   1660144128 131072   25.595
22:55:48.083 python3        2650191 nvme1n1 WS   1660144384 131072   25.736
22:55:48.083 python3        2650191 nvme1n1 WS   1660144640 131072   25.878
22:55:48.083 python3        2650191 nvme1n1 WS   1660144896 131072   26.011
22:55:48.083 python3        2650191 nvme1n1 WS   1660145152 131072   26.129
22:55:48.083 python3        2650191 nvme1n1 WS   1660145408 131072   26.186
22:55:48.083 python3        2650191 nvme1n1 WS   1659971584 131072   26.272
22:55:48.083 python3        2650191 nvme1n1 WS   1659971840 131072   26.202
22:55:48.083 python3        2650191 nvme1n1 WS   1660232192 131072   26.301
22:55:48.083 python3        2650191 nvme1n1 WS   1660232448 131072   26.362
22:55:48.083 python3        2650193 nvme1n1 WS   1660150272 131072   25.062
22:55:48.084 python3        2650193 nvme1n1 WS   1660150528 131072   25.132
22:55:48.084 python3        2650193 nvme1n1 WS   1660150784 131072   25.214
22:55:48.084 python3        2650193 nvme1n1 WS   1660151040 131072   25.285
22:55:48.084 python3        2650193 nvme1n1 WS   1660151296 131072   25.357
22:55:48.084 python3        2650193 nvme1n1 WS   1660151552 131072   25.431
22:55:48.084 python3        2650193 nvme1n1 WS   1660151808 131072   25.506
22:55:48.084 python3        2650193 nvme1n1 WS   1660152064 131072   25.555
22:55:48.084 python3        2650193 nvme1n1 WS   1660152320 131072   25.634
22:55:48.084 python3        2650193 nvme1n1 WS   1660152576 131072   25.706
22:55:48.084 python3        2650193 nvme1n1 WS   1660152832 131072   25.784
22:55:48.084 python3        2650193 nvme1n1 WS   1660153088 131072   25.858
22:55:48.084 python3        2650193 nvme1n1 WS   1660153344 131072   25.935
22:55:48.085 python3        2650193 nvme1n1 WS   1660153600 131072   25.991
22:55:48.085 python3        2650193 nvme1n1 WS   1659987968 131072   26.074
22:55:48.085 python3        2650193 nvme1n1 WS   1659988224 131072   26.027
22:55:48.085 python3        2650194 nvme1n1 WS   1660252672 131072   24.996
22:55:48.085 python3        2650194 nvme1n1 WS   1660252928 131072   25.068
22:55:48.085 python3        2650194 nvme1n1 WS   1660253184 131072   25.135
22:55:48.085 python3        2650194 nvme1n1 WS   1660253440 131072   25.195
22:55:48.086 python3        2650194 nvme1n1 WS   1660253696 131072   25.257
22:55:48.086 python3        2650194 nvme1n1 WS   1660253952 131072   25.317
22:55:48.086 python3        2650194 nvme1n1 WS   1660254208 131072   25.402
22:55:48.086 python3        2650194 nvme1n1 WS   1660254464 131072   25.536
22:55:48.086 python3        2650194 nvme1n1 WS   1660254720 131072   25.677
22:55:48.086 python3        2650194 nvme1n1 WS   1660254976 131072   25.818
22:55:48.086 python3        2650194 nvme1n1 WS   1660255232 131072   25.958
22:55:48.086 python3        2650194 nvme1n1 WS   1660255488 131072   26.097
22:55:48.086 python3        2650193 nvme1n1 WS   1660240384 131072   27.432
22:55:48.086 python3        2650193 nvme1n1 WS   1660240640 131072   27.574
22:55:48.086 python3        2650194 nvme1n1 WS   1660255744 131072   26.534
22:55:48.087 python3        2650194 nvme1n1 WS   1660256000 131072   26.637
22:55:48.087 python3        2650194 nvme1n1 WS   1660162048 131072   26.768
22:55:48.087 python3        2650194 nvme1n1 WS   1660162304 131072   26.722
22:55:48.087 python3        2650194 nvme1n1 WS   1660256768 131072   26.798
22:55:48.087 python3        2650194 nvme1n1 WS   1660257024 131072   26.876
22:55:48.087 python3        2650194 nvme1n1 WS   1660273152 131072   24.868
22:55:48.087 python3        2650194 nvme1n1 WS   1660273408 131072   24.947
22:55:48.087 python3        2650194 nvme1n1 WS   1660273664 131072   25.025
22:55:48.087 python3        2650194 nvme1n1 WS   1660273920 131072   25.105
22:55:48.087 python3        2650194 nvme1n1 WS   1660274176 131072   25.184
22:55:48.087 python3        2650194 nvme1n1 WS   1660274432 131072   25.263
22:55:48.088 python3        2650194 nvme1n1 WS   1660274688 131072   25.344
22:55:48.088 python3        2650194 nvme1n1 WS   1660274944 131072   25.396
22:55:48.088 python3        2650194 nvme1n1 WS   1660275200 131072   25.473
22:55:48.088 python3        2650194 nvme1n1 WS   1660275456 131072   25.537
22:55:48.088 python3        2650194 nvme1n1 WS   1660275712 131072   25.610
22:55:48.088 python3        2650194 nvme1n1 WS   1660275968 131072   25.682
22:55:48.088 python3        2650194 nvme1n1 WS   1660276224 131072   25.723
22:55:48.088 python3        2650194 nvme1n1 WS   1660276480 131072   25.760
22:55:48.088 python3        2650194 nvme1n1 WS   1660165632 131072   25.822
22:55:48.088 python3        2650194 nvme1n1 WS   1660165888 131072   25.767
22:55:48.088 python3        2650194 nvme1n1 WS   1660277248 131072   25.878
22:55:48.088 python3        2650194 nvme1n1 WS   1660277504 131072   26.004
22:55:48.089 python3        2650192 nvme1n1 WS   1660281344 131072   25.749
22:55:48.089 python3        2650192 nvme1n1 WS   1660281600 131072   25.863
22:55:48.089 python3        2650192 nvme1n1 WS   1660281856 131072   25.990
22:55:48.089 python3        2650192 nvme1n1 WS   1660282112 131072   26.129
22:55:48.089 python3        2650192 nvme1n1 WS   1660282368 131072   26.269
22:55:48.089 python3        2650192 nvme1n1 WS   1660282624 131072   26.410
22:55:48.089 python3        2650192 nvme1n1 WS   1660282880 131072   26.555
22:55:48.089 python3        2650192 nvme1n1 WS   1660283136 131072   26.659
22:55:48.090 python3        2650192 nvme1n1 WS   1660283392 131072   26.792
22:55:48.090 python3        2650192 nvme1n1 WS   1660283648 131072   26.918
22:55:48.090 python3        2650192 nvme1n1 WS   1660283904 131072   27.012
22:55:48.090 python3        2650192 nvme1n1 WS   1660284160 131072   27.079
22:55:48.090 python3        2650192 nvme1n1 WS   1660284416 131072   27.152
22:55:48.090 python3        2650192 nvme1n1 WS   1660284672 131072   27.194
22:55:48.090 python3        2650192 nvme1n1 WS   1660173824 131072   27.274
22:55:48.090 python3        2650192 nvme1n1 WS   1660174080 131072   27.119
22:55:48.090 python3        2650192 nvme1n1 WS   1660289536 131072   27.211
22:55:48.090 python3        2650192 nvme1n1 WS   1660289792 131072   27.328
22:55:48.091 python3        2650194 nvme1n1 WS   1659634688 131072   23.518
22:55:48.091 python3        2650193 nvme1n1 WS   1660297728 131072   23.603
22:55:48.091 python3        2650194 nvme1n1 WS   1659634944 131072   23.721
22:55:48.091 python3        2650194 nvme1n1 WS   1659635200 131072   23.848
22:55:48.091 python3        2650193 nvme1n1 WS   1660297984 131072   23.983
22:55:48.091 python3        2650193 nvme1n1 WS   1660298240 131072   24.091
22:55:48.091 python3        2650193 nvme1n1 WS   1660298496 131072   24.172
22:55:48.091 python3        2650193 nvme1n1 WS   1660298752 131072   24.250
22:55:48.091 python3        2650193 nvme1n1 WS   1660299008 131072   24.329
22:55:48.091 python3        2650193 nvme1n1 WS   1660299264 131072   24.407
22:55:48.092 python3        2650193 nvme1n1 WS   1660299520 131072   24.453
22:55:48.092 python3        2650194 nvme1n1 WS   1659635456 131072   24.534
22:55:48.092 python3        2650194 nvme1n1 WS   1661015296 131072   24.630
22:55:48.092 python3        2650194 nvme1n1 WS   1661015552 131072   24.786
22:55:48.092 python3        2650194 nvme1n1 WS   1661015808 131072   24.911
22:55:48.092 python3        2650194 nvme1n1 WS   1661016064 131072   25.038
22:55:48.092 python3        2650194 nvme1n1 WS   1661016320 131072   25.163
22:55:48.092 python3        2650194 nvme1n1 WS   1661016576 131072   25.288
22:55:48.093 python3        2650193 nvme1n1 WS   1660299776 131072   25.459
22:55:48.093 python3        2650193 nvme1n1 WS   1660300032 131072   25.600
22:55:48.093 python3        2650193 nvme1n1 WS   1660300288 131072   25.740
22:55:48.093 python3        2650193 nvme1n1 WS   1660300544 131072   25.879
22:55:48.093 python3        2650193 nvme1n1 WS   1660300800 131072   26.019
22:55:48.093 python3        2650193 nvme1n1 WS   1660301056 131072   26.142
22:55:48.093 python3        2650193 nvme1n1 WS   1660178432 131072   26.285
22:55:48.094 python3        2650193 nvme1n1 WS   1660178688 131072   26.309
22:55:48.094 python3        2650193 nvme1n1 WS   1660305920 131072   26.451
22:55:48.094 python3        2650193 nvme1n1 WS   1660306176 131072   26.591
22:55:48.094 python3        2650194 nvme1n1 WS   1661016832 131072   26.869
22:55:48.094 python3        2650194 nvme1n1 WS   1661017088 131072   26.981
22:55:48.094 python3        2650194 nvme1n1 WS   1661017344 131072   27.037
22:55:48.094 python3        2650194 nvme1n1 WS   1661017600 131072   27.121
22:55:48.094 python3        2650194 nvme1n1 WS   1661017856 131072   27.201
22:55:48.094 python3        2650194 nvme1n1 WS   1661018112 131072   27.159
22:55:48.094 python3        2650194 nvme1n1 WS   1661022976 131072   27.235
22:55:48.095 python3        2650194 nvme1n1 WS   1661023232 131072   27.312
22:55:48.095 python3        2650191 nvme1n1 WS   1660318208 131072   25.595
22:55:48.095 python3        2650191 nvme1n1 WS   1660318464 131072   25.661
22:55:48.095 python3        2650191 nvme1n1 WS   1660318720 131072   25.740
22:55:48.095 python3        2650191 nvme1n1 WS   1660318976 131072   25.820
22:55:48.095 python3        2650191 nvme1n1 WS   1660319232 131072   25.894
22:55:48.095 python3        2650191 nvme1n1 WS   1660319488 131072   25.970
22:55:48.095 python3        2650191 nvme1n1 WS   1660319744 131072   26.041
22:55:48.095 python3        2650191 nvme1n1 WS   1660320000 131072   26.093
22:55:48.095 python3        2650191 nvme1n1 WS   1660320256 131072   26.169
22:55:48.095 python3        2650191 nvme1n1 WS   1660320512 131072   26.245
22:55:48.095 python3        2650191 nvme1n1 WS   1660320768 131072   26.323
22:55:48.096 python3        2650191 nvme1n1 WS   1660321024 131072   26.398
22:55:48.096 python3        2650191 nvme1n1 WS   1660321280 131072   26.495
22:55:48.096 python3        2650191 nvme1n1 WS   1660321536 131072   26.596
22:55:48.096 python3        2650191 nvme1n1 WS   1660175872 131072   26.723
22:55:48.096 python3        2650191 nvme1n1 WS   1660176128 131072   26.723
22:55:48.096 python3        2650191 nvme1n1 WS   1660176384 131072   26.850
22:55:48.096 python3        2650191 nvme1n1 WS   1660176640 131072   26.975
22:55:48.096 python3        2650192 nvme1n1 WS   1660322304 131072   24.627
22:55:48.097 python3        2650192 nvme1n1 WS   1660322560 131072   24.748
22:55:48.097 python3        2650192 nvme1n1 WS   1660322816 131072   24.875
22:55:48.097 python3        2650192 nvme1n1 WS   1660323072 131072   25.000
22:55:48.097 python3        2650192 nvme1n1 WS   1660323328 131072   25.079
22:55:48.097 python3        2650192 nvme1n1 WS   1660323584 131072   25.157
22:55:48.097 python3        2650192 nvme1n1 WS   1660323840 131072   25.238
22:55:48.097 python3        2650192 nvme1n1 WS   1660324096 131072   25.285
22:55:48.097 python3        2650192 nvme1n1 WS   1660324352 131072   25.365
22:55:48.097 python3        2650192 nvme1n1 WS   1660324608 131072   25.438
22:55:48.097 python3        2650192 nvme1n1 WS   1660324864 131072   25.514
22:55:48.097 python3        2650192 nvme1n1 WS   1660325120 131072   25.586
22:55:48.098 python3        2650192 nvme1n1 WS   1660325376 131072   25.663
22:55:48.098 python3        2650192 nvme1n1 WS   1660325632 131072   25.712
22:55:48.098 python3        2650192 nvme1n1 WS   1660182016 131072   25.792
22:55:48.098 python3        2650192 nvme1n1 WS   1660182272 131072   25.724
22:55:48.098 python3        2650192 nvme1n1 WS   1660191744 131072   25.799
22:55:48.098 python3        2650192 nvme1n1 WS   1660192000 131072   25.881
22:55:48.098 python3        2650192 nvme1n1 WS   1660330496 131072   25.894
22:55:48.098 python3        2650192 nvme1n1 WS   1660330752 131072   25.953
22:55:48.098 python3        2650192 nvme1n1 WS   1660331008 131072   26.028
22:55:48.098 python3        2650192 nvme1n1 WS   1660331264 131072   26.138
22:55:48.098 python3        2650192 nvme1n1 WS   1660331520 131072   26.219
22:55:48.098 python3        2650192 nvme1n1 WS   1660331776 131072   26.290
22:55:48.099 python3        2650192 nvme1n1 WS   1660332032 131072   26.366
22:55:48.099 python3        2650192 nvme1n1 WS   1660332288 131072   26.416
22:55:48.099 python3        2650192 nvme1n1 WS   1660332544 131072   26.498
22:55:48.099 python3        2650192 nvme1n1 WS   1660332800 131072   26.562
22:55:48.099 python3        2650192 nvme1n1 WS   1660333056 131072   26.622
22:55:48.099 python3        2650192 nvme1n1 WS   1660333312 131072   26.682
22:55:48.099 python3        2650192 nvme1n1 WS   1660333568 131072   26.752
22:55:48.099 python3        2650192 nvme1n1 WS   1660333824 131072   26.856
22:55:48.099 python3        2650192 nvme1n1 WS   1660197376 131072   26.984
22:55:48.099 python3        2650192 nvme1n1 WS   1660197632 131072   26.989
22:55:48.099 python3        2650192 nvme1n1 WS   1660338688 131072   27.113
22:55:48.100 python3        2650192 nvme1n1 WS   1660338944 131072   27.191
22:55:48.100 python3        2650193 nvme1n1 WS   587629056  131072   24.927
22:55:48.100 python3        2650193 nvme1n1 WS   587629312  131072   25.001
22:55:48.100 python3        2650193 nvme1n1 WS   587629568  131072   25.075
22:55:48.100 python3        2650193 nvme1n1 WS   587629824  131072   25.165
22:55:48.100 python3        2650193 nvme1n1 WS   587630080  131072   25.240
22:55:48.100 python3        2650193 nvme1n1 WS   587630336  131072   25.321
22:55:48.100 python3        2650193 nvme1n1 WS   587630592  131072   25.387
22:55:48.100 python3        2650193 nvme1n1 WS   587630848  131072   25.412
22:55:48.100 python3        2650193 nvme1n1 WS   587631104  131072   25.474
22:55:48.100 python3        2650193 nvme1n1 WS   587631360  131072   25.591
22:55:48.100 python3        2650193 nvme1n1 WS   587631616  131072   25.681
22:55:48.101 python3        2650193 nvme1n1 WS   587631872  131072   25.760
22:55:48.101 python3        2650193 nvme1n1 WS   587632128  131072   25.848
22:55:48.101 python3        2650193 nvme1n1 WS   587632384  131072   25.909
22:55:48.101 python3        2650193 nvme1n1 WS   587632640  131072   25.987
22:55:48.101 python3        2650193 nvme1n1 WS   587632896  131072   25.959
22:55:48.101 python3        2650193 nvme1n1 WS   587993600  131072   26.085
22:55:48.101 python3        2650193 nvme1n1 WS   587993856  131072   26.167
22:55:48.101 python3        2650194 nvme1n1 WS   1660346880 131072   23.100
22:55:48.101 python3        2650194 nvme1n1 WS   1660347136 131072   23.176
22:55:48.101 python3        2650194 nvme1n1 WS   1660347392 131072   23.257
22:55:48.101 python3        2650194 nvme1n1 WS   1660347648 131072   23.335
22:55:48.101 python3        2650194 nvme1n1 WS   1660347904 131072   23.406
22:55:48.102 python3        2650194 nvme1n1 WS   1660348160 131072   23.489
22:55:48.102 python3        2650194 nvme1n1 WS   1660348416 131072   23.552
22:55:48.102 python3        2650194 nvme1n1 WS   1660348672 131072   23.653
22:55:48.102 python3        2650194 nvme1n1 WS   1660348928 131072   23.781
22:55:48.102 python3        2650194 nvme1n1 WS   1660349184 131072   23.904
22:55:48.102 python3        2650194 nvme1n1 WS   1660349440 131072   24.029
22:55:48.102 python3        2650194 nvme1n1 WS   1660349696 131072   24.155
22:55:48.102 python3        2650194 nvme1n1 WS   1660349952 131072   24.298
22:55:48.103 python3        2650194 nvme1n1 WS   1660350208 131072   24.406
22:55:48.103 python3        2650194 nvme1n1 WS   1660196864 131072   24.549
22:55:48.103 python3        2650194 nvme1n1 WS   1660197120 131072   24.563
22:55:48.103 python3        2650194 nvme1n1 WS   1660446208 131072   24.705
22:55:48.103 python3        2650194 nvme1n1 WS   1660446464 131072   24.845
22:55:48.103 python3        2650192 nvme1n1 WS   1660355072 131072   23.941
22:55:48.103 python3        2650192 nvme1n1 WS   1660355328 131072   24.062
22:55:48.104 python3        2650192 nvme1n1 WS   1660355584 131072   24.145
22:55:48.104 python3        2650192 nvme1n1 WS   1660355840 131072   24.223
22:55:48.104 python3        2650192 nvme1n1 WS   1660356096 131072   24.302
22:55:48.104 python3        2650192 nvme1n1 WS   1660356352 131072   24.379
22:55:48.104 python3        2650192 nvme1n1 WS   1660356608 131072   24.456
22:55:48.104 python3        2650192 nvme1n1 WS   1660356864 131072   24.509
22:55:48.104 python3        2650192 nvme1n1 WS   1660357120 131072   24.585
22:55:48.104 python3        2650192 nvme1n1 WS   1660357376 131072   24.665
22:55:48.104 python3        2650192 nvme1n1 WS   1660357632 131072   24.741
22:55:48.104 python3        2650192 nvme1n1 WS   1660357888 131072   24.849
22:55:48.104 python3        2650192 nvme1n1 WS   1660358144 131072   24.923
22:55:48.104 python3        2650192 nvme1n1 WS   1660358400 131072   24.973
22:55:48.105 python3        2650192 nvme1n1 WS   1660201472 131072   25.054
22:55:48.105 python3        2650192 nvme1n1 WS   1660201728 131072   25.023
22:55:48.105 python3        2650192 nvme1n1 WS   1660482048 131072   25.103
22:55:48.105 python3        2650192 nvme1n1 WS   1660482304 131072   25.185
22:55:48.105 python3        2650193 nvme1n1 WS   1660363264 131072   25.205
22:55:48.105 python3        2650193 nvme1n1 WS   1660363520 131072   25.323
22:55:48.105 python3        2650193 nvme1n1 WS   1660363776 131072   25.448
22:55:48.105 python3        2650193 nvme1n1 WS   1660364032 131072   25.576
22:55:48.105 python3        2650193 nvme1n1 WS   1660364288 131072   25.681
22:55:48.105 python3        2650193 nvme1n1 WS   1660364544 131072   25.766
22:55:48.106 python3        2650193 nvme1n1 WS   1660364800 131072   25.836
22:55:48.106 python3        2650193 nvme1n1 WS   1660365056 131072   25.940
22:55:48.106 python3        2650193 nvme1n1 WS   1660365312 131072   26.065
22:55:48.106 python3        2650193 nvme1n1 WS   1660365568 131072   26.191
22:55:48.106 python3        2650193 nvme1n1 WS   1660365824 131072   26.314
22:55:48.106 python3        2650193 nvme1n1 WS   1660366080 131072   26.440
22:55:48.106 python3        2650193 nvme1n1 WS   1660366336 131072   26.568
22:55:48.106 python3        2650193 nvme1n1 WS   1660366592 131072   26.671
22:55:48.107 python3        2650193 nvme1n1 WS   1660217856 131072   26.809
22:55:48.107 python3        2650193 nvme1n1 WS   1660218112 131072   26.791
22:55:48.107 python3        2650191 nvme1n1 WS   1660371456 131072   25.880
22:55:48.107 python3        2650191 nvme1n1 WS   1660371712 131072   25.954
22:55:48.107 python3        2650191 nvme1n1 WS   1660371968 131072   26.027
22:55:48.107 python3        2650191 nvme1n1 WS   1660372224 131072   26.103
22:55:48.107 python3        2650191 nvme1n1 WS   1660372480 131072   26.180
22:55:48.107 python3        2650191 nvme1n1 WS   1660372736 131072   26.242
22:55:48.107 python3        2650191 nvme1n1 WS   1660372992 131072   26.311
22:55:48.107 python3        2650191 nvme1n1 WS   1660373248 131072   26.371
22:55:48.107 python3        2650191 nvme1n1 WS   1660373504 131072   26.434
22:55:48.107 python3        2650191 nvme1n1 WS   1660373760 131072   26.496
22:55:48.108 python3        2650191 nvme1n1 WS   1660374016 131072   26.558
22:55:48.108 python3        2650191 nvme1n1 WS   1660374272 131072   26.623
22:55:48.108 python3        2650193 nvme1n1 WS   1660490240 131072   27.840
22:55:48.108 python3        2650193 nvme1n1 WS   1660490496 131072   27.953
22:55:48.108 python3        2650191 nvme1n1 WS   1660374528 131072   26.948
22:55:48.108 python3        2650191 nvme1n1 WS   1660374784 131072   26.981
22:55:48.108 python3        2650191 nvme1n1 WS   1660217344 131072   27.055
22:55:48.108 python3        2650191 nvme1n1 WS   1660217600 131072   27.028
22:55:48.108 python3        2650191 nvme1n1 WS   1660498432 131072   27.109
22:55:48.108 python3        2650191 nvme1n1 WS   1660498688 131072   27.193
22:55:48.108 python3        2650191 nvme1n1 WS   1660379648 131072   26.025
22:55:48.108 python3        2650191 nvme1n1 WS   1660379904 131072   26.105
22:55:48.109 python3        2650191 nvme1n1 WS   1660380160 131072   26.170
22:55:48.109 python3        2650191 nvme1n1 WS   1660380416 131072   26.247
22:55:48.109 python3        2650191 nvme1n1 WS   1660380672 131072   26.373
22:55:48.109 python3        2650191 nvme1n1 WS   1660380928 131072   26.501
22:55:48.109 python3        2650191 nvme1n1 WS   1660381184 131072   26.626
22:55:48.109 python3        2650191 nvme1n1 WS   1660381440 131072   26.727
22:55:48.109 python3        2650191 nvme1n1 WS   1660381696 131072   26.868
22:55:48.109 python3        2650191 nvme1n1 WS   1660381952 131072   27.004
22:55:48.110 python3        2650191 nvme1n1 WS   1660382208 131072   27.150
22:55:48.110 python3        2650191 nvme1n1 WS   1660382464 131072   27.289
22:55:48.110 python3        2650191 nvme1n1 WS   1660382720 131072   27.429
22:55:48.110 python3        2650191 nvme1n1 WS   1660382976 131072   27.546
22:55:48.110 python3        2650191 nvme1n1 WS   1660234240 131072   27.691
22:55:48.110 python3        2650191 nvme1n1 WS   1660234496 131072   27.697
22:55:48.110 python3        2650191 nvme1n1 WS   1660502528 131072   27.825
22:55:48.111 python3        2650191 nvme1n1 WS   1660502784 131072   27.918
22:55:48.111 python3        2650193 nvme1n1 WS   591579264  131072   22.865
22:55:48.111 python3        2650193 nvme1n1 WS   591579520  131072   22.968
22:55:48.111 python3        2650193 nvme1n1 WS   591579776  131072   23.047
22:55:48.111 python3        2650193 nvme1n1 WS   591580032  131072   23.127
22:55:48.111 python3        2650193 nvme1n1 WS   591580288  131072   23.205
22:55:48.111 python3        2650193 nvme1n1 WS   591580544  131072   23.280
22:55:48.111 python3        2650193 nvme1n1 WS   591580800  131072   23.359
22:55:48.111 python3        2650193 nvme1n1 WS   591581056  131072   23.400
22:55:48.111 python3        2650193 nvme1n1 WS   591581312  131072   23.478
22:55:48.111 python3        2650193 nvme1n1 WS   591581568  131072   23.559
22:55:48.111 python3        2650193 nvme1n1 WS   591581824  131072   23.634
22:55:48.112 python3        2650193 nvme1n1 WS   591582080  131072   23.706
22:55:48.112 python3        2650193 nvme1n1 WS   591582336  131072   23.782
22:55:48.112 python3        2650193 nvme1n1 WS   591582592  131072   23.860
22:55:48.112 python3        2650193 nvme1n1 WS   591582848  131072   23.946
22:55:48.112 python3        2650193 nvme1n1 WS   591583104  131072   23.999
22:55:48.112 python3        2650193 nvme1n1 WS   591583360  131072   24.081
22:55:48.112 python3        2650193 nvme1n1 WS   591583616  131072   24.157
22:55:48.112 python3        2650191 nvme1n1 WS   1659636736 131072   23.486
22:55:48.112 python3        2650194 nvme1n1 WS   1660387840 131072   23.613
22:55:48.112 python3        2650191 nvme1n1 WS   1659636992 131072   23.737
22:55:48.113 python3        2650194 nvme1n1 WS   1660388096 131072   23.858
22:55:48.113 python3        2650191 nvme1n1 WS   1659637248 131072   23.992
22:55:48.113 python3        2650194 nvme1n1 WS   1660388352 131072   24.115
22:55:48.113 python3        2650194 nvme1n1 WS   1660388608 131072   24.254
22:55:48.113 python3        2650194 nvme1n1 WS   1660388864 131072   24.382
22:55:48.113 python3        2650194 nvme1n1 WS   1660389120 131072   24.514
22:55:48.113 python3        2650194 nvme1n1 WS   1660389376 131072   24.641
22:55:48.113 python3        2650194 nvme1n1 WS   1660389632 131072   24.743
22:55:48.114 python3        2650194 nvme1n1 WS   1660389888 131072   24.869
22:55:48.114 python3        2650194 nvme1n1 WS   1660390144 131072   24.963
22:55:48.114 python3        2650191 nvme1n1 WS   1659637504 131072   25.055
22:55:48.114 python3        2650191 nvme1n1 WS   1661469184 131072   25.120
22:55:48.114 python3        2650191 nvme1n1 WS   1661469440 131072   25.201
22:55:48.114 python3        2650191 nvme1n1 WS   1661469696 131072   25.281
22:55:48.114 python3        2650191 nvme1n1 WS   1661469952 131072   25.356
22:55:48.114 python3        2650191 nvme1n1 WS   1661470208 131072   25.434
22:55:48.114 python3        2650191 nvme1n1 WS   1661470464 131072   25.508
22:55:48.114 python3        2650194 nvme1n1 WS   1660390400 131072   25.615
22:55:48.114 python3        2650194 nvme1n1 WS   1660390656 131072   25.692
22:55:48.114 python3        2650194 nvme1n1 WS   1660390912 131072   25.765
22:55:48.115 python3        2650194 nvme1n1 WS   1660391168 131072   25.817
22:55:48.115 python3        2650194 nvme1n1 WS   1660233728 131072   25.893
22:55:48.115 python3        2650194 nvme1n1 WS   1660233984 131072   25.851
22:55:48.115 python3        2650194 nvme1n1 WS   1660510720 131072   25.930
22:55:48.115 python3        2650194 nvme1n1 WS   1660510976 131072   26.015
22:55:48.115 python3        2650191 nvme1n1 WS   1661470720 131072   26.239
22:55:48.115 python3        2650191 nvme1n1 WS   1661470976 131072   26.297
22:55:48.115 python3        2650191 nvme1n1 WS   1661471232 131072   26.376
22:55:48.115 python3        2650191 nvme1n1 WS   1661471488 131072   26.454
22:55:48.115 python3        2650191 nvme1n1 WS   1661471744 131072   26.533
22:55:48.115 python3        2650191 nvme1n1 WS   1661472000 131072   26.491
22:55:48.116 python3        2650191 nvme1n1 WS   1661477376 131072   26.584
22:55:48.116 python3        2650191 nvme1n1 WS   1661477632 131072   26.665
22:55:48.116 python3        2650194 nvme1n1 WS   1674506752 131072   26.338
22:55:48.116 python3        2650194 nvme1n1 WS   1674507008 131072   26.462
22:55:48.116 python3        2650194 nvme1n1 WS   1674507264 131072   26.596
22:55:48.116 python3        2650194 nvme1n1 WS   1674507520 131072   26.711
22:55:48.116 python3        2650194 nvme1n1 WS   1674507776 131072   26.835
22:55:48.116 python3        2650194 nvme1n1 WS   1674508032 131072   26.962
22:55:48.116 python3        2650194 nvme1n1 WS   1674508288 131072   27.102
22:55:48.117 python3        2650194 nvme1n1 WS   1674508544 131072   27.223
22:55:48.117 python3        2650194 nvme1n1 WS   1674508800 131072   27.359
22:55:48.117 python3        2650194 nvme1n1 WS   1674509056 131072   27.509
22:55:48.117 python3        2650194 nvme1n1 WS   1674509312 131072   27.652
22:55:48.117 python3        2650194 nvme1n1 WS   1674509568 131072   27.791
22:55:48.117 python3        2650194 nvme1n1 WS   1674509824 131072   27.934
22:55:48.118 python3        2650194 nvme1n1 WS   1674510080 131072   28.058
22:55:48.118 python3        2650194 nvme1n1 WS   1674381824 131072   28.185
22:55:48.118 python3        2650194 nvme1n1 WS   1674382080 131072   28.194
22:55:48.121 jbd2/nv        752     nvme1n1 WSM  877680408  131072   26.286
22:55:48.121 jbd2/nv        752     nvme1n1 WSM  877680664  131072   26.323
22:55:48.121 jbd2/nv        752     nvme1n1 WSM  877680920  131072   26.369
22:55:48.121 jbd2/nv        752     nvme1n1 WSM  877681176  131072   26.413
22:55:48.121 jbd2/nv        752     nvme1n1 WSM  877681432  131072   26.461
22:55:48.121 jbd2/nv        752     nvme1n1 WSM  877681688  131072   26.507
22:55:48.121 jbd2/nv        752     nvme1n1 WSM  877681944  131072   26.554
22:55:48.121 jbd2/nv        752     nvme1n1 WSM  877682200  131072   26.576
22:55:48.121 jbd2/nv        752     nvme1n1 WSM  877682456  45056    26.579
22:55:48.121 jbd2/nv        752     nvme1n1 WSM  877682544  4096      0.038
22:55:48.121 python3        2650194 nvme1n1 WS   1674580992 131072   28.978
22:55:48.121 python3        2650194 nvme1n1 WS   1674581248 131072   29.057
22:55:48.121 python3        2650192 nvme1n1 WS   1660396032 131072    0.159
22:55:48.121 python3        2650192 nvme1n1 WS   1660396288 131072    0.233
22:55:48.121 python3        2650192 nvme1n1 WS   1660396544 131072    0.314
22:55:48.121 python3        2650192 nvme1n1 WS   1660396800 131072    0.387
22:55:48.121 python3        2650192 nvme1n1 WS   1660397056 131072    0.466
22:55:48.121 python3        2650192 nvme1n1 WS   1660397312 131072    0.541
22:55:48.121 python3        2650192 nvme1n1 WS   1660397568 131072    0.623
22:55:48.121 python3        2650192 nvme1n1 WS   1660397824 131072    0.712
22:55:48.121 python3        2650192 nvme1n1 WS   1660398080 131072    0.843
22:55:48.121 python3        2650192 nvme1n1 WS   1660398336 131072    0.971
22:55:48.121 python3        2650192 nvme1n1 WS   1660398592 131072    1.107
22:55:48.121 python3        2650192 nvme1n1 WS   1660398848 131072    1.237
22:55:48.121 python3        2650192 nvme1n1 WS   1660399104 131072    1.372
22:55:48.121 python3        2650192 nvme1n1 WS   1660399360 131072    1.161
22:55:48.121 python3        2650192 nvme1n1 WS   1660176896 131072    1.263
22:55:48.121 python3        2650192 nvme1n1 WS   1660177152 131072    1.201
22:55:48.121 python3        2650192 nvme1n1 WS   1660446720 131072    1.278
22:55:48.121 python3        2650192 nvme1n1 WS   1660446976 131072    1.359
22:55:48.121 python3        2650194 nvme1n1 WS   1674510848 131072    1.334
22:55:48.121 python3        2650194 nvme1n1 WS   1674511104 131072    1.411
22:55:48.121 python3        2650194 nvme1n1 WS   1674511360 131072    1.485
22:55:48.122 python3        2650194 nvme1n1 WS   1674511616 131072    1.569
22:55:48.122 python3        2650194 nvme1n1 WS   1674511872 131072    1.642
22:55:48.122 python3        2650194 nvme1n1 WS   1674512128 131072    1.725
22:55:48.122 python3        2650194 nvme1n1 WS   1674512384 131072    1.798
22:55:48.122 python3        2650194 nvme1n1 WS   1674512640 131072    1.850
22:55:48.122 python3        2650194 nvme1n1 WS   1674512896 131072    1.942
22:55:48.122 python3        2650194 nvme1n1 WS   1674513152 131072    1.992
22:55:48.122 python3        2650194 nvme1n1 WS   1674513408 131072    2.065
22:55:48.122 python3        2650194 nvme1n1 WS   1674513664 131072    2.141
22:55:48.123 python3        2650194 nvme1n1 WS   1674513920 131072    2.219
22:55:48.123 python3        2650194 nvme1n1 WS   1674514176 131072    2.280
22:55:48.123 python3        2650194 nvme1n1 WS   1674438144 131072    2.352
22:55:48.123 python3        2650194 nvme1n1 WS   1674438400 131072    2.324
22:55:48.123 python3        2650194 nvme1n1 WS   1674581504 131072    2.396
22:55:48.123 python3        2650194 nvme1n1 WS   1674581760 131072    2.473
22:55:48.123 python3        2650192 nvme1n1 WS   1674523136 131072    2.488
22:55:48.123 python3        2650192 nvme1n1 WS   1674523392 131072    2.562
22:55:48.123 python3        2650192 nvme1n1 WS   1674523648 131072    2.637
22:55:48.123 python3        2650192 nvme1n1 WS   1674523904 131072    2.723
22:55:48.123 python3        2650192 nvme1n1 WS   1674524160 131072    2.765
22:55:48.123 python3        2650192 nvme1n1 WS   1674524416 131072    2.827
22:55:48.123 python3        2650192 nvme1n1 WS   1674524672 131072    2.888
22:55:48.123 python3        2650192 nvme1n1 WS   1674524928 131072    2.935
22:55:48.123 python3        2650192 nvme1n1 WS   1674525184 131072    3.028
22:55:48.123 python3        2650192 nvme1n1 WS   1674525440 131072    3.142
22:55:48.123 python3        2650192 nvme1n1 WS   1674525696 131072    3.268
22:55:48.124 python3        2650192 nvme1n1 WS   1674525952 131072    3.383
22:55:48.124 python3        2650192 nvme1n1 WS   1674526208 131072    3.480
22:55:48.124 python3        2650192 nvme1n1 WS   1674526464 131072    3.527
22:55:48.124 python3        2650192 nvme1n1 WS   1674531328 131072    3.601
22:55:48.124 python3        2650192 nvme1n1 WS   1674531584 131072    3.530
22:55:48.124 python3        2650192 nvme1n1 WS   1674588672 131072    3.604
22:55:48.124 python3        2650192 nvme1n1 WS   1674588928 131072    3.680
22:55:48.124 python3        2650193 nvme1n1 WS   612546344  131072    3.479
22:55:48.124 python3        2650193 nvme1n1 WS   612546600  131072    3.533
22:55:48.125 python3        2650193 nvme1n1 WS   612546856  131072    3.604
22:55:48.125 python3        2650193 nvme1n1 WS   612547112  131072    3.678
22:55:48.125 python3        2650193 nvme1n1 WS   612547368  131072    3.754
22:55:48.125 python3        2650193 nvme1n1 WS   612547624  131072    3.823
22:55:48.125 python3        2650193 nvme1n1 WS   612547880  131072    3.901
22:55:48.125 python3        2650193 nvme1n1 WS   612548136  131072    3.967
22:55:48.125 python3        2650193 nvme1n1 WS   612548392  131072    4.095
22:55:48.125 python3        2650193 nvme1n1 WS   612548648  131072    4.219
22:55:48.125 python3        2650193 nvme1n1 WS   612548904  131072    4.351
22:55:48.125 python3        2650193 nvme1n1 WS   612549160  131072    4.426
22:55:48.125 python3        2650193 nvme1n1 WS   612549416  131072    4.488
22:55:48.125 python3        2650193 nvme1n1 WS   612549672  131072    4.577
22:55:48.125 python3        2650193 nvme1n1 WS   612549928  131072    4.642
22:55:48.125 python3        2650193 nvme1n1 WS   612550184  131072    4.697
22:55:48.125 python3        2650193 nvme1n1 WS   612550440  131072    4.774
22:55:48.125 python3        2650193 nvme1n1 WS   612550696  131072    4.843
22:55:48.126 python3        2650194 nvme1n1 WS   1660408320 131072    4.892
22:55:48.126 python3        2650194 nvme1n1 WS   1660408576 131072    4.953
22:55:48.126 python3        2650194 nvme1n1 WS   1660408832 131072    5.031
22:55:48.126 python3        2650194 nvme1n1 WS   1660409088 131072    5.090
22:55:48.126 python3        2650194 nvme1n1 WS   1660409344 131072    5.151
22:55:48.126 python3        2650194 nvme1n1 WS   1660409600 131072    5.214
22:55:48.126 python3        2650194 nvme1n1 WS   1660409856 131072    5.274
22:55:48.126 python3        2650194 nvme1n1 WS   1660410112 131072    5.323
22:55:48.126 python3        2650194 nvme1n1 WS   1660410368 131072    5.456
22:55:48.126 python3        2650194 nvme1n1 WS   1660410624 131072    5.596
22:55:48.126 python3        2650194 nvme1n1 WS   1660410880 131072    5.737
22:55:48.127 python3        2650194 nvme1n1 WS   1660411136 131072    5.876
22:55:48.127 python3        2650194 nvme1n1 WS   1660411392 131072    6.017
22:55:48.127 python3        2650194 nvme1n1 WS   1660411648 131072    6.169
22:55:48.127 python3        2650194 nvme1n1 WS   1660412416 131072    6.311
22:55:48.127 python3        2650194 nvme1n1 WS   1660412672 131072    6.335
22:55:48.127 python3        2650194 nvme1n1 WS   1660482560 131072    6.473
22:55:48.127 python3        2650194 nvme1n1 WS   1660482816 131072    6.614
22:55:48.128 python3        2650193 nvme1n1 WS   1660518912 131072    6.732
22:55:48.128 python3        2650193 nvme1n1 WS   1660519168 131072    6.869
22:55:48.128 python3        2650193 nvme1n1 WS   1660519424 131072    7.005
22:55:48.128 python3        2650193 nvme1n1 WS   1660519680 131072    7.147
22:55:48.128 python3        2650193 nvme1n1 WS   1660519936 131072    7.285
22:55:48.128 python3        2650193 nvme1n1 WS   1660520192 131072    7.428
22:55:48.128 python3        2650193 nvme1n1 WS   1660520448 131072    7.571
22:55:48.129 python3        2650193 nvme1n1 WS   1660520704 131072    7.686
22:55:48.129 python3        2650193 nvme1n1 WS   1660520960 131072    7.829
22:55:48.129 python3        2650192 nvme1n1 WS   1660527104 131072    7.784
22:55:48.129 python3        2650192 nvme1n1 WS   1660527360 131072    7.920
22:55:48.129 python3        2650192 nvme1n1 WS   1660527616 131072    8.060
22:55:48.129 python3        2650192 nvme1n1 WS   1660527872 131072    8.201
22:55:48.130 python3        2650192 nvme1n1 WS   1660528128 131072    8.341
22:55:48.130 python3        2650192 nvme1n1 WS   1660528384 131072    8.481
22:55:48.130 python3        2650192 nvme1n1 WS   1660528640 131072    8.621
22:55:48.130 python3        2650192 nvme1n1 WS   1660528896 131072    8.741
22:55:48.130 python3        2650192 nvme1n1 WS   1660529152 131072    8.882
22:55:48.130 python3        2650192 nvme1n1 WS   1660529408 131072    9.020
22:55:48.130 python3        2650192 nvme1n1 WS   1660529664 131072    9.160
22:55:48.131 python3        2650192 nvme1n1 WS   1660529920 131072    9.301
22:55:48.131 python3        2650192 nvme1n1 WS   1660530176 131072    9.442
22:55:48.131 python3        2650192 nvme1n1 WS   1660530432 131072    9.563
22:55:48.131 python3        2650192 nvme1n1 WS   1660420096 131072    9.704
22:55:48.131 python3        2650191 nvme1n1 WS   1674539520 131072    9.823
22:55:48.131 python3        2650191 nvme1n1 WS   1674539776 131072    9.954
22:55:48.131 python3        2650191 nvme1n1 WS   1674540032 131072   10.096
22:55:48.132 python3        2650191 nvme1n1 WS   1674540288 131072   10.237
22:55:48.132 python3        2650191 nvme1n1 WS   1674540544 131072   10.379
22:55:48.132 python3        2650191 nvme1n1 WS   1674540800 131072   10.517
22:55:48.132 python3        2650191 nvme1n1 WS   1674541056 131072   10.659
22:55:48.132 python3        2650191 nvme1n1 WS   1674541312 131072   10.776
22:55:48.132 python3        2650191 nvme1n1 WS   1674541568 131072   10.916
22:55:48.132 python3        2650191 nvme1n1 WS   1674541824 131072   11.055
22:55:48.133 python3        2650191 nvme1n1 WS   1674542080 131072   11.188
22:55:48.133 python3        2650191 nvme1n1 WS   1674542336 131072   11.334
22:55:48.133 python3        2650191 nvme1n1 WS   1674542592 131072   11.467
22:55:48.133 python3        2650192 nvme1n1 WS   1660420352 131072   11.606
22:55:48.133 python3        2650192 nvme1n1 WS   1660490752 131072   11.746
22:55:48.133 python3        2650192 nvme1n1 WS   1660491008 131072   11.899
22:55:48.133 python3        2650191 nvme1n1 WS   1674542848 131072   12.059
22:55:48.134 python3        2650191 nvme1n1 WS   1674547712 131072   12.220
22:55:48.134 python3        2650194 nvme1n1 WS   1660535296 131072   12.373
22:55:48.134 python3        2650194 nvme1n1 WS   1660535552 131072   12.542
22:55:48.134 python3        2650194 nvme1n1 WS   1660535808 131072   12.704
22:55:48.134 python3        2650194 nvme1n1 WS   1660536064 131072   12.874
22:55:48.134 python3        2650194 nvme1n1 WS   1660536320 131072   13.040
22:55:48.135 python3        2650194 nvme1n1 WS   1660536576 131072   13.208
22:55:48.135 python3        2650194 nvme1n1 WS   1660536832 131072   13.379
22:55:48.135 python3        2650194 nvme1n1 WS   1660537088 131072   13.520
22:55:48.135 python3        2650194 nvme1n1 WS   1660537344 131072   13.690
22:55:48.135 python3        2650194 nvme1n1 WS   1660537600 131072   13.856
22:55:48.136 python3        2650194 nvme1n1 WS   1660537856 131072   14.027
22:55:48.136 python3        2650194 nvme1n1 WS   1660538112 131072   14.282
22:55:48.136 python3        2650194 nvme1n1 WS   1660538368 131072   14.429
22:55:48.136 python3        2650194 nvme1n1 WS   1660538624 131072   14.550
22:55:48.136 python3        2650194 nvme1n1 WS   1660423680 131072   14.699
22:55:48.136 python3        2650191 nvme1n1 WS   1674547968 131072   14.858
22:55:48.137 python3        2650191 nvme1n1 WS   1674592768 131072   15.001
22:55:48.137 python3        2650191 nvme1n1 WS   1674593024 131072   15.146
22:55:48.137 python3        2650194 nvme1n1 WS   1660423936 131072   15.216
22:55:48.137 python3        2650194 nvme1n1 WS   1660498944 131072   15.359
22:55:48.137 python3        2650194 nvme1n1 WS   1660499200 131072   15.481
22:55:48.139 python3        2650191 nvme1n1 WS   1660543488 131072   14.840
22:55:48.139 python3        2650191 nvme1n1 WS   1660543744 131072   14.915
22:55:48.139 python3        2650191 nvme1n1 WS   1660544000 131072   14.994
22:55:48.139 python3        2650191 nvme1n1 WS   1660544256 131072   15.075
22:55:48.139 python3        2650191 nvme1n1 WS   1660544512 131072   15.158
22:55:48.139 python3        2650191 nvme1n1 WS   1660544768 131072   15.230
22:55:48.139 python3        2650191 nvme1n1 WS   1660545024 131072   15.309
22:55:48.139 python3        2650191 nvme1n1 WS   1660545280 131072   15.357
22:55:48.139 python3        2650191 nvme1n1 WS   1660545536 131072   15.437
22:55:48.139 python3        2650191 nvme1n1 WS   1660545792 131072   15.506
22:55:48.139 python3        2650191 nvme1n1 WS   1660546048 131072   15.985
22:55:48.139 python3        2650191 nvme1n1 WS   1660546304 131072   16.057
22:55:48.139 python3        2650191 nvme1n1 WS   1660546560 131072   16.135
22:55:48.139 python3        2650191 nvme1n1 WS   1660546816 131072   16.351
22:55:48.139 python3        2650191 nvme1n1 WS   1660424192 131072   16.428
22:55:48.139 python3        2650193 nvme1n1 WS   1674551808 131072   15.593
22:55:48.139 python3        2650193 nvme1n1 WS   1674552064 131072   15.661
22:55:48.139 python3        2650193 nvme1n1 WS   1674552320 131072   15.733
22:55:48.139 python3        2650193 nvme1n1 WS   1674552576 131072   15.812
22:55:48.139 python3        2650193 nvme1n1 WS   1674552832 131072   15.891
22:55:48.139 python3        2650193 nvme1n1 WS   1674553088 131072   16.203
22:55:48.139 python3        2650193 nvme1n1 WS   1674553344 131072   16.276
22:55:48.139 python3        2650193 nvme1n1 WS   1674553600 131072   16.488
22:55:48.139 python3        2650193 nvme1n1 WS   1674553856 131072   16.559
22:55:48.139 python3        2650193 nvme1n1 WS   1674554112 131072   16.630
22:55:48.139 python3        2650193 nvme1n1 WS   1674554368 131072   16.703
22:55:48.139 python3        2650193 nvme1n1 WS   1674554624 131072   16.774
22:55:48.140 python3        2650193 nvme1n1 WS   1674554880 131072   16.849
22:55:48.140 python3        2650193 nvme1n1 WS   1674555136 131072   16.902
22:55:48.140 python3        2650193 nvme1n1 WS   1674564096 131072   16.980
22:55:48.140 python3        2650191 nvme1n1 WS   1660424448 131072   17.014
22:55:48.140 python3        2650191 nvme1n1 WS   1660447232 131072   17.122
22:55:48.140 python3        2650191 nvme1n1 WS   1660447488 131072   17.249
22:55:48.140 python3        2650193 nvme1n1 WS   1674564352 131072   17.309
22:55:48.140 python3        2650193 nvme1n1 WS   1674582016 131072   17.435
22:55:48.140 python3        2650193 nvme1n1 WS   1674582272 131072   17.564
22:55:48.140 python3        2650192 nvme1n1 WS   1660551680 131072   17.569
22:55:48.140 python3        2650192 nvme1n1 WS   1660551936 131072   17.678
22:55:48.141 python3        2650192 nvme1n1 WS   1660552192 131072   17.759
22:55:48.141 python3        2650192 nvme1n1 WS   1660552448 131072   17.837
22:55:48.141 python3        2650192 nvme1n1 WS   1660552704 131072   17.913
22:55:48.141 python3        2650192 nvme1n1 WS   1660552960 131072   17.988
22:55:48.141 python3        2650192 nvme1n1 WS   1660553216 131072   18.065
22:55:48.141 python3        2650192 nvme1n1 WS   1660553472 131072   18.123
22:55:48.141 python3        2650192 nvme1n1 WS   1660553728 131072   18.196
22:55:48.141 python3        2650192 nvme1n1 WS   1660553984 131072   18.281
22:55:48.141 python3        2650192 nvme1n1 WS   1660554240 131072   18.342
22:55:48.141 python3        2650192 nvme1n1 WS   1660554496 131072   18.417
22:55:48.141 python3        2650192 nvme1n1 WS   1660554752 131072   18.490
22:55:48.141 python3        2650192 nvme1n1 WS   1660555008 131072   18.542
22:55:48.142 python3        2650192 nvme1n1 WS   1660427776 131072   18.618
22:55:48.142 python3        2650192 nvme1n1 WS   1660428032 131072   18.555
22:55:48.142 python3        2650192 nvme1n1 WS   1660503040 131072   18.627
22:55:48.142 python3        2650192 nvme1n1 WS   1660503296 131072   18.703
22:55:48.142 python3        2650192 nvme1n1 WS   1660559872 131072   18.619
22:55:48.142 python3        2650194 nvme1n1 WS   1659909120 131072   18.741
22:55:48.142 python3        2650192 nvme1n1 WS   1660560128 131072   18.896
22:55:48.142 python3        2650194 nvme1n1 WS   1659909376 131072   19.025
22:55:48.142 python3        2650192 nvme1n1 WS   1660560384 131072   19.144
22:55:48.143 python3        2650194 nvme1n1 WS   1659909632 131072   19.272
22:55:48.143 python3        2650192 nvme1n1 WS   1660560640 131072   19.399
22:55:48.143 python3        2650192 nvme1n1 WS   1660560896 131072   19.521
22:55:48.143 python3        2650192 nvme1n1 WS   1660561152 131072   19.648
22:55:48.143 python3        2650192 nvme1n1 WS   1660561408 131072   19.773
22:55:48.143 python3        2650194 nvme1n1 WS   1659909888 131072   19.883
22:55:48.143 python3        2650194 nvme1n1 WS   1661477888 131072   20.013
22:55:48.144 python3        2650194 nvme1n1 WS   1661478144 131072   20.140
22:55:48.144 python3        2650194 nvme1n1 WS   1661478400 131072   20.218
22:55:48.144 python3        2650192 nvme1n1 WS   1660561664 131072   20.317
22:55:48.144 python3        2650192 nvme1n1 WS   1660561920 131072   20.391
22:55:48.144 python3        2650192 nvme1n1 WS   1660562176 131072   20.468
22:55:48.144 python3        2650192 nvme1n1 WS   1660562432 131072   20.548
22:55:48.144 python3        2650194 nvme1n1 WS   1661478656 131072   20.620
22:55:48.144 python3        2650194 nvme1n1 WS   1661478912 131072   20.693
22:55:48.144 python3        2650192 nvme1n1 WS   1660562688 131072   20.775
22:55:48.144 python3        2650192 nvme1n1 WS   1660562944 131072   20.852
22:55:48.144 python3        2650194 nvme1n1 WS   1661479168 131072   20.923
22:55:48.144 python3        2650194 nvme1n1 WS   1661479424 131072   21.000
22:55:48.144 python3        2650194 nvme1n1 WS   1661479680 131072   21.063
22:55:48.145 python3        2650194 nvme1n1 WS   1661479936 131072   21.184
22:55:48.145 python3        2650194 nvme1n1 WS   1661480192 131072   21.308
22:55:48.145 python3        2650192 nvme1n1 WS   1660563200 131072   21.449
22:55:48.145 python3        2650192 nvme1n1 WS   1660435968 131072   21.533
22:55:48.145 python3        2650194 nvme1n1 WS   1661480448 131072   21.605
22:55:48.145 python3        2650192 nvme1n1 WS   1660436224 131072   21.574
22:55:48.145 python3        2650192 nvme1n1 WS   1660712448 131072   21.656
22:55:48.145 python3        2650192 nvme1n1 WS   1660712704 131072   21.737
22:55:48.145 python3        2650194 nvme1n1 WS   1661480704 131072   21.843
22:55:48.145 python3        2650194 nvme1n1 WS   1661485568 131072   21.966
22:55:48.146 python3        2650194 nvme1n1 WS   1661485824 131072   22.095
22:55:48.146 python3        2650191 nvme1n1 WS   1660568064 131072   21.953
22:55:48.146 python3        2650191 nvme1n1 WS   1660568320 131072   22.072
22:55:48.146 python3        2650191 nvme1n1 WS   1660568576 131072   22.199
22:55:48.146 python3        2650191 nvme1n1 WS   1660568832 131072   22.342
22:55:48.147 python3        2650191 nvme1n1 WS   1660569088 131072   22.482
22:55:48.147 python3        2650191 nvme1n1 WS   1660569344 131072   22.622
22:55:48.147 python3        2650191 nvme1n1 WS   1660569600 131072   22.759
22:55:48.147 python3        2650191 nvme1n1 WS   1660569856 131072   22.875
22:55:48.147 python3        2650191 nvme1n1 WS   1660570112 131072   23.017
22:55:48.147 python3        2650191 nvme1n1 WS   1660570368 131072   23.157
22:55:48.147 python3        2650191 nvme1n1 WS   1660570624 131072   23.299
22:55:48.147 python3        2650191 nvme1n1 WS   1660570880 131072   23.441
22:55:48.148 python3        2650191 nvme1n1 WS   1660571136 131072   23.585
22:55:48.148 python3        2650191 nvme1n1 WS   1660571392 131072   23.696
22:55:48.148 python3        2650191 nvme1n1 WS   1660436480 131072   23.823
22:55:48.148 python3        2650191 nvme1n1 WS   1660436736 131072   23.811
22:55:48.148 python3        2650191 nvme1n1 WS   1660740096 131072   23.934
22:55:48.148 python3        2650191 nvme1n1 WS   1660740352 131072   24.014
22:55:48.148 python3        2650191 nvme1n1 WS   1660576256 131072   24.044
22:55:48.148 python3        2650191 nvme1n1 WS   1660576512 131072   24.113
22:55:48.148 python3        2650191 nvme1n1 WS   1660576768 131072   24.191
22:55:48.148 python3        2650191 nvme1n1 WS   1660577024 131072   24.265
22:55:48.148 python3        2650191 nvme1n1 WS   1660577280 131072   24.349
22:55:48.149 python3        2650191 nvme1n1 WS   1660577536 131072   24.423
22:55:48.149 python3        2650191 nvme1n1 WS   1660577792 131072   24.497
22:55:48.149 python3        2650191 nvme1n1 WS   1660578048 131072   24.551
22:55:48.149 python3        2650191 nvme1n1 WS   1660578304 131072   24.633
22:55:48.149 python3        2650191 nvme1n1 WS   1660578560 131072   24.705
22:55:48.149 python3        2650191 nvme1n1 WS   1660578816 131072   24.813
22:55:48.149 python3        2650191 nvme1n1 WS   1660579072 131072   24.895
22:55:48.149 python3        2650191 nvme1n1 WS   1660579328 131072   24.963
22:55:48.149 python3        2650191 nvme1n1 WS   1660579584 131072   25.011
22:55:48.149 python3        2650191 nvme1n1 WS   1660440064 131072   25.087
22:55:48.149 python3        2650191 nvme1n1 WS   1660440320 131072   25.031
22:55:48.149 python3        2650191 nvme1n1 WS   1660748288 131072   25.106
22:55:48.150 python3        2650191 nvme1n1 WS   1660748544 131072   25.180
22:55:48.150 python3        2650193 nvme1n1 WS   1660584448 131072   24.769
22:55:48.150 python3        2650193 nvme1n1 WS   1660584704 131072   24.890
22:55:48.150 python3        2650193 nvme1n1 WS   1660584960 131072   24.980
22:55:48.150 python3        2650193 nvme1n1 WS   1660585216 131072   25.097
22:55:48.150 python3        2650193 nvme1n1 WS   1660585472 131072   25.223
22:55:48.150 python3        2650193 nvme1n1 WS   1660585728 131072   25.343
22:55:48.151 python3        2650193 nvme1n1 WS   1660585984 131072   25.424
22:55:48.151 python3        2650193 nvme1n1 WS   1660586240 131072   25.480
22:55:48.151 python3        2650193 nvme1n1 WS   1660586496 131072   25.552
22:55:48.151 python3        2650193 nvme1n1 WS   1660586752 131072   25.625
22:55:48.151 python3        2650193 nvme1n1 WS   1660587008 131072   25.701
22:55:48.151 python3        2650193 nvme1n1 WS   1660587264 131072   25.780
22:55:48.151 python3        2650193 nvme1n1 WS   1660587520 131072   25.851
22:55:48.151 python3        2650193 nvme1n1 WS   1660587776 131072   25.901
22:55:48.151 python3        2650193 nvme1n1 WS   1660452352 131072   25.979
22:55:48.151 python3        2650193 nvme1n1 WS   1660452608 131072   25.908
22:55:48.151 python3        2650193 nvme1n1 WS   1660756480 131072   25.983
22:55:48.151 python3        2650193 nvme1n1 WS   1660756736 131072   26.060
22:55:48.151 python3        2650193 nvme1n1 WS   1660521216 131072   26.019
22:55:48.151 python3        2650193 nvme1n1 WS   1660521472 131072   26.093
22:55:48.151 python3        2650193 nvme1n1 WS   1660521728 131072   26.164
22:55:48.151 python3        2650193 nvme1n1 WS   1660521984 131072   26.235
22:55:48.152 python3        2650193 nvme1n1 WS   1660522240 131072   26.284
22:55:48.152 python3        2650193 nvme1n1 WS   1660452864 131072   26.360
22:55:48.152 python3        2650192 nvme1n1 WS   1660592640 131072   26.428
22:55:48.152 python3        2650192 nvme1n1 WS   1660592896 131072   26.501
22:55:48.152 python3        2650192 nvme1n1 WS   1660593152 131072   26.577
22:55:48.152 python3        2650192 nvme1n1 WS   1660593408 131072   26.661
22:55:48.152 python3        2650192 nvme1n1 WS   1660593664 131072   26.729
22:55:48.152 python3        2650192 nvme1n1 WS   1660593920 131072   26.803
22:55:48.152 python3        2650192 nvme1n1 WS   1660594176 131072   26.875
22:55:48.152 python3        2650192 nvme1n1 WS   1660594432 131072   26.933
22:55:48.152 python3        2650192 nvme1n1 WS   1660594688 131072   27.007
22:55:48.152 python3        2650192 nvme1n1 WS   1660594944 131072   27.068
22:55:48.153 python3        2650192 nvme1n1 WS   1660595200 131072   27.196
22:55:48.153 python3        2650192 nvme1n1 WS   1660595456 131072   27.320
22:55:48.153 python3        2650192 nvme1n1 WS   1660595712 131072   27.449
22:55:48.153 python3        2650192 nvme1n1 WS   1660595968 131072   27.549
22:55:48.153 python3        2650192 nvme1n1 WS   1660456448 131072   27.659
22:55:48.153 python3        2650193 nvme1n1 WS   1660453120 131072   27.673
22:55:48.153 python3        2650193 nvme1n1 WS   1660764672 131072   27.747
22:55:48.153 python3        2650193 nvme1n1 WS   1660764928 131072   27.821
22:55:48.153 python3        2650192 nvme1n1 WS   1660456704 131072   27.847
22:55:48.153 python3        2650192 nvme1n1 WS   1660772864 131072   27.928
22:55:48.154 python3        2650192 nvme1n1 WS   1660773120 131072   28.003
22:55:48.154 python3        2650193 nvme1n1 WS   1660600832 131072   27.296
22:55:48.154 python3        2650193 nvme1n1 WS   1660601088 131072   27.367
22:55:48.154 python3        2650193 nvme1n1 WS   1660601344 131072   27.438
22:55:48.154 python3        2650193 nvme1n1 WS   1660601600 131072   27.512
22:55:48.154 python3        2650193 nvme1n1 WS   1660601856 131072   27.626
22:55:48.154 python3        2650193 nvme1n1 WS   1660602112 131072   27.746
22:55:48.154 python3        2650193 nvme1n1 WS   1660602368 131072   27.823
22:55:48.154 python3        2650193 nvme1n1 WS   1660602624 131072   27.861
22:55:48.154 python3        2650193 nvme1n1 WS   1660602880 131072   27.936
22:55:48.154 python3        2650193 nvme1n1 WS   1660603136 131072   28.051
22:55:48.155 python3        2650193 nvme1n1 WS   1660603392 131072   28.129
22:55:48.155 python3        2650193 nvme1n1 WS   1660603648 131072   28.209
22:55:48.155 python3        2650193 nvme1n1 WS   1660603904 131072   28.278
22:55:48.155 python3        2650193 nvme1n1 WS   1660604160 131072   28.329
22:55:48.155 python3        2650193 nvme1n1 WS   1660461056 131072   28.412
22:55:48.155 python3        2650193 nvme1n1 WS   1660461312 131072   28.363
22:55:48.155 python3        2650193 nvme1n1 WS   1660781056 131072   28.436
22:55:48.155 python3        2650193 nvme1n1 WS   1660781312 131072   28.511
22:55:48.155 python3        2650194 nvme1n1 WS   1660609024 131072   28.496
22:55:48.155 python3        2650194 nvme1n1 WS   1660609280 131072   28.567
22:55:48.155 python3        2650194 nvme1n1 WS   1660609536 131072   28.644
22:55:48.155 python3        2650194 nvme1n1 WS   1660609792 131072   28.720
22:55:48.155 python3        2650194 nvme1n1 WS   1660610048 131072   28.782
22:55:48.156 python3        2650194 nvme1n1 WS   1660610304 131072   28.842
22:55:48.156 python3        2650194 nvme1n1 WS   1660610560 131072   28.943
22:55:48.156 python3        2650194 nvme1n1 WS   1660610816 131072   29.043
22:55:48.156 python3        2650194 nvme1n1 WS   1660611072 131072   29.170
22:55:48.156 python3        2650194 nvme1n1 WS   1660611328 131072   29.300
22:55:48.156 python3        2650194 nvme1n1 WS   1660611584 131072   29.440
22:55:48.156 python3        2650194 nvme1n1 WS   1660611840 131072   29.578
22:55:48.156 python3        2650194 nvme1n1 WS   1660617216 131072   28.130
22:55:48.157 python3        2650194 nvme1n1 WS   1660617472 131072   28.264
22:55:48.157 python3        2650194 nvme1n1 WS   1660617728 131072   28.406
22:55:48.157 python3        2650194 nvme1n1 WS   1660617984 131072   28.546
22:55:48.157 python3        2650194 nvme1n1 WS   1660612096 131072   30.303
22:55:48.157 python3        2650194 nvme1n1 WS   1660612352 131072   30.407
22:55:48.157 python3        2650194 nvme1n1 WS   1660464640 131072   30.538
22:55:48.157 python3        2650194 nvme1n1 WS   1660464896 131072   30.550
22:55:48.158 python3        2650194 nvme1n1 WS   1660789248 131072   30.659
22:55:48.158 python3        2650194 nvme1n1 WS   1660789504 131072   30.734
22:55:48.158 python3        2650194 nvme1n1 WS   1660618240 131072   29.358
22:55:48.158 python3        2650194 nvme1n1 WS   1660618496 131072   29.434
22:55:48.158 python3        2650194 nvme1n1 WS   1660618752 131072   29.507
22:55:48.158 python3        2650194 nvme1n1 WS   1660619008 131072   29.568
22:55:48.158 python3        2650194 nvme1n1 WS   1660619264 131072   29.628
22:55:48.158 python3        2650194 nvme1n1 WS   1660619520 131072   29.705
22:55:48.158 python3        2650194 nvme1n1 WS   1660619776 131072   29.777
22:55:48.158 python3        2650194 nvme1n1 WS   1660620032 131072   29.854
22:55:48.158 python3        2650194 nvme1n1 WS   1660620288 131072   29.937
22:55:48.158 python3        2650194 nvme1n1 WS   1660620544 131072   29.988
22:55:48.159 python3        2650194 nvme1n1 WS   1660472832 131072   30.062
22:55:48.159 python3        2650194 nvme1n1 WS   1660473088 131072   30.025
22:55:48.159 python3        2650194 nvme1n1 WS   1660797440 131072   30.116
22:55:48.159 python3        2650194 nvme1n1 WS   1660797696 131072   30.194
22:55:48.159 python3        2650192 nvme1n1 WS   1660625408 131072   24.828
22:55:48.159 python3        2650192 nvme1n1 WS   1660625664 131072   24.886
22:55:48.159 python3        2650192 nvme1n1 WS   1660625920 131072   24.956
22:55:48.159 python3        2650192 nvme1n1 WS   1660626176 131072   25.032
22:55:48.159 python3        2650192 nvme1n1 WS   1660626432 131072   25.147
22:55:48.159 python3        2650192 nvme1n1 WS   1660626688 131072   25.272
22:55:48.160 python3        2650192 nvme1n1 WS   1660626944 131072   25.399
22:55:48.160 python3        2650192 nvme1n1 WS   1660627200 131072   25.499
22:55:48.160 python3        2650192 nvme1n1 WS   1660627456 131072   25.625
22:55:48.160 python3        2650192 nvme1n1 WS   1660627712 131072   25.758
22:55:48.160 python3        2650192 nvme1n1 WS   1660627968 131072   25.881
22:55:48.160 python3        2650192 nvme1n1 WS   1660628224 131072   26.010
22:55:48.160 python3        2650192 nvme1n1 WS   1660628480 131072   26.142
22:55:48.160 python3        2650192 nvme1n1 WS   1660628736 131072   26.233
22:55:48.160 python3        2650192 nvme1n1 WS   1660483072 131072   26.307
22:55:48.161 python3        2650192 nvme1n1 WS   1660483328 131072   26.251
22:55:48.161 python3        2650192 nvme1n1 WS   1660805632 131072   26.323
22:55:48.161 python3        2650192 nvme1n1 WS   1660805888 131072   26.438
22:55:48.161 python3        2650191 nvme1n1 WS   1660633600 131072   23.275
22:55:48.161 python3        2650191 nvme1n1 WS   1660633856 131072   23.346
22:55:48.161 python3        2650191 nvme1n1 WS   1660634112 131072   23.421
22:55:48.161 python3        2650191 nvme1n1 WS   1660634368 131072   23.496
22:55:48.161 python3        2650191 nvme1n1 WS   1660634624 131072   23.569
22:55:48.161 python3        2650191 nvme1n1 WS   1660634880 131072   23.649
22:55:48.161 python3        2650191 nvme1n1 WS   1660635136 131072   23.730
22:55:48.161 python3        2650191 nvme1n1 WS   1660635392 131072   23.782
22:55:48.161 python3        2650191 nvme1n1 WS   1660635648 131072   23.854
22:55:48.162 python3        2650191 nvme1n1 WS   1660635904 131072   23.927
22:55:48.162 python3        2650191 nvme1n1 WS   1660636160 131072   24.006
22:55:48.162 python3        2650191 nvme1n1 WS   1660636416 131072   24.081
22:55:48.162 python3        2650191 nvme1n1 WS   1660636672 131072   24.156
22:55:48.162 python3        2650191 nvme1n1 WS   1660636928 131072   24.207
22:55:48.162 python3        2650191 nvme1n1 WS   1660491264 131072   24.280
22:55:48.162 python3        2650191 nvme1n1 WS   1660491520 131072   24.240
22:55:48.162 python3        2650191 nvme1n1 WS   1660813824 131072   24.314
22:55:48.162 python3        2650191 nvme1n1 WS   1660814080 131072   24.392
22:55:48.162 python3        2650194 nvme1n1 WS   1660641792 131072   23.874
22:55:48.162 python3        2650194 nvme1n1 WS   1660642048 131072   23.954
22:55:48.163 python3        2650194 nvme1n1 WS   1660642304 131072   24.077
22:55:48.163 python3        2650194 nvme1n1 WS   1660642560 131072   24.206
22:55:48.163 python3        2650194 nvme1n1 WS   1660642816 131072   24.329
22:55:48.163 python3        2650194 nvme1n1 WS   1660643072 131072   24.455
22:55:48.163 python3        2650194 nvme1n1 WS   1660643328 131072   24.594
22:55:48.163 python3        2650194 nvme1n1 WS   1660643584 131072   24.706
22:55:48.163 python3        2650194 nvme1n1 WS   1660643840 131072   24.844
22:55:48.163 python3        2650194 nvme1n1 WS   1660644096 131072   24.988
22:55:48.164 python3        2650194 nvme1n1 WS   1660644352 131072   25.126
22:55:48.164 python3        2650194 nvme1n1 WS   1660644608 131072   25.250
22:55:48.164 python3        2650194 nvme1n1 WS   1660644864 131072   25.377
22:55:48.164 python3        2650194 nvme1n1 WS   1660645120 131072   25.485
22:55:48.164 python3        2650194 nvme1n1 WS   1660499456 131072   25.561
22:55:48.164 python3        2650194 nvme1n1 WS   1660499712 131072   25.526
22:55:48.164 python3        2650194 nvme1n1 WS   1660822016 131072   25.597
22:55:48.164 python3        2650194 nvme1n1 WS   1660822272 131072   25.677
22:55:48.164 python3        2650191 nvme1n1 WS   1674572288 131072   23.416
22:55:48.164 python3        2650191 nvme1n1 WS   1674572544 131072   23.488
22:55:48.165 python3        2650191 nvme1n1 WS   1674572800 131072   23.562
22:55:48.165 python3        2650191 nvme1n1 WS   1674573056 131072   23.638
22:55:48.165 python3        2650191 nvme1n1 WS   1674573312 131072   23.716
22:55:48.165 python3        2650191 nvme1n1 WS   1674573568 131072   23.791
22:55:48.165 python3        2650191 nvme1n1 WS   1674573824 131072   23.864
22:55:48.165 python3        2650191 nvme1n1 WS   1674574080 131072   23.889
22:55:48.165 python3        2650191 nvme1n1 WS   1674574336 131072   23.965
22:55:48.165 python3        2650191 nvme1n1 WS   1674574592 131072   24.036
22:55:48.165 python3        2650191 nvme1n1 WS   1674574848 131072   24.108
22:55:48.165 python3        2650191 nvme1n1 WS   1674575104 131072   24.183
22:55:48.165 python3        2650191 nvme1n1 WS   1674575360 131072   24.258
22:55:48.165 python3        2650191 nvme1n1 WS   1674575616 131072   24.306
22:55:48.165 python3        2650191 nvme1n1 WS   1674315776 131072   24.381
22:55:48.166 python3        2650191 nvme1n1 WS   1674316032 131072   24.346
22:55:48.166 python3        2650191 nvme1n1 WS   1674589184 131072   24.459
22:55:48.166 python3        2650191 nvme1n1 WS   1674589440 131072   24.584
22:55:48.166 python3        2650193 nvme1n1 WS   1674600960 131072   24.016
22:55:48.166 python3        2650193 nvme1n1 WS   1674601216 131072   24.138
22:55:48.166 python3        2650193 nvme1n1 WS   1674601472 131072   24.265
22:55:48.166 python3        2650193 nvme1n1 WS   1674601728 131072   24.397
22:55:48.167 python3        2650193 nvme1n1 WS   1674601984 131072   24.528
22:55:48.167 python3        2650193 nvme1n1 WS   1674602240 131072   24.662
22:55:48.167 python3        2650193 nvme1n1 WS   1674602496 131072   24.817
22:55:48.167 python3        2650193 nvme1n1 WS   1674602752 131072   24.938
22:55:48.167 python3        2650193 nvme1n1 WS   1674603008 131072   25.071
22:55:48.167 python3        2650193 nvme1n1 WS   1674603264 131072   25.150
22:55:48.167 python3        2650193 nvme1n1 WS   1674603520 131072   25.225
22:55:48.167 python3        2650193 nvme1n1 WS   1674603776 131072   24.608
22:55:48.167 python3        2650193 nvme1n1 WS   1674604032 131072   24.685
22:55:48.167 python3        2650193 nvme1n1 WS   1674604288 131072   24.729
22:55:48.167 python3        2650193 nvme1n1 WS   1674582528 131072   24.808
22:55:48.168 python3        2650193 nvme1n1 WS   1674582784 131072   24.752
22:55:48.168 python3        2650193 nvme1n1 WS   1674593280 131072   24.828
22:55:48.168 python3        2650193 nvme1n1 WS   1674593536 131072   24.902
22:55:48.168 python3        2650192 nvme1n1 WS   1660649984 131072   25.048
22:55:48.168 python3        2650192 nvme1n1 WS   1660650240 131072   25.121
22:55:48.168 python3        2650192 nvme1n1 WS   1660650496 131072   25.202
22:55:48.168 python3        2650192 nvme1n1 WS   1660650752 131072   25.279
22:55:48.168 python3        2650192 nvme1n1 WS   1660651008 131072   25.351
22:55:48.168 python3        2650192 nvme1n1 WS   1660651264 131072   25.431
22:55:48.168 python3        2650192 nvme1n1 WS   1660651520 131072   25.507
22:55:48.168 python3        2650192 nvme1n1 WS   1660651776 131072   25.557
22:55:48.168 python3        2650192 nvme1n1 WS   1660652032 131072   25.631
22:55:48.169 python3        2650192 nvme1n1 WS   1660652288 131072   25.708
22:55:48.169 python3        2650192 nvme1n1 WS   1660652544 131072   25.783
22:55:48.169 python3        2650192 nvme1n1 WS   1660652800 131072   25.859
22:55:48.169 python3        2650192 nvme1n1 WS   1660653056 131072   25.939
22:55:48.169 python3        2650192 nvme1n1 WS   1660653312 131072   25.992
22:55:48.169 python3        2650192 nvme1n1 WS   1660448768 131072   26.066
22:55:48.169 python3        2650192 nvme1n1 WS   1660449024 131072   25.993
22:55:48.169 python3        2650192 nvme1n1 WS   1661023488 131072   26.055
22:55:48.169 python3        2650192 nvme1n1 WS   1661023744 131072   26.155
22:55:48.170 python3        2650192 nvme1n1 WS   1660658176 131072   23.141
22:55:48.170 python3        2650192 nvme1n1 WS   1660658432 131072   23.266
22:55:48.170 python3        2650192 nvme1n1 WS   1660658688 131072   23.392
22:55:48.170 python3        2650192 nvme1n1 WS   1660658944 131072   23.518
22:55:48.170 python3        2650192 nvme1n1 WS   1660659200 131072   23.661
22:55:48.170 python3        2650192 nvme1n1 WS   1660659456 131072   23.799
22:55:48.170 python3        2650192 nvme1n1 WS   1660659712 131072   23.942
22:55:48.170 python3        2650192 nvme1n1 WS   1660659968 131072   24.062
22:55:48.170 python3        2650192 nvme1n1 WS   1660660224 131072   24.193
22:55:48.171 python3        2650192 nvme1n1 WS   1660660480 131072   24.296
22:55:48.171 python3        2650192 nvme1n1 WS   1660660736 131072   24.371
22:55:48.171 python3        2650192 nvme1n1 WS   1660660992 131072   24.451
22:55:48.171 python3        2650192 nvme1n1 WS   1660661248 131072   24.526
22:55:48.171 python3        2650192 nvme1n1 WS   1660661504 131072   24.574
22:55:48.171 python3        2650192 nvme1n1 WS   1660503552 131072   24.653
22:55:48.171 python3        2650192 nvme1n1 WS   1660503808 131072   24.620
22:55:48.171 python3        2650192 nvme1n1 WS   1660712960 131072   24.694
22:55:48.171 python3        2650192 nvme1n1 WS   1660713216 131072   24.771
22:55:48.171 python3        2650194 nvme1n1 WS   1660666368 131072   23.870
22:55:48.171 python3        2650194 nvme1n1 WS   1660666624 131072   23.936
22:55:48.171 python3        2650194 nvme1n1 WS   1660666880 131072   24.012
22:55:48.171 python3        2650194 nvme1n1 WS   1660667136 131072   24.085
22:55:48.172 python3        2650194 nvme1n1 WS   1660667392 131072   24.161
22:55:48.172 python3        2650194 nvme1n1 WS   1660667648 131072   24.239
22:55:48.172 python3        2650194 nvme1n1 WS   1660667904 131072   24.316
22:55:48.172 python3        2650194 nvme1n1 WS   1660668160 131072   24.361
22:55:48.172 python3        2650194 nvme1n1 WS   1660668416 131072   24.436
22:55:48.173 python3        2650194 nvme1n1 WS   1660668672 131072   24.509
22:55:48.173 python3        2650194 nvme1n1 WS   1660668928 131072   24.576
22:55:48.173 python3        2650194 nvme1n1 WS   1660669184 131072   24.650
22:55:48.173 python3        2650194 nvme1n1 WS   1660669440 131072   24.728
22:55:48.173 python3        2650194 nvme1n1 WS   1660669696 131072   24.764
22:55:48.173 python3        2650194 nvme1n1 WS   1660678656 131072   24.853
22:55:48.173 python3        2650194 nvme1n1 WS   1660678912 131072   24.879
22:55:48.173 python3        2650194 nvme1n1 WS   1660830208 131072   25.005
22:55:48.173 python3        2650194 nvme1n1 WS   1660830464 131072   25.134
22:55:48.173 python3        2650191 nvme1n1 WS   1660838400 131072   23.277
22:55:48.173 python3        2650191 nvme1n1 WS   1660838656 131072   23.401
22:55:48.173 python3        2650191 nvme1n1 WS   1660838912 131072   23.535
22:55:48.173 python3        2650191 nvme1n1 WS   1660839168 131072   23.663
22:55:48.173 python3        2650191 nvme1n1 WS   1660839424 131072   23.768
22:55:48.174 python3        2650191 nvme1n1 WS   1660839680 131072   23.843
22:55:48.174 python3        2650191 nvme1n1 WS   1660839936 131072   23.919
22:55:48.174 python3        2650191 nvme1n1 WS   1660840192 131072   23.968
22:55:48.174 python3        2650191 nvme1n1 WS   1660840448 131072   24.047
22:55:48.174 python3        2650191 nvme1n1 WS   1660840704 131072   24.122
22:55:48.174 python3        2650191 nvme1n1 WS   1660840960 131072   24.193
22:55:48.174 python3        2650191 nvme1n1 WS   1660841216 131072   24.267
22:55:48.174 python3        2650191 nvme1n1 WS   1660841472 131072   24.340
22:55:48.174 python3        2650191 nvme1n1 WS   1660841728 131072   24.388
22:55:48.174 python3        2650191 nvme1n1 WS   1660682240 131072   24.467
22:55:48.174 python3        2650191 nvme1n1 WS   1660682496 131072   24.410
22:55:48.174 python3        2650191 nvme1n1 WS   1660740608 131072   24.487
22:55:48.174 python3        2650191 nvme1n1 WS   1660740864 131072   24.563
22:55:48.175 python3        2650191 nvme1n1 WS   1660846592 131072   23.830
22:55:48.175 python3        2650191 nvme1n1 WS   1660846848 131072   23.898
22:55:48.175 python3        2650191 nvme1n1 WS   1660847104 131072   23.980
22:55:48.175 python3        2650191 nvme1n1 WS   1660847360 131072   24.046
22:55:48.175 python3        2650191 nvme1n1 WS   1660847616 131072   24.121
22:55:48.175 python3        2650191 nvme1n1 WS   1660847872 131072   24.196
22:55:48.175 python3        2650191 nvme1n1 WS   1660848128 131072   24.276
22:55:48.175 python3        2650191 nvme1n1 WS   1660848384 131072   24.305
22:55:48.175 python3        2650191 nvme1n1 WS   1660848640 131072   24.363
22:55:48.175 python3        2650191 nvme1n1 WS   1660848896 131072   24.437
22:55:48.175 python3        2650191 nvme1n1 WS   1660849152 131072   24.561
22:55:48.175 python3        2650191 nvme1n1 WS   1660849408 131072   24.685
22:55:48.176 python3        2650191 nvme1n1 WS   1660849664 131072   24.812
22:55:48.176 python3        2650191 nvme1n1 WS   1660849920 131072   24.908
22:55:48.176 python3        2650191 nvme1n1 WS   1660685824 131072   25.033
22:55:48.176 python3        2650191 nvme1n1 WS   1660686080 131072   25.001
22:55:48.176 python3        2650191 nvme1n1 WS   1661031168 131072   25.139
22:55:48.176 python3        2650191 nvme1n1 WS   1661031424 131072   25.280
22:55:48.176 python3        2650193 nvme1n1 WS   1660854784 131072   23.786
22:55:48.177 python3        2650193 nvme1n1 WS   1660855040 131072   23.921
22:55:48.177 python3        2650193 nvme1n1 WS   1660855296 131072   24.062
22:55:48.177 python3        2650193 nvme1n1 WS   1660855552 131072   24.206
22:55:48.177 python3        2650193 nvme1n1 WS   1660855808 131072   24.332
22:55:48.177 python3        2650193 nvme1n1 WS   1660856064 131072   24.450
22:55:48.177 python3        2650193 nvme1n1 WS   1660856320 131072   24.525
22:55:48.177 python3        2650193 nvme1n1 WS   1660856576 131072   24.570
22:55:48.177 python3        2650193 nvme1n1 WS   1660856832 131072   24.651
22:55:48.178 python3        2650193 nvme1n1 WS   1660857088 131072   24.727
22:55:48.178 python3        2650193 nvme1n1 WS   1660857344 131072   24.804
22:55:48.178 python3        2650193 nvme1n1 WS   1660857600 131072   24.880
22:55:48.178 python3        2650193 nvme1n1 WS   1660857856 131072   24.961
22:55:48.178 python3        2650193 nvme1n1 WS   1660858112 131072   25.012
22:55:48.178 python3        2650193 nvme1n1 WS   1660690432 131072   25.083
22:55:48.178 python3        2650193 nvme1n1 WS   1660690688 131072   25.037
22:55:48.178 python3        2650193 nvme1n1 WS   1661039360 131072   25.111
22:55:48.178 python3        2650193 nvme1n1 WS   1661039616 131072   25.189
22:55:48.178 python3        2650192 nvme1n1 WS   1660862976 131072   23.675
22:55:48.178 python3        2650192 nvme1n1 WS   1660863232 131072   23.746
22:55:48.178 python3        2650192 nvme1n1 WS   1660863488 131072   23.821
22:55:48.178 python3        2650192 nvme1n1 WS   1660863744 131072   23.898
22:55:48.179 python3        2650192 nvme1n1 WS   1660864000 131072   23.974
22:55:48.179 python3        2650192 nvme1n1 WS   1660864256 131072   24.080
22:55:48.179 python3        2650192 nvme1n1 WS   1660864512 131072   24.158
22:55:48.179 python3        2650192 nvme1n1 WS   1660864768 131072   24.204
22:55:48.179 python3        2650192 nvme1n1 WS   1660865024 131072   24.280
22:55:48.179 python3        2650192 nvme1n1 WS   1660865280 131072   24.365
22:55:48.179 python3        2650192 nvme1n1 WS   1660865536 131072   24.495
22:55:48.179 python3        2650192 nvme1n1 WS   1660865792 131072   24.616
22:55:48.179 python3        2650192 nvme1n1 WS   1660866048 131072   24.741
22:55:48.179 python3        2650192 nvme1n1 WS   1660866304 131072   24.841
22:55:48.180 python3        2650192 nvme1n1 WS   1660694016 131072   24.966
22:55:48.180 python3        2650192 nvme1n1 WS   1660694272 131072   24.983
22:55:48.180 python3        2650192 nvme1n1 WS   1661055744 131072   25.106
22:55:48.180 python3        2650192 nvme1n1 WS   1661056000 131072   25.233
22:55:48.180 python3        2650193 nvme1n1 WS   1661047552 131072   25.529
22:55:48.180 python3        2650193 nvme1n1 WS   1661047808 131072   25.615
22:55:48.180 python3        2650193 nvme1n1 WS   1661048064 131072   25.692
22:55:48.180 python3        2650193 nvme1n1 WS   1661048320 131072   25.773
22:55:48.180 python3        2650193 nvme1n1 WS   1661048576 131072   25.850
22:55:48.181 python3        2650193 nvme1n1 WS   1661048832 131072   25.918
22:55:48.181 python3        2650193 nvme1n1 WS   1661049088 131072   25.994
22:55:48.181 python3        2650193 nvme1n1 WS   1661049344 131072   26.049
22:55:48.181 python3        2650193 nvme1n1 WS   1661049600 131072   26.125
22:55:48.181 python3        2650193 nvme1n1 WS   1661049856 131072   26.195
22:55:48.181 python3        2650193 nvme1n1 WS   1661050112 131072   26.273
22:55:48.181 python3        2650193 nvme1n1 WS   1661050368 131072   26.345
22:55:48.181 python3        2650193 nvme1n1 WS   1661050624 131072   26.419
22:55:48.181 python3        2650193 nvme1n1 WS   1661050880 131072   26.464
22:55:48.181 python3        2650193 nvme1n1 WS   1661214208 131072   26.538
22:55:48.181 python3        2650193 nvme1n1 WS   1661214464 131072   26.493
22:55:48.181 python3        2650193 nvme1n1 WS   1661224448 131072   26.567
22:55:48.181 python3        2650193 nvme1n1 WS   1661224704 131072   26.643
22:55:48.182 python3        2650193 nvme1n1 WS   1660875264 131072   24.950
22:55:48.182 python3        2650193 nvme1n1 WS   1660875520 131072   25.026
22:55:48.182 python3        2650193 nvme1n1 WS   1660875776 131072   25.100
22:55:48.182 python3        2650193 nvme1n1 WS   1660876032 131072   25.173
22:55:48.182 python3        2650193 nvme1n1 WS   1660876288 131072   25.252
22:55:48.182 python3        2650193 nvme1n1 WS   1660876544 131072   25.334
22:55:48.182 python3        2650193 nvme1n1 WS   1660876800 131072   25.404
22:55:48.182 python3        2650193 nvme1n1 WS   1660877056 131072   25.498
22:55:48.182 python3        2650193 nvme1n1 WS   1660877312 131072   25.625
22:55:48.182 python3        2650193 nvme1n1 WS   1660877568 131072   25.747
22:55:48.183 python3        2650193 nvme1n1 WS   1660877824 131072   25.874
22:55:48.183 python3        2650193 nvme1n1 WS   1660878080 131072   25.997
22:55:48.183 python3        2650193 nvme1n1 WS   1660878336 131072   26.129
22:55:48.183 python3        2650193 nvme1n1 WS   1660878592 131072   26.257
22:55:48.183 python3        2650193 nvme1n1 WS   1660702208 131072   26.391
22:55:48.183 python3        2650193 nvme1n1 WS   1660702464 131072   26.412
22:55:48.183 python3        2650193 nvme1n1 WS   1661063936 131072   26.543
22:55:48.184 python3        2650193 nvme1n1 WS   1661064192 131072   26.672
22:55:48.184 python3        2650194 nvme1n1 WS   1660879360 131072   23.530
22:55:48.184 python3        2650194 nvme1n1 WS   1660879616 131072   23.602
22:55:48.184 python3        2650194 nvme1n1 WS   1660879872 131072   23.677
22:55:48.184 python3        2650194 nvme1n1 WS   1660880128 131072   23.750
22:55:48.184 python3        2650194 nvme1n1 WS   1660880384 131072   23.824
22:55:48.184 python3        2650194 nvme1n1 WS   1660880640 131072   23.896
22:55:48.184 python3        2650194 nvme1n1 WS   1660880896 131072   23.977
22:55:48.184 python3        2650194 nvme1n1 WS   1660881152 131072   24.020
22:55:48.184 python3        2650194 nvme1n1 WS   1660881408 131072   24.091
22:55:48.184 python3        2650194 nvme1n1 WS   1660881664 131072   24.162
22:55:48.184 python3        2650194 nvme1n1 WS   1660881920 131072   24.237
22:55:48.185 python3        2650194 nvme1n1 WS   1660882176 131072   24.314
22:55:48.185 python3        2650194 nvme1n1 WS   1660882432 131072   24.393
22:55:48.185 python3        2650194 nvme1n1 WS   1660882688 131072   24.475
22:55:48.185 python3        2650194 nvme1n1 WS   1660706816 131072   24.553
22:55:48.185 python3        2650194 nvme1n1 WS   1660707072 131072   24.495
22:55:48.185 python3        2650194 nvme1n1 WS   1660748800 131072   24.570
22:55:48.185 python3        2650194 nvme1n1 WS   1660749056 131072   24.647
22:55:48.185 python3        2650194 nvme1n1 WS   1660887552 131072   24.302
22:55:48.185 python3        2650194 nvme1n1 WS   1660887808 131072   24.413
22:55:48.185 python3        2650194 nvme1n1 WS   1660888064 131072   24.541
22:55:48.185 python3        2650194 nvme1n1 WS   1660888320 131072   24.619
22:55:48.186 python3        2650194 nvme1n1 WS   1660888576 131072   24.709
22:55:48.186 python3        2650194 nvme1n1 WS   1660888832 131072   24.833
22:55:48.186 python3        2650194 nvme1n1 WS   1660889088 131072   24.956
22:55:48.186 python3        2650194 nvme1n1 WS   1660889344 131072   25.059
22:55:48.186 python3        2650194 nvme1n1 WS   1660889600 131072   25.185
22:55:48.186 python3        2650194 nvme1n1 WS   1660889856 131072   25.311
22:55:48.186 python3        2650194 nvme1n1 WS   1660890112 131072   25.440
22:55:48.186 python3        2650194 nvme1n1 WS   1660890368 131072   25.529
22:55:48.186 python3        2650194 nvme1n1 WS   1660890624 131072   25.606
22:55:48.187 python3        2650192 nvme1n1 WS   1660895744 131072   24.953
22:55:48.187 python3        2650192 nvme1n1 WS   1660896000 131072   25.027
22:55:48.187 python3        2650192 nvme1n1 WS   1660896256 131072   25.104
22:55:48.187 python3        2650192 nvme1n1 WS   1660896512 131072   25.179
22:55:48.187 python3        2650192 nvme1n1 WS   1660896768 131072   25.250
22:55:48.187 python3        2650192 nvme1n1 WS   1660897024 131072   25.331
22:55:48.187 python3        2650192 nvme1n1 WS   1660897280 131072   25.403
22:55:48.187 python3        2650192 nvme1n1 WS   1660897536 131072   25.455
22:55:48.187 python3        2650192 nvme1n1 WS   1660897792 131072   25.525
22:55:48.187 python3        2650192 nvme1n1 WS   1660898048 131072   25.606
22:55:48.187 python3        2650192 nvme1n1 WS   1660898304 131072   25.680
22:55:48.187 python3        2650192 nvme1n1 WS   1660898560 131072   25.758
22:55:48.188 python3        2650194 nvme1n1 WS   1660890880 131072   26.645
22:55:48.188 python3        2650194 nvme1n1 WS   1660710400 131072   26.727
22:55:48.188 python3        2650194 nvme1n1 WS   1660710656 131072   26.653
22:55:48.188 python3        2650194 nvme1n1 WS   1661072128 131072   26.729
22:55:48.188 python3        2650192 nvme1n1 WS   1660898816 131072   26.201
22:55:48.188 python3        2650192 nvme1n1 WS   1660899072 131072   26.251
22:55:48.188 python3        2650192 nvme1n1 WS   1660719104 131072   26.346
22:55:48.188 python3        2650192 nvme1n1 WS   1660719360 131072   26.354
22:55:48.188 python3        2650192 nvme1n1 WS   1661204000 131072   26.436
22:55:48.188 python3        2650192 nvme1n1 WS   1661204256 131072   26.514
22:55:48.188 python3        2650191 nvme1n1 WS   588001792  131072   25.361
22:55:48.189 python3        2650191 nvme1n1 WS   588002048  131072   25.428
22:55:48.189 python3        2650191 nvme1n1 WS   588002304  131072   25.505
22:55:48.189 python3        2650191 nvme1n1 WS   588002560  131072   25.568
22:55:48.189 python3        2650191 nvme1n1 WS   588002816  131072   25.662
22:55:48.189 python3        2650191 nvme1n1 WS   588003072  131072   25.786
22:55:48.189 python3        2650191 nvme1n1 WS   588003328  131072   25.911
22:55:48.189 python3        2650191 nvme1n1 WS   588003584  131072   26.014
22:55:48.189 python3        2650191 nvme1n1 WS   588003840  131072   26.144
22:55:48.189 python3        2650191 nvme1n1 WS   588004096  131072   26.284
22:55:48.190 python3        2650191 nvme1n1 WS   588004352  131072   26.423
22:55:48.190 python3        2650191 nvme1n1 WS   588004608  131072   26.567
22:55:48.190 python3        2650194 nvme1n1 WS   1661072384 131072   28.788
22:55:48.190 python3        2650191 nvme1n1 WS   588004864  131072   26.851
22:55:48.190 python3        2650191 nvme1n1 WS   588005120  131072   26.948
22:55:48.190 python3        2650191 nvme1n1 WS   1505430016 131072   27.055
22:55:48.190 python3        2650191 nvme1n1 WS   1505430272 131072   27.006
22:55:48.190 python3        2650191 nvme1n1 WS   1652344320 131072   27.082
22:55:48.191 python3        2650191 nvme1n1 WS   1652344576 131072   27.162
22:55:48.191 python3        2650194 nvme1n1 WS   1660903936 131072   25.344
22:55:48.191 python3        2650194 nvme1n1 WS   1660904192 131072   25.414
22:55:48.191 python3        2650194 nvme1n1 WS   1660904448 131072   25.494
22:55:48.191 python3        2650194 nvme1n1 WS   1660904704 131072   25.600
22:55:48.191 python3        2650194 nvme1n1 WS   1660904960 131072   25.679
22:55:48.191 python3        2650194 nvme1n1 WS   1660905216 131072   25.761
22:55:48.191 python3        2650194 nvme1n1 WS   1660905472 131072   25.833
22:55:48.191 python3        2650194 nvme1n1 WS   1660905728 131072   25.883
22:55:48.191 python3        2650194 nvme1n1 WS   1660905984 131072   25.956
22:55:48.191 python3        2650194 nvme1n1 WS   1660906240 131072   26.036
22:55:48.191 python3        2650194 nvme1n1 WS   1660906496 131072   26.111
22:55:48.192 python3        2650194 nvme1n1 WS   1660906752 131072   26.186
22:55:48.192 python3        2650194 nvme1n1 WS   1660907008 131072   26.262
22:55:48.192 python3        2650194 nvme1n1 WS   1660907264 131072   26.318
22:55:48.192 python3        2650194 nvme1n1 WS   1660722688 131072   26.388
22:55:48.192 python3        2650194 nvme1n1 WS   1660722944 131072   26.337
22:55:48.192 python3        2650194 nvme1n1 WS   1661080320 131072   26.411
22:55:48.192 python3        2650194 nvme1n1 WS   1661080576 131072   26.485
22:55:48.192 python3        2650191 nvme1n1 WS   1660912128 131072   25.377
22:55:48.192 python3        2650191 nvme1n1 WS   1660912384 131072   25.438
22:55:48.192 python3        2650191 nvme1n1 WS   1660912640 131072   25.501
22:55:48.193 python3        2650191 nvme1n1 WS   1660912896 131072   25.559
22:55:48.193 python3        2650191 nvme1n1 WS   1660913152 131072   25.624
22:55:48.193 python3        2650191 nvme1n1 WS   1660913408 131072   25.686
22:55:48.193 python3        2650191 nvme1n1 WS   1660913664 131072   25.749
22:55:48.193 python3        2650191 nvme1n1 WS   1660913920 131072   25.833
22:55:48.193 python3        2650191 nvme1n1 WS   1660914176 131072   25.972
22:55:48.193 python3        2650191 nvme1n1 WS   1660914432 131072   26.112
22:55:48.193 python3        2650191 nvme1n1 WS   1660914688 131072   26.255
22:55:48.193 python3        2650191 nvme1n1 WS   1660914944 131072   26.395
22:55:48.193 python3        2650191 nvme1n1 WS   1660915200 131072   26.537
22:55:48.193 python3        2650191 nvme1n1 WS   1660915456 131072   26.646
22:55:48.194 python3        2650191 nvme1n1 WS   1660723200 131072   26.774
22:55:48.194 python3        2650191 nvme1n1 WS   1660723456 131072   26.746
22:55:48.194 python3        2650191 nvme1n1 WS   1661088512 131072   26.753
22:55:48.194 python3        2650191 nvme1n1 WS   1661088768 131072   26.827
22:55:48.194 python3        2650192 nvme1n1 WS   1660920320 131072   23.961
22:55:48.194 python3        2650192 nvme1n1 WS   1660920576 131072   24.037
22:55:48.194 python3        2650192 nvme1n1 WS   1660920832 131072   24.117
22:55:48.194 python3        2650192 nvme1n1 WS   1660921088 131072   24.185
22:55:48.194 python3        2650192 nvme1n1 WS   1660921344 131072   24.261
22:55:48.194 python3        2650192 nvme1n1 WS   1660921600 131072   24.337
22:55:48.194 python3        2650192 nvme1n1 WS   1660921856 131072   24.416
22:55:48.195 python3        2650192 nvme1n1 WS   1660922112 131072   24.460
22:55:48.195 python3        2650192 nvme1n1 WS   1660922368 131072   24.537
22:55:48.195 python3        2650192 nvme1n1 WS   1660922624 131072   24.612
22:55:48.195 python3        2650192 nvme1n1 WS   1660922880 131072   24.683
22:55:48.195 python3        2650192 nvme1n1 WS   1660923136 131072   24.757
22:55:48.195 python3        2650192 nvme1n1 WS   1660923392 131072   24.832
22:55:48.195 python3        2650192 nvme1n1 WS   1660923648 131072   24.910
22:55:48.195 python3        2650192 nvme1n1 WS   1660726784 131072   25.034
22:55:48.195 python3        2650192 nvme1n1 WS   1660727040 131072   25.046
22:55:48.196 python3        2650193 nvme1n1 WS   1660928512 131072   24.805
22:55:48.196 python3        2650193 nvme1n1 WS   1660928768 131072   24.926
22:55:48.196 python3        2650193 nvme1n1 WS   1660929024 131072   25.050
22:55:48.196 python3        2650193 nvme1n1 WS   1660929280 131072   25.174
22:55:48.196 python3        2650193 nvme1n1 WS   1660929536 131072   25.301
22:55:48.196 python3        2650193 nvme1n1 WS   1660929792 131072   25.424
22:55:48.196 python3        2650193 nvme1n1 WS   1660930048 131072   25.551
22:55:48.196 python3        2650193 nvme1n1 WS   1660930304 131072   25.613
22:55:48.196 python3        2650193 nvme1n1 WS   1660930560 131072   25.685
22:55:48.196 python3        2650193 nvme1n1 WS   1660930816 131072   25.761
22:55:48.197 python3        2650193 nvme1n1 WS   1660931072 131072   25.835
22:55:48.197 python3        2650193 nvme1n1 WS   1660931328 131072   25.907
22:55:48.197 python3        2650192 nvme1n1 WS   1661024000 131072   26.427
22:55:48.197 python3        2650192 nvme1n1 WS   1661024256 131072   26.540
22:55:48.197 python3        2650193 nvme1n1 WS   1660931584 131072   26.173
22:55:48.197 python3        2650193 nvme1n1 WS   1660931840 131072   26.225
22:55:48.197 python3        2650193 nvme1n1 WS   1660734976 131072   26.301
22:55:48.197 python3        2650193 nvme1n1 WS   1660735232 131072   26.243
22:55:48.197 python3        2650193 nvme1n1 WS   1661096704 131072   26.318
22:55:48.197 python3        2650193 nvme1n1 WS   1661096960 131072   26.396
22:55:48.197 python3        2650192 nvme1n1 WS   1660940800 131072   25.151
22:55:48.198 python3        2650192 nvme1n1 WS   1660941056 131072   25.221
22:55:48.198 python3        2650192 nvme1n1 WS   1660941312 131072   25.299
22:55:48.198 python3        2650192 nvme1n1 WS   1660941568 131072   25.373
22:55:48.198 python3        2650192 nvme1n1 WS   1660941824 131072   25.447
22:55:48.198 python3        2650192 nvme1n1 WS   1660942080 131072   25.522
22:55:48.198 python3        2650192 nvme1n1 WS   1660942336 131072   25.595
22:55:48.198 python3        2650192 nvme1n1 WS   1660942592 131072   25.648
22:55:48.198 python3        2650192 nvme1n1 WS   1660942848 131072   25.725
22:55:48.198 python3        2650192 nvme1n1 WS   1660943104 131072   25.797
22:55:48.198 python3        2650192 nvme1n1 WS   1660943360 131072   25.872
22:55:48.198 python3        2650192 nvme1n1 WS   1660943616 131072   25.946
22:55:48.198 python3        2650194 nvme1n1 WS   591583872  131072   24.725
22:55:48.198 python3        2650194 nvme1n1 WS   591584128  131072   24.798
22:55:48.198 python3        2650194 nvme1n1 WS   591584384  131072   24.876
22:55:48.199 python3        2650194 nvme1n1 WS   591584640  131072   24.936
22:55:48.199 python3        2650192 nvme1n1 WS   1660943872 131072   26.325
22:55:48.199 python3        2650192 nvme1n1 WS   1660944128 131072   26.428
22:55:48.199 python3        2650192 nvme1n1 WS   1660713472 131072   26.555
22:55:48.199 python3        2650192 nvme1n1 WS   1660713728 131072   26.559
22:55:48.199 python3        2650192 nvme1n1 WS   1661260288 131072   26.694
22:55:48.200 python3        2650192 nvme1n1 WS   1661260544 131072   26.835
22:55:48.200 python3        2650194 nvme1n1 WS   591584896  131072   25.823
22:55:48.200 python3        2650194 nvme1n1 WS   591585152  131072   25.961
22:55:48.200 python3        2650194 nvme1n1 WS   591585408  131072   26.104
22:55:48.200 python3        2650194 nvme1n1 WS   591585664  131072   26.213
22:55:48.200 python3        2650194 nvme1n1 WS   591585920  131072   26.358
22:55:48.200 python3        2650194 nvme1n1 WS   591586176  131072   26.500
22:55:48.200 python3        2650194 nvme1n1 WS   591586432  131072   26.633
22:55:48.200 python3        2650194 nvme1n1 WS   591586688  131072   26.762
22:55:48.201 python3        2650194 nvme1n1 WS   591586944  131072   26.889
22:55:48.201 python3        2650194 nvme1n1 WS   591587200  131072   26.977
22:55:48.201 python3        2650194 nvme1n1 WS   591587456  131072   27.057
22:55:48.201 python3        2650194 nvme1n1 WS   591587712  131072   27.108
22:55:48.201 python3        2650191 nvme1n1 WS   1661104896 131072   25.553
22:55:48.201 python3        2650191 nvme1n1 WS   1661105152 131072   25.632
22:55:48.201 python3        2650191 nvme1n1 WS   1661105408 131072   25.715
22:55:48.201 python3        2650191 nvme1n1 WS   1661105664 131072   25.796
22:55:48.201 python3        2650194 nvme1n1 WS   591587968  131072   27.523
22:55:48.201 python3        2650194 nvme1n1 WS   591588224  131072   27.597
22:55:48.201 python3        2650191 nvme1n1 WS   1661493760 131072   24.268
22:55:48.201 python3        2650191 nvme1n1 WS   1661494016 131072   24.333
22:55:48.202 python3        2650191 nvme1n1 WS   1661494272 131072   24.406
22:55:48.202 python3        2650191 nvme1n1 WS   1661494528 131072   24.479
22:55:48.202 python3        2650191 nvme1n1 WS   1661494784 131072   24.553
22:55:48.202 python3        2650191 nvme1n1 WS   1661495040 131072   24.626
22:55:48.202 python3        2650191 nvme1n1 WS   1661495296 131072   24.697
22:55:48.202 python3        2650191 nvme1n1 WS   1661495552 131072   24.749
22:55:48.202 python3        2650191 nvme1n1 WS   1661495808 131072   24.825
22:55:48.202 python3        2650191 nvme1n1 WS   1661496064 131072   24.886
22:55:48.202 python3        2650191 nvme1n1 WS   1661496320 131072   24.959
22:55:48.202 python3        2650191 nvme1n1 WS   1661496576 131072   25.084
22:55:48.202 python3        2650191 nvme1n1 WS   1661105920 131072   27.058
22:55:48.203 python3        2650191 nvme1n1 WS   1661106176 131072   27.185
22:55:48.203 python3        2650191 nvme1n1 WS   1661106432 131072   27.314
22:55:48.203 python3        2650191 nvme1n1 WS   1661106688 131072   27.451
22:55:48.203 python3        2650191 nvme1n1 WS   1661496832 131072   25.739
22:55:48.203 python3        2650191 nvme1n1 WS   1661497088 131072   25.791
22:55:48.203 python3        2650191 nvme1n1 WS   1661472256 131072   25.870
22:55:48.203 python3        2650191 nvme1n1 WS   1661472512 131072   25.802
22:55:48.203 python3        2650191 nvme1n1 WS   1661486080 131072   25.884
22:55:48.204 python3        2650191 nvme1n1 WS   1661486336 131072   25.961
22:55:48.204 python3        2650193 nvme1n1 WS   1674609152 131072   24.570
22:55:48.204 python3        2650193 nvme1n1 WS   1674609408 131072   24.642
22:55:48.204 python3        2650193 nvme1n1 WS   1674609664 131072   24.716
22:55:48.204 python3        2650193 nvme1n1 WS   1674609920 131072   24.793
22:55:48.204 python3        2650193 nvme1n1 WS   1674610176 131072   24.868
22:55:48.204 python3        2650193 nvme1n1 WS   1674610432 131072   24.940
22:55:48.204 python3        2650191 nvme1n1 WS   1661106944 131072   28.514
22:55:48.204 python3        2650191 nvme1n1 WS   1661107200 131072   28.594
22:55:48.204 python3        2650191 nvme1n1 WS   1661107456 131072   28.669
22:55:48.204 python3        2650191 nvme1n1 WS   1661107712 131072   28.745
22:55:48.204 python3        2650193 nvme1n1 WS   1674610688 131072   25.344
22:55:48.204 python3        2650193 nvme1n1 WS   1674610944 131072   25.420
22:55:48.204 python3        2650193 nvme1n1 WS   1674611200 131072   25.548
22:55:48.205 python3        2650193 nvme1n1 WS   1674611456 131072   25.653
22:55:48.205 python3        2650193 nvme1n1 WS   1674611712 131072   25.727
22:55:48.205 python3        2650193 nvme1n1 WS   1674611968 131072   25.804
22:55:48.205 python3        2650193 nvme1n1 WS   1674612224 131072   25.880
22:55:48.205 python3        2650193 nvme1n1 WS   1674612480 131072   25.911
22:55:48.205 python3        2650193 nvme1n1 WS   1674589696 131072   25.988
22:55:48.205 python3        2650193 nvme1n1 WS   1674589952 131072   25.908
22:55:48.205 python3        2650193 nvme1n1 WS   1674590208 131072   25.969
22:55:48.205 python3        2650193 nvme1n1 WS   1674590464 131072   26.031
22:55:48.205 python3        2650191 nvme1n1 WS   1661107968 131072   29.872
22:55:48.205 python3        2650191 nvme1n1 WS   1661108224 131072   29.973
22:55:48.206 python3        2650191 nvme1n1 WS   1661218816 131072   30.108
22:55:48.206 python3        2650191 nvme1n1 WS   1661219072 131072   30.134
22:55:48.206 python3        2650191 nvme1n1 WS   1661268480 131072   30.275
22:55:48.206 python3        2650191 nvme1n1 WS   1661268736 131072   30.419
22:55:48.206 python3        2650192 nvme1n1 WS   1661113088 131072   25.260
22:55:48.206 python3        2650192 nvme1n1 WS   1661113344 131072   25.355
22:55:48.206 python3        2650192 nvme1n1 WS   1661113600 131072   25.440
22:55:48.206 python3        2650192 nvme1n1 WS   1661113856 131072   25.517
22:55:48.207 python3        2650192 nvme1n1 WS   1661114112 131072   25.595
22:55:48.207 python3        2650192 nvme1n1 WS   1661114368 131072   25.674
22:55:48.207 python3        2650192 nvme1n1 WS   1661114624 131072   25.749
22:55:48.207 python3        2650192 nvme1n1 WS   1661114880 131072   25.811
22:55:48.207 python3        2650192 nvme1n1 WS   1661115136 131072   25.891
22:55:48.207 python3        2650192 nvme1n1 WS   1661115392 131072   25.969
22:55:48.207 python3        2650192 nvme1n1 WS   1661115648 131072   26.049
22:55:48.207 python3        2650192 nvme1n1 WS   1661115904 131072   26.118
22:55:48.207 python3        2650192 nvme1n1 WS   1661116160 131072   26.192
22:55:48.207 python3        2650192 nvme1n1 WS   1661116416 131072   26.251
22:55:48.207 python3        2650192 nvme1n1 WS   1661222400 131072   26.311
22:55:48.207 python3        2650192 nvme1n1 WS   1661222656 131072   26.265
22:55:48.208 python3        2650193 nvme1n1 WS   1674617344 131072   25.134
22:55:48.208 python3        2650193 nvme1n1 WS   1674617600 131072   25.207
22:55:48.208 python3        2650193 nvme1n1 WS   1674617856 131072   25.280
22:55:48.208 python3        2650193 nvme1n1 WS   1674618112 131072   25.352
22:55:48.208 python3        2650193 nvme1n1 WS   1674618368 131072   25.431
22:55:48.208 python3        2650193 nvme1n1 WS   1674618624 131072   25.505
22:55:48.208 python3        2650193 nvme1n1 WS   1674618880 131072   25.582
22:55:48.208 python3        2650193 nvme1n1 WS   1674619136 131072   25.634
22:55:48.208 python3        2650193 nvme1n1 WS   1674619392 131072   25.712
22:55:48.208 python3        2650193 nvme1n1 WS   1674619648 131072   25.771
22:55:48.208 python3        2650193 nvme1n1 WS   1674619904 131072   25.851
22:55:48.208 python3        2650193 nvme1n1 WS   1674620160 131072   25.959
22:55:48.208 python3        2650192 nvme1n1 WS   1661276672 131072   27.297
22:55:48.208 python3        2650192 nvme1n1 WS   1661276928 131072   27.353
22:55:48.209 python3        2650193 nvme1n1 WS   1674620416 131072   26.193
22:55:48.209 python3        2650193 nvme1n1 WS   1674620672 131072   26.302
22:55:48.209 python3        2650193 nvme1n1 WS   1674593792 131072   26.429
22:55:48.209 python3        2650193 nvme1n1 WS   1674594048 131072   26.470
22:55:48.209 python3        2650193 nvme1n1 WS   1674594304 131072   26.602
22:55:48.209 python3        2650193 nvme1n1 WS   1674594560 131072   26.744
22:55:48.209 python3        2650193 nvme1n1 WS   1674625536 131072   25.199
22:55:48.210 python3        2650193 nvme1n1 WS   1674625792 131072   25.329
22:55:48.210 python3        2650193 nvme1n1 WS   1674626048 131072   25.467
22:55:48.210 python3        2650193 nvme1n1 WS   1674626304 131072   25.589
22:55:48.210 python3        2650193 nvme1n1 WS   1674626560 131072   25.713
22:55:48.210 python3        2650193 nvme1n1 WS   1674626816 131072   25.793
22:55:48.210 python3        2650193 nvme1n1 WS   1674627072 131072   25.869
22:55:48.210 python3        2650193 nvme1n1 WS   1674627328 131072   25.928
22:55:48.210 python3        2650193 nvme1n1 WS   1674627584 131072   26.008
22:55:48.210 python3        2650193 nvme1n1 WS   1674627840 131072   26.083
22:55:48.210 python3        2650193 nvme1n1 WS   1674628096 131072   26.158
22:55:48.211 python3        2650193 nvme1n1 WS   1674628352 131072   26.233
22:55:48.211 python3        2650194 nvme1n1 WS   1661121280 131072   24.722
22:55:48.211 python3        2650194 nvme1n1 WS   1661121536 131072   24.791
22:55:48.211 python3        2650194 nvme1n1 WS   1661121792 131072   24.865
22:55:48.211 python3        2650194 nvme1n1 WS   1661122048 131072   24.944
22:55:48.211 python3        2650193 nvme1n1 WS   1674628608 131072   26.665
22:55:48.211 python3        2650193 nvme1n1 WS   1674628864 131072   26.751
22:55:48.211 python3        2650193 nvme1n1 WS   1674637824 131072   26.830
22:55:48.211 python3        2650193 nvme1n1 WS   1674638080 131072   26.827
22:55:48.211 python3        2650193 nvme1n1 WS   1674638336 131072   26.901
22:55:48.211 python3        2650193 nvme1n1 WS   1674638592 131072   26.979
22:55:48.211 python3        2650194 nvme1n1 WS   1661122304 131072   25.565
22:55:48.212 python3        2650194 nvme1n1 WS   1661122560 131072   25.639
22:55:48.212 python3        2650194 nvme1n1 WS   1661122816 131072   25.715
22:55:48.212 python3        2650194 nvme1n1 WS   1661123072 131072   25.813
22:55:48.212 python3        2650194 nvme1n1 WS   1661123328 131072   25.940
22:55:48.212 python3        2650194 nvme1n1 WS   1661123584 131072   26.068
22:55:48.212 python3        2650194 nvme1n1 WS   1661123840 131072   26.191
22:55:48.212 python3        2650194 nvme1n1 WS   1661124096 131072   26.305
22:55:48.212 python3        2650194 nvme1n1 WS   1661124352 131072   26.386
22:55:48.212 python3        2650194 nvme1n1 WS   1661124608 131072   26.416
22:55:48.212 python3        2650194 nvme1n1 WS   1661227008 131072   26.497
22:55:48.213 python3        2650194 nvme1n1 WS   1661227264 131072   26.445
22:55:48.213 python3        2650194 nvme1n1 WS   1661224960 131072   26.526
22:55:48.213 python3        2650194 nvme1n1 WS   1661225216 131072   26.602
22:55:48.213 python3        2650192 nvme1n1 WS   1661129472 131072   23.374
22:55:48.213 python3        2650192 nvme1n1 WS   1661129728 131072   23.444
22:55:48.213 python3        2650192 nvme1n1 WS   1661129984 131072   23.523
22:55:48.213 python3        2650192 nvme1n1 WS   1661130240 131072   23.600
22:55:48.213 python3        2650192 nvme1n1 WS   1661130496 131072   23.687
22:55:48.213 python3        2650192 nvme1n1 WS   1661130752 131072   23.812
22:55:48.213 python3        2650192 nvme1n1 WS   1661131008 131072   23.946
22:55:48.214 python3        2650192 nvme1n1 WS   1661131264 131072   24.007
22:55:48.214 python3        2650192 nvme1n1 WS   1661131520 131072   24.081
22:55:48.214 python3        2650192 nvme1n1 WS   1661131776 131072   24.159
22:55:48.214 python3        2650192 nvme1n1 WS   1661132032 131072   24.251
22:55:48.214 python3        2650192 nvme1n1 WS   1661132288 131072   24.331
22:55:48.214 python3        2650192 nvme1n1 WS   1661132544 131072   24.411
22:55:48.214 python3        2650192 nvme1n1 WS   1661132800 131072   24.488
22:55:48.214 python3        2650192 nvme1n1 WS   1661230592 131072   24.569
22:55:48.214 python3        2650192 nvme1n1 WS   1661230848 131072   24.567
22:55:48.214 python3        2650192 nvme1n1 WS   1661284864 131072   24.646
22:55:48.214 python3        2650192 nvme1n1 WS   1661285120 131072   24.755
22:55:48.214 python3        2650191 nvme1n1 WS   612550952  131072   22.815
22:55:48.215 python3        2650191 nvme1n1 WS   612551208  131072   22.887
22:55:48.215 python3        2650191 nvme1n1 WS   612551464  131072   22.944
22:55:48.215 python3        2650191 nvme1n1 WS   612551720  131072   23.016
22:55:48.215 python3        2650191 nvme1n1 WS   612551976  131072   23.145
22:55:48.215 python3        2650191 nvme1n1 WS   612552232  131072   23.264
22:55:48.215 python3        2650191 nvme1n1 WS   612552488  131072   23.391
22:55:48.215 python3        2650191 nvme1n1 WS   612552744  131072   23.488
22:55:48.215 python3        2650191 nvme1n1 WS   612553000  131072   23.629
22:55:48.215 python3        2650191 nvme1n1 WS   612553256  131072   23.767
22:55:48.216 python3        2650191 nvme1n1 WS   612553512  131072   23.909
22:55:48.216 python3        2650191 nvme1n1 WS   612553768  131072   24.051
22:55:48.216 python3        2650191 nvme1n1 WS   612554024  131072   24.191
22:55:48.216 python3        2650191 nvme1n1 WS   612554280  131072   24.329
22:55:48.216 python3        2650191 nvme1n1 WS   612554536  131072   24.472
22:55:48.216 python3        2650194 nvme1n1 WS   1661137664 131072   24.611
22:55:48.217 python3        2650194 nvme1n1 WS   1661137920 131072   24.753
22:55:48.217 python3        2650194 nvme1n1 WS   1661138176 131072   24.891
22:55:48.217 python3        2650194 nvme1n1 WS   1661138432 131072   25.034
22:55:48.217 python3        2650194 nvme1n1 WS   1661138688 131072   25.163
22:55:48.217 python3        2650194 nvme1n1 WS   1661138944 131072   25.263
22:55:48.217 python3        2650194 nvme1n1 WS   1661139200 131072   25.337
22:55:48.217 python3        2650194 nvme1n1 WS   1661139456 131072   25.389
22:55:48.217 python3        2650194 nvme1n1 WS   1661139712 131072   25.468
22:55:48.217 python3        2650194 nvme1n1 WS   1661139968 131072   25.543
22:55:48.217 python3        2650194 nvme1n1 WS   1661140224 131072   25.622
22:55:48.218 python3        2650194 nvme1n1 WS   1661140480 131072   25.700
22:55:48.218 python3        2650191 nvme1n1 WS   612554792  131072   25.837
22:55:48.218 python3        2650191 nvme1n1 WS   612555048  131072   25.912
22:55:48.218 python3        2650191 nvme1n1 WS   612555304  131072   25.983
22:55:48.218 python3        2650194 nvme1n1 WS   1661140736 131072   26.004
22:55:48.218 python3        2650194 nvme1n1 WS   1661140992 131072   26.054
22:55:48.218 python3        2650194 nvme1n1 WS   1661235200 131072   26.134
22:55:48.218 python3        2650194 nvme1n1 WS   1661235456 131072   26.041
22:55:48.218 python3        2650194 nvme1n1 WS   1661293056 131072   26.121
22:55:48.219 python3        2650194 nvme1n1 WS   1661293312 131072   26.201
22:55:48.219 python3        2650194 nvme1n1 WS   1661145856 131072   25.573
22:55:48.219 python3        2650194 nvme1n1 WS   1661146112 131072   25.640
22:55:48.219 python3        2650194 nvme1n1 WS   1661146368 131072   25.716
22:55:48.219 python3        2650194 nvme1n1 WS   1661146624 131072   25.794
22:55:48.219 python3        2650194 nvme1n1 WS   1661146880 131072   25.915
22:55:48.219 python3        2650194 nvme1n1 WS   1661147136 131072   26.042
22:55:48.219 python3        2650194 nvme1n1 WS   1661147392 131072   26.166
22:55:48.219 python3        2650194 nvme1n1 WS   1661147648 131072   26.245
22:55:48.219 python3        2650194 nvme1n1 WS   1661147904 131072   26.309
22:55:48.219 python3        2650194 nvme1n1 WS   1661148160 131072   26.387
22:55:48.219 python3        2650194 nvme1n1 WS   1661148416 131072   26.469
22:55:48.219 python3        2650194 nvme1n1 WS   1661148672 131072   26.545
22:55:48.219 python3        2650194 nvme1n1 WS   1661148928 131072   26.623
22:55:48.220 python3        2650194 nvme1n1 WS   1661149184 131072   26.679
22:55:48.220 python3        2650194 nvme1n1 WS   1661238784 131072   26.754
22:55:48.220 python3        2650194 nvme1n1 WS   1661239040 131072   26.693
22:55:48.220 python3        2650191 nvme1n1 WS   1661154048 131072   24.993
22:55:48.220 python3        2650191 nvme1n1 WS   1661154304 131072   25.061
22:55:48.220 python3        2650191 nvme1n1 WS   1661154560 131072   25.137
22:55:48.220 python3        2650191 nvme1n1 WS   1661154816 131072   25.212
22:55:48.220 python3        2650191 nvme1n1 WS   1661155072 131072   25.286
22:55:48.220 python3        2650191 nvme1n1 WS   1661155328 131072   25.365
22:55:48.220 python3        2650191 nvme1n1 WS   1661155584 131072   25.440
22:55:48.220 python3        2650191 nvme1n1 WS   1661155840 131072   25.491
22:55:48.220 python3        2650191 nvme1n1 WS   1661156096 131072   25.570
22:55:48.221 python3        2650191 nvme1n1 WS   1661156352 131072   25.676
22:55:48.221 python3        2650191 nvme1n1 WS   1661156608 131072   25.753
22:55:48.221 python3        2650191 nvme1n1 WS   1661156864 131072   25.828
22:55:48.221 python3        2650194 nvme1n1 WS   1661301248 131072   27.797
22:55:48.221 python3        2650194 nvme1n1 WS   1661301504 131072   27.887
22:55:48.221 python3        2650191 nvme1n1 WS   1661157120 131072   26.122
22:55:48.221 python3        2650191 nvme1n1 WS   1661157376 131072   26.163
22:55:48.221 python3        2650191 nvme1n1 WS   1661246976 131072   26.245
22:55:48.221 python3        2650191 nvme1n1 WS   1661247232 131072   26.180
22:55:48.221 python3        2650191 nvme1n1 WS   1661309440 131072   26.257
22:55:48.221 python3        2650191 nvme1n1 WS   1661309696 131072   26.337
22:55:48.221 python3        2650192 nvme1n1 WS   1674641920 131072   23.621
22:55:48.222 python3        2650192 nvme1n1 WS   1674642176 131072   23.733
22:55:48.222 python3        2650192 nvme1n1 WS   1674642432 131072   23.855
22:55:48.222 python3        2650192 nvme1n1 WS   1674642688 131072   23.979
22:55:48.222 python3        2650192 nvme1n1 WS   1674642944 131072   24.113
22:55:48.222 python3        2650192 nvme1n1 WS   1674643200 131072   24.231
22:55:48.222 python3        2650192 nvme1n1 WS   1674643456 131072   24.363
22:55:48.222 python3        2650192 nvme1n1 WS   1674643712 131072   24.484
22:55:48.223 python3        2650192 nvme1n1 WS   1674643968 131072   24.625
22:55:48.223 python3        2650192 nvme1n1 WS   1674644224 131072   24.768
22:55:48.223 python3        2650192 nvme1n1 WS   1674644480 131072   24.906
22:55:48.223 python3        2650192 nvme1n1 WS   1674644736 131072   25.036
22:55:48.223 python3        2650192 nvme1n1 WS   1674644992 131072   25.123
22:55:48.223 python3        2650192 nvme1n1 WS   1674645248 131072   25.178
22:55:48.223 python3        2650192 nvme1n1 WS   1674650112 131072   25.257
22:55:48.223 python3        2650192 nvme1n1 WS   1674650368 131072   25.200
22:55:48.223 python3        2650192 nvme1n1 WS   1674650624 131072   25.279
22:55:48.223 python3        2650192 nvme1n1 WS   1674650880 131072   25.363
22:55:48.224 python3        2650193 nvme1n1 WS   1661317632 131072   25.213
22:55:48.224 python3        2650193 nvme1n1 WS   1661317888 131072   25.283
22:55:48.224 python3        2650193 nvme1n1 WS   1661318144 131072   25.361
22:55:48.224 python3        2650193 nvme1n1 WS   1661318400 131072   25.441
22:55:48.224 python3        2650193 nvme1n1 WS   1661318656 131072   25.524
22:55:48.224 python3        2650193 nvme1n1 WS   1661318912 131072   25.603
22:55:48.224 python3        2650193 nvme1n1 WS   1661319168 131072   25.678
22:55:48.224 python3        2650193 nvme1n1 WS   1661319424 131072   25.731
22:55:48.224 python3        2650193 nvme1n1 WS   1661319680 131072   25.806
22:55:48.224 python3        2650193 nvme1n1 WS   1661319936 131072   25.880
22:55:48.224 python3        2650193 nvme1n1 WS   1661320192 131072   25.961
22:55:48.224 python3        2650193 nvme1n1 WS   1661320448 131072   26.037
22:55:48.225 python3        2650193 nvme1n1 WS   1661320704 131072   26.115
22:55:48.225 python3        2650193 nvme1n1 WS   1661320960 131072   26.168
22:55:48.225 python3        2650193 nvme1n1 WS   1661251584 131072   26.244
22:55:48.225 python3        2650193 nvme1n1 WS   1661251840 131072   26.184
22:55:48.225 python3        2650192 nvme1n1 WS   1674658304 131072   24.399
22:55:48.225 python3        2650192 nvme1n1 WS   1674658560 131072   24.452
22:55:48.225 python3        2650192 nvme1n1 WS   1674658816 131072   24.556
22:55:48.225 python3        2650192 nvme1n1 WS   1674659072 131072   24.681
22:55:48.225 python3        2650192 nvme1n1 WS   1674659328 131072   24.806
22:55:48.225 python3        2650192 nvme1n1 WS   1674659584 131072   24.937
22:55:48.226 python3        2650192 nvme1n1 WS   1674659840 131072   25.075
22:55:48.226 python3        2650192 nvme1n1 WS   1674660096 131072   25.194
22:55:48.226 python3        2650192 nvme1n1 WS   1674660352 131072   25.334
22:55:48.226 python3        2650192 nvme1n1 WS   1674660608 131072   25.478
22:55:48.226 python3        2650192 nvme1n1 WS   1674660864 131072   25.607
22:55:48.226 python3        2650192 nvme1n1 WS   1674661120 131072   25.733
22:55:48.226 python3        2650193 nvme1n1 WS   1661325824 131072   27.767
22:55:48.226 python3        2650193 nvme1n1 WS   1661326080 131072   27.843
22:55:48.227 python3        2650192 nvme1n1 WS   1674661376 131072   26.001
22:55:48.227 python3        2650192 nvme1n1 WS   1674661632 131072   26.053
22:55:48.227 python3        2650192 nvme1n1 WS   1674666496 131072   26.129
22:55:48.227 python3        2650192 nvme1n1 WS   1674666752 131072   26.118
22:55:48.227 python3        2650192 nvme1n1 WS   1674667008 131072   26.196
22:55:48.227 python3        2650192 nvme1n1 WS   1674667264 131072   26.272
22:55:48.227 python3        2650194 nvme1n1 WS   1661334016 131072   24.718
22:55:48.227 python3        2650194 nvme1n1 WS   1661334272 131072   24.790
22:55:48.227 python3        2650194 nvme1n1 WS   1661334528 131072   24.865
22:55:48.227 python3        2650194 nvme1n1 WS   1661334784 131072   24.946
22:55:48.227 python3        2650194 nvme1n1 WS   1661335040 131072   25.022
22:55:48.227 python3        2650194 nvme1n1 WS   1661335296 131072   25.095
22:55:48.227 python3        2650194 nvme1n1 WS   1661335552 131072   25.172
22:55:48.228 python3        2650194 nvme1n1 WS   1661335808 131072   25.225
22:55:48.228 python3        2650194 nvme1n1 WS   1661336064 131072   25.305
22:55:48.228 python3        2650194 nvme1n1 WS   1661336320 131072   25.365
22:55:48.228 python3        2650194 nvme1n1 WS   1661336576 131072   25.442
22:55:48.228 python3        2650194 nvme1n1 WS   1661336832 131072   25.515
22:55:48.228 python3        2650194 nvme1n1 WS   1661337088 131072   25.603
22:55:48.228 python3        2650194 nvme1n1 WS   1661337344 131072   25.633
22:55:48.228 python3        2650194 nvme1n1 WS   1661255168 131072   25.693
22:55:48.228 python3        2650194 nvme1n1 WS   1661255424 131072   25.641
22:55:48.228 python3        2650194 nvme1n1 WS   1661260800 131072   25.702
22:55:48.228 python3        2650194 nvme1n1 WS   1661261056 131072   25.770
22:55:48.228 python3        2650191 nvme1n1 WS   1661501952 131072   24.037
22:55:48.229 python3        2650191 nvme1n1 WS   1661502208 131072   24.155
22:55:48.229 python3        2650191 nvme1n1 WS   1661502464 131072   24.279
22:55:48.229 python3        2650191 nvme1n1 WS   1661502720 131072   24.409
22:55:48.229 python3        2650191 nvme1n1 WS   1661502976 131072   24.556
22:55:48.229 python3        2650191 nvme1n1 WS   1661503232 131072   24.692
22:55:48.229 python3        2650191 nvme1n1 WS   1661503488 131072   24.830
22:55:48.229 python3        2650191 nvme1n1 WS   1661503744 131072   24.945
22:55:48.230 python3        2650191 nvme1n1 WS   1661504000 131072   25.086
22:55:48.230 python3        2650191 nvme1n1 WS   1661504256 131072   25.228
22:55:48.230 python3        2650191 nvme1n1 WS   1661504512 131072   25.369
22:55:48.230 python3        2650191 nvme1n1 WS   1661504768 131072   25.508
22:55:48.230 python3        2650191 nvme1n1 WS   1661505024 131072   25.655
22:55:48.230 python3        2650191 nvme1n1 WS   1661505280 131072   25.763
22:55:48.230 python3        2650191 nvme1n1 WS   1661486592 131072   25.879
22:55:48.230 python3        2650191 nvme1n1 WS   1661486848 131072   25.842
22:55:48.231 python3        2650191 nvme1n1 WS   1661487104 131072   25.920
22:55:48.231 python3        2650191 nvme1n1 WS   1661487360 131072   25.999
22:55:48.231 python3        2650191 nvme1n1 WS   1661342208 131072   23.843
22:55:48.231 python3        2650191 nvme1n1 WS   1661342464 131072   23.913
22:55:48.231 python3        2650191 nvme1n1 WS   1661342720 131072   23.990
22:55:48.231 python3        2650191 nvme1n1 WS   1661342976 131072   24.065
22:55:48.231 python3        2650191 nvme1n1 WS   1661343232 131072   24.145
22:55:48.231 python3        2650191 nvme1n1 WS   1661343488 131072   24.220
22:55:48.231 python3        2650191 nvme1n1 WS   1661343744 131072   24.305
22:55:48.231 python3        2650191 nvme1n1 WS   1661344000 131072   24.357
22:55:48.231 python3        2650191 nvme1n1 WS   1661344256 131072   24.430
22:55:48.231 python3        2650191 nvme1n1 WS   1661344512 131072   24.504
22:55:48.232 python3        2650191 nvme1n1 WS   1661344768 131072   24.577
22:55:48.232 python3        2650191 nvme1n1 WS   1661345024 131072   24.652
22:55:48.232 python3        2650191 nvme1n1 WS   1661345280 131072   24.728
22:55:48.232 python3        2650191 nvme1n1 WS   1661345536 131072   24.774
22:55:48.232 python3        2650191 nvme1n1 WS   1661278720 131072   24.900
22:55:48.232 python3        2650191 nvme1n1 WS   1661278976 131072   24.904
22:55:48.232 python3        2650191 nvme1n1 WS   1661268992 131072   25.031
22:55:48.232 python3        2650191 nvme1n1 WS   1661269248 131072   25.159
22:55:48.232 python3        2650193 nvme1n1 WS   1661350400 131072   24.899
22:55:48.233 python3        2650193 nvme1n1 WS   1661350656 131072   25.034
22:55:48.233 python3        2650193 nvme1n1 WS   1661350912 131072   25.175
22:55:48.233 python3        2650193 nvme1n1 WS   1661351168 131072   25.317
22:55:48.233 python3        2650193 nvme1n1 WS   1661351424 131072   25.457
22:55:48.233 python3        2650193 nvme1n1 WS   1661351680 131072   25.625
22:55:48.233 python3        2650193 nvme1n1 WS   1661351936 131072   25.757
22:55:48.233 python3        2650193 nvme1n1 WS   1661352192 131072   25.854
22:55:48.234 python3        2650193 nvme1n1 WS   1661352448 131072   25.937
22:55:48.234 python3        2650193 nvme1n1 WS   1661352704 131072   26.012
22:55:48.234 python3        2650193 nvme1n1 WS   1661352960 131072   26.087
22:55:48.234 python3        2650193 nvme1n1 WS   1661353216 131072   26.162
22:55:48.234 python3        2650193 nvme1n1 WS   1661353472 131072   26.239
22:55:48.234 python3        2650193 nvme1n1 WS   1661353728 131072   26.296
22:55:48.234 python3        2650193 nvme1n1 WS   1661286912 131072   26.377
22:55:48.234 python3        2650193 nvme1n1 WS   1661287168 131072   26.333
22:55:48.234 python3        2650192 nvme1n1 WS   1661358592 131072   24.924
22:55:48.234 python3        2650192 nvme1n1 WS   1661358848 131072   24.991
22:55:48.234 python3        2650192 nvme1n1 WS   1661359104 131072   25.065
22:55:48.234 python3        2650192 nvme1n1 WS   1661359360 131072   25.143
22:55:48.234 python3        2650192 nvme1n1 WS   1661359616 131072   25.220
22:55:48.235 python3        2650192 nvme1n1 WS   1661359872 131072   25.298
22:55:48.235 python3        2650192 nvme1n1 WS   1661360128 131072   25.376
22:55:48.235 python3        2650192 nvme1n1 WS   1661360384 131072   25.426
22:55:48.235 python3        2650192 nvme1n1 WS   1661360640 131072   25.498
22:55:48.235 python3        2650192 nvme1n1 WS   1661360896 131072   25.571
22:55:48.235 python3        2650192 nvme1n1 WS   1661361152 131072   25.652
22:55:48.235 python3        2650192 nvme1n1 WS   1661361408 131072   25.734
22:55:48.235 python3        2650193 nvme1n1 WS   1661510144 131072   27.433
22:55:48.235 python3        2650193 nvme1n1 WS   1661510400 131072   27.559
22:55:48.235 python3        2650192 nvme1n1 WS   1661361664 131072   26.125
22:55:48.236 python3        2650192 nvme1n1 WS   1661361920 131072   26.227
22:55:48.236 python3        2650192 nvme1n1 WS   1661278208 131072   26.352
22:55:48.236 python3        2650192 nvme1n1 WS   1661278464 131072   26.333
22:55:48.236 python3        2650192 nvme1n1 WS   1661518336 131072   26.410
22:55:48.236 python3        2650192 nvme1n1 WS   1661518592 131072   26.484
22:55:48.236 python3        2650193 nvme1n1 WS   1661366784 131072   25.369
22:55:48.236 python3        2650193 nvme1n1 WS   1661367040 131072   25.442
22:55:48.236 python3        2650193 nvme1n1 WS   1661367296 131072   25.518
22:55:48.236 python3        2650193 nvme1n1 WS   1661367552 131072   25.595
22:55:48.236 python3        2650193 nvme1n1 WS   1661367808 131072   25.672
22:55:48.236 python3        2650193 nvme1n1 WS   1661368064 131072   25.752
22:55:48.237 python3        2650193 nvme1n1 WS   1661368320 131072   25.825
22:55:48.237 python3        2650193 nvme1n1 WS   1661368576 131072   25.880
22:55:48.237 python3        2650193 nvme1n1 WS   1661368832 131072   25.954
22:55:48.237 python3        2650193 nvme1n1 WS   1661369088 131072   26.029
22:55:48.237 python3        2650193 nvme1n1 WS   1661369344 131072   26.103
22:55:48.237 python3        2650193 nvme1n1 WS   1661369600 131072   26.177
22:55:48.237 python3        2650193 nvme1n1 WS   1661369856 131072   26.255
22:55:48.237 python3        2650193 nvme1n1 WS   1661370112 131072   26.313
22:55:48.237 python3        2650193 nvme1n1 WS   1661295104 131072   26.389
22:55:48.237 python3        2650193 nvme1n1 WS   1661295360 131072   26.352
22:55:48.237 python3        2650193 nvme1n1 WS   1661526528 131072   26.429
22:55:48.237 python3        2650193 nvme1n1 WS   1661526784 131072   26.508
22:55:48.238 python3        2650193 nvme1n1 WS   1661374976 131072   24.866
22:55:48.238 python3        2650193 nvme1n1 WS   1661375232 131072   24.943
22:55:48.238 python3        2650193 nvme1n1 WS   1661375488 131072   25.017
22:55:48.238 python3        2650193 nvme1n1 WS   1661375744 131072   25.093
22:55:48.238 python3        2650193 nvme1n1 WS   1661376000 131072   25.167
22:55:48.238 python3        2650193 nvme1n1 WS   1661376256 131072   25.241
22:55:48.238 python3        2650193 nvme1n1 WS   1661376512 131072   25.314
22:55:48.238 python3        2650193 nvme1n1 WS   1661376768 131072   25.369
22:55:48.238 python3        2650193 nvme1n1 WS   1661377024 131072   25.443
22:55:48.238 python3        2650193 nvme1n1 WS   1661377280 131072   25.519
22:55:48.238 python3        2650193 nvme1n1 WS   1661377536 131072   25.629
22:55:48.238 python3        2650193 nvme1n1 WS   1661377792 131072   25.754
22:55:48.239 python3        2650193 nvme1n1 WS   1661378048 131072   25.879
22:55:48.239 python3        2650193 nvme1n1 WS   1661378304 131072   26.018
22:55:48.239 python3        2650194 nvme1n1 WS   1661383168 131072   24.871
22:55:48.239 python3        2650194 nvme1n1 WS   1661383424 131072   24.998
22:55:48.239 python3        2650194 nvme1n1 WS   1661383680 131072   25.136
22:55:48.239 python3        2650194 nvme1n1 WS   1661383936 131072   25.277
22:55:48.240 python3        2650194 nvme1n1 WS   1661384192 131072   25.417
22:55:48.240 python3        2650194 nvme1n1 WS   1661384448 131072   25.559
22:55:48.240 python3        2650194 nvme1n1 WS   1661384704 131072   25.704
22:55:48.240 python3        2650194 nvme1n1 WS   1661384960 131072   25.811
22:55:48.240 python3        2650194 nvme1n1 WS   1661385216 131072   25.926
22:55:48.240 python3        2650194 nvme1n1 WS   1661385472 131072   26.004
22:55:48.240 python3        2650194 nvme1n1 WS   1661385728 131072   26.086
22:55:48.240 python3        2650194 nvme1n1 WS   1661385984 131072   26.166
22:55:48.240 python3        2650193 nvme1n1 WS   1661303296 131072   27.600
22:55:48.241 python3        2650193 nvme1n1 WS   1661303552 131072   27.562
22:55:48.241 python3        2650193 nvme1n1 WS   1661538816 131072   27.635
22:55:48.241 python3        2650193 nvme1n1 WS   1661539072 131072   27.710
22:55:48.241 python3        2650194 nvme1n1 WS   1661386240 131072   26.565
22:55:48.241 python3        2650194 nvme1n1 WS   1661386496 131072   26.616
22:55:48.241 python3        2650194 nvme1n1 WS   1661225472 131072   26.696
22:55:48.241 python3        2650194 nvme1n1 WS   1661225728 131072   26.652
22:55:48.241 python3        2650194 nvme1n1 WS   1661542912 131072   26.729
22:55:48.241 python3        2650194 nvme1n1 WS   1661543168 131072   26.806
22:55:48.241 python3        2650192 nvme1n1 WS   1661391360 131072   26.091
22:55:48.241 python3        2650192 nvme1n1 WS   1661391616 131072   26.158
22:55:48.241 python3        2650192 nvme1n1 WS   1661391872 131072   26.235
22:55:48.241 python3        2650192 nvme1n1 WS   1661392128 131072   26.309
22:55:48.241 python3        2650192 nvme1n1 WS   1661392384 131072   26.386
22:55:48.242 python3        2650192 nvme1n1 WS   1661392640 131072   26.464
22:55:48.242 python3        2650192 nvme1n1 WS   1661392896 131072   26.539
22:55:48.242 python3        2650192 nvme1n1 WS   1661393152 131072   26.643
22:55:48.242 python3        2650192 nvme1n1 WS   1661393408 131072   26.768
22:55:48.242 python3        2650192 nvme1n1 WS   1661393664 131072   26.891
22:55:48.242 python3        2650192 nvme1n1 WS   1661393920 131072   27.015
22:55:48.242 python3        2650192 nvme1n1 WS   1661394176 131072   27.140
22:55:48.242 python3        2650192 nvme1n1 WS   1661394432 131072   27.270
22:55:48.243 python3        2650192 nvme1n1 WS   1661394688 131072   27.373
22:55:48.243 python3        2650192 nvme1n1 WS   1661286400 131072   27.500
22:55:48.243 python3        2650192 nvme1n1 WS   1661286656 131072   27.496
22:55:48.243 python3        2650192 nvme1n1 WS   1661551104 131072   27.571
22:55:48.243 python3        2650192 nvme1n1 WS   1661551360 131072   27.645
22:55:48.243 python3        2650191 nvme1n1 WS   1661403648 131072   24.336
22:55:48.243 python3        2650191 nvme1n1 WS   1661403904 131072   24.408
22:55:48.243 python3        2650191 nvme1n1 WS   1661404160 131072   24.487
22:55:48.243 python3        2650191 nvme1n1 WS   1661404416 131072   24.564
22:55:48.243 python3        2650191 nvme1n1 WS   1661404672 131072   24.639
22:55:48.243 python3        2650191 nvme1n1 WS   1661404928 131072   24.712
22:55:48.244 python3        2650191 nvme1n1 WS   1661405184 131072   24.789
22:55:48.244 python3        2650191 nvme1n1 WS   1661405440 131072   24.844
22:55:48.244 python3        2650191 nvme1n1 WS   1661405696 131072   24.918
22:55:48.244 python3        2650191 nvme1n1 WS   1661405952 131072   24.994
22:55:48.244 python3        2650191 nvme1n1 WS   1661406208 131072   25.073
22:55:48.244 python3        2650191 nvme1n1 WS   1661406464 131072   25.150
22:55:48.244 python3        2650191 nvme1n1 WS   1661406720 131072   25.224
22:55:48.244 python3        2650191 nvme1n1 WS   1661406976 131072   25.282
22:55:48.244 python3        2650191 nvme1n1 WS   1661294592 131072   25.357
22:55:48.244 python3        2650191 nvme1n1 WS   1661294848 131072   25.326
22:55:48.244 python3        2650191 nvme1n1 WS   1661559296 131072   25.401
22:55:48.244 python3        2650191 nvme1n1 WS   1661559552 131072   25.479
22:55:48.244 python3        2650193 nvme1n1 WS   1661411840 131072   16.959
22:55:48.245 python3        2650193 nvme1n1 WS   1661412096 131072   17.028
22:55:48.245 python3        2650193 nvme1n1 WS   1661412352 131072   17.105
22:55:48.245 python3        2650193 nvme1n1 WS   1661412608 131072   17.191
22:55:48.245 python3        2650193 nvme1n1 WS   1661412864 131072   17.314
22:55:48.245 python3        2650193 nvme1n1 WS   1661413120 131072   17.439
22:55:48.245 python3        2650193 nvme1n1 WS   1661413376 131072   17.562
22:55:48.245 python3        2650193 nvme1n1 WS   1661413632 131072   17.664
22:55:48.245 python3        2650193 nvme1n1 WS   1661413888 131072   17.789
22:55:48.246 python3        2650193 nvme1n1 WS   1661414144 131072   17.915
22:55:48.246 python3        2650193 nvme1n1 WS   1661414400 131072   18.041
22:55:48.246 python3        2650193 nvme1n1 WS   1661414656 131072   18.142
22:55:48.246 python3        2650193 nvme1n1 WS   1661414912 131072   18.245
22:55:48.246 python3        2650193 nvme1n1 WS   1661415168 131072   18.298
22:55:48.246 python3        2650193 nvme1n1 WS   1661302784 131072   18.378
22:55:48.246 python3        2650193 nvme1n1 WS   1661303040 131072   18.351
22:55:48.246 python3        2650193 nvme1n1 WS   1661571584 131072   18.430
22:55:48.246 python3        2650193 nvme1n1 WS   1661571840 131072   18.511
22:55:48.885 nvme           2657276 Unknown N    -1         512       0.033
22:55:49.665 kworker        2649594 nvme1n1 W    639656448  131072    0.174
22:55:49.665 kworker        2649594 nvme1n1 W    639656704  131072    0.234
22:55:49.665 kworker        2649594 nvme1n1 W    639656960  131072    0.311
22:55:49.665 kworker        2649594 nvme1n1 W    639657216  131072    0.391
22:55:49.665 kworker        2649594 nvme1n1 W    639657472  77824     0.127
22:55:49.665 kworker        2649594 nvme1n1 W    639664640  131072    0.207
22:55:49.665 kworker        2649594 nvme1n1 W    639664896  131072    0.291
22:55:49.665 kworker        2649594 nvme1n1 W    639665152  131072    0.366
22:55:49.665 kworker        2649594 nvme1n1 W    639665408  126976    0.441
22:55:49.665 kworker        2649594 nvme1n1 W    639672832  131072    0.521
22:55:49.665 kworker        2649594 nvme1n1 W    639673088  131072    0.598
22:55:49.665 kworker        2649594 nvme1n1 W    639673344  131072    0.421
22:55:49.665 kworker        2649594 nvme1n1 W    639673600  126976    0.423
22:55:49.862 amoprof        2650776 nvme1n1 W    639987240  4096      0.042
