TIMESTAMP    COMM           PID     DISK    T    SECTOR     BYTES   LAT(ms)
21:57:28.428 jbd2/nv        752     nvme1n1 WSM  878242296  131072    0.174
21:57:28.428 jbd2/nv        752     nvme1n1 WSM  878242552  131072    0.214
21:57:28.428 jbd2/nv        752     nvme1n1 WSM  878242808  49152     0.226
21:57:28.428 jbd2/nv        752     nvme1n1 WSM  878242904  4096      0.030
21:57:28.442 ib_log_        125924  nvme1n1 WS   1757456008 4096      0.037
21:57:28.442 ib_log_        125924  nvme1n1 WS   1757456008 4096      0.028
21:57:28.443 ib_log_        125924  nvme1n1 WS   1757456008 8192      0.032
21:57:28.444 ib_log_        125924  nvme1n1 WS   1757456016 4096      0.029
21:57:28.444 connect        125924  nvme1n1 WS   1733613528 4096      0.038
21:57:28.444 jbd2/nv        752     nvme1n1 WSM  878242912  36864     0.060
21:57:28.444 jbd2/nv        752     nvme1n1 WSM  878242984  4096      0.028
21:57:28.444 ib_log_        125924  nvme1n1 WS   1757456016 4096      0.028
21:57:28.444 ib_log_        125924  nvme1n1 WS   1757456016 4096      0.028
21:57:28.444 jbd2/nv        752     nvme1n1 WSM  878242992  45056     0.065
21:57:28.444 jbd2/nv        752     nvme1n1 WSM  878243080  4096      0.027
21:57:28.444 ib_log_        125924  nvme1n1 WS   1757456016 4096      0.028
21:57:28.445 ib_log_        125924  nvme1n1 WS   1757456024 8192      0.032
21:57:28.445 jbd2/nv        752     nvme1n1 WSM  878243088  8192      0.032
21:57:28.445 jbd2/nv        752     nvme1n1 WSM  878243104  4096      0.026
21:57:28.445 ib_log_        125924  nvme1n1 WS   1757456024 4096      0.026
21:57:28.445 ib_log_        125924  nvme1n1 WS   1757456024 4096      0.026
21:57:28.446 ib_pg_f        125924  nvme1n1 WS   1740054528 131072    0.151
21:57:28.446 ib_pg_f        125924  nvme1n1 WS   1740054784 131072    0.220
21:57:28.446 ib_pg_f        125924  nvme1n1 WS   1740055040 131072    0.301
21:57:28.446 ib_pg_f        125924  nvme1n1 WS   1740055296 131072    0.377
21:57:28.446 ib_pg_f        125924  nvme1n1 WS   1740055552 131072    0.454
21:57:28.446 ib_pg_f        125924  nvme1n1 WS   1740055808 98304     0.512
21:57:28.446 ib_pg_f        125924  nvme1n1 WS   1755100960 16384     0.045
21:57:28.446 ib_pg_f        125924  nvme1n1 WS   1757716032 16384     0.049
21:57:28.446 ib_pg_f        125924  nvme1n1 WS   1757716192 16384     0.049
21:57:28.446 ib_pg_f        125924  nvme1n1 WS   1740413024 16384     0.058
21:57:28.446 ib_pg_f        125924  nvme1n1 WS   1757760192 16384     0.060
21:57:28.446 ib_pg_f        125924  nvme1n1 WS   1740106016 16384     0.059
21:57:28.446 ib_pg_f        125924  nvme1n1 WS   1755205792 16384     0.055
21:57:28.446 ib_pg_f        125924  nvme1n1 WS   1757691744 16384     0.054
21:57:28.446 ib_pg_f        125924  nvme1n1 WS   1755214112 16384     0.057
21:57:28.446 ib_pg_f        125924  nvme1n1 WS   1755203488 16384     0.060
21:57:28.446 ib_pg_f        125924  nvme1n1 WS   813984     16384     0.061
21:57:28.446 ib_pg_f        125924  nvme1n1 WS   814016     16384     0.053
21:57:28.446 ib_pg_f        125924  nvme1n1 WS   814048     16384     0.055
21:57:28.446 ib_pg_f        125924  nvme1n1 WS   814080     16384     0.055
21:57:28.446 ib_pg_f        125924  nvme1n1 WS   1437024    16384     0.056
21:57:28.446 ib_pg_f        125924  nvme1n1 WS   1436000    16384     0.051
21:57:28.446 ib_pg_f        125924  nvme1n1 WS   1436160    16384     0.055
21:57:28.446 ib_pg_f        125924  nvme1n1 WS   1436768    16384     0.062
21:57:28.446 ib_pg_f        125924  nvme1n1 WS   1757690592 16384     0.056
21:57:28.446 ib_pg_f        125924  nvme1n1 WS   1757760512 16384     0.047
21:57:28.446 ib_pg_f        125924  nvme1n1 WS   1756547840 16384     0.057
21:57:28.446 ib_pg_f        125924  nvme1n1 WS   1520145408 16384     0.059
21:57:28.446 ib_pg_f        125924  nvme1n1 WS   1520145440 16384     0.061
21:57:28.446 ib_pg_f        125924  nvme1n1 WS   1436640    16384     0.054
21:57:28.446 ib_pg_f        125924  nvme1n1 WS   1520145216 16384     0.062
21:57:28.446 ib_pg_f        125924  nvme1n1 WS   1520144384 16384     0.068
21:57:28.446 ib_pg_f        125924  nvme1n1 WS   1520107936 16384     0.071
21:57:28.446 ib_pg_f        125924  nvme1n1 WS   1520145376 16384     0.067
21:57:28.446 ib_pg_f        125924  nvme1n1 WS   813696     16384     0.069
21:57:28.447 ib_pg_f        125924  nvme1n1 WS   813728     16384     0.067
21:57:28.447 ib_pg_f        125924  nvme1n1 WS   813760     16384     0.066
21:57:28.447 ib_pg_f        125924  nvme1n1 WS   813792     16384     0.070
21:57:28.447 ib_pg_f        125924  nvme1n1 WS   813824     16384     0.073
21:57:28.447 ib_pg_f        125924  nvme1n1 WS   813888     16384     0.069
21:57:28.447 ib_pg_f        125924  nvme1n1 WS   813920     16384     0.070
21:57:28.447 ib_pg_f        125924  nvme1n1 WS   813952     16384     0.070
21:57:28.447 ib_pg_f        125924  nvme1n1 WS   813152     16384     0.062
21:57:28.447 ib_pg_f        125924  nvme1n1 WS   813184     16384     0.066
21:57:28.447 ib_pg_f        125924  nvme1n1 WS   813216     16384     0.067
21:57:28.447 ib_pg_f        125924  nvme1n1 WS   1755214080 16384     0.072
21:57:28.447 ib_pg_f        125924  nvme1n1 WS   1740412992 16384     0.087
21:57:28.447 ib_pg_f        125924  nvme1n1 WS   1740106048 16384     0.083
21:57:28.447 ib_pg_f        125924  nvme1n1 WS   1755099392 16384     0.082
21:57:28.447 ib_pg_f        125924  nvme1n1 WS   1755214144 16384     0.084
21:57:28.447 ib_pg_f        125924  nvme1n1 WS   1740410944 16384     0.079
21:57:28.447 ib_pg_f        125924  nvme1n1 WS   1740106080 16384     0.080
21:57:28.506 ib_log_        125924  nvme1n1 WS   1757456024 4096      0.037
21:57:28.507 ib_log_        125924  nvme1n1 WS   1757456024 4096      0.027
21:57:28.574 nvme           1200297 Unknown N    -1         512       0.030
21:57:28.616 ib_log_        125924  nvme1n1 WS   1757456024 4096      0.040
21:57:29.446 ib_pg_f        125924  nvme1n1 WS   1740046336 32768     0.078
21:57:29.446 ib_pg_f        125924  nvme1n1 WS   1755101056 16384     0.042
21:57:29.446 ib_pg_f        125924  nvme1n1 WS   1756836384 16384     0.041
21:57:29.577 nvme           1200358 Unknown N    -1         512       0.072
21:57:30.177 ib_log_        125941  nvme1n1 WS   1739232248 4096      0.055
21:57:30.192 ib_log_        125941  nvme1n1 WS   1739232248 4096      0.043
21:57:30.476 ib_pg_f        125941  nvme1n1 WS   1740075008 81920     0.118
21:57:30.476 ib_pg_f        125941  nvme1n1 WS   1532136288 16384     0.044
21:57:30.476 ib_pg_f        125941  nvme1n1 WS   1757680832 16384     0.050
21:57:30.476 ib_pg_f        125941  nvme1n1 WS   1757680992 16384     0.053
21:57:30.476 ib_pg_f        125941  nvme1n1 WS   32778944   16384     0.056
21:57:30.476 ib_pg_f        125941  nvme1n1 WS   1737035936 16384     0.059
21:57:30.579 nvme           1200368 Unknown N    -1         512       0.028
21:57:30.976 ib_log_        125941  nvme1n1 WS   1739227136 4096      0.051
21:57:31.245 ib_log_        125924  nvme1n1 WS   1757456024 4096      0.039
21:57:31.245 ib_log_        125924  nvme1n1 WS   1757456024 8192      0.031
21:57:31.245 connect        125924  nvme1n1 WS   1733613528 4096      0.038
21:57:31.245 jbd2/nv        752     nvme1n1 WSM  878243112  118784    0.133
21:57:31.245 jbd2/nv        752     nvme1n1 WSM  878243344  4096      0.041
21:57:31.245 ib_log_        125924  nvme1n1 WS   1757456032 4096      0.027
21:57:31.246 ib_log_        125924  nvme1n1 WS   1757456032 4096      0.026
21:57:31.246 ib_log_        125924  nvme1n1 WS   1757456040 8192      0.030
21:57:31.246 jbd2/nv        752     nvme1n1 WSM  878243352  8192      0.031
21:57:31.246 jbd2/nv        752     nvme1n1 WSM  878243368  4096      0.037
21:57:31.246 jbd2/nv        752     nvme1n1 WSM  878243376  20480     0.042
21:57:31.246 jbd2/nv        752     nvme1n1 WSM  878243416  4096      0.026
21:57:31.247 connect        125924  nvme1n1 WS   571217688  114688    0.128
21:57:31.247 jbd2/nv        752     nvme1n1 WSM  878243424  16384     0.039
21:57:31.247 jbd2/nv        752     nvme1n1 WSM  878243456  4096      0.026
21:57:31.247 connect        125924  nvme1n1 WS   1753733600 16384     0.040
21:57:31.247 jbd2/nv        752     nvme1n1 WSM  878243464  24576     0.045
21:57:31.247 jbd2/nv        752     nvme1n1 WSM  878243512  4096      0.026
21:57:31.247 ib_log_        125924  nvme1n1 WS   1757456040 4096      0.027
21:57:31.247 ib_log_        125924  nvme1n1 WS   1757456040 8192      0.030
21:57:31.248 ib_log_        125924  nvme1n1 WS   1757456048 4096      0.027
21:57:31.248 ib_log_        125924  nvme1n1 WS   1757456048 4096      0.027
21:57:31.248 ib_log_        125924  nvme1n1 WS   1757456056 8192      0.031
21:57:31.248 jbd2/nv        752     nvme1n1 WSM  878243520  12288     0.038
21:57:31.248 jbd2/nv        752     nvme1n1 WSM  878243544  4096      0.027
21:57:31.249 connect        125924  nvme1n1 WS   1733613528 4096      0.032
21:57:31.249 jbd2/nv        752     nvme1n1 WSM  878243552  8192      0.029
21:57:31.249 jbd2/nv        752     nvme1n1 WSM  878243568  4096      0.027
21:57:31.249 ib_log_        125924  nvme1n1 WS   1757456056 8192      0.030
21:57:31.249 ib_log_        125924  nvme1n1 WS   1757456064 4096      0.034
21:57:31.250 ib_log_        125924  nvme1n1 WS   1757456064 12288     0.038
21:57:31.250 connect        125924  nvme1n1 WS   1733613528 8192      0.036
21:57:31.250 jbd2/nv        752     nvme1n1 WSM  878243576  24576     0.050
21:57:31.250 jbd2/nv        752     nvme1n1 WSM  878243624  4096      0.028
21:57:31.250 jbd2/nv        752     nvme1n1 WSM  878243632  12288     0.035
21:57:31.250 jbd2/nv        752     nvme1n1 WSM  878243656  4096      0.026
21:57:31.251 ib_log_        125924  nvme1n1 WS   1757456072 4096      0.027
21:57:31.309 ib_log_        125924  nvme1n1 WS   1757456072 4096      0.053
21:57:31.310 ib_log_        125924  nvme1n1 WS   1757456072 4096      0.035
21:57:31.359 VLLM::W        1046589 nvme1n1 RS   575737856  131072    0.246
21:57:31.359 VLLM::W        1046589 nvme1n1 RS   575738112  131072    0.254
21:57:31.359 VLLM::W        1046589 nvme1n1 RS   575738368  131072    0.264
21:57:31.359 VLLM::W        1046589 nvme1n1 RS   575738624  131072    0.299
21:57:31.359 VLLM::W        1046589 nvme1n1 RS   575738880  131072    0.396
21:57:31.359 VLLM::W        1046589 nvme1n1 RS   575739136  131072    0.408
21:57:31.359 VLLM::W        1046589 nvme1n1 RS   575739392  131072    0.417
21:57:31.359 VLLM::W        1046588 nvme1n1 RS   1565323264 131072    0.481
21:57:31.359 VLLM::W        1046588 nvme1n1 RS   1565323520 131072    0.530
21:57:31.359 VLLM::W        1046588 nvme1n1 RS   1565323776 131072    0.539
21:57:31.359 VLLM::W        1046586 nvme1n1 RS   1565462784 131072    0.618
21:57:31.359 VLLM::W        1046586 nvme1n1 RS   1565462528 131072    0.655
21:57:31.359 VLLM::W        1046588 nvme1n1 RS   1565324032 131072    0.718
21:57:31.359 VLLM::W        1046588 nvme1n1 RS   1565324544 131072    0.730
21:57:31.359 VLLM::W        1046588 nvme1n1 RS   1565324288 131072    0.742
21:57:31.359 VLLM::W        1046588 nvme1n1 RS   1565324800 131072    0.785
21:57:31.359 VLLM::W        1046586 nvme1n1 RS   1565463552 131072    0.888
21:57:31.359 VLLM::W        1046586 nvme1n1 RS   1565463296 131072    0.907
21:57:31.360 VLLM::W        1046586 nvme1n1 RS   1565463808 131072    0.920
21:57:31.360 VLLM::W        1046586 nvme1n1 RS   1565463040 131072    0.945
21:57:31.360 VLLM::W        1046586 nvme1n1 RS   1565464064 131072    1.007
21:57:31.360 VLLM::W        1046589 nvme1n1 RS   575739648  131072    0.972
21:57:31.360 VLLM::W        1046589 nvme1n1 RS   575740160  131072    1.048
21:57:31.360 VLLM::W        1046589 nvme1n1 RS   575740672  131072    1.078
21:57:31.360 VLLM::W        1046589 nvme1n1 RS   575740416  131072    1.123
21:57:31.360 VLLM::W        1046589 nvme1n1 RS   575739904  131072    1.143
21:57:31.360 VLLM::W        1046589 nvme1n1 RS   575740928  131072    1.188
21:57:31.360 VLLM::W        1046588 nvme1n1 RS   1565325056 131072    1.180
21:57:31.360 VLLM::W        1046589 nvme1n1 RS   575741184  131072    1.241
21:57:31.360 VLLM::W        1046589 nvme1n1 RS   575741440  131072    1.247
21:57:31.360 VLLM::W        1046588 nvme1n1 RS   1565325568 131072    1.321
21:57:31.360 VLLM::W        1046588 nvme1n1 RS   1565325312 131072    1.344
21:57:31.360 VLLM::W        1046588 nvme1n1 RS   1565325824 131072    1.351
21:57:31.360 VLLM::W        1046586 nvme1n1 RS   1565464320 131072    1.396
21:57:31.360 VLLM::W        1046586 nvme1n1 RS   1565464576 131072    1.431
21:57:31.360 VLLM::W        1046586 nvme1n1 RS   1565464832 131072    1.441
21:57:31.360 VLLM::W        1046586 nvme1n1 RS   1565465088 131072    1.469
21:57:31.360 VLLM::W        1046586 nvme1n1 RS   1565465344 131072    1.566
21:57:31.360 VLLM::W        1046586 nvme1n1 RS   1565465600 131072    1.587
21:57:31.360 VLLM::W        1046586 nvme1n1 RS   1565465856 131072    1.593
21:57:31.360 VLLM::W        1046586 nvme1n1 RS   1565466112 131072    1.618
21:57:31.360 VLLM::W        1046588 nvme1n1 RS   1565326592 131072    1.738
21:57:31.360 VLLM::W        1046588 nvme1n1 RS   1565326080 131072    1.770
21:57:31.360 VLLM::W        1046588 nvme1n1 RS   1565326336 131072    1.782
21:57:31.360 VLLM::W        1046588 nvme1n1 RS   1565326848 131072    1.788
21:57:31.360 VLLM::W        1046588 nvme1n1 RS   1565327104 131072    1.801
21:57:31.361 VLLM::W        1046589 nvme1n1 RS   575741696  131072    1.855
21:57:31.361 VLLM::W        1046589 nvme1n1 RS   575741952  131072    1.940
21:57:31.361 VLLM::W        1046589 nvme1n1 RS   575742208  131072    1.957
21:57:31.361 VLLM::W        1046588 nvme1n1 RS   1565458432 131072    1.954
21:57:31.361 VLLM::W        1046588 nvme1n1 RS   1565458688 131072    2.004
21:57:31.361 VLLM::W        1046586 nvme1n1 RS   1565466368 131072    2.025
21:57:31.361 VLLM::W        1046586 nvme1n1 RS   1565483008 131072    2.036
21:57:31.361 VLLM::W        1046586 nvme1n1 RS   1565483264 131072    2.065
21:57:31.361 VLLM::W        1046587 nvme1n1 RS   1565475328 131072    1.815
21:57:31.361 VLLM::W        1046587 nvme1n1 RS   1565475584 131072    1.880
21:57:31.361 VLLM::W        1046587 nvme1n1 RS   1565474816 131072    1.907
21:57:31.361 VLLM::W        1046587 nvme1n1 RS   1565475072 131072    1.909
21:57:31.361 VLLM::W        1046587 nvme1n1 RS   1565475840 131072    1.969
21:57:31.361 VLLM::W        1046587 nvme1n1 RS   1565476096 131072    1.996
21:57:31.361 VLLM::W        1046587 nvme1n1 RS   1565476352 131072    2.012
21:57:31.361 VLLM::W        1046587 nvme1n1 RS   1565477376 131072    2.027
21:57:31.361 VLLM::W        1046587 nvme1n1 RS   1565477120 131072    2.048
21:57:31.361 VLLM::W        1046587 nvme1n1 RS   1565476608 131072    2.076
21:57:31.361 VLLM::W        1046587 nvme1n1 RS   1565476864 131072    2.087
21:57:31.361 VLLM::W        1046587 nvme1n1 RS   1565477632 131072    2.132
21:57:31.361 VLLM::W        1046587 nvme1n1 RS   1565477888 131072    2.141
21:57:31.361 VLLM::W        1046587 nvme1n1 RS   1565478144 131072    2.176
21:57:31.361 VLLM::W        1046587 nvme1n1 RS   1565478400 131072    2.209
21:57:31.361 VLLM::W        1046587 nvme1n1 RS   1565478656 131072    2.256
21:57:31.361 VLLM::W        1046587 nvme1n1 RS   1565495296 131072    2.293
21:57:31.361 VLLM::W        1046587 nvme1n1 RS   1565495552 131072    2.299
21:57:31.362 VLLM::W        1046589 nvme1n1 RS   1565519872 131072    0.755
21:57:31.362 VLLM::W        1046589 nvme1n1 RS   1565520128 131072    0.783
21:57:31.362 VLLM::W        1046589 nvme1n1 RS   1565520384 131072    0.793
21:57:31.362 VLLM::W        1046589 nvme1n1 RS   1565520640 131072    0.828
21:57:31.362 VLLM::W        1046589 nvme1n1 RS   1565520896 131072    0.850
21:57:31.362 VLLM::W        1046589 nvme1n1 RS   1565521152 131072    0.861
21:57:31.362 VLLM::W        1046589 nvme1n1 RS   1565521408 131072    0.879
21:57:31.362 VLLM::W        1046588 nvme1n1 RS   731177216  131072    0.927
21:57:31.362 VLLM::W        1046588 nvme1n1 RS   731176960  131072    0.934
21:57:31.362 VLLM::W        1046589 nvme1n1 RS   1565521664 131072    0.944
21:57:31.362 VLLM::W        1046589 nvme1n1 RS   1565521920 131072    0.998
21:57:31.362 VLLM::W        1046589 nvme1n1 RS   1565522176 131072    1.009
21:57:31.362 VLLM::W        1046589 nvme1n1 RS   1565522432 131072    1.019
21:57:31.362 VLLM::W        1046589 nvme1n1 RS   1565522688 131072    1.057
21:57:31.362 VLLM::W        1046589 nvme1n1 RS   1565522944 131072    1.067
21:57:31.362 VLLM::W        1046588 nvme1n1 RS   731177472  131072    1.110
21:57:31.362 VLLM::W        1046588 nvme1n1 RS   731177728  131072    1.144
21:57:31.362 VLLM::W        1046588 nvme1n1 RS   731177984  131072    1.171
21:57:31.362 VLLM::W        1046589 nvme1n1 RS   1565523200 131072    1.248
21:57:31.362 VLLM::W        1046589 nvme1n1 RS   1565523456 131072    1.253
21:57:31.362 VLLM::W        1046589 nvme1n1 RS   1565523712 131072    1.296
21:57:31.362 VLLM::W        1046589 nvme1n1 RS   1565536256 131072    1.328
21:57:31.362 VLLM::W        1046589 nvme1n1 RS   1565536512 131072    1.339
21:57:31.362 VLLM::W        1046588 nvme1n1 RS   731178496  131072    1.410
21:57:31.362 VLLM::W        1046588 nvme1n1 RS   731178240  131072    1.458
21:57:31.362 VLLM::W        1046588 nvme1n1 RS   731178752  131072    1.449
21:57:31.363 VLLM::W        1046586 nvme1n1 RS   844926976  131072    1.522
21:57:31.363 VLLM::W        1046588 nvme1n1 RS   731179008  131072    1.557
21:57:31.363 VLLM::W        1046586 nvme1n1 RS   844927488  131072    1.574
21:57:31.363 VLLM::W        1046586 nvme1n1 RS   844927744  131072    1.598
21:57:31.363 VLLM::W        1046588 nvme1n1 RS   731179264  131072    1.680
21:57:31.363 VLLM::W        1046586 nvme1n1 RS   844928256  131072    1.684
21:57:31.363 VLLM::W        1046586 nvme1n1 RS   844928512  131072    1.717
21:57:31.363 VLLM::W        1046586 nvme1n1 RS   844928000  131072    1.749
21:57:31.363 VLLM::W        1046586 nvme1n1 RS   844927232  131072    1.780
21:57:31.363 VLLM::W        1046588 nvme1n1 RS   731179520  131072    1.792
21:57:31.363 VLLM::W        1046588 nvme1n1 RS   731179776  131072    1.798
21:57:31.363 VLLM::W        1046588 nvme1n1 RS   731180032  131072    1.856
21:57:31.363 VLLM::W        1046588 nvme1n1 RS   731180544  131072    1.880
21:57:31.363 VLLM::W        1046588 nvme1n1 RS   731180288  131072    1.948
21:57:31.363 VLLM::W        1046588 nvme1n1 RS   731180800  131072    1.954
21:57:31.363 VLLM::W        1046588 nvme1n1 RS   731250688  131072    1.964
21:57:31.363 VLLM::W        1046588 nvme1n1 RS   731250944  131072    1.994
21:57:31.363 VLLM::W        1046586 nvme1n1 RS   844928768  131072    2.014
21:57:31.363 VLLM::W        1046586 nvme1n1 RS   844929024  131072    2.025
21:57:31.363 VLLM::W        1046586 nvme1n1 RS   844929280  131072    2.053
21:57:31.363 VLLM::W        1046586 nvme1n1 RS   844929536  131072    2.084
21:57:31.363 VLLM::W        1046586 nvme1n1 RS   844929792  131072    2.135
21:57:31.363 VLLM::W        1046586 nvme1n1 RS   844930048  131072    2.189
21:57:31.363 VLLM::W        1046586 nvme1n1 RS   844930304  131072    2.196
21:57:31.363 VLLM::W        1046586 nvme1n1 RS   844930560  131072    2.236
21:57:31.363 VLLM::W        1046586 nvme1n1 RS   844930816  131072    2.266
21:57:31.363 VLLM::W        1046586 nvme1n1 RS   844931072  131072    2.277
21:57:31.363 VLLM::W        1046586 nvme1n1 RS   844931328  131072    2.308
21:57:31.363 VLLM::W        1046587 nvme1n1 RS   1565499648 131072    1.787
21:57:31.363 VLLM::W        1046587 nvme1n1 RS   1565499392 131072    1.812
21:57:31.364 VLLM::W        1046587 nvme1n1 RS   1565499904 131072    1.826
21:57:31.364 VLLM::W        1046587 nvme1n1 RS   1565500160 131072    1.837
21:57:31.364 VLLM::W        1046587 nvme1n1 RS   1565500416 131072    1.913
21:57:31.364 VLLM::W        1046587 nvme1n1 RS   1565500672 131072    1.929
21:57:31.364 VLLM::W        1046587 nvme1n1 RS   1565500928 131072    1.978
21:57:31.364 VLLM::W        1046587 nvme1n1 RS   1565501184 131072    2.000
21:57:31.364 VLLM::W        1046587 nvme1n1 RS   1565501696 131072    2.030
21:57:31.364 VLLM::W        1046587 nvme1n1 RS   1565501952 131072    2.065
21:57:31.364 VLLM::W        1046587 nvme1n1 RS   1565501440 131072    2.085
21:57:31.364 VLLM::W        1046587 nvme1n1 RS   1565502464 131072    2.105
21:57:31.364 VLLM::W        1046587 nvme1n1 RS   1565502208 131072    2.147
21:57:31.364 VLLM::W        1046587 nvme1n1 RS   1565502976 131072    2.222
21:57:31.364 VLLM::W        1046587 nvme1n1 RS   1565503232 131072    2.227
21:57:31.364 VLLM::W        1046587 nvme1n1 RS   1565502720 131072    2.255
21:57:31.364 VLLM::W        1046587 nvme1n1 RS   1565511680 131072    2.301
21:57:31.364 VLLM::W        1046587 nvme1n1 RS   1565511936 131072    2.313
21:57:31.364 VLLM::W        1046589 nvme1n1 RS   1581850624 131072    1.716
21:57:31.364 VLLM::W        1046589 nvme1n1 RS   1581851392 131072    1.796
21:57:31.364 VLLM::W        1046589 nvme1n1 RS   1581850880 131072    1.823
21:57:31.364 VLLM::W        1046589 nvme1n1 RS   1581851136 131072    1.835
21:57:31.364 VLLM::W        1046589 nvme1n1 RS   1581851648 131072    1.842
21:57:31.364 VLLM::W        1046589 nvme1n1 RS   1581852160 131072    1.913
21:57:31.364 VLLM::W        1046589 nvme1n1 RS   1581851904 131072    1.925
21:57:31.364 VLLM::W        1046589 nvme1n1 RS   1581852416 131072    1.973
21:57:31.364 VLLM::W        1046589 nvme1n1 RS   1581852672 131072    1.983
21:57:31.364 VLLM::W        1046589 nvme1n1 RS   1581853184 131072    1.981
21:57:31.365 VLLM::W        1046589 nvme1n1 RS   1581853440 131072    2.022
21:57:31.365 VLLM::W        1046589 nvme1n1 RS   1581852928 131072    2.050
21:57:31.365 VLLM::W        1046589 nvme1n1 RS   1581853696 131072    2.054
21:57:31.365 VLLM::W        1046589 nvme1n1 RS   1581854208 131072    2.117
21:57:31.365 VLLM::W        1046589 nvme1n1 RS   1581854464 131072    2.149
21:57:31.365 VLLM::W        1046589 nvme1n1 RS   1581853952 131072    2.186
21:57:31.365 VLLM::W        1046589 nvme1n1 RS   1581854720 131072    2.180
21:57:31.365 VLLM::W        1046589 nvme1n1 RS   1581854976 131072    2.249
21:57:31.365 VLLM::W        1046588 nvme1n1 RS   731181312  131072    1.787
21:57:31.365 VLLM::W        1046588 nvme1n1 RS   731181568  131072    1.787
21:57:31.365 VLLM::W        1046588 nvme1n1 RS   731181056  131072    1.796
21:57:31.365 VLLM::W        1046588 nvme1n1 RS   731181824  131072    1.785
21:57:31.365 VLLM::W        1046588 nvme1n1 RS   731182080  131072    1.794
21:57:31.365 VLLM::W        1046588 nvme1n1 RS   731182336  131072    1.809
21:57:31.365 VLLM::W        1046588 nvme1n1 RS   731182592  131072    1.814
21:57:31.365 VLLM::W        1046588 nvme1n1 RS   731182848  131072    1.830
21:57:31.365 VLLM::W        1046588 nvme1n1 RS   731183104  131072    1.841
21:57:31.365 VLLM::W        1046588 nvme1n1 RS   731183616  131072    1.927
21:57:31.365 VLLM::W        1046588 nvme1n1 RS   731183360  131072    1.958
21:57:31.365 VLLM::W        1046588 nvme1n1 RS   731183872  131072    1.963
21:57:31.365 VLLM::W        1046588 nvme1n1 RS   731184128  131072    1.967
21:57:31.365 VLLM::W        1046588 nvme1n1 RS   731184384  131072    1.994
21:57:31.365 VLLM::W        1046588 nvme1n1 RS   731184640  131072    2.033
21:57:31.365 VLLM::W        1046588 nvme1n1 RS   731184896  131072    2.060
21:57:31.365 VLLM::W        1046588 nvme1n1 RS   1565470720 131072    2.085
21:57:31.365 VLLM::W        1046588 nvme1n1 RS   1565470976 131072    2.133
21:57:31.366 VLLM::W        1046586 nvme1n1 RS   1565466624 131072    1.948
21:57:31.366 VLLM::W        1046586 nvme1n1 RS   1565467392 131072    1.963
21:57:31.366 VLLM::W        1046586 nvme1n1 RS   1565467648 131072    1.991
21:57:31.366 VLLM::W        1046586 nvme1n1 RS   1565466880 131072    2.022
21:57:31.366 VLLM::W        1046586 nvme1n1 RS   1565467136 131072    2.026
21:57:31.366 VLLM::W        1046586 nvme1n1 RS   1565468416 131072    2.077
21:57:31.366 VLLM::W        1046586 nvme1n1 RS   1565468672 131072    2.109
21:57:31.366 VLLM::W        1046586 nvme1n1 RS   1565467904 131072    2.168
21:57:31.366 VLLM::W        1046586 nvme1n1 RS   1565468160 131072    2.173
21:57:31.366 VLLM::W        1046586 nvme1n1 RS   1565469440 131072    2.170
21:57:31.366 VLLM::W        1046586 nvme1n1 RS   1565469696 131072    2.209
21:57:31.366 VLLM::W        1046586 nvme1n1 RS   1565468928 131072    2.244
21:57:31.366 VLLM::W        1046586 nvme1n1 RS   1565469184 131072    2.249
21:57:31.366 VLLM::W        1046586 nvme1n1 RS   1565469952 131072    2.308
21:57:31.366 VLLM::W        1046586 nvme1n1 RS   1565470208 131072    2.330
21:57:31.366 VLLM::W        1046586 nvme1n1 RS   1565470464 131072    2.322
21:57:31.366 VLLM::W        1046586 nvme1n1 RS   1565487104 131072    2.378
21:57:31.366 VLLM::W        1046586 nvme1n1 RS   1565487360 131072    2.383
21:57:31.366 VLLM::W        1046587 nvme1n1 RS   844935168  131072    1.875
21:57:31.366 VLLM::W        1046587 nvme1n1 RS   844935424  131072    1.890
21:57:31.366 VLLM::W        1046587 nvme1n1 RS   844935680  131072    1.911
21:57:31.366 VLLM::W        1046587 nvme1n1 RS   844935936  131072    1.916
21:57:31.366 VLLM::W        1046587 nvme1n1 RS   844936192  131072    1.945
21:57:31.366 VLLM::W        1046587 nvme1n1 RS   844936448  131072    1.975
21:57:31.366 VLLM::W        1046587 nvme1n1 RS   844936704  131072    2.015
21:57:31.366 VLLM::W        1046587 nvme1n1 RS   844936960  131072    2.008
21:57:31.366 VLLM::W        1046587 nvme1n1 RS   844937216  131072    2.067
21:57:31.366 VLLM::W        1046587 nvme1n1 RS   844937472  131072    2.076
21:57:31.366 VLLM::W        1046587 nvme1n1 RS   844937728  131072    2.103
21:57:31.366 VLLM::W        1046587 nvme1n1 RS   844937984  131072    2.132
21:57:31.367 VLLM::W        1046587 nvme1n1 RS   844938240  131072    2.172
21:57:31.367 VLLM::W        1046587 nvme1n1 RS   844938496  131072    2.207
21:57:31.367 VLLM::W        1046587 nvme1n1 RS   844938752  131072    2.260
21:57:31.367 VLLM::W        1046587 nvme1n1 RS   844939008  131072    2.257
21:57:31.367 VLLM::W        1046587 nvme1n1 RS   844939264  131072    2.286
21:57:31.367 VLLM::W        1046587 nvme1n1 RS   844939520  131072    2.335
21:57:31.367 VLLM::W        1046589 nvme1n1 RS   1685999872 131072    1.893
21:57:31.367 VLLM::W        1046589 nvme1n1 RS   1685999616 131072    1.904
21:57:31.367 VLLM::W        1046589 nvme1n1 RS   1686000384 131072    1.959
21:57:31.367 VLLM::W        1046589 nvme1n1 RS   1686000128 131072    1.981
21:57:31.367 VLLM::W        1046589 nvme1n1 RS   1686000640 131072    1.995
21:57:31.367 VLLM::W        1046589 nvme1n1 RS   1686000896 131072    2.033
21:57:31.367 VLLM::W        1046589 nvme1n1 RS   1686001152 131072    2.062
21:57:31.367 VLLM::W        1046589 nvme1n1 RS   1686001408 131072    2.054
21:57:31.367 VLLM::W        1046589 nvme1n1 RS   1686001664 131072    2.102
21:57:31.367 VLLM::W        1046589 nvme1n1 RS   1686001920 131072    2.112
21:57:31.367 VLLM::W        1046589 nvme1n1 RS   1686002176 131072    2.155
21:57:31.367 VLLM::W        1046589 nvme1n1 RS   1686002432 131072    2.166
21:57:31.367 VLLM::W        1046589 nvme1n1 RS   1686002688 131072    2.197
21:57:31.367 VLLM::W        1046589 nvme1n1 RS   1686002944 131072    2.225
21:57:31.367 VLLM::W        1046589 nvme1n1 RS   1686003200 131072    2.264
21:57:31.367 VLLM::W        1046589 nvme1n1 RS   1686003456 131072    2.297
21:57:31.367 VLLM::W        1046589 nvme1n1 RS   1686003712 131072    2.314
21:57:31.367 VLLM::W        1046589 nvme1n1 RS   1686003968 131072    2.347
21:57:31.367 VLLM::W        1046588 nvme1n1 RS   1565515776 131072    1.851
21:57:31.367 VLLM::W        1046588 nvme1n1 RS   1565516032 131072    1.862
21:57:31.367 VLLM::W        1046588 nvme1n1 RS   1565516288 131072    1.871
21:57:31.368 VLLM::W        1046588 nvme1n1 RS   1565516544 131072    1.900
21:57:31.368 VLLM::W        1046588 nvme1n1 RS   1565516800 131072    1.947
21:57:31.368 VLLM::W        1046588 nvme1n1 RS   1565517056 131072    1.976
21:57:31.368 VLLM::W        1046588 nvme1n1 RS   1565517312 131072    2.004
21:57:31.368 VLLM::W        1046588 nvme1n1 RS   1565517568 131072    1.986
21:57:31.368 VLLM::W        1046588 nvme1n1 RS   1565517824 131072    2.042
21:57:31.368 VLLM::W        1046588 nvme1n1 RS   1565518080 131072    2.051
21:57:31.368 VLLM::W        1046588 nvme1n1 RS   1565518336 131072    2.088
21:57:31.368 VLLM::W        1046588 nvme1n1 RS   1565518592 131072    2.125
21:57:31.368 VLLM::W        1046588 nvme1n1 RS   1565518848 131072    2.168
21:57:31.368 VLLM::W        1046588 nvme1n1 RS   1565519104 131072    2.209
21:57:31.368 VLLM::W        1046588 nvme1n1 RS   1565519360 131072    2.219
21:57:31.368 VLLM::W        1046588 nvme1n1 RS   1565519616 131072    2.264
21:57:31.368 VLLM::W        1046588 nvme1n1 RS   1565523968 131072    2.311
21:57:31.368 VLLM::W        1046588 nvme1n1 RS   1565524224 131072    2.322
21:57:31.368 VLLM::W        1046586 nvme1n1 RS   1565478912 131072    1.836
21:57:31.368 VLLM::W        1046586 nvme1n1 RS   1565479168 131072    1.867
21:57:31.368 VLLM::W        1046586 nvme1n1 RS   1565479424 131072    1.907
21:57:31.368 VLLM::W        1046586 nvme1n1 RS   1565479680 131072    1.917
21:57:31.368 VLLM::W        1046586 nvme1n1 RS   1565479936 131072    1.962
21:57:31.368 VLLM::W        1046586 nvme1n1 RS   1565480192 131072    1.989
21:57:31.368 VLLM::W        1046586 nvme1n1 RS   1565480448 131072    2.037
21:57:31.368 VLLM::W        1046586 nvme1n1 RS   1565480704 131072    2.037
21:57:31.368 VLLM::W        1046586 nvme1n1 RS   1565480960 131072    2.047
21:57:31.368 VLLM::W        1046586 nvme1n1 RS   1565481216 131072    2.087
21:57:31.368 VLLM::W        1046586 nvme1n1 RS   1565481472 131072    2.105
21:57:31.368 VLLM::W        1046586 nvme1n1 RS   1565481728 131072    2.135
21:57:31.369 VLLM::W        1046586 nvme1n1 RS   1565481984 131072    2.171
21:57:31.369 VLLM::W        1046586 nvme1n1 RS   1565482240 131072    2.200
21:57:31.369 VLLM::W        1046586 nvme1n1 RS   1565482496 131072    2.233
21:57:31.369 VLLM::W        1046586 nvme1n1 RS   1565482752 131072    2.259
21:57:31.369 VLLM::W        1046586 nvme1n1 RS   1565491200 131072    2.295
21:57:31.369 VLLM::W        1046586 nvme1n1 RS   1565491456 131072    2.331
21:57:31.369 VLLM::W        1046587 nvme1n1 RS   1565503488 131072    1.860
21:57:31.369 VLLM::W        1046587 nvme1n1 RS   1565503744 131072    1.883
21:57:31.369 VLLM::W        1046587 nvme1n1 RS   1565504000 131072    1.919
21:57:31.369 VLLM::W        1046587 nvme1n1 RS   1565504256 131072    1.945
21:57:31.369 VLLM::W        1046587 nvme1n1 RS   1565504512 131072    1.982
21:57:31.369 VLLM::W        1046587 nvme1n1 RS   1565504768 131072    2.020
21:57:31.369 VLLM::W        1046587 nvme1n1 RS   1565505024 131072    2.057
21:57:31.369 VLLM::W        1046587 nvme1n1 RS   1565505280 131072    2.013
21:57:31.369 VLLM::W        1046587 nvme1n1 RS   1565505536 131072    2.045
21:57:31.369 VLLM::W        1046587 nvme1n1 RS   1565505792 131072    2.085
21:57:31.369 VLLM::W        1046587 nvme1n1 RS   1565506048 131072    2.115
21:57:31.369 VLLM::W        1046587 nvme1n1 RS   1565506304 131072    2.140
21:57:31.369 VLLM::W        1046587 nvme1n1 RS   1565506560 131072    2.168
21:57:31.369 VLLM::W        1046587 nvme1n1 RS   1565506816 131072    2.200
21:57:31.369 VLLM::W        1046587 nvme1n1 RS   1565507072 131072    2.228
21:57:31.369 VLLM::W        1046587 nvme1n1 RS   1565507328 131072    2.281
21:57:31.369 VLLM::W        1046587 nvme1n1 RS   1565507584 131072    2.297
21:57:31.369 VLLM::W        1046587 nvme1n1 RS   1565507840 131072    2.306
21:57:31.419 ib_log_        125924  nvme1n1 WS   1757456072 4096      0.042
21:57:31.446 ib_pg_f        125924  nvme1n1 WS   1740054528 131072    0.151
21:57:31.446 ib_pg_f        125924  nvme1n1 WS   1740054784 131072    0.223
21:57:31.446 ib_pg_f        125924  nvme1n1 WS   1740055040 131072    0.304
21:57:31.446 ib_pg_f        125924  nvme1n1 WS   1740055296 131072    0.385
21:57:31.447 ib_pg_f        125924  nvme1n1 WS   1740055552 131072    0.456
21:57:31.447 ib_pg_f        125924  nvme1n1 WS   1740055808 131072    0.534
21:57:31.447 ib_pg_f        125924  nvme1n1 WS   1740056064 131072    0.616
21:57:31.447 ib_pg_f        125924  nvme1n1 WS   1740056320 131072    0.687
21:57:31.447 ib_pg_f        125924  nvme1n1 WS   1740056576 131072    0.771
21:57:31.447 ib_pg_f        125924  nvme1n1 WS   1740056832 32768     0.780
21:57:31.447 ib_pg_f        125924  nvme1n1 WS   1757151392 16384     0.042
21:57:31.447 ib_pg_f        125924  nvme1n1 WS   1757691744 16384     0.041
21:57:31.447 ib_pg_f        125924  nvme1n1 WS   1757760192 16384     0.044
21:57:31.447 ib_pg_f        125924  nvme1n1 WS   814080     16384     0.046
21:57:31.447 ib_pg_f        125924  nvme1n1 WS   814048     16384     0.039
21:57:31.447 ib_pg_f        125924  nvme1n1 WS   814016     16384     0.041
21:57:31.447 ib_pg_f        125924  nvme1n1 WS   813984     16384     0.044
21:57:31.447 ib_pg_f        125924  nvme1n1 WS   1437184    16384     0.050
21:57:31.447 ib_pg_f        125924  nvme1n1 WS   813184     16384     0.056
21:57:31.447 ib_pg_f        125924  nvme1n1 WS   1757681504 16384     0.065
21:57:31.447 ib_pg_f        125924  nvme1n1 WS   1757691392 16384     0.071
21:57:31.447 ib_pg_f        125924  nvme1n1 WS   1436000    16384     0.072
21:57:31.447 ib_pg_f        125924  nvme1n1 WS   1757690592 16384     0.069
21:57:31.447 ib_pg_f        125924  nvme1n1 WS   813216     16384     0.078
21:57:31.447 ib_pg_f        125924  nvme1n1 WS   813152     16384     0.076
21:57:31.447 ib_pg_f        125924  nvme1n1 WS   1757760512 16384     0.081
21:57:31.447 ib_pg_f        125924  nvme1n1 WS   1520145408 16384     0.079
21:57:31.447 ib_pg_f        125924  nvme1n1 WS   1436768    16384     0.078
21:57:31.447 ib_pg_f        125924  nvme1n1 WS   1437504    16384     0.077
21:57:31.447 ib_pg_f        125924  nvme1n1 WS   1757689856 16384     0.071
21:57:31.447 ib_pg_f        125924  nvme1n1 WS   1436160    16384     0.072
21:57:31.447 ib_pg_f        125924  nvme1n1 WS   1437024    16384     0.066
21:57:31.447 ib_pg_f        125924  nvme1n1 WS   1520145376 16384     0.060
21:57:31.447 ib_pg_f        125924  nvme1n1 WS   37650336   16384     0.043
21:57:31.447 ib_pg_f        125924  nvme1n1 WS   1757759488 16384     0.042
21:57:31.447 ib_pg_f        125924  nvme1n1 WS   1520145440 16384     0.046
21:57:31.447 ib_pg_f        125924  nvme1n1 WS   813696     16384     0.059
21:57:31.447 ib_pg_f        125924  nvme1n1 WS   813728     16384     0.041
21:57:31.447 ib_pg_f        125924  nvme1n1 WS   1436640    16384     0.048
21:57:31.447 ib_pg_f        125924  nvme1n1 WS   813760     16384     0.056
21:57:31.447 ib_pg_f        125924  nvme1n1 WS   813792     16384     0.057
21:57:31.447 ib_pg_f        125924  nvme1n1 WS   813824     16384     0.058
21:57:31.447 ib_pg_f        125924  nvme1n1 WS   813888     16384     0.059
21:57:31.447 ib_pg_f        125924  nvme1n1 WS   813920     16384     0.059
21:57:31.447 ib_pg_f        125924  nvme1n1 WS   1756836768 16384     0.056
21:57:31.447 ib_pg_f        125924  nvme1n1 WS   1757759712 16384     0.055
21:57:31.447 ib_pg_f        125924  nvme1n1 WS   1520145216 16384     0.056
21:57:31.447 ib_pg_f        125924  nvme1n1 WS   813952     16384     0.052
21:57:31.447 ib_pg_f        125924  nvme1n1 WS   1520107936 16384     0.056
21:57:31.448 ib_pg_f        125924  nvme1n1 WS   1756547808 16384     0.057
21:57:31.448 ib_pg_f        125924  nvme1n1 WS   1757691296 16384     0.065
21:57:31.448 ib_pg_f        125924  nvme1n1 WS   1756547840 16384     0.052
21:57:31.448 ib_pg_f        125924  nvme1n1 WS   1757716192 16384     0.056
21:57:31.448 ib_pg_f        125924  nvme1n1 WS   1757716032 16384     0.061
21:57:31.448 ib_pg_f        125924  nvme1n1 WS   818976     16384     0.054
21:57:31.448 ib_pg_f        125924  nvme1n1 WS   1437088    16384     0.056
21:57:31.448 ib_pg_f        125924  nvme1n1 WS   1757759680 16384     0.068
21:57:31.448 ib_pg_f        125924  nvme1n1 WS   1520144384 16384     0.072
21:57:31.448 ib_pg_f        125924  nvme1n1 WS   1755101088 16384     0.072
21:57:31.448 ib_pg_f        125924  nvme1n1 WS   1740410976 16384     0.064
21:57:31.448 ib_pg_f        125924  nvme1n1 WS   1740404672 16384     0.066
21:57:31.448 ib_pg_f        125924  nvme1n1 WS   1740106112 16384     0.068
21:57:31.448 ib_pg_f        125924  nvme1n1 WS   1740404704 16384     0.073
21:57:31.448 ib_pg_f        125924  nvme1n1 WS   1757151456 16384     0.072
21:57:31.448 ib_pg_f        125924  nvme1n1 WS   1755101120 16384     0.073
21:57:31.448 ib_pg_f        125924  nvme1n1 WS   1740411008 16384     0.079
21:57:31.448 ib_pg_f        125924  nvme1n1 WS   571217720  16384     0.044
21:57:31.448 ib_pg_f        125924  nvme1n1 WS   1753733600 16384     0.051
21:57:31.448 ib_pg_f        125924  nvme1n1 WS   571217752  16384     0.060
21:57:31.448 ib_pg_f        125924  nvme1n1 WS   571217784  16384     0.067
21:57:31.448 ib_pg_f        125924  nvme1n1 WS   1740404736 16384     0.076
21:57:31.448 ib_pg_f        125924  nvme1n1 WS   571217816  16384     0.082
21:57:31.448 ib_pg_f        125924  nvme1n1 WS   1755101152 16384     0.091
21:57:31.448 ib_pg_f        125924  nvme1n1 WS   1740404768 16384     0.099
21:57:31.448 ib_pg_f        125924  nvme1n1 WS   1740106144 16384     0.095
21:57:31.448 ib_pg_f        125924  nvme1n1 WS   1740404800 16384     0.092
21:57:31.448 ib_pg_f        125924  nvme1n1 WS   1755204928 16384     0.096
21:57:31.448 ib_pg_f        125924  nvme1n1 WS   1755214336 16384     0.097
21:57:31.448 ib_pg_f        125924  nvme1n1 WS   1740414400 16384     0.093
21:57:31.448 ib_pg_f        125924  nvme1n1 WS   1740077056 16384     0.098
21:57:31.448 ib_pg_f        125924  nvme1n1 WS   1740411712 16384     0.096
21:57:31.448 ib_pg_f        125924  nvme1n1 WS   1740106240 16384     0.094
21:57:31.448 ib_pg_f        125924  nvme1n1 WS   1740404832 16384     0.096
21:57:31.448 ib_pg_f        125924  nvme1n1 WS   1756836384 16384     0.102
21:57:31.581 nvme           1200373 Unknown N    -1         512       0.070
21:57:31.652 python3        1046589 nvme1n1 WS   1593430016 131072    0.166
21:57:31.652 python3        1046589 nvme1n1 WS   1593430272 131072    0.257
21:57:31.652 python3        1046589 nvme1n1 WS   1593430528 131072    0.311
21:57:31.653 python3        1046589 nvme1n1 WS   1593430784 131072    0.402
21:57:31.653 python3        1046589 nvme1n1 WS   1593431040 131072    0.467
21:57:31.653 python3        1046589 nvme1n1 WS   1593431296 131072    0.557
21:57:31.653 python3        1046589 nvme1n1 WS   1593431552 131072    0.630
21:57:31.653 python3        1046589 nvme1n1 WS   1593431808 131072    0.658
21:57:31.653 python3        1046589 nvme1n1 WS   1593432064 131072    0.726
21:57:31.653 python3        1046589 nvme1n1 WS   1593432320 131072    0.805
21:57:31.653 python3        1046589 nvme1n1 WS   1593432576 131072    0.886
21:57:31.653 python3        1046589 nvme1n1 WS   1593432832 131072    0.963
21:57:31.653 python3        1046588 nvme1n1 WS   1593319424 131072    1.045
21:57:31.653 python3        1046589 nvme1n1 WS   1593433088 131072    1.117
21:57:31.653 python3        1046589 nvme1n1 WS   1593433344 131072    1.197
21:57:31.653 python3        1046588 nvme1n1 WS   1593319680 131072    1.284
21:57:31.654 python3        1046588 nvme1n1 WS   1593319936 131072    1.361
21:57:31.654 python3        1046588 nvme1n1 WS   1593320192 131072    1.440
21:57:31.654 python3        1046588 nvme1n1 WS   1593320448 131072    1.521
21:57:31.654 python3        1046588 nvme1n1 WS   1593320704 131072    1.601
21:57:31.654 python3        1046588 nvme1n1 WS   1593320960 131072    1.679
21:57:31.654 python3        1046589 nvme1n1 WS   1593433600 131072    1.773
21:57:31.654 python3        1046589 nvme1n1 WS   1593323520 131072    1.839
21:57:31.654 python3        1046589 nvme1n1 WS   1593323776 131072    1.920
21:57:31.654 python3        1046589 nvme1n1 WS   1593433856 131072    1.995
21:57:31.654 python3        1046589 nvme1n1 WS   1593438208 131072    2.072
21:57:31.654 python3        1046589 nvme1n1 WS   1593438464 131072    2.154
21:57:31.654 python3        1046586 nvme1n1 WS   316747776  131072    2.238
21:57:31.655 python3        1046586 nvme1n1 WS   316748032  131072    2.313
21:57:31.655 python3        1046588 nvme1n1 WS   1593434112 131072    2.393
21:57:31.655 python3        1046587 nvme1n1 WS   316932096  131072    2.472
21:57:31.655 python3        1046588 nvme1n1 WS   1593434368 131072    2.539
21:57:31.655 python3        1046588 nvme1n1 WS   1593434624 131072    2.613
21:57:31.655 python3        1046588 nvme1n1 WS   1593434880 131072    2.687
21:57:31.655 python3        1046588 nvme1n1 WS   1593435136 131072    2.761
21:57:31.655 python3        1046588 nvme1n1 WS   1593435392 131072    2.836
21:57:31.655 python3        1046587 nvme1n1 WS   316932352  131072    2.930
21:57:31.655 python3        1046587 nvme1n1 WS   316932608  131072    3.002
21:57:31.655 python3        1046587 nvme1n1 WS   316932864  131072    3.075
21:57:31.655 python3        1046587 nvme1n1 WS   316933120  131072    3.148
21:57:31.655 python3        1046587 nvme1n1 WS   316933376  131072    3.223
21:57:31.656 python3        1046589 nvme1n1 WS   1593324032 131072    3.335
21:57:31.656 python3        1046589 nvme1n1 WS   1593324288 131072    3.392
21:57:31.656 python3        1046589 nvme1n1 WS   1593324544 131072    3.472
21:57:31.656 python3        1046589 nvme1n1 WS   1593324800 131072    3.553
21:57:31.656 python3        1046586 nvme1n1 WS   316748288  131072    3.649
21:57:31.656 python3        1046586 nvme1n1 WS   316748544  131072    3.723
21:57:31.656 python3        1046586 nvme1n1 WS   316748800  131072    3.800
21:57:31.656 python3        1046586 nvme1n1 WS   316749056  131072    3.874
21:57:31.656 python3        1046588 nvme1n1 WS   1593321216 131072    3.965
21:57:31.656 python3        1046588 nvme1n1 WS   1593321472 131072    4.037
21:57:31.656 python3        1046588 nvme1n1 WS   1593321728 131072    4.113
21:57:31.656 python3        1046588 nvme1n1 WS   1593321984 131072    4.188
21:57:31.657 python3        1046589 nvme1n1 WS   1593325056 131072    4.264
21:57:31.657 python3        1046589 nvme1n1 WS   1593325312 131072    4.318
21:57:31.657 python3        1046586 nvme1n1 WS   316749312  131072    4.426
21:57:31.657 python3        1046586 nvme1n1 WS   316749568  131072    4.481
21:57:31.657 python3        1046586 nvme1n1 WS   316749824  131072    4.556
21:57:31.657 python3        1046588 nvme1n1 WS   1593435648 131072    4.718
21:57:31.657 python3        1046588 nvme1n1 WS   1593435904 131072    4.719
21:57:31.657 python3        1046587 nvme1n1 WS   316933632  131072    4.822
21:57:31.657 python3        1046588 nvme1n1 WS   1593322240 131072    4.900
21:57:31.657 python3        1046588 nvme1n1 WS   1593322496 131072    4.977
21:57:31.657 python3        1046588 nvme1n1 WS   1593322752 131072    5.052
21:57:31.657 python3        1046588 nvme1n1 WS   1593323008 131072    5.129
21:57:31.657 python3        1046589 nvme1n1 WS   1593325568 131072    5.193
21:57:31.658 python3        1046589 nvme1n1 WS   1593325824 131072    5.272
21:57:31.658 python3        1046589 nvme1n1 WS   1593326080 131072    5.346
21:57:31.658 python3        1046589 nvme1n1 WS   1593326336 131072    5.426
21:57:31.658 python3        1046589 nvme1n1 WS   1593326592 86016     5.480
21:57:31.658 python3        1046586 nvme1n1 WS   316750080  131072    5.563
21:57:31.658 python3        1046586 nvme1n1 WS   316750336  131072    5.639
21:57:31.658 python3        1046586 nvme1n1 WS   316750592  131072    5.712
21:57:31.658 python3        1046586 nvme1n1 WS   316750848  86016     5.761
21:57:31.658 python3        1046588 nvme1n1 WS   1593436160 131072    5.965
21:57:31.658 python3        1046588 nvme1n1 WS   1593436416 131072    5.966
21:57:31.658 python3        1046588 nvme1n1 WS   1593436672 131072    6.008
21:57:31.658 python3        1046588 nvme1n1 WS   1593436928 131072    6.084
21:57:31.658 python3        1046588 nvme1n1 WS   1593437184 86016     6.133
21:57:31.659 python3        1046588 nvme1n1 WS   1593323264 131072    6.225
21:57:31.659 python3        1046588 nvme1n1 WS   1593327616 131072    6.301
21:57:31.659 python3        1046588 nvme1n1 WS   1593327872 131072    6.379
21:57:31.659 python3        1046587 nvme1n1 WS   316933888  131072    6.460
21:57:31.659 python3        1046587 nvme1n1 WS   316934144  131072    6.534
21:57:31.659 python3        1046587 nvme1n1 WS   316934400  131072    6.619
21:57:31.659 python3        1046587 nvme1n1 WS   316934656  131072    6.695
21:57:31.659 python3        1046587 nvme1n1 WS   316934912  131072    6.766
21:57:31.659 python3        1046587 nvme1n1 WS   316935168  131072    6.844
21:57:31.659 python3        1046587 nvme1n1 WS   316935424  131072    6.942
21:57:31.659 python3        1046587 nvme1n1 WS   316935680  131072    7.017
21:57:31.659 python3        1046587 nvme1n1 WS   316935936  131072    7.080
21:57:31.660 python3        1046587 nvme1n1 WS   316936192  131072    7.161
21:57:31.660 python3        1046587 nvme1n1 WS   316936448  131072    7.240
21:57:31.660 python3        1046587 nvme1n1 WS   60174336   131072    7.242
21:57:31.660 python3        1046587 nvme1n1 WS   60174592   131072    7.312
21:57:31.660 python3        1046587 nvme1n1 WS   60174848   131072    7.387
21:57:31.660 python3        1046587 nvme1n1 WS   60175104   131072    7.465
21:57:31.660 python3        1046587 nvme1n1 WS   60175360   131072    7.541
21:57:31.660 python3        1046587 nvme1n1 WS   60175616   131072    7.618
21:57:31.660 python3        1046587 nvme1n1 WS   60175872   131072    7.698
21:57:31.660 python3        1046587 nvme1n1 WS   60176128   131072    7.758
21:57:31.660 python3        1046587 nvme1n1 WS   60176384   131072    7.836
21:57:31.660 python3        1046587 nvme1n1 WS   60176640   131072    7.909
21:57:31.660 python3        1046587 nvme1n1 WS   60176896   131072    7.987
21:57:31.661 python3        1046587 nvme1n1 WS   60177152   131072    8.065
21:57:31.661 python3        1046587 nvme1n1 WS   60177408   86016     8.117
21:57:31.661 python3        1046586 nvme1n1 WS   1593331712 131072    7.669
21:57:31.661 python3        1046586 nvme1n1 WS   1593331968 131072    7.737
21:57:31.661 python3        1046586 nvme1n1 WS   1593332224 131072    7.808
21:57:31.661 python3        1046586 nvme1n1 WS   1593332480 131072    7.885
21:57:31.661 python3        1046586 nvme1n1 WS   1593332736 131072    7.958
21:57:31.661 python3        1046586 nvme1n1 WS   1593332992 131072    8.036
21:57:31.661 python3        1046586 nvme1n1 WS   1593333248 131072    8.110
21:57:31.661 python3        1046586 nvme1n1 WS   1593333504 131072    8.136
21:57:31.661 python3        1046586 nvme1n1 WS   1593333760 131072    8.209
21:57:31.661 python3        1046586 nvme1n1 WS   1593334016 131072    8.285
21:57:31.662 python3        1046586 nvme1n1 WS   1593334272 131072    8.359
21:57:31.662 python3        1046586 nvme1n1 WS   1593334528 131072    8.434
21:57:31.662 python3        1046586 nvme1n1 WS   1593334784 131072    8.516
21:57:31.662 python3        1046586 nvme1n1 WS   1593335040 131072    8.590
21:57:31.662 python3        1046586 nvme1n1 WS   1593335296 131072    8.666
21:57:31.662 python3        1046586 nvme1n1 WS   1593335552 131072    8.713
21:57:31.662 python3        1046586 nvme1n1 WS   1593335808 131072    8.785
21:57:31.662 python3        1046586 nvme1n1 WS   1593336064 131072    8.848
21:57:32.218 ib_log_        125924  nvme1n1 WS   1757456072 4096      0.058
21:57:32.218 ib_log_        125924  nvme1n1 WS   1757454744 4096      0.038
21:57:32.584 nvme           1200377 Unknown N    -1         512       0.033
21:57:33.446 ib_pg_f        125924  nvme1n1 WS   1740046336 16384     0.068
21:57:33.446 ib_pg_f        125924  nvme1n1 WS   1757760160 16384     0.042
21:57:33.586 nvme           1200397 Unknown N    -1         512       0.072
21:57:33.923 VLLM::W        1046589 nvme1n1 RS   575737856  131072    0.239
21:57:33.923 VLLM::W        1046589 nvme1n1 RS   575738112  131072    0.243
21:57:33.923 VLLM::W        1046589 nvme1n1 RS   575738368  131072    0.261
21:57:33.923 VLLM::W        1046589 nvme1n1 RS   575738624  131072    0.305
21:57:33.923 VLLM::W        1046589 nvme1n1 RS   575739136  131072    0.408
21:57:33.923 VLLM::W        1046589 nvme1n1 RS   575738880  131072    0.422
21:57:33.923 VLLM::W        1046589 nvme1n1 RS   575739392  131072    0.420
21:57:33.923 VLLM::W        1046588 nvme1n1 RS   1565323264 131072    0.475
21:57:33.923 VLLM::W        1046588 nvme1n1 RS   1565323520 131072    0.502
21:57:33.923 VLLM::W        1046586 nvme1n1 RS   1565462528 131072    0.536
21:57:33.923 VLLM::W        1046586 nvme1n1 RS   1565462784 131072    0.560
21:57:33.923 VLLM::W        1046586 nvme1n1 RS   1565463040 131072    0.611
21:57:33.923 VLLM::W        1046586 nvme1n1 RS   1565463296 131072    0.621
21:57:33.923 VLLM::W        1046586 nvme1n1 RS   1565463552 131072    0.648
21:57:33.924 VLLM::W        1046588 nvme1n1 RS   1565323776 131072    0.705
21:57:33.924 VLLM::W        1046588 nvme1n1 RS   1565324032 131072    0.743
21:57:33.924 VLLM::W        1046588 nvme1n1 RS   1565324288 131072    0.775
21:57:33.924 VLLM::W        1046588 nvme1n1 RS   1565324544 131072    0.802
21:57:33.924 VLLM::W        1046588 nvme1n1 RS   1565324800 131072    0.831
21:57:33.924 VLLM::W        1046586 nvme1n1 RS   1565463808 131072    0.868
21:57:33.924 VLLM::W        1046586 nvme1n1 RS   1565464064 131072    0.895
21:57:33.924 VLLM::W        1046589 nvme1n1 RS   575739648  131072    0.927
21:57:33.924 VLLM::W        1046589 nvme1n1 RS   575739904  131072    0.961
21:57:33.924 VLLM::W        1046589 nvme1n1 RS   575740160  131072    0.994
21:57:33.924 VLLM::W        1046589 nvme1n1 RS   575740672  131072    1.069
21:57:33.924 VLLM::W        1046589 nvme1n1 RS   575740416  131072    1.092
21:57:33.924 VLLM::W        1046589 nvme1n1 RS   575740928  131072    1.095
21:57:33.924 VLLM::W        1046588 nvme1n1 RS   1565325056 131072    1.162
21:57:33.924 VLLM::W        1046588 nvme1n1 RS   1565325312 131072    1.174
21:57:33.924 VLLM::W        1046586 nvme1n1 RS   1565464576 131072    1.240
21:57:33.924 VLLM::W        1046586 nvme1n1 RS   1565464320 131072    1.264
21:57:33.924 VLLM::W        1046586 nvme1n1 RS   1565464832 131072    1.273
21:57:33.924 VLLM::W        1046586 nvme1n1 RS   1565465088 131072    1.322
21:57:33.924 VLLM::W        1046589 nvme1n1 RS   575741184  131072    1.369
21:57:33.924 VLLM::W        1046589 nvme1n1 RS   575741440  131072    1.437
21:57:33.924 VLLM::W        1046586 nvme1n1 RS   1565465344 131072    1.437
21:57:33.924 VLLM::W        1046588 nvme1n1 RS   1565325568 131072    1.478
21:57:33.924 VLLM::W        1046588 nvme1n1 RS   1565325824 131072    1.506
21:57:33.924 VLLM::W        1046588 nvme1n1 RS   1565326080 131072    1.547
21:57:33.924 VLLM::W        1046588 nvme1n1 RS   1565326592 131072    1.609
21:57:33.925 VLLM::W        1046588 nvme1n1 RS   1565326336 131072    1.633
21:57:33.925 VLLM::W        1046588 nvme1n1 RS   1565326848 131072    1.640
21:57:33.925 VLLM::W        1046586 nvme1n1 RS   1565465600 131072    1.672
21:57:33.925 VLLM::W        1046586 nvme1n1 RS   1565465856 131072    1.730
21:57:33.925 VLLM::W        1046586 nvme1n1 RS   1565466112 131072    1.740
21:57:33.925 VLLM::W        1046589 nvme1n1 RS   575741952  131072    1.789
21:57:33.925 VLLM::W        1046589 nvme1n1 RS   575741696  131072    1.831
21:57:33.925 VLLM::W        1046589 nvme1n1 RS   575742208  131072    1.840
21:57:33.925 VLLM::W        1046588 nvme1n1 RS   1565327104 131072    1.870
21:57:33.925 VLLM::W        1046588 nvme1n1 RS   1565458432 131072    1.957
21:57:33.925 VLLM::W        1046588 nvme1n1 RS   1565458688 131072    1.975
21:57:33.925 VLLM::W        1046586 nvme1n1 RS   1565466368 131072    1.989
21:57:33.925 VLLM::W        1046586 nvme1n1 RS   1565483008 131072    2.049
21:57:33.925 VLLM::W        1046586 nvme1n1 RS   1565483264 131072    2.052
21:57:33.925 VLLM::W        1046587 nvme1n1 RS   1565474816 131072    2.003
21:57:33.925 VLLM::W        1046587 nvme1n1 RS   1565475072 131072    2.012
21:57:33.925 VLLM::W        1046587 nvme1n1 RS   1565475328 131072    2.026
21:57:33.925 VLLM::W        1046587 nvme1n1 RS   1565476096 131072    2.142
21:57:33.925 VLLM::W        1046587 nvme1n1 RS   1565475584 131072    2.164
21:57:33.925 VLLM::W        1046587 nvme1n1 RS   1565475840 131072    2.174
21:57:33.925 VLLM::W        1046587 nvme1n1 RS   1565476352 131072    2.172
21:57:33.925 VLLM::W        1046587 nvme1n1 RS   1565476864 131072    2.180
21:57:33.925 VLLM::W        1046587 nvme1n1 RS   1565477120 131072    2.195
21:57:33.925 VLLM::W        1046587 nvme1n1 RS   1565476608 131072    2.217
21:57:33.925 VLLM::W        1046587 nvme1n1 RS   1565477376 131072    2.300
21:57:33.925 VLLM::W        1046587 nvme1n1 RS   1565477632 131072    2.311
21:57:33.925 VLLM::W        1046587 nvme1n1 RS   1565477888 131072    2.351
21:57:33.926 VLLM::W        1046587 nvme1n1 RS   1565478144 131072    2.437
21:57:33.926 VLLM::W        1046587 nvme1n1 RS   1565478400 131072    2.443
21:57:33.926 VLLM::W        1046587 nvme1n1 RS   1565478656 131072    2.487
21:57:33.926 VLLM::W        1046587 nvme1n1 RS   1565495552 131072    2.501
21:57:33.926 VLLM::W        1046587 nvme1n1 RS   1565495296 131072    2.517
21:57:33.926 VLLM::W        1046589 nvme1n1 RS   1565519872 131072    0.895
21:57:33.926 VLLM::W        1046589 nvme1n1 RS   1565520384 131072    0.906
21:57:33.926 VLLM::W        1046589 nvme1n1 RS   1565520128 131072    0.924
21:57:33.926 VLLM::W        1046589 nvme1n1 RS   1565520640 131072    0.931
21:57:33.926 VLLM::W        1046589 nvme1n1 RS   1565520896 131072    0.963
21:57:33.926 VLLM::W        1046589 nvme1n1 RS   1565521152 131072    0.983
21:57:33.926 VLLM::W        1046589 nvme1n1 RS   1565521664 131072    0.978
21:57:33.926 VLLM::W        1046589 nvme1n1 RS   1565521408 131072    1.057
21:57:33.926 VLLM::W        1046589 nvme1n1 RS   1565521920 131072    1.011
21:57:33.926 VLLM::W        1046589 nvme1n1 RS   1565522688 131072    1.067
21:57:33.926 VLLM::W        1046589 nvme1n1 RS   1565522944 131072    1.087
21:57:33.926 VLLM::W        1046589 nvme1n1 RS   1565522176 131072    1.107
21:57:33.926 VLLM::W        1046589 nvme1n1 RS   1565522432 131072    1.129
21:57:33.926 VLLM::W        1046589 nvme1n1 RS   1565523200 131072    1.128
21:57:33.926 VLLM::W        1046589 nvme1n1 RS   1565523456 131072    1.187
21:57:33.926 VLLM::W        1046589 nvme1n1 RS   1565523712 131072    1.179
21:57:33.926 VLLM::W        1046589 nvme1n1 RS   1565536256 131072    1.215
21:57:33.926 VLLM::W        1046589 nvme1n1 RS   1565536512 131072    1.225
21:57:33.926 VLLM::W        1046588 nvme1n1 RS   731176960  131072    1.262
21:57:33.926 VLLM::W        1046588 nvme1n1 RS   731177216  131072    1.272
21:57:33.926 VLLM::W        1046588 nvme1n1 RS   731177472  131072    1.324
21:57:33.926 VLLM::W        1046588 nvme1n1 RS   731177728  131072    1.395
21:57:33.927 VLLM::W        1046588 nvme1n1 RS   731177984  131072    1.425
21:57:33.927 VLLM::W        1046588 nvme1n1 RS   731178240  131072    1.447
21:57:33.927 VLLM::W        1046588 nvme1n1 RS   731178496  131072    1.468
21:57:33.927 VLLM::W        1046588 nvme1n1 RS   731178752  131072    1.445
21:57:33.927 VLLM::W        1046588 nvme1n1 RS   731179008  131072    1.455
21:57:33.927 VLLM::W        1046586 nvme1n1 RS   844926976  131072    1.584
21:57:33.927 VLLM::W        1046586 nvme1n1 RS   844927232  131072    1.585
21:57:33.927 VLLM::W        1046588 nvme1n1 RS   731179520  131072    1.593
21:57:33.927 VLLM::W        1046588 nvme1n1 RS   731179264  131072    1.610
21:57:33.927 VLLM::W        1046586 nvme1n1 RS   844927488  131072    1.683
21:57:33.927 VLLM::W        1046586 nvme1n1 RS   844927744  131072    1.699
21:57:33.927 VLLM::W        1046586 nvme1n1 RS   844928000  131072    1.709
21:57:33.927 VLLM::W        1046586 nvme1n1 RS   844928256  131072    1.767
21:57:33.927 VLLM::W        1046586 nvme1n1 RS   844928512  131072    1.771
21:57:33.927 VLLM::W        1046588 nvme1n1 RS   731179776  131072    1.898
21:57:33.927 VLLM::W        1046588 nvme1n1 RS   731180288  131072    1.912
21:57:33.927 VLLM::W        1046588 nvme1n1 RS   731180544  131072    1.929
21:57:33.927 VLLM::W        1046588 nvme1n1 RS   731180032  131072    1.944
21:57:33.927 VLLM::W        1046588 nvme1n1 RS   731180800  131072    2.001
21:57:33.927 VLLM::W        1046588 nvme1n1 RS   731250688  131072    2.013
21:57:33.927 VLLM::W        1046588 nvme1n1 RS   731250944  131072    2.023
21:57:33.927 VLLM::W        1046586 nvme1n1 RS   844928768  131072    2.029
21:57:33.927 VLLM::W        1046586 nvme1n1 RS   844929024  131072    2.066
21:57:33.927 VLLM::W        1046586 nvme1n1 RS   844929280  131072    2.111
21:57:33.927 VLLM::W        1046586 nvme1n1 RS   844929536  131072    2.120
21:57:33.927 VLLM::W        1046586 nvme1n1 RS   844929792  131072    2.174
21:57:33.927 VLLM::W        1046586 nvme1n1 RS   844930048  131072    2.208
21:57:33.927 VLLM::W        1046586 nvme1n1 RS   844930304  131072    2.213
21:57:33.928 VLLM::W        1046586 nvme1n1 RS   844930560  131072    2.256
21:57:33.928 VLLM::W        1046586 nvme1n1 RS   844930816  131072    2.292
21:57:33.928 VLLM::W        1046586 nvme1n1 RS   844931072  131072    2.314
21:57:33.928 VLLM::W        1046586 nvme1n1 RS   844931328  131072    2.325
21:57:33.928 VLLM::W        1046587 nvme1n1 RS   1565499392 131072    1.796
21:57:33.928 VLLM::W        1046587 nvme1n1 RS   1565499648 131072    1.810
21:57:33.928 VLLM::W        1046587 nvme1n1 RS   1565499904 131072    1.833
21:57:33.928 VLLM::W        1046587 nvme1n1 RS   1565500160 131072    1.843
21:57:33.928 VLLM::W        1046587 nvme1n1 RS   1565500416 131072    1.924
21:57:33.928 VLLM::W        1046587 nvme1n1 RS   1565500672 131072    1.932
21:57:33.928 VLLM::W        1046587 nvme1n1 RS   1565500928 131072    1.980
21:57:33.928 VLLM::W        1046587 nvme1n1 RS   1565501184 131072    1.972
21:57:33.928 VLLM::W        1046587 nvme1n1 RS   1565501952 131072    2.021
21:57:33.928 VLLM::W        1046587 nvme1n1 RS   1565501696 131072    2.045
21:57:33.928 VLLM::W        1046587 nvme1n1 RS   1565501440 131072    2.064
21:57:33.928 VLLM::W        1046587 nvme1n1 RS   1565502464 131072    2.092
21:57:33.928 VLLM::W        1046587 nvme1n1 RS   1565502208 131072    2.112
21:57:33.928 VLLM::W        1046587 nvme1n1 RS   1565502976 131072    2.182
21:57:33.928 VLLM::W        1046587 nvme1n1 RS   1565503232 131072    2.186
21:57:33.928 VLLM::W        1046587 nvme1n1 RS   1565502720 131072    2.221
21:57:33.928 VLLM::W        1046587 nvme1n1 RS   1565511680 131072    2.257
21:57:33.928 VLLM::W        1046587 nvme1n1 RS   1565511936 131072    2.268
21:57:33.928 VLLM::W        1046589 nvme1n1 RS   1581850624 131072    1.919
21:57:33.928 VLLM::W        1046589 nvme1n1 RS   1581851392 131072    2.007
21:57:33.928 VLLM::W        1046589 nvme1n1 RS   1581850880 131072    2.033
21:57:33.928 VLLM::W        1046589 nvme1n1 RS   1581851136 131072    2.045
21:57:33.928 VLLM::W        1046589 nvme1n1 RS   1581851648 131072    2.064
21:57:33.929 VLLM::W        1046589 nvme1n1 RS   1581851904 131072    2.088
21:57:33.929 VLLM::W        1046589 nvme1n1 RS   1581852160 131072    2.126
21:57:33.929 VLLM::W        1046589 nvme1n1 RS   1581852416 131072    2.092
21:57:33.929 VLLM::W        1046589 nvme1n1 RS   1581852672 131072    2.125
21:57:33.929 VLLM::W        1046589 nvme1n1 RS   1581852928 131072    2.174
21:57:33.929 VLLM::W        1046589 nvme1n1 RS   1581853184 131072    2.184
21:57:33.929 VLLM::W        1046589 nvme1n1 RS   1581853440 131072    2.235
21:57:33.929 VLLM::W        1046589 nvme1n1 RS   1581853696 131072    2.258
21:57:33.929 VLLM::W        1046589 nvme1n1 RS   1581853952 131072    2.288
21:57:33.929 VLLM::W        1046589 nvme1n1 RS   1581854208 131072    2.316
21:57:33.929 VLLM::W        1046589 nvme1n1 RS   1581854464 131072    2.341
21:57:33.929 VLLM::W        1046589 nvme1n1 RS   1581854720 131072    2.374
21:57:33.929 VLLM::W        1046589 nvme1n1 RS   1581854976 131072    2.405
21:57:33.929 VLLM::W        1046588 nvme1n1 RS   731181056  131072    1.650
21:57:33.929 VLLM::W        1046588 nvme1n1 RS   731181312  131072    1.670
21:57:33.929 VLLM::W        1046588 nvme1n1 RS   731181568  131072    1.682
21:57:33.929 VLLM::W        1046588 nvme1n1 RS   731181824  131072    1.697
21:57:33.929 VLLM::W        1046588 nvme1n1 RS   731182080  131072    1.754
21:57:33.929 VLLM::W        1046588 nvme1n1 RS   731182336  131072    1.786
21:57:33.929 VLLM::W        1046588 nvme1n1 RS   731182592  131072    1.800
21:57:33.929 VLLM::W        1046588 nvme1n1 RS   731182848  131072    1.791
21:57:33.929 VLLM::W        1046588 nvme1n1 RS   731183104  131072    1.800
21:57:33.929 VLLM::W        1046588 nvme1n1 RS   731183616  131072    1.915
21:57:33.929 VLLM::W        1046588 nvme1n1 RS   731183872  131072    1.933
21:57:33.929 VLLM::W        1046588 nvme1n1 RS   731183360  131072    1.964
21:57:33.929 VLLM::W        1046588 nvme1n1 RS   731184128  131072    1.964
21:57:33.930 VLLM::W        1046588 nvme1n1 RS   731184640  131072    2.029
21:57:33.930 VLLM::W        1046588 nvme1n1 RS   731184384  131072    2.048
21:57:33.930 VLLM::W        1046588 nvme1n1 RS   731184896  131072    2.042
21:57:33.930 VLLM::W        1046588 nvme1n1 RS   1565470720 131072    2.073
21:57:33.930 VLLM::W        1046588 nvme1n1 RS   1565470976 131072    2.108
21:57:33.930 VLLM::W        1046586 nvme1n1 RS   1565466624 131072    1.959
21:57:33.930 VLLM::W        1046586 nvme1n1 RS   1565466880 131072    1.959
21:57:33.930 VLLM::W        1046586 nvme1n1 RS   1565467136 131072    1.957
21:57:33.930 VLLM::W        1046586 nvme1n1 RS   1565467392 131072    1.976
21:57:33.930 VLLM::W        1046586 nvme1n1 RS   1565467648 131072    2.022
21:57:33.930 VLLM::W        1046586 nvme1n1 RS   1565467904 131072    2.032
21:57:33.930 VLLM::W        1046586 nvme1n1 RS   1565468160 131072    2.064
21:57:33.930 VLLM::W        1046586 nvme1n1 RS   1565468416 131072    2.060
21:57:33.930 VLLM::W        1046586 nvme1n1 RS   1565468672 131072    2.088
21:57:33.930 VLLM::W        1046586 nvme1n1 RS   1565468928 131072    2.123
21:57:33.930 VLLM::W        1046586 nvme1n1 RS   1565469184 131072    2.155
21:57:33.930 VLLM::W        1046586 nvme1n1 RS   1565469440 131072    2.195
21:57:33.930 VLLM::W        1046586 nvme1n1 RS   1565469696 131072    2.223
21:57:33.930 VLLM::W        1046586 nvme1n1 RS   1565469952 131072    2.257
21:57:33.930 VLLM::W        1046586 nvme1n1 RS   1565470208 131072    2.289
21:57:33.930 VLLM::W        1046586 nvme1n1 RS   1565470464 131072    2.311
21:57:33.930 VLLM::W        1046586 nvme1n1 RS   1565487104 131072    2.343
21:57:33.930 VLLM::W        1046586 nvme1n1 RS   1565487360 131072    2.372
21:57:33.930 VLLM::W        1046587 nvme1n1 RS   844935168  131072    1.818
21:57:33.930 VLLM::W        1046587 nvme1n1 RS   844935424  131072    1.844
21:57:33.930 VLLM::W        1046587 nvme1n1 RS   844935680  131072    1.876
21:57:33.930 VLLM::W        1046587 nvme1n1 RS   844935936  131072    1.914
21:57:33.930 VLLM::W        1046587 nvme1n1 RS   844936192  131072    1.942
21:57:33.931 VLLM::W        1046587 nvme1n1 RS   844936448  131072    1.978
21:57:33.931 VLLM::W        1046587 nvme1n1 RS   844936704  131072    2.018
21:57:33.931 VLLM::W        1046587 nvme1n1 RS   844936960  131072    2.027
21:57:33.931 VLLM::W        1046587 nvme1n1 RS   844937216  131072    2.039
21:57:33.931 VLLM::W        1046587 nvme1n1 RS   844937472  131072    2.078
21:57:33.931 VLLM::W        1046587 nvme1n1 RS   844937728  131072    2.104
21:57:33.931 VLLM::W        1046587 nvme1n1 RS   844937984  131072    2.132
21:57:33.931 VLLM::W        1046587 nvme1n1 RS   844938240  131072    2.173
21:57:33.931 VLLM::W        1046587 nvme1n1 RS   844938496  131072    2.201
21:57:33.931 VLLM::W        1046587 nvme1n1 RS   844938752  131072    2.233
21:57:33.931 VLLM::W        1046587 nvme1n1 RS   844939008  131072    2.249
21:57:33.931 VLLM::W        1046587 nvme1n1 RS   844939264  131072    2.292
21:57:33.931 VLLM::W        1046587 nvme1n1 RS   844939520  131072    2.326
21:57:33.931 VLLM::W        1046589 nvme1n1 RS   1685999872 131072    1.939
21:57:33.931 VLLM::W        1046589 nvme1n1 RS   1685999616 131072    1.950
21:57:33.931 VLLM::W        1046589 nvme1n1 RS   1686000384 131072    1.995
21:57:33.931 VLLM::W        1046589 nvme1n1 RS   1686000128 131072    2.020
21:57:33.931 VLLM::W        1046589 nvme1n1 RS   1686000640 131072    2.028
21:57:33.931 VLLM::W        1046589 nvme1n1 RS   1686000896 131072    2.093
21:57:33.931 VLLM::W        1046589 nvme1n1 RS   1686001152 131072    2.105
21:57:33.931 VLLM::W        1046589 nvme1n1 RS   1686001408 131072    2.099
21:57:33.931 VLLM::W        1046589 nvme1n1 RS   1686001664 131072    2.139
21:57:33.931 VLLM::W        1046589 nvme1n1 RS   1686001920 131072    2.168
21:57:33.931 VLLM::W        1046589 nvme1n1 RS   1686002176 131072    2.178
21:57:33.931 VLLM::W        1046589 nvme1n1 RS   1686002432 131072    2.209
21:57:33.931 VLLM::W        1046589 nvme1n1 RS   1686002688 131072    2.249
21:57:33.931 VLLM::W        1046589 nvme1n1 RS   1686002944 131072    2.279
21:57:33.931 VLLM::W        1046589 nvme1n1 RS   1686003200 131072    2.310
21:57:33.932 VLLM::W        1046589 nvme1n1 RS   1686003456 131072    2.336
21:57:33.932 VLLM::W        1046589 nvme1n1 RS   1686003712 131072    2.368
21:57:33.932 VLLM::W        1046589 nvme1n1 RS   1686003968 131072    2.397
21:57:33.932 VLLM::W        1046588 nvme1n1 RS   1565515776 131072    1.917
21:57:33.932 VLLM::W        1046588 nvme1n1 RS   1565516032 131072    1.932
21:57:33.932 VLLM::W        1046588 nvme1n1 RS   1565516288 131072    1.942
21:57:33.932 VLLM::W        1046588 nvme1n1 RS   1565516544 131072    1.971
21:57:33.932 VLLM::W        1046588 nvme1n1 RS   1565516800 131072    2.013
21:57:33.932 VLLM::W        1046588 nvme1n1 RS   1565517056 131072    2.075
21:57:33.932 VLLM::W        1046588 nvme1n1 RS   1565517312 131072    2.102
21:57:33.932 VLLM::W        1046588 nvme1n1 RS   1565517568 131072    2.065
21:57:33.932 VLLM::W        1046588 nvme1n1 RS   1565517824 131072    2.092
21:57:33.932 VLLM::W        1046588 nvme1n1 RS   1565518080 131072    2.127
21:57:33.932 VLLM::W        1046588 nvme1n1 RS   1565518336 131072    2.162
21:57:33.932 VLLM::W        1046588 nvme1n1 RS   1565518592 131072    2.196
21:57:33.932 VLLM::W        1046588 nvme1n1 RS   1565518848 131072    2.236
21:57:33.932 VLLM::W        1046588 nvme1n1 RS   1565519104 131072    2.283
21:57:33.932 VLLM::W        1046588 nvme1n1 RS   1565519360 131072    2.289
21:57:33.932 VLLM::W        1046588 nvme1n1 RS   1565519616 131072    2.352
21:57:33.932 VLLM::W        1046588 nvme1n1 RS   1565523968 131072    2.362
21:57:33.932 VLLM::W        1046588 nvme1n1 RS   1565524224 131072    2.391
21:57:33.932 VLLM::W        1046586 nvme1n1 RS   1565478912 131072    1.854
21:57:33.932 VLLM::W        1046586 nvme1n1 RS   1565479168 131072    1.882
21:57:33.932 VLLM::W        1046586 nvme1n1 RS   1565479424 131072    1.911
21:57:33.932 VLLM::W        1046586 nvme1n1 RS   1565479680 131072    1.948
21:57:33.932 VLLM::W        1046586 nvme1n1 RS   1565479936 131072    2.008
21:57:33.932 VLLM::W        1046586 nvme1n1 RS   1565480192 131072    2.013
21:57:33.933 VLLM::W        1046586 nvme1n1 RS   1565480448 131072    2.063
21:57:33.933 VLLM::W        1046586 nvme1n1 RS   1565480704 131072    2.070
21:57:33.933 VLLM::W        1046586 nvme1n1 RS   1565480960 131072    2.088
21:57:33.933 VLLM::W        1046586 nvme1n1 RS   1565481216 131072    2.098
21:57:33.933 VLLM::W        1046586 nvme1n1 RS   1565481472 131072    2.124
21:57:33.933 VLLM::W        1046586 nvme1n1 RS   1565481728 131072    2.165
21:57:33.933 VLLM::W        1046586 nvme1n1 RS   1565482240 131072    2.238
21:57:33.933 VLLM::W        1046586 nvme1n1 RS   1565481984 131072    2.262
21:57:33.933 VLLM::W        1046586 nvme1n1 RS   1565482496 131072    2.269
21:57:33.933 VLLM::W        1046586 nvme1n1 RS   1565482752 131072    2.284
21:57:33.933 VLLM::W        1046586 nvme1n1 RS   1565491200 131072    2.316
21:57:33.933 VLLM::W        1046586 nvme1n1 RS   1565491456 131072    2.390
21:57:33.933 VLLM::W        1046587 nvme1n1 RS   1565503488 131072    1.845
21:57:33.933 VLLM::W        1046587 nvme1n1 RS   1565503744 131072    1.862
21:57:33.933 VLLM::W        1046587 nvme1n1 RS   1565504000 131072    1.872
21:57:33.933 VLLM::W        1046587 nvme1n1 RS   1565504256 131072    1.904
21:57:33.933 VLLM::W        1046587 nvme1n1 RS   1565504512 131072    1.936
21:57:33.933 VLLM::W        1046587 nvme1n1 RS   1565504768 131072    1.983
21:57:33.933 VLLM::W        1046587 nvme1n1 RS   1565505024 131072    2.054
21:57:33.933 VLLM::W        1046587 nvme1n1 RS   1565505280 131072    2.019
21:57:33.933 VLLM::W        1046587 nvme1n1 RS   1565505536 131072    2.076
21:57:33.933 VLLM::W        1046587 nvme1n1 RS   1565505792 131072    2.081
21:57:33.933 VLLM::W        1046587 nvme1n1 RS   1565506048 131072    2.137
21:57:33.933 VLLM::W        1046587 nvme1n1 RS   1565506304 131072    2.153
21:57:33.933 VLLM::W        1046587 nvme1n1 RS   1565506560 131072    2.159
21:57:33.933 VLLM::W        1046587 nvme1n1 RS   1565506816 131072    2.188
21:57:33.933 VLLM::W        1046587 nvme1n1 RS   1565507072 131072    2.216
21:57:33.934 VLLM::W        1046587 nvme1n1 RS   1565507328 131072    2.256
21:57:33.934 VLLM::W        1046587 nvme1n1 RS   1565507584 131072    2.299
21:57:33.934 VLLM::W        1046587 nvme1n1 RS   1565507840 131072    2.309
21:57:33.934 VLLM::W        1046589 nvme1n1 RS   1593176064 131072    1.942
21:57:33.934 VLLM::W        1046589 nvme1n1 RS   1593176320 131072    1.962
21:57:33.934 VLLM::W        1046589 nvme1n1 RS   1593176576 131072    1.968
21:57:33.934 VLLM::W        1046589 nvme1n1 RS   1593176832 131072    1.998
21:57:33.934 VLLM::W        1046589 nvme1n1 RS   1593177088 131072    2.034
21:57:33.934 VLLM::W        1046589 nvme1n1 RS   1593177344 131072    2.075
21:57:33.934 VLLM::W        1046589 nvme1n1 RS   1593177600 131072    2.100
21:57:33.934 VLLM::W        1046589 nvme1n1 RS   1593177856 131072    2.121
21:57:33.934 VLLM::W        1046589 nvme1n1 RS   1593178112 131072    2.138
21:57:33.934 VLLM::W        1046589 nvme1n1 RS   1593178368 131072    2.143
21:57:33.934 VLLM::W        1046589 nvme1n1 RS   1593178624 131072    2.172
21:57:33.934 VLLM::W        1046589 nvme1n1 RS   1593178880 131072    2.342
21:57:33.934 VLLM::W        1046589 nvme1n1 RS   1593179136 131072    2.365
21:57:33.934 VLLM::W        1046589 nvme1n1 RS   1593179904 131072    2.363
21:57:33.934 VLLM::W        1046589 nvme1n1 RS   1593204736 131072    2.380
21:57:33.934 VLLM::W        1046589 nvme1n1 RS   1593179392 131072    2.417
21:57:33.934 VLLM::W        1046589 nvme1n1 RS   1593179648 131072    2.428
21:57:33.934 VLLM::W        1046589 nvme1n1 RS   1593204992 131072    2.438
21:57:33.934 VLLM::W        1046588 nvme1n1 RS   1593168384 131072    1.947
21:57:33.934 VLLM::W        1046588 nvme1n1 RS   1593167872 131072    1.992
21:57:33.934 VLLM::W        1046588 nvme1n1 RS   1593168128 131072    2.001
21:57:33.934 VLLM::W        1046588 nvme1n1 RS   1593168640 131072    2.038
21:57:33.935 VLLM::W        1046588 nvme1n1 RS   1593168896 131072    2.094
21:57:33.935 VLLM::W        1046588 nvme1n1 RS   1593169152 131072    2.117
21:57:33.935 VLLM::W        1046588 nvme1n1 RS   1593169408 131072    2.130
21:57:33.935 VLLM::W        1046588 nvme1n1 RS   1593170176 131072    2.127
21:57:33.935 VLLM::W        1046588 nvme1n1 RS   1593169664 131072    2.189
21:57:33.935 VLLM::W        1046588 nvme1n1 RS   1593170688 131072    2.207
21:57:33.935 VLLM::W        1046588 nvme1n1 RS   1593169920 131072    2.269
21:57:33.935 VLLM::W        1046588 nvme1n1 RS   1593170432 131072    2.271
21:57:33.935 VLLM::W        1046588 nvme1n1 RS   1593171456 131072    2.383
21:57:33.935 VLLM::W        1046588 nvme1n1 RS   1593188608 131072    2.388
21:57:33.935 VLLM::W        1046588 nvme1n1 RS   1593170944 131072    2.429
21:57:33.935 VLLM::W        1046588 nvme1n1 RS   1593171200 131072    2.439
21:57:33.935 VLLM::W        1046588 nvme1n1 RS   1593188352 131072    2.472
21:57:33.935 VLLM::W        1046588 nvme1n1 RS   1593171712 131072    2.541
21:57:33.935 VLLM::W        1046586 nvme1n1 RS   1593164544 131072    2.029
21:57:33.935 VLLM::W        1046586 nvme1n1 RS   1593164288 131072    2.053
21:57:33.935 VLLM::W        1046586 nvme1n1 RS   1593163776 131072    2.109
21:57:33.935 VLLM::W        1046586 nvme1n1 RS   1593164032 131072    2.145
21:57:33.935 VLLM::W        1046586 nvme1n1 RS   1593165824 131072    2.116
21:57:33.935 VLLM::W        1046586 nvme1n1 RS   1593165568 131072    2.147
21:57:33.935 VLLM::W        1046586 nvme1n1 RS   1593164800 131072    2.222
21:57:33.935 VLLM::W        1046586 nvme1n1 RS   1593166336 131072    2.223
21:57:33.935 VLLM::W        1046586 nvme1n1 RS   1593166592 131072    2.230
21:57:33.935 VLLM::W        1046586 nvme1n1 RS   1593165056 131072    2.316
21:57:33.935 VLLM::W        1046586 nvme1n1 RS   1593165312 131072    2.321
21:57:33.936 VLLM::W        1046586 nvme1n1 RS   1593167616 131072    2.325
21:57:33.936 VLLM::W        1046586 nvme1n1 RS   1593184256 131072    2.362
21:57:33.936 VLLM::W        1046586 nvme1n1 RS   1593166080 131072    2.412
21:57:33.936 VLLM::W        1046587 nvme1n1 RS   1593180160 131072    1.880
21:57:33.936 VLLM::W        1046587 nvme1n1 RS   1593180416 131072    1.917
21:57:33.936 VLLM::W        1046586 nvme1n1 RS   1593166848 131072    2.504
21:57:33.936 VLLM::W        1046586 nvme1n1 RS   1593167104 131072    2.515
21:57:33.936 VLLM::W        1046586 nvme1n1 RS   1593167360 131072    2.569
21:57:33.936 VLLM::W        1046587 nvme1n1 RS   1593181184 131072    2.018
21:57:33.936 VLLM::W        1046587 nvme1n1 RS   1593181440 131072    2.035
21:57:33.936 VLLM::W        1046586 nvme1n1 RS   1593184512 131072    2.594
21:57:33.936 VLLM::W        1046587 nvme1n1 RS   1593181952 131072    2.055
21:57:33.936 VLLM::W        1046587 nvme1n1 RS   1593182208 131072    2.104
21:57:33.936 VLLM::W        1046587 nvme1n1 RS   1593180672 131072    2.232
21:57:33.936 VLLM::W        1046587 nvme1n1 RS   1593180928 131072    2.237
21:57:33.936 VLLM::W        1046587 nvme1n1 RS   1593182976 131072    2.210
21:57:33.936 VLLM::W        1046587 nvme1n1 RS   1593181696 131072    2.320
21:57:33.936 VLLM::W        1046587 nvme1n1 RS   1593183232 131072    2.275
21:57:33.936 VLLM::W        1046587 nvme1n1 RS   1593182464 131072    2.315
21:57:33.936 VLLM::W        1046587 nvme1n1 RS   1593182720 131072    2.330
21:57:33.936 VLLM::W        1046587 nvme1n1 RS   1593184000 131072    2.367
21:57:33.936 VLLM::W        1046587 nvme1n1 RS   1593183488 131072    2.400
21:57:33.936 VLLM::W        1046587 nvme1n1 RS   1593183744 131072    2.418
21:57:33.936 VLLM::W        1046587 nvme1n1 RS   1593200640 131072    2.415
21:57:33.936 VLLM::W        1046587 nvme1n1 RS   1593200896 131072    2.440
21:57:33.936 VLLM::W        1046589 nvme1n1 RS   1593171968 131072    1.889
21:57:33.936 VLLM::W        1046589 nvme1n1 RS   1593172736 131072    1.950
21:57:33.936 VLLM::W        1046589 nvme1n1 RS   1593172992 131072    2.008
21:57:33.936 VLLM::W        1046589 nvme1n1 RS   1593172224 131072    2.027
21:57:33.937 VLLM::W        1046589 nvme1n1 RS   1593172480 131072    2.077
21:57:33.937 VLLM::W        1046589 nvme1n1 RS   1593173760 131072    2.097
21:57:33.937 VLLM::W        1046589 nvme1n1 RS   1593174016 131072    2.106
21:57:33.937 VLLM::W        1046589 nvme1n1 RS   1593173248 131072    2.218
21:57:33.937 VLLM::W        1046589 nvme1n1 RS   1593173504 131072    2.242
21:57:33.937 VLLM::W        1046589 nvme1n1 RS   1593174784 131072    2.206
21:57:33.937 VLLM::W        1046589 nvme1n1 RS   1593174272 131072    2.232
21:57:33.937 VLLM::W        1046589 nvme1n1 RS   1593174528 131072    2.242
21:57:33.937 VLLM::W        1046589 nvme1n1 RS   1593175552 131072    2.321
21:57:33.937 VLLM::W        1046589 nvme1n1 RS   1593175040 131072    2.379
21:57:33.937 VLLM::W        1046589 nvme1n1 RS   1593175296 131072    2.384
21:57:33.937 VLLM::W        1046589 nvme1n1 RS   1593196544 131072    2.419
21:57:33.937 VLLM::W        1046589 nvme1n1 RS   1593196800 131072    2.437
21:57:33.937 VLLM::W        1046589 nvme1n1 RS   1593175808 131072    2.450
21:57:33.937 VLLM::W        1046588 nvme1n1 RS   1593192960 131072    1.863
21:57:33.937 VLLM::W        1046588 nvme1n1 RS   1593192448 131072    1.941
21:57:33.937 VLLM::W        1046588 nvme1n1 RS   1593192704 131072    1.944
21:57:33.937 VLLM::W        1046588 nvme1n1 RS   1593193216 131072    1.950
21:57:33.937 VLLM::W        1046588 nvme1n1 RS   1593193472 131072    2.003
21:57:33.937 VLLM::W        1046588 nvme1n1 RS   1593194240 131072    1.944
21:57:33.937 VLLM::W        1046588 nvme1n1 RS   1593193728 131072    2.074
21:57:33.937 VLLM::W        1046588 nvme1n1 RS   1593193984 131072    2.091
21:57:33.937 VLLM::W        1046588 nvme1n1 RS   1593195008 131072    2.029
21:57:33.937 VLLM::W        1046588 nvme1n1 RS   1593194752 131072    2.076
21:57:33.937 VLLM::W        1046588 nvme1n1 RS   1593194496 131072    2.099
21:57:33.937 VLLM::W        1046588 nvme1n1 RS   1593195264 131072    2.104
21:57:33.937 VLLM::W        1046588 nvme1n1 RS   1593196032 131072    2.140
21:57:33.937 VLLM::W        1046588 nvme1n1 RS   1593195520 131072    2.154
21:57:33.938 VLLM::W        1046588 nvme1n1 RS   1593196288 131072    2.200
21:57:33.938 VLLM::W        1046588 nvme1n1 RS   1593195776 131072    2.232
21:57:33.938 VLLM::W        1046588 nvme1n1 RS   1593212928 131072    2.275
21:57:33.938 VLLM::W        1046588 nvme1n1 RS   1593213184 131072    2.286
21:57:33.938 VLLM::W        1046586 nvme1n1 RS   1593209088 131072    1.723
21:57:33.938 VLLM::W        1046586 nvme1n1 RS   1593208832 131072    1.732
21:57:33.938 VLLM::W        1046586 nvme1n1 RS   1593209344 131072    1.777
21:57:33.938 VLLM::W        1046586 nvme1n1 RS   1593209600 131072    1.793
21:57:33.938 VLLM::W        1046586 nvme1n1 RS   1593209856 131072    1.811
21:57:33.938 VLLM::W        1046586 nvme1n1 RS   1593210112 131072    1.820
21:57:33.938 VLLM::W        1046586 nvme1n1 RS   1593210368 131072    1.848
21:57:33.938 VLLM::W        1046586 nvme1n1 RS   1593210624 131072    1.828
21:57:33.938 VLLM::W        1046586 nvme1n1 RS   1593210880 131072    1.863
21:57:33.938 VLLM::W        1046586 nvme1n1 RS   1593211136 131072    1.894
21:57:33.938 VLLM::W        1046586 nvme1n1 RS   1593211392 131072    1.905
21:57:33.938 VLLM::W        1046586 nvme1n1 RS   1593211648 131072    1.989
21:57:33.938 VLLM::W        1046586 nvme1n1 RS   1593211904 131072    2.020
21:57:33.938 VLLM::W        1046586 nvme1n1 RS   1593212160 131072    2.037
21:57:33.938 VLLM::W        1046586 nvme1n1 RS   1593212416 131072    2.047
21:57:33.938 VLLM::W        1046586 nvme1n1 RS   1593212672 131072    2.057
21:57:33.938 VLLM::W        1046586 nvme1n1 RS   1593217024 131072    2.099
21:57:33.938 VLLM::W        1046586 nvme1n1 RS   1593217280 131072    2.124
21:57:33.938 VLLM::W        1046587 nvme1n1 RS   60145664   131072    1.819
21:57:33.938 VLLM::W        1046587 nvme1n1 RS   60145920   131072    1.843
21:57:33.938 VLLM::W        1046587 nvme1n1 RS   60146176   131072    1.879
21:57:33.938 VLLM::W        1046587 nvme1n1 RS   60146432   131072    1.908
21:57:33.938 VLLM::W        1046587 nvme1n1 RS   60146688   131072    1.973
21:57:33.939 VLLM::W        1046587 nvme1n1 RS   60146944   131072    1.984
21:57:33.939 VLLM::W        1046587 nvme1n1 RS   60147200   131072    2.012
21:57:33.939 VLLM::W        1046587 nvme1n1 RS   60147456   131072    2.003
21:57:33.939 VLLM::W        1046587 nvme1n1 RS   60147712   131072    2.043
21:57:33.939 VLLM::W        1046587 nvme1n1 RS   60147968   131072    2.069
21:57:33.939 VLLM::W        1046587 nvme1n1 RS   60148224   131072    2.115
21:57:33.939 VLLM::W        1046587 nvme1n1 RS   60148480   131072    2.140
21:57:33.939 VLLM::W        1046587 nvme1n1 RS   60148736   131072    2.176
21:57:33.939 VLLM::W        1046587 nvme1n1 RS   60148992   131072    2.204
21:57:33.939 VLLM::W        1046587 nvme1n1 RS   60149248   131072    2.247
21:57:33.939 VLLM::W        1046587 nvme1n1 RS   60149504   131072    2.260
21:57:33.939 VLLM::W        1046587 nvme1n1 RS   60149760   131072    2.290
21:57:33.939 VLLM::W        1046587 nvme1n1 RS   60150016   131072    2.318
21:57:34.219 ib_log_        125924  nvme1n1 WS   1757454744 4096      0.057
21:57:34.259 python3        1046586 nvme1n1 WS   1593339904 131072    0.183
21:57:34.259 python3        1046586 nvme1n1 WS   1593340160 131072    0.270
21:57:34.259 python3        1046586 nvme1n1 WS   316751872  131072    0.349
21:57:34.259 python3        1046586 nvme1n1 WS   316752128  131072    0.427
21:57:34.259 python3        1046586 nvme1n1 WS   1593340416 131072    0.497
21:57:34.259 python3        1046586 nvme1n1 WS   1593340672 131072    0.571
21:57:34.259 python3        1046586 nvme1n1 WS   1593340928 131072    0.647
21:57:34.259 python3        1046586 nvme1n1 WS   1593341184 131072    0.713
21:57:34.259 python3        1046586 nvme1n1 WS   1593341440 131072    0.779
21:57:34.259 python3        1046586 nvme1n1 WS   316752384  131072    0.872
21:57:34.259 python3        1046586 nvme1n1 WS   316752640  131072    0.950
21:57:34.260 python3        1046586 nvme1n1 WS   316752896  131072    1.025
21:57:34.260 python3        1046586 nvme1n1 WS   316753152  131072    1.110
21:57:34.260 python3        1046586 nvme1n1 WS   316753408  131072    1.180
21:57:34.260 python3        1046586 nvme1n1 WS   316753664  131072    1.223
21:57:34.260 python3        1046586 nvme1n1 WS   316753920  131072    1.301
21:57:34.260 python3        1046586 nvme1n1 WS   1593341696 131072    1.389
21:57:34.260 python3        1046586 nvme1n1 WS   1593341952 131072    1.467
21:57:34.260 python3        1046586 nvme1n1 WS   1593342208 131072    1.545
21:57:34.260 python3        1046586 nvme1n1 WS   1593342464 131072    1.625
21:57:34.260 python3        1046586 nvme1n1 WS   1593342720 131072    1.705
21:57:34.260 python3        1046586 nvme1n1 WS   1593342976 131072    1.783
21:57:34.260 python3        1046586 nvme1n1 WS   316754176  131072    1.874
21:57:34.261 python3        1046586 nvme1n1 WS   316754432  131072    1.955
21:57:34.261 python3        1046587 nvme1n1 WS   1593344000 131072    2.047
21:57:34.261 python3        1046587 nvme1n1 WS   1593344256 131072    2.132
21:57:34.261 python3        1046587 nvme1n1 WS   1593344512 131072    2.199
21:57:34.261 python3        1046586 nvme1n1 WS   316754688  131072    2.275
21:57:34.261 python3        1046586 nvme1n1 WS   316754944  131072    2.347
21:57:34.261 python3        1046586 nvme1n1 WS   1593343232 131072    2.429
21:57:34.261 python3        1046586 nvme1n1 WS   1593343488 131072    2.504
21:57:34.261 python3        1046587 nvme1n1 WS   1593344768 131072    2.584
21:57:34.261 python3        1046587 nvme1n1 WS   1593345024 131072    2.656
21:57:34.261 python3        1046587 nvme1n1 WS   1593345280 131072    2.729
21:57:34.261 python3        1046587 nvme1n1 WS   1593345536 131072    2.805
21:57:34.262 python3        1046586 nvme1n1 WS   316755200  131072    2.883
21:57:34.262 python3        1046586 nvme1n1 WS   316755456  131072    2.953
21:57:34.262 python3        1046586 nvme1n1 WS   1593343744 131072    3.022
21:57:34.262 python3        1046586 nvme1n1 WS   1593573376 131072    3.095
21:57:34.262 python3        1046586 nvme1n1 WS   1593573632 131072    3.173
21:57:34.262 python3        1046586 nvme1n1 WS   316755712  131072    3.241
21:57:34.262 python3        1046586 nvme1n1 WS   316755968  131072    3.313
21:57:34.262 python3        1046586 nvme1n1 WS   316756224  131072    3.388
21:57:34.262 python3        1046587 nvme1n1 WS   1593345792 131072    3.471
21:57:34.262 python3        1046587 nvme1n1 WS   1593346048 131072    3.544
21:57:34.262 python3        1046587 nvme1n1 WS   1593346304 131072    3.619
21:57:34.262 python3        1046589 nvme1n1 WS   1593348096 131072    3.758
21:57:34.262 python3        1046589 nvme1n1 WS   1593348352 131072    3.773
21:57:34.263 python3        1046589 nvme1n1 WS   1593348608 131072    3.844
21:57:34.263 python3        1046589 nvme1n1 WS   1593348864 131072    3.920
21:57:34.263 python3        1046589 nvme1n1 WS   1593349120 131072    3.995
21:57:34.263 python3        1046589 nvme1n1 WS   1593349376 131072    4.070
21:57:34.263 python3        1046589 nvme1n1 WS   1593349632 131072    4.142
21:57:34.263 python3        1046587 nvme1n1 WS   1593346560 131072    4.241
21:57:34.263 python3        1046587 nvme1n1 WS   1593346816 131072    4.315
21:57:34.263 python3        1046587 nvme1n1 WS   1593347072 131072    4.396
21:57:34.263 python3        1046587 nvme1n1 WS   1593347328 131072    4.466
21:57:34.263 python3        1046587 nvme1n1 WS   1593347584 131072    4.565
21:57:34.263 python3        1046587 nvme1n1 WS   1593347840 131072    4.602
21:57:34.263 python3        1046589 nvme1n1 WS   1594245120 131072    4.720
21:57:34.263 python3        1046589 nvme1n1 WS   1594245376 131072    4.786
21:57:34.264 python3        1046589 nvme1n1 WS   1594245632 131072    4.859
21:57:34.264 python3        1046589 nvme1n1 WS   1594245888 131072    4.934
21:57:34.264 python3        1046589 nvme1n1 WS   1594246144 131072    5.011
21:57:34.264 python3        1046589 nvme1n1 WS   1594246400 131072    5.089
21:57:34.264 python3        1046589 nvme1n1 WS   1594246656 131072    5.163
21:57:34.264 python3        1046589 nvme1n1 WS   1593352192 131072    5.265
21:57:34.264 python3        1046589 nvme1n1 WS   1593352448 131072    5.331
21:57:34.264 python3        1046589 nvme1n1 WS   1593352704 131072    5.408
21:57:34.264 python3        1046589 nvme1n1 WS   1593352960 131072    5.486
21:57:34.264 python3        1046589 nvme1n1 WS   1593353216 131072    5.564
21:57:34.264 python3        1046589 nvme1n1 WS   1593353472 131072    5.638
21:57:34.264 python3        1046589 nvme1n1 WS   1593353728 131072    5.719
21:57:34.265 python3        1046586 nvme1n1 WS   1593356288 131072    5.802
21:57:34.265 python3        1046586 nvme1n1 WS   1593356544 131072    5.874
21:57:34.265 python3        1046586 nvme1n1 WS   1593356800 131072    5.949
21:57:34.265 python3        1046586 nvme1n1 WS   1593357056 131072    6.023
21:57:34.265 python3        1046589 nvme1n1 WS   1593353984 131072    6.104
21:57:34.265 python3        1046589 nvme1n1 WS   1593354240 20480     6.120
21:57:34.265 python3        1046587 nvme1n1 WS   1593368576 131072    6.195
21:57:34.265 python3        1046587 nvme1n1 WS   1593368832 131072    6.272
21:57:34.265 python3        1046586 nvme1n1 WS   1593357312 131072    6.355
21:57:34.265 python3        1046586 nvme1n1 WS   1593357568 131072    6.431
21:57:34.265 python3        1046586 nvme1n1 WS   1593357824 131072    6.508
21:57:34.265 python3        1046586 nvme1n1 WS   1593358080 131072    6.580
21:57:34.265 python3        1046586 nvme1n1 WS   1593358336 20480     6.597
21:57:34.265 python3        1046588 nvme1n1 WS   1593360384 131072    6.685
21:57:34.265 python3        1046588 nvme1n1 WS   1593360640 131072    6.754
21:57:34.266 python3        1046588 nvme1n1 WS   1593360896 131072    6.860
21:57:34.266 python3        1046588 nvme1n1 WS   1593361152 131072    6.936
21:57:34.266 python3        1046588 nvme1n1 WS   1593361408 131072    7.012
21:57:34.266 python3        1046588 nvme1n1 WS   1593361664 131072    7.084
21:57:34.266 python3        1046588 nvme1n1 WS   1593361920 131072    7.161
21:57:34.266 python3        1046588 nvme1n1 WS   316760064  131072    7.310
21:57:34.266 python3        1046588 nvme1n1 WS   316760320  131072    7.331
21:57:34.266 python3        1046588 nvme1n1 WS   316760576  131072    7.405
21:57:34.266 python3        1046588 nvme1n1 WS   316760832  131072    7.478
21:57:34.266 python3        1046588 nvme1n1 WS   316761088  131072    7.560
21:57:34.266 python3        1046588 nvme1n1 WS   316761344  131072    7.639
21:57:34.266 python3        1046588 nvme1n1 WS   316761600  131072    7.714
21:57:34.267 python3        1046588 nvme1n1 WS   1593364480 131072    7.858
21:57:34.267 python3        1046588 nvme1n1 WS   1593364736 131072    7.884
21:57:34.267 python3        1046588 nvme1n1 WS   1593364992 131072    7.958
21:57:34.267 python3        1046588 nvme1n1 WS   1593365248 131072    8.032
21:57:34.267 python3        1046588 nvme1n1 WS   1593365504 131072    8.107
21:57:34.267 python3        1046588 nvme1n1 WS   1593365760 131072    8.187
21:57:34.267 python3        1046588 nvme1n1 WS   1593366016 131072    8.259
21:57:34.267 python3        1046588 nvme1n1 WS   1593366272 131072    8.330
21:57:34.267 python3        1046588 nvme1n1 WS   1593366528 20480     8.349
21:57:34.267 python3        1046589 nvme1n1 WS   1594246912 131072    8.439
21:57:34.267 python3        1046589 nvme1n1 WS   1594247168 131072    8.511
21:57:34.267 python3        1046589 nvme1n1 WS   1594247424 131072    8.588
21:57:34.267 python3        1046589 nvme1n1 WS   1594247680 131072    8.667
21:57:34.268 python3        1046589 nvme1n1 WS   1594247936 131072    8.746
21:57:34.268 python3        1046589 nvme1n1 WS   1593349888 131072    8.849
21:57:34.268 python3        1046589 nvme1n1 WS   1593350144 131072    8.920
21:57:34.268 python3        1046589 nvme1n1 WS   1593350400 131072    8.991
21:57:34.268 python3        1046589 nvme1n1 WS   1593350656 131072    9.068
21:57:34.268 python3        1046589 nvme1n1 WS   1594248192 131072    9.144
21:57:34.268 python3        1046589 nvme1n1 WS   1594248448 131072    9.221
21:57:34.268 python3        1046589 nvme1n1 WS   1594248704 131072    9.297
21:57:34.268 python3        1046589 nvme1n1 WS   1594248960 131072    9.356
21:57:34.268 python3        1046589 nvme1n1 WS   1594249216 131072    9.431
21:57:34.268 python3        1046589 nvme1n1 WS   1594249472 131072    9.507
21:57:34.268 python3        1046589 nvme1n1 WS   1593350912 131072    9.619
21:57:34.268 python3        1046589 nvme1n1 WS   1593351168 131072    9.691
21:57:34.269 python3        1046589 nvme1n1 WS   1593351424 131072    9.767
21:57:34.269 python3        1046589 nvme1n1 WS   1593351680 131072    9.841
21:57:34.269 python3        1046589 nvme1n1 WS   1593351936 131072    9.888
21:57:34.269 python3        1046589 nvme1n1 WS   1593372672 131072    9.963
21:57:34.269 python3        1046589 nvme1n1 WS   1593372928 131072   10.036
21:57:34.269 python3        1046588 nvme1n1 WS   1593362176 131072   10.173
21:57:34.269 python3        1046588 nvme1n1 WS   1593362432 131072   10.242
21:57:34.269 python3        1046588 nvme1n1 WS   1593362688 131072   10.315
21:57:34.269 python3        1046588 nvme1n1 WS   1593362944 131072   10.396
21:57:34.269 python3        1046588 nvme1n1 WS   1593363200 131072   10.471
21:57:34.269 python3        1046588 nvme1n1 WS   1593363456 131072   10.546
21:57:34.269 python3        1046588 nvme1n1 WS   1593363712 131072   10.623
21:57:34.270 python3        1046588 nvme1n1 WS   1593363968 131072   10.701
21:57:34.270 python3        1046588 nvme1n1 WS   1593364224 131072   10.760
21:57:34.270 python3        1046588 nvme1n1 WS   1593376768 131072   10.835
21:57:34.270 python3        1046588 nvme1n1 WS   1593377024 131072   10.912
21:57:34.270 python3        1046588 nvme1n1 WS   316761856  131072   11.096
21:57:34.270 python3        1046588 nvme1n1 WS   316762112  131072   11.130
21:57:34.270 python3        1046588 nvme1n1 WS   316762368  131072   11.200
21:57:34.270 python3        1046588 nvme1n1 WS   316762624  131072   11.276
21:57:34.270 python3        1046588 nvme1n1 WS   316762880  131072   11.351
21:57:34.270 python3        1046588 nvme1n1 WS   316763136  131072   11.428
21:57:34.270 python3        1046588 nvme1n1 WS   316763392  131072   11.505
21:57:34.270 python3        1046588 nvme1n1 WS   316763648  131072   11.579
21:57:34.271 python3        1046588 nvme1n1 WS   316763904  131072   11.656
21:57:34.271 python3        1046588 nvme1n1 WS   316764160  131072   11.736
21:57:34.271 python3        1046588 nvme1n1 WS   316764416  131072   11.810
21:57:34.271 python3        1046587 nvme1n1 WS   60178432   131072   11.906
21:57:34.271 python3        1046587 nvme1n1 WS   60178688   131072   11.977
21:57:34.271 python3        1046587 nvme1n1 WS   60178944   131072   12.051
21:57:34.271 python3        1046587 nvme1n1 WS   60179200   131072   12.132
21:57:34.271 python3        1046587 nvme1n1 WS   60179456   131072   12.213
21:57:34.271 python3        1046587 nvme1n1 WS   60179712   131072   12.290
21:57:34.271 python3        1046587 nvme1n1 WS   60179968   131072   12.363
21:57:34.271 python3        1046587 nvme1n1 WS   60180224   131072   12.411
21:57:34.271 python3        1046587 nvme1n1 WS   60180480   131072   12.489
21:57:34.271 python3        1046587 nvme1n1 WS   60180736   131072   12.567
21:57:34.272 python3        1046587 nvme1n1 WS   60180992   131072   12.642
21:57:34.272 python3        1046587 nvme1n1 WS   60181248   131072   12.723
21:57:34.272 python3        1046587 nvme1n1 WS   60181504   131072   12.801
21:57:34.272 python3        1046587 nvme1n1 WS   60181760   131072   12.879
21:57:34.272 python3        1046587 nvme1n1 WS   60182016   131072   12.956
21:57:34.272 python3        1046587 nvme1n1 WS   60182272   131072   13.017
21:57:34.272 python3        1046587 nvme1n1 WS   60182528   131072   13.098
21:57:34.272 python3        1046587 nvme1n1 WS   60182784   131072   13.155
21:57:34.272 python3        1046587 nvme1n1 WS   1593380864 131072   13.232
21:57:34.272 python3        1046587 nvme1n1 WS   1593381120 131072   13.305
21:57:34.272 python3        1046587 nvme1n1 WS   1593381376 131072   13.379
21:57:34.272 python3        1046587 nvme1n1 WS   1593381632 131072   13.456
21:57:34.273 python3        1046587 nvme1n1 WS   1593381888 131072   13.533
21:57:34.273 python3        1046587 nvme1n1 WS   1593382144 131072   13.611
21:57:34.273 python3        1046587 nvme1n1 WS   1593382400 131072   13.690
21:57:34.273 python3        1046587 nvme1n1 WS   1593382656 131072   13.766
21:57:34.273 python3        1046587 nvme1n1 WS   1593382912 20480    13.786
21:57:34.588 nvme           1200407 Unknown N    -1         512       0.038
21:57:34.884 ib_log_        125934  nvme1n1 WS   1757536312 4096      0.057
21:57:34.884 ib_log_        125934  nvme1n1 WS   1757536312 4096      0.031
21:57:34.884 ib_log_        125934  nvme1n1 WS   1757536320 8192      0.032
21:57:34.885 jbd2/nv        752     nvme1n1 WSM  878243664  131072    0.152
21:57:34.885 jbd2/nv        752     nvme1n1 WSM  878243920  65536     0.157
21:57:34.885 jbd2/nv        752     nvme1n1 WSM  878244048  4096      0.027
21:57:34.885 ib_log_        125934  nvme1n1 WS   1757536320 8192      0.031
21:57:34.885 ib_log_        125934  nvme1n1 WS   1757536328 4096      0.027
21:57:34.886 connect        125934  nvme1n1 WS   1741349800 4096      0.037
21:57:34.886 jbd2/nv        752     nvme1n1 WSM  878244056  12288     0.038
21:57:34.886 jbd2/nv        752     nvme1n1 WSM  878244080  4096      0.027
21:57:34.886 ib_log_        125934  nvme1n1 WS   1757536328 4096      0.029
21:57:34.886 ib_log_        125934  nvme1n1 WS   1757536328 4096      0.027
21:57:34.886 jbd2/nv        752     nvme1n1 WSM  878244088  40960     0.066
21:57:34.886 jbd2/nv        752     nvme1n1 WSM  878244168  4096      0.026
21:57:34.886 ib_log_        125934  nvme1n1 WS   1757536328 4096      0.028
21:57:34.886 ib_log_        125934  nvme1n1 WS   1757536328 4096      0.028
21:57:34.886 ib_log_        125934  nvme1n1 WS   1757536328 4096      0.028
21:57:34.974 ib_log_        125934  nvme1n1 WS   1757536328 4096      0.046
21:57:34.975 ib_log_        125934  nvme1n1 WS   1757536328 4096      0.031
21:57:34.975 ib_log_        125934  nvme1n1 WS   1757536336 8192      0.032
21:57:34.975 jbd2/nv        752     nvme1n1 WSM  878244176  53248     0.074
21:57:34.975 jbd2/nv        752     nvme1n1 WSM  878244280  4096      0.032
21:57:35.084 ib_log_        125934  nvme1n1 WS   1757536336 4096      0.047
21:57:35.503 ib_pg_f        125934  nvme1n1 WS   1737209856 131072    0.175
21:57:35.503 ib_pg_f        125934  nvme1n1 WS   1737210112 131072    0.247
21:57:35.503 ib_pg_f        125934  nvme1n1 WS   1737210368 131072    0.335
21:57:35.503 ib_pg_f        125934  nvme1n1 WS   1737210624 131072    0.399
21:57:35.503 ib_pg_f        125934  nvme1n1 WS   1737210880 131072    0.477
21:57:35.504 ib_pg_f        125934  nvme1n1 WS   1737211136 131072    0.557
21:57:35.504 ib_pg_f        125934  nvme1n1 WS   1737211392 131072    0.636
21:57:35.504 ib_pg_f        125934  nvme1n1 WS   1737211648 114688    0.707
21:57:35.504 ib_pg_f        125934  nvme1n1 WS   1730393696 16384     0.043
21:57:35.504 ib_pg_f        125934  nvme1n1 WS   1757812384 16384     0.046
21:57:35.504 ib_pg_f        125934  nvme1n1 WS   1757680896 16384     0.053
21:57:35.504 ib_pg_f        125934  nvme1n1 WS   1756483232 16384     0.057
21:57:35.504 ib_pg_f        125934  nvme1n1 WS   1757759936 16384     0.056
21:57:35.504 ib_pg_f        125934  nvme1n1 WS   1756426272 16384     0.055
21:57:35.504 ib_pg_f        125934  nvme1n1 WS   1730406368 16384     0.059
21:57:35.504 ib_pg_f        125934  nvme1n1 WS   1757760384 16384     0.061
21:57:35.504 ib_pg_f        125934  nvme1n1 WS   1556367424 16384     0.058
21:57:35.504 ib_pg_f        125934  nvme1n1 WS   1730406336 16384     0.059
21:57:35.504 ib_pg_f        125934  nvme1n1 WS   1850272    16384     0.056
21:57:35.504 ib_pg_f        125934  nvme1n1 WS   1850304    16384     0.051
21:57:35.504 ib_pg_f        125934  nvme1n1 WS   1850336    16384     0.047
21:57:35.504 ib_pg_f        125934  nvme1n1 WS   1850368    16384     0.056
21:57:35.504 ib_pg_f        125934  nvme1n1 WS   1498164576 16384     0.043
21:57:35.504 ib_pg_f        125934  nvme1n1 WS   1498163552 16384     0.053
21:57:35.504 ib_pg_f        125934  nvme1n1 WS   1498163712 16384     0.057
21:57:35.504 ib_pg_f        125934  nvme1n1 WS   1498164320 16384     0.042
21:57:35.504 ib_pg_f        125934  nvme1n1 WS   1756907936 16384     0.042
21:57:35.504 ib_pg_f        125934  nvme1n1 WS   1756912128 16384     0.045
21:57:35.504 ib_pg_f        125934  nvme1n1 WS   1560554240 16384     0.052
21:57:35.504 ib_pg_f        125934  nvme1n1 WS   1520151552 16384     0.047
21:57:35.504 ib_pg_f        125934  nvme1n1 WS   1520151584 16384     0.049
21:57:35.504 ib_pg_f        125934  nvme1n1 WS   1498164192 16384     0.045
21:57:35.504 ib_pg_f        125934  nvme1n1 WS   1520151360 16384     0.044
21:57:35.504 ib_pg_f        125934  nvme1n1 WS   1520150528 16384     0.057
21:57:35.504 ib_pg_f        125934  nvme1n1 WS   1520140704 16384     0.062
21:57:35.504 ib_pg_f        125934  nvme1n1 WS   1520151520 16384     0.057
21:57:35.504 ib_pg_f        125934  nvme1n1 WS   1849984    16384     0.047
21:57:35.504 ib_pg_f        125934  nvme1n1 WS   1850016    16384     0.049
21:57:35.504 ib_pg_f        125934  nvme1n1 WS   1850048    16384     0.043
21:57:35.504 ib_pg_f        125934  nvme1n1 WS   1850080    16384     0.052
21:57:35.504 ib_pg_f        125934  nvme1n1 WS   1850112    16384     0.055
21:57:35.504 ib_pg_f        125934  nvme1n1 WS   1850176    16384     0.056
21:57:35.504 ib_pg_f        125934  nvme1n1 WS   1850208    16384     0.054
21:57:35.504 ib_pg_f        125934  nvme1n1 WS   1850240    16384     0.065
21:57:35.504 ib_pg_f        125934  nvme1n1 WS   1849440    16384     0.064
21:57:35.504 ib_pg_f        125934  nvme1n1 WS   1849472    16384     0.062
21:57:35.504 ib_pg_f        125934  nvme1n1 WS   1849504    16384     0.068
21:57:35.504 ib_pg_f        125934  nvme1n1 WS   1556367392 16384     0.068
21:57:35.504 ib_pg_f        125934  nvme1n1 WS   1756481440 16384     0.072
21:57:35.504 ib_pg_f        125934  nvme1n1 WS   1756426304 16384     0.074
21:57:35.504 ib_pg_f        125934  nvme1n1 WS   1730392224 16384     0.073
21:57:35.504 ib_pg_f        125934  nvme1n1 WS   1556367456 16384     0.074
21:57:35.504 ib_pg_f        125934  nvme1n1 WS   1756481408 16384     0.077
21:57:35.504 ib_pg_f        125934  nvme1n1 WS   1756426336 16384     0.076
21:57:35.504 ib_pg_f        125934  nvme1n1 WS   1730393792 16384     0.085
21:57:35.504 ib_pg_f        125934  nvme1n1 WS   1730452000 16384     0.081
21:57:35.504 ib_pg_f        125934  nvme1n1 WS   1756903584 16384     0.077
21:57:35.504 ib_pg_f        125934  nvme1n1 WS   1498164736 16384     0.068
21:57:35.504 ib_pg_f        125934  nvme1n1 WS   1756913056 16384     0.071
21:57:35.504 ib_pg_f        125934  nvme1n1 WS   1757808288 16384     0.062
21:57:35.504 ib_pg_f        125934  nvme1n1 WS   1520031648 16384     0.059
21:57:35.504 ib_pg_f        125934  nvme1n1 WS   27213280   16384     0.056
21:57:35.505 ib_pg_f        125934  nvme1n1 WS   1498165056 16384     0.059
21:57:35.505 ib_pg_f        125934  nvme1n1 WS   1756907520 16384     0.066
21:57:35.505 ib_pg_f        125934  nvme1n1 WS   1730452384 16384     0.046
21:57:35.505 ib_pg_f        125934  nvme1n1 WS   27213792   16384     0.059
21:57:35.505 ib_pg_f        125934  nvme1n1 WS   1560554208 16384     0.052
21:57:35.505 ib_pg_f        125934  nvme1n1 WS   671424     16384     0.056
21:57:35.505 ib_pg_f        125934  nvme1n1 WS   2371360    16384     0.058
21:57:35.505 ib_pg_f        125934  nvme1n1 WS   1498164640 16384     0.057
21:57:35.505 ib_pg_f        125934  nvme1n1 WS   27213472   16384     0.064
21:57:35.591 nvme           1200411 Unknown N    -1         512       0.079
21:57:36.041 ib_log_        125934  nvme1n1 WS   1757536336 4096      0.054
21:57:36.041 ib_log_        125934  nvme1n1 WS   1757536256 4096      0.039
21:57:36.289 kworker        1186244 nvme1n1 W    579512176  8192      0.172
21:57:36.289 kworker        1186244 nvme1n1 W    580500376  8192      0.170
21:57:36.289 kworker        1186244 nvme1n1 W    1731506512 8192      0.167
21:57:36.289 kworker        1186244 nvme1n1 W    580499624  16384     0.204
21:57:36.289 kworker        1186244 nvme1n1 W    1520421568 102400    0.254
21:57:36.289 kworker        1186244 nvme1n1 W    580499656  118784    0.328
21:57:36.289 kworker        1186244 nvme1n1 W    579511920  131072    0.414
21:57:36.289 kworker        1186244 nvme1n1 W    1520370600 86016     0.465
21:57:36.289 kworker        1186244 nvme1n1 W    580499888  118784    0.541
21:57:36.289 kworker        1186244 nvme1n1 W    580500120  131072    0.619
21:57:36.290 kworker        1186244 nvme1n1 W    579552128  131072    0.694
21:57:36.290 kworker        1186244 nvme1n1 W    579552384  28672     0.710
21:57:36.290 kworker        1186244 nvme1n1 W    1520370768 102400    0.771
21:57:36.290 kworker        1186244 nvme1n1 W    580500392  86016     0.820
21:57:36.290 kworker        1186244 nvme1n1 W    580500560  53248     0.852
21:57:36.290 kworker        1186244 nvme1n1 W    579552440  131072    0.934
21:57:36.290 kworker        1186244 nvme1n1 W    579552696  61440     0.971
21:57:36.290 kworker        1186244 nvme1n1 W    580500664  32768     0.990
21:57:36.290 kworker        1186244 nvme1n1 W    580390448  131072    1.069
21:57:36.290 kworker        1186244 nvme1n1 W    580390704  90112     1.124
21:57:36.290 kworker        1186244 nvme1n1 W    1520370968 77824     1.169
21:57:36.290 kworker        1186244 nvme1n1 W    580500728  40960     1.192
21:57:36.290 kworker        1186244 nvme1n1 W    1520371120 94208     1.248
21:57:36.593 nvme           1200421 Unknown N    -1         512       0.030
21:57:37.503 ib_pg_f        125934  nvme1n1 WS   1737244672 16384     0.076
21:57:37.503 ib_pg_f        125934  nvme1n1 WS   1757759904 16384     0.045
21:57:37.595 nvme           1200425 Unknown N    -1         512       0.027
21:57:38.041 ib_log_        125934  nvme1n1 WS   1757536256 4096      0.049
21:57:38.581 amoprof        1047622 nvme1n1 W    580317696  4096      0.062
