TIMESTAMP    COMM           PID     DISK    T    SECTOR     BYTES   LAT(ms)
00:18:27.918 jbd2/nv        752     nvme1n1 WSM  877403352  131072    0.171
00:18:27.918 jbd2/nv        752     nvme1n1 WSM  877403608  28672     0.183
00:18:27.918 jbd2/nv        752     nvme1n1 WSM  877403664  4096      0.029
00:18:28.061 nvme           1447468 Unknown N    -1         512       0.030
00:18:28.162 ib_log_        125924  nvme1n1 WS   1757460872 8192      0.059
00:18:28.162 connect        125924  nvme1n1 WS   313170240  4096      0.041
00:18:28.162 jbd2/nv        752     nvme1n1 WSM  877403672  53248     0.077
00:18:28.162 jbd2/nv        752     nvme1n1 WSM  877403776  4096      0.032
00:18:28.163 ib_log_        125924  nvme1n1 WS   1757460880 4096      0.033
00:18:28.221 ib_log_        125924  nvme1n1 WS   1757460880 4096      0.048
00:18:28.222 ib_log_        125924  nvme1n1 WS   1757460880 4096      0.030
00:18:28.274 ib_pg_f        125924  nvme1n1 WS   1740046336 114688    0.136
00:18:28.274 ib_pg_f        125924  nvme1n1 WS   1740403872 16384     0.043
00:18:28.274 ib_pg_f        125924  nvme1n1 WS   1561706232 16384     0.049
00:18:28.274 ib_pg_f        125924  nvme1n1 WS   1740413952 16384     0.054
00:18:28.274 ib_pg_f        125924  nvme1n1 WS   1740078720 16384     0.061
00:18:28.274 ib_pg_f        125924  nvme1n1 WS   1755100288 16384     0.062
00:18:28.274 ib_pg_f        125924  nvme1n1 WS   1756836384 16384     0.051
00:18:28.274 ib_pg_f        125924  nvme1n1 WS   1757151392 16384     0.046
00:18:28.331 ib_log_        125924  nvme1n1 WS   1757460880 4096      0.052
00:18:28.412 VLLM::W        1046586 nvme1n1 RS   1565462528 131072    0.262
00:18:28.412 VLLM::W        1046589 nvme1n1 RS   575737856  131072    0.374
00:18:28.412 VLLM::W        1046586 nvme1n1 RS   1565463040 131072    0.373
00:18:28.412 VLLM::W        1046586 nvme1n1 RS   1565462784 131072    0.421
00:18:28.412 VLLM::W        1046589 nvme1n1 RS   575738368  131072    0.532
00:18:28.412 VLLM::W        1046586 nvme1n1 RS   1565463296 131072    0.557
00:18:28.412 VLLM::W        1046586 nvme1n1 RS   1565463552 131072    0.568
00:18:28.412 VLLM::W        1046589 nvme1n1 RS   575738624  131072    0.582
00:18:28.412 VLLM::W        1046589 nvme1n1 RS   575738112  131072    0.633
00:18:28.412 VLLM::W        1046587 nvme1n1 RS   1565474816 131072    0.645
00:18:28.412 VLLM::W        1046588 nvme1n1 RS   1565323264 131072    0.713
00:18:28.412 VLLM::W        1046587 nvme1n1 RS   1565475584 131072    0.733
00:18:28.413 VLLM::W        1046587 nvme1n1 RS   1565475840 131072    0.743
00:18:28.413 VLLM::W        1046587 nvme1n1 RS   1565475072 131072    0.814
00:18:28.413 VLLM::W        1046587 nvme1n1 RS   1565475328 131072    0.827
00:18:28.413 VLLM::W        1046587 nvme1n1 RS   1565476096 131072    0.877
00:18:28.413 VLLM::W        1046587 nvme1n1 RS   1565476352 131072    0.898
00:18:28.413 VLLM::W        1046588 nvme1n1 RS   1565323520 131072    0.929
00:18:28.413 VLLM::W        1046588 nvme1n1 RS   1565323776 131072    1.006
00:18:28.413 VLLM::W        1046588 nvme1n1 RS   1565324544 131072    1.032
00:18:28.413 VLLM::W        1046588 nvme1n1 RS   1565324032 131072    1.082
00:18:28.413 VLLM::W        1046588 nvme1n1 RS   1565324288 131072    1.088
00:18:28.413 VLLM::W        1046588 nvme1n1 RS   1565324800 131072    1.108
00:18:28.413 VLLM::W        1046586 nvme1n1 RS   1565464064 131072    1.175
00:18:28.413 VLLM::W        1046586 nvme1n1 RS   1565463808 131072    1.187
00:18:28.413 VLLM::W        1046589 nvme1n1 RS   575738880  131072    1.271
00:18:28.413 VLLM::W        1046589 nvme1n1 RS   575739136  131072    1.281
00:18:28.413 VLLM::W        1046589 nvme1n1 RS   575739392  131072    1.291
00:18:28.413 VLLM::W        1046586 nvme1n1 RS   1565464320 131072    1.306
00:18:28.413 VLLM::W        1046586 nvme1n1 RS   1565464576 131072    1.328
00:18:28.413 VLLM::W        1046586 nvme1n1 RS   1565464832 131072    1.344
00:18:28.413 VLLM::W        1046586 nvme1n1 RS   1565465088 131072    1.349
00:18:28.413 VLLM::W        1046586 nvme1n1 RS   1565465344 131072    1.451
00:18:28.413 VLLM::W        1046586 nvme1n1 RS   1565465600 131072    1.468
00:18:28.413 VLLM::W        1046586 nvme1n1 RS   1565465856 131072    1.484
00:18:28.413 VLLM::W        1046586 nvme1n1 RS   1565466112 131072    1.490
00:18:28.413 VLLM::W        1046589 nvme1n1 RS   575739904  131072    1.575
00:18:28.413 VLLM::W        1046589 nvme1n1 RS   575740160  131072    1.628
00:18:28.413 VLLM::W        1046589 nvme1n1 RS   575739648  131072    1.644
00:18:28.414 VLLM::W        1046589 nvme1n1 RS   575740928  131072    1.706
00:18:28.414 VLLM::W        1046589 nvme1n1 RS   575740416  131072    1.728
00:18:28.414 VLLM::W        1046589 nvme1n1 RS   575740672  131072    1.745
00:18:28.414 VLLM::W        1046589 nvme1n1 RS   575741184  131072    1.752
00:18:28.414 VLLM::W        1046588 nvme1n1 RS   1565325312 131072    1.819
00:18:28.414 VLLM::W        1046588 nvme1n1 RS   1565325056 131072    1.861
00:18:28.414 VLLM::W        1046588 nvme1n1 RS   1565325568 131072    1.868
00:18:28.414 VLLM::W        1046588 nvme1n1 RS   1565325824 131072    1.926
00:18:28.414 VLLM::W        1046587 nvme1n1 RS   1565476608 131072    1.947
00:18:28.414 VLLM::W        1046587 nvme1n1 RS   1565476864 131072    2.016
00:18:28.414 VLLM::W        1046587 nvme1n1 RS   1565477120 131072    2.020
00:18:28.414 VLLM::W        1046587 nvme1n1 RS   1565477376 131072    2.069
00:18:28.414 VLLM::W        1046587 nvme1n1 RS   1565477632 131072    2.080
00:18:28.414 VLLM::W        1046587 nvme1n1 RS   1565477888 131072    2.090
00:18:28.414 VLLM::W        1046587 nvme1n1 RS   1565478400 131072    2.152
00:18:28.414 VLLM::W        1046588 nvme1n1 RS   1565326080 131072    2.210
00:18:28.414 VLLM::W        1046587 nvme1n1 RS   1565478144 131072    2.209
00:18:28.414 VLLM::W        1046588 nvme1n1 RS   1565326592 131072    2.271
00:18:28.414 VLLM::W        1046588 nvme1n1 RS   1565326336 131072    2.302
00:18:28.414 VLLM::W        1046588 nvme1n1 RS   1565326848 131072    2.304
00:18:28.414 VLLM::W        1046589 nvme1n1 RS   575741440  131072    2.399
00:18:28.414 VLLM::W        1046589 nvme1n1 RS   575741696  131072    2.407
00:18:28.414 VLLM::W        1046589 nvme1n1 RS   575741952  131072    2.421
00:18:28.414 VLLM::W        1046589 nvme1n1 RS   575742208  131072    2.432
00:18:28.414 VLLM::W        1046586 nvme1n1 RS   1565466368 131072    2.525
00:18:28.414 VLLM::W        1046586 nvme1n1 RS   1565483008 131072    2.541
00:18:28.414 VLLM::W        1046586 nvme1n1 RS   1565483264 131072    2.547
00:18:28.414 VLLM::W        1046588 nvme1n1 RS   1565327104 131072    2.631
00:18:28.414 VLLM::W        1046588 nvme1n1 RS   1565458432 131072    2.641
00:18:28.415 VLLM::W        1046588 nvme1n1 RS   1565458688 131072    2.696
00:18:28.415 VLLM::W        1046587 nvme1n1 RS   1565478656 131072    2.720
00:18:28.415 VLLM::W        1046587 nvme1n1 RS   1565495552 131072    2.763
00:18:28.415 VLLM::W        1046587 nvme1n1 RS   1565495296 131072    2.791
00:18:28.415 VLLM::W        1046589 nvme1n1 RS   1565519872 131072    0.233
00:18:28.415 VLLM::W        1046589 nvme1n1 RS   1565520128 131072    0.265
00:18:28.415 VLLM::W        1046589 nvme1n1 RS   1565520384 131072    0.275
00:18:28.415 VLLM::W        1046589 nvme1n1 RS   1565520640 131072    0.318
00:18:28.415 VLLM::W        1046589 nvme1n1 RS   1565520896 131072    0.348
00:18:28.415 VLLM::W        1046589 nvme1n1 RS   1565521152 131072    0.416
00:18:28.415 VLLM::W        1046589 nvme1n1 RS   1565521408 131072    0.428
00:18:28.415 VLLM::W        1046589 nvme1n1 RS   1565521664 131072    0.435
00:18:28.415 VLLM::W        1046589 nvme1n1 RS   1565521920 131072    0.461
00:18:28.415 VLLM::W        1046589 nvme1n1 RS   1565522176 131072    0.486
00:18:28.415 VLLM::W        1046589 nvme1n1 RS   1565522432 131072    0.515
00:18:28.415 VLLM::W        1046589 nvme1n1 RS   1565522688 131072    0.558
00:18:28.415 VLLM::W        1046589 nvme1n1 RS   1565522944 131072    0.569
00:18:28.415 VLLM::W        1046589 nvme1n1 RS   1565523200 131072    0.613
00:18:28.415 VLLM::W        1046589 nvme1n1 RS   1565523456 131072    0.663
00:18:28.415 VLLM::W        1046589 nvme1n1 RS   1565523712 131072    0.744
00:18:28.415 VLLM::W        1046589 nvme1n1 RS   1565536256 131072    0.755
00:18:28.415 VLLM::W        1046589 nvme1n1 RS   1565536512 131072    0.764
00:18:28.415 VLLM::W        1046586 nvme1n1 RS   844927488  131072    0.869
00:18:28.415 VLLM::W        1046586 nvme1n1 RS   844926976  131072    0.889
00:18:28.415 VLLM::W        1046586 nvme1n1 RS   844927232  131072    0.905
00:18:28.416 VLLM::W        1046586 nvme1n1 RS   844927744  131072    0.922
00:18:28.416 VLLM::W        1046586 nvme1n1 RS   844928256  131072    0.972
00:18:28.416 VLLM::W        1046586 nvme1n1 RS   844928000  131072    1.000
00:18:28.416 VLLM::W        1046586 nvme1n1 RS   844928512  131072    1.008
00:18:28.416 VLLM::W        1046586 nvme1n1 RS   844928768  131072    1.035
00:18:28.416 VLLM::W        1046586 nvme1n1 RS   844929024  131072    1.075
00:18:28.416 VLLM::W        1046586 nvme1n1 RS   844929280  131072    1.078
00:18:28.416 VLLM::W        1046586 nvme1n1 RS   844930048  131072    1.172
00:18:28.416 VLLM::W        1046586 nvme1n1 RS   844929536  131072    1.199
00:18:28.416 VLLM::W        1046586 nvme1n1 RS   844929792  131072    1.210
00:18:28.416 VLLM::W        1046586 nvme1n1 RS   844930304  131072    1.217
00:18:28.416 VLLM::W        1046586 nvme1n1 RS   844930560  131072    1.242
00:18:28.416 VLLM::W        1046586 nvme1n1 RS   844930816  131072    1.293
00:18:28.416 VLLM::W        1046586 nvme1n1 RS   844931072  131072    1.303
00:18:28.416 VLLM::W        1046586 nvme1n1 RS   844931328  131072    1.350
00:18:28.416 VLLM::W        1046588 nvme1n1 RS   731176960  131072    1.415
00:18:28.416 VLLM::W        1046588 nvme1n1 RS   731177216  131072    1.428
00:18:28.416 VLLM::W        1046588 nvme1n1 RS   731177984  131072    1.426
00:18:28.416 VLLM::W        1046588 nvme1n1 RS   731178240  131072    1.465
00:18:28.416 VLLM::W        1046588 nvme1n1 RS   731178752  131072    1.509
00:18:28.416 VLLM::W        1046588 nvme1n1 RS   731177472  131072    1.581
00:18:28.416 VLLM::W        1046588 nvme1n1 RS   731177728  131072    1.596
00:18:28.416 VLLM::W        1046588 nvme1n1 RS   731179008  131072    1.540
00:18:28.416 VLLM::W        1046588 nvme1n1 RS   731178496  131072    1.641
00:18:28.416 VLLM::W        1046588 nvme1n1 RS   731179264  131072    1.599
00:18:28.417 VLLM::W        1046588 nvme1n1 RS   731180032  131072    1.684
00:18:28.417 VLLM::W        1046588 nvme1n1 RS   731180288  131072    1.694
00:18:28.417 VLLM::W        1046588 nvme1n1 RS   731179520  131072    1.719
00:18:28.417 VLLM::W        1046588 nvme1n1 RS   731179776  131072    1.729
00:18:28.417 VLLM::W        1046588 nvme1n1 RS   731180544  131072    1.789
00:18:28.417 VLLM::W        1046587 nvme1n1 RS   1565499648 131072    1.807
00:18:28.417 VLLM::W        1046587 nvme1n1 RS   1565499904 131072    1.826
00:18:28.417 VLLM::W        1046587 nvme1n1 RS   1565499392 131072    1.842
00:18:28.417 VLLM::W        1046587 nvme1n1 RS   1565500160 131072    1.871
00:18:28.417 VLLM::W        1046587 nvme1n1 RS   1565500416 131072    1.944
00:18:28.417 VLLM::W        1046588 nvme1n1 RS   731180800  131072    1.964
00:18:28.417 VLLM::W        1046587 nvme1n1 RS   1565500672 131072    1.974
00:18:28.417 VLLM::W        1046587 nvme1n1 RS   1565500928 131072    2.021
00:18:28.417 VLLM::W        1046588 nvme1n1 RS   731250688  131072    2.133
00:18:28.417 VLLM::W        1046588 nvme1n1 RS   731250944  131072    2.137
00:18:28.417 VLLM::W        1046587 nvme1n1 RS   1565501696 131072    2.110
00:18:28.417 VLLM::W        1046587 nvme1n1 RS   1565501952 131072    2.152
00:18:28.417 VLLM::W        1046587 nvme1n1 RS   1565501184 131072    2.172
00:18:28.417 VLLM::W        1046587 nvme1n1 RS   1565501440 131072    2.222
00:18:28.417 VLLM::W        1046587 nvme1n1 RS   1565502464 131072    2.221
00:18:28.417 VLLM::W        1046587 nvme1n1 RS   1565502976 131072    2.303
00:18:28.417 VLLM::W        1046587 nvme1n1 RS   1565502208 131072    2.334
00:18:28.417 VLLM::W        1046587 nvme1n1 RS   1565503232 131072    2.324
00:18:28.417 VLLM::W        1046587 nvme1n1 RS   1565502720 131072    2.382
00:18:28.417 VLLM::W        1046589 nvme1n1 RS   1581850624 131072    1.850
00:18:28.417 VLLM::W        1046587 nvme1n1 RS   1565511680 131072    2.436
00:18:28.417 VLLM::W        1046587 nvme1n1 RS   1565511936 131072    2.442
00:18:28.417 VLLM::W        1046589 nvme1n1 RS   1581850880 131072    1.954
00:18:28.417 VLLM::W        1046589 nvme1n1 RS   1581851136 131072    1.990
00:18:28.417 VLLM::W        1046589 nvme1n1 RS   1581851392 131072    2.006
00:18:28.418 VLLM::W        1046589 nvme1n1 RS   1581851648 131072    2.016
00:18:28.418 VLLM::W        1046589 nvme1n1 RS   1581851904 131072    2.047
00:18:28.418 VLLM::W        1046589 nvme1n1 RS   1581852160 131072    2.099
00:18:28.418 VLLM::W        1046589 nvme1n1 RS   1581852416 131072    2.078
00:18:28.418 VLLM::W        1046589 nvme1n1 RS   1581852672 131072    2.113
00:18:28.418 VLLM::W        1046589 nvme1n1 RS   1581852928 131072    2.127
00:18:28.418 VLLM::W        1046589 nvme1n1 RS   1581853184 131072    2.164
00:18:28.418 VLLM::W        1046589 nvme1n1 RS   1581853440 131072    2.188
00:18:28.418 VLLM::W        1046589 nvme1n1 RS   1581853696 131072    2.216
00:18:28.418 VLLM::W        1046589 nvme1n1 RS   1581853952 131072    2.267
00:18:28.418 VLLM::W        1046589 nvme1n1 RS   1581854208 131072    2.303
00:18:28.418 VLLM::W        1046589 nvme1n1 RS   1581854464 131072    2.314
00:18:28.418 VLLM::W        1046589 nvme1n1 RS   1581854720 131072    2.341
00:18:28.418 VLLM::W        1046589 nvme1n1 RS   1581854976 131072    2.375
00:18:28.418 VLLM::W        1046586 nvme1n1 RS   1565466624 131072    1.851
00:18:28.418 VLLM::W        1046586 nvme1n1 RS   1565466880 131072    1.880
00:18:28.418 VLLM::W        1046586 nvme1n1 RS   1565467136 131072    1.909
00:18:28.418 VLLM::W        1046586 nvme1n1 RS   1565467392 131072    1.959
00:18:28.418 VLLM::W        1046586 nvme1n1 RS   1565467648 131072    1.970
00:18:28.418 VLLM::W        1046586 nvme1n1 RS   1565467904 131072    2.018
00:18:28.418 VLLM::W        1046586 nvme1n1 RS   1565468160 131072    2.039
00:18:28.418 VLLM::W        1046586 nvme1n1 RS   1565468416 131072    2.029
00:18:28.418 VLLM::W        1046586 nvme1n1 RS   1565468672 131072    2.054
00:18:28.418 VLLM::W        1046586 nvme1n1 RS   1565468928 131072    2.083
00:18:28.418 VLLM::W        1046586 nvme1n1 RS   1565469184 131072    2.125
00:18:28.418 VLLM::W        1046586 nvme1n1 RS   1565469440 131072    2.159
00:18:28.418 VLLM::W        1046586 nvme1n1 RS   1565469696 131072    2.188
00:18:28.418 VLLM::W        1046586 nvme1n1 RS   1565469952 131072    2.218
00:18:28.419 VLLM::W        1046586 nvme1n1 RS   1565470208 131072    2.249
00:18:28.419 VLLM::W        1046586 nvme1n1 RS   1565470464 131072    2.283
00:18:28.419 VLLM::W        1046586 nvme1n1 RS   1565487104 131072    2.308
00:18:28.419 VLLM::W        1046586 nvme1n1 RS   1565487360 131072    2.340
00:18:28.419 VLLM::W        1046588 nvme1n1 RS   731181056  131072    1.613
00:18:28.419 VLLM::W        1046588 nvme1n1 RS   731181312  131072    1.614
00:18:28.419 VLLM::W        1046588 nvme1n1 RS   731181568  131072    1.646
00:18:28.419 VLLM::W        1046588 nvme1n1 RS   731181824  131072    1.656
00:18:28.419 VLLM::W        1046588 nvme1n1 RS   731182080  131072    1.732
00:18:28.419 VLLM::W        1046588 nvme1n1 RS   731182336  131072    1.750
00:18:28.419 VLLM::W        1046588 nvme1n1 RS   731182592  131072    1.761
00:18:28.419 VLLM::W        1046588 nvme1n1 RS   731182848  131072    1.760
00:18:28.419 VLLM::W        1046588 nvme1n1 RS   731183104  131072    1.771
00:18:28.419 VLLM::W        1046588 nvme1n1 RS   731183360  131072    1.869
00:18:28.419 VLLM::W        1046588 nvme1n1 RS   731183616  131072    1.885
00:18:28.419 VLLM::W        1046588 nvme1n1 RS   731183872  131072    1.906
00:18:28.419 VLLM::W        1046588 nvme1n1 RS   731184128  131072    1.916
00:18:28.419 VLLM::W        1046588 nvme1n1 RS   731184384  131072    1.948
00:18:28.419 VLLM::W        1046588 nvme1n1 RS   731184640  131072    1.976
00:18:28.419 VLLM::W        1046588 nvme1n1 RS   731184896  131072    2.012
00:18:28.419 VLLM::W        1046588 nvme1n1 RS   1565470720 131072    2.061
00:18:28.419 VLLM::W        1046588 nvme1n1 RS   1565470976 131072    2.083
00:18:28.419 VLLM::W        1046587 nvme1n1 RS   844935168  131072    1.843
00:18:28.419 VLLM::W        1046587 nvme1n1 RS   844935424  131072    1.896
00:18:28.419 VLLM::W        1046587 nvme1n1 RS   844935680  131072    1.912
00:18:28.419 VLLM::W        1046587 nvme1n1 RS   844935936  131072    1.917
00:18:28.419 VLLM::W        1046587 nvme1n1 RS   844936192  131072    1.943
00:18:28.420 VLLM::W        1046587 nvme1n1 RS   844936448  131072    2.002
00:18:28.420 VLLM::W        1046587 nvme1n1 RS   844936704  131072    2.005
00:18:28.420 VLLM::W        1046587 nvme1n1 RS   844936960  131072    2.022
00:18:28.420 VLLM::W        1046587 nvme1n1 RS   844937216  131072    2.037
00:18:28.420 VLLM::W        1046587 nvme1n1 RS   844937472  131072    2.085
00:18:28.420 VLLM::W        1046587 nvme1n1 RS   844937728  131072    2.096
00:18:28.420 VLLM::W        1046587 nvme1n1 RS   844937984  131072    2.123
00:18:28.420 VLLM::W        1046587 nvme1n1 RS   844938240  131072    2.164
00:18:28.420 VLLM::W        1046587 nvme1n1 RS   844938496  131072    2.202
00:18:28.420 VLLM::W        1046587 nvme1n1 RS   844938752  131072    2.231
00:18:28.420 VLLM::W        1046587 nvme1n1 RS   844939008  131072    2.246
00:18:28.420 VLLM::W        1046587 nvme1n1 RS   844939264  131072    2.283
00:18:28.420 VLLM::W        1046587 nvme1n1 RS   844939520  131072    2.326
00:18:28.420 VLLM::W        1046589 nvme1n1 RS   1685999872 131072    1.929
00:18:28.420 VLLM::W        1046589 nvme1n1 RS   1685999616 131072    1.945
00:18:28.420 VLLM::W        1046589 nvme1n1 RS   1686000384 131072    1.998
00:18:28.420 VLLM::W        1046589 nvme1n1 RS   1686000128 131072    2.010
00:18:28.420 VLLM::W        1046589 nvme1n1 RS   1686000640 131072    2.035
00:18:28.420 VLLM::W        1046589 nvme1n1 RS   1686000896 131072    2.094
00:18:28.420 VLLM::W        1046589 nvme1n1 RS   1686001152 131072    2.096
00:18:28.420 VLLM::W        1046589 nvme1n1 RS   1686001408 131072    2.110
00:18:28.420 VLLM::W        1046589 nvme1n1 RS   1686001664 131072    2.152
00:18:28.420 VLLM::W        1046589 nvme1n1 RS   1686001920 131072    2.176
00:18:28.420 VLLM::W        1046589 nvme1n1 RS   1686002176 131072    2.187
00:18:28.420 VLLM::W        1046589 nvme1n1 RS   1686002432 131072    2.211
00:18:28.420 VLLM::W        1046589 nvme1n1 RS   1686002688 131072    2.256
00:18:28.420 VLLM::W        1046589 nvme1n1 RS   1686002944 131072    2.285
00:18:28.421 VLLM::W        1046589 nvme1n1 RS   1686003200 131072    2.312
00:18:28.421 VLLM::W        1046589 nvme1n1 RS   1686003456 131072    2.342
00:18:28.421 VLLM::W        1046589 nvme1n1 RS   1686003712 131072    2.378
00:18:28.421 VLLM::W        1046589 nvme1n1 RS   1686003968 131072    2.403
00:18:28.421 VLLM::W        1046586 nvme1n1 RS   1565478912 131072    1.899
00:18:28.421 VLLM::W        1046586 nvme1n1 RS   1565479168 131072    1.934
00:18:28.421 VLLM::W        1046586 nvme1n1 RS   1565479424 131072    1.968
00:18:28.421 VLLM::W        1046586 nvme1n1 RS   1565479680 131072    2.025
00:18:28.421 VLLM::W        1046586 nvme1n1 RS   1565479936 131072    2.035
00:18:28.421 VLLM::W        1046586 nvme1n1 RS   1565480192 131072    2.100
00:18:28.421 VLLM::W        1046586 nvme1n1 RS   1565480448 131072    2.113
00:18:28.421 VLLM::W        1046586 nvme1n1 RS   1565480704 131072    2.136
00:18:28.421 VLLM::W        1046586 nvme1n1 RS   1565480960 131072    2.153
00:18:28.421 VLLM::W        1046586 nvme1n1 RS   1565481216 131072    2.163
00:18:28.421 VLLM::W        1046586 nvme1n1 RS   1565481472 131072    2.194
00:18:28.421 VLLM::W        1046586 nvme1n1 RS   1565481728 131072    2.226
00:18:28.421 VLLM::W        1046586 nvme1n1 RS   1565481984 131072    2.269
00:18:28.421 VLLM::W        1046586 nvme1n1 RS   1565482240 131072    2.295
00:18:28.421 VLLM::W        1046586 nvme1n1 RS   1565482496 131072    2.322
00:18:28.421 VLLM::W        1046586 nvme1n1 RS   1565482752 131072    2.355
00:18:28.421 VLLM::W        1046586 nvme1n1 RS   1565491200 131072    2.389
00:18:28.421 VLLM::W        1046586 nvme1n1 RS   1565491456 131072    2.507
00:18:28.421 VLLM::W        1046588 nvme1n1 RS   1565515776 131072    1.944
00:18:28.421 VLLM::W        1046588 nvme1n1 RS   1565516032 131072    1.945
00:18:28.421 VLLM::W        1046588 nvme1n1 RS   1565516288 131072    1.948
00:18:28.421 VLLM::W        1046588 nvme1n1 RS   1565516544 131072    1.966
00:18:28.422 VLLM::W        1046588 nvme1n1 RS   1565516800 131072    1.997
00:18:28.422 VLLM::W        1046588 nvme1n1 RS   1565517056 131072    2.039
00:18:28.422 VLLM::W        1046588 nvme1n1 RS   1565517312 131072    2.069
00:18:28.422 VLLM::W        1046588 nvme1n1 RS   1565517568 131072    2.034
00:18:28.422 VLLM::W        1046588 nvme1n1 RS   1565517824 131072    2.064
00:18:28.422 VLLM::W        1046588 nvme1n1 RS   1565518080 131072    2.099
00:18:28.422 VLLM::W        1046588 nvme1n1 RS   1565518336 131072    2.130
00:18:28.422 VLLM::W        1046588 nvme1n1 RS   1565518592 131072    2.171
00:18:28.422 VLLM::W        1046588 nvme1n1 RS   1565518848 131072    2.200
00:18:28.422 VLLM::W        1046588 nvme1n1 RS   1565519104 131072    2.244
00:18:28.422 VLLM::W        1046588 nvme1n1 RS   1565519360 131072    2.255
00:18:28.422 VLLM::W        1046588 nvme1n1 RS   1565519616 131072    2.327
00:18:28.422 VLLM::W        1046588 nvme1n1 RS   1565523968 131072    2.344
00:18:28.422 VLLM::W        1046588 nvme1n1 RS   1565524224 131072    2.350
00:18:28.422 VLLM::W        1046587 nvme1n1 RS   1565503488 131072    1.988
00:18:28.422 VLLM::W        1046587 nvme1n1 RS   1565503744 131072    1.989
00:18:28.422 VLLM::W        1046587 nvme1n1 RS   1565504000 131072    2.000
00:18:28.422 VLLM::W        1046587 nvme1n1 RS   1565504256 131072    1.997
00:18:28.422 VLLM::W        1046587 nvme1n1 RS   1565504512 131072    1.999
00:18:28.422 VLLM::W        1046587 nvme1n1 RS   1565504768 131072    2.035
00:18:28.422 VLLM::W        1046587 nvme1n1 RS   1565505024 131072    2.089
00:18:28.422 VLLM::W        1046587 nvme1n1 RS   1565505280 131072    2.075
00:18:28.422 VLLM::W        1046587 nvme1n1 RS   1565505536 131072    2.087
00:18:28.422 VLLM::W        1046587 nvme1n1 RS   1565505792 131072    2.121
00:18:28.422 VLLM::W        1046587 nvme1n1 RS   1565506048 131072    2.178
00:18:28.422 VLLM::W        1046587 nvme1n1 RS   1565506304 131072    2.182
00:18:28.422 VLLM::W        1046587 nvme1n1 RS   1565506560 131072    2.210
00:18:28.422 VLLM::W        1046587 nvme1n1 RS   1565506816 131072    2.235
00:18:28.423 VLLM::W        1046587 nvme1n1 RS   1565507072 131072    2.274
00:18:28.423 VLLM::W        1046587 nvme1n1 RS   1565507584 131072    2.324
00:18:28.423 VLLM::W        1046587 nvme1n1 RS   1565507328 131072    2.335
00:18:28.423 VLLM::W        1046587 nvme1n1 RS   1565507840 131072    2.381
00:18:28.423 VLLM::W        1046589 nvme1n1 RS   1707819008 131072    1.960
00:18:28.423 VLLM::W        1046589 nvme1n1 RS   1707819264 131072    1.980
00:18:28.423 VLLM::W        1046589 nvme1n1 RS   1707819520 131072    1.985
00:18:28.423 VLLM::W        1046589 nvme1n1 RS   1707819776 131072    2.013
00:18:28.423 VLLM::W        1046589 nvme1n1 RS   1707820032 131072    2.041
00:18:28.423 VLLM::W        1046589 nvme1n1 RS   1707820288 131072    2.098
00:18:28.423 VLLM::W        1046589 nvme1n1 RS   1707820544 131072    2.111
00:18:28.423 VLLM::W        1046589 nvme1n1 RS   1707820800 131072    2.111
00:18:28.423 VLLM::W        1046589 nvme1n1 RS   1707821056 131072    2.144
00:18:28.423 VLLM::W        1046589 nvme1n1 RS   1707821312 131072    2.185
00:18:28.423 VLLM::W        1046589 nvme1n1 RS   1707821568 131072    2.195
00:18:28.423 VLLM::W        1046589 nvme1n1 RS   1707821824 131072    2.222
00:18:28.423 VLLM::W        1046589 nvme1n1 RS   1707822080 131072    2.275
00:18:28.423 VLLM::W        1046589 nvme1n1 RS   1707822336 131072    2.307
00:18:28.423 VLLM::W        1046589 nvme1n1 RS   1707822592 131072    2.335
00:18:28.423 VLLM::W        1046589 nvme1n1 RS   59170816   131072    2.397
00:18:28.423 VLLM::W        1046589 nvme1n1 RS   1707822848 131072    2.432
00:18:28.423 VLLM::W        1046589 nvme1n1 RS   59171072   131072    2.440
00:18:28.423 VLLM::W        1046586 nvme1n1 RS   1707815168 131072    1.863
00:18:28.423 VLLM::W        1046586 nvme1n1 RS   1707814912 131072    1.885
00:18:28.423 VLLM::W        1046586 nvme1n1 RS   1707815424 131072    1.887
00:18:28.423 VLLM::W        1046586 nvme1n1 RS   1707815680 131072    1.914
00:18:28.424 VLLM::W        1046586 nvme1n1 RS   1707815936 131072    1.972
00:18:28.424 VLLM::W        1046586 nvme1n1 RS   1707816192 131072    1.994
00:18:28.424 VLLM::W        1046586 nvme1n1 RS   1707816448 131072    2.014
00:18:28.424 VLLM::W        1046586 nvme1n1 RS   1707816704 131072    2.032
00:18:28.424 VLLM::W        1046586 nvme1n1 RS   1707816960 131072    2.053
00:18:28.424 VLLM::W        1046586 nvme1n1 RS   1707817216 131072    2.063
00:18:28.424 VLLM::W        1046586 nvme1n1 RS   1707817472 131072    2.096
00:18:28.424 VLLM::W        1046586 nvme1n1 RS   1707817728 131072    2.133
00:18:28.424 VLLM::W        1046586 nvme1n1 RS   1707817984 131072    2.176
00:18:28.424 VLLM::W        1046586 nvme1n1 RS   1707818240 131072    2.202
00:18:28.424 VLLM::W        1046586 nvme1n1 RS   1707818496 131072    2.229
00:18:28.424 VLLM::W        1046586 nvme1n1 RS   1707818752 131072    2.252
00:18:28.424 VLLM::W        1046586 nvme1n1 RS   59174912   131072    2.305
00:18:28.424 VLLM::W        1046586 nvme1n1 RS   59175168   131072    2.316
00:18:28.424 VLLM::W        1046588 nvme1n1 RS   580689920  131072    1.869
00:18:28.424 VLLM::W        1046588 nvme1n1 RS   580690176  131072    1.889
00:18:28.424 VLLM::W        1046588 nvme1n1 RS   580690432  131072    1.920
00:18:28.424 VLLM::W        1046588 nvme1n1 RS   580690688  131072    1.981
00:18:28.424 VLLM::W        1046588 nvme1n1 RS   580690944  131072    1.986
00:18:28.424 VLLM::W        1046588 nvme1n1 RS   580691200  131072    2.032
00:18:28.424 VLLM::W        1046588 nvme1n1 RS   580691456  131072    2.065
00:18:28.424 VLLM::W        1046588 nvme1n1 RS   580691712  131072    2.054
00:18:28.424 VLLM::W        1046588 nvme1n1 RS   580692224  131072    2.111
00:18:28.424 VLLM::W        1046588 nvme1n1 RS   580691968  131072    2.123
00:18:28.424 VLLM::W        1046588 nvme1n1 RS   580692480  131072    2.145
00:18:28.424 VLLM::W        1046588 nvme1n1 RS   580692736  131072    2.172
00:18:28.424 VLLM::W        1046588 nvme1n1 RS   580693248  131072    2.241
00:18:28.425 VLLM::W        1046588 nvme1n1 RS   580692992  131072    2.263
00:18:28.425 VLLM::W        1046588 nvme1n1 RS   580693504  131072    2.269
00:18:28.425 VLLM::W        1046588 nvme1n1 RS   580693760  131072    2.336
00:18:28.425 VLLM::W        1046588 nvme1n1 RS   580698112  131072    2.346
00:18:28.425 VLLM::W        1046588 nvme1n1 RS   580698368  131072    2.372
00:18:28.425 VLLM::W        1046587 nvme1n1 RS   580681728  131072    1.976
00:18:28.425 VLLM::W        1046587 nvme1n1 RS   580681984  131072    1.979
00:18:28.425 VLLM::W        1046587 nvme1n1 RS   580682240  131072    1.988
00:18:28.425 VLLM::W        1046587 nvme1n1 RS   580682496  131072    1.985
00:18:28.425 VLLM::W        1046587 nvme1n1 RS   580682752  131072    2.001
00:18:28.425 VLLM::W        1046587 nvme1n1 RS   580683008  131072    2.011
00:18:28.425 VLLM::W        1046587 nvme1n1 RS   580683264  131072    2.073
00:18:28.425 VLLM::W        1046587 nvme1n1 RS   580683520  131072    2.033
00:18:28.425 VLLM::W        1046587 nvme1n1 RS   580683776  131072    2.069
00:18:28.425 VLLM::W        1046587 nvme1n1 RS   580684032  131072    2.078
00:18:28.425 VLLM::W        1046587 nvme1n1 RS   580684288  131072    2.155
00:18:28.425 VLLM::W        1046587 nvme1n1 RS   580684544  131072    2.165
00:18:28.425 VLLM::W        1046587 nvme1n1 RS   580684800  131072    2.203
00:18:28.425 VLLM::W        1046587 nvme1n1 RS   580685056  131072    2.212
00:18:28.425 VLLM::W        1046587 nvme1n1 RS   580685312  131072    2.249
00:18:28.425 VLLM::W        1046587 nvme1n1 RS   580694016  131072    2.332
00:18:28.425 VLLM::W        1046587 nvme1n1 RS   580685568  131072    2.351
00:18:28.425 VLLM::W        1046587 nvme1n1 RS   580694272  131072    2.359
00:18:28.425 VLLM::W        1046589 nvme1n1 RS   1590166016 131072    1.949
00:18:28.425 VLLM::W        1046589 nvme1n1 RS   1590165504 131072    1.975
00:18:28.425 VLLM::W        1046589 nvme1n1 RS   1590166272 131072    1.972
00:18:28.425 VLLM::W        1046589 nvme1n1 RS   1590165760 131072    2.027
00:18:28.426 VLLM::W        1046589 nvme1n1 RS   1590166528 131072    2.088
00:18:28.426 VLLM::W        1046589 nvme1n1 RS   1590167040 131072    2.090
00:18:28.426 VLLM::W        1046589 nvme1n1 RS   1590166784 131072    2.139
00:18:28.426 VLLM::W        1046589 nvme1n1 RS   1590167808 131072    2.148
00:18:28.426 VLLM::W        1046589 nvme1n1 RS   1590167296 131072    2.170
00:18:28.426 VLLM::W        1046589 nvme1n1 RS   1590167552 131072    2.187
00:18:28.426 VLLM::W        1046589 nvme1n1 RS   1590168064 131072    2.194
00:18:28.426 VLLM::W        1046589 nvme1n1 RS   1590168576 131072    2.232
00:18:28.426 VLLM::W        1046589 nvme1n1 RS   1590168832 131072    2.273
00:18:28.426 VLLM::W        1046589 nvme1n1 RS   1590168320 131072    2.293
00:18:28.426 VLLM::W        1046589 nvme1n1 RS   1590169600 131072    2.371
00:18:28.426 VLLM::W        1046589 nvme1n1 RS   1590169088 131072    2.408
00:18:28.426 VLLM::W        1046589 nvme1n1 RS   1590169856 131072    2.396
00:18:28.426 VLLM::W        1046586 nvme1n1 RS   1589940224 131072    1.934
00:18:28.426 VLLM::W        1046586 nvme1n1 RS   1589940480 131072    1.958
00:18:28.426 VLLM::W        1046589 nvme1n1 RS   1590169344 131072    2.484
00:18:28.426 VLLM::W        1046586 nvme1n1 RS   1589940992 131072    2.010
00:18:28.426 VLLM::W        1046586 nvme1n1 RS   1589941248 131072    2.040
00:18:28.426 VLLM::W        1046586 nvme1n1 RS   1589941504 131072    2.080
00:18:28.426 VLLM::W        1046586 nvme1n1 RS   1589940736 131072    2.113
00:18:28.426 VLLM::W        1046586 nvme1n1 RS   1589941760 131072    2.159
00:18:28.426 VLLM::W        1046586 nvme1n1 RS   1589942528 131072    2.175
00:18:28.426 VLLM::W        1046586 nvme1n1 RS   1589942016 131072    2.197
00:18:28.426 VLLM::W        1046586 nvme1n1 RS   1589942272 131072    2.215
00:18:28.426 VLLM::W        1046586 nvme1n1 RS   1589942784 131072    2.229
00:18:28.426 VLLM::W        1046586 nvme1n1 RS   1589943040 131072    2.239
00:18:28.427 VLLM::W        1046586 nvme1n1 RS   1589943552 131072    2.310
00:18:28.427 VLLM::W        1046586 nvme1n1 RS   1589943296 131072    2.333
00:18:28.427 VLLM::W        1046586 nvme1n1 RS   1589943808 131072    2.345
00:18:28.427 VLLM::W        1046586 nvme1n1 RS   1589956608 131072    2.380
00:18:28.427 VLLM::W        1046586 nvme1n1 RS   1589944064 131072    2.451
00:18:28.427 VLLM::W        1046586 nvme1n1 RS   1589956864 131072    2.458
00:18:28.427 VLLM::W        1046588 nvme1n1 RS   1589952512 131072    1.996
00:18:28.427 VLLM::W        1046588 nvme1n1 RS   1589952768 131072    1.997
00:18:28.427 VLLM::W        1046588 nvme1n1 RS   1589953024 131072    2.001
00:18:28.427 VLLM::W        1046588 nvme1n1 RS   1589953280 131072    2.019
00:18:28.427 VLLM::W        1046588 nvme1n1 RS   1589953536 131072    2.035
00:18:28.427 VLLM::W        1046588 nvme1n1 RS   1589954048 131072    2.088
00:18:28.427 VLLM::W        1046588 nvme1n1 RS   1589953792 131072    2.108
00:18:28.427 VLLM::W        1046588 nvme1n1 RS   1589954560 131072    2.113
00:18:28.427 VLLM::W        1046588 nvme1n1 RS   1589954304 131072    2.124
00:18:28.427 VLLM::W        1046588 nvme1n1 RS   1589954816 131072    2.191
00:18:28.427 VLLM::W        1046588 nvme1n1 RS   1589955072 131072    2.200
00:18:28.427 VLLM::W        1046588 nvme1n1 RS   1589955328 131072    2.257
00:18:28.427 VLLM::W        1046588 nvme1n1 RS   1589955584 131072    2.274
00:18:28.427 VLLM::W        1046588 nvme1n1 RS   1589955840 131072    2.279
00:18:28.427 VLLM::W        1046588 nvme1n1 RS   1589956096 131072    2.308
00:18:28.427 VLLM::W        1046588 nvme1n1 RS   1589956352 131072    2.341
00:18:28.427 VLLM::W        1046588 nvme1n1 RS   1589960704 131072    2.374
00:18:28.427 VLLM::W        1046588 nvme1n1 RS   1589960960 131072    2.400
00:18:28.427 VLLM::W        1046587 nvme1n1 RS   580911104  131072    1.847
00:18:28.427 VLLM::W        1046587 nvme1n1 RS   580911360  131072    1.862
00:18:28.427 VLLM::W        1046587 nvme1n1 RS   580911616  131072    1.891
00:18:28.427 VLLM::W        1046587 nvme1n1 RS   580911872  131072    1.934
00:18:28.428 VLLM::W        1046587 nvme1n1 RS   580912128  131072    1.973
00:18:28.428 VLLM::W        1046587 nvme1n1 RS   580912384  131072    2.051
00:18:28.428 VLLM::W        1046587 nvme1n1 RS   580912640  131072    2.063
00:18:28.428 VLLM::W        1046587 nvme1n1 RS   580912896  131072    2.045
00:18:28.428 VLLM::W        1046587 nvme1n1 RS   580913152  131072    2.057
00:18:28.428 VLLM::W        1046587 nvme1n1 RS   580913408  131072    2.084
00:18:28.428 VLLM::W        1046587 nvme1n1 RS   580913664  131072    2.111
00:18:28.428 VLLM::W        1046587 nvme1n1 RS   580913920  131072    2.146
00:18:28.428 VLLM::W        1046587 nvme1n1 RS   580914176  131072    2.216
00:18:28.428 VLLM::W        1046587 nvme1n1 RS   580914432  131072    2.220
00:18:28.428 VLLM::W        1046587 nvme1n1 RS   580914688  131072    2.247
00:18:28.428 VLLM::W        1046587 nvme1n1 RS   580914944  131072    2.280
00:18:28.428 VLLM::W        1046587 nvme1n1 RS   580915200  131072    2.308
00:18:28.428 VLLM::W        1046587 nvme1n1 RS   580915456  131072    2.337
00:18:28.428 VLLM::W        1046589 nvme1n1 RS   1559764992 131072    1.813
00:18:28.428 VLLM::W        1046589 nvme1n1 RS   1559765248 131072    1.858
00:18:28.428 VLLM::W        1046589 nvme1n1 RS   1559765504 131072    1.885
00:18:28.428 VLLM::W        1046589 nvme1n1 RS   1559765760 131072    1.917
00:18:28.428 VLLM::W        1046589 nvme1n1 RS   1559766016 131072    1.987
00:18:28.428 VLLM::W        1046589 nvme1n1 RS   1559766272 131072    2.012
00:18:28.428 VLLM::W        1046589 nvme1n1 RS   1559766528 131072    2.022
00:18:28.428 VLLM::W        1046589 nvme1n1 RS   1559766784 131072    2.039
00:18:28.428 VLLM::W        1046589 nvme1n1 RS   1559767040 131072    2.050
00:18:28.428 VLLM::W        1046589 nvme1n1 RS   1559767296 131072    2.092
00:18:28.428 VLLM::W        1046589 nvme1n1 RS   1559767552 131072    2.098
00:18:28.428 VLLM::W        1046589 nvme1n1 RS   1559767808 131072    2.150
00:18:28.428 VLLM::W        1046589 nvme1n1 RS   1559768064 131072    2.182
00:18:28.429 VLLM::W        1046589 nvme1n1 RS   1559768320 131072    2.224
00:18:28.429 VLLM::W        1046589 nvme1n1 RS   1559768576 131072    2.234
00:18:28.429 VLLM::W        1046589 nvme1n1 RS   1559769088 131072    2.298
00:18:28.429 VLLM::W        1046589 nvme1n1 RS   1559768832 131072    2.319
00:18:28.429 VLLM::W        1046589 nvme1n1 RS   1559769344 131072    2.327
00:18:28.429 VLLM::W        1046586 nvme1n1 RS   1525837824 131072    1.948
00:18:28.429 VLLM::W        1046586 nvme1n1 RS   1525838336 131072    1.968
00:18:28.429 VLLM::W        1046586 nvme1n1 RS   1525838080 131072    1.979
00:18:28.429 VLLM::W        1046586 nvme1n1 RS   1525838592 131072    2.047
00:18:28.429 VLLM::W        1046586 nvme1n1 RS   1525839104 131072    2.067
00:18:28.429 VLLM::W        1046586 nvme1n1 RS   1525838848 131072    2.085
00:18:28.429 VLLM::W        1046586 nvme1n1 RS   1525839360 131072    2.093
00:18:28.429 VLLM::W        1046586 nvme1n1 RS   1525839872 131072    2.101
00:18:28.429 VLLM::W        1046586 nvme1n1 RS   1525839616 131072    2.129
00:18:28.429 VLLM::W        1046586 nvme1n1 RS   1525840128 131072    2.138
00:18:28.429 VLLM::W        1046586 nvme1n1 RS   1525840384 131072    2.195
00:18:28.429 VLLM::W        1046586 nvme1n1 RS   1525840640 131072    2.229
00:18:28.429 VLLM::W        1046586 nvme1n1 RS   1525840896 131072    2.264
00:18:28.429 VLLM::W        1046586 nvme1n1 RS   1525841152 131072    2.299
00:18:28.429 VLLM::W        1046586 nvme1n1 RS   1525841408 131072    2.310
00:18:28.429 VLLM::W        1046586 nvme1n1 RS   1525841664 131072    2.368
00:18:28.429 VLLM::W        1046586 nvme1n1 RS   1525846016 131072    2.385
00:18:28.429 VLLM::W        1046586 nvme1n1 RS   1525846272 131072    2.392
00:18:28.429 VLLM::W        1046588 nvme1n1 RS   1177051136 131072    1.914
00:18:28.429 VLLM::W        1046588 nvme1n1 RS   1177051392 131072    1.914
00:18:28.429 VLLM::W        1046588 nvme1n1 RS   1177051648 131072    1.911
00:18:28.429 VLLM::W        1046588 nvme1n1 RS   1177051904 131072    1.943
00:18:28.430 VLLM::W        1046588 nvme1n1 RS   1177052160 131072    1.974
00:18:28.430 VLLM::W        1046588 nvme1n1 RS   1177052416 131072    2.015
00:18:28.430 VLLM::W        1046588 nvme1n1 RS   1177052672 131072    2.026
00:18:28.430 VLLM::W        1046588 nvme1n1 RS   1177052928 131072    2.029
00:18:28.430 VLLM::W        1046588 nvme1n1 RS   1177053184 131072    2.062
00:18:28.430 VLLM::W        1046588 nvme1n1 RS   1177053440 131072    2.096
00:18:28.430 VLLM::W        1046588 nvme1n1 RS   1177053696 131072    2.124
00:18:28.430 VLLM::W        1046588 nvme1n1 RS   1177053952 131072    2.167
00:18:28.430 VLLM::W        1046588 nvme1n1 RS   1177054208 131072    2.192
00:18:28.430 VLLM::W        1046588 nvme1n1 RS   1177054464 131072    2.223
00:18:28.430 VLLM::W        1046588 nvme1n1 RS   1177054720 131072    2.266
00:18:28.430 VLLM::W        1046588 nvme1n1 RS   1177054976 131072    2.285
00:18:28.430 VLLM::W        1046588 nvme1n1 RS   1177055232 131072    2.312
00:18:28.430 VLLM::W        1046588 nvme1n1 RS   1177055488 131072    2.340
00:18:28.430 VLLM::W        1046587 nvme1n1 RS   1488629760 131072    1.934
00:18:28.430 VLLM::W        1046587 nvme1n1 RS   1488630016 131072    1.935
00:18:28.430 VLLM::W        1046587 nvme1n1 RS   1488630528 131072    1.982
00:18:28.430 VLLM::W        1046587 nvme1n1 RS   1488630272 131072    2.002
00:18:28.430 VLLM::W        1046587 nvme1n1 RS   1488630784 131072    2.008
00:18:28.430 VLLM::W        1046587 nvme1n1 RS   1488631040 131072    2.050
00:18:28.430 VLLM::W        1046587 nvme1n1 RS   1488631296 131072    2.060
00:18:28.430 VLLM::W        1046587 nvme1n1 RS   1488631808 131072    2.085
00:18:28.430 VLLM::W        1046587 nvme1n1 RS   1488632064 131072    2.131
00:18:28.430 VLLM::W        1046587 nvme1n1 RS   1488631552 131072    2.159
00:18:28.430 VLLM::W        1046587 nvme1n1 RS   1488632320 131072    2.164
00:18:28.430 VLLM::W        1046587 nvme1n1 RS   1488632576 131072    2.204
00:18:28.430 VLLM::W        1046587 nvme1n1 RS   1488632832 131072    2.234
00:18:28.431 VLLM::W        1046587 nvme1n1 RS   1488633088 131072    2.261
00:18:28.431 VLLM::W        1046587 nvme1n1 RS   1488633344 131072    2.289
00:18:28.431 VLLM::W        1046587 nvme1n1 RS   1488633600 131072    2.302
00:18:28.431 VLLM::W        1046587 nvme1n1 RS   1488633856 131072    2.351
00:18:28.431 VLLM::W        1046587 nvme1n1 RS   1488634112 131072    2.361
00:18:28.889 python3        1046587 nvme1n1 WS   1500950528 131072    0.190
00:18:28.889 python3        1046587 nvme1n1 WS   1500950784 131072    0.286
00:18:28.889 python3        1046587 nvme1n1 WS   1500951040 131072    0.326
00:18:28.889 python3        1046587 nvme1n1 WS   1500951296 131072    0.410
00:18:28.889 python3        1046587 nvme1n1 WS   1500951552 131072    0.498
00:18:28.889 python3        1046587 nvme1n1 WS   1500951808 131072    0.557
00:18:28.889 python3        1046587 nvme1n1 WS   1500952064 131072    0.647
00:18:28.889 python3        1046589 nvme1n1 WS   1559773184 131072    0.689
00:18:28.889 python3        1046589 nvme1n1 WS   1559773440 131072    0.766
00:18:28.889 python3        1046589 nvme1n1 WS   1559773696 131072    0.838
00:18:28.890 python3        1046587 nvme1n1 WS   1500952320 131072    0.927
00:18:28.890 python3        1046587 nvme1n1 WS   1500952576 131072    1.006
00:18:28.890 python3        1046587 nvme1n1 WS   1500952832 131072    1.088
00:18:28.890 python3        1046587 nvme1n1 WS   1500953088 131072    1.164
00:18:28.890 python3        1046587 nvme1n1 WS   1500953344 131072    1.249
00:18:28.890 python3        1046589 nvme1n1 WS   1559773952 131072    1.331
00:18:28.890 python3        1046589 nvme1n1 WS   1559774208 131072    1.410
00:18:28.890 python3        1046589 nvme1n1 WS   1559774464 131072    1.491
00:18:28.890 python3        1046589 nvme1n1 WS   1559774720 131072    1.568
00:18:28.890 python3        1046587 nvme1n1 WS   1500953600 131072    1.653
00:18:28.890 python3        1046587 nvme1n1 WS   1500953856 131072    1.732
00:18:28.890 python3        1046587 nvme1n1 WS   1500954112 131072    1.814
00:18:28.890 python3        1046586 nvme1n1 WS   1559777280 131072    1.884
00:18:28.891 python3        1046587 nvme1n1 WS   1500954368 131072    1.963
00:18:28.891 python3        1046587 nvme1n1 WS   1500954624 131072    2.043
00:18:28.891 python3        1046586 nvme1n1 WS   1559777536 131072    2.124
00:18:28.891 python3        1046587 nvme1n1 WS   1500954880 131072    2.206
00:18:28.891 python3        1046586 nvme1n1 WS   1559777792 131072    2.282
00:18:28.891 python3        1046586 nvme1n1 WS   1559778048 131072    2.358
00:18:28.891 python3        1046586 nvme1n1 WS   1559778304 131072    2.432
00:18:28.891 python3        1046586 nvme1n1 WS   1559778560 131072    2.508
00:18:28.891 python3        1046586 nvme1n1 WS   1559778816 131072    2.584
00:18:28.891 python3        1046589 nvme1n1 WS   1559774976 131072    2.658
00:18:28.891 python3        1046589 nvme1n1 WS   1559775232 131072    2.729
00:18:28.891 python3        1046589 nvme1n1 WS   1559775488 131072    2.802
00:18:28.892 python3        1046589 nvme1n1 WS   1559775744 131072    2.874
00:18:28.892 python3        1046589 nvme1n1 WS   1559776000 131072    2.946
00:18:28.892 python3        1046589 nvme1n1 WS   1559776256 131072    3.019
00:18:28.892 python3        1046586 nvme1n1 WS   1488637952 131072    3.120
00:18:28.892 python3        1046586 nvme1n1 WS   1488638208 131072    3.194
00:18:28.892 python3        1046586 nvme1n1 WS   1488638464 131072    3.268
00:18:28.892 python3        1046586 nvme1n1 WS   1488638720 131072    3.348
00:18:28.892 python3        1046586 nvme1n1 WS   1488638976 131072    3.422
00:18:28.892 python3        1046587 nvme1n1 WS   1525850112 131072    3.510
00:18:28.892 python3        1046586 nvme1n1 WS   1559779072 131072    3.575
00:18:28.892 python3        1046586 nvme1n1 WS   1559779328 131072    3.647
00:18:28.892 python3        1046586 nvme1n1 WS   1559779584 131072    3.725
00:18:28.892 python3        1046586 nvme1n1 WS   1559779840 131072    3.803
00:18:28.893 python3        1046586 nvme1n1 WS   1559780096 131072    3.878
00:18:28.893 python3        1046586 nvme1n1 WS   1559780352 131072    3.959
00:18:28.893 python3        1046586 nvme1n1 WS   1559780608 131072    4.037
00:18:28.893 python3        1046586 nvme1n1 WS   1559780864 131072    4.114
00:18:28.893 python3        1046587 nvme1n1 WS   1525850368 131072    4.220
00:18:28.893 python3        1046587 nvme1n1 WS   1525850624 131072    4.293
00:18:28.893 python3        1046587 nvme1n1 WS   1525850880 131072    4.369
00:18:28.893 python3        1046587 nvme1n1 WS   1525851136 131072    4.446
00:18:28.893 python3        1046587 nvme1n1 WS   1525851392 131072    4.519
00:18:28.893 python3        1046587 nvme1n1 WS   1525851648 131072    4.595
00:18:28.893 python3        1046586 nvme1n1 WS   1488639232 131072    4.746
00:18:28.893 python3        1046586 nvme1n1 WS   1488639488 131072    4.776
00:18:28.894 python3        1046586 nvme1n1 WS   1488639744 131072    4.832
00:18:28.894 python3        1046589 nvme1n1 WS   1559776512 131072    4.939
00:18:28.894 python3        1046589 nvme1n1 WS   1559776768 131072    5.010
00:18:28.894 python3        1046588 nvme1n1 WS   1177059328 131072    5.086
00:18:28.894 python3        1046588 nvme1n1 WS   1177059584 131072    5.160
00:18:28.894 python3        1046588 nvme1n1 WS   1177059840 131072    5.232
00:18:28.894 python3        1046588 nvme1n1 WS   1177060096 131072    5.307
00:18:28.894 python3        1046589 nvme1n1 WS   1488642048 131072    5.457
00:18:28.894 python3        1046589 nvme1n1 WS   1488642304 131072    5.470
00:18:28.894 python3        1046589 nvme1n1 WS   1488642560 131072    5.545
00:18:28.894 python3        1046586 nvme1n1 WS   1488640000 131072    5.623
00:18:28.894 python3        1046586 nvme1n1 WS   1488640256 131072    5.701
00:18:28.894 python3        1046586 nvme1n1 WS   1488640512 131072    5.778
00:18:28.895 python3        1046586 nvme1n1 WS   1488640768 106496    5.841
00:18:28.895 python3        1046589 nvme1n1 WS   1488642816 131072    5.936
00:18:28.895 python3        1046589 nvme1n1 WS   1488643072 131072    6.009
00:18:28.895 python3        1046589 nvme1n1 WS   1488643328 131072    6.086
00:18:28.895 python3        1046589 nvme1n1 WS   1488643584 131072    6.164
00:18:28.895 python3        1046588 nvme1n1 WS   1177060352 131072    6.253
00:18:28.895 python3        1046588 nvme1n1 WS   1177060608 131072    6.327
00:18:28.895 python3        1046588 nvme1n1 WS   1177060864 131072    6.400
00:18:28.895 python3        1046589 nvme1n1 WS   1559777024 131072    6.494
00:18:28.895 python3        1046589 nvme1n1 WS   1559781376 131072    6.568
00:18:28.895 python3        1046589 nvme1n1 WS   1559781632 131072    6.642
00:18:28.895 python3        1046587 nvme1n1 WS   1525851904 131072    6.732
00:18:28.896 python3        1046587 nvme1n1 WS   1525852160 131072    6.807
00:18:28.896 python3        1046587 nvme1n1 WS   1525852416 131072    6.881
00:18:28.896 python3        1046586 nvme1n1 WS   1559781120 131072    6.970
00:18:28.896 python3        1046586 nvme1n1 WS   1559785472 131072    7.026
00:18:28.896 python3        1046586 nvme1n1 WS   1559785728 131072    7.122
00:18:28.896 python3        1046587 nvme1n1 WS   1525852672 131072    7.205
00:18:28.896 python3        1046587 nvme1n1 WS   1525852928 106496    7.273
00:18:28.896 python3        1046589 nvme1n1 WS   1488643840 131072    7.342
00:18:28.896 python3        1046589 nvme1n1 WS   1488644096 131072    7.416
00:18:28.896 python3        1046589 nvme1n1 WS   1488644352 131072    7.497
00:18:28.896 python3        1046589 nvme1n1 WS   1488644608 131072    7.576
00:18:28.896 python3        1046589 nvme1n1 WS   1488644864 106496    7.638
00:18:28.897 python3        1046588 nvme1n1 WS   1177061120 131072    7.741
00:18:28.897 python3        1046588 nvme1n1 WS   1177061376 131072    7.800
00:18:28.897 python3        1046588 nvme1n1 WS   1177061632 131072    7.878
00:18:28.897 python3        1046588 nvme1n1 WS   1177061888 131072    7.957
00:18:28.897 python3        1046588 nvme1n1 WS   1177062144 106496    8.022
00:18:28.897 python3        1046588 nvme1n1 WS   1488646144 131072    8.168
00:18:28.897 python3        1046588 nvme1n1 WS   1488646400 131072    8.185
00:18:28.897 python3        1046588 nvme1n1 WS   1488646656 131072    8.253
00:18:28.897 python3        1046588 nvme1n1 WS   1488646912 131072    8.332
00:18:28.897 python3        1046588 nvme1n1 WS   1488647168 131072    8.413
00:18:28.897 python3        1046588 nvme1n1 WS   1488647424 131072    8.491
00:18:28.897 python3        1046588 nvme1n1 WS   1488647680 131072    8.569
00:18:28.897 python3        1046588 nvme1n1 WS   1488647936 131072    8.609
00:18:28.898 python3        1046588 nvme1n1 WS   1488648192 131072    8.686
00:18:28.898 python3        1046588 nvme1n1 WS   1488648448 131072    8.762
00:18:28.898 python3        1046588 nvme1n1 WS   1488648704 131072    8.837
00:18:28.898 python3        1046588 nvme1n1 WS   1488648960 131072    8.915
00:18:28.898 python3        1046588 nvme1n1 WS   1488649216 131072    8.990
00:18:28.898 python3        1046588 nvme1n1 WS   1488649472 131072    9.068
00:18:28.898 python3        1046588 nvme1n1 WS   1488649728 131072    9.143
00:18:28.898 python3        1046588 nvme1n1 WS   1488649984 131072    9.206
00:18:28.898 python3        1046588 nvme1n1 WS   1488650240 131072    9.288
00:18:28.898 python3        1046588 nvme1n1 WS   1488650496 131072    9.366
00:18:28.898 kworker        1259302 nvme1n1 W    587590024  53248     2.254
00:18:29.064 nvme           1447533 Unknown N    -1         512       0.027
00:18:29.446 VLLM::W        1046589 nvme1n1 RS   575737856  131072    0.268
00:18:29.446 VLLM::W        1046588 nvme1n1 RS   1565323264 131072    0.294
00:18:29.446 VLLM::W        1046588 nvme1n1 RS   1565323520 131072    0.294
00:18:29.446 VLLM::W        1046589 nvme1n1 RS   575738368  131072    0.357
00:18:29.446 VLLM::W        1046589 nvme1n1 RS   575738112  131072    0.381
00:18:29.446 VLLM::W        1046589 nvme1n1 RS   575738624  131072    0.386
00:18:29.446 VLLM::W        1046588 nvme1n1 RS   1565323776 131072    0.460
00:18:29.446 VLLM::W        1046588 nvme1n1 RS   1565324032 131072    0.469
00:18:29.446 VLLM::W        1046589 nvme1n1 RS   575738880  131072    0.551
00:18:29.447 VLLM::W        1046588 nvme1n1 RS   1565324288 131072    0.540
00:18:29.447 VLLM::W        1046588 nvme1n1 RS   1565324544 131072    0.590
00:18:29.447 VLLM::W        1046588 nvme1n1 RS   1565324800 131072    0.598
00:18:29.447 VLLM::W        1046586 nvme1n1 RS   1565462528 131072    0.728
00:18:29.447 VLLM::W        1046586 nvme1n1 RS   1565462784 131072    0.746
00:18:29.447 VLLM::W        1046589 nvme1n1 RS   575739392  131072    0.760
00:18:29.447 VLLM::W        1046586 nvme1n1 RS   1565463040 131072    0.809
00:18:29.447 VLLM::W        1046589 nvme1n1 RS   575739136  131072    0.899
00:18:29.447 VLLM::W        1046586 nvme1n1 RS   1565464064 131072    0.922
00:18:29.447 VLLM::W        1046586 nvme1n1 RS   1565463808 131072    0.951
00:18:29.447 VLLM::W        1046586 nvme1n1 RS   1565463296 131072    0.975
00:18:29.447 VLLM::W        1046586 nvme1n1 RS   1565463552 131072    0.982
00:18:29.447 VLLM::W        1046587 nvme1n1 RS   1565475328 131072    1.071
00:18:29.447 VLLM::W        1046587 nvme1n1 RS   1565474816 131072    1.090
00:18:29.447 VLLM::W        1046587 nvme1n1 RS   1565475072 131072    1.104
00:18:29.447 VLLM::W        1046587 nvme1n1 RS   1565475584 131072    1.110
00:18:29.447 VLLM::W        1046587 nvme1n1 RS   1565475840 131072    1.160
00:18:29.447 VLLM::W        1046587 nvme1n1 RS   1565476096 131072    1.224
00:18:29.447 VLLM::W        1046587 nvme1n1 RS   1565476352 131072    1.235
00:18:29.447 VLLM::W        1046589 nvme1n1 RS   575739904  131072    1.281
00:18:29.447 VLLM::W        1046588 nvme1n1 RS   1565325056 131072    1.307
00:18:29.447 VLLM::W        1046589 nvme1n1 RS   575739648  131072    1.318
00:18:29.447 VLLM::W        1046589 nvme1n1 RS   575740160  131072    1.367
00:18:29.447 VLLM::W        1046588 nvme1n1 RS   1565325568 131072    1.428
00:18:29.447 VLLM::W        1046589 nvme1n1 RS   575740416  131072    1.436
00:18:29.448 VLLM::W        1046588 nvme1n1 RS   1565325312 131072    1.543
00:18:29.448 VLLM::W        1046589 nvme1n1 RS   575740928  131072    1.540
00:18:29.448 VLLM::W        1046588 nvme1n1 RS   1565325824 131072    1.642
00:18:29.448 VLLM::W        1046588 nvme1n1 RS   1565326080 131072    1.665
00:18:29.448 VLLM::W        1046588 nvme1n1 RS   1565326592 131072    1.670
00:18:29.448 VLLM::W        1046589 nvme1n1 RS   575741184  131072    1.717
00:18:29.448 VLLM::W        1046589 nvme1n1 RS   575740672  131072    1.732
00:18:29.448 VLLM::W        1046586 nvme1n1 RS   1565464320 131072    1.773
00:18:29.448 VLLM::W        1046588 nvme1n1 RS   1565326848 131072    1.807
00:18:29.448 VLLM::W        1046589 nvme1n1 RS   575741440  131072    1.818
00:18:29.448 VLLM::W        1046586 nvme1n1 RS   1565464576 131072    1.856
00:18:29.448 VLLM::W        1046588 nvme1n1 RS   1565326336 131072    1.935
00:18:29.448 VLLM::W        1046586 nvme1n1 RS   1565465600 131072    1.964
00:18:29.448 VLLM::W        1046586 nvme1n1 RS   1565465856 131072    1.980
00:18:29.448 VLLM::W        1046586 nvme1n1 RS   1565464832 131072    2.010
00:18:29.448 VLLM::W        1046586 nvme1n1 RS   1565465088 131072    2.020
00:18:29.448 VLLM::W        1046586 nvme1n1 RS   1565465344 131072    2.056
00:18:29.448 VLLM::W        1046588 nvme1n1 RS   1565327104 131072    2.102
00:18:29.448 VLLM::W        1046586 nvme1n1 RS   1565466112 131072    2.128
00:18:29.448 VLLM::W        1046588 nvme1n1 RS   1565458688 131072    2.170
00:18:29.448 VLLM::W        1046586 nvme1n1 RS   1565466368 131072    2.211
00:18:29.448 VLLM::W        1046586 nvme1n1 RS   1565483008 131072    2.221
00:18:29.448 VLLM::W        1046589 nvme1n1 RS   575741952  131072    2.289
00:18:29.448 VLLM::W        1046589 nvme1n1 RS   575742208  131072    2.309
00:18:29.448 VLLM::W        1046588 nvme1n1 RS   1565458432 131072    2.327
00:18:29.448 VLLM::W        1046587 nvme1n1 RS   1565476608 131072    2.370
00:18:29.448 VLLM::W        1046587 nvme1n1 RS   1565476864 131072    2.386
00:18:29.448 VLLM::W        1046589 nvme1n1 RS   575741696  131072    2.404
00:18:29.449 VLLM::W        1046587 nvme1n1 RS   1565477120 131072    2.490
00:18:29.449 VLLM::W        1046587 nvme1n1 RS   1565477632 131072    2.504
00:18:29.449 VLLM::W        1046587 nvme1n1 RS   1565477376 131072    2.537
00:18:29.449 VLLM::W        1046587 nvme1n1 RS   1565477888 131072    2.546
00:18:29.449 VLLM::W        1046586 nvme1n1 RS   1565483264 131072    2.555
00:18:29.449 VLLM::W        1046587 nvme1n1 RS   1565478144 131072    2.607
00:18:29.449 VLLM::W        1046587 nvme1n1 RS   1565478400 131072    2.614
00:18:29.449 VLLM::W        1046587 nvme1n1 RS   1565478656 131072    2.668
00:18:29.449 VLLM::W        1046587 nvme1n1 RS   1565495296 131072    2.680
00:18:29.449 VLLM::W        1046587 nvme1n1 RS   1565495552 131072    2.702
00:18:29.449 VLLM::W        1046588 nvme1n1 RS   731176960  131072    0.268
00:18:29.449 VLLM::W        1046588 nvme1n1 RS   731177216  131072    0.282
00:18:29.449 VLLM::W        1046588 nvme1n1 RS   731177472  131072    0.354
00:18:29.449 VLLM::W        1046588 nvme1n1 RS   731177728  131072    0.369
00:18:29.449 VLLM::W        1046588 nvme1n1 RS   731177984  131072    0.397
00:18:29.449 VLLM::W        1046588 nvme1n1 RS   731178240  131072    0.455
00:18:29.449 VLLM::W        1046588 nvme1n1 RS   731178496  131072    0.463
00:18:29.449 VLLM::W        1046588 nvme1n1 RS   731178752  131072    0.478
00:18:29.449 VLLM::W        1046588 nvme1n1 RS   731179008  131072    0.487
00:18:29.449 VLLM::W        1046589 nvme1n1 RS   1565519872 131072    0.555
00:18:29.449 VLLM::W        1046589 nvme1n1 RS   1565520384 131072    0.613
00:18:29.449 VLLM::W        1046588 nvme1n1 RS   731179264  131072    0.631
00:18:29.449 VLLM::W        1046589 nvme1n1 RS   1565520128 131072    0.677
00:18:29.449 VLLM::W        1046589 nvme1n1 RS   1565520640 131072    0.717
00:18:29.449 VLLM::W        1046588 nvme1n1 RS   731179776  131072    0.733
00:18:29.449 VLLM::W        1046588 nvme1n1 RS   731179520  131072    0.751
00:18:29.449 VLLM::W        1046588 nvme1n1 RS   731180032  131072    0.822
00:18:29.450 VLLM::W        1046588 nvme1n1 RS   731180288  131072    0.843
00:18:29.450 VLLM::W        1046588 nvme1n1 RS   731180544  131072    0.852
00:18:29.450 VLLM::W        1046589 nvme1n1 RS   1565520896 131072    0.939
00:18:29.450 VLLM::W        1046589 nvme1n1 RS   1565521408 131072    0.952
00:18:29.450 VLLM::W        1046589 nvme1n1 RS   1565521152 131072    0.968
00:18:29.450 VLLM::W        1046588 nvme1n1 RS   731250944  131072    1.036
00:18:29.450 VLLM::W        1046588 nvme1n1 RS   731180800  131072    1.061
00:18:29.450 VLLM::W        1046588 nvme1n1 RS   731250688  131072    1.071
00:18:29.450 VLLM::W        1046589 nvme1n1 RS   1565521664 131072    1.110
00:18:29.450 VLLM::W        1046589 nvme1n1 RS   1565521920 131072    1.132
00:18:29.450 VLLM::W        1046589 nvme1n1 RS   1565522176 131072    1.137
00:18:29.450 VLLM::W        1046589 nvme1n1 RS   1565522432 131072    1.174
00:18:29.450 VLLM::W        1046589 nvme1n1 RS   1565522688 131072    1.209
00:18:29.450 VLLM::W        1046589 nvme1n1 RS   1565522944 131072    1.219
00:18:29.450 VLLM::W        1046589 nvme1n1 RS   1565523200 131072    1.276
00:18:29.450 VLLM::W        1046589 nvme1n1 RS   1565523456 131072    1.332
00:18:29.450 VLLM::W        1046589 nvme1n1 RS   1565523712 131072    1.330
00:18:29.450 VLLM::W        1046589 nvme1n1 RS   1565536512 131072    1.397
00:18:29.450 VLLM::W        1046586 nvme1n1 RS   844926976  131072    1.371
00:18:29.450 VLLM::W        1046589 nvme1n1 RS   1565536256 131072    1.433
00:18:29.450 VLLM::W        1046586 nvme1n1 RS   844927488  131072    1.416
00:18:29.450 VLLM::W        1046586 nvme1n1 RS   844927232  131072    1.473
00:18:29.450 VLLM::W        1046586 nvme1n1 RS   844927744  131072    1.481
00:18:29.450 VLLM::W        1046586 nvme1n1 RS   844928000  131072    1.491
00:18:29.450 VLLM::W        1046586 nvme1n1 RS   844928256  131072    1.538
00:18:29.450 VLLM::W        1046586 nvme1n1 RS   844928512  131072    1.559
00:18:29.450 VLLM::W        1046586 nvme1n1 RS   844928768  131072    1.585
00:18:29.450 VLLM::W        1046586 nvme1n1 RS   844929024  131072    1.595
00:18:29.451 VLLM::W        1046586 nvme1n1 RS   844929280  131072    1.622
00:18:29.451 VLLM::W        1046586 nvme1n1 RS   844929536  131072    1.649
00:18:29.451 VLLM::W        1046586 nvme1n1 RS   844929792  131072    1.679
00:18:29.451 VLLM::W        1046586 nvme1n1 RS   844930048  131072    1.711
00:18:29.451 VLLM::W        1046586 nvme1n1 RS   844930304  131072    1.752
00:18:29.451 VLLM::W        1046586 nvme1n1 RS   844930560  131072    1.778
00:18:29.451 VLLM::W        1046586 nvme1n1 RS   844930816  131072    1.803
00:18:29.451 VLLM::W        1046586 nvme1n1 RS   844931072  131072    1.831
00:18:29.451 VLLM::W        1046586 nvme1n1 RS   844931328  131072    1.868
00:18:29.451 VLLM::W        1046587 nvme1n1 RS   1565499648 131072    1.915
00:18:29.451 VLLM::W        1046587 nvme1n1 RS   1565499392 131072    1.937
00:18:29.451 VLLM::W        1046587 nvme1n1 RS   1565499904 131072    1.931
00:18:29.451 VLLM::W        1046587 nvme1n1 RS   1565500160 131072    1.933
00:18:29.451 VLLM::W        1046587 nvme1n1 RS   1565500416 131072    1.995
00:18:29.451 VLLM::W        1046587 nvme1n1 RS   1565500672 131072    2.006
00:18:29.451 VLLM::W        1046587 nvme1n1 RS   1565500928 131072    2.049
00:18:29.451 VLLM::W        1046587 nvme1n1 RS   1565501184 131072    2.075
00:18:29.451 VLLM::W        1046587 nvme1n1 RS   1565501952 131072    2.129
00:18:29.451 VLLM::W        1046587 nvme1n1 RS   1565501696 131072    2.152
00:18:29.451 VLLM::W        1046587 nvme1n1 RS   1565501440 131072    2.172
00:18:29.451 VLLM::W        1046587 nvme1n1 RS   1565502464 131072    2.210
00:18:29.451 VLLM::W        1046587 nvme1n1 RS   1565502208 131072    2.226
00:18:29.451 VLLM::W        1046587 nvme1n1 RS   1565502976 131072    2.267
00:18:29.451 VLLM::W        1046587 nvme1n1 RS   1565503232 131072    2.291
00:18:29.451 VLLM::W        1046587 nvme1n1 RS   1565502720 131072    2.319
00:18:29.451 VLLM::W        1046587 nvme1n1 RS   1565511680 131072    2.358
00:18:29.452 VLLM::W        1046587 nvme1n1 RS   1565511936 131072    2.376
00:18:29.452 VLLM::W        1046588 nvme1n1 RS   731181056  131072    1.604
00:18:29.452 VLLM::W        1046588 nvme1n1 RS   731181312  131072    1.665
00:18:29.452 VLLM::W        1046588 nvme1n1 RS   731181568  131072    1.677
00:18:29.452 VLLM::W        1046588 nvme1n1 RS   731181824  131072    1.686
00:18:29.452 VLLM::W        1046588 nvme1n1 RS   731182080  131072    1.788
00:18:29.452 VLLM::W        1046588 nvme1n1 RS   731182336  131072    1.805
00:18:29.452 VLLM::W        1046588 nvme1n1 RS   731182592  131072    1.813
00:18:29.452 VLLM::W        1046588 nvme1n1 RS   731182848  131072    1.803
00:18:29.452 VLLM::W        1046588 nvme1n1 RS   731183104  131072    1.813
00:18:29.452 VLLM::W        1046588 nvme1n1 RS   731183360  131072    1.899
00:18:29.452 VLLM::W        1046588 nvme1n1 RS   731183616  131072    1.916
00:18:29.452 VLLM::W        1046588 nvme1n1 RS   731183872  131072    1.926
00:18:29.452 VLLM::W        1046588 nvme1n1 RS   731184128  131072    1.985
00:18:29.452 VLLM::W        1046588 nvme1n1 RS   731184384  131072    2.002
00:18:29.452 VLLM::W        1046588 nvme1n1 RS   731184640  131072    2.012
00:18:29.452 VLLM::W        1046588 nvme1n1 RS   731184896  131072    2.037
00:18:29.452 VLLM::W        1046588 nvme1n1 RS   1565470720 131072    2.047
00:18:29.452 VLLM::W        1046588 nvme1n1 RS   1565470976 131072    2.080
00:18:29.452 VLLM::W        1046589 nvme1n1 RS   1581850624 131072    1.812
00:18:29.452 VLLM::W        1046589 nvme1n1 RS   1581851136 131072    1.933
00:18:29.452 VLLM::W        1046589 nvme1n1 RS   1581851392 131072    1.965
00:18:29.452 VLLM::W        1046589 nvme1n1 RS   1581850880 131072    1.983
00:18:29.452 VLLM::W        1046589 nvme1n1 RS   1581851648 131072    1.978
00:18:29.452 VLLM::W        1046589 nvme1n1 RS   1581851904 131072    2.026
00:18:29.452 VLLM::W        1046589 nvme1n1 RS   1581852160 131072    2.045
00:18:29.452 VLLM::W        1046589 nvme1n1 RS   1581852416 131072    2.015
00:18:29.452 VLLM::W        1046589 nvme1n1 RS   1581852672 131072    2.044
00:18:29.452 VLLM::W        1046589 nvme1n1 RS   1581852928 131072    2.072
00:18:29.453 VLLM::W        1046589 nvme1n1 RS   1581853184 131072    2.140
00:18:29.453 VLLM::W        1046589 nvme1n1 RS   1581853440 131072    2.150
00:18:29.453 VLLM::W        1046589 nvme1n1 RS   1581853696 131072    2.179
00:18:29.453 VLLM::W        1046589 nvme1n1 RS   1581853952 131072    2.274
00:18:29.453 VLLM::W        1046589 nvme1n1 RS   1581854208 131072    2.291
00:18:29.453 VLLM::W        1046589 nvme1n1 RS   1581854464 131072    2.296
00:18:29.453 VLLM::W        1046589 nvme1n1 RS   1581854720 131072    2.307
00:18:29.453 VLLM::W        1046589 nvme1n1 RS   1581854976 131072    2.394
00:18:29.453 VLLM::W        1046586 nvme1n1 RS   1565467136 131072    1.949
00:18:29.453 VLLM::W        1046586 nvme1n1 RS   1565466624 131072    1.995
00:18:29.453 VLLM::W        1046586 nvme1n1 RS   1565467392 131072    2.005
00:18:29.453 VLLM::W        1046586 nvme1n1 RS   1565466880 131072    2.019
00:18:29.453 VLLM::W        1046586 nvme1n1 RS   1565468160 131072    2.067
00:18:29.453 VLLM::W        1046586 nvme1n1 RS   1565467648 131072    2.129
00:18:29.453 VLLM::W        1046586 nvme1n1 RS   1565467904 131072    2.152
00:18:29.453 VLLM::W        1046586 nvme1n1 RS   1565468416 131072    2.109
00:18:29.453 VLLM::W        1046586 nvme1n1 RS   1565469184 131072    2.182
00:18:29.453 VLLM::W        1046586 nvme1n1 RS   1565468672 131072    2.208
00:18:29.453 VLLM::W        1046586 nvme1n1 RS   1565468928 131072    2.226
00:18:29.453 VLLM::W        1046586 nvme1n1 RS   1565469440 131072    2.246
00:18:29.453 VLLM::W        1046586 nvme1n1 RS   1565469696 131072    2.256
00:18:29.453 VLLM::W        1046586 nvme1n1 RS   1565469952 131072    2.281
00:18:29.453 VLLM::W        1046586 nvme1n1 RS   1565470208 131072    2.306
00:18:29.453 VLLM::W        1046586 nvme1n1 RS   1565470464 131072    2.323
00:18:29.453 VLLM::W        1046586 nvme1n1 RS   1565487104 131072    2.351
00:18:29.453 VLLM::W        1046586 nvme1n1 RS   1565487360 131072    2.384
00:18:29.454 VLLM::W        1046587 nvme1n1 RS   844935168  131072    1.899
00:18:29.454 VLLM::W        1046587 nvme1n1 RS   844935424  131072    1.900
00:18:29.454 VLLM::W        1046587 nvme1n1 RS   844935936  131072    1.908
00:18:29.454 VLLM::W        1046587 nvme1n1 RS   844935680  131072    1.958
00:18:29.454 VLLM::W        1046587 nvme1n1 RS   844936192  131072    1.956
00:18:29.454 VLLM::W        1046587 nvme1n1 RS   844936448  131072    2.010
00:18:29.454 VLLM::W        1046587 nvme1n1 RS   844936704  131072    2.039
00:18:29.454 VLLM::W        1046587 nvme1n1 RS   844936960  131072    1.996
00:18:29.454 VLLM::W        1046587 nvme1n1 RS   844937216  131072    2.031
00:18:29.454 VLLM::W        1046587 nvme1n1 RS   844937728  131072    2.110
00:18:29.454 VLLM::W        1046587 nvme1n1 RS   844937472  131072    2.138
00:18:29.454 VLLM::W        1046587 nvme1n1 RS   844937984  131072    2.140
00:18:29.454 VLLM::W        1046587 nvme1n1 RS   844938240  131072    2.166
00:18:29.454 VLLM::W        1046587 nvme1n1 RS   844938496  131072    2.194
00:18:29.454 VLLM::W        1046587 nvme1n1 RS   844938752  131072    2.237
00:18:29.454 VLLM::W        1046587 nvme1n1 RS   844939008  131072    2.273
00:18:29.454 VLLM::W        1046587 nvme1n1 RS   844939264  131072    2.301
00:18:29.454 VLLM::W        1046587 nvme1n1 RS   844939520  131072    2.404
00:18:29.454 VLLM::W        1046588 nvme1n1 RS   1565516288 131072    2.043
00:18:29.454 VLLM::W        1046588 nvme1n1 RS   1565516544 131072    2.044
00:18:29.454 VLLM::W        1046588 nvme1n1 RS   1565515776 131072    2.056
00:18:29.454 VLLM::W        1046588 nvme1n1 RS   1565516032 131072    2.053
00:18:29.454 VLLM::W        1046588 nvme1n1 RS   1565517312 131072    2.094
00:18:29.454 VLLM::W        1046588 nvme1n1 RS   1565517568 131072    2.090
00:18:29.454 VLLM::W        1046588 nvme1n1 RS   1565516800 131072    2.194
00:18:29.455 VLLM::W        1046588 nvme1n1 RS   1565517056 131072    2.227
00:18:29.455 VLLM::W        1046588 nvme1n1 RS   1565518336 131072    2.197
00:18:29.455 VLLM::W        1046588 nvme1n1 RS   1565517824 131072    2.224
00:18:29.455 VLLM::W        1046588 nvme1n1 RS   1565518080 131072    2.235
00:18:29.455 VLLM::W        1046588 nvme1n1 RS   1565518592 131072    2.242
00:18:29.455 VLLM::W        1046588 nvme1n1 RS   1565518848 131072    2.283
00:18:29.455 VLLM::W        1046588 nvme1n1 RS   1565519104 131072    2.292
00:18:29.455 VLLM::W        1046588 nvme1n1 RS   1565519360 131072    2.347
00:18:29.455 VLLM::W        1046588 nvme1n1 RS   1565524224 131072    2.411
00:18:29.455 VLLM::W        1046588 nvme1n1 RS   1565519616 131072    2.442
00:18:29.455 VLLM::W        1046588 nvme1n1 RS   1565523968 131072    2.457
00:18:29.455 VLLM::W        1046589 nvme1n1 RS   1685999616 131072    1.855
00:18:29.455 VLLM::W        1046589 nvme1n1 RS   1686000128 131072    1.896
00:18:29.455 VLLM::W        1046589 nvme1n1 RS   1685999872 131072    1.961
00:18:29.455 VLLM::W        1046589 nvme1n1 RS   1686000896 131072    1.981
00:18:29.455 VLLM::W        1046589 nvme1n1 RS   1686000384 131072    2.039
00:18:29.455 VLLM::W        1046589 nvme1n1 RS   1686000640 131072    2.065
00:18:29.455 VLLM::W        1046589 nvme1n1 RS   1686001408 131072    2.022
00:18:29.455 VLLM::W        1046589 nvme1n1 RS   1686002176 131072    2.123
00:18:29.455 VLLM::W        1046589 nvme1n1 RS   1686001152 131072    2.198
00:18:29.455 VLLM::W        1046589 nvme1n1 RS   1686002432 131072    2.154
00:18:29.455 VLLM::W        1046589 nvme1n1 RS   1686001664 131072    2.220
00:18:29.455 VLLM::W        1046589 nvme1n1 RS   1686001920 131072    2.226
00:18:29.455 VLLM::W        1046589 nvme1n1 RS   1686003200 131072    2.241
00:18:29.455 VLLM::W        1046589 nvme1n1 RS   1686003456 131072    2.269
00:18:29.455 VLLM::W        1046589 nvme1n1 RS   1686002688 131072    2.334
00:18:29.455 VLLM::W        1046589 nvme1n1 RS   1686002944 131072    2.344
00:18:29.456 VLLM::W        1046589 nvme1n1 RS   1686003712 131072    2.401
00:18:29.456 VLLM::W        1046589 nvme1n1 RS   1686003968 131072    2.412
00:18:29.456 VLLM::W        1046586 nvme1n1 RS   1565479168 131072    1.976
00:18:29.456 VLLM::W        1046586 nvme1n1 RS   1565479424 131072    1.991
00:18:29.456 VLLM::W        1046586 nvme1n1 RS   1565478912 131072    2.012
00:18:29.456 VLLM::W        1046586 nvme1n1 RS   1565480192 131072    2.075
00:18:29.456 VLLM::W        1046586 nvme1n1 RS   1565479680 131072    2.111
00:18:29.456 VLLM::W        1046586 nvme1n1 RS   1565479936 131072    2.129
00:18:29.456 VLLM::W        1046586 nvme1n1 RS   1565480448 131072    2.130
00:18:29.456 VLLM::W        1046586 nvme1n1 RS   1565480960 131072    2.157
00:18:29.456 VLLM::W        1046586 nvme1n1 RS   1565480704 131072    2.183
00:18:29.456 VLLM::W        1046586 nvme1n1 RS   1565481216 131072    2.190
00:18:29.456 VLLM::W        1046586 nvme1n1 RS   1565481472 131072    2.257
00:18:29.456 VLLM::W        1046586 nvme1n1 RS   1565481728 131072    2.274
00:18:29.456 VLLM::W        1046586 nvme1n1 RS   1565481984 131072    2.291
00:18:29.456 VLLM::W        1046586 nvme1n1 RS   1565482240 131072    2.296
00:18:29.456 VLLM::W        1046586 nvme1n1 RS   1565482496 131072    2.322
00:18:29.456 VLLM::W        1046586 nvme1n1 RS   1565482752 131072    2.347
00:18:29.456 VLLM::W        1046586 nvme1n1 RS   1565491200 131072    2.378
00:18:29.456 VLLM::W        1046586 nvme1n1 RS   1565491456 131072    2.423
00:18:29.456 VLLM::W        1046587 nvme1n1 RS   1565503488 131072    1.785
00:18:29.456 VLLM::W        1046587 nvme1n1 RS   1565503744 131072    1.809
00:18:29.456 VLLM::W        1046587 nvme1n1 RS   1565504000 131072    1.842
00:18:29.456 VLLM::W        1046587 nvme1n1 RS   1565504256 131072    1.870
00:18:29.456 VLLM::W        1046587 nvme1n1 RS   1565504512 131072    1.914
00:18:29.456 VLLM::W        1046587 nvme1n1 RS   1565504768 131072    1.962
00:18:29.456 VLLM::W        1046587 nvme1n1 RS   1565505024 131072    1.979
00:18:29.456 VLLM::W        1046587 nvme1n1 RS   1565505280 131072    1.969
00:18:29.456 VLLM::W        1046587 nvme1n1 RS   1565505536 131072    1.993
00:18:29.456 VLLM::W        1046587 nvme1n1 RS   1565505792 131072    2.032
00:18:29.457 VLLM::W        1046587 nvme1n1 RS   1565506048 131072    2.063
00:18:29.457 VLLM::W        1046587 nvme1n1 RS   1565506304 131072    2.097
00:18:29.457 VLLM::W        1046587 nvme1n1 RS   1565506560 131072    2.127
00:18:29.457 VLLM::W        1046587 nvme1n1 RS   1565506816 131072    2.159
00:18:29.457 VLLM::W        1046587 nvme1n1 RS   1565507072 131072    2.197
00:18:29.457 VLLM::W        1046587 nvme1n1 RS   1565507328 131072    2.268
00:18:29.457 VLLM::W        1046587 nvme1n1 RS   1565507584 131072    2.279
00:18:29.457 VLLM::W        1046587 nvme1n1 RS   1565507840 131072    2.355
00:18:29.457 VLLM::W        1046588 nvme1n1 RS   1589534720 131072    1.837
00:18:29.457 VLLM::W        1046588 nvme1n1 RS   1589534976 131072    1.837
00:18:29.457 VLLM::W        1046588 nvme1n1 RS   1589535232 131072    1.845
00:18:29.457 VLLM::W        1046588 nvme1n1 RS   1589535488 131072    1.876
00:18:29.457 VLLM::W        1046588 nvme1n1 RS   1589535744 131072    1.910
00:18:29.457 VLLM::W        1046588 nvme1n1 RS   1589536000 131072    1.949
00:18:29.457 VLLM::W        1046588 nvme1n1 RS   1589536256 131072    2.003
00:18:29.457 VLLM::W        1046588 nvme1n1 RS   1589536512 131072    1.968
00:18:29.457 VLLM::W        1046588 nvme1n1 RS   1589536768 131072    2.023
00:18:29.457 VLLM::W        1046588 nvme1n1 RS   1589537024 131072    2.039
00:18:29.457 VLLM::W        1046588 nvme1n1 RS   1589537280 131072    2.073
00:18:29.457 VLLM::W        1046588 nvme1n1 RS   1589537536 131072    2.101
00:18:29.457 VLLM::W        1046588 nvme1n1 RS   1589537792 131072    2.134
00:18:29.457 VLLM::W        1046588 nvme1n1 RS   1589538048 131072    2.161
00:18:29.457 VLLM::W        1046588 nvme1n1 RS   1589538304 131072    2.206
00:18:29.457 VLLM::W        1046588 nvme1n1 RS   1589538560 131072    2.231
00:18:29.457 VLLM::W        1046588 nvme1n1 RS   1589547008 131072    2.278
00:18:29.457 VLLM::W        1046588 nvme1n1 RS   1589547264 131072    2.289
00:18:29.458 VLLM::W        1046589 nvme1n1 RS   1589514240 131072    1.850
00:18:29.458 VLLM::W        1046589 nvme1n1 RS   1589514496 131072    1.865
00:18:29.458 VLLM::W        1046589 nvme1n1 RS   1589514752 131072    1.870
00:18:29.458 VLLM::W        1046589 nvme1n1 RS   1589515008 131072    1.904
00:18:29.458 VLLM::W        1046589 nvme1n1 RS   1589515264 131072    1.947
00:18:29.458 VLLM::W        1046589 nvme1n1 RS   1589515520 131072    1.985
00:18:29.458 VLLM::W        1046589 nvme1n1 RS   1589515776 131072    2.021
00:18:29.458 VLLM::W        1046589 nvme1n1 RS   1589516032 131072    2.017
00:18:29.458 VLLM::W        1046589 nvme1n1 RS   1589516288 131072    2.044
00:18:29.458 VLLM::W        1046589 nvme1n1 RS   1589516544 131072    2.080
00:18:29.458 VLLM::W        1046589 nvme1n1 RS   1589516800 131072    2.105
00:18:29.458 VLLM::W        1046589 nvme1n1 RS   1589517056 131072    2.129
00:18:29.458 VLLM::W        1046589 nvme1n1 RS   1589517312 131072    2.168
00:18:29.458 VLLM::W        1046589 nvme1n1 RS   1589517568 131072    2.251
00:18:29.458 VLLM::W        1046589 nvme1n1 RS   1589517824 131072    2.268
00:18:29.458 VLLM::W        1046589 nvme1n1 RS   1589518080 131072    2.270
00:18:29.458 VLLM::W        1046589 nvme1n1 RS   1589522432 131072    2.281
00:18:29.458 VLLM::W        1046589 nvme1n1 RS   1589522688 131072    2.384
00:18:29.458 VLLM::W        1046586 nvme1n1 RS   1589539072 131072    1.928
00:18:29.458 VLLM::W        1046586 nvme1n1 RS   1589539328 131072    1.937
00:18:29.458 VLLM::W        1046586 nvme1n1 RS   1589539584 131072    1.985
00:18:29.458 VLLM::W        1046586 nvme1n1 RS   1589538816 131072    2.009
00:18:29.458 VLLM::W        1046586 nvme1n1 RS   1589540096 131072    2.037
00:18:29.458 VLLM::W        1046586 nvme1n1 RS   1589539840 131072    2.094
00:18:29.458 VLLM::W        1046586 nvme1n1 RS   1589540352 131072    2.092
00:18:29.458 VLLM::W        1046586 nvme1n1 RS   1589540864 131072    2.124
00:18:29.458 VLLM::W        1046586 nvme1n1 RS   1589541120 131072    2.141
00:18:29.459 VLLM::W        1046586 nvme1n1 RS   1589540608 131072    2.162
00:18:29.459 VLLM::W        1046586 nvme1n1 RS   1589541376 131072    2.182
00:18:29.459 VLLM::W        1046586 nvme1n1 RS   1589541632 131072    2.234
00:18:29.459 VLLM::W        1046586 nvme1n1 RS   1589542144 131072    2.290
00:18:29.459 VLLM::W        1046586 nvme1n1 RS   1589542400 131072    2.308
00:18:29.459 VLLM::W        1046586 nvme1n1 RS   1589541888 131072    2.327
00:18:29.459 VLLM::W        1046586 nvme1n1 RS   1589542656 131072    2.341
00:18:29.459 VLLM::W        1046586 nvme1n1 RS   1589551104 131072    2.379
00:18:29.459 VLLM::W        1046586 nvme1n1 RS   1589551360 131072    2.390
00:18:29.459 VLLM::W        1046587 nvme1n1 RS   1589518336 131072    1.905
00:18:29.459 VLLM::W        1046587 nvme1n1 RS   1589518592 131072    1.917
00:18:29.459 VLLM::W        1046587 nvme1n1 RS   1589518848 131072    1.915
00:18:29.459 VLLM::W        1046587 nvme1n1 RS   1589519360 131072    1.970
00:18:29.459 VLLM::W        1046587 nvme1n1 RS   1589519616 131072    1.991
00:18:29.459 VLLM::W        1046587 nvme1n1 RS   1589519104 131072    2.022
00:18:29.459 VLLM::W        1046587 nvme1n1 RS   1589519872 131072    2.066
00:18:29.459 VLLM::W        1046587 nvme1n1 RS   1589520384 131072    2.026
00:18:29.459 VLLM::W        1046587 nvme1n1 RS   1589520640 131072    2.070
00:18:29.459 VLLM::W        1046587 nvme1n1 RS   1589520128 131072    2.086
00:18:29.459 VLLM::W        1046587 nvme1n1 RS   1589520896 131072    2.159
00:18:29.459 VLLM::W        1046587 nvme1n1 RS   1589521152 131072    2.163
00:18:29.459 VLLM::W        1046587 nvme1n1 RS   1589521408 131072    2.230
00:18:29.459 VLLM::W        1046587 nvme1n1 RS   1589521664 131072    2.242
00:18:29.459 VLLM::W        1046587 nvme1n1 RS   1589521920 131072    2.264
00:18:29.459 VLLM::W        1046587 nvme1n1 RS   1589522176 131072    2.267
00:18:29.459 VLLM::W        1046587 nvme1n1 RS   1589530624 131072    2.278
00:18:29.459 VLLM::W        1046588 nvme1n1 RS   59162624   131072    1.856
00:18:29.460 VLLM::W        1046588 nvme1n1 RS   59162880   131072    1.889
00:18:29.460 VLLM::W        1046587 nvme1n1 RS   1589530880 131072    2.406
00:18:29.460 VLLM::W        1046588 nvme1n1 RS   59163648   131072    1.989
00:18:29.460 VLLM::W        1046588 nvme1n1 RS   59163904   131072    2.014
00:18:29.460 VLLM::W        1046588 nvme1n1 RS   59163136   131072    2.059
00:18:29.460 VLLM::W        1046588 nvme1n1 RS   59163392   131072    2.070
00:18:29.460 VLLM::W        1046588 nvme1n1 RS   59164416   131072    2.067
00:18:29.460 VLLM::W        1046588 nvme1n1 RS   59164160   131072    2.142
00:18:29.460 VLLM::W        1046588 nvme1n1 RS   59164672   131072    2.107
00:18:29.460 VLLM::W        1046588 nvme1n1 RS   59165440   131072    2.173
00:18:29.460 VLLM::W        1046588 nvme1n1 RS   59165696   131072    2.220
00:18:29.460 VLLM::W        1046588 nvme1n1 RS   59164928   131072    2.251
00:18:29.460 VLLM::W        1046588 nvme1n1 RS   59165184   131072    2.260
00:18:29.460 VLLM::W        1046588 nvme1n1 RS   59166464   131072    2.296
00:18:29.460 VLLM::W        1046588 nvme1n1 RS   59165952   131072    2.353
00:18:29.460 VLLM::W        1046588 nvme1n1 RS   59166208   131072    2.370
00:18:29.460 VLLM::W        1046588 nvme1n1 RS   59166720   131072    2.366
00:18:29.460 VLLM::W        1046589 nvme1n1 RS   580665600  131072    1.874
00:18:29.460 VLLM::W        1046588 nvme1n1 RS   59166976   131072    2.456
00:18:29.460 VLLM::W        1046589 nvme1n1 RS   580665856  131072    1.927
00:18:29.460 VLLM::W        1046589 nvme1n1 RS   580665344  131072    1.991
00:18:29.460 VLLM::W        1046589 nvme1n1 RS   580666624  131072    1.989
00:18:29.460 VLLM::W        1046589 nvme1n1 RS   580666112  131072    2.051
00:18:29.460 VLLM::W        1046589 nvme1n1 RS   580666368  131072    2.068
00:18:29.460 VLLM::W        1046589 nvme1n1 RS   580666880  131072    2.081
00:18:29.460 VLLM::W        1046589 nvme1n1 RS   580667392  131072    2.086
00:18:29.461 VLLM::W        1046589 nvme1n1 RS   580667136  131072    2.117
00:18:29.461 VLLM::W        1046589 nvme1n1 RS   580667648  131072    2.128
00:18:29.461 VLLM::W        1046589 nvme1n1 RS   580668160  131072    2.158
00:18:29.461 VLLM::W        1046589 nvme1n1 RS   580668416  131072    2.197
00:18:29.461 VLLM::W        1046589 nvme1n1 RS   580667904  131072    2.226
00:18:29.461 VLLM::W        1046589 nvme1n1 RS   580668672  131072    2.229
00:18:29.461 VLLM::W        1046589 nvme1n1 RS   580668928  131072    2.264
00:18:29.461 VLLM::W        1046589 nvme1n1 RS   580669184  131072    2.289
00:18:29.461 VLLM::W        1046589 nvme1n1 RS   580669440  131072    2.314
00:18:29.461 VLLM::W        1046589 nvme1n1 RS   580669696  131072    2.346
00:18:29.461 VLLM::W        1046586 nvme1n1 RS   1589526528 131072    1.935
00:18:29.461 VLLM::W        1046586 nvme1n1 RS   1589526784 131072    1.944
00:18:29.461 VLLM::W        1046586 nvme1n1 RS   1589527040 131072    1.970
00:18:29.461 VLLM::W        1046586 nvme1n1 RS   1589527296 131072    2.005
00:18:29.461 VLLM::W        1046586 nvme1n1 RS   1589527552 131072    2.060
00:18:29.461 VLLM::W        1046586 nvme1n1 RS   1589527808 131072    2.098
00:18:29.461 VLLM::W        1046586 nvme1n1 RS   1589528064 131072    2.118
00:18:29.461 VLLM::W        1046586 nvme1n1 RS   1589528320 131072    2.101
00:18:29.461 VLLM::W        1046586 nvme1n1 RS   1589528576 131072    2.111
00:18:29.461 VLLM::W        1046586 nvme1n1 RS   1589528832 131072    2.147
00:18:29.461 VLLM::W        1046586 nvme1n1 RS   1589529088 131072    2.183
00:18:29.461 VLLM::W        1046586 nvme1n1 RS   1589529344 131072    2.231
00:18:29.461 VLLM::W        1046586 nvme1n1 RS   1589529600 131072    2.241
00:18:29.461 VLLM::W        1046586 nvme1n1 RS   1589529856 131072    2.275
00:18:29.461 VLLM::W        1046586 nvme1n1 RS   1589530112 131072    2.306
00:18:29.461 VLLM::W        1046586 nvme1n1 RS   1589530368 131072    2.351
00:18:29.461 VLLM::W        1046586 nvme1n1 RS   1589542912 131072    2.391
00:18:29.461 VLLM::W        1046586 nvme1n1 RS   1589543168 131072    2.402
00:18:29.462 VLLM::W        1046587 nvme1n1 RS   1589903360 131072    1.842
00:18:29.462 VLLM::W        1046587 nvme1n1 RS   1589903616 131072    1.842
00:18:29.462 VLLM::W        1046587 nvme1n1 RS   1589903872 131072    1.838
00:18:29.462 VLLM::W        1046587 nvme1n1 RS   1589904384 131072    1.929
00:18:29.462 VLLM::W        1046587 nvme1n1 RS   1589904128 131072    1.957
00:18:29.462 VLLM::W        1046587 nvme1n1 RS   1589904640 131072    1.969
00:18:29.462 VLLM::W        1046587 nvme1n1 RS   1589904896 131072    2.029
00:18:29.462 VLLM::W        1046587 nvme1n1 RS   1589905152 131072    1.998
00:18:29.462 VLLM::W        1046587 nvme1n1 RS   1589905408 131072    2.012
00:18:29.462 VLLM::W        1046587 nvme1n1 RS   1589905664 131072    2.048
00:18:29.462 VLLM::W        1046587 nvme1n1 RS   1589905920 131072    2.092
00:18:29.462 VLLM::W        1046587 nvme1n1 RS   1589906176 131072    2.114
00:18:29.462 VLLM::W        1046587 nvme1n1 RS   1589906432 131072    2.118
00:18:29.462 VLLM::W        1046587 nvme1n1 RS   1589906688 131072    2.199
00:18:29.462 VLLM::W        1046587 nvme1n1 RS   1589906944 131072    2.204
00:18:29.462 VLLM::W        1046587 nvme1n1 RS   1589907456 131072    2.238
00:18:29.462 VLLM::W        1046587 nvme1n1 RS   1589907200 131072    2.283
00:18:29.462 VLLM::W        1046587 nvme1n1 RS   1589907712 131072    2.291
00:18:29.462 VLLM::W        1046588 nvme1n1 RS   316297216  131072    1.865
00:18:29.462 VLLM::W        1046588 nvme1n1 RS   316297472  131072    1.865
00:18:29.462 VLLM::W        1046588 nvme1n1 RS   316297728  131072    1.862
00:18:29.462 VLLM::W        1046588 nvme1n1 RS   316297984  131072    1.870
00:18:29.462 VLLM::W        1046588 nvme1n1 RS   316298240  131072    1.898
00:18:29.462 VLLM::W        1046588 nvme1n1 RS   316298496  131072    1.964
00:18:29.462 VLLM::W        1046588 nvme1n1 RS   316298752  131072    1.965
00:18:29.462 VLLM::W        1046588 nvme1n1 RS   316299008  131072    1.950
00:18:29.462 VLLM::W        1046588 nvme1n1 RS   316299264  131072    1.997
00:18:29.462 VLLM::W        1046588 nvme1n1 RS   316299520  131072    2.017
00:18:29.463 VLLM::W        1046588 nvme1n1 RS   316299776  131072    2.047
00:18:29.463 VLLM::W        1046588 nvme1n1 RS   316300032  131072    2.077
00:18:29.463 VLLM::W        1046588 nvme1n1 RS   316300288  131072    2.107
00:18:29.463 VLLM::W        1046588 nvme1n1 RS   316300544  131072    2.135
00:18:29.463 VLLM::W        1046588 nvme1n1 RS   316300800  131072    2.175
00:18:29.463 VLLM::W        1046588 nvme1n1 RS   316301056  131072    2.190
00:18:29.463 VLLM::W        1046588 nvme1n1 RS   316301312  131072    2.230
00:18:29.463 VLLM::W        1046588 nvme1n1 RS   316301568  131072    2.261
00:18:29.463 VLLM::W        1046589 nvme1n1 RS   577613824  131072    1.942
00:18:29.463 VLLM::W        1046589 nvme1n1 RS   577614080  131072    1.961
00:18:29.463 VLLM::W        1046589 nvme1n1 RS   577614336  131072    1.966
00:18:29.463 VLLM::W        1046589 nvme1n1 RS   577614592  131072    1.993
00:18:29.463 VLLM::W        1046589 nvme1n1 RS   577614848  131072    2.042
00:18:29.463 VLLM::W        1046589 nvme1n1 RS   577615104  131072    2.097
00:18:29.463 VLLM::W        1046589 nvme1n1 RS   577615360  131072    2.099
00:18:29.463 VLLM::W        1046589 nvme1n1 RS   577615616  131072    2.095
00:18:29.463 VLLM::W        1046589 nvme1n1 RS   577615872  131072    2.129
00:18:29.463 VLLM::W        1046589 nvme1n1 RS   577616128  131072    2.139
00:18:29.463 VLLM::W        1046589 nvme1n1 RS   577616384  131072    2.170
00:18:29.463 VLLM::W        1046589 nvme1n1 RS   577616640  131072    2.210
00:18:29.463 VLLM::W        1046589 nvme1n1 RS   577616896  131072    2.250
00:18:29.463 VLLM::W        1046589 nvme1n1 RS   577617152  131072    2.286
00:18:29.463 VLLM::W        1046589 nvme1n1 RS   577617408  131072    2.304
00:18:29.463 VLLM::W        1046589 nvme1n1 RS   577617664  131072    2.337
00:18:29.463 VLLM::W        1046589 nvme1n1 RS   577617920  131072    2.369
00:18:29.463 VLLM::W        1046589 nvme1n1 RS   577618176  131072    2.397
00:18:29.463 VLLM::W        1046586 nvme1n1 RS   580743168  131072    1.892
00:18:29.464 VLLM::W        1046586 nvme1n1 RS   580743424  131072    1.917
00:18:29.464 VLLM::W        1046586 nvme1n1 RS   580743680  131072    1.992
00:18:29.464 VLLM::W        1046586 nvme1n1 RS   580743936  131072    2.006
00:18:29.464 VLLM::W        1046586 nvme1n1 RS   580744192  131072    2.036
00:18:29.464 VLLM::W        1046586 nvme1n1 RS   580744448  131072    2.081
00:18:29.464 VLLM::W        1046586 nvme1n1 RS   580744704  131072    2.102
00:18:29.464 VLLM::W        1046586 nvme1n1 RS   580745216  131072    2.162
00:18:29.464 VLLM::W        1046586 nvme1n1 RS   580745472  131072    2.183
00:18:29.464 VLLM::W        1046586 nvme1n1 RS   580744960  131072    2.205
00:18:29.464 VLLM::W        1046586 nvme1n1 RS   580745728  131072    2.209
00:18:29.464 VLLM::W        1046586 nvme1n1 RS   580745984  131072    2.255
00:18:29.464 VLLM::W        1046586 nvme1n1 RS   580746240  131072    2.265
00:18:29.464 VLLM::W        1046586 nvme1n1 RS   580746496  131072    2.297
00:18:29.464 VLLM::W        1046586 nvme1n1 RS   580747008  131072    2.344
00:18:29.464 VLLM::W        1046586 nvme1n1 RS   580746752  131072    2.380
00:18:29.464 VLLM::W        1046586 nvme1n1 RS   580747264  131072    2.376
00:18:29.464 VLLM::W        1046586 nvme1n1 RS   580747520  131072    2.410
00:18:29.464 VLLM::W        1046587 nvme1n1 RS   1590013952 131072    1.833
00:18:29.464 VLLM::W        1046587 nvme1n1 RS   1590014208 131072    1.876
00:18:29.464 VLLM::W        1046587 nvme1n1 RS   1590014464 131072    1.926
00:18:29.464 VLLM::W        1046587 nvme1n1 RS   1590014720 131072    1.939
00:18:29.464 VLLM::W        1046587 nvme1n1 RS   1590014976 131072    1.979
00:18:29.464 VLLM::W        1046587 nvme1n1 RS   1590015232 131072    2.035
00:18:29.464 VLLM::W        1046587 nvme1n1 RS   1590015488 131072    2.048
00:18:29.464 VLLM::W        1046587 nvme1n1 RS   1590015744 131072    2.031
00:18:29.464 VLLM::W        1046587 nvme1n1 RS   1590016000 131072    2.057
00:18:29.464 VLLM::W        1046587 nvme1n1 RS   1590016256 131072    2.090
00:18:29.465 VLLM::W        1046587 nvme1n1 RS   1590016512 131072    2.159
00:18:29.465 VLLM::W        1046587 nvme1n1 RS   1590016768 131072    2.169
00:18:29.465 VLLM::W        1046587 nvme1n1 RS   1590017024 131072    2.195
00:18:29.465 VLLM::W        1046587 nvme1n1 RS   1590017280 131072    2.289
00:18:29.465 VLLM::W        1046587 nvme1n1 RS   1590017536 131072    2.311
00:18:29.465 VLLM::W        1046587 nvme1n1 RS   1590017792 131072    2.316
00:18:29.465 VLLM::W        1046587 nvme1n1 RS   1590034432 131072    2.335
00:18:29.465 VLLM::W        1046587 nvme1n1 RS   1590034688 131072    2.346
00:18:29.465 VLLM::W        1046588 nvme1n1 RS   1589993728 131072    1.900
00:18:29.465 VLLM::W        1046588 nvme1n1 RS   1589993984 131072    1.914
00:18:29.465 VLLM::W        1046588 nvme1n1 RS   1589993472 131072    1.931
00:18:29.465 VLLM::W        1046588 nvme1n1 RS   1589994240 131072    1.969
00:18:29.465 VLLM::W        1046588 nvme1n1 RS   1589994752 131072    2.062
00:18:29.465 VLLM::W        1046588 nvme1n1 RS   1589995008 131072    2.069
00:18:29.465 VLLM::W        1046588 nvme1n1 RS   1589994496 131072    2.095
00:18:29.465 VLLM::W        1046588 nvme1n1 RS   1589995264 131072    2.119
00:18:29.465 VLLM::W        1046588 nvme1n1 RS   1589995776 131072    2.136
00:18:29.465 VLLM::W        1046588 nvme1n1 RS   1589995520 131072    2.159
00:18:29.465 VLLM::W        1046588 nvme1n1 RS   1589996032 131072    2.172
00:18:29.465 VLLM::W        1046588 nvme1n1 RS   1589996288 131072    2.233
00:18:29.465 VLLM::W        1046588 nvme1n1 RS   1589996544 131072    2.248
00:18:29.465 VLLM::W        1046588 nvme1n1 RS   1589996800 131072    2.252
00:18:29.465 VLLM::W        1046588 nvme1n1 RS   1589997056 131072    2.323
00:18:29.465 VLLM::W        1046588 nvme1n1 RS   1589997312 131072    2.325
00:18:29.465 VLLM::W        1046588 nvme1n1 RS   1590018048 131072    2.347
00:18:29.465 VLLM::W        1046588 nvme1n1 RS   1590018304 131072    2.353
00:18:29.466 VLLM::W        1046589 nvme1n1 RS   1589997824 131072    1.949
00:18:29.466 VLLM::W        1046589 nvme1n1 RS   1589997568 131072    1.965
00:18:29.466 VLLM::W        1046589 nvme1n1 RS   1589999104 131072    2.114
00:18:29.466 VLLM::W        1046589 nvme1n1 RS   1589998080 131072    2.152
00:18:29.466 VLLM::W        1046589 nvme1n1 RS   1589998336 131072    2.163
00:18:29.466 VLLM::W        1046589 nvme1n1 RS   1589999616 131072    2.144
00:18:29.466 VLLM::W        1046589 nvme1n1 RS   1589998592 131072    2.223
00:18:29.466 VLLM::W        1046589 nvme1n1 RS   1589998848 131072    2.234
00:18:29.466 VLLM::W        1046589 nvme1n1 RS   1590000384 131072    2.239
00:18:29.466 VLLM::W        1046589 nvme1n1 RS   1589999360 131072    2.273
00:18:29.466 VLLM::W        1046589 nvme1n1 RS   1590000128 131072    2.277
00:18:29.466 VLLM::W        1046589 nvme1n1 RS   1590000896 131072    2.310
00:18:29.466 VLLM::W        1046589 nvme1n1 RS   1589999872 131072    2.427
00:18:29.466 VLLM::W        1046589 nvme1n1 RS   1590026240 131072    2.405
00:18:29.466 VLLM::W        1046589 nvme1n1 RS   1590000640 131072    2.508
00:18:29.466 VLLM::W        1046586 nvme1n1 RS   1590001920 131072    1.932
00:18:29.466 VLLM::W        1046586 nvme1n1 RS   1590002176 131072    1.965
00:18:29.466 VLLM::W        1046589 nvme1n1 RS   1590001152 131072    2.574
00:18:29.466 VLLM::W        1046589 nvme1n1 RS   1590001408 131072    2.567
00:18:29.466 VLLM::W        1046586 nvme1n1 RS   1590002944 131072    2.044
00:18:29.466 VLLM::W        1046586 nvme1n1 RS   1590003200 131072    2.090
00:18:29.466 VLLM::W        1046589 nvme1n1 RS   1590026496 131072    2.673
00:18:29.466 VLLM::W        1046586 nvme1n1 RS   1590003456 131072    2.094
00:18:29.466 VLLM::W        1046586 nvme1n1 RS   1590001664 131072    2.178
00:18:29.467 VLLM::W        1046586 nvme1n1 RS   1590004224 131072    2.181
00:18:29.467 VLLM::W        1046586 nvme1n1 RS   1590002432 131072    2.342
00:18:29.467 VLLM::W        1046586 nvme1n1 RS   1590004480 131072    2.270
00:18:29.467 VLLM::W        1046586 nvme1n1 RS   1590002688 131072    2.363
00:18:29.467 VLLM::W        1046586 nvme1n1 RS   1590003712 131072    2.333
00:18:29.467 VLLM::W        1046586 nvme1n1 RS   1590003968 131072    2.348
00:18:29.467 VLLM::W        1046586 nvme1n1 RS   1590005248 131072    2.338
00:18:29.467 VLLM::W        1046586 nvme1n1 RS   1590005504 131072    2.360
00:18:29.467 VLLM::W        1046586 nvme1n1 RS   1590004736 131072    2.403
00:18:29.467 VLLM::W        1046586 nvme1n1 RS   1590004992 131072    2.413
00:18:29.467 VLLM::W        1046586 nvme1n1 RS   1590022144 131072    2.465
00:18:29.467 VLLM::W        1046586 nvme1n1 RS   1590022400 131072    2.475
00:18:29.467 VLLM::W        1046587 nvme1n1 RS   1590009856 131072    2.026
00:18:29.467 VLLM::W        1046587 nvme1n1 RS   1590010112 131072    2.026
00:18:29.467 VLLM::W        1046587 nvme1n1 RS   1590010368 131072    2.023
00:18:29.467 VLLM::W        1046587 nvme1n1 RS   1590010624 131072    2.042
00:18:29.467 VLLM::W        1046587 nvme1n1 RS   1590010880 131072    2.072
00:18:29.467 VLLM::W        1046587 nvme1n1 RS   1590011136 131072    2.094
00:18:29.467 VLLM::W        1046587 nvme1n1 RS   1590011392 131072    2.108
00:18:29.467 VLLM::W        1046587 nvme1n1 RS   1590011648 131072    2.098
00:18:29.467 VLLM::W        1046587 nvme1n1 RS   1590011904 131072    2.134
00:18:29.467 VLLM::W        1046587 nvme1n1 RS   1590012160 131072    2.139
00:18:29.467 VLLM::W        1046587 nvme1n1 RS   1590012416 131072    2.171
00:18:29.467 VLLM::W        1046587 nvme1n1 RS   1590012672 131072    2.203
00:18:29.467 VLLM::W        1046587 nvme1n1 RS   1590012928 131072    2.233
00:18:29.467 VLLM::W        1046587 nvme1n1 RS   1590013184 131072    2.278
00:18:29.467 VLLM::W        1046587 nvme1n1 RS   1590013440 131072    2.304
00:18:29.467 VLLM::W        1046587 nvme1n1 RS   1590013696 131072    2.333
00:18:29.467 VLLM::W        1046587 nvme1n1 RS   1590030336 131072    2.366
00:18:29.467 VLLM::W        1046587 nvme1n1 RS   1590030592 131072    2.392
00:18:29.467 VLLM::W        1046588 nvme1n1 RS   1590005760 131072    1.845
00:18:29.468 VLLM::W        1046588 nvme1n1 RS   1590006016 131072    1.872
00:18:29.468 VLLM::W        1046588 nvme1n1 RS   1590006272 131072    1.923
00:18:29.468 VLLM::W        1046588 nvme1n1 RS   1590006528 131072    2.009
00:18:29.468 VLLM::W        1046588 nvme1n1 RS   1590006784 131072    2.031
00:18:29.468 VLLM::W        1046588 nvme1n1 RS   1590007040 131072    2.052
00:18:29.468 VLLM::W        1046588 nvme1n1 RS   1590007296 131072    2.057
00:18:29.468 VLLM::W        1046588 nvme1n1 RS   1590007552 131072    2.111
00:18:29.468 VLLM::W        1046588 nvme1n1 RS   1590007808 131072    2.123
00:18:29.468 VLLM::W        1046588 nvme1n1 RS   1590008064 131072    2.147
00:18:29.468 VLLM::W        1046588 nvme1n1 RS   1590008320 131072    2.156
00:18:29.468 VLLM::W        1046588 nvme1n1 RS   1590009088 131072    2.244
00:18:29.468 VLLM::W        1046588 nvme1n1 RS   1590008576 131072    2.266
00:18:29.468 VLLM::W        1046588 nvme1n1 RS   1590008832 131072    2.275
00:18:29.468 VLLM::W        1046589 nvme1n1 RS   59260928   131072    1.503
00:18:29.468 VLLM::W        1046589 nvme1n1 RS   59261184   131072    1.534
00:18:29.468 VLLM::W        1046588 nvme1n1 RS   1590009344 131072    2.387
00:18:29.468 VLLM::W        1046588 nvme1n1 RS   1590009600 24576     2.391
00:18:29.468 VLLM::W        1046589 nvme1n1 RS   59261440   131072    1.630
00:18:29.468 VLLM::W        1046589 nvme1n1 RS   59261696   131072    1.652
00:18:29.468 VLLM::W        1046589 nvme1n1 RS   59261952   131072    1.668
00:18:29.468 VLLM::W        1046589 nvme1n1 RS   59262208   131072    1.678
00:18:29.468 VLLM::W        1046589 nvme1n1 RS   59262464   131072    1.712
00:18:29.468 VLLM::W        1046589 nvme1n1 RS   59262720   131072    1.700
00:18:29.468 VLLM::W        1046589 nvme1n1 RS   59262976   131072    1.737
00:18:29.468 VLLM::W        1046589 nvme1n1 RS   59263232   131072    1.764
00:18:29.468 VLLM::W        1046589 nvme1n1 RS   59263488   131072    1.789
00:18:29.468 VLLM::W        1046589 nvme1n1 RS   59263744   131072    1.846
00:18:29.469 VLLM::W        1046589 nvme1n1 RS   59264000   131072    1.886
00:18:29.469 VLLM::W        1046589 nvme1n1 RS   59264256   131072    1.903
00:18:29.469 VLLM::W        1046589 nvme1n1 RS   59264512   131072    1.929
00:18:29.469 VLLM::W        1046589 nvme1n1 RS   59264768   24576     1.935
00:18:29.469 VLLM::W        1046586 nvme1n1 RS   59256832   131072    1.630
00:18:29.469 VLLM::W        1046586 nvme1n1 RS   59257088   131072    1.633
00:18:29.469 VLLM::W        1046586 nvme1n1 RS   59257344   131072    1.693
00:18:29.469 VLLM::W        1046586 nvme1n1 RS   59257600   131072    1.702
00:18:29.469 VLLM::W        1046586 nvme1n1 RS   59258112   131072    1.767
00:18:29.469 VLLM::W        1046586 nvme1n1 RS   59257856   131072    1.783
00:18:29.469 VLLM::W        1046586 nvme1n1 RS   59259136   131072    1.862
00:18:29.469 VLLM::W        1046586 nvme1n1 RS   59258368   131072    1.938
00:18:29.469 VLLM::W        1046586 nvme1n1 RS   59259392   131072    1.904
00:18:29.469 VLLM::W        1046586 nvme1n1 RS   59258624   131072    1.939
00:18:29.469 VLLM::W        1046586 nvme1n1 RS   59258880   131072    1.949
00:18:29.469 VLLM::W        1046586 nvme1n1 RS   59260160   131072    1.989
00:18:29.469 VLLM::W        1046586 nvme1n1 RS   59259648   131072    2.015
00:18:29.469 VLLM::W        1046586 nvme1n1 RS   59259904   131072    2.033
00:18:29.469 VLLM::W        1046586 nvme1n1 RS   59260416   131072    2.041
00:18:29.469 VLLM::W        1046586 nvme1n1 RS   59260672   24576     2.044
00:18:29.469 VLLM::W        1046587 nvme1n1 RS   59265280   131072    1.617
00:18:29.469 VLLM::W        1046587 nvme1n1 RS   59265024   131072    1.626
00:18:29.469 VLLM::W        1046587 nvme1n1 RS   59265536   131072    1.619
00:18:29.469 VLLM::W        1046587 nvme1n1 RS   59265792   131072    1.635
00:18:29.469 VLLM::W        1046587 nvme1n1 RS   59266048   131072    1.653
00:18:29.469 VLLM::W        1046587 nvme1n1 RS   59266304   131072    1.693
00:18:29.469 VLLM::W        1046587 nvme1n1 RS   59266560   131072    1.704
00:18:29.469 VLLM::W        1046587 nvme1n1 RS   59266816   131072    1.697
00:18:29.469 VLLM::W        1046587 nvme1n1 RS   59267072   131072    1.734
00:18:29.470 VLLM::W        1046587 nvme1n1 RS   59267328   131072    1.787
00:18:29.470 VLLM::W        1046587 nvme1n1 RS   59267584   131072    1.824
00:18:29.470 VLLM::W        1046587 nvme1n1 RS   59267840   131072    1.835
00:18:29.470 VLLM::W        1046587 nvme1n1 RS   59268096   131072    1.864
00:18:29.470 VLLM::W        1046587 nvme1n1 RS   59268352   131072    1.895
00:18:29.470 VLLM::W        1046587 nvme1n1 RS   59268608   131072    1.930
00:18:29.470 VLLM::W        1046587 nvme1n1 RS   59268864   24576     1.932
00:18:30.067 nvme           1447542 Unknown N    -1         512       0.033
00:18:30.263 ib_log_        125949  nvme1n1 WS   1757424424 4096      0.058
00:18:30.274 ib_pg_f        125924  nvme1n1 WS   1740054528 16384     0.052
00:18:30.274 ib_pg_f        125924  nvme1n1 WS   1757151392 16384     0.041
00:18:30.348 ib_log_        125949  nvme1n1 WS   1757424424 4096      0.048
00:18:30.349 ib_pg_f        125949  nvme1n1 WS   1755252736 81920     0.101
00:18:30.349 ib_pg_f        125949  nvme1n1 WS   1731134720 16384     0.075
00:18:30.349 ib_pg_f        125949  nvme1n1 WS   1755217736 16384     0.072
00:18:30.349 ib_pg_f        125949  nvme1n1 WS   1757027808 16384     0.073
00:18:30.349 ib_pg_f        125949  nvme1n1 WS   1756560224 16384     0.079
00:18:30.349 ib_pg_f        125949  nvme1n1 WS   1734883488 16384     0.081
00:18:30.918 ib_log_        125949  nvme1n1 WS   1757422584 4096      0.053
00:18:31.069 nvme           1447552 Unknown N    -1         512       0.075
00:18:31.197 ib_log_        125924  nvme1n1 WS   1757454744 4096      0.040
00:18:31.287 ib_log_        125941  nvme1n1 WS   1739629576 4096      0.056
00:18:31.287 ib_log_        125941  nvme1n1 WS   1739629576 4096      0.030
00:18:31.289 ib_log_        125941  nvme1n1 WS   1739629576 4096      0.033
00:18:31.289 ib_log_        125941  nvme1n1 WS   1739629584 8192      0.032
00:18:31.289 jbd2/nv        752     nvme1n1 WSM  877403784  131072    0.146
00:18:31.289 jbd2/nv        752     nvme1n1 WSM  877404040  24576     0.153
00:18:31.289 jbd2/nv        752     nvme1n1 WSM  877404088  4096      0.031
00:18:31.289 connect        125941  nvme1n1 WS   1757353056 4096      0.033
00:18:31.289 jbd2/nv        752     nvme1n1 WSM  877404096  8192      0.030
00:18:31.289 jbd2/nv        752     nvme1n1 WSM  877404112  4096      0.028
00:18:31.289 ib_log_        125941  nvme1n1 WS   1739629584 4096      0.035
00:18:31.289 ib_log_        125941  nvme1n1 WS   1739629584 4096      0.031
00:18:31.290 jbd2/nv        752     nvme1n1 WSM  877404120  45056     0.062
00:18:31.290 jbd2/nv        752     nvme1n1 WSM  877404208  4096      0.026
00:18:31.290 ib_log_        125941  nvme1n1 WS   1739629584 4096      0.028
00:18:31.290 ib_log_        125941  nvme1n1 WS   1739629584 8192      0.031
00:18:31.290 ib_log_        125941  nvme1n1 WS   1739629592 4096      0.028
00:18:31.331 ib_pg_f        125941  nvme1n1 WS   1740075008 131072    0.174
00:18:31.332 ib_pg_f        125941  nvme1n1 WS   1740075264 131072    0.249
00:18:31.332 ib_pg_f        125941  nvme1n1 WS   1740075520 131072    0.326
00:18:31.332 ib_pg_f        125941  nvme1n1 WS   1740075776 131072    0.405
00:18:31.332 ib_pg_f        125941  nvme1n1 WS   1740076032 131072    0.483
00:18:31.332 ib_pg_f        125941  nvme1n1 WS   1740076288 114688    0.555
00:18:31.332 ib_pg_f        125941  nvme1n1 WS   311472800  16384     0.042
00:18:31.332 ib_pg_f        125941  nvme1n1 WS   1757681152 16384     0.046
00:18:31.332 ib_pg_f        125941  nvme1n1 WS   1757681344 16384     0.068
00:18:31.332 ib_pg_f        125941  nvme1n1 WS   1756477184 16384     0.062
00:18:31.332 ib_pg_f        125941  nvme1n1 WS   1757680832 16384     0.063
00:18:31.332 ib_pg_f        125941  nvme1n1 WS   1756417216 16384     0.068
00:18:31.332 ib_pg_f        125941  nvme1n1 WS   1737035936 16384     0.072
00:18:31.332 ib_pg_f        125941  nvme1n1 WS   1532134784 16384     0.072
00:18:31.332 ib_pg_f        125941  nvme1n1 WS   1757680992 16384     0.055
00:18:31.332 ib_pg_f        125941  nvme1n1 WS   32779456   16384     0.061
00:18:31.332 ib_pg_f        125941  nvme1n1 WS   1532134752 16384     0.061
00:18:31.332 ib_pg_f        125941  nvme1n1 WS   1556374432 16384     0.058
00:18:31.332 ib_pg_f        125941  nvme1n1 WS   1556374464 16384     0.063
00:18:31.332 ib_pg_f        125941  nvme1n1 WS   1556374496 16384     0.071
00:18:31.332 ib_pg_f        125941  nvme1n1 WS   1556374528 16384     0.069
00:18:31.332 ib_pg_f        125941  nvme1n1 WS   1560814944 16384     0.069
00:18:31.332 ib_pg_f        125941  nvme1n1 WS   1560813920 16384     0.068
00:18:31.332 ib_pg_f        125941  nvme1n1 WS   1560814080 16384     0.070
00:18:31.332 ib_pg_f        125941  nvme1n1 WS   1560814688 16384     0.066
00:18:31.332 ib_pg_f        125941  nvme1n1 WS   1757758624 16384     0.067
00:18:31.332 ib_pg_f        125941  nvme1n1 WS   1757758720 16384     0.075
00:18:31.332 ib_pg_f        125941  nvme1n1 WS   1561262848 16384     0.076
00:18:31.332 ib_pg_f        125941  nvme1n1 WS   1755751424 16384     0.076
00:18:31.332 ib_pg_f        125941  nvme1n1 WS   1755751456 16384     0.088
00:18:31.332 ib_pg_f        125941  nvme1n1 WS   1560814560 16384     0.088
00:18:31.332 ib_pg_f        125941  nvme1n1 WS   1755751232 16384     0.092
00:18:31.332 ib_pg_f        125941  nvme1n1 WS   1755750400 16384     0.094
00:18:31.332 ib_pg_f        125941  nvme1n1 WS   1755748768 16384     0.097
00:18:31.332 ib_pg_f        125941  nvme1n1 WS   1755751392 16384     0.096
00:18:31.332 ib_pg_f        125941  nvme1n1 WS   1556374144 16384     0.096
00:18:31.332 ib_pg_f        125941  nvme1n1 WS   1556374176 16384     0.099
00:18:31.332 ib_pg_f        125941  nvme1n1 WS   1556374208 16384     0.103
00:18:31.332 ib_pg_f        125941  nvme1n1 WS   1556374240 16384     0.096
00:18:31.332 ib_pg_f        125941  nvme1n1 WS   1556374272 16384     0.093
00:18:31.332 ib_pg_f        125941  nvme1n1 WS   1556374336 16384     0.098
00:18:31.332 ib_pg_f        125941  nvme1n1 WS   1556374368 16384     0.098
00:18:31.332 ib_pg_f        125941  nvme1n1 WS   1556374400 16384     0.104
00:18:31.332 ib_pg_f        125941  nvme1n1 WS   1556373600 16384     0.093
00:18:31.332 ib_pg_f        125941  nvme1n1 WS   1556373632 16384     0.090
00:18:31.332 ib_pg_f        125941  nvme1n1 WS   1556373664 16384     0.094
00:18:31.332 ib_pg_f        125941  nvme1n1 WS   32779424   16384     0.098
00:18:31.332 ib_pg_f        125941  nvme1n1 WS   1756477216 16384     0.100
00:18:31.332 ib_pg_f        125941  nvme1n1 WS   1756417248 16384     0.103
00:18:31.332 ib_pg_f        125941  nvme1n1 WS   1532134816 16384     0.106
00:18:31.332 ib_pg_f        125941  nvme1n1 WS   32779488   16384     0.108
00:18:31.332 ib_pg_f        125941  nvme1n1 WS   1756476576 16384     0.112
00:18:31.332 ib_pg_f        125941  nvme1n1 WS   1756417280 16384     0.126
00:18:31.356 ib_log_        125941  nvme1n1 WS   1739629592 4096      0.048
00:18:31.357 ib_log_        125941  nvme1n1 WS   1739629592 4096      0.040
00:18:31.415 ib_log_        125941  nvme1n1 WS   1739629592 4096      0.041
00:18:31.415 ib_log_        125941  nvme1n1 WS   1739629592 4096      0.033
00:18:31.415 ib_log_        125941  nvme1n1 WS   1739629600 8192      0.032
00:18:31.415 jbd2/nv        752     nvme1n1 WSM  877404216  69632     0.090
00:18:31.415 jbd2/nv        752     nvme1n1 WSM  877404352  4096      0.029
00:18:31.415 connect        125941  nvme1n1 WS   1757353056 4096      0.029
00:18:31.415 jbd2/nv        752     nvme1n1 WSM  877404360  8192      0.030
00:18:31.415 jbd2/nv        752     nvme1n1 WSM  877404376  4096      0.029
00:18:31.415 ib_log_        125941  nvme1n1 WS   1739629600 4096      0.032
00:18:31.416 ib_log_        125941  nvme1n1 WS   1739629600 8192      0.036
00:18:31.417 jbd2/nv        752     nvme1n1 WSM  877404384  24576     0.047
00:18:31.417 jbd2/nv        752     nvme1n1 WSM  877404432  4096      0.028
00:18:31.417 connect        125941  nvme1n1 WS   1532320320 114688    0.126
00:18:31.417 jbd2/nv        752     nvme1n1 WSM  877404440  16384     0.039
00:18:31.417 jbd2/nv        752     nvme1n1 WSM  877404472  4096      0.026
00:18:31.417 connect        125941  nvme1n1 WS   1552174528 16384     0.042
00:18:31.417 jbd2/nv        752     nvme1n1 WSM  877404480  24576     0.046
00:18:31.417 jbd2/nv        752     nvme1n1 WSM  877404528  4096      0.028
00:18:31.417 ib_log_        125941  nvme1n1 WS   1739629608 4096      0.029
00:18:31.417 ib_log_        125941  nvme1n1 WS   1739629616 8192      0.033
00:18:31.417 jbd2/nv        752     nvme1n1 WSM  877404536  8192      0.032
00:18:31.418 jbd2/nv        752     nvme1n1 WSM  877404552  4096      0.028
00:18:31.418 ib_log_        125941  nvme1n1 WS   1739629616 8192      0.032
00:18:31.418 ib_log_        125941  nvme1n1 WS   1739629624 4096      0.027
00:18:31.419 ib_log_        125941  nvme1n1 WS   1739629624 4096      0.031
00:18:31.419 ib_log_        125941  nvme1n1 WS   1739629632 8192      0.031
00:18:31.419 jbd2/nv        752     nvme1n1 WSM  877404560  8192      0.034
00:18:31.419 jbd2/nv        752     nvme1n1 WSM  877404576  4096      0.027
00:18:31.419 connect        125941  nvme1n1 WS   1757353056 4096      0.033
00:18:31.419 jbd2/nv        752     nvme1n1 WSM  877404584  8192      0.030
00:18:31.419 jbd2/nv        752     nvme1n1 WSM  877404600  4096      0.031
00:18:31.419 ib_log_        125941  nvme1n1 WS   1739629640 4096      0.032
00:18:31.420 ib_log_        125941  nvme1n1 WS   1739629640 4096      0.039
00:18:31.420 ib_log_        125941  nvme1n1 WS   1739629648 8192      0.032
00:18:31.420 jbd2/nv        752     nvme1n1 WSM  877404608  12288     0.042
00:18:31.420 jbd2/nv        752     nvme1n1 WSM  877404632  4096      0.028
00:18:31.421 ib_log_        125941  nvme1n1 WS   1739629656 4096      0.038
00:18:31.421 connect        125941  nvme1n1 WS   1757353056 8192      0.038
00:18:31.421 jbd2/nv        752     nvme1n1 WSM  877404640  24576     0.051
00:18:31.421 jbd2/nv        752     nvme1n1 WSM  877404688  4096      0.028
00:18:31.421 ib_log_        125941  nvme1n1 WS   1739629656 4096      0.037
00:18:31.456 ib_log_        125941  nvme1n1 WS   1739629656 4096      0.047
00:18:31.457 ib_log_        125941  nvme1n1 WS   1739629656 4096      0.030
00:18:31.487 VLLM::W        1046589 nvme1n1 RS   575737856  131072    0.243
00:18:31.487 VLLM::W        1046588 nvme1n1 RS   1565323264 131072    0.288
00:18:31.488 VLLM::W        1046587 nvme1n1 RS   1565474816 131072    0.349
00:18:31.488 VLLM::W        1046589 nvme1n1 RS   575738368  131072    0.418
00:18:31.488 VLLM::W        1046586 nvme1n1 RS   1565462528 131072    0.422
00:18:31.488 VLLM::W        1046589 nvme1n1 RS   575738624  131072    0.459
00:18:31.488 VLLM::W        1046589 nvme1n1 RS   575738112  131072    0.480
00:18:31.488 VLLM::W        1046588 nvme1n1 RS   1565323520 131072    0.556
00:18:31.488 VLLM::W        1046589 nvme1n1 RS   575738880  131072    0.558
00:18:31.488 VLLM::W        1046588 nvme1n1 RS   1565323776 131072    0.637
00:18:31.488 VLLM::W        1046588 nvme1n1 RS   1565324032 131072    0.646
00:18:31.488 VLLM::W        1046586 nvme1n1 RS   1565463040 131072    0.693
00:18:31.488 VLLM::W        1046586 nvme1n1 RS   1565462784 131072    0.763
00:18:31.488 VLLM::W        1046587 nvme1n1 RS   1565475584 131072    0.832
00:18:31.488 VLLM::W        1046586 nvme1n1 RS   1565463296 131072    0.845
00:18:31.488 VLLM::W        1046586 nvme1n1 RS   1565463808 131072    0.923
00:18:31.488 VLLM::W        1046587 nvme1n1 RS   1565475072 131072    0.958
00:18:31.488 VLLM::W        1046587 nvme1n1 RS   1565475328 131072    0.973
00:18:31.488 VLLM::W        1046586 nvme1n1 RS   1565464064 131072    0.974
00:18:31.488 VLLM::W        1046588 nvme1n1 RS   1565324288 131072    1.025
00:18:31.488 VLLM::W        1046588 nvme1n1 RS   1565324544 131072    1.051
00:18:31.488 VLLM::W        1046586 nvme1n1 RS   1565463552 131072    1.084
00:18:31.488 VLLM::W        1046587 nvme1n1 RS   1565475840 131072    1.143
00:18:31.488 VLLM::W        1046588 nvme1n1 RS   1565324800 131072    1.200
00:18:31.488 VLLM::W        1046589 nvme1n1 RS   575739392  131072    1.280
00:18:31.488 VLLM::W        1046587 nvme1n1 RS   1565476096 131072    1.295
00:18:31.488 VLLM::W        1046587 nvme1n1 RS   1565476352 131072    1.319
00:18:31.489 VLLM::W        1046589 nvme1n1 RS   575739648  131072    1.286
00:18:31.489 VLLM::W        1046589 nvme1n1 RS   575739136  131072    1.409
00:18:31.489 VLLM::W        1046588 nvme1n1 RS   1565325568 131072    1.381
00:18:31.489 VLLM::W        1046588 nvme1n1 RS   1565325312 131072    1.417
00:18:31.489 VLLM::W        1046586 nvme1n1 RS   1565464320 131072    1.469
00:18:31.489 VLLM::W        1046586 nvme1n1 RS   1565465088 131072    1.543
00:18:31.489 VLLM::W        1046588 nvme1n1 RS   1565325056 131072    1.562
00:18:31.489 VLLM::W        1046588 nvme1n1 RS   1565325824 131072    1.638
00:18:31.489 VLLM::W        1046586 nvme1n1 RS   1565465344 131072    1.717
00:18:31.489 VLLM::W        1046586 nvme1n1 RS   1565464576 131072    1.748
00:18:31.489 VLLM::W        1046586 nvme1n1 RS   1565464832 131072    1.764
00:18:31.489 VLLM::W        1046587 nvme1n1 RS   1565476608 131072    1.785
00:18:31.489 VLLM::W        1046587 nvme1n1 RS   1565476864 131072    1.818
00:18:31.489 VLLM::W        1046587 nvme1n1 RS   1565477120 131072    1.828
00:18:31.489 VLLM::W        1046587 nvme1n1 RS   1565477376 131072    1.899
00:18:31.489 VLLM::W        1046589 nvme1n1 RS   575740160  131072    1.920
00:18:31.489 VLLM::W        1046589 nvme1n1 RS   575739904  131072    1.937
00:18:31.489 VLLM::W        1046589 nvme1n1 RS   575740416  131072    1.990
00:18:31.489 VLLM::W        1046589 nvme1n1 RS   575740672  131072    2.016
00:18:31.489 VLLM::W        1046588 nvme1n1 RS   1565326080 131072    2.083
00:18:31.489 VLLM::W        1046588 nvme1n1 RS   1565326336 131072    2.090
00:18:31.489 VLLM::W        1046588 nvme1n1 RS   1565326592 131072    2.099
00:18:31.489 VLLM::W        1046588 nvme1n1 RS   1565326848 131072    2.124
00:18:31.489 VLLM::W        1046587 nvme1n1 RS   1565477632 131072    2.195
00:18:31.489 VLLM::W        1046587 nvme1n1 RS   1565477888 131072    2.219
00:18:31.490 VLLM::W        1046587 nvme1n1 RS   1565478144 131072    2.259
00:18:31.490 VLLM::W        1046589 nvme1n1 RS   575741184  131072    2.315
00:18:31.490 VLLM::W        1046589 nvme1n1 RS   575741440  131072    2.328
00:18:31.490 VLLM::W        1046589 nvme1n1 RS   575740928  131072    2.350
00:18:31.490 VLLM::W        1046586 nvme1n1 RS   1565465856 131072    2.401
00:18:31.490 VLLM::W        1046586 nvme1n1 RS   1565466112 131072    2.423
00:18:31.490 VLLM::W        1046586 nvme1n1 RS   1565465600 131072    2.438
00:18:31.490 VLLM::W        1046587 nvme1n1 RS   1565495552 131072    2.461
00:18:31.490 VLLM::W        1046587 nvme1n1 RS   1565478400 131072    2.498
00:18:31.490 VLLM::W        1046587 nvme1n1 RS   1565478656 131072    2.573
00:18:31.490 VLLM::W        1046587 nvme1n1 RS   1565495296 131072    2.584
00:18:31.490 VLLM::W        1046589 nvme1n1 RS   575742208  131072    2.600
00:18:31.490 VLLM::W        1046589 nvme1n1 RS   575741696  131072    2.649
00:18:31.490 VLLM::W        1046589 nvme1n1 RS   575741952  131072    2.665
00:18:31.490 VLLM::W        1046586 nvme1n1 RS   1565466368 131072    2.691
00:18:31.490 VLLM::W        1046586 nvme1n1 RS   1565483008 131072    2.708
00:18:31.490 VLLM::W        1046586 nvme1n1 RS   1565483264 131072    2.729
00:18:31.490 VLLM::W        1046588 nvme1n1 RS   1565327104 131072    2.749
00:18:31.490 VLLM::W        1046588 nvme1n1 RS   1565458432 131072    2.765
00:18:31.490 VLLM::W        1046588 nvme1n1 RS   1565458688 131072    2.775
00:18:31.490 VLLM::W        1046587 nvme1n1 RS   1565499392 131072    0.235
00:18:31.490 VLLM::W        1046587 nvme1n1 RS   1565499648 131072    0.239
00:18:31.490 VLLM::W        1046587 nvme1n1 RS   1565499904 131072    0.279
00:18:31.490 VLLM::W        1046587 nvme1n1 RS   1565500160 131072    0.299
00:18:31.490 VLLM::W        1046587 nvme1n1 RS   1565500672 131072    0.353
00:18:31.490 VLLM::W        1046587 nvme1n1 RS   1565500416 131072    0.366
00:18:31.491 VLLM::W        1046589 nvme1n1 RS   1565520128 131072    0.429
00:18:31.491 VLLM::W        1046587 nvme1n1 RS   1565500928 131072    0.492
00:18:31.491 VLLM::W        1046589 nvme1n1 RS   1565520384 131072    0.465
00:18:31.491 VLLM::W        1046589 nvme1n1 RS   1565519872 131072    0.485
00:18:31.491 VLLM::W        1046589 nvme1n1 RS   1565521152 131072    0.557
00:18:31.491 VLLM::W        1046589 nvme1n1 RS   1565520640 131072    0.605
00:18:31.491 VLLM::W        1046589 nvme1n1 RS   1565520896 131072    0.627
00:18:31.491 VLLM::W        1046589 nvme1n1 RS   1565521408 131072    0.628
00:18:31.491 VLLM::W        1046587 nvme1n1 RS   1565501184 131072    0.666
00:18:31.491 VLLM::W        1046587 nvme1n1 RS   1565501952 131072    0.760
00:18:31.491 VLLM::W        1046587 nvme1n1 RS   1565501696 131072    0.784
00:18:31.491 VLLM::W        1046587 nvme1n1 RS   1565501440 131072    0.801
00:18:31.491 VLLM::W        1046587 nvme1n1 RS   1565502464 131072    0.828
00:18:31.491 VLLM::W        1046587 nvme1n1 RS   1565502208 131072    0.845
00:18:31.491 VLLM::W        1046587 nvme1n1 RS   1565503232 131072    0.919
00:18:31.491 VLLM::W        1046587 nvme1n1 RS   1565502976 131072    0.961
00:18:31.491 VLLM::W        1046587 nvme1n1 RS   1565502720 131072    0.973
00:18:31.491 VLLM::W        1046587 nvme1n1 RS   1565511680 131072    1.059
00:18:31.491 VLLM::W        1046587 nvme1n1 RS   1565511936 131072    1.080
00:18:31.491 VLLM::W        1046589 nvme1n1 RS   1565522176 131072    1.113
00:18:31.491 VLLM::W        1046589 nvme1n1 RS   1565521920 131072    1.118
00:18:31.491 VLLM::W        1046589 nvme1n1 RS   1565521664 131072    1.135
00:18:31.491 VLLM::W        1046589 nvme1n1 RS   1565522432 131072    1.190
00:18:31.491 VLLM::W        1046586 nvme1n1 RS   844927488  131072    1.240
00:18:31.491 VLLM::W        1046586 nvme1n1 RS   844926976  131072    1.298
00:18:31.491 VLLM::W        1046586 nvme1n1 RS   844927232  131072    1.299
00:18:31.492 VLLM::W        1046589 nvme1n1 RS   1565522944 131072    1.329
00:18:31.492 VLLM::W        1046589 nvme1n1 RS   1565522688 131072    1.378
00:18:31.492 VLLM::W        1046589 nvme1n1 RS   1565523456 131072    1.450
00:18:31.492 VLLM::W        1046589 nvme1n1 RS   1565523200 131072    1.473
00:18:31.492 VLLM::W        1046586 nvme1n1 RS   844927744  131072    1.491
00:18:31.492 VLLM::W        1046586 nvme1n1 RS   844928000  131072    1.560
00:18:31.492 VLLM::W        1046586 nvme1n1 RS   844928256  131072    1.577
00:18:31.492 VLLM::W        1046586 nvme1n1 RS   844928512  131072    1.582
00:18:31.492 VLLM::W        1046589 nvme1n1 RS   1565523712 131072    1.624
00:18:31.492 VLLM::W        1046589 nvme1n1 RS   1565536256 131072    1.642
00:18:31.492 VLLM::W        1046589 nvme1n1 RS   1565536512 131072    1.652
00:18:31.492 VLLM::W        1046588 nvme1n1 RS   731176960  131072    1.724
00:18:31.492 VLLM::W        1046588 nvme1n1 RS   731177216  131072    1.729
00:18:31.492 VLLM::W        1046588 nvme1n1 RS   731177984  131072    1.775
00:18:31.492 VLLM::W        1046588 nvme1n1 RS   731177472  131072    1.836
00:18:31.492 VLLM::W        1046588 nvme1n1 RS   731177728  131072    1.848
00:18:31.492 VLLM::W        1046588 nvme1n1 RS   731178240  131072    1.850
00:18:31.492 VLLM::W        1046588 nvme1n1 RS   731178496  131072    1.924
00:18:31.492 VLLM::W        1046586 nvme1n1 RS   844929024  131072    1.944
00:18:31.492 VLLM::W        1046586 nvme1n1 RS   844929280  131072    1.961
00:18:31.492 VLLM::W        1046586 nvme1n1 RS   844928768  131072    1.977
00:18:31.492 VLLM::W        1046586 nvme1n1 RS   844930048  131072    2.037
00:18:31.492 VLLM::W        1046586 nvme1n1 RS   844929536  131072    2.081
00:18:31.492 VLLM::W        1046586 nvme1n1 RS   844929792  131072    2.098
00:18:31.492 VLLM::W        1046586 nvme1n1 RS   844930304  131072    2.107
00:18:31.492 VLLM::W        1046586 nvme1n1 RS   844930816  131072    2.119
00:18:31.492 VLLM::W        1046586 nvme1n1 RS   844930560  131072    2.175
00:18:31.492 VLLM::W        1046586 nvme1n1 RS   844931072  131072    2.170
00:18:31.493 VLLM::W        1046586 nvme1n1 RS   844931328  131072    2.234
00:18:31.493 VLLM::W        1046588 nvme1n1 RS   731178752  131072    2.246
00:18:31.493 VLLM::W        1046588 nvme1n1 RS   731179008  131072    2.257
00:18:31.493 VLLM::W        1046588 nvme1n1 RS   731179264  131072    2.313
00:18:31.493 VLLM::W        1046588 nvme1n1 RS   731179520  131072    2.323
00:18:31.493 VLLM::W        1046588 nvme1n1 RS   731179776  131072    2.364
00:18:31.493 VLLM::W        1046588 nvme1n1 RS   731180288  131072    2.421
00:18:31.493 VLLM::W        1046588 nvme1n1 RS   731180032  131072    2.454
00:18:31.493 VLLM::W        1046588 nvme1n1 RS   731180544  131072    2.474
00:18:31.493 VLLM::W        1046588 nvme1n1 RS   731180800  131072    2.503
00:18:31.493 VLLM::W        1046588 nvme1n1 RS   731250688  131072    2.525
00:18:31.493 VLLM::W        1046588 nvme1n1 RS   731250944  131072    2.531
00:18:31.493 VLLM::W        1046587 nvme1n1 RS   844935168  131072    1.567
00:18:31.493 VLLM::W        1046587 nvme1n1 RS   844935424  131072    1.568
00:18:31.493 VLLM::W        1046587 nvme1n1 RS   844935680  131072    1.584
00:18:31.493 VLLM::W        1046587 nvme1n1 RS   844935936  131072    1.603
00:18:31.493 VLLM::W        1046587 nvme1n1 RS   844936192  131072    1.662
00:18:31.493 VLLM::W        1046587 nvme1n1 RS   844936448  131072    1.678
00:18:31.493 VLLM::W        1046587 nvme1n1 RS   844936704  131072    1.716
00:18:31.493 VLLM::W        1046587 nvme1n1 RS   844936960  131072    1.685
00:18:31.493 VLLM::W        1046587 nvme1n1 RS   844937216  131072    1.717
00:18:31.493 VLLM::W        1046587 nvme1n1 RS   844937728  131072    1.780
00:18:31.493 VLLM::W        1046587 nvme1n1 RS   844937472  131072    1.798
00:18:31.493 VLLM::W        1046587 nvme1n1 RS   844937984  131072    1.818
00:18:31.493 VLLM::W        1046587 nvme1n1 RS   844938240  131072    1.847
00:18:31.493 VLLM::W        1046587 nvme1n1 RS   844938496  131072    1.878
00:18:31.493 VLLM::W        1046587 nvme1n1 RS   844938752  131072    1.913
00:18:31.493 VLLM::W        1046587 nvme1n1 RS   844939008  131072    1.930
00:18:31.494 VLLM::W        1046587 nvme1n1 RS   844939264  131072    1.961
00:18:31.494 VLLM::W        1046587 nvme1n1 RS   844939520  131072    2.003
00:18:31.494 VLLM::W        1046589 nvme1n1 RS   1581850624 131072    1.565
00:18:31.494 VLLM::W        1046589 nvme1n1 RS   1581851392 131072    1.658
00:18:31.494 VLLM::W        1046589 nvme1n1 RS   1581851136 131072    1.676
00:18:31.494 VLLM::W        1046589 nvme1n1 RS   1581850880 131072    1.694
00:18:31.494 VLLM::W        1046589 nvme1n1 RS   1581852160 131072    1.771
00:18:31.494 VLLM::W        1046589 nvme1n1 RS   1581851648 131072    1.803
00:18:31.494 VLLM::W        1046589 nvme1n1 RS   1581851904 131072    1.810
00:18:31.494 VLLM::W        1046589 nvme1n1 RS   1581852416 131072    1.783
00:18:31.494 VLLM::W        1046589 nvme1n1 RS   1581852672 131072    1.794
00:18:31.494 VLLM::W        1046589 nvme1n1 RS   1581852928 131072    1.819
00:18:31.494 VLLM::W        1046589 nvme1n1 RS   1581853184 131072    1.847
00:18:31.494 VLLM::W        1046589 nvme1n1 RS   1581853440 131072    1.875
00:18:31.494 VLLM::W        1046589 nvme1n1 RS   1581853696 131072    1.907
00:18:31.494 VLLM::W        1046589 nvme1n1 RS   1581853952 131072    1.935
00:18:31.494 VLLM::W        1046589 nvme1n1 RS   1581854208 131072    1.968
00:18:31.494 VLLM::W        1046589 nvme1n1 RS   1581854464 131072    1.982
00:18:31.494 VLLM::W        1046589 nvme1n1 RS   1581854720 131072    2.022
00:18:31.494 VLLM::W        1046589 nvme1n1 RS   1581854976 131072    2.049
00:18:31.494 VLLM::W        1046586 nvme1n1 RS   1565466624 131072    1.644
00:18:31.494 VLLM::W        1046586 nvme1n1 RS   1565466880 131072    1.658
00:18:31.494 VLLM::W        1046586 nvme1n1 RS   1565467136 131072    1.681
00:18:31.494 VLLM::W        1046586 nvme1n1 RS   1565467392 131072    1.699
00:18:31.494 VLLM::W        1046586 nvme1n1 RS   1565467648 131072    1.711
00:18:31.494 VLLM::W        1046586 nvme1n1 RS   1565467904 131072    1.759
00:18:31.494 VLLM::W        1046586 nvme1n1 RS   1565468160 131072    1.773
00:18:31.495 VLLM::W        1046586 nvme1n1 RS   1565468416 131072    1.775
00:18:31.495 VLLM::W        1046586 nvme1n1 RS   1565468672 131072    1.804
00:18:31.495 VLLM::W        1046586 nvme1n1 RS   1565468928 131072    1.845
00:18:31.495 VLLM::W        1046586 nvme1n1 RS   1565469184 131072    1.857
00:18:31.495 VLLM::W        1046586 nvme1n1 RS   1565469440 131072    1.890
00:18:31.495 VLLM::W        1046586 nvme1n1 RS   1565469696 131072    1.931
00:18:31.495 VLLM::W        1046586 nvme1n1 RS   1565469952 131072    1.964
00:18:31.495 VLLM::W        1046586 nvme1n1 RS   1565470208 131072    1.992
00:18:31.495 VLLM::W        1046586 nvme1n1 RS   1565470464 131072    2.041
00:18:31.495 VLLM::W        1046586 nvme1n1 RS   1565487104 131072    2.051
00:18:31.495 VLLM::W        1046586 nvme1n1 RS   1565487360 131072    2.083
00:18:31.495 VLLM::W        1046588 nvme1n1 RS   731181056  131072    1.933
00:18:31.495 VLLM::W        1046588 nvme1n1 RS   731181312  131072    1.945
00:18:31.495 VLLM::W        1046588 nvme1n1 RS   731181568  131072    1.961
00:18:31.495 VLLM::W        1046588 nvme1n1 RS   731181824  131072    1.965
00:18:31.495 VLLM::W        1046588 nvme1n1 RS   731182080  131072    2.047
00:18:31.495 VLLM::W        1046588 nvme1n1 RS   731182336  131072    2.074
00:18:31.495 VLLM::W        1046588 nvme1n1 RS   731182592  131072    2.087
00:18:31.495 VLLM::W        1046588 nvme1n1 RS   731182848  131072    2.084
00:18:31.495 VLLM::W        1046588 nvme1n1 RS   731183104  131072    2.095
00:18:31.495 VLLM::W        1046588 nvme1n1 RS   731183360  131072    2.193
00:18:31.495 VLLM::W        1046588 nvme1n1 RS   731183616  131072    2.212
00:18:31.495 VLLM::W        1046588 nvme1n1 RS   731183872  131072    2.222
00:18:31.495 VLLM::W        1046588 nvme1n1 RS   731184128  131072    2.247
00:18:31.495 VLLM::W        1046588 nvme1n1 RS   731184384  131072    2.278
00:18:31.495 VLLM::W        1046588 nvme1n1 RS   731184640  131072    2.304
00:18:31.495 VLLM::W        1046588 nvme1n1 RS   731184896  131072    2.318
00:18:31.496 VLLM::W        1046588 nvme1n1 RS   1565470720 131072    2.359
00:18:31.496 VLLM::W        1046587 nvme1n1 RS   1565503488 131072    1.899
00:18:31.496 VLLM::W        1046587 nvme1n1 RS   1565503744 131072    1.916
00:18:31.496 VLLM::W        1046588 nvme1n1 RS   1565470976 131072    2.494
00:18:31.496 VLLM::W        1046587 nvme1n1 RS   1565504256 131072    1.976
00:18:31.496 VLLM::W        1046587 nvme1n1 RS   1565504000 131072    2.005
00:18:31.496 VLLM::W        1046587 nvme1n1 RS   1565504512 131072    2.006
00:18:31.496 VLLM::W        1046587 nvme1n1 RS   1565504768 131072    2.036
00:18:31.496 VLLM::W        1046587 nvme1n1 RS   1565505024 131072    2.069
00:18:31.496 VLLM::W        1046587 nvme1n1 RS   1565505280 131072    2.103
00:18:31.496 VLLM::W        1046587 nvme1n1 RS   1565505536 131072    2.115
00:18:31.496 VLLM::W        1046587 nvme1n1 RS   1565505792 131072    2.201
00:18:31.496 VLLM::W        1046587 nvme1n1 RS   1565506048 131072    2.208
00:18:31.496 VLLM::W        1046587 nvme1n1 RS   1565506304 131072    2.221
00:18:31.496 VLLM::W        1046587 nvme1n1 RS   1565506560 131072    2.238
00:18:31.496 VLLM::W        1046587 nvme1n1 RS   1565506816 131072    2.248
00:18:31.496 VLLM::W        1046587 nvme1n1 RS   1565507072 131072    2.276
00:18:31.496 VLLM::W        1046587 nvme1n1 RS   1565507328 131072    2.340
00:18:31.496 VLLM::W        1046587 nvme1n1 RS   1565507584 131072    2.351
00:18:31.496 VLLM::W        1046587 nvme1n1 RS   1565507840 131072    2.409
00:18:31.496 VLLM::W        1046589 nvme1n1 RS   1685999616 131072    1.944
00:18:31.496 VLLM::W        1046589 nvme1n1 RS   1685999872 131072    1.973
00:18:31.496 VLLM::W        1046589 nvme1n1 RS   1686000128 131072    2.013
00:18:31.496 VLLM::W        1046589 nvme1n1 RS   1686000384 131072    2.073
00:18:31.496 VLLM::W        1046589 nvme1n1 RS   1686000640 131072    2.090
00:18:31.496 VLLM::W        1046589 nvme1n1 RS   1686000896 131072    2.095
00:18:31.497 VLLM::W        1046589 nvme1n1 RS   1686001152 131072    2.143
00:18:31.497 VLLM::W        1046589 nvme1n1 RS   1686001408 131072    2.133
00:18:31.497 VLLM::W        1046589 nvme1n1 RS   1686001664 131072    2.196
00:18:31.497 VLLM::W        1046589 nvme1n1 RS   1686001920 131072    2.202
00:18:31.497 VLLM::W        1046589 nvme1n1 RS   1686002176 131072    2.228
00:18:31.497 VLLM::W        1046589 nvme1n1 RS   1686002688 131072    2.298
00:18:31.497 VLLM::W        1046589 nvme1n1 RS   1686002432 131072    2.316
00:18:31.497 VLLM::W        1046589 nvme1n1 RS   1686002944 131072    2.323
00:18:31.497 VLLM::W        1046589 nvme1n1 RS   1686003200 131072    2.384
00:18:31.497 VLLM::W        1046589 nvme1n1 RS   1686003712 131072    2.415
00:18:31.497 VLLM::W        1046589 nvme1n1 RS   1686003968 131072    2.434
00:18:31.497 VLLM::W        1046589 nvme1n1 RS   1686003456 131072    2.454
00:18:31.497 VLLM::W        1046586 nvme1n1 RS   1565478912 131072    1.928
00:18:31.497 VLLM::W        1046586 nvme1n1 RS   1565479168 131072    1.936
00:18:31.497 VLLM::W        1046586 nvme1n1 RS   1565479424 131072    2.011
00:18:31.497 VLLM::W        1046586 nvme1n1 RS   1565479680 131072    2.028
00:18:31.497 VLLM::W        1046586 nvme1n1 RS   1565479936 131072    2.038
00:18:31.497 VLLM::W        1046586 nvme1n1 RS   1565480192 131072    2.079
00:18:31.497 VLLM::W        1046586 nvme1n1 RS   1565480448 131072    2.162
00:18:31.497 VLLM::W        1046586 nvme1n1 RS   1565480704 131072    2.125
00:18:31.497 VLLM::W        1046586 nvme1n1 RS   1565480960 131072    2.153
00:18:31.497 VLLM::W        1046586 nvme1n1 RS   1565481216 131072    2.178
00:18:31.497 VLLM::W        1046586 nvme1n1 RS   1565481472 131072    2.206
00:18:31.497 VLLM::W        1046586 nvme1n1 RS   1565481728 131072    2.233
00:18:31.497 VLLM::W        1046586 nvme1n1 RS   1565481984 131072    2.260
00:18:31.497 VLLM::W        1046586 nvme1n1 RS   1565482240 131072    2.290
00:18:31.497 VLLM::W        1046586 nvme1n1 RS   1565482496 131072    2.319
00:18:31.497 VLLM::W        1046586 nvme1n1 RS   1565482752 131072    2.350
00:18:31.498 VLLM::W        1046586 nvme1n1 RS   1565491200 131072    2.382
00:18:31.498 VLLM::W        1046586 nvme1n1 RS   1565491456 131072    2.456
00:18:31.498 VLLM::W        1046588 nvme1n1 RS   1565515776 131072    1.834
00:18:31.498 VLLM::W        1046588 nvme1n1 RS   1565516032 131072    1.834
00:18:31.498 VLLM::W        1046588 nvme1n1 RS   1565516288 131072    1.831
00:18:31.498 VLLM::W        1046588 nvme1n1 RS   1565516544 131072    1.856
00:18:31.498 VLLM::W        1046588 nvme1n1 RS   1565516800 131072    1.880
00:18:31.498 VLLM::W        1046588 nvme1n1 RS   1565517056 131072    1.919
00:18:31.498 VLLM::W        1046588 nvme1n1 RS   1565517312 131072    1.950
00:18:31.498 VLLM::W        1046588 nvme1n1 RS   1565517568 131072    1.953
00:18:31.498 VLLM::W        1046588 nvme1n1 RS   1565517824 131072    1.967
00:18:31.498 VLLM::W        1046588 nvme1n1 RS   1565518080 131072    1.995
00:18:31.498 VLLM::W        1046588 nvme1n1 RS   1565518336 131072    2.027
00:18:31.498 VLLM::W        1046588 nvme1n1 RS   1565518592 131072    2.068
00:18:31.498 VLLM::W        1046588 nvme1n1 RS   1565518848 131072    2.100
00:18:31.498 VLLM::W        1046588 nvme1n1 RS   1565519104 131072    2.153
00:18:31.498 VLLM::W        1046588 nvme1n1 RS   1565519360 131072    2.158
00:18:31.498 VLLM::W        1046588 nvme1n1 RS   1565519616 131072    2.202
00:18:31.498 VLLM::W        1046588 nvme1n1 RS   1565523968 131072    2.222
00:18:31.498 VLLM::W        1046588 nvme1n1 RS   1565524224 131072    2.232
00:18:31.498 VLLM::W        1046587 nvme1n1 RS   1589625088 131072    1.901
00:18:31.498 VLLM::W        1046587 nvme1n1 RS   1589624832 131072    1.913
00:18:31.498 VLLM::W        1046587 nvme1n1 RS   1589625344 131072    1.906
00:18:31.498 VLLM::W        1046587 nvme1n1 RS   1589625600 131072    1.919
00:18:31.498 VLLM::W        1046587 nvme1n1 RS   1589626112 131072    1.965
00:18:31.498 VLLM::W        1046587 nvme1n1 RS   1589625856 131072    2.027
00:18:31.499 VLLM::W        1046587 nvme1n1 RS   1589626368 131072    2.037
00:18:31.499 VLLM::W        1046587 nvme1n1 RS   1589626624 131072    1.998
00:18:31.499 VLLM::W        1046587 nvme1n1 RS   1589626880 131072    2.047
00:18:31.499 VLLM::W        1046587 nvme1n1 RS   1589627136 131072    2.056
00:18:31.499 VLLM::W        1046587 nvme1n1 RS   1589627392 131072    2.088
00:18:31.499 VLLM::W        1046587 nvme1n1 RS   1589627648 131072    2.115
00:18:31.499 VLLM::W        1046587 nvme1n1 RS   1589627904 131072    2.152
00:18:31.499 VLLM::W        1046587 nvme1n1 RS   1589628160 131072    2.176
00:18:31.499 VLLM::W        1046587 nvme1n1 RS   1589628416 131072    2.210
00:18:31.499 VLLM::W        1046587 nvme1n1 RS   1589628672 131072    2.256
00:18:31.499 VLLM::W        1046587 nvme1n1 RS   1589628928 131072    2.273
00:18:31.499 VLLM::W        1046587 nvme1n1 RS   1589629184 131072    2.297
00:18:31.499 VLLM::W        1046589 nvme1n1 RS   1589608448 131072    1.881
00:18:31.499 VLLM::W        1046589 nvme1n1 RS   1589608704 131072    1.901
00:18:31.499 VLLM::W        1046589 nvme1n1 RS   1589608960 131072    1.906
00:18:31.499 VLLM::W        1046589 nvme1n1 RS   1589609216 131072    1.940
00:18:31.499 VLLM::W        1046589 nvme1n1 RS   1589609472 131072    1.980
00:18:31.499 VLLM::W        1046589 nvme1n1 RS   1589609728 131072    2.031
00:18:31.499 VLLM::W        1046589 nvme1n1 RS   1589609984 131072    2.045
00:18:31.499 VLLM::W        1046589 nvme1n1 RS   1589610240 131072    2.043
00:18:31.499 VLLM::W        1046589 nvme1n1 RS   1589610496 131072    2.075
00:18:31.499 VLLM::W        1046589 nvme1n1 RS   1589610752 131072    2.106
00:18:31.499 VLLM::W        1046589 nvme1n1 RS   1589611008 131072    2.156
00:18:31.499 VLLM::W        1046589 nvme1n1 RS   1589611264 131072    2.166
00:18:31.499 VLLM::W        1046589 nvme1n1 RS   1589611520 131072    2.193
00:18:31.499 VLLM::W        1046589 nvme1n1 RS   1589611776 131072    2.227
00:18:31.499 VLLM::W        1046589 nvme1n1 RS   1589612032 131072    2.266
00:18:31.499 VLLM::W        1046589 nvme1n1 RS   1589612288 131072    2.283
00:18:31.500 VLLM::W        1046589 nvme1n1 RS   1589612544 131072    2.328
00:18:31.500 VLLM::W        1046589 nvme1n1 RS   1589612800 131072    2.359
00:18:31.500 VLLM::W        1046586 nvme1n1 RS   1589600256 131072    1.871
00:18:31.500 VLLM::W        1046586 nvme1n1 RS   1589600768 131072    1.903
00:18:31.500 VLLM::W        1046586 nvme1n1 RS   1589600512 131072    1.920
00:18:31.500 VLLM::W        1046586 nvme1n1 RS   1589601024 131072    1.969
00:18:31.500 VLLM::W        1046586 nvme1n1 RS   1589601280 131072    1.981
00:18:31.500 VLLM::W        1046586 nvme1n1 RS   1589602304 131072    2.056
00:18:31.500 VLLM::W        1046586 nvme1n1 RS   1589602048 131072    2.085
00:18:31.500 VLLM::W        1046586 nvme1n1 RS   1589601536 131072    2.152
00:18:31.500 VLLM::W        1046586 nvme1n1 RS   1589601792 131072    2.162
00:18:31.500 VLLM::W        1046586 nvme1n1 RS   1589603072 131072    2.159
00:18:31.500 VLLM::W        1046586 nvme1n1 RS   1589603328 131072    2.184
00:18:31.500 VLLM::W        1046586 nvme1n1 RS   1589602560 131072    2.236
00:18:31.500 VLLM::W        1046586 nvme1n1 RS   1589602816 131072    2.242
00:18:31.500 VLLM::W        1046586 nvme1n1 RS   1589603584 131072    2.291
00:18:31.500 VLLM::W        1046586 nvme1n1 RS   1589603840 131072    2.314
00:18:31.500 VLLM::W        1046586 nvme1n1 RS   1589604096 131072    2.318
00:18:31.500 VLLM::W        1046586 nvme1n1 RS   1589604352 131072    2.329
00:18:31.500 VLLM::W        1046586 nvme1n1 RS   1589604608 131072    2.419
00:18:31.500 VLLM::W        1046588 nvme1n1 RS   1589616896 131072    1.891
00:18:31.500 VLLM::W        1046588 nvme1n1 RS   1589617152 131072    1.928
00:18:31.500 VLLM::W        1046588 nvme1n1 RS   1589616640 131072    1.944
00:18:31.500 VLLM::W        1046588 nvme1n1 RS   1589617920 131072    2.007
00:18:31.500 VLLM::W        1046588 nvme1n1 RS   1589618176 131072    2.064
00:18:31.500 VLLM::W        1046588 nvme1n1 RS   1589617408 131072    2.093
00:18:31.501 VLLM::W        1046588 nvme1n1 RS   1589617664 131072    2.097
00:18:31.501 VLLM::W        1046588 nvme1n1 RS   1589618432 131072    2.099
00:18:31.501 VLLM::W        1046588 nvme1n1 RS   1589618688 131072    2.121
00:18:31.501 VLLM::W        1046588 nvme1n1 RS   1589618944 131072    2.132
00:18:31.501 VLLM::W        1046588 nvme1n1 RS   1589619200 131072    2.138
00:18:31.501 VLLM::W        1046588 nvme1n1 RS   1589619456 131072    2.178
00:18:31.501 VLLM::W        1046588 nvme1n1 RS   1589619712 131072    2.205
00:18:31.501 VLLM::W        1046588 nvme1n1 RS   1589619968 131072    2.234
00:18:31.501 VLLM::W        1046588 nvme1n1 RS   1589620224 131072    2.265
00:18:31.501 VLLM::W        1046588 nvme1n1 RS   1589620480 131072    2.303
00:18:31.501 VLLM::W        1046588 nvme1n1 RS   1589620736 131072    2.346
00:18:31.501 VLLM::W        1046588 nvme1n1 RS   1589620992 131072    2.352
00:18:31.501 VLLM::W        1046587 nvme1n1 RS   59183104   131072    1.835
00:18:31.501 VLLM::W        1046587 nvme1n1 RS   59183360   131072    1.866
00:18:31.501 VLLM::W        1046587 nvme1n1 RS   59183616   131072    1.888
00:18:31.501 VLLM::W        1046587 nvme1n1 RS   59183872   131072    1.919
00:18:31.501 VLLM::W        1046587 nvme1n1 RS   59184128   131072    1.958
00:18:31.501 VLLM::W        1046587 nvme1n1 RS   59184384   131072    1.994
00:18:31.501 VLLM::W        1046587 nvme1n1 RS   59184640   131072    2.042
00:18:31.501 VLLM::W        1046587 nvme1n1 RS   59184896   131072    2.002
00:18:31.501 VLLM::W        1046587 nvme1n1 RS   59185152   131072    2.045
00:18:31.501 VLLM::W        1046587 nvme1n1 RS   59185408   131072    2.069
00:18:31.501 VLLM::W        1046587 nvme1n1 RS   59185664   131072    2.097
00:18:31.501 VLLM::W        1046587 nvme1n1 RS   59185920   131072    2.150
00:18:31.501 VLLM::W        1046587 nvme1n1 RS   59186176   131072    2.190
00:18:31.501 VLLM::W        1046587 nvme1n1 RS   59186432   131072    2.200
00:18:31.501 VLLM::W        1046587 nvme1n1 RS   59186688   131072    2.232
00:18:31.501 VLLM::W        1046587 nvme1n1 RS   59186944   131072    2.256
00:18:31.501 VLLM::W        1046587 nvme1n1 RS   59187200   131072    2.287
00:18:31.502 VLLM::W        1046587 nvme1n1 RS   59187456   131072    2.344
00:18:31.502 VLLM::W        1046589 nvme1n1 RS   1589915648 131072    1.890
00:18:31.502 VLLM::W        1046589 nvme1n1 RS   1589915904 131072    1.915
00:18:31.502 VLLM::W        1046589 nvme1n1 RS   1589916160 131072    1.945
00:18:31.502 VLLM::W        1046589 nvme1n1 RS   1589916416 131072    1.980
00:18:31.502 VLLM::W        1046589 nvme1n1 RS   1589916672 131072    2.019
00:18:31.502 VLLM::W        1046589 nvme1n1 RS   1589916928 131072    2.060
00:18:31.502 VLLM::W        1046589 nvme1n1 RS   1589917184 131072    2.120
00:18:31.502 VLLM::W        1046589 nvme1n1 RS   1589917440 131072    2.089
00:18:31.502 VLLM::W        1046589 nvme1n1 RS   1589917696 131072    2.136
00:18:31.502 VLLM::W        1046589 nvme1n1 RS   1589917952 131072    2.146
00:18:31.502 VLLM::W        1046589 nvme1n1 RS   1589918208 131072    2.183
00:18:31.502 VLLM::W        1046589 nvme1n1 RS   1589918464 131072    2.218
00:18:31.502 VLLM::W        1046589 nvme1n1 RS   1589918720 131072    2.246
00:18:31.502 VLLM::W        1046589 nvme1n1 RS   1589918976 131072    2.273
00:18:31.502 VLLM::W        1046589 nvme1n1 RS   1589919232 131072    2.313
00:18:31.502 VLLM::W        1046589 nvme1n1 RS   1589919488 131072    2.334
00:18:31.502 VLLM::W        1046589 nvme1n1 RS   1589919744 131072    2.367
00:18:31.502 VLLM::W        1046589 nvme1n1 RS   1589920000 131072    2.397
00:18:31.502 VLLM::W        1046586 nvme1n1 RS   1589633024 131072    1.855
00:18:31.502 VLLM::W        1046586 nvme1n1 RS   1589633280 131072    1.864
00:18:31.502 VLLM::W        1046586 nvme1n1 RS   1589633536 131072    1.899
00:18:31.502 VLLM::W        1046586 nvme1n1 RS   1589633792 131072    1.929
00:18:31.502 VLLM::W        1046586 nvme1n1 RS   1589634048 131072    1.964
00:18:31.502 VLLM::W        1046586 nvme1n1 RS   1589634304 131072    1.997
00:18:31.502 VLLM::W        1046586 nvme1n1 RS   1589634560 131072    2.046
00:18:31.503 VLLM::W        1046586 nvme1n1 RS   1589634816 131072    1.998
00:18:31.503 VLLM::W        1046586 nvme1n1 RS   1589635072 131072    2.058
00:18:31.503 VLLM::W        1046586 nvme1n1 RS   1589635328 131072    2.068
00:18:31.503 VLLM::W        1046586 nvme1n1 RS   1589635584 131072    2.099
00:18:31.503 VLLM::W        1046586 nvme1n1 RS   1589635840 131072    2.131
00:18:31.503 VLLM::W        1046586 nvme1n1 RS   1589636096 131072    2.174
00:18:31.503 VLLM::W        1046586 nvme1n1 RS   1589636352 131072    2.203
00:18:31.503 VLLM::W        1046586 nvme1n1 RS   1589636608 131072    2.230
00:18:31.503 VLLM::W        1046586 nvme1n1 RS   1589636864 131072    2.260
00:18:31.503 VLLM::W        1046586 nvme1n1 RS   1589637120 131072    2.286
00:18:31.503 VLLM::W        1046586 nvme1n1 RS   1589637376 131072    2.317
00:18:31.503 VLLM::W        1046588 nvme1n1 RS   1589923840 131072    1.927
00:18:31.503 VLLM::W        1046588 nvme1n1 RS   1589924096 131072    1.927
00:18:31.503 VLLM::W        1046588 nvme1n1 RS   1589924352 131072    1.944
00:18:31.503 VLLM::W        1046588 nvme1n1 RS   1589924608 131072    1.972
00:18:31.503 VLLM::W        1046588 nvme1n1 RS   1589924864 131072    2.037
00:18:31.503 VLLM::W        1046588 nvme1n1 RS   1589925120 131072    2.046
00:18:31.503 VLLM::W        1046588 nvme1n1 RS   1589925376 131072    2.143
00:18:31.503 VLLM::W        1046588 nvme1n1 RS   1589925888 131072    2.098
00:18:31.503 VLLM::W        1046588 nvme1n1 RS   1589926144 131072    2.122
00:18:31.503 VLLM::W        1046588 nvme1n1 RS   1589925632 131072    2.172
00:18:31.503 VLLM::W        1046588 nvme1n1 RS   1589926400 131072    2.194
00:18:31.503 VLLM::W        1046588 nvme1n1 RS   1589926656 131072    2.198
00:18:31.503 VLLM::W        1046588 nvme1n1 RS   1589926912 131072    2.246
00:18:31.503 VLLM::W        1046588 nvme1n1 RS   1589927168 131072    2.288
00:18:31.503 VLLM::W        1046588 nvme1n1 RS   1589927424 131072    2.299
00:18:31.504 VLLM::W        1046588 nvme1n1 RS   1589932032 131072    2.362
00:18:31.504 VLLM::W        1046588 nvme1n1 RS   1589927680 131072    2.390
00:18:31.504 VLLM::W        1046588 nvme1n1 RS   1589932288 131072    2.399
00:18:31.504 VLLM::W        1046587 nvme1n1 RS   59195392   131072    1.849
00:18:31.504 VLLM::W        1046587 nvme1n1 RS   59195648   131072    1.862
00:18:31.504 VLLM::W        1046587 nvme1n1 RS   59195904   131072    1.871
00:18:31.504 VLLM::W        1046587 nvme1n1 RS   59196160   131072    1.902
00:18:31.504 VLLM::W        1046587 nvme1n1 RS   59196416   131072    1.930
00:18:31.504 VLLM::W        1046587 nvme1n1 RS   59196672   131072    1.967
00:18:31.504 VLLM::W        1046587 nvme1n1 RS   59196928   131072    2.022
00:18:31.504 VLLM::W        1046587 nvme1n1 RS   59197184   131072    2.023
00:18:31.504 VLLM::W        1046587 nvme1n1 RS   59197440   131072    2.032
00:18:31.504 VLLM::W        1046587 nvme1n1 RS   59197696   131072    2.064
00:18:31.504 VLLM::W        1046587 nvme1n1 RS   59197952   131072    2.096
00:18:31.504 VLLM::W        1046587 nvme1n1 RS   59198208   131072    2.145
00:18:31.504 VLLM::W        1046587 nvme1n1 RS   59198464   122880    2.154
00:18:31.504 VLLM::W        1046589 nvme1n1 RS   59191296   131072    1.698
00:18:31.504 VLLM::W        1046589 nvme1n1 RS   59191552   131072    1.720
00:18:31.504 VLLM::W        1046589 nvme1n1 RS   59191808   131072    1.753
00:18:31.504 VLLM::W        1046589 nvme1n1 RS   59192064   131072    1.780
00:18:31.504 VLLM::W        1046589 nvme1n1 RS   59192320   131072    1.810
00:18:31.504 VLLM::W        1046589 nvme1n1 RS   59192576   131072    1.847
00:18:31.504 VLLM::W        1046589 nvme1n1 RS   59192832   131072    1.875
00:18:31.504 VLLM::W        1046589 nvme1n1 RS   59193088   131072    1.877
00:18:31.504 VLLM::W        1046589 nvme1n1 RS   59193344   131072    1.917
00:18:31.504 VLLM::W        1046589 nvme1n1 RS   59193600   131072    1.950
00:18:31.504 VLLM::W        1046589 nvme1n1 RS   59193856   131072    1.981
00:18:31.504 VLLM::W        1046589 nvme1n1 RS   59194112   131072    2.014
00:18:31.504 VLLM::W        1046589 nvme1n1 RS   59194368   122880    2.043
00:18:31.505 VLLM::W        1046586 nvme1n1 RS   59179008   131072    1.516
00:18:31.505 VLLM::W        1046586 nvme1n1 RS   59179264   131072    1.520
00:18:31.505 VLLM::W        1046586 nvme1n1 RS   59179520   131072    1.555
00:18:31.505 VLLM::W        1046586 nvme1n1 RS   59179776   131072    1.586
00:18:31.505 VLLM::W        1046586 nvme1n1 RS   59180032   131072    1.622
00:18:31.505 VLLM::W        1046586 nvme1n1 RS   59180288   131072    1.650
00:18:31.505 VLLM::W        1046586 nvme1n1 RS   59180544   131072    1.681
00:18:31.505 VLLM::W        1046586 nvme1n1 RS   59180800   131072    1.691
00:18:31.505 VLLM::W        1046586 nvme1n1 RS   59181056   131072    1.721
00:18:31.505 VLLM::W        1046586 nvme1n1 RS   59181312   131072    1.758
00:18:31.505 VLLM::W        1046586 nvme1n1 RS   59181568   131072    1.788
00:18:31.505 VLLM::W        1046586 nvme1n1 RS   59181824   131072    1.839
00:18:31.505 VLLM::W        1046586 nvme1n1 RS   59182080   122880    1.849
00:18:31.505 VLLM::W        1046588 nvme1n1 RS   1589927936 131072    1.349
00:18:31.505 VLLM::W        1046588 nvme1n1 RS   1589928192 131072    1.350
00:18:31.505 VLLM::W        1046588 nvme1n1 RS   1589928448 131072    1.347
00:18:31.505 VLLM::W        1046588 nvme1n1 RS   1589928704 131072    1.362
00:18:31.505 VLLM::W        1046588 nvme1n1 RS   1589928960 131072    1.387
00:18:31.505 VLLM::W        1046588 nvme1n1 RS   1589929216 131072    1.426
00:18:31.505 VLLM::W        1046588 nvme1n1 RS   1589929472 131072    1.436
00:18:31.505 VLLM::W        1046588 nvme1n1 RS   1589929984 131072    1.509
00:18:31.505 VLLM::W        1046588 nvme1n1 RS   1589929728 131072    1.526
00:18:31.505 VLLM::W        1046588 nvme1n1 RS   1589930240 131072    1.551
00:18:31.505 VLLM::W        1046588 nvme1n1 RS   1589930752 131072    1.595
00:18:31.505 VLLM::W        1046588 nvme1n1 RS   1589930496 131072    1.618
00:18:31.505 VLLM::W        1046588 nvme1n1 RS   1589931008 122880    1.624
00:18:31.565 ib_log_        125941  nvme1n1 WS   1739629656 4096      0.054
00:18:32.072 nvme           1447558 Unknown N    -1         512       0.034
00:18:32.331 ib_pg_f        125941  nvme1n1 WS   1740107776 49152     0.093
00:18:32.331 ib_pg_f        125941  nvme1n1 WS   311472896  16384     0.043
00:18:32.331 ib_pg_f        125941  nvme1n1 WS   1740286496 16384     0.041
00:18:32.331 ib_pg_f        125941  nvme1n1 WS   1737035936 16384     0.056
00:18:33.074 nvme           1447562 Unknown N    -1         512       0.035
00:18:34.016 kworker        1259302 nvme1n1 WM   0          4096      0.109
00:18:34.016 kworker        1259302 nvme1n1 WM   152        4096      0.116
00:18:34.016 kworker        1259302 nvme1n1 WM   224        4096      0.117
00:18:34.016 kworker        1259302 nvme1n1 WM   280        4096      0.117
00:18:34.016 kworker        1259302 nvme1n1 WM   352        4096      0.118
00:18:34.016 kworker        1259302 nvme1n1 WM   440        4096      0.128
00:18:34.016 kworker        1259302 nvme1n1 WM   568        4096      0.129
00:18:34.016 kworker        1259302 nvme1n1 WM   776        8192      0.130
00:18:34.016 kworker        1259302 nvme1n1 WM   816        4096      0.130
00:18:34.016 kworker        1259302 nvme1n1 WM   832        8192      0.131
00:18:34.016 kworker        1259302 nvme1n1 WM   310378552  4096      0.134
00:18:34.016 kworker        1259302 nvme1n1 WM   461373448  4096      0.135
00:18:34.016 kworker        1259302 nvme1n1 WM   461373568  4096      0.138
00:18:34.016 kworker        1259302 nvme1n1 WM   461373728  8192      0.139
00:18:34.016 kworker        1259302 nvme1n1 W    587590128  90112     0.203
00:18:34.016 kworker        1259302 nvme1n1 WM   712        20480     0.207
00:18:34.016 kworker        1259302 nvme1n1 WM   461373760  4096      0.074
00:18:34.016 kworker        1259302 nvme1n1 WM   461373776  4096      0.080
00:18:34.016 kworker        1259302 nvme1n1 WM   461373816  4096      0.080
00:18:34.016 kworker        1259302 nvme1n1 WM   461373832  4096      0.098
00:18:34.016 kworker        1259302 nvme1n1 WM   461373848  4096      0.101
00:18:34.016 kworker        1259302 nvme1n1 WM   461373888  4096      0.101
00:18:34.016 kworker        1259302 nvme1n1 WM   461373904  4096      0.101
00:18:34.016 kworker        1259302 nvme1n1 WM   461374248  4096      0.102
00:18:34.016 kworker        1259302 nvme1n1 WM   570425376  4096      0.103
00:18:34.016 kworker        1259302 nvme1n1 WM   578813960  4096      0.105
00:18:34.016 kworker        1259302 nvme1n1 WM   579078664  4096      0.101
00:18:34.016 kworker        1259302 nvme1n1 WM   579089416  4096      0.102
00:18:34.016 kworker        1259302 nvme1n1 WM   583008272  4096      0.102
00:18:34.016 kworker        1259302 nvme1n1 WM   583015744  4096      0.103
00:18:34.017 kworker        1259302 nvme1n1 WM   583015816  4096      0.072
00:18:34.017 kworker        1259302 nvme1n1 WM   583015952  4096      0.077
00:18:34.017 kworker        1259302 nvme1n1 WM   587202704  4096      0.077
00:18:34.017 kworker        1259302 nvme1n1 WM   721420344  4096      0.081
00:18:34.017 kworker        1259302 nvme1n1 WM   905969816  4096      0.081
00:18:34.017 kworker        1259302 nvme1n1 WM   905969920  4096      0.082
00:18:34.017 kworker        1259302 nvme1n1 WM   905977168  8192      0.088
00:18:34.017 kworker        1259302 nvme1n1 WM   905983096  8192      0.092
00:18:34.017 kworker        1259302 nvme1n1 WM   1174405184 4096      0.096
00:18:34.017 kworker        1259302 nvme1n1 WM   1174405200 4096      0.100
00:18:34.017 kworker        1259302 nvme1n1 WM   1484783728 4096      0.103
00:18:34.017 kworker        1259302 nvme1n1 WM   1485058520 4096      0.107
00:18:34.017 kworker        1259302 nvme1n1 WM   1485160440 4096      0.108
00:18:34.017 kworker        1259302 nvme1n1 WM   587211616  65536     0.152
00:18:34.017 kworker        1259302 nvme1n1 WM   587211752  65536     0.196
00:18:34.017 kworker        1259302 nvme1n1 WM   587211888  12288     0.205
00:18:34.017 kworker        1259302 nvme1n1 WM   1493844928 4096      0.065
00:18:34.017 kworker        1259302 nvme1n1 WM   1497366536 4096      0.069
00:18:34.017 kworker        1259302 nvme1n1 WM   1497366576 4096      0.074
00:18:34.017 kworker        1259302 nvme1n1 WM   1497366632 4096      0.074
00:18:34.017 kworker        1259302 nvme1n1 WM   1497671192 8192      0.080
00:18:34.017 kworker        1259302 nvme1n1 WM   1510731488 4096      0.081
00:18:34.017 kworker        1259302 nvme1n1 WM   1518338088 4096      0.084
00:18:34.017 kworker        1259302 nvme1n1 WM   1519290024 4096      0.092
00:18:34.017 kworker        1259302 nvme1n1 WM   1522532448 8192      0.096
00:18:34.017 kworker        1259302 nvme1n1 WM   1530921000 4096      0.099
00:18:34.017 kworker        1259302 nvme1n1 WM   1530921080 4096      0.103
00:18:34.017 kworker        1259302 nvme1n1 WM   1551892488 4096      0.104
00:18:34.017 kworker        1259302 nvme1n1 WM   1497671248 36864     0.124
00:18:34.017 kworker        1259302 nvme1n1 WM   1551892536 4096      0.069
00:18:34.017 kworker        1259302 nvme1n1 WM   1556086888 8192      0.075
00:18:34.017 kworker        1259302 nvme1n1 WM   1623195704 4096      0.076
00:18:34.017 kworker        1259302 nvme1n1 WM   1635778568 4096      0.080
00:18:34.017 kworker        1259302 nvme1n1 WM   1707081736 4096      0.082
00:18:34.017 kworker        1259302 nvme1n1 WM   1732247640 4096      0.085
00:18:34.017 kworker        1259302 nvme1n1 WM   1736717296 8192      0.100
00:18:34.017 kworker        1259302 nvme1n1 WM   1753219128 4096      0.103
00:18:34.017 kworker        1259302 nvme1n1 WM   1753219192 4096      0.103
00:18:34.017 kworker        1259302 nvme1n1 WM   1756377616 4096      0.104
00:18:34.017 kworker        1259302 nvme1n1 WM   1756377840 4096      0.110
00:18:34.017 kworker        1259302 nvme1n1 WM   1756389896 4096      0.111
00:18:34.017 kworker        1259302 nvme1n1 WM   1756428304 4096      0.113
00:18:34.017 kworker        1259302 nvme1n1 WM   1756440560 4096      0.114
00:18:34.017 kworker        1259302 nvme1n1 WM   1756549568 4096      0.116
00:18:34.017 kworker        1259302 nvme1n1 WM   1756662312 4096      0.116
00:18:34.017 kworker        1259302 nvme1n1 WM   1756686288 4096      0.062
00:18:34.017 kworker        1259302 nvme1n1 WM   1756754912 4096      0.063
00:18:34.017 kworker        1259302 nvme1n1 WM   1756772320 4096      0.070
00:18:34.017 kworker        1259302 nvme1n1 WM   1756778120 4096      0.070
00:18:34.017 kworker        1259302 nvme1n1 WM   1756828064 4096      0.071
00:18:34.017 kworker        1259302 nvme1n1 WM   1756840376 4096      0.077
00:18:34.017 kworker        1259302 nvme1n1 WM   1756848392 4096      0.078
00:18:34.017 kworker        1259302 nvme1n1 WM   1756848496 4096      0.078
00:18:34.017 kworker        1259302 nvme1n1 WM   1756866952 8192      0.082
00:18:34.017 kworker        1259302 nvme1n1 WM   1756867032 4096      0.084
00:18:34.017 kworker        1259302 nvme1n1 WM   1756879584 4096      0.086
00:18:34.018 kworker        1259302 nvme1n1 W    587590304  110592    0.151
00:18:34.018 kworker        1259302 nvme1n1 W    587590520  106496    0.215
00:18:34.018 kworker        1259302 nvme1n1 W    587590728  86016     0.268
00:18:34.018 kworker        1259302 nvme1n1 W    1532320544 131072    0.351
00:18:34.018 kworker        1259302 nvme1n1 W    1532320800 61440     0.386
00:18:34.018 kworker        1259302 nvme1n1 W    587590896  32768     0.405
00:18:34.018 kworker        1259302 nvme1n1 W    1532322304 131072    0.486
00:18:34.018 kworker        1259302 nvme1n1 W    1532322560 90112     0.542
00:18:34.018 kworker        1259302 nvme1n1 W    723380376  77824     0.298
00:18:34.018 kworker        1259302 nvme1n1 W    587590960  45056     0.324
00:18:34.076 nvme           1447582 Unknown N    -1         512       0.033
00:18:34.332 ib_pg_f        125941  nvme1n1 WS   1740075008 131072    0.183
00:18:34.332 ib_pg_f        125941  nvme1n1 WS   1740075264 131072    0.248
00:18:34.332 ib_pg_f        125941  nvme1n1 WS   1740075520 131072    0.321
00:18:34.332 ib_pg_f        125941  nvme1n1 WS   1740075776 131072    0.400
00:18:34.332 ib_pg_f        125941  nvme1n1 WS   1740076032 131072    0.475
00:18:34.332 ib_pg_f        125941  nvme1n1 WS   1740076288 131072    0.553
00:18:34.332 ib_pg_f        125941  nvme1n1 WS   1740076544 131072    0.631
00:18:34.332 ib_pg_f        125941  nvme1n1 WS   1740076800 131072    0.702
00:18:34.333 ib_pg_f        125941  nvme1n1 WS   1740103680 98304     0.758
00:18:34.333 ib_pg_f        125941  nvme1n1 WS   1556374464 16384     0.053
00:18:34.333 ib_pg_f        125941  nvme1n1 WS   1556374432 16384     0.053
00:18:34.333 ib_pg_f        125941  nvme1n1 WS   1556374528 16384     0.057
00:18:34.333 ib_pg_f        125941  nvme1n1 WS   1757680992 16384     0.070
00:18:34.333 ib_pg_f        125941  nvme1n1 WS   1556374496 16384     0.074
00:18:34.333 ib_pg_f        125941  nvme1n1 WS   1757680832 16384     0.078
00:18:34.333 ib_pg_f        125941  nvme1n1 WS   1755751424 16384     0.075
00:18:34.333 ib_pg_f        125941  nvme1n1 WS   1757758624 16384     0.081
00:18:34.333 ib_pg_f        125941  nvme1n1 WS   1757758720 16384     0.077
00:18:34.333 ib_pg_f        125941  nvme1n1 WS   1560814688 16384     0.077
00:18:34.333 ib_pg_f        125941  nvme1n1 WS   1755707296 16384     0.077
00:18:34.333 ib_pg_f        125941  nvme1n1 WS   1757761312 16384     0.076
00:18:34.333 ib_pg_f        125941  nvme1n1 WS   1757714912 16384     0.085
00:18:34.333 ib_pg_f        125941  nvme1n1 WS   1755751456 16384     0.086
00:18:34.333 ib_pg_f        125941  nvme1n1 WS   1560814560 16384     0.088
00:18:34.333 ib_pg_f        125941  nvme1n1 WS   1755751392 16384     0.081
00:18:34.333 ib_pg_f        125941  nvme1n1 WS   1560815104 16384     0.079
00:18:34.333 ib_pg_f        125941  nvme1n1 WS   1757758208 16384     0.088
00:18:34.333 ib_pg_f        125941  nvme1n1 WS   1560813920 16384     0.093
00:18:34.333 ib_pg_f        125941  nvme1n1 WS   1556373632 16384     0.097
00:18:34.333 ib_pg_f        125941  nvme1n1 WS   1556374144 16384     0.096
00:18:34.333 ib_pg_f        125941  nvme1n1 WS   1556373664 16384     0.101
00:18:34.333 ib_pg_f        125941  nvme1n1 WS   1740286880 16384     0.089
00:18:34.333 ib_pg_f        125941  nvme1n1 WS   1757761408 16384     0.090
00:18:34.333 ib_pg_f        125941  nvme1n1 WS   1755751232 16384     0.095
00:18:34.333 ib_pg_f        125941  nvme1n1 WS   1556373600 16384     0.095
00:18:34.333 ib_pg_f        125941  nvme1n1 WS   1556374176 16384     0.098
00:18:34.333 ib_pg_f        125941  nvme1n1 WS   1560815424 16384     0.103
00:18:34.333 ib_pg_f        125941  nvme1n1 WS   1757758272 16384     0.098
00:18:34.333 ib_pg_f        125941  nvme1n1 WS   1560814080 16384     0.098
00:18:34.333 ib_pg_f        125941  nvme1n1 WS   1556374208 16384     0.099
00:18:34.333 ib_pg_f        125941  nvme1n1 WS   1560814944 16384     0.099
00:18:34.333 ib_pg_f        125941  nvme1n1 WS   1556374240 16384     0.097
00:18:34.333 ib_pg_f        125941  nvme1n1 WS   1561262816 16384     0.095
00:18:34.333 ib_pg_f        125941  nvme1n1 WS   1757760960 16384     0.097
00:18:34.333 ib_pg_f        125941  nvme1n1 WS   1561262848 16384     0.102
00:18:34.333 ib_pg_f        125941  nvme1n1 WS   1556374272 16384     0.105
00:18:34.333 ib_pg_f        125941  nvme1n1 WS   1556374336 16384     0.093
00:18:34.333 ib_pg_f        125941  nvme1n1 WS   1556374368 16384     0.093
00:18:34.333 ib_pg_f        125941  nvme1n1 WS   1556374400 16384     0.097
00:18:34.333 ib_pg_f        125941  nvme1n1 WS   1755748768 16384     0.090
00:18:34.333 ib_pg_f        125941  nvme1n1 WS   1757681344 16384     0.091
00:18:34.333 ib_pg_f        125941  nvme1n1 WS   1757681152 16384     0.100
00:18:34.333 ib_pg_f        125941  nvme1n1 WS   1556383520 16384     0.100
00:18:34.333 ib_pg_f        125941  nvme1n1 WS   1560815008 16384     0.099
00:18:34.333 ib_pg_f        125941  nvme1n1 WS   1757761344 16384     0.105
00:18:34.333 ib_pg_f        125941  nvme1n1 WS   1755750400 16384     0.098
00:18:34.333 ib_pg_f        125941  nvme1n1 WS   311472928  16384     0.099
00:18:34.333 ib_pg_f        125941  nvme1n1 WS   1756477344 16384     0.097
00:18:34.333 ib_pg_f        125941  nvme1n1 WS   1756420896 16384     0.097
00:18:34.333 ib_pg_f        125941  nvme1n1 WS   1756417312 16384     0.100
00:18:34.333 ib_pg_f        125941  nvme1n1 WS   1756420928 16384     0.105
00:18:34.333 ib_pg_f        125941  nvme1n1 WS   1737036000 16384     0.110
00:18:34.333 ib_pg_f        125941  nvme1n1 WS   311472960  16384     0.105
00:18:34.333 ib_pg_f        125941  nvme1n1 WS   1756476608 16384     0.111
00:18:34.333 ib_pg_f        125941  nvme1n1 WS   1532320352 16384     0.064
00:18:34.333 ib_pg_f        125941  nvme1n1 WS   1552174528 16384     0.072
00:18:34.333 ib_pg_f        125941  nvme1n1 WS   1532320384 16384     0.077
00:18:34.333 ib_pg_f        125941  nvme1n1 WS   1532320416 16384     0.088
00:18:34.333 ib_pg_f        125941  nvme1n1 WS   1756420960 16384     0.083
00:18:34.333 ib_pg_f        125941  nvme1n1 WS   1532320448 16384     0.090
00:18:34.333 ib_pg_f        125941  nvme1n1 WS   311472992  16384     0.096
00:18:34.333 ib_pg_f        125941  nvme1n1 WS   1756420992 16384     0.095
00:18:34.333 ib_pg_f        125941  nvme1n1 WS   1756417344 16384     0.096
00:18:34.333 ib_pg_f        125941  nvme1n1 WS   1756421024 16384     0.101
00:18:34.333 ib_pg_f        125941  nvme1n1 WS   1532134912 16384     0.105
00:18:34.333 ib_pg_f        125941  nvme1n1 WS   32779680   16384     0.107
00:18:34.333 ib_pg_f        125941  nvme1n1 WS   1756472832 16384     0.111
00:18:34.333 ib_pg_f        125941  nvme1n1 WS   1756417440 16384     0.115
00:18:34.333 ib_pg_f        125941  nvme1n1 WS   1756421056 16384     0.119
00:18:34.941 ib_log_        125941  nvme1n1 WS   1739629656 4096      0.066
00:18:34.942 ib_log_        125941  nvme1n1 WS   1739626752 4096      0.035
00:18:35.078 nvme           1447591 Unknown N    -1         512       0.032
00:18:35.332 ib_pg_f        125941  nvme1n1 WS   1740107776 16384     0.068
00:18:35.332 ib_pg_f        125941  nvme1n1 WS   1757680800 16384     0.045
00:18:35.942 ib_log_        125941  nvme1n1 WS   1739626752 4096      0.051
00:18:36.080 nvme           1447601 Unknown N    -1         512       0.029
00:18:36.576 jbd2/nv        752     nvme1n1 WSM  877404696  94208     0.139
00:18:36.576 jbd2/nv        752     nvme1n1 WSM  877404880  4096      0.030
00:18:37.083 nvme           1447609 Unknown N    -1         512       0.096
00:18:38.068 amoprof        1271097 nvme1n1 W    587556088  4096      0.057
