TIMESTAMP    COMM           PID     DISK    T    SECTOR     BYTES   LAT(ms)
12:03:34.704 nvme           2397025 Unknown N    -1         512       0.035
12:03:35.456 kworker        2379454 nvme1n1 W    1561203200 131072    0.165
12:03:35.456 kworker        2379454 nvme1n1 W    1561203456 73728     0.138
12:03:35.457 kworker        2379468 nvme1n1 WM   48         4096      0.097
12:03:35.457 kworker        2379468 nvme1n1 WM   352        4096      0.104
12:03:35.457 kworker        2379468 nvme1n1 WM   440        4096      0.113
12:03:35.457 kworker        2379468 nvme1n1 WM   568        4096      0.113
12:03:35.457 kworker        2379468 nvme1n1 WM   712        4096      0.128
12:03:35.457 kworker        2379468 nvme1n1 WM   744        4096      0.128
12:03:35.457 kworker        2379468 nvme1n1 WM   760        4096      0.129
12:03:35.457 kworker        2379468 nvme1n1 WM   88080488   4096      0.129
12:03:35.457 kworker        2379468 nvme1n1 WM   461373728  4096      0.125
12:03:35.457 kworker        2379468 nvme1n1 WM   721420392  4096      0.123
12:03:35.457 kworker        2379468 nvme1n1 WM   104857696  16384     0.134
12:03:35.457 kworker        2379468 nvme1n1 WM   109051912  61440     0.154
12:03:35.457 kworker        2379468 nvme1n1 WM   624960680  49152     0.177
12:03:35.457 kworker        2379468 nvme1n1 WM   624960784  12288     0.197
12:03:35.457 kworker        2379468 nvme1n1 WM   624960816  40960     0.207
12:03:35.457 kworker        2379454 nvme1n1 W    723605760  131072    0.145
12:03:35.457 kworker        2379468 nvme1n1 WM   905969832  4096      0.092
12:03:35.457 kworker        2379468 nvme1n1 WM   905969920  4096      0.096
12:03:35.457 kworker        2379468 nvme1n1 WM   1174405184 4096      0.091
12:03:35.457 kworker        2379468 nvme1n1 WM   1178599456 4096      0.092
12:03:35.457 kworker        2379468 nvme1n1 WM   1276764088 4096      0.096
12:03:35.457 kworker        2379468 nvme1n1 WM   1276768544 4096      0.102
12:03:35.457 kworker        2379468 nvme1n1 WM   1276768560 4096      0.106
12:03:35.457 kworker        2379468 nvme1n1 WM   1276768736 8192      0.108
12:03:35.457 kworker        2379468 nvme1n1 WM   1276768824 4096      0.110
12:03:35.457 kworker        2379468 nvme1n1 WM   1276768888 4096      0.113
12:03:35.457 kworker        2379468 nvme1n1 WM   1276769216 4096      0.115
12:03:35.457 kworker        2379468 nvme1n1 WM   1276769840 4096      0.130
12:03:35.457 kworker        2379468 nvme1n1 WM   905991680  131072    0.196
12:03:35.457 kworker        2379468 nvme1n1 WM   905991936  102400    0.255
12:03:35.457 kworker        2379454 nvme1n1 W    723606016  45056     0.276
12:03:35.457 kworker        2379454 nvme1n1 W    723606104  131072    0.226
12:03:35.457 kworker        2379468 nvme1n1 WM   1276770096 4096      0.133
12:03:35.457 kworker        2379468 nvme1n1 WM   1276770600 4096      0.143
12:03:35.457 kworker        2379468 nvme1n1 WM   1276770672 4096      0.125
12:03:35.457 kworker        2379468 nvme1n1 WM   1276770688 4096      0.125
12:03:35.457 kworker        2379468 nvme1n1 WM   1276770704 4096      0.128
12:03:35.457 kworker        2379468 nvme1n1 WM   1276770848 4096      0.129
12:03:35.457 kworker        2379468 nvme1n1 WM   1276770864 4096      0.133
12:03:35.457 kworker        2379468 nvme1n1 WM   1276771048 4096      0.137
12:03:35.457 kworker        2379468 nvme1n1 WM   1276771064 4096      0.127
12:03:35.457 kworker        2379468 nvme1n1 WM   1276771160 4096      0.128
12:03:35.457 kworker        2379468 nvme1n1 WM   1276771488 4096      0.129
12:03:35.457 kworker        2379454 nvme1n1 W    723606360  45056     0.136
12:03:35.457 kworker        2379454 nvme1n1 W    1757193584 131072    0.147
12:03:35.457 kworker        2379454 nvme1n1 W    1757193576 4096      0.143
12:03:35.457 kworker        2379454 nvme1n1 W    1757193840 12288     0.164
12:03:35.457 kworker        2379468 nvme1n1 WM   1276771504 4096      0.144
12:03:35.458 kworker        2379468 nvme1n1 WM   1276771576 4096      0.147
12:03:35.458 kworker        2379468 nvme1n1 WM   1276771696 4096      0.150
12:03:35.458 kworker        2379468 nvme1n1 WM   1276772000 4096      0.151
12:03:35.458 kworker        2379468 nvme1n1 WM   1276772064 4096      0.152
12:03:35.458 kworker        2379468 nvme1n1 WM   1276772080 4096      0.153
12:03:35.458 kworker        2379468 nvme1n1 WM   1279127680 4096      0.158
12:03:35.458 kworker        2379468 nvme1n1 WM   1279127696 4096      0.161
12:03:35.458 kworker        2379468 nvme1n1 WM   1279127712 4096      0.162
12:03:35.458 kworker        2379468 nvme1n1 WM   1279127728 4096      0.163
12:03:35.458 kworker        2379468 nvme1n1 WM   1279127744 4096      0.164
12:03:35.458 kworker        2379468 nvme1n1 WM   1279127864 4096      0.165
12:03:35.458 kworker        2379468 nvme1n1 WM   1279128000 4096      0.166
12:03:35.458 kworker        2379468 nvme1n1 WM   1279128096 4096      0.081
12:03:35.458 kworker        2379468 nvme1n1 WM   1279128120 4096      0.084
12:03:35.458 kworker        2379468 nvme1n1 WM   1279128152 4096      0.087
12:03:35.458 kworker        2379468 nvme1n1 WM   1279128168 4096      0.091
12:03:35.458 kworker        2379468 nvme1n1 WM   1279128272 4096      0.105
12:03:35.458 kworker        2379468 nvme1n1 WM   1279128288 4096      0.110
12:03:35.458 kworker        2379468 nvme1n1 WM   1279128312 8192      0.112
12:03:35.458 kworker        2379468 nvme1n1 WM   1279128400 4096      0.117
12:03:35.458 kworker        2379468 nvme1n1 WM   1279128504 4096      0.118
12:03:35.458 kworker        2379468 nvme1n1 WM   1279128520 4096      0.119
12:03:35.458 kworker        2379468 nvme1n1 WM   1279128728 4096      0.121
12:03:35.458 kworker        2379468 nvme1n1 WM   1279128744 4096      0.126
12:03:35.458 kworker        2379468 nvme1n1 WM   1279128776 4096      0.127
12:03:35.458 kworker        2379468 nvme1n1 WM   1279128808 4096      0.129
12:03:35.458 kworker        2379468 nvme1n1 WM   1279128928 8192      0.129
12:03:35.458 kworker        2379468 nvme1n1 WM   1279129176 4096      0.130
12:03:35.458 kworker        2379468 nvme1n1 WM   1279129264 4096      0.085
12:03:35.458 kworker        2379468 nvme1n1 WM   1279129640 4096      0.088
12:03:35.458 kworker        2379468 nvme1n1 WM   1279129656 4096      0.089
12:03:35.458 kworker        2379468 nvme1n1 WM   1279129672 4096      0.100
12:03:35.458 kworker        2379468 nvme1n1 WM   1279129688 4096      0.101
12:03:35.458 kworker        2379468 nvme1n1 WM   1279129848 4096      0.103
12:03:35.458 kworker        2379468 nvme1n1 WM   1279129968 4096      0.106
12:03:35.458 kworker        2379468 nvme1n1 WM   1279130088 8192      0.106
12:03:35.458 kworker        2379468 nvme1n1 WM   1279130112 4096      0.108
12:03:35.458 kworker        2379468 nvme1n1 WM   1279130128 4096      0.122
12:03:35.458 kworker        2379468 nvme1n1 WM   1279130280 4096      0.126
12:03:35.458 kworker        2379468 nvme1n1 WM   1279130344 4096      0.126
12:03:35.458 kworker        2379468 nvme1n1 WM   1279130360 4096      0.127
12:03:35.458 kworker        2379468 nvme1n1 WM   1279130496 4096      0.127
12:03:35.458 kworker        2379468 nvme1n1 WM   1279130760 8192      0.128
12:03:35.458 kworker        2379468 nvme1n1 WM   1279130808 4096      0.129
12:03:35.458 kworker        2379468 nvme1n1 WM   1279130960 4096      0.080
12:03:35.458 kworker        2379468 nvme1n1 WM   1279131008 4096      0.086
12:03:35.458 kworker        2379468 nvme1n1 WM   1279131088 4096      0.095
12:03:35.458 kworker        2379468 nvme1n1 WM   1279131104 4096      0.097
12:03:35.459 kworker        2379468 nvme1n1 WM   1279131192 4096      0.099
12:03:35.459 kworker        2379468 nvme1n1 WM   1279131288 4096      0.098
12:03:35.459 kworker        2379468 nvme1n1 WM   1279131424 4096      0.099
12:03:35.459 kworker        2379468 nvme1n1 WM   1279131440 4096      0.101
12:03:35.459 kworker        2379468 nvme1n1 WM   1279131456 4096      0.105
12:03:35.459 kworker        2379468 nvme1n1 WM   1279131584 4096      0.105
12:03:35.459 kworker        2379468 nvme1n1 WM   1279258616 4096      0.110
12:03:35.459 kworker        2379468 nvme1n1 WM   1279258984 4096      0.111
12:03:35.459 kworker        2379468 nvme1n1 WM   1279259424 4096      0.112
12:03:35.459 kworker        2379468 nvme1n1 WM   1279259440 4096      0.116
12:03:35.459 kworker        2379468 nvme1n1 WM   1279259456 4096      0.117
12:03:35.459 kworker        2379468 nvme1n1 WM   1279259544 4096      0.118
12:03:35.459 kworker        2379468 nvme1n1 WM   1279259560 4096      0.079
12:03:35.459 kworker        2379468 nvme1n1 WM   1279259576 4096      0.083
12:03:35.459 kworker        2379468 nvme1n1 WM   1279259656 4096      0.089
12:03:35.459 kworker        2379468 nvme1n1 WM   1279259688 4096      0.089
12:03:35.459 kworker        2379468 nvme1n1 WM   1279259816 4096      0.091
12:03:35.459 kworker        2379468 nvme1n1 WM   1279260144 4096      0.093
12:03:35.459 kworker        2379468 nvme1n1 WM   1279260176 4096      0.098
12:03:35.459 kworker        2379468 nvme1n1 WM   1279260536 4096      0.100
12:03:35.459 kworker        2379468 nvme1n1 WM   1279260736 4096      0.100
12:03:35.459 kworker        2379468 nvme1n1 WM   1279261016 4096      0.101
12:03:35.459 kworker        2379468 nvme1n1 WM   1279261192 4096      0.111
12:03:35.459 kworker        2379468 nvme1n1 WM   1279261240 4096      0.113
12:03:35.459 kworker        2379468 nvme1n1 WM   1279261272 4096      0.114
12:03:35.459 kworker        2379468 nvme1n1 WM   1279261304 4096      0.116
12:03:35.459 kworker        2379468 nvme1n1 WM   1279261456 8192      0.116
12:03:35.459 kworker        2379468 nvme1n1 WM   1279261576 4096      0.121
12:03:35.459 kworker        2379468 nvme1n1 WM   1279261688 4096      0.078
12:03:35.459 kworker        2379468 nvme1n1 WM   1279262176 8192      0.085
12:03:35.459 kworker        2379468 nvme1n1 WM   1279262352 4096      0.088
12:03:35.459 kworker        2379468 nvme1n1 WM   1279262464 4096      0.088
12:03:35.459 kworker        2379468 nvme1n1 WM   1279651880 4096      0.090
12:03:35.459 kworker        2379468 nvme1n1 WM   1279651920 4096      0.094
12:03:35.459 kworker        2379468 nvme1n1 WM   1279651936 4096      0.095
12:03:35.459 kworker        2379468 nvme1n1 WM   1279652072 4096      0.098
12:03:35.459 kworker        2379468 nvme1n1 WM   1279652152 4096      0.099
12:03:35.459 kworker        2379468 nvme1n1 WM   1279652184 4096      0.099
12:03:35.459 kworker        2379468 nvme1n1 WM   1279652200 4096      0.101
12:03:35.459 kworker        2379468 nvme1n1 WM   1279652304 4096      0.106
12:03:35.459 kworker        2379468 nvme1n1 WM   1279652320 4096      0.108
12:03:35.459 kworker        2379468 nvme1n1 WM   1279652416 4096      0.108
12:03:35.459 kworker        2379468 nvme1n1 WM   1279652096 16384     0.120
12:03:35.459 kworker        2379468 nvme1n1 WM   1279652336 12288     0.120
12:03:35.459 kworker        2379468 nvme1n1 WM   1279652432 4096      0.075
12:03:35.459 kworker        2379468 nvme1n1 WM   1279652520 4096      0.078
12:03:35.459 kworker        2379468 nvme1n1 WM   1279652560 8192      0.083
12:03:35.459 kworker        2379468 nvme1n1 WM   1279652936 4096      0.085
12:03:35.459 kworker        2379468 nvme1n1 WM   1279652952 4096      0.089
12:03:35.459 kworker        2379468 nvme1n1 WM   1279652968 4096      0.091
12:03:35.459 kworker        2379468 nvme1n1 WM   1279652984 4096      0.096
12:03:35.459 kworker        2379468 nvme1n1 WM   1279653000 4096      0.098
12:03:35.459 kworker        2379468 nvme1n1 WM   1279653016 4096      0.103
12:03:35.459 kworker        2379468 nvme1n1 WM   1279653120 4096      0.105
12:03:35.459 kworker        2379468 nvme1n1 WM   1279653136 4096      0.108
12:03:35.459 kworker        2379468 nvme1n1 WM   1279653184 4096      0.116
12:03:35.459 kworker        2379468 nvme1n1 WM   1279653200 4096      0.118
12:03:35.459 kworker        2379468 nvme1n1 WM   1279653216 4096      0.119
12:03:35.459 kworker        2379468 nvme1n1 WM   1279653376 8192      0.119
12:03:35.459 kworker        2379468 nvme1n1 WM   1279653432 4096      0.120
12:03:35.459 kworker        2379468 nvme1n1 WM   1279653448 4096      0.083
12:03:35.459 kworker        2379468 nvme1n1 WM   1279653600 4096      0.087
12:03:35.459 kworker        2379468 nvme1n1 WM   1279653792 4096      0.094
12:03:35.459 kworker        2379468 nvme1n1 WM   1279653824 4096      0.094
12:03:35.459 kworker        2379468 nvme1n1 WM   1279653968 4096      0.095
12:03:35.459 kworker        2379468 nvme1n1 WM   1279654152 4096      0.096
12:03:35.459 kworker        2379468 nvme1n1 WM   1279654184 4096      0.096
12:03:35.459 kworker        2379468 nvme1n1 WM   1279654200 4096      0.101
12:03:35.459 kworker        2379468 nvme1n1 WM   1279654216 4096      0.101
12:03:35.459 kworker        2379468 nvme1n1 WM   1279654304 4096      0.101
12:03:35.459 kworker        2379468 nvme1n1 WM   1279654320 4096      0.104
12:03:35.459 kworker        2379468 nvme1n1 WM   1279654368 4096      0.104
12:03:35.459 kworker        2379468 nvme1n1 WM   1279654400 4096      0.109
12:03:35.459 kworker        2379468 nvme1n1 WM   1279654416 4096      0.112
12:03:35.459 kworker        2379468 nvme1n1 WM   1279654736 8192      0.112
12:03:35.459 kworker        2379468 nvme1n1 WM   1279654944 4096      0.116
12:03:35.459 kworker        2379468 nvme1n1 WM   1279654960 8192      0.078
12:03:35.459 kworker        2379468 nvme1n1 WM   1279654992 4096      0.078
12:03:35.459 kworker        2379468 nvme1n1 WM   1279655144 4096      0.082
12:03:35.459 kworker        2379468 nvme1n1 WM   1279655160 4096      0.083
12:03:35.459 kworker        2379468 nvme1n1 WM   1279655176 8192      0.086
12:03:35.459 kworker        2379468 nvme1n1 WM   1279655200 8192      0.090
12:03:35.459 kworker        2379468 nvme1n1 WM   1279655392 4096      0.097
12:03:35.459 kworker        2379468 nvme1n1 WM   1279655408 4096      0.100
12:03:35.459 kworker        2379468 nvme1n1 WM   1279655440 4096      0.106
12:03:35.459 kworker        2379468 nvme1n1 WM   1279655456 4096      0.106
12:03:35.459 kworker        2379468 nvme1n1 WM   1279655520 4096      0.107
12:03:35.459 kworker        2379468 nvme1n1 WM   1279655624 4096      0.114
12:03:35.459 kworker        2379468 nvme1n1 WM   1279655688 4096      0.117
12:03:35.459 kworker        2379468 nvme1n1 WM   1279655840 4096      0.118
12:03:35.459 kworker        2379468 nvme1n1 WM   1279655856 4096      0.121
12:03:35.459 kworker        2379468 nvme1n1 WM   1279783176 4096      0.122
12:03:35.459 kworker        2379468 nvme1n1 WM   1279783264 8192      0.083
12:03:35.459 kworker        2379468 nvme1n1 WM   1279783288 4096      0.085
12:03:35.459 kworker        2379468 nvme1n1 WM   1279783336 4096      0.092
12:03:35.459 kworker        2379468 nvme1n1 WM   1279783384 4096      0.094
12:03:35.460 kworker        2379468 nvme1n1 WM   1279783552 4096      0.094
12:03:35.460 kworker        2379468 nvme1n1 WM   1279783568 4096      0.101
12:03:35.460 kworker        2379468 nvme1n1 WM   1279783600 4096      0.102
12:03:35.460 kworker        2379468 nvme1n1 WM   1279783632 4096      0.102
12:03:35.460 kworker        2379468 nvme1n1 WM   1279783720 4096      0.109
12:03:35.460 kworker        2379468 nvme1n1 WM   1279783736 4096      0.109
12:03:35.460 kworker        2379468 nvme1n1 WM   1279783760 4096      0.110
12:03:35.460 kworker        2379468 nvme1n1 WM   1279783968 4096      0.119
12:03:35.460 kworker        2379468 nvme1n1 WM   1279784200 4096      0.120
12:03:35.460 kworker        2379468 nvme1n1 WM   1279784264 4096      0.121
12:03:35.460 kworker        2379468 nvme1n1 WM   1279784352 4096      0.122
12:03:35.460 kworker        2379468 nvme1n1 WM   1279784416 4096      0.116
12:03:35.460 kworker        2379468 nvme1n1 WM   1279784432 4096      0.075
12:03:35.460 kworker        2379468 nvme1n1 WM   1279784448 4096      0.076
12:03:35.460 kworker        2379468 nvme1n1 WM   1279784712 4096      0.080
12:03:35.460 kworker        2379468 nvme1n1 WM   1279784728 4096      0.082
12:03:35.460 kworker        2379468 nvme1n1 WM   1279784816 4096      0.082
12:03:35.460 kworker        2379468 nvme1n1 WM   1279784832 4096      0.084
12:03:35.460 kworker        2379468 nvme1n1 WM   1279784864 8192      0.090
12:03:35.460 kworker        2379468 nvme1n1 WM   1279784896 4096      0.097
12:03:35.460 kworker        2379468 nvme1n1 WM   1279785528 4096      0.099
12:03:35.460 kworker        2379468 nvme1n1 WM   1279785544 4096      0.099
12:03:35.460 kworker        2379468 nvme1n1 WM   1279785560 4096      0.107
12:03:35.460 kworker        2379468 nvme1n1 WM   1279785592 4096      0.111
12:03:35.460 kworker        2379468 nvme1n1 WM   1279785824 4096      0.113
12:03:35.460 kworker        2379468 nvme1n1 WM   1279785976 4096      0.114
12:03:35.460 kworker        2379468 nvme1n1 WM   1279786008 4096      0.119
12:03:35.460 kworker        2379468 nvme1n1 WM   1279785792 12288     0.122
12:03:35.460 kworker        2379468 nvme1n1 WM   1279786184 4096      0.078
12:03:35.460 kworker        2379468 nvme1n1 WM   1279786232 4096      0.082
12:03:35.460 kworker        2379468 nvme1n1 WM   1279786248 4096      0.087
12:03:35.460 kworker        2379468 nvme1n1 WM   1279786352 4096      0.089
12:03:35.460 kworker        2379468 nvme1n1 WM   1279786416 4096      0.092
12:03:35.460 kworker        2379468 nvme1n1 WM   1279786568 4096      0.092
12:03:35.460 kworker        2379468 nvme1n1 WM   1279786896 4096      0.099
12:03:35.460 kworker        2379468 nvme1n1 WM   1282011216 8192      0.100
12:03:35.460 kworker        2379468 nvme1n1 WM   1282011296 4096      0.101
12:03:35.460 kworker        2379468 nvme1n1 WM   1282011392 4096      0.103
12:03:35.460 kworker        2379468 nvme1n1 WM   1282011488 4096      0.105
12:03:35.460 kworker        2379468 nvme1n1 WM   1282011536 4096      0.111
12:03:35.460 kworker        2379468 nvme1n1 WM   1282011624 4096      0.113
12:03:35.460 kworker        2379468 nvme1n1 WM   1282011704 4096      0.115
12:03:35.460 kworker        2379468 nvme1n1 WM   1282011768 4096      0.117
12:03:35.460 kworker        2379468 nvme1n1 WM   1282011656 12288     0.122
12:03:35.460 kworker        2379468 nvme1n1 WM   1282011856 4096      0.070
12:03:35.460 kworker        2379468 nvme1n1 WM   1282011936 4096      0.071
12:03:35.460 kworker        2379468 nvme1n1 WM   1282011968 4096      0.078
12:03:35.460 kworker        2379468 nvme1n1 WM   1282011984 4096      0.080
12:03:35.460 kworker        2379468 nvme1n1 WM   1282012104 4096      0.080
12:03:35.460 kworker        2379468 nvme1n1 WM   1282012216 4096      0.086
12:03:35.460 kworker        2379468 nvme1n1 WM   1282012232 4096      0.087
12:03:35.460 kworker        2379468 nvme1n1 WM   1282012320 4096      0.087
12:03:35.460 kworker        2379468 nvme1n1 WM   1282012416 4096      0.093
12:03:35.460 kworker        2379468 nvme1n1 WM   1282012432 4096      0.094
12:03:35.460 kworker        2379468 nvme1n1 WM   1282012448 4096      0.095
12:03:35.460 kworker        2379468 nvme1n1 WM   1282012584 4096      0.103
12:03:35.460 kworker        2379468 nvme1n1 WM   1282012648 4096      0.106
12:03:35.460 kworker        2379468 nvme1n1 WM   1282012664 4096      0.107
12:03:35.460 kworker        2379468 nvme1n1 WM   1282012696 4096      0.109
12:03:35.460 kworker        2379468 nvme1n1 WM   1282012784 4096      0.113
12:03:35.460 kworker        2379468 nvme1n1 WM   1282012816 8192      0.078
12:03:35.460 kworker        2379468 nvme1n1 WM   1282013112 4096      0.081
12:03:35.460 kworker        2379468 nvme1n1 WM   1282013128 4096      0.086
12:03:35.460 kworker        2379468 nvme1n1 WM   1282013144 4096      0.088
12:03:35.460 kworker        2379468 nvme1n1 WM   1282013312 4096      0.089
12:03:35.460 kworker        2379468 nvme1n1 WM   1282013344 4096      0.093
12:03:35.460 kworker        2379468 nvme1n1 WM   1282013480 4096      0.095
12:03:35.460 kworker        2379468 nvme1n1 WM   1282013544 4096      0.098
12:03:35.460 kworker        2379468 nvme1n1 WM   1282013560 4096      0.100
12:03:35.460 kworker        2379468 nvme1n1 WM   1282013592 4096      0.101
12:03:35.460 kworker        2379468 nvme1n1 WM   1282013608 4096      0.107
12:03:35.460 kworker        2379468 nvme1n1 WM   1282013728 4096      0.109
12:03:35.460 kworker        2379468 nvme1n1 WM   1282013824 4096      0.112
12:03:35.460 kworker        2379468 nvme1n1 WM   1282013840 4096      0.113
12:03:35.460 kworker        2379468 nvme1n1 WM   1282013944 4096      0.116
12:03:35.460 kworker        2379468 nvme1n1 WM   1282013960 4096      0.117
12:03:35.460 kworker        2379468 nvme1n1 WM   1282014024 4096      0.067
12:03:35.460 kworker        2379468 nvme1n1 WM   1282014040 4096      0.069
12:03:35.460 kworker        2379468 nvme1n1 WM   1282014056 4096      0.073
12:03:35.460 kworker        2379468 nvme1n1 WM   1282014072 4096      0.074
12:03:35.460 kworker        2379468 nvme1n1 WM   1282014088 4096      0.078
12:03:35.460 kworker        2379468 nvme1n1 WM   1282014176 4096      0.083
12:03:35.460 kworker        2379468 nvme1n1 WM   1282014208 4096      0.088
12:03:35.460 kworker        2379468 nvme1n1 WM   1282014736 4096      0.090
12:03:35.460 kworker        2379468 nvme1n1 WM   1282014880 4096      0.095
12:03:35.460 kworker        2379468 nvme1n1 WM   1282015016 4096      0.097
12:03:35.460 kworker        2379468 nvme1n1 WM   1282015056 4096      0.100
12:03:35.461 kworker        2379468 nvme1n1 WM   1282015072 4096      0.108
12:03:35.461 kworker        2379468 nvme1n1 WM   1282273264 4096      0.110
12:03:35.461 kworker        2379468 nvme1n1 WM   1282273376 4096      0.111
12:03:35.461 kworker        2379468 nvme1n1 WM   1282273392 4096      0.112
12:03:35.461 kworker        2379468 nvme1n1 WM   1282273408 8192      0.113
12:03:35.461 kworker        2379468 nvme1n1 WM   1282273472 4096      0.068
12:03:35.461 kworker        2379468 nvme1n1 WM   1282273488 4096      0.070
12:03:35.461 kworker        2379468 nvme1n1 WM   1282273624 4096      0.074
12:03:35.461 kworker        2379468 nvme1n1 WM   1282273672 4096      0.075
12:03:35.461 kworker        2379468 nvme1n1 WM   1282273688 4096      0.078
12:03:35.461 kworker        2379468 nvme1n1 WM   1282273720 4096      0.079
12:03:35.461 kworker        2379468 nvme1n1 WM   1282273920 4096      0.086
12:03:35.461 kworker        2379468 nvme1n1 WM   1282273936 4096      0.087
12:03:35.461 kworker        2379468 nvme1n1 WM   1282273952 4096      0.090
12:03:35.461 kworker        2379468 nvme1n1 WM   1282274200 4096      0.092
12:03:35.461 kworker        2379468 nvme1n1 WM   1282274288 4096      0.095
12:03:35.461 kworker        2379468 nvme1n1 WM   1282274448 4096      0.102
12:03:35.461 kworker        2379468 nvme1n1 WM   1282275568 4096      0.104
12:03:35.461 kworker        2379468 nvme1n1 WM   1282275584 4096      0.105
12:03:35.461 kworker        2379468 nvme1n1 WM   1282275600 4096      0.108
12:03:35.461 kworker        2379468 nvme1n1 WM   1282274104 12288     0.115
12:03:35.461 kworker        2379468 nvme1n1 WM   1282275616 4096      0.072
12:03:35.461 kworker        2379468 nvme1n1 WM   1282275736 4096      0.074
12:03:35.461 kworker        2379468 nvme1n1 WM   1282275752 4096      0.080
12:03:35.461 kworker        2379468 nvme1n1 WM   1282275768 4096      0.081
12:03:35.461 kworker        2379468 nvme1n1 WM   1282275968 4096      0.081
12:03:35.461 kworker        2379468 nvme1n1 WM   1282275984 4096      0.088
12:03:35.461 kworker        2379468 nvme1n1 WM   1282276064 4096      0.089
12:03:35.461 kworker        2379468 nvme1n1 WM   1282276080 4096      0.089
12:03:35.461 kworker        2379468 nvme1n1 WM   1282276240 4096      0.091
12:03:35.461 kworker        2379468 nvme1n1 WM   1282276360 4096      0.096
12:03:35.461 kworker        2379468 nvme1n1 WM   1282276544 4096      0.101
12:03:35.461 kworker        2379468 nvme1n1 WM   1282276560 4096      0.108
12:03:35.461 kworker        2379468 nvme1n1 WM   1282276576 4096      0.109
12:03:35.461 kworker        2379468 nvme1n1 WM   1282276664 4096      0.111
12:03:35.461 kworker        2379468 nvme1n1 WM   1282276808 4096      0.112
12:03:35.461 kworker        2379468 nvme1n1 WM   1282276896 4096      0.113
12:03:35.461 kworker        2379468 nvme1n1 WM   1282276912 4096      0.070
12:03:35.461 kworker        2379468 nvme1n1 WM   1282276960 4096      0.071
12:03:35.461 kworker        2379468 nvme1n1 WM   1282276992 4096      0.076
12:03:35.461 kworker        2379468 nvme1n1 WM   1282277024 4096      0.077
12:03:35.461 kworker        2379468 nvme1n1 WM   1282929224 4096      0.078
12:03:35.461 kworker        2379468 nvme1n1 WM   1282929240 4096      0.082
12:03:35.461 kworker        2379468 nvme1n1 WM   1282929376 4096      0.087
12:03:35.461 kworker        2379468 nvme1n1 WM   1282929392 4096      0.088
12:03:35.461 kworker        2379468 nvme1n1 WM   1282929528 4096      0.093
12:03:35.461 kworker        2379468 nvme1n1 WM   1282929640 4096      0.094
12:03:35.461 kworker        2379468 nvme1n1 WM   1282929664 4096      0.095
12:03:35.461 kworker        2379468 nvme1n1 WM   1282929728 4096      0.101
12:03:35.461 kworker        2379468 nvme1n1 WM   1282929816 4096      0.103
12:03:35.461 kworker        2379468 nvme1n1 WM   1282929832 4096      0.106
12:03:35.461 kworker        2379468 nvme1n1 WM   1282929896 4096      0.109
12:03:35.461 kworker        2379468 nvme1n1 WM   1282929912 4096      0.111
12:03:35.461 kworker        2379468 nvme1n1 WM   1283059576 4096      0.073
12:03:35.461 kworker        2379468 nvme1n1 WM   1283059824 8192      0.079
12:03:35.461 kworker        2379468 nvme1n1 WM   1283060040 4096      0.080
12:03:35.461 kworker        2379468 nvme1n1 WM   1283060056 4096      0.080
12:03:35.461 kworker        2379468 nvme1n1 WM   1283060088 4096      0.084
12:03:35.461 kworker        2379468 nvme1n1 WM   1283060176 4096      0.085
12:03:35.461 kworker        2379468 nvme1n1 WM   1283060416 4096      0.091
12:03:35.461 kworker        2379468 nvme1n1 WM   1283060432 4096      0.098
12:03:35.461 kworker        2379468 nvme1n1 WM   1283060448 4096      0.100
12:03:35.461 kworker        2379468 nvme1n1 WM   1283060480 4096      0.100
12:03:35.461 kworker        2379468 nvme1n1 WM   1283060568 4096      0.108
12:03:35.461 kworker        2379468 nvme1n1 WM   1283060584 4096      0.111
12:03:35.461 kworker        2379468 nvme1n1 WM   1283060856 8192      0.114
12:03:35.461 kworker        2379468 nvme1n1 WM   1283060928 4096      0.119
12:03:35.461 kworker        2379468 nvme1n1 WM   1283060944 4096      0.121
12:03:35.461 kworker        2379468 nvme1n1 WM   1283061032 4096      0.122
12:03:35.461 kworker        2379468 nvme1n1 WM   1283061048 4096      0.092
12:03:35.461 kworker        2379468 nvme1n1 WM   1283061144 4096      0.098
12:03:35.461 kworker        2379468 nvme1n1 WM   1283061176 4096      0.099
12:03:35.461 kworker        2379468 nvme1n1 WM   1283061264 4096      0.103
12:03:35.461 kworker        2379468 nvme1n1 WM   1283061280 4096      0.104
12:03:35.461 kworker        2379468 nvme1n1 WM   1283061376 4096      0.107
12:03:35.461 kworker        2379468 nvme1n1 WM   1283061448 8192      0.117
12:03:35.461 kworker        2379468 nvme1n1 WM   1283062416 4096      0.118
12:03:35.461 kworker        2379468 nvme1n1 WM   1283062448 4096      0.119
12:03:35.461 kworker        2379468 nvme1n1 WM   1283062536 4096      0.119
12:03:35.461 kworker        2379468 nvme1n1 WM   1283062552 4096      0.123
12:03:35.461 kworker        2379468 nvme1n1 WM   1283062576 4096      0.124
12:03:35.461 kworker        2379468 nvme1n1 WM   1283062656 4096      0.124
12:03:35.461 kworker        2379468 nvme1n1 WM   1283062760 4096      0.124
12:03:35.461 kworker        2379468 nvme1n1 WM   1283062912 4096      0.125
12:03:35.461 kworker        2379468 nvme1n1 WM   1283062928 4096      0.125
12:03:35.462 kworker        2379468 nvme1n1 WM   1283063248 4096      0.072
12:03:35.462 kworker        2379468 nvme1n1 WM   1283063264 4096      0.075
12:03:35.462 kworker        2379468 nvme1n1 WM   1283063384 4096      0.083
12:03:35.462 kworker        2379468 nvme1n1 WM   1283063400 4096      0.084
12:03:35.462 kworker        2379468 nvme1n1 WM   1283063624 8192      0.085
12:03:35.462 kworker        2379468 nvme1n1 WM   1283063648 4096      0.090
12:03:35.462 kworker        2379468 nvme1n1 WM   1283063664 4096      0.098
12:03:35.462 kworker        2379468 nvme1n1 WM   1283063680 4096      0.100
12:03:35.462 kworker        2379468 nvme1n1 WM   1283321816 4096      0.105
12:03:35.462 kworker        2379468 nvme1n1 WM   1283321936 4096      0.106
12:03:35.462 kworker        2379468 nvme1n1 WM   1283321952 4096      0.113
12:03:35.462 kworker        2379468 nvme1n1 WM   1283322096 4096      0.117
12:03:35.462 kworker        2379468 nvme1n1 WM   1283322216 8192      0.118
12:03:35.462 kworker        2379468 nvme1n1 WM   1283322392 4096      0.119
12:03:35.462 kworker        2379468 nvme1n1 WM   1283322432 4096      0.120
12:03:35.462 kworker        2379468 nvme1n1 WM   1283322552 4096      0.120
12:03:35.462 kworker        2379468 nvme1n1 WM   1283322760 4096      0.073
12:03:35.462 kworker        2379468 nvme1n1 WM   1283322864 4096      0.080
12:03:35.462 kworker        2379468 nvme1n1 WM   1283323304 4096      0.099
12:03:35.462 kworker        2379468 nvme1n1 WM   1283323504 8192      0.101
12:03:35.462 kworker        2379468 nvme1n1 WM   1283323592 4096      0.102
12:03:35.462 kworker        2379468 nvme1n1 WM   1283323728 4096      0.104
12:03:35.462 kworker        2379468 nvme1n1 WM   1283323888 4096      0.104
12:03:35.462 kworker        2379468 nvme1n1 WM   1283323904 8192      0.106
12:03:35.462 kworker        2379468 nvme1n1 WM   1283324112 8192      0.113
12:03:35.462 kworker        2379468 nvme1n1 WM   1283324440 8192      0.114
12:03:35.462 kworker        2379468 nvme1n1 WM   1283324568 4096      0.117
12:03:35.462 kworker        2379468 nvme1n1 WM   1283324712 4096      0.120
12:03:35.462 kworker        2379468 nvme1n1 WM   1283324744 4096      0.121
12:03:35.462 kworker        2379468 nvme1n1 WM   1283324880 4096      0.124
12:03:35.462 kworker        2379468 nvme1n1 WM   1283324896 4096      0.126
12:03:35.462 kworker        2379468 nvme1n1 WM   1283324920 4096      0.127
12:03:35.462 kworker        2379468 nvme1n1 WM   1283325184 8192      0.080
12:03:35.462 kworker        2379468 nvme1n1 WM   1283325272 4096      0.084
12:03:35.462 kworker        2379468 nvme1n1 WM   1283325360 4096      0.090
12:03:35.462 kworker        2379468 nvme1n1 WM   1283325376 4096      0.091
12:03:35.462 kworker        2379468 nvme1n1 WM   1283325400 4096      0.092
12:03:35.462 kworker        2379468 nvme1n1 WM   1283325624 4096      0.094
12:03:35.462 kworker        2379468 nvme1n1 WM   1283325712 4096      0.096
12:03:35.462 kworker        2379468 nvme1n1 WM   1283325832 4096      0.098
12:03:35.462 kworker        2379468 nvme1n1 WM   1283325848 8192      0.100
12:03:35.462 kworker        2379468 nvme1n1 WM   1283453040 8192      0.106
12:03:35.462 kworker        2379468 nvme1n1 WM   1283453248 4096      0.108
12:03:35.462 kworker        2379468 nvme1n1 WM   1283453336 4096      0.117
12:03:35.462 kworker        2379468 nvme1n1 WM   1283453440 4096      0.118
12:03:35.462 kworker        2379468 nvme1n1 WM   1283453560 4096      0.119
12:03:35.462 kworker        2379468 nvme1n1 WM   1283454552 4096      0.120
12:03:35.462 kworker        2379468 nvme1n1 WM   1283454568 4096      0.123
12:03:35.462 kworker        2379468 nvme1n1 WM   1283454584 4096      0.080
12:03:35.462 kworker        2379468 nvme1n1 WM   1283454600 4096      0.081
12:03:35.462 kworker        2379468 nvme1n1 WM   1283454616 4096      0.087
12:03:35.462 kworker        2379468 nvme1n1 WM   1283454760 4096      0.089
12:03:35.462 kworker        2379468 nvme1n1 WM   1283454912 8192      0.091
12:03:35.462 kworker        2379468 nvme1n1 WM   1283454936 4096      0.091
12:03:35.462 kworker        2379468 nvme1n1 WM   1283454952 4096      0.096
12:03:35.462 kworker        2379468 nvme1n1 WM   1283455104 4096      0.097
12:03:35.462 kworker        2379468 nvme1n1 WM   1283455256 4096      0.102
12:03:35.462 kworker        2379468 nvme1n1 WM   1283455272 4096      0.102
12:03:35.462 kworker        2379468 nvme1n1 WM   1283455424 4096      0.102
12:03:35.462 kworker        2379468 nvme1n1 WM   1283455440 4096      0.109
12:03:35.462 kworker        2379468 nvme1n1 WM   1283455640 4096      0.110
12:03:35.462 kworker        2379468 nvme1n1 WM   1283455656 4096      0.110
12:03:35.462 kworker        2379468 nvme1n1 WM   1283455776 4096      0.115
12:03:35.462 kworker        2379468 nvme1n1 WM   1283455792 4096      0.116
12:03:35.463 kworker        2379468 nvme1n1 WM   1283455880 4096      0.076
12:03:35.463 kworker        2379468 nvme1n1 WM   1283456000 4096      0.077
12:03:35.463 kworker        2379468 nvme1n1 WM   1283456016 4096      0.085
12:03:35.463 kworker        2379468 nvme1n1 WM   1283456032 4096      0.086
12:03:35.463 kworker        2379468 nvme1n1 WM   1283456120 4096      0.086
12:03:35.463 kworker        2379468 nvme1n1 WM   1283456136 4096      0.086
12:03:35.463 kworker        2379468 nvme1n1 WM   1283456232 4096      0.091
12:03:35.463 kworker        2379468 nvme1n1 WM   1283456392 4096      0.091
12:03:35.463 kworker        2379468 nvme1n1 WM   1283456480 4096      0.095
12:03:35.463 kworker        2379468 nvme1n1 WM   1283456712 4096      0.096
12:03:35.463 kworker        2379468 nvme1n1 WM   1283456736 4096      0.101
12:03:35.463 kworker        2379468 nvme1n1 WM   1283456800 4096      0.105
12:03:35.463 kworker        2379468 nvme1n1 WM   1283456888 4096      0.105
12:03:35.463 kworker        2379468 nvme1n1 WM   1283456904 4096      0.110
12:03:35.463 kworker        2379468 nvme1n1 WM   1283457032 4096      0.111
12:03:35.463 kworker        2379468 nvme1n1 WM   1283846096 8192      0.112
12:03:35.463 kworker        2379468 nvme1n1 WM   1283846264 4096      0.074
12:03:35.463 kworker        2379468 nvme1n1 WM   1283846576 4096      0.075
12:03:35.463 kworker        2379468 nvme1n1 WM   1283846928 4096      0.083
12:03:35.463 kworker        2379468 nvme1n1 WM   1283847192 4096      0.085
12:03:35.463 kworker        2379468 nvme1n1 WM   1283847368 4096      0.085
12:03:35.463 kworker        2379468 nvme1n1 WM   1283847488 4096      0.089
12:03:35.463 kworker        2379468 nvme1n1 WM   1283847600 4096      0.090
12:03:35.463 kworker        2379468 nvme1n1 WM   1283847688 4096      0.094
12:03:35.463 kworker        2379468 nvme1n1 WM   1283847720 4096      0.096
12:03:35.463 kworker        2379468 nvme1n1 WM   1283847800 4096      0.096
12:03:35.463 kworker        2379468 nvme1n1 WM   1283847816 4096      0.103
12:03:35.463 kworker        2379468 nvme1n1 WM   1283848072 8192      0.104
12:03:35.463 kworker        2379468 nvme1n1 WM   1283848128 4096      0.108
12:03:35.463 kworker        2379468 nvme1n1 WM   1283848144 4096      0.112
12:03:35.463 kworker        2379468 nvme1n1 WM   1283848360 4096      0.112
12:03:35.463 kworker        2379468 nvme1n1 WM   1283848376 4096      0.113
12:03:35.463 kworker        2379468 nvme1n1 WM   1283848392 4096      0.067
12:03:35.463 kworker        2379468 nvme1n1 WM   1283848768 4096      0.068
12:03:35.463 kworker        2379468 nvme1n1 WM   1283848784 4096      0.073
12:03:35.463 kworker        2379468 nvme1n1 WM   1283848800 4096      0.074
12:03:35.463 kworker        2379468 nvme1n1 WM   1283848952 4096      0.079
12:03:35.463 kworker        2379468 nvme1n1 WM   1283849080 4096      0.080
12:03:35.463 kworker        2379468 nvme1n1 WM   1283849208 4096      0.084
12:03:35.463 kworker        2379468 nvme1n1 WM   1283849224 4096      0.086
12:03:35.463 kworker        2379468 nvme1n1 WM   1283849240 4096      0.088
12:03:35.463 kworker        2379468 nvme1n1 WM   1283849272 4096      0.093
12:03:35.463 kworker        2379468 nvme1n1 WM   1283849392 4096      0.095
12:03:35.463 kworker        2379468 nvme1n1 WM   1283849488 4096      0.096
12:03:35.463 kworker        2379468 nvme1n1 WM   1283849504 4096      0.103
12:03:35.463 kworker        2379468 nvme1n1 WM   1283849520 4096      0.104
12:03:35.463 kworker        2379468 nvme1n1 WM   1283849608 4096      0.106
12:03:35.463 kworker        2379468 nvme1n1 WM   1283850088 4096      0.107
12:03:35.463 kworker        2379468 nvme1n1 WM   1283850128 4096      0.072
12:03:35.463 kworker        2379468 nvme1n1 WM   1283850144 4096      0.073
12:03:35.463 kworker        2379468 nvme1n1 WM   1283977544 8192      0.081
12:03:35.463 kworker        2379468 nvme1n1 WM   1283977696 4096      0.083
12:03:35.463 kworker        2379468 nvme1n1 WM   1283977952 8192      0.083
12:03:35.463 kworker        2379468 nvme1n1 WM   1283977976 4096      0.102
12:03:35.463 kworker        2379468 nvme1n1 WM   1283977992 4096      0.108
12:03:35.463 kworker        2379468 nvme1n1 WM   1283978008 4096      0.109
12:03:35.463 kworker        2379468 nvme1n1 WM   1283978040 4096      0.111
12:03:35.463 kworker        2379468 nvme1n1 WM   1283978136 4096      0.112
12:03:35.463 kworker        2379468 nvme1n1 WM   1283978248 4096      0.113
12:03:35.463 kworker        2379468 nvme1n1 WM   1283978320 8192      0.118
12:03:35.463 kworker        2379468 nvme1n1 WM   1283978408 4096      0.120
12:03:35.463 kworker        2379468 nvme1n1 WM   1283978504 4096      0.121
12:03:35.463 kworker        2379468 nvme1n1 WM   1283978816 4096      0.122
12:03:35.463 kworker        2379468 nvme1n1 WM   1283978832 4096      0.123
12:03:35.463 kworker        2379468 nvme1n1 WM   1283978944 4096      0.070
12:03:35.463 kworker        2379468 nvme1n1 WM   1283979280 4096      0.073
12:03:35.463 kworker        2379468 nvme1n1 WM   1283979376 4096      0.083
12:03:35.463 kworker        2379468 nvme1n1 WM   1283979392 4096      0.086
12:03:35.463 kworker        2379468 nvme1n1 WM   1283979440 4096      0.088
12:03:35.463 kworker        2379468 nvme1n1 WM   1283979456 4096      0.097
12:03:35.463 kworker        2379468 nvme1n1 WM   1283979520 4096      0.098
12:03:35.463 kworker        2379468 nvme1n1 WM   1283979616 4096      0.103
12:03:35.463 kworker        2379468 nvme1n1 WM   1283979632 4096      0.104
12:03:35.463 kworker        2379468 nvme1n1 WM   1283979856 4096      0.107
12:03:35.463 kworker        2379468 nvme1n1 WM   1283980064 4096      0.110
12:03:35.463 kworker        2379468 nvme1n1 WM   1283980400 4096      0.114
12:03:35.463 kworker        2379468 nvme1n1 WM   1283980496 4096      0.116
12:03:35.463 kworker        2379468 nvme1n1 WM   1283980736 4096      0.117
12:03:35.463 kworker        2379468 nvme1n1 WM   1283980784 4096      0.117
12:03:35.463 kworker        2379468 nvme1n1 WM   1283980816 4096      0.118
12:03:35.464 kworker        2379468 nvme1n1 WM   1283981024 4096      0.073
12:03:35.464 kworker        2379468 nvme1n1 WM   1283981128 4096      0.075
12:03:35.464 kworker        2379468 nvme1n1 WM   1283981144 4096      0.083
12:03:35.464 kworker        2379468 nvme1n1 WM   1283981160 4096      0.083
12:03:35.464 kworker        2379468 nvme1n1 WM   1283981176 4096      0.084
12:03:35.464 kworker        2379468 nvme1n1 WM   1283981192 4096      0.086
12:03:35.464 kworker        2379468 nvme1n1 WM   1283981288 4096      0.089
12:03:35.464 kworker        2379468 nvme1n1 WM   1283981304 4096      0.091
12:03:35.464 kworker        2379468 nvme1n1 WM   1284108216 4096      0.095
12:03:35.464 kworker        2379468 nvme1n1 WM   1284108360 4096      0.095
12:03:35.464 kworker        2379468 nvme1n1 WM   1284108376 4096      0.098
12:03:35.464 kworker        2379468 nvme1n1 WM   1284108392 4096      0.105
12:03:35.464 kworker        2379468 nvme1n1 WM   1284108408 4096      0.108
12:03:35.464 kworker        2379468 nvme1n1 WM   1284108504 4096      0.109
12:03:35.464 kworker        2379468 nvme1n1 WM   1284108520 4096      0.110
12:03:35.464 kworker        2379468 nvme1n1 WM   1480589376 4096      0.113
12:03:35.464 kworker        2379468 nvme1n1 WM   1484783640 4096      0.053
12:03:35.464 kworker        2379468 nvme1n1 WM   1488531592 4096      0.055
12:03:35.464 kworker        2379468 nvme1n1 WM   1556086856 4096      0.062
12:03:35.464 kworker        2379468 nvme1n1 WM   1560281120 4096      0.062
12:03:35.464 kworker        2379468 nvme1n1 WM   1577058312 4096      0.063
12:03:35.464 kworker        2379468 nvme1n1 WM   1480589392 24576     0.074
12:03:35.721 nvme           2397081 Unknown N    -1         512       0.035
12:03:36.736 nvme           2397089 Unknown N    -1         512       0.033
12:03:36.941 python3        2290921 nvme1n1 WS   113516544  131072    0.186
12:03:36.942 python3        2290921 nvme1n1 WS   113516800  131072    0.243
12:03:36.942 python3        2290921 nvme1n1 WS   113517056  131072    0.323
12:03:36.942 python3        2290921 nvme1n1 WS   113517312  131072    0.398
12:03:36.942 python3        2290921 nvme1n1 WS   113517568  131072    0.476
12:03:36.942 python3        2290921 nvme1n1 WS   113517824  131072    0.563
12:03:36.942 python3        2290921 nvme1n1 WS   113518080  131072    0.642
12:03:36.942 python3        2290921 nvme1n1 WS   113518336  131072    0.694
12:03:36.942 python3        2290921 nvme1n1 WS   113518592  131072    0.753
12:03:36.942 python3        2290921 nvme1n1 WS   113518848  131072    0.836
12:03:36.942 python3        2290921 nvme1n1 WS   113519104  131072    0.921
12:03:36.942 python3        2290921 nvme1n1 WS   113519360  131072    0.998
12:03:36.942 python3        2290921 nvme1n1 WS   113519616  131072    1.079
12:03:36.943 python3        2290921 nvme1n1 WS   113519872  131072    1.198
12:03:36.943 python3        2290921 nvme1n1 WS   113520128  131072    1.250
12:03:36.943 python3        2290921 nvme1n1 WS   113520384  131072    1.321
12:03:36.943 python3        2290921 nvme1n1 WS   113520640  131072    1.390
12:03:36.943 python3        2290921 nvme1n1 WS   113520896  131072    1.470
12:03:36.943 python3        2290923 nvme1n1 WS   113524736  131072    1.047
12:03:36.943 python3        2290923 nvme1n1 WS   113524992  131072    1.126
12:03:36.943 python3        2290923 nvme1n1 WS   113525248  131072    1.203
12:03:36.943 python3        2290923 nvme1n1 WS   113525504  131072    1.281
12:03:36.943 python3        2290923 nvme1n1 WS   113525760  131072    1.365
12:03:36.943 python3        2290923 nvme1n1 WS   113526016  131072    1.453
12:03:36.943 python3        2290923 nvme1n1 WS   113526272  131072    1.531
12:03:36.944 python3        2290923 nvme1n1 WS   113526528  131072    1.537
12:03:36.944 python3        2290923 nvme1n1 WS   113526784  131072    1.622
12:03:36.944 python3        2290923 nvme1n1 WS   113527040  131072    1.702
12:03:36.944 python3        2290923 nvme1n1 WS   113527296  131072    1.779
12:03:36.944 python3        2290923 nvme1n1 WS   113527552  131072    1.846
12:03:36.944 python3        2290923 nvme1n1 WS   113527808  131072    1.918
12:03:36.944 python3        2290923 nvme1n1 WS   113528064  131072    1.989
12:03:36.944 python3        2290923 nvme1n1 WS   113528320  131072    2.063
12:03:36.944 python3        2290921 nvme1n1 WS   113528832  131072    2.110
12:03:36.944 python3        2290921 nvme1n1 WS   113529088  131072    2.184
12:03:36.944 python3        2290921 nvme1n1 WS   113529344  131072    2.257
12:03:36.944 python3        2290921 nvme1n1 WS   113529600  131072    2.340
12:03:36.944 python3        2290921 nvme1n1 WS   113529856  131072    2.412
12:03:36.945 python3        2290921 nvme1n1 WS   113530112  131072    2.478
12:03:36.945 python3        2290923 nvme1n1 WS   113528576  131072    2.551
12:03:36.945 python3        2290921 nvme1n1 WS   113530368  131072    2.623
12:03:36.945 python3        2290923 nvme1n1 WS   113532928  131072    2.699
12:03:36.945 python3        2290923 nvme1n1 WS   113533184  131072    2.775
12:03:36.945 python3        2290921 nvme1n1 WS   113530624  131072    2.829
12:03:36.945 python3        2290921 nvme1n1 WS   113530880  131072    2.901
12:03:36.945 python3        2290921 nvme1n1 WS   113531136  131072    2.982
12:03:36.945 python3        2290921 nvme1n1 WS   113531392  131072    3.045
12:03:36.945 python3        2290921 nvme1n1 WS   113531648  131072    3.117
12:03:36.945 python3        2290921 nvme1n1 WS   113531904  131072    3.190
12:03:36.945 python3        2290921 nvme1n1 WS   113532160  131072    3.262
12:03:36.945 python3        2290921 nvme1n1 WS   113532416  131072    3.339
12:03:36.946 python3        2290921 nvme1n1 WS   113532672  131072    3.392
12:03:36.946 python3        2290921 nvme1n1 WS   113537024  131072    3.465
12:03:36.946 python3        2290921 nvme1n1 WS   113537280  131072    3.545
12:03:36.946 python3        2290923 nvme1n1 WS   113541120  131072    3.300
12:03:36.946 python3        2290923 nvme1n1 WS   113541376  131072    3.363
12:03:36.946 python3        2290923 nvme1n1 WS   113541632  131072    3.438
12:03:36.946 python3        2290923 nvme1n1 WS   113541888  131072    3.510
12:03:36.946 python3        2290923 nvme1n1 WS   113542144  131072    3.587
12:03:36.946 python3        2290923 nvme1n1 WS   113542400  131072    3.660
12:03:36.946 python3        2290923 nvme1n1 WS   113542656  131072    3.732
12:03:36.946 python3        2290923 nvme1n1 WS   113542912  131072    3.771
12:03:36.946 python3        2290923 nvme1n1 WS   113543168  131072    3.844
12:03:36.946 python3        2290923 nvme1n1 WS   113543424  131072    3.922
12:03:36.947 python3        2290923 nvme1n1 WS   113543680  131072    3.992
12:03:36.947 python3        2290923 nvme1n1 WS   113543936  131072    4.064
12:03:36.947 python3        2290923 nvme1n1 WS   113544192  131072    4.136
12:03:36.947 python3        2290921 nvme1n1 WS   113545216  131072    4.219
12:03:36.947 python3        2290923 nvme1n1 WS   113544448  131072    4.287
12:03:36.947 python3        2290923 nvme1n1 WS   113544704  131072    4.387
12:03:36.947 python3        2290921 nvme1n1 WS   113545472  131072    4.455
12:03:36.947 python3        2290921 nvme1n1 WS   113545728  131072    4.516
12:03:36.947 python3        2290921 nvme1n1 WS   113545984  131072    4.586
12:03:36.947 python3        2290921 nvme1n1 WS   113546240  131072    4.658
12:03:36.947 python3        2290921 nvme1n1 WS   113546496  131072    4.729
12:03:36.948 python3        2290923 nvme1n1 WS   113544960  131072    4.801
12:03:36.948 python3        2290923 nvme1n1 WS   113553408  131072    4.870
12:03:36.948 python3        2290923 nvme1n1 WS   113553664  131072    4.951
12:03:36.948 python3        2290921 nvme1n1 WS   113546752  131072    5.026
12:03:36.948 python3        2290921 nvme1n1 WS   113549312  131072    5.080
12:03:36.948 python3        2290921 nvme1n1 WS   113549568  131072    5.146
12:03:36.948 python3        2290921 nvme1n1 WS   113549824  131072    5.220
12:03:36.948 python3        2290921 nvme1n1 WS   113550080  131072    5.295
12:03:36.948 python3        2290921 nvme1n1 WS   113550336  131072    5.520
12:03:36.948 python3        2290921 nvme1n1 WS   113547008  131072    5.378
12:03:36.948 python3        2290921 nvme1n1 WS   113547264  131072    5.448
12:03:36.948 python3        2290921 nvme1n1 WS   113550592  131072    5.593
12:03:36.948 python3        2290921 nvme1n1 WS   113550848  131072    5.663
12:03:36.948 python3        2290921 nvme1n1 WS   113547520  131072    5.756
12:03:36.949 python3        2290921 nvme1n1 WS   113547776  131072    5.828
12:03:36.949 python3        2290921 nvme1n1 WS   113548032  131072    5.933
12:03:36.949 python3        2290921 nvme1n1 WS   113548288  131072    6.005
12:03:36.949 python3        2290921 nvme1n1 WS   113548544  131072    6.079
12:03:36.949 python3        2290921 nvme1n1 WS   113548800  131072    6.160
12:03:36.949 python3        2290921 nvme1n1 WS   113551104  131072    6.210
12:03:36.949 python3        2290921 nvme1n1 WS   113551360  131072    6.276
12:03:36.949 python3        2290921 nvme1n1 WS   113551616  131072    6.350
12:03:36.949 python3        2290921 nvme1n1 WS   113551872  131072    6.423
12:03:36.949 python3        2290921 nvme1n1 WS   113552128  131072    6.495
12:03:36.949 python3        2290921 nvme1n1 WS   113552384  131072    6.568
12:03:36.949 python3        2290921 nvme1n1 WS   113552640  131072    6.646
12:03:36.949 python3        2290921 nvme1n1 WS   113552896  131072    6.719
12:03:36.950 python3        2290921 nvme1n1 WS   113549056  131072    6.802
12:03:36.950 python3        2290921 nvme1n1 WS   113557504  131072    6.868
12:03:36.950 python3        2290921 nvme1n1 WS   113557760  131072    6.945
12:03:36.950 python3        2290921 nvme1n1 WS   113553152  131072    6.999
12:03:36.950 python3        2290921 nvme1n1 WS   113561600  131072    7.072
12:03:36.950 python3        2290921 nvme1n1 WS   113561856  131072    7.146
12:03:36.950 python3        2290922 nvme1n1 WS   113565696  131072    6.838
12:03:36.950 python3        2290922 nvme1n1 WS   113565952  131072    6.908
12:03:36.950 python3        2290922 nvme1n1 WS   113566208  131072    6.979
12:03:36.950 python3        2290922 nvme1n1 WS   113566464  131072    7.051
12:03:36.950 python3        2290922 nvme1n1 WS   113566720  131072    7.125
12:03:36.950 python3        2290922 nvme1n1 WS   113566976  131072    7.202
12:03:36.951 python3        2290922 nvme1n1 WS   113567232  131072    7.278
12:03:36.951 python3        2290922 nvme1n1 WS   113567488  131072    7.314
12:03:36.951 python3        2290922 nvme1n1 WS   113567744  131072    7.380
12:03:36.951 python3        2290922 nvme1n1 WS   113568000  131072    7.450
12:03:36.951 python3        2290922 nvme1n1 WS   113568256  131072    7.521
12:03:36.951 python3        2290922 nvme1n1 WS   113568512  131072    7.597
12:03:36.951 python3        2290922 nvme1n1 WS   113568768  131072    7.677
12:03:36.951 python3        2290922 nvme1n1 WS   113569024  131072    7.748
12:03:36.951 python3        2290922 nvme1n1 WS   113569280  131072    7.821
12:03:36.951 python3        2290923 nvme1n1 WS   113569792  131072    7.900
12:03:36.951 python3        2290923 nvme1n1 WS   113570048  131072    7.964
12:03:36.951 python3        2290923 nvme1n1 WS   113570304  131072    8.040
12:03:36.951 python3        2290923 nvme1n1 WS   113570560  131072    8.114
12:03:36.951 python3        2290923 nvme1n1 WS   113570816  131072    8.188
12:03:36.952 python3        2290923 nvme1n1 WS   113571072  131072    8.263
12:03:36.952 python3        2290922 nvme1n1 WS   113569536  131072    8.341
12:03:36.952 python3        2290922 nvme1n1 WS   113573888  131072    8.413
12:03:36.952 python3        2290922 nvme1n1 WS   113574144  131072    8.492
12:03:36.952 python3        2290923 nvme1n1 WS   113571328  131072    8.575
12:03:36.952 python3        2290923 nvme1n1 WS   113571584  131072    8.616
12:03:36.952 python3        2290923 nvme1n1 WS   113571840  131072    8.688
12:03:36.952 python3        2290923 nvme1n1 WS   113572096  131072    8.760
12:03:36.952 python3        2290923 nvme1n1 WS   113572352  131072    8.834
12:03:36.952 python3        2290923 nvme1n1 WS   113572608  131072    8.907
12:03:36.952 python3        2290923 nvme1n1 WS   113572864  131072    8.981
12:03:36.952 python3        2290923 nvme1n1 WS   113573120  131072    9.052
12:03:36.953 python3        2290923 nvme1n1 WS   113573376  131072    9.127
12:03:36.953 python3        2290923 nvme1n1 WS   113573632  131072    9.174
12:03:36.953 python3        2290923 nvme1n1 WS   113577984  131072    9.251
12:03:36.953 python3        2290923 nvme1n1 WS   113578240  131072    9.327
12:03:36.953 python3        2290923 nvme1n1 WS   113582080  131072    9.271
12:03:36.953 python3        2290923 nvme1n1 WS   113582336  131072    9.333
12:03:36.953 python3        2290923 nvme1n1 WS   113582592  131072    9.408
12:03:36.953 python3        2290923 nvme1n1 WS   113582848  131072    9.486
12:03:36.953 python3        2290923 nvme1n1 WS   113583104  131072    9.558
12:03:36.953 python3        2290923 nvme1n1 WS   113583360  131072    9.635
12:03:36.953 python3        2290923 nvme1n1 WS   113583616  131072    9.711
12:03:36.953 python3        2290923 nvme1n1 WS   113583872  131072    9.752
12:03:36.954 python3        2290923 nvme1n1 WS   113584128  131072    9.858
12:03:36.954 python3        2290923 nvme1n1 WS   113584384  131072    9.935
12:03:36.954 python3        2290922 nvme1n1 WS   113586176  131072   10.009
12:03:36.954 python3        2290923 nvme1n1 WS   113584640  131072   10.081
12:03:36.954 python3        2290923 nvme1n1 WS   113584896  131072   10.159
12:03:36.954 python3        2290922 nvme1n1 WS   113586432  131072   10.242
12:03:36.954 python3        2290922 nvme1n1 WS   113586688  131072   10.321
12:03:36.954 python3        2290922 nvme1n1 WS   113586944  131072   10.397
12:03:36.954 python3        2290922 nvme1n1 WS   113587200  131072   10.470
12:03:36.954 python3        2290922 nvme1n1 WS   113587456  131072   10.549
12:03:36.954 python3        2290922 nvme1n1 WS   113587712  131072   10.621
12:03:36.954 python3        2290923 nvme1n1 WS   113585152  131072   10.719
12:03:36.954 python3        2290923 nvme1n1 WS   113585408  131072   10.794
12:03:36.955 python3        2290923 nvme1n1 WS   113585664  131072   10.864
12:03:36.955 python3        2290923 nvme1n1 WS   113585920  131072   10.911
12:03:36.955 python3        2290923 nvme1n1 WS   113590272  131072   10.985
12:03:36.955 python3        2290923 nvme1n1 WS   113590528  131072   11.059
12:03:36.955 python3        2290922 nvme1n1 WS   113587968  131072   11.140
12:03:36.955 python3        2290922 nvme1n1 WS   113588224  131072   11.211
12:03:36.955 python3        2290922 nvme1n1 WS   113588480  131072   11.282
12:03:36.955 python3        2290922 nvme1n1 WS   113588736  131072   11.358
12:03:36.955 python3        2290922 nvme1n1 WS   113588992  131072   11.435
12:03:36.955 python3        2290922 nvme1n1 WS   113589248  131072   11.511
12:03:36.955 python3        2290922 nvme1n1 WS   113589504  131072   11.587
12:03:36.955 python3        2290922 nvme1n1 WS   113589760  131072   11.666
12:03:36.956 python3        2290922 nvme1n1 WS   113590016  131072   11.720
12:03:36.956 python3        2290922 nvme1n1 WS   113594368  131072   11.795
12:03:36.956 python3        2290922 nvme1n1 WS   113594624  131072   11.870
12:03:36.956 python3        2290921 nvme1n1 WS   113598464  131072   11.441
12:03:36.956 python3        2290921 nvme1n1 WS   113598720  131072   11.510
12:03:36.956 python3        2290921 nvme1n1 WS   113598976  131072   11.582
12:03:36.956 python3        2290921 nvme1n1 WS   113599232  131072   11.668
12:03:36.956 python3        2290921 nvme1n1 WS   113599488  131072   11.737
12:03:36.956 python3        2290921 nvme1n1 WS   113599744  131072   11.810
12:03:36.956 python3        2290921 nvme1n1 WS   113600000  131072   11.886
12:03:36.956 python3        2290921 nvme1n1 WS   113600256  131072   11.927
12:03:36.956 python3        2290921 nvme1n1 WS   113600512  131072   12.002
12:03:36.956 python3        2290921 nvme1n1 WS   113600768  131072   12.077
12:03:36.957 python3        2290921 nvme1n1 WS   113601024  131072   12.152
12:03:36.957 python3        2290921 nvme1n1 WS   113601280  131072   12.226
12:03:36.957 python3        2290921 nvme1n1 WS   113601536  131072   12.301
12:03:36.957 python3        2290921 nvme1n1 WS   113601792  131072   12.455
12:03:36.957 python3        2290922 nvme1n1 WS   113602560  131072   12.383
12:03:36.957 python3        2290921 nvme1n1 WS   113602048  131072   12.534
12:03:36.957 python3        2290922 nvme1n1 WS   113602816  131072   12.615
12:03:36.957 python3        2290922 nvme1n1 WS   113603072  131072   12.687
12:03:36.957 python3        2290922 nvme1n1 WS   113603328  131072   12.767
12:03:36.957 python3        2290922 nvme1n1 WS   113603584  131072   12.844
12:03:36.957 python3        2290922 nvme1n1 WS   113603840  131072   12.924
12:03:36.957 python3        2290922 nvme1n1 WS   113604096  131072   12.998
12:03:36.958 python3        2290921 nvme1n1 WS   113602304  131072   13.060
12:03:36.958 python3        2290921 nvme1n1 WS   113606656  131072   13.128
12:03:36.958 python3        2290921 nvme1n1 WS   113606912  131072   13.214
12:03:36.958 python3        2290922 nvme1n1 WS   113604352  131072   13.274
12:03:36.958 python3        2290922 nvme1n1 WS   113604608  131072   13.347
12:03:36.958 python3        2290922 nvme1n1 WS   113604864  131072   13.420
12:03:36.958 python3        2290922 nvme1n1 WS   113605120  131072   13.493
12:03:36.958 python3        2290922 nvme1n1 WS   113605376  131072   13.567
12:03:36.958 python3        2290922 nvme1n1 WS   113605632  131072   13.641
12:03:36.958 python3        2290922 nvme1n1 WS   113605888  131072   13.714
12:03:36.958 python3        2290922 nvme1n1 WS   113606144  131072   13.791
12:03:36.958 python3        2290922 nvme1n1 WS   113606400  131072   13.842
12:03:36.958 python3        2290922 nvme1n1 WS   113610752  131072   13.955
12:03:36.959 python3        2290922 nvme1n1 WS   113611008  131072   14.032
12:03:36.959 python3        2290922 nvme1n1 WS   113614848  131072   13.704
12:03:36.959 python3        2290922 nvme1n1 WS   113615104  131072   13.767
12:03:36.959 python3        2290922 nvme1n1 WS   113615360  131072   13.841
12:03:36.959 python3        2290922 nvme1n1 WS   113615616  131072   13.916
12:03:36.962 python3        2290922 nvme1n1 WS   113615872  131072   13.992
12:03:36.962 python3        2290922 nvme1n1 WS   113616128  131072   14.046
12:03:36.962 python3        2290922 nvme1n1 WS   113616384  131072   14.118
12:03:36.962 python3        2290922 nvme1n1 WS   113616640  131072   14.157
12:03:36.962 python3        2290922 nvme1n1 WS   113616896  131072   14.237
12:03:36.962 python3        2290922 nvme1n1 WS   113617152  131072   14.319
12:03:36.962 python3        2290922 nvme1n1 WS   113617408  131072   14.378
12:03:36.962 python3        2290922 nvme1n1 WS   113617664  131072   14.449
12:03:36.962 python3        2290922 nvme1n1 WS   113617920  131072   14.523
12:03:36.962 python3        2290922 nvme1n1 WS   113618176  131072   14.594
12:03:36.962 python3        2290922 nvme1n1 WS   113618432  131072   14.667
12:03:36.962 python3        2290922 nvme1n1 WS   113618688  131072   14.727
12:03:36.962 python3        2290922 nvme1n1 WS   113618944  131072   14.803
12:03:36.962 python3        2290922 nvme1n1 WS   113619200  131072   14.890
12:03:36.962 python3        2290923 nvme1n1 WS   113623040  131072   13.175
12:03:36.962 python3        2290923 nvme1n1 WS   113623296  131072   13.241
12:03:36.962 python3        2290923 nvme1n1 WS   113623552  131072   13.314
12:03:36.962 python3        2290923 nvme1n1 WS   113623808  131072   13.386
12:03:36.962 python3        2290923 nvme1n1 WS   113624064  131072   13.459
12:03:36.962 python3        2290923 nvme1n1 WS   113624320  131072   13.537
12:03:36.962 python3        2290923 nvme1n1 WS   113624576  131072   13.614
12:03:36.962 python3        2290923 nvme1n1 WS   113624832  131072   13.652
12:03:36.962 python3        2290923 nvme1n1 WS   113625088  131072   13.729
12:03:36.962 python3        2290923 nvme1n1 WS   113625344  131072   13.813
12:03:36.962 python3        2290923 nvme1n1 WS   113625600  131072   13.882
12:03:36.962 python3        2290923 nvme1n1 WS   113625856  131072   13.936
12:03:36.962 python3        2290923 nvme1n1 WS   113626112  131072   14.003
12:03:36.962 python3        2290923 nvme1n1 WS   113626368  131072   14.077
12:03:36.962 python3        2290923 nvme1n1 WS   113626624  131072   14.149
12:03:36.962 python3        2290923 nvme1n1 WS   113626880  131072   14.206
12:03:36.962 python3        2290923 nvme1n1 WS   113627136  131072   14.283
12:03:36.962 python3        2290923 nvme1n1 WS   113627392  131072   14.359
12:03:36.962 python3        2290921 nvme1n1 WS   113631232  131072   14.062
12:03:36.962 python3        2290921 nvme1n1 WS   113631488  131072   14.135
12:03:36.962 python3        2290921 nvme1n1 WS   113631744  131072   14.224
12:03:36.962 python3        2290921 nvme1n1 WS   113632000  131072   14.292
12:03:36.962 python3        2290921 nvme1n1 WS   113632256  131072   14.357
12:03:36.962 python3        2290921 nvme1n1 WS   113632512  131072   14.428
12:03:36.962 python3        2290921 nvme1n1 WS   113632768  131072   14.503
12:03:36.962 python3        2290921 nvme1n1 WS   113633024  131072   14.549
12:03:36.962 python3        2290921 nvme1n1 WS   113633280  131072   14.621
12:03:36.962 python3        2290921 nvme1n1 WS   113633536  131072   14.697
12:03:36.962 python3        2290921 nvme1n1 WS   113633792  131072   14.772
12:03:36.962 python3        2290921 nvme1n1 WS   113634048  131072   14.843
12:03:36.962 python3        2290921 nvme1n1 WS   113634304  131072   14.919
12:03:36.962 python3        2290921 nvme1n1 WS   113634560  131072   14.992
12:03:36.963 python3        2290921 nvme1n1 WS   113634816  131072   15.067
12:03:36.963 python3        2290921 nvme1n1 WS   113635072  131072   15.124
12:03:36.963 python3        2290921 nvme1n1 WS   113635328  131072   15.194
12:03:36.963 python3        2290921 nvme1n1 WS   113635584  131072   15.271
12:03:36.963 python3        2290920 nvme1n1 WS   113639424  131072   14.802
12:03:36.963 python3        2290920 nvme1n1 WS   113639680  131072   14.869
12:03:36.963 python3        2290920 nvme1n1 WS   113639936  131072   14.940
12:03:36.963 python3        2290920 nvme1n1 WS   113640192  131072   15.014
12:03:36.963 python3        2290920 nvme1n1 WS   113640448  131072   15.087
12:03:36.963 python3        2290920 nvme1n1 WS   113640704  131072   15.165
12:03:36.963 python3        2290920 nvme1n1 WS   113640960  131072   15.270
12:03:36.963 python3        2290920 nvme1n1 WS   113641216  131072   15.307
12:03:36.964 python3        2290920 nvme1n1 WS   113641472  131072   15.383
12:03:36.964 python3        2290920 nvme1n1 WS   113641728  131072   15.456
12:03:36.964 python3        2290920 nvme1n1 WS   113641984  131072   15.530
12:03:36.964 python3        2290920 nvme1n1 WS   113642240  131072   15.607
12:03:36.964 python3        2290920 nvme1n1 WS   113642496  131072   15.678
12:03:36.964 python3        2290920 nvme1n1 WS   113642752  131072   15.751
12:03:36.964 python3        2290920 nvme1n1 WS   113643008  131072   15.829
12:03:36.964 python3        2290920 nvme1n1 WS   113643264  131072   15.877
12:03:36.964 python3        2290920 nvme1n1 WS   113643520  131072   15.949
12:03:36.964 python3        2290920 nvme1n1 WS   113643776  131072   16.024
12:03:36.964 python3        2290920 nvme1n1 WS   113647616  131072   15.828
12:03:36.964 python3        2290920 nvme1n1 WS   113647872  131072   15.897
12:03:36.964 python3        2290920 nvme1n1 WS   113648128  131072   15.970
12:03:36.965 python3        2290920 nvme1n1 WS   113648384  131072   16.041
12:03:36.965 python3        2290920 nvme1n1 WS   113648640  131072   16.119
12:03:36.965 python3        2290920 nvme1n1 WS   113648896  131072   16.192
12:03:36.965 python3        2290920 nvme1n1 WS   113649152  131072   16.304
12:03:36.965 python3        2290920 nvme1n1 WS   113649408  131072   16.402
12:03:36.965 python3        2290920 nvme1n1 WS   113649664  131072   16.524
12:03:36.965 python3        2290920 nvme1n1 WS   113649920  131072   16.647
12:03:36.965 python3        2290920 nvme1n1 WS   113650176  131072   16.772
12:03:36.965 python3        2290920 nvme1n1 WS   113650432  131072   16.898
12:03:36.966 python3        2290920 nvme1n1 WS   113650688  131072   17.017
12:03:36.966 python3        2290920 nvme1n1 WS   113650944  131072   17.145
12:03:36.966 python3        2290920 nvme1n1 WS   113651200  131072   17.237
12:03:36.966 python3        2290920 nvme1n1 WS   113651456  131072   17.294
12:03:36.966 python3        2290920 nvme1n1 WS   113651712  131072   17.367
12:03:36.966 python3        2290920 nvme1n1 WS   113651968  131072   17.446
12:03:36.966 python3        2290920 nvme1n1 WS   113659904  131072   17.465
12:03:36.966 python3        2290920 nvme1n1 WS   113660160  131072   17.537
12:03:36.966 python3        2290923 nvme1n1 WS   113655808  131072   17.622
12:03:36.966 python3        2290920 nvme1n1 WS   113660416  131072   17.695
12:03:36.967 python3        2290920 nvme1n1 WS   113660672  131072   17.768
12:03:36.967 python3        2290920 nvme1n1 WS   113660928  131072   17.850
12:03:36.967 python3        2290923 nvme1n1 WS   113656064  131072   17.932
12:03:36.967 python3        2290923 nvme1n1 WS   113656320  131072   18.006
12:03:36.967 python3        2290923 nvme1n1 WS   113656576  131072   18.080
12:03:36.967 python3        2290923 nvme1n1 WS   113656832  131072   18.175
12:03:36.967 python3        2290923 nvme1n1 WS   113657088  131072   18.300
12:03:36.967 python3        2290920 nvme1n1 WS   113661184  131072   18.440
12:03:36.967 python3        2290920 nvme1n1 WS   113661440  131072   18.560
12:03:36.967 python3        2290923 nvme1n1 WS   113657344  131072   18.683
12:03:36.968 python3        2290920 nvme1n1 WS   113661696  131072   18.784
12:03:36.968 python3        2290920 nvme1n1 WS   113661952  131072   18.916
12:03:36.968 python3        2290920 nvme1n1 WS   113662208  131072   19.056
12:03:36.968 python3        2290920 nvme1n1 WS   113662464  131072   19.204
12:03:36.968 python3        2290920 nvme1n1 WS   113662720  131072   19.339
12:03:36.968 python3        2290923 nvme1n1 WS   113657600  131072   19.490
12:03:36.968 python3        2290923 nvme1n1 WS   113657856  131072   19.632
12:03:36.969 python3        2290923 nvme1n1 WS   113658112  131072   19.774
12:03:36.969 python3        2290920 nvme1n1 WS   113662976  131072   19.917
12:03:36.969 python3        2290920 nvme1n1 WS   113663232  131072   20.056
12:03:36.969 python3        2290920 nvme1n1 WS   113663488  131072   20.198
12:03:36.969 python3        2290923 nvme1n1 WS   113658368  131072   20.350
12:03:36.969 python3        2290923 nvme1n1 WS   113658624  131072   20.488
12:03:36.969 python3        2290923 nvme1n1 WS   113658880  131072   20.629
12:03:36.970 python3        2290923 nvme1n1 WS   113659136  131072   20.768
12:03:36.970 python3        2290923 nvme1n1 WS   113659392  131072   20.910
12:03:36.970 python3        2290920 nvme1n1 WS   113663744  131072   21.042
12:03:36.970 python3        2290920 nvme1n1 WS   113664000  131072   21.182
12:03:36.970 python3        2290920 nvme1n1 WS   113664256  131072   21.357
12:03:36.970 python3        2290923 nvme1n1 WS   113659648  131072   21.495
12:03:36.970 python3        2290923 nvme1n1 WS   113668096  131072   21.638
12:03:36.971 python3        2290923 nvme1n1 WS   113668352  131072   21.778
12:03:36.971 python3        2290920 nvme1n1 WS   113672192  131072   21.877
12:03:36.971 python3        2290920 nvme1n1 WS   113672448  131072   22.012
12:03:36.971 python3        2290920 nvme1n1 WS   113672704  131072   22.153
12:03:36.971 python3        2290920 nvme1n1 WS   113672960  131072   22.291
12:03:36.971 python3        2290920 nvme1n1 WS   113673216  131072   22.430
12:03:36.971 python3        2290920 nvme1n1 WS   113673472  131072   22.570
12:03:36.972 python3        2290920 nvme1n1 WS   113673728  131072   22.712
12:03:36.972 python3        2290920 nvme1n1 WS   113673984  131072   22.821
12:03:36.972 python3        2290920 nvme1n1 WS   113674240  131072   22.963
12:03:36.972 python3        2290920 nvme1n1 WS   113674496  131072   23.103
12:03:36.972 python3        2290920 nvme1n1 WS   113674752  131072   23.243
12:03:36.972 python3        2290920 nvme1n1 WS   113675008  131072   23.366
12:03:36.972 python3        2290920 nvme1n1 WS   113675264  131072   23.507
12:03:36.973 python3        2290920 nvme1n1 WS   113675520  131072   23.653
12:03:36.973 python3        2290920 nvme1n1 WS   113675776  131072   23.788
12:03:36.973 python3        2290920 nvme1n1 WS   113676032  131072   23.910
12:03:36.973 python3        2290920 nvme1n1 WS   113676288  131072   24.050
12:03:36.973 python3        2290920 nvme1n1 WS   113676544  131072   24.191
12:03:36.973 python3        2290921 nvme1n1 WS   113680384  131072   22.865
12:03:36.974 python3        2290921 nvme1n1 WS   113680640  131072   22.999
12:03:36.974 python3        2290921 nvme1n1 WS   113680896  131072   23.139
12:03:36.974 python3        2290921 nvme1n1 WS   113681152  131072   23.278
12:03:36.974 python3        2290921 nvme1n1 WS   113681408  131072   23.419
12:03:36.974 python3        2290921 nvme1n1 WS   113681664  131072   23.561
12:03:36.974 python3        2290921 nvme1n1 WS   113681920  131072   23.702
12:03:36.974 python3        2290921 nvme1n1 WS   113682176  131072   23.809
12:03:36.975 python3        2290921 nvme1n1 WS   113682432  131072   23.951
12:03:36.975 python3        2290921 nvme1n1 WS   113682688  131072   24.095
12:03:36.975 python3        2290921 nvme1n1 WS   113682944  131072   24.239
12:03:36.975 python3        2290921 nvme1n1 WS   113683200  131072   24.385
12:03:36.975 python3        2290921 nvme1n1 WS   113683456  131072   24.529
12:03:36.975 python3        2290921 nvme1n1 WS   113683712  131072   24.678
12:03:36.975 python3        2290921 nvme1n1 WS   113683968  131072   24.826
12:03:36.976 python3        2290921 nvme1n1 WS   113684224  131072   24.958
12:03:36.976 python3        2290921 nvme1n1 WS   113684480  131072   25.101
12:03:36.976 python3        2290921 nvme1n1 WS   113684736  131072   25.249
12:03:36.976 python3        2290921 nvme1n1 WS   113688576  131072   25.022
12:03:36.976 python3        2290921 nvme1n1 WS   113688832  131072   25.107
12:03:36.976 python3        2290921 nvme1n1 WS   113689088  131072   25.185
12:03:36.976 python3        2290921 nvme1n1 WS   113689344  131072   25.259
12:03:36.976 python3        2290921 nvme1n1 WS   113689600  131072   25.335
12:03:36.976 python3        2290921 nvme1n1 WS   113689856  131072   25.410
12:03:36.977 python3        2290921 nvme1n1 WS   113690112  131072   25.486
12:03:36.977 python3        2290921 nvme1n1 WS   113690368  131072   25.527
12:03:36.977 python3        2290921 nvme1n1 WS   113690624  131072   25.604
12:03:36.977 python3        2290921 nvme1n1 WS   113690880  131072   25.680
12:03:36.977 python3        2290921 nvme1n1 WS   113691136  131072   25.760
12:03:36.977 python3        2290921 nvme1n1 WS   113691392  131072   25.836
12:03:36.977 python3        2290921 nvme1n1 WS   113691648  131072   25.917
12:03:36.977 python3        2290921 nvme1n1 WS   113691904  131072   25.991
12:03:36.977 python3        2290921 nvme1n1 WS   113692160  131072   26.066
12:03:36.977 python3        2290921 nvme1n1 WS   113692416  131072   26.120
12:03:36.977 python3        2290921 nvme1n1 WS   113692672  131072   26.197
12:03:36.977 python3        2290921 nvme1n1 WS   113692928  131072   26.272
12:03:36.977 python3        2290922 nvme1n1 WS   113696768  131072   24.193
12:03:36.978 python3        2290922 nvme1n1 WS   113697024  131072   24.264
12:03:36.978 python3        2290922 nvme1n1 WS   113697280  131072   24.345
12:03:36.978 python3        2290922 nvme1n1 WS   113697536  131072   24.417
12:03:36.978 python3        2290922 nvme1n1 WS   113697792  131072   24.529
12:03:36.978 python3        2290922 nvme1n1 WS   113698048  131072   24.603
12:03:36.978 python3        2290922 nvme1n1 WS   113698304  131072   24.677
12:03:36.978 python3        2290922 nvme1n1 WS   113698560  131072   24.719
12:03:36.978 python3        2290922 nvme1n1 WS   113698816  131072   24.797
12:03:36.978 python3        2290922 nvme1n1 WS   113699072  131072   24.873
12:03:36.978 python3        2290922 nvme1n1 WS   113699328  131072   24.949
12:03:36.978 python3        2290922 nvme1n1 WS   113699584  131072   25.024
12:03:36.979 python3        2290922 nvme1n1 WS   113699840  131072   25.101
12:03:36.979 python3        2290922 nvme1n1 WS   113700096  131072   25.174
12:03:36.979 python3        2290922 nvme1n1 WS   113700352  131072   25.247
12:03:36.979 python3        2290922 nvme1n1 WS   113700608  131072   25.303
12:03:36.979 python3        2290922 nvme1n1 WS   113700864  131072   25.376
12:03:36.979 python3        2290922 nvme1n1 WS   113701120  131072   25.453
12:03:36.979 python3        2290923 nvme1n1 WS   113704960  131072   21.663
12:03:36.979 python3        2290923 nvme1n1 WS   113705216  131072   21.736
12:03:36.979 python3        2290923 nvme1n1 WS   113705472  131072   21.812
12:03:36.979 python3        2290923 nvme1n1 WS   113705728  131072   21.889
12:03:36.979 python3        2290923 nvme1n1 WS   113705984  131072   21.970
12:03:36.979 python3        2290923 nvme1n1 WS   113706240  131072   22.040
12:03:36.979 python3        2290923 nvme1n1 WS   113706496  131072   22.118
12:03:36.980 python3        2290923 nvme1n1 WS   113706752  131072   22.162
12:03:36.980 python3        2290923 nvme1n1 WS   113707008  131072   22.235
12:03:36.980 python3        2290923 nvme1n1 WS   113707264  131072   22.310
12:03:36.980 python3        2290923 nvme1n1 WS   113707520  131072   22.388
12:03:36.980 python3        2290923 nvme1n1 WS   113707776  131072   22.461
12:03:36.980 python3        2290923 nvme1n1 WS   113708032  131072   22.533
12:03:36.980 python3        2290923 nvme1n1 WS   113708288  131072   22.606
12:03:36.980 python3        2290923 nvme1n1 WS   113708544  131072   22.678
12:03:36.980 python3        2290923 nvme1n1 WS   113708800  131072   22.738
12:03:36.980 python3        2290923 nvme1n1 WS   113709056  131072   22.811
12:03:36.980 python3        2290923 nvme1n1 WS   113709312  131072   22.890
12:03:36.980 python3        2290923 nvme1n1 WS   113713152  131072   22.887
12:03:36.980 python3        2290923 nvme1n1 WS   113713408  131072   22.965
12:03:36.981 python3        2290923 nvme1n1 WS   113713664  131072   23.040
12:03:36.981 python3        2290923 nvme1n1 WS   113713920  131072   23.115
12:03:36.981 python3        2290923 nvme1n1 WS   113714176  131072   23.191
12:03:36.981 python3        2290923 nvme1n1 WS   113714432  131072   23.267
12:03:36.981 python3        2290923 nvme1n1 WS   113714688  131072   23.342
12:03:36.981 python3        2290923 nvme1n1 WS   113714944  131072   23.385
12:03:36.981 python3        2290923 nvme1n1 WS   113715200  131072   23.455
12:03:36.981 python3        2290923 nvme1n1 WS   113715456  131072   23.530
12:03:36.981 python3        2290923 nvme1n1 WS   113715712  131072   23.601
12:03:36.981 python3        2290923 nvme1n1 WS   113715968  131072   23.674
12:03:36.981 python3        2290923 nvme1n1 WS   113716224  131072   23.752
12:03:36.981 python3        2290923 nvme1n1 WS   113716480  131072   23.826
12:03:36.981 python3        2290923 nvme1n1 WS   113716736  131072   23.902
12:03:36.982 python3        2290923 nvme1n1 WS   113716992  131072   23.959
12:03:36.982 python3        2290923 nvme1n1 WS   113717248  131072   24.034
12:03:36.982 python3        2290923 nvme1n1 WS   113717504  131072   24.110
12:03:36.982 python3        2290922 nvme1n1 WS   113721344  131072   22.608
12:03:36.982 python3        2290922 nvme1n1 WS   113721600  131072   22.676
12:03:36.982 python3        2290922 nvme1n1 WS   113721856  131072   22.760
12:03:36.982 python3        2290922 nvme1n1 WS   113722112  131072   22.824
12:03:36.982 python3        2290922 nvme1n1 WS   113722368  131072   22.899
12:03:36.982 python3        2290922 nvme1n1 WS   113722624  131072   22.979
12:03:36.982 python3        2290922 nvme1n1 WS   113722880  131072   23.052
12:03:36.982 python3        2290922 nvme1n1 WS   113723136  131072   23.086
12:03:36.982 python3        2290922 nvme1n1 WS   113723392  131072   23.160
12:03:36.983 python3        2290922 nvme1n1 WS   113723648  131072   23.237
12:03:36.983 python3        2290922 nvme1n1 WS   113723904  131072   23.294
12:03:36.983 python3        2290922 nvme1n1 WS   113724160  131072   23.356
12:03:36.983 python3        2290922 nvme1n1 WS   113724416  131072   23.513
12:03:36.983 python3        2290922 nvme1n1 WS   113724672  131072   23.638
12:03:36.983 python3        2290922 nvme1n1 WS   113724928  131072   23.764
12:03:36.983 python3        2290922 nvme1n1 WS   113725184  131072   23.874
12:03:36.983 python3        2290922 nvme1n1 WS   113725440  131072   24.015
12:03:36.983 python3        2290922 nvme1n1 WS   113725696  131072   24.158
12:03:36.984 python3        2290922 nvme1n1 WS   113729536  131072   22.909
12:03:36.984 python3        2290922 nvme1n1 WS   113729792  131072   23.047
12:03:36.984 python3        2290922 nvme1n1 WS   113730048  131072   23.188
12:03:36.984 python3        2290922 nvme1n1 WS   113730304  131072   23.324
12:03:36.984 python3        2290922 nvme1n1 WS   113730560  131072   23.462
12:03:36.984 python3        2290922 nvme1n1 WS   113730816  131072   23.589
12:03:36.984 python3        2290922 nvme1n1 WS   113731072  131072   23.718
12:03:36.985 python3        2290922 nvme1n1 WS   113731328  131072   23.783
12:03:36.985 python3        2290922 nvme1n1 WS   113731584  131072   23.870
12:03:36.985 python3        2290922 nvme1n1 WS   113731840  131072   23.944
12:03:36.985 python3        2290922 nvme1n1 WS   113732096  131072   24.018
12:03:36.985 python3        2290922 nvme1n1 WS   113732352  131072   24.089
12:03:36.985 python3        2290922 nvme1n1 WS   113732608  131072   24.164
12:03:36.985 python3        2290922 nvme1n1 WS   113732864  131072   24.241
12:03:36.985 python3        2290922 nvme1n1 WS   113733120  131072   24.319
12:03:36.985 python3        2290922 nvme1n1 WS   113733376  131072   24.366
12:03:36.985 python3        2290922 nvme1n1 WS   113733632  131072   24.445
12:03:36.985 python3        2290922 nvme1n1 WS   113733888  131072   24.523
12:03:36.985 python3        2290921 nvme1n1 WS   113737728  131072   23.927
12:03:36.986 python3        2290921 nvme1n1 WS   113737984  131072   24.005
12:03:36.986 python3        2290921 nvme1n1 WS   113738240  131072   24.082
12:03:36.986 python3        2290921 nvme1n1 WS   113738496  131072   24.155
12:03:36.986 python3        2290921 nvme1n1 WS   113738752  131072   24.233
12:03:36.986 python3        2290921 nvme1n1 WS   113739008  131072   24.307
12:03:36.986 python3        2290921 nvme1n1 WS   113739264  131072   24.393
12:03:36.986 python3        2290921 nvme1n1 WS   113739520  131072   24.426
12:03:36.986 python3        2290921 nvme1n1 WS   113739776  131072   24.498
12:03:36.986 python3        2290921 nvme1n1 WS   113740032  131072   24.566
12:03:36.986 python3        2290921 nvme1n1 WS   113740288  131072   24.638
12:03:36.986 python3        2290921 nvme1n1 WS   113740544  131072   24.715
12:03:36.986 python3        2290921 nvme1n1 WS   113740800  131072   24.790
12:03:36.987 python3        2290921 nvme1n1 WS   113741056  131072   24.867
12:03:36.987 python3        2290921 nvme1n1 WS   113741312  131072   24.948
12:03:36.987 python3        2290921 nvme1n1 WS   113741568  131072   25.003
12:03:36.987 python3        2290921 nvme1n1 WS   113741824  131072   25.081
12:03:36.987 python3        2290921 nvme1n1 WS   113742080  131072   25.156
12:03:36.987 python3        2290923 nvme1n1 WS   113745920  131072   24.750
12:03:36.987 python3        2290923 nvme1n1 WS   113746176  131072   24.812
12:03:36.987 python3        2290923 nvme1n1 WS   113746432  131072   24.889
12:03:36.987 python3        2290923 nvme1n1 WS   113746688  131072   24.967
12:03:36.987 python3        2290923 nvme1n1 WS   113746944  131072   25.043
12:03:36.987 python3        2290923 nvme1n1 WS   113747200  131072   25.114
12:03:36.987 python3        2290923 nvme1n1 WS   113747456  131072   25.190
12:03:36.987 python3        2290923 nvme1n1 WS   113747712  131072   25.227
12:03:36.988 python3        2290923 nvme1n1 WS   113747968  131072   25.298
12:03:36.988 python3        2290923 nvme1n1 WS   113748224  131072   25.379
12:03:36.988 python3        2290923 nvme1n1 WS   113748480  131072   25.453
12:03:36.988 python3        2290923 nvme1n1 WS   113748736  131072   25.529
12:03:36.988 python3        2290923 nvme1n1 WS   113748992  131072   25.602
12:03:36.988 python3        2290923 nvme1n1 WS   113749248  131072   25.679
12:03:36.988 python3        2290923 nvme1n1 WS   113749504  131072   25.754
12:03:36.988 python3        2290923 nvme1n1 WS   113749760  131072   25.804
12:03:36.988 python3        2290923 nvme1n1 WS   113750016  131072   25.883
12:03:36.988 python3        2290923 nvme1n1 WS   113750272  131072   25.958
12:03:36.988 python3        2290922 nvme1n1 WS   113754112  131072   25.682
12:03:36.988 python3        2290922 nvme1n1 WS   113754368  131072   25.750
12:03:36.989 python3        2290922 nvme1n1 WS   113754624  131072   25.856
12:03:36.989 python3        2290922 nvme1n1 WS   113754880  131072   25.927
12:03:36.989 python3        2290922 nvme1n1 WS   113755136  131072   26.004
12:03:36.989 python3        2290922 nvme1n1 WS   113755392  131072   26.078
12:03:36.989 python3        2290922 nvme1n1 WS   113755648  131072   26.152
12:03:36.989 python3        2290922 nvme1n1 WS   113755904  131072   26.190
12:03:36.989 python3        2290922 nvme1n1 WS   113756160  131072   26.267
12:03:36.989 python3        2290922 nvme1n1 WS   113756416  131072   26.341
12:03:36.989 python3        2290922 nvme1n1 WS   113756672  131072   26.411
12:03:36.989 python3        2290922 nvme1n1 WS   113756928  131072   26.483
12:03:36.989 python3        2290922 nvme1n1 WS   113757184  131072   26.557
12:03:36.989 python3        2290922 nvme1n1 WS   113757440  131072   26.632
12:03:36.989 python3        2290922 nvme1n1 WS   113757696  131072   26.711
12:03:36.990 python3        2290922 nvme1n1 WS   113757952  131072   26.768
12:03:36.990 python3        2290922 nvme1n1 WS   113758208  131072   26.845
12:03:36.990 python3        2290922 nvme1n1 WS   113758464  131072   26.925
12:03:36.990 python3        2290921 nvme1n1 WS   113762304  131072   25.254
12:03:36.990 python3        2290921 nvme1n1 WS   113762560  131072   25.324
12:03:36.993 python3        2290921 nvme1n1 WS   113762816  131072   25.399
12:03:36.993 python3        2290921 nvme1n1 WS   113763072  131072   25.469
12:03:36.993 python3        2290921 nvme1n1 WS   113763328  131072   25.544
12:03:36.993 python3        2290921 nvme1n1 WS   113763584  131072   25.621
12:03:36.993 python3        2290921 nvme1n1 WS   113763840  131072   25.697
12:03:36.993 python3        2290921 nvme1n1 WS   113764096  131072   25.736
12:03:36.993 python3        2290921 nvme1n1 WS   113764352  131072   25.808
12:03:36.993 python3        2290921 nvme1n1 WS   113764608  131072   25.880
12:03:36.993 python3        2290921 nvme1n1 WS   113764864  131072   25.953
12:03:36.993 python3        2290921 nvme1n1 WS   113765120  131072   26.026
12:03:36.993 python3        2290921 nvme1n1 WS   113765376  131072   26.100
12:03:36.993 python3        2290921 nvme1n1 WS   113765632  131072   26.173
12:03:36.993 python3        2290921 nvme1n1 WS   113765888  131072   26.248
12:03:36.993 python3        2290921 nvme1n1 WS   113766144  131072   26.306
12:03:36.993 python3        2290921 nvme1n1 WS   113766400  131072   26.386
12:03:36.993 python3        2290921 nvme1n1 WS   113766656  131072   26.466
12:03:36.993 python3        2290920 nvme1n1 WS   113770496  131072   25.879
12:03:36.993 python3        2290920 nvme1n1 WS   113770752  131072   25.956
12:03:36.993 python3        2290920 nvme1n1 WS   113771008  131072   26.031
12:03:36.993 python3        2290920 nvme1n1 WS   113771264  131072   26.104
12:03:36.993 python3        2290920 nvme1n1 WS   113771520  131072   26.178
12:03:36.993 python3        2290920 nvme1n1 WS   113771776  131072   26.251
12:03:36.993 python3        2290920 nvme1n1 WS   113772032  131072   26.324
12:03:36.993 python3        2290920 nvme1n1 WS   113772288  131072   26.369
12:03:36.993 python3        2290920 nvme1n1 WS   113772544  131072   26.441
12:03:36.993 python3        2290920 nvme1n1 WS   113772800  131072   26.530
12:03:36.993 python3        2290920 nvme1n1 WS   113773056  131072   26.633
12:03:36.993 python3        2290920 nvme1n1 WS   113773312  131072   26.755
12:03:36.993 python3        2290920 nvme1n1 WS   113773568  131072   26.881
12:03:36.993 python3        2290920 nvme1n1 WS   113773824  131072   27.007
12:03:36.993 python3        2290920 nvme1n1 WS   113778688  131072   24.767
12:03:36.993 python3        2290920 nvme1n1 WS   113778944  131072   24.890
12:03:36.993 python3        2290920 nvme1n1 WS   113779200  131072   25.026
12:03:36.993 python3        2290920 nvme1n1 WS   113779456  131072   25.153
12:03:36.993 python3        2290920 nvme1n1 WS   113779712  131072   25.281
12:03:36.993 python3        2290920 nvme1n1 WS   113779968  131072   25.406
12:03:36.993 python3        2290920 nvme1n1 WS   113780224  131072   25.535
12:03:36.994 python3        2290920 nvme1n1 WS   113780480  131072   25.590
12:03:36.994 python3        2290920 nvme1n1 WS   113780736  131072   25.670
12:03:36.994 python3        2290920 nvme1n1 WS   113780992  131072   25.743
12:03:36.994 python3        2290920 nvme1n1 WS   113781248  131072   25.823
12:03:36.994 python3        2290920 nvme1n1 WS   113781504  131072   25.897
12:03:36.994 python3        2290920 nvme1n1 WS   113774080  131072   28.439
12:03:36.994 python3        2290920 nvme1n1 WS   113774336  131072   28.479
12:03:36.994 python3        2290920 nvme1n1 WS   113774592  131072   28.590
12:03:36.994 python3        2290920 nvme1n1 WS   113774848  131072   28.662
12:03:36.994 python3        2290920 nvme1n1 WS   113781760  131072   26.325
12:03:36.994 python3        2290920 nvme1n1 WS   113782016  131072   26.403
12:03:36.994 python3        2290920 nvme1n1 WS   113782272  131072   26.482
12:03:36.995 python3        2290920 nvme1n1 WS   113782528  131072   26.546
12:03:36.995 python3        2290920 nvme1n1 WS   113782784  131072   26.611
12:03:36.995 python3        2290920 nvme1n1 WS   113783040  131072   26.687
12:03:36.995 python3        2290920 nvme1n1 WS   113786880  131072   23.512
12:03:36.995 python3        2290920 nvme1n1 WS   113787136  131072   23.579
12:03:36.995 python3        2290920 nvme1n1 WS   113787392  131072   23.650
12:03:36.995 python3        2290920 nvme1n1 WS   113787648  131072   23.725
12:03:36.995 python3        2290920 nvme1n1 WS   113787904  131072   23.790
12:03:36.995 python3        2290920 nvme1n1 WS   113788160  131072   23.864
12:03:36.995 python3        2290920 nvme1n1 WS   113788416  131072   23.939
12:03:36.995 python3        2290920 nvme1n1 WS   113788672  131072   23.991
12:03:36.995 python3        2290920 nvme1n1 WS   113788928  131072   24.051
12:03:36.995 python3        2290920 nvme1n1 WS   113789184  131072   24.144
12:03:36.996 python3        2290920 nvme1n1 WS   113789440  131072   24.268
12:03:36.996 python3        2290920 nvme1n1 WS   113789696  131072   24.384
12:03:36.996 python3        2290920 nvme1n1 WS   113789952  131072   24.513
12:03:36.996 python3        2290920 nvme1n1 WS   113790208  131072   24.632
12:03:36.996 python3        2290920 nvme1n1 WS   113790464  131072   24.707
12:03:36.996 python3        2290920 nvme1n1 WS   113790720  131072   24.764
12:03:36.996 python3        2290920 nvme1n1 WS   113790976  131072   24.838
12:03:36.996 python3        2290920 nvme1n1 WS   113791232  131072   24.914
12:03:36.996 python3        2290923 nvme1n1 WS   113795072  131072   23.868
12:03:36.996 python3        2290923 nvme1n1 WS   113795328  131072   23.944
12:03:36.997 python3        2290923 nvme1n1 WS   113795584  131072   24.023
12:03:36.997 python3        2290923 nvme1n1 WS   113795840  131072   24.095
12:03:36.997 python3        2290923 nvme1n1 WS   113796096  131072   24.174
12:03:36.997 python3        2290923 nvme1n1 WS   113796352  131072   24.254
12:03:36.997 python3        2290923 nvme1n1 WS   113796608  131072   24.330
12:03:36.997 python3        2290923 nvme1n1 WS   113796864  131072   24.371
12:03:36.997 python3        2290923 nvme1n1 WS   113797120  131072   24.442
12:03:36.997 python3        2290923 nvme1n1 WS   113797376  131072   24.516
12:03:36.997 python3        2290920 nvme1n1 WS   113803264  131072   23.099
12:03:36.997 python3        2290920 nvme1n1 WS   113803520  131072   23.167
12:03:36.997 python3        2290920 nvme1n1 WS   113803776  131072   23.243
12:03:36.997 python3        2290920 nvme1n1 WS   113804032  131072   23.323
12:03:36.997 python3        2290923 nvme1n1 WS   113797632  131072   24.914
12:03:36.998 python3        2290923 nvme1n1 WS   113797888  131072   24.984
12:03:36.998 python3        2290923 nvme1n1 WS   113798144  131072   25.060
12:03:36.998 python3        2290923 nvme1n1 WS   113798400  131072   25.139
12:03:36.998 python3        2290923 nvme1n1 WS   113798656  131072   25.218
12:03:36.998 python3        2290923 nvme1n1 WS   113798912  131072   25.277
12:03:36.998 python3        2290923 nvme1n1 WS   113799168  131072   25.357
12:03:36.998 python3        2290923 nvme1n1 WS   113799424  131072   25.427
12:03:36.998 python3        2290920 nvme1n1 WS   113804288  131072   24.040
12:03:36.998 python3        2290920 nvme1n1 WS   113804544  131072   24.116
12:03:36.998 python3        2290920 nvme1n1 WS   113804800  131072   24.188
12:03:36.998 python3        2290920 nvme1n1 WS   113805056  131072   24.239
12:03:36.998 python3        2290920 nvme1n1 WS   113805312  131072   24.302
12:03:36.999 python3        2290920 nvme1n1 WS   113805568  131072   24.391
12:03:36.999 python3        2290920 nvme1n1 WS   113805824  131072   24.484
12:03:36.999 python3        2290920 nvme1n1 WS   113806080  131072   24.567
12:03:36.999 python3        2290920 nvme1n1 WS   113806336  131072   24.639
12:03:36.999 python3        2290920 nvme1n1 WS   113806592  131072   24.714
12:03:36.999 python3        2290920 nvme1n1 WS   113806848  131072   24.799
12:03:36.999 python3        2290920 nvme1n1 WS   113807104  131072   24.857
12:03:36.999 python3        2290921 nvme1n1 WS   113811456  131072   22.336
12:03:36.999 python3        2290921 nvme1n1 WS   113811712  131072   22.397
12:03:36.999 python3        2290921 nvme1n1 WS   113811968  131072   22.506
12:03:36.999 python3        2290921 nvme1n1 WS   113812224  131072   22.584
12:03:36.999 python3        2290920 nvme1n1 WS   113807360  131072   25.286
12:03:37.000 python3        2290920 nvme1n1 WS   113807616  131072   25.359
12:03:37.000 python3        2290921 nvme1n1 WS   113812480  131072   22.833
12:03:37.000 python3        2290921 nvme1n1 WS   113812736  131072   22.890
12:03:37.000 python3        2290921 nvme1n1 WS   113812992  131072   23.020
12:03:37.000 python3        2290921 nvme1n1 WS   113813248  131072   23.112
12:03:37.000 python3        2290921 nvme1n1 WS   113813504  131072   23.170
12:03:37.000 python3        2290921 nvme1n1 WS   113813760  131072   23.231
12:03:37.000 python3        2290921 nvme1n1 WS   113814016  131072   23.310
12:03:37.000 python3        2290921 nvme1n1 WS   113814272  131072   23.385
12:03:37.000 python3        2290921 nvme1n1 WS   113814528  131072   23.459
12:03:37.001 python3        2290921 nvme1n1 WS   113814784  131072   23.541
12:03:37.001 python3        2290921 nvme1n1 WS   113815040  131072   23.618
12:03:37.001 python3        2290921 nvme1n1 WS   113815296  131072   23.665
12:03:37.001 python3        2290921 nvme1n1 WS   113815552  131072   23.738
12:03:37.004 python3        2290921 nvme1n1 WS   113815808  131072   23.813
12:03:37.004 python3        2290921 nvme1n1 WS   113819648  131072   22.245
12:03:37.004 python3        2290921 nvme1n1 WS   113819904  131072   22.314
12:03:37.004 python3        2290921 nvme1n1 WS   113820160  131072   22.387
12:03:37.004 python3        2290921 nvme1n1 WS   113820416  131072   22.461
12:03:37.004 python3        2290921 nvme1n1 WS   113820672  131072   22.541
12:03:37.004 python3        2290921 nvme1n1 WS   113820928  131072   22.614
12:03:37.004 python3        2290921 nvme1n1 WS   113821184  131072   22.743
12:03:37.004 python3        2290921 nvme1n1 WS   113821440  131072   22.834
12:03:37.004 python3        2290921 nvme1n1 WS   113821696  131072   22.963
12:03:37.004 python3        2290921 nvme1n1 WS   113821952  131072   23.085
12:03:37.004 python3        2290921 nvme1n1 WS   113822208  131072   23.210
12:03:37.004 python3        2290921 nvme1n1 WS   113822464  131072   23.350
12:03:37.004 python3        2290921 nvme1n1 WS   113822720  131072   23.491
12:03:37.004 python3        2290921 nvme1n1 WS   113822976  131072   23.635
12:03:37.004 python3        2290921 nvme1n1 WS   113823232  131072   23.775
12:03:37.004 python3        2290921 nvme1n1 WS   113823488  131072   23.895
12:03:37.004 python3        2290921 nvme1n1 WS   113823744  131072   24.027
12:03:37.004 python3        2290921 nvme1n1 WS   113824000  131072   24.129
12:03:37.004 python3        2290922 nvme1n1 WS   113827840  131072   22.517
12:03:37.004 python3        2290922 nvme1n1 WS   113828096  131072   22.589
12:03:37.004 python3        2290922 nvme1n1 WS   113828352  131072   22.668
12:03:37.004 python3        2290922 nvme1n1 WS   113828608  131072   22.743
12:03:37.004 python3        2290922 nvme1n1 WS   113828864  131072   22.818
12:03:37.004 python3        2290922 nvme1n1 WS   113829120  131072   22.896
12:03:37.004 python3        2290922 nvme1n1 WS   113829376  131072   22.973
12:03:37.004 python3        2290922 nvme1n1 WS   113829632  131072   23.015
12:03:37.004 python3        2290922 nvme1n1 WS   113829888  131072   23.086
12:03:37.004 python3        2290922 nvme1n1 WS   113830144  131072   23.158
12:03:37.004 python3        2290922 nvme1n1 WS   113830400  131072   23.230
12:03:37.004 python3        2290922 nvme1n1 WS   113830656  131072   23.304
12:03:37.004 python3        2290922 nvme1n1 WS   113830912  131072   23.375
12:03:37.004 python3        2290922 nvme1n1 WS   113831168  131072   23.452
12:03:37.004 python3        2290922 nvme1n1 WS   113831424  131072   23.526
12:03:37.004 python3        2290922 nvme1n1 WS   113831680  131072   23.578
12:03:37.004 python3        2290923 nvme1n1 WS   113836032  131072   22.937
12:03:37.004 python3        2290923 nvme1n1 WS   113836288  131072   22.998
12:03:37.004 python3        2290923 nvme1n1 WS   113836544  131072   23.082
12:03:37.004 python3        2290923 nvme1n1 WS   113836800  131072   23.159
12:03:37.005 python3        2290923 nvme1n1 WS   113837056  131072   23.224
12:03:37.005 python3        2290923 nvme1n1 WS   113837312  131072   23.285
12:03:37.005 python3        2290923 nvme1n1 WS   113837568  131072   23.350
12:03:37.005 python3        2290923 nvme1n1 WS   113837824  131072   23.438
12:03:37.005 python3        2290923 nvme1n1 WS   113838080  131072   23.567
12:03:37.005 python3        2290923 nvme1n1 WS   113838336  131072   23.688
12:03:37.005 python3        2290923 nvme1n1 WS   113838592  131072   23.853
12:03:37.005 python3        2290923 nvme1n1 WS   113838848  131072   23.977
12:03:37.005 python3        2290922 nvme1n1 WS   113831936  131072   24.914
12:03:37.006 python3        2290922 nvme1n1 WS   113832192  131072   24.987
12:03:37.006 python3        2290923 nvme1n1 WS   113839104  131072   24.263
12:03:37.006 python3        2290923 nvme1n1 WS   113839360  131072   24.338
12:03:37.006 python3        2290923 nvme1n1 WS   113839616  131072   24.416
12:03:37.006 python3        2290923 nvme1n1 WS   113839872  131072   24.481
12:03:37.006 python3        2290923 nvme1n1 WS   113840128  131072   24.555
12:03:37.006 python3        2290923 nvme1n1 WS   113840384  131072   24.634
12:03:37.006 python3        2290923 nvme1n1 WS   113844224  131072   23.595
12:03:37.006 python3        2290923 nvme1n1 WS   113844480  131072   23.668
12:03:37.006 python3        2290923 nvme1n1 WS   113844736  131072   23.742
12:03:37.006 python3        2290923 nvme1n1 WS   113844992  131072   23.818
12:03:37.006 python3        2290923 nvme1n1 WS   113845248  131072   23.894
12:03:37.006 python3        2290923 nvme1n1 WS   113845504  131072   23.969
12:03:37.007 python3        2290923 nvme1n1 WS   113845760  131072   24.049
12:03:37.007 python3        2290923 nvme1n1 WS   113846016  131072   24.100
12:03:37.007 python3        2290923 nvme1n1 WS   113846272  131072   24.162
12:03:37.007 python3        2290923 nvme1n1 WS   113846528  131072   24.224
12:03:37.007 python3        2290923 nvme1n1 WS   113846784  131072   24.285
12:03:37.007 python3        2290923 nvme1n1 WS   113847040  131072   24.348
12:03:37.007 python3        2290923 nvme1n1 WS   113847296  131072   24.452
12:03:37.007 python3        2290923 nvme1n1 WS   113847552  131072   24.580
12:03:37.007 python3        2290923 nvme1n1 WS   113847808  131072   24.671
12:03:37.007 python3        2290923 nvme1n1 WS   113848064  131072   24.718
12:03:37.007 python3        2290923 nvme1n1 WS   113848320  131072   24.793
12:03:37.007 python3        2290923 nvme1n1 WS   113848576  131072   24.869
12:03:37.008 python3        2290922 nvme1n1 WS   113852416  131072   23.464
12:03:37.008 python3        2290922 nvme1n1 WS   113852672  131072   23.546
12:03:37.008 python3        2290922 nvme1n1 WS   113852928  131072   23.613
12:03:37.008 python3        2290922 nvme1n1 WS   113853184  131072   23.674
12:03:37.008 python3        2290922 nvme1n1 WS   113853440  131072   23.740
12:03:37.008 python3        2290922 nvme1n1 WS   113853696  131072   23.868
12:03:37.008 python3        2290922 nvme1n1 WS   113853952  131072   23.994
12:03:37.008 python3        2290922 nvme1n1 WS   113854208  131072   24.101
12:03:37.008 python3        2290922 nvme1n1 WS   113854464  131072   24.231
12:03:37.008 python3        2290922 nvme1n1 WS   113854720  131072   24.314
12:03:37.009 python3        2290922 nvme1n1 WS   113854976  131072   24.399
12:03:37.009 python3        2290922 nvme1n1 WS   113855232  131072   24.500
12:03:37.009 python3        2290922 nvme1n1 WS   113855488  131072   24.625
12:03:37.009 python3        2290922 nvme1n1 WS   113855744  131072   24.754
12:03:37.009 python3        2290922 nvme1n1 WS   113860608  131072   22.671
12:03:37.009 python3        2290922 nvme1n1 WS   113860864  131072   22.740
12:03:37.009 python3        2290922 nvme1n1 WS   113861120  131072   22.862
12:03:37.009 python3        2290922 nvme1n1 WS   113861376  131072   22.972
12:03:37.009 python3        2290922 nvme1n1 WS   113861632  131072   23.055
12:03:37.009 python3        2290922 nvme1n1 WS   113861888  131072   23.136
12:03:37.010 python3        2290922 nvme1n1 WS   113862144  131072   23.215
12:03:37.010 python3        2290922 nvme1n1 WS   113862400  131072   23.252
12:03:37.010 python3        2290922 nvme1n1 WS   113862656  131072   23.327
12:03:37.010 python3        2290922 nvme1n1 WS   113862912  131072   23.405
12:03:37.010 python3        2290922 nvme1n1 WS   113863168  131072   23.482
12:03:37.010 python3        2290922 nvme1n1 WS   113863424  131072   23.568
12:03:37.010 python3        2290922 nvme1n1 WS   113856000  131072   25.878
12:03:37.010 python3        2290922 nvme1n1 WS   113856256  131072   25.939
12:03:37.010 python3        2290922 nvme1n1 WS   113856512  131072   26.016
12:03:37.010 python3        2290922 nvme1n1 WS   113856768  131072   26.080
12:03:37.010 python3        2290922 nvme1n1 WS   113863680  131072   23.923
12:03:37.010 python3        2290922 nvme1n1 WS   113863936  131072   23.996
12:03:37.011 python3        2290922 nvme1n1 WS   113864192  131072   24.120
12:03:37.011 python3        2290922 nvme1n1 WS   113864448  131072   24.222
12:03:37.011 python3        2290922 nvme1n1 WS   113864704  131072   24.390
12:03:37.011 python3        2290922 nvme1n1 WS   113864960  131072   24.530
12:03:37.011 python3        2290921 nvme1n1 WS   113868800  131072   22.818
12:03:37.011 python3        2290921 nvme1n1 WS   113869056  131072   22.947
12:03:37.011 python3        2290921 nvme1n1 WS   113869312  131072   23.087
12:03:37.012 python3        2290921 nvme1n1 WS   113869568  131072   23.229
12:03:37.012 python3        2290921 nvme1n1 WS   113869824  131072   23.370
12:03:37.012 python3        2290921 nvme1n1 WS   113870080  131072   23.505
12:03:37.012 python3        2290921 nvme1n1 WS   113870336  131072   23.644
12:03:37.012 python3        2290921 nvme1n1 WS   113870592  131072   23.755
12:03:37.012 python3        2290921 nvme1n1 WS   113870848  131072   23.901
12:03:37.012 python3        2290921 nvme1n1 WS   113871104  131072   24.046
12:03:37.013 python3        2290921 nvme1n1 WS   113871360  131072   24.174
12:03:37.013 python3        2290921 nvme1n1 WS   113871616  131072   24.282
12:03:37.013 python3        2290921 nvme1n1 WS   113871872  131072   24.363
12:03:37.013 python3        2290921 nvme1n1 WS   113872128  131072   24.436
12:03:37.013 python3        2290921 nvme1n1 WS   113872384  131072   24.516
12:03:37.013 python3        2290921 nvme1n1 WS   113872640  131072   24.570
12:03:37.013 python3        2290923 nvme1n1 WS   113876992  131072   23.874
12:03:37.013 python3        2290923 nvme1n1 WS   113877248  131072   23.950
12:03:37.013 python3        2290923 nvme1n1 WS   113877504  131072   24.022
12:03:37.013 python3        2290923 nvme1n1 WS   113877760  131072   24.095
12:03:37.013 python3        2290923 nvme1n1 WS   113878016  131072   24.177
12:03:37.014 python3        2290923 nvme1n1 WS   113878272  131072   24.248
12:03:37.014 python3        2290923 nvme1n1 WS   113878528  131072   24.323
12:03:37.014 python3        2290923 nvme1n1 WS   113878784  131072   24.367
12:03:37.014 python3        2290923 nvme1n1 WS   113879040  131072   24.437
12:03:37.014 python3        2290923 nvme1n1 WS   113879296  131072   24.511
12:03:37.014 python3        2290923 nvme1n1 WS   113879552  131072   24.586
12:03:37.014 python3        2290923 nvme1n1 WS   113879808  131072   24.662
12:03:37.014 python3        2290921 nvme1n1 WS   113872896  131072   25.608
12:03:37.014 python3        2290921 nvme1n1 WS   113873152  131072   25.679
12:03:37.014 python3        2290922 nvme1n1 WS   113885184  131072   23.224
12:03:37.014 python3        2290922 nvme1n1 WS   113885440  131072   23.305
12:03:37.014 python3        2290923 nvme1n1 WS   113880064  131072   25.084
12:03:37.015 python3        2290923 nvme1n1 WS   113880320  131072   25.208
12:03:37.015 python3        2290923 nvme1n1 WS   113880576  131072   25.335
12:03:37.015 python3        2290923 nvme1n1 WS   113880832  131072   25.442
12:03:37.015 python3        2290923 nvme1n1 WS   113881088  131072   25.572
12:03:37.015 python3        2290923 nvme1n1 WS   113881344  131072   25.678
12:03:37.015 python3        2290922 nvme1n1 WS   113885696  131072   24.111
12:03:37.015 python3        2290922 nvme1n1 WS   113885952  131072   24.179
12:03:37.015 python3        2290922 nvme1n1 WS   113886208  131072   24.253
12:03:37.018 python3        2290922 nvme1n1 WS   113886464  131072   24.330
12:03:37.018 python3        2290922 nvme1n1 WS   113886720  131072   24.404
12:03:37.018 python3        2290922 nvme1n1 WS   113886976  131072   24.450
12:03:37.018 python3        2290922 nvme1n1 WS   113887232  131072   24.529
12:03:37.018 python3        2290922 nvme1n1 WS   113887488  131072   24.602
12:03:37.018 python3        2290922 nvme1n1 WS   113887744  131072   24.676
12:03:37.018 python3        2290922 nvme1n1 WS   113888000  131072   24.750
12:03:37.018 python3        2290922 nvme1n1 WS   113888256  131072   24.823
12:03:37.018 python3        2290922 nvme1n1 WS   113888512  131072   24.905
12:03:37.018 python3        2290922 nvme1n1 WS   113888768  131072   24.978
12:03:37.018 python3        2290922 nvme1n1 WS   113889024  131072   25.033
12:03:37.018 python3        2290922 nvme1n1 WS   113889280  131072   25.108
12:03:37.018 python3        2290922 nvme1n1 WS   113889536  131072   25.187
12:03:37.018 python3        2290921 nvme1n1 WS   113893376  131072   24.344
12:03:37.018 python3        2290921 nvme1n1 WS   113893632  131072   24.419
12:03:37.018 python3        2290921 nvme1n1 WS   113893888  131072   24.489
12:03:37.018 python3        2290921 nvme1n1 WS   113894144  131072   24.561
12:03:37.018 python3        2290921 nvme1n1 WS   113894400  131072   24.634
12:03:37.018 python3        2290921 nvme1n1 WS   113894656  131072   24.709
12:03:37.018 python3        2290921 nvme1n1 WS   113894912  131072   24.818
12:03:37.018 python3        2290921 nvme1n1 WS   113895168  131072   24.857
12:03:37.018 python3        2290921 nvme1n1 WS   113895424  131072   24.929
12:03:37.018 python3        2290921 nvme1n1 WS   113895680  131072   25.001
12:03:37.018 python3        2290921 nvme1n1 WS   113895936  131072   25.078
12:03:37.018 python3        2290921 nvme1n1 WS   113896192  131072   25.150
12:03:37.018 python3        2290921 nvme1n1 WS   113896448  131072   25.232
12:03:37.018 python3        2290921 nvme1n1 WS   113896704  131072   25.309
12:03:37.018 python3        2290921 nvme1n1 WS   113896960  131072   25.434
12:03:37.018 python3        2290921 nvme1n1 WS   113897216  131072   25.540
12:03:37.018 python3        2290921 nvme1n1 WS   113897472  131072   25.663
12:03:37.018 python3        2290921 nvme1n1 WS   113897728  131072   25.788
12:03:37.018 python3        2290920 nvme1n1 WS   113901568  131072   23.004
12:03:37.018 python3        2290920 nvme1n1 WS   113901824  131072   23.135
12:03:37.018 python3        2290920 nvme1n1 WS   113902080  131072   23.261
12:03:37.019 python3        2290920 nvme1n1 WS   113902336  131072   23.398
12:03:37.019 python3        2290920 nvme1n1 WS   113902592  131072   23.529
12:03:37.019 python3        2290920 nvme1n1 WS   113902848  131072   23.608
12:03:37.019 python3        2290920 nvme1n1 WS   113903104  131072   23.682
12:03:37.019 python3        2290920 nvme1n1 WS   113903360  131072   23.720
12:03:37.019 python3        2290920 nvme1n1 WS   113903616  131072   23.792
12:03:37.019 python3        2290920 nvme1n1 WS   113903872  131072   23.868
12:03:37.019 python3        2290920 nvme1n1 WS   113904128  131072   23.944
12:03:37.019 python3        2290920 nvme1n1 WS   113904384  131072   24.017
12:03:37.019 python3        2290920 nvme1n1 WS   113904640  131072   24.090
12:03:37.019 python3        2290920 nvme1n1 WS   113904896  131072   24.166
12:03:37.019 python3        2290920 nvme1n1 WS   113905152  131072   24.244
12:03:37.020 python3        2290920 nvme1n1 WS   113905408  131072   24.305
12:03:37.020 python3        2290920 nvme1n1 WS   113905664  131072   24.381
12:03:37.020 python3        2290920 nvme1n1 WS   113905920  131072   24.454
12:03:37.020 python3        2290920 nvme1n1 WS   113909760  131072   23.598
12:03:37.020 python3        2290920 nvme1n1 WS   113910016  131072   23.672
12:03:37.020 python3        2290920 nvme1n1 WS   113910272  131072   23.743
12:03:37.020 python3        2290920 nvme1n1 WS   113910528  131072   23.815
12:03:37.020 python3        2290920 nvme1n1 WS   113910784  131072   23.893
12:03:37.020 python3        2290920 nvme1n1 WS   113911040  131072   23.968
12:03:37.020 python3        2290920 nvme1n1 WS   113911296  131072   24.043
12:03:37.020 python3        2290920 nvme1n1 WS   113911552  131072   24.097
12:03:37.020 python3        2290920 nvme1n1 WS   113911808  131072   24.222
12:03:37.021 python3        2290920 nvme1n1 WS   113912064  131072   24.343
12:03:37.021 python3        2290920 nvme1n1 WS   113912320  131072   24.463
12:03:37.021 python3        2290920 nvme1n1 WS   113912576  131072   24.594
12:03:37.021 python3        2290920 nvme1n1 WS   113912832  131072   24.724
12:03:37.021 python3        2290920 nvme1n1 WS   113913088  131072   24.864
12:03:37.021 python3        2290920 nvme1n1 WS   113913344  131072   24.996
12:03:37.021 python3        2290920 nvme1n1 WS   113913600  131072   25.105
12:03:37.022 python3        2290920 nvme1n1 WS   113913856  131072   25.229
12:03:37.022 python3        2290920 nvme1n1 WS   113914112  131072   25.357
12:03:37.022 python3        2290920 nvme1n1 WS   113917952  131072   24.397
12:03:37.022 python3        2290920 nvme1n1 WS   113918208  131072   24.477
12:03:37.022 python3        2290920 nvme1n1 WS   113918464  131072   24.554
12:03:37.022 python3        2290920 nvme1n1 WS   113918720  131072   24.628
12:03:37.022 python3        2290920 nvme1n1 WS   113918976  131072   24.703
12:03:37.022 python3        2290920 nvme1n1 WS   113919232  131072   24.782
12:03:37.022 python3        2290920 nvme1n1 WS   113919488  131072   24.863
12:03:37.022 python3        2290920 nvme1n1 WS   113919744  131072   24.916
12:03:37.022 python3        2290920 nvme1n1 WS   113920000  131072   24.988
12:03:37.022 python3        2290920 nvme1n1 WS   113920256  131072   25.067
12:03:37.023 python3        2290920 nvme1n1 WS   113920512  131072   25.143
12:03:37.023 python3        2290920 nvme1n1 WS   113920768  131072   25.219
12:03:37.023 python3        2290920 nvme1n1 WS   113921024  131072   25.290
12:03:37.023 python3        2290920 nvme1n1 WS   113921280  131072   25.364
12:03:37.023 python3        2290920 nvme1n1 WS   113921536  131072   25.497
12:03:37.023 python3        2290920 nvme1n1 WS   113921792  131072   25.543
12:03:37.023 python3        2290920 nvme1n1 WS   113922048  131072   25.614
12:03:37.023 python3        2290920 nvme1n1 WS   113922304  131072   25.694
12:03:37.023 python3        2290923 nvme1n1 WS   113926144  131072   24.325
12:03:37.023 python3        2290923 nvme1n1 WS   113926400  131072   24.404
12:03:37.023 python3        2290923 nvme1n1 WS   113926656  131072   24.479
12:03:37.023 python3        2290923 nvme1n1 WS   113926912  131072   24.555
12:03:37.024 python3        2290923 nvme1n1 WS   113927168  131072   24.629
12:03:37.024 python3        2290923 nvme1n1 WS   113927424  131072   24.707
12:03:37.024 python3        2290923 nvme1n1 WS   113927680  131072   24.780
12:03:37.024 python3        2290923 nvme1n1 WS   113927936  131072   24.832
12:03:37.024 python3        2290923 nvme1n1 WS   113928192  131072   24.911
12:03:37.024 python3        2290923 nvme1n1 WS   113928448  131072   24.983
12:03:37.024 python3        2290923 nvme1n1 WS   113928704  131072   25.059
12:03:37.024 python3        2290923 nvme1n1 WS   113928960  131072   25.135
12:03:37.024 python3        2290923 nvme1n1 WS   113929216  131072   25.206
12:03:37.024 python3        2290923 nvme1n1 WS   113929472  131072   25.284
12:03:37.024 python3        2290923 nvme1n1 WS   113929728  131072   25.358
12:03:37.024 python3        2290923 nvme1n1 WS   113929984  131072   25.407
12:03:37.024 python3        2290923 nvme1n1 WS   113930240  131072   25.482
12:03:37.025 python3        2290923 nvme1n1 WS   113930496  131072   25.564
12:03:37.025 python3        2290920 nvme1n1 WS   113934336  131072   23.325
12:03:37.025 python3        2290920 nvme1n1 WS   113934592  131072   23.393
12:03:37.025 python3        2290920 nvme1n1 WS   113934848  131072   23.465
12:03:37.025 python3        2290920 nvme1n1 WS   113935104  131072   23.537
12:03:37.025 python3        2290920 nvme1n1 WS   113935360  131072   23.613
12:03:37.025 python3        2290920 nvme1n1 WS   113935616  131072   23.684
12:03:37.025 python3        2290920 nvme1n1 WS   113935872  131072   23.760
12:03:37.025 python3        2290920 nvme1n1 WS   113936128  131072   23.803
12:03:37.025 python3        2290920 nvme1n1 WS   113936384  131072   23.879
12:03:37.025 python3        2290920 nvme1n1 WS   113936640  131072   23.951
12:03:37.025 python3        2290920 nvme1n1 WS   113936896  131072   24.030
12:03:37.025 python3        2290920 nvme1n1 WS   113937152  131072   24.112
12:03:37.026 python3        2290920 nvme1n1 WS   113937408  131072   24.191
12:03:37.026 python3        2290920 nvme1n1 WS   113937664  131072   24.268
12:03:37.026 python3        2290920 nvme1n1 WS   113937920  131072   24.344
12:03:37.026 python3        2290920 nvme1n1 WS   113938176  131072   24.401
12:03:37.026 python3        2290921 nvme1n1 WS   113942528  131072   23.571
12:03:37.026 python3        2290921 nvme1n1 WS   113942784  131072   23.642
12:03:37.026 python3        2290921 nvme1n1 WS   113943040  131072   23.717
12:03:37.026 python3        2290921 nvme1n1 WS   113943296  131072   23.788
12:03:37.026 python3        2290921 nvme1n1 WS   113943552  131072   23.860
12:03:37.026 python3        2290921 nvme1n1 WS   113943808  131072   23.932
12:03:37.026 python3        2290921 nvme1n1 WS   113944064  131072   24.006
12:03:37.026 python3        2290921 nvme1n1 WS   113944320  131072   24.045
12:03:37.027 python3        2290921 nvme1n1 WS   113944576  131072   24.114
12:03:37.027 python3        2290921 nvme1n1 WS   113944832  131072   24.188
12:03:37.027 python3        2290921 nvme1n1 WS   113945088  131072   24.247
12:03:37.027 python3        2290921 nvme1n1 WS   113945344  131072   24.355
12:03:37.027 python3        2290920 nvme1n1 WS   113938432  131072   25.488
12:03:37.027 python3        2290920 nvme1n1 WS   113938688  131072   25.629
12:03:37.027 python3        2290921 nvme1n1 WS   113945600  131072   24.770
12:03:37.027 python3        2290921 nvme1n1 WS   113945856  131072   24.907
12:03:37.027 python3        2290921 nvme1n1 WS   113946112  131072   25.044
12:03:37.028 python3        2290921 nvme1n1 WS   113946368  131072   25.168
12:03:37.028 python3        2290921 nvme1n1 WS   113946624  131072   25.309
12:03:37.028 python3        2290921 nvme1n1 WS   113946880  131072   25.452
12:03:37.028 python3        2290921 nvme1n1 WS   113950720  131072   23.070
12:03:37.028 python3        2290921 nvme1n1 WS   113950976  131072   23.207
12:03:37.028 python3        2290921 nvme1n1 WS   113951232  131072   23.353
12:03:37.028 python3        2290921 nvme1n1 WS   113951488  131072   23.478
12:03:37.029 python3        2290921 nvme1n1 WS   113951744  131072   23.614
12:03:37.029 python3        2290921 nvme1n1 WS   113952000  131072   23.695
12:03:37.029 python3        2290921 nvme1n1 WS   113952256  131072   23.776
12:03:37.029 python3        2290921 nvme1n1 WS   113952512  131072   23.823
12:03:37.029 python3        2290921 nvme1n1 WS   113952768  131072   23.905
12:03:37.029 python3        2290921 nvme1n1 WS   113953024  131072   23.977
12:03:37.029 python3        2290921 nvme1n1 WS   113953280  131072   24.061
12:03:37.029 python3        2290921 nvme1n1 WS   113953536  131072   24.138
12:03:37.029 python3        2290921 nvme1n1 WS   113953792  131072   24.213
12:03:37.029 python3        2290921 nvme1n1 WS   113954048  131072   24.293
12:03:37.029 python3        2290921 nvme1n1 WS   113954304  131072   24.370
12:03:37.030 python3        2290921 nvme1n1 WS   113954560  131072   24.424
12:03:37.030 python3        2290921 nvme1n1 WS   113954816  131072   24.500
12:03:37.030 python3        2290922 nvme1n1 WS   113958912  131072   23.511
12:03:37.030 python3        2290922 nvme1n1 WS   113959168  131072   23.581
12:03:37.030 python3        2290922 nvme1n1 WS   113959424  131072   23.653
12:03:37.030 python3        2290922 nvme1n1 WS   113959680  131072   23.725
12:03:37.030 python3        2290922 nvme1n1 WS   113959936  131072   23.800
12:03:37.030 python3        2290922 nvme1n1 WS   113960192  131072   23.876
12:03:37.030 python3        2290922 nvme1n1 WS   113960448  131072   23.942
12:03:37.030 python3        2290922 nvme1n1 WS   113960704  131072   24.031
12:03:37.030 python3        2290922 nvme1n1 WS   113960960  131072   24.156
12:03:37.031 python3        2290922 nvme1n1 WS   113961216  131072   24.257
12:03:37.031 python3        2290922 nvme1n1 WS   113961472  131072   24.334
12:03:37.031 python3        2290922 nvme1n1 WS   113961728  131072   24.412
12:03:37.031 python3        2290921 nvme1n1 WS   113955072  131072   25.660
12:03:37.031 python3        2290922 nvme1n1 WS   113961984  131072   24.569
12:03:37.031 python3        2290922 nvme1n1 WS   113962240  131072   24.649
12:03:37.031 python3        2290922 nvme1n1 WS   113962496  131072   24.727
12:03:37.031 python3        2290922 nvme1n1 WS   113962752  131072   24.784
12:03:37.031 python3        2290922 nvme1n1 WS   113963008  131072   24.864
12:03:37.031 python3        2290922 nvme1n1 WS   113963264  131072   24.937
12:03:37.031 python3        2290923 nvme1n1 WS   113967104  131072   22.986
12:03:37.031 python3        2290923 nvme1n1 WS   113967360  131072   23.057
12:03:37.032 python3        2290923 nvme1n1 WS   113967616  131072   23.126
12:03:37.032 python3        2290923 nvme1n1 WS   113967872  131072   23.199
12:03:37.032 python3        2290923 nvme1n1 WS   113968128  131072   23.270
12:03:37.032 python3        2290923 nvme1n1 WS   113968384  131072   23.344
12:03:37.032 python3        2290923 nvme1n1 WS   113968640  131072   23.416
12:03:37.032 python3        2290923 nvme1n1 WS   113968896  131072   23.462
12:03:37.032 python3        2290923 nvme1n1 WS   113969152  131072   23.555
12:03:37.032 python3        2290923 nvme1n1 WS   113969408  131072   23.626
12:03:37.032 python3        2290923 nvme1n1 WS   113969664  131072   23.703
12:03:37.032 python3        2290923 nvme1n1 WS   113969920  131072   23.778
12:03:37.032 python3        2290923 nvme1n1 WS   113970176  131072   23.872
12:03:37.032 python3        2290923 nvme1n1 WS   113970432  131072   24.000
12:03:37.033 python3        2290923 nvme1n1 WS   113970688  131072   24.096
12:03:37.033 python3        2290923 nvme1n1 WS   113970944  131072   24.205
12:03:37.033 python3        2290923 nvme1n1 WS   113971200  131072   24.296
12:03:37.033 python3        2290923 nvme1n1 WS   113971456  131072   24.359
12:03:37.033 python3        2290923 nvme1n1 WS   113975296  131072   24.015
12:03:37.033 python3        2290923 nvme1n1 WS   113975552  131072   24.090
12:03:37.033 python3        2290923 nvme1n1 WS   113975808  131072   24.201
12:03:37.033 python3        2290923 nvme1n1 WS   113976064  131072   24.323
12:03:37.033 python3        2290923 nvme1n1 WS   113976320  131072   24.449
12:03:37.034 python3        2290923 nvme1n1 WS   113976576  131072   24.587
12:03:37.034 python3        2290923 nvme1n1 WS   113976832  131072   24.728
12:03:37.034 python3        2290923 nvme1n1 WS   113977088  131072   24.824
12:03:37.034 python3        2290923 nvme1n1 WS   113977344  131072   24.966
12:03:37.034 python3        2290923 nvme1n1 WS   113977600  131072   25.103
12:03:37.034 python3        2290923 nvme1n1 WS   113977856  131072   25.243
12:03:37.034 python3        2290923 nvme1n1 WS   113978112  131072   25.383
12:03:37.035 python3        2290923 nvme1n1 WS   113978368  131072   25.556
12:03:37.035 python3        2290923 nvme1n1 WS   113978624  131072   25.696
12:03:37.035 python3        2290923 nvme1n1 WS   113978880  131072   25.840
12:03:37.035 python3        2290923 nvme1n1 WS   113979136  131072   25.964
12:03:37.035 python3        2290923 nvme1n1 WS   113979392  131072   26.111
12:03:37.035 python3        2290923 nvme1n1 WS   113979648  131072   26.248
12:03:37.035 python3        2290922 nvme1n1 WS   113983488  131072   23.850
12:03:37.036 python3        2290922 nvme1n1 WS   113983744  131072   23.938
12:03:37.036 python3        2290922 nvme1n1 WS   113984000  131072   24.011
12:03:37.036 python3        2290922 nvme1n1 WS   113984256  131072   24.089
12:03:37.036 python3        2290922 nvme1n1 WS   113984512  131072   24.166
12:03:37.036 python3        2290922 nvme1n1 WS   113984768  131072   24.250
12:03:37.036 python3        2290922 nvme1n1 WS   113985024  131072   24.326
12:03:37.036 python3        2290922 nvme1n1 WS   113985280  131072   24.366
12:03:37.036 python3        2290922 nvme1n1 WS   113985536  131072   24.438
12:03:37.036 python3        2290922 nvme1n1 WS   113985792  131072   24.515
12:03:37.036 python3        2290922 nvme1n1 WS   113986048  131072   24.595
12:03:37.036 python3        2290922 nvme1n1 WS   113986304  131072   24.674
12:03:37.036 python3        2290922 nvme1n1 WS   113986560  131072   24.755
12:03:37.037 python3        2290922 nvme1n1 WS   113986816  131072   24.837
12:03:37.037 python3        2290922 nvme1n1 WS   113987072  131072   24.908
12:03:37.037 python3        2290922 nvme1n1 WS   113987328  131072   24.972
12:03:37.037 python3        2290922 nvme1n1 WS   113987584  131072   25.044
12:03:37.037 python3        2290922 nvme1n1 WS   113987840  131072   25.119
12:03:37.037 python3        2290922 nvme1n1 WS   113991680  131072   24.518
12:03:37.037 python3        2290922 nvme1n1 WS   113991936  131072   24.600
12:03:37.037 python3        2290922 nvme1n1 WS   113992192  131072   24.672
12:03:37.037 python3        2290922 nvme1n1 WS   113992448  131072   24.729
12:03:37.037 python3        2290922 nvme1n1 WS   113992704  131072   24.788
12:03:37.037 python3        2290922 nvme1n1 WS   113992960  131072   24.847
12:03:37.037 python3        2290922 nvme1n1 WS   113993216  131072   24.909
12:03:37.037 python3        2290922 nvme1n1 WS   113993472  131072   24.940
12:03:37.037 python3        2290922 nvme1n1 WS   113993728  131072   25.001
12:03:37.038 python3        2290922 nvme1n1 WS   113993984  131072   25.071
12:03:37.038 python3        2290922 nvme1n1 WS   113994240  131072   25.197
12:03:37.038 python3        2290922 nvme1n1 WS   113994496  131072   25.290
12:03:37.038 python3        2290922 nvme1n1 WS   113994752  131072   25.369
12:03:37.038 python3        2290922 nvme1n1 WS   113995008  131072   25.451
12:03:37.038 python3        2290922 nvme1n1 WS   113995264  131072   25.526
12:03:37.038 python3        2290922 nvme1n1 WS   113995520  131072   25.589
12:03:37.038 python3        2290922 nvme1n1 WS   113995776  131072   25.639
12:03:37.038 python3        2290922 nvme1n1 WS   113996032  131072   25.712
12:03:37.038 python3        2290921 nvme1n1 WS   113999872  131072   22.945
12:03:37.038 python3        2290921 nvme1n1 WS   114000128  131072   23.013
12:03:37.038 python3        2290921 nvme1n1 WS   114000384  131072   23.089
12:03:37.039 python3        2290921 nvme1n1 WS   114000640  131072   23.162
12:03:37.039 python3        2290921 nvme1n1 WS   114000896  131072   23.236
12:03:37.039 python3        2290921 nvme1n1 WS   114001152  131072   23.316
12:03:37.039 python3        2290921 nvme1n1 WS   114001408  131072   23.384
12:03:37.039 python3        2290921 nvme1n1 WS   114001664  131072   23.426
12:03:37.039 python3        2290921 nvme1n1 WS   114001920  131072   23.505
12:03:37.039 python3        2290921 nvme1n1 WS   114002176  131072   23.576
12:03:37.039 python3        2290921 nvme1n1 WS   114002432  131072   23.652
12:03:37.039 python3        2290921 nvme1n1 WS   114002688  131072   23.730
12:03:37.039 python3        2290921 nvme1n1 WS   114002944  131072   23.822
12:03:37.039 python3        2290921 nvme1n1 WS   114003200  131072   23.902
12:03:37.039 python3        2290921 nvme1n1 WS   114003456  131072   23.987
12:03:37.040 python3        2290921 nvme1n1 WS   114003712  131072   24.098
12:03:37.040 python3        2290923 nvme1n1 WS   114008064  131072   23.475
12:03:37.040 python3        2290923 nvme1n1 WS   114008320  131072   23.590
12:03:37.040 python3        2290923 nvme1n1 WS   114008576  131072   23.712
12:03:37.040 python3        2290923 nvme1n1 WS   114008832  131072   23.841
12:03:37.040 python3        2290923 nvme1n1 WS   114009088  131072   24.012
12:03:37.040 python3        2290923 nvme1n1 WS   114009344  131072   24.134
12:03:37.041 python3        2290923 nvme1n1 WS   114009600  131072   24.262
12:03:37.041 python3        2290923 nvme1n1 WS   114009856  131072   24.361
12:03:37.041 python3        2290923 nvme1n1 WS   114010112  131072   24.487
12:03:37.041 python3        2290923 nvme1n1 WS   114010368  131072   24.598
12:03:37.041 python3        2290923 nvme1n1 WS   114010624  131072   24.680
12:03:37.041 python3        2290923 nvme1n1 WS   114010880  131072   24.754
12:03:37.041 python3        2290921 nvme1n1 WS   114003968  131072   25.624
12:03:37.041 python3        2290921 nvme1n1 WS   114004224  131072   25.704
12:03:37.041 python3        2290922 nvme1n1 WS   114016256  131072   23.959
12:03:37.041 python3        2290922 nvme1n1 WS   114016512  131072   24.040
12:03:37.041 python3        2290923 nvme1n1 WS   114011136  131072   25.162
12:03:37.042 python3        2290923 nvme1n1 WS   114011392  131072   25.237
12:03:37.042 python3        2290923 nvme1n1 WS   114011648  131072   25.310
12:03:37.042 python3        2290923 nvme1n1 WS   114011904  131072   25.370
12:03:37.042 python3        2290923 nvme1n1 WS   114012160  131072   25.449
12:03:37.042 python3        2290923 nvme1n1 WS   114012416  131072   25.518
12:03:37.042 python3        2290922 nvme1n1 WS   114016768  131072   24.589
12:03:37.042 python3        2290922 nvme1n1 WS   114017024  131072   24.666
12:03:37.042 python3        2290922 nvme1n1 WS   114017280  131072   24.745
12:03:37.042 python3        2290922 nvme1n1 WS   114017536  131072   24.819
12:03:37.042 python3        2290922 nvme1n1 WS   114017792  131072   24.893
12:03:37.042 python3        2290922 nvme1n1 WS   114018048  131072   24.933
12:03:37.042 python3        2290922 nvme1n1 WS   114018304  131072   25.009
12:03:37.042 python3        2290922 nvme1n1 WS   114018560  131072   25.083
12:03:37.043 python3        2290922 nvme1n1 WS   114018816  131072   25.156
12:03:37.043 python3        2290922 nvme1n1 WS   114019072  131072   25.230
12:03:37.043 python3        2290922 nvme1n1 WS   114019328  131072   25.303
12:03:37.043 python3        2290922 nvme1n1 WS   114019584  131072   25.377
12:03:37.043 python3        2290922 nvme1n1 WS   114019840  131072   25.444
12:03:37.043 python3        2290922 nvme1n1 WS   114020096  131072   25.540
12:03:37.043 python3        2290922 nvme1n1 WS   114020352  131072   25.664
12:03:37.043 python3        2290922 nvme1n1 WS   114020608  131072   25.788
12:03:37.043 python3        2290921 nvme1n1 WS   114024448  131072   24.159
12:03:37.044 python3        2290921 nvme1n1 WS   114024704  131072   24.293
12:03:37.044 python3        2290921 nvme1n1 WS   114024960  131072   24.433
12:03:37.044 python3        2290921 nvme1n1 WS   114025216  131072   24.555
12:03:37.044 python3        2290921 nvme1n1 WS   114025472  131072   24.680
12:03:37.044 python3        2290921 nvme1n1 WS   114025728  131072   24.811
12:03:37.044 python3        2290921 nvme1n1 WS   114025984  131072   24.946
12:03:37.044 python3        2290921 nvme1n1 WS   114026240  131072   25.056
12:03:37.044 python3        2290921 nvme1n1 WS   114026496  131072   25.197
12:03:37.045 python3        2290921 nvme1n1 WS   114026752  131072   25.329
12:03:37.045 python3        2290921 nvme1n1 WS   114027008  131072   25.455
12:03:37.045 python3        2290921 nvme1n1 WS   114027264  131072   25.548
12:03:37.045 python3        2290921 nvme1n1 WS   114027520  131072   25.609
12:03:37.045 python3        2290921 nvme1n1 WS   114027776  131072   25.691
12:03:37.045 python3        2290921 nvme1n1 WS   114028032  131072   25.769
12:03:37.045 python3        2290921 nvme1n1 WS   114028288  131072   25.830
12:03:37.045 python3        2290920 nvme1n1 WS   114032640  131072   24.389
12:03:37.045 python3        2290920 nvme1n1 WS   114032896  131072   24.466
12:03:37.045 python3        2290920 nvme1n1 WS   114033152  131072   24.543
12:03:37.046 python3        2290920 nvme1n1 WS   114033408  131072   24.617
12:03:37.046 python3        2290920 nvme1n1 WS   114033664  131072   24.690
12:03:37.046 python3        2290920 nvme1n1 WS   114033920  131072   24.768
12:03:37.046 python3        2290920 nvme1n1 WS   114034176  131072   24.844
12:03:37.046 python3        2290920 nvme1n1 WS   114034432  131072   24.889
12:03:37.046 python3        2290920 nvme1n1 WS   114034688  131072   24.967
12:03:37.046 python3        2290920 nvme1n1 WS   114034944  131072   25.043
12:03:37.046 python3        2290920 nvme1n1 WS   114035200  131072   25.115
12:03:37.046 python3        2290920 nvme1n1 WS   114035456  131072   25.164
12:03:37.046 python3        2290921 nvme1n1 WS   114028544  131072   26.907
12:03:37.047 python3        2290921 nvme1n1 WS   114028800  131072   26.984
12:03:37.047 python3        2290920 nvme1n1 WS   114035712  131072   25.439
12:03:37.047 python3        2290920 nvme1n1 WS   114035968  131072   25.516
12:03:37.047 python3        2290920 nvme1n1 WS   114036224  131072   25.589
12:03:37.047 python3        2290920 nvme1n1 WS   114036480  131072   25.667
12:03:37.047 python3        2290920 nvme1n1 WS   114036736  131072   25.750
12:03:37.047 python3        2290920 nvme1n1 WS   114036992  131072   25.852
12:03:37.047 python3        2290920 nvme1n1 WS   114040832  131072   24.114
12:03:37.047 python3        2290920 nvme1n1 WS   114041088  131072   24.179
12:03:37.047 python3        2290920 nvme1n1 WS   114041344  131072   24.252
12:03:37.047 python3        2290920 nvme1n1 WS   114041600  131072   24.330
12:03:37.047 python3        2290920 nvme1n1 WS   114041856  131072   24.406
12:03:37.047 python3        2290920 nvme1n1 WS   114042112  131072   24.487
12:03:37.047 python3        2290920 nvme1n1 WS   114042368  131072   24.562
12:03:37.048 python3        2290920 nvme1n1 WS   114042624  131072   24.598
12:03:37.048 python3        2290920 nvme1n1 WS   114042880  131072   24.673
12:03:37.048 python3        2290920 nvme1n1 WS   114043136  131072   24.749
12:03:37.048 python3        2290920 nvme1n1 WS   114043392  131072   24.819
12:03:37.048 python3        2290920 nvme1n1 WS   114043648  131072   24.894
12:03:37.048 python3        2290920 nvme1n1 WS   114043904  131072   24.965
12:03:37.048 python3        2290920 nvme1n1 WS   114044160  131072   25.045
12:03:37.048 python3        2290920 nvme1n1 WS   114044416  131072   25.121
12:03:37.048 python3        2290920 nvme1n1 WS   114044672  131072   25.139
12:03:37.048 python3        2290920 nvme1n1 WS   114044928  131072   25.220
12:03:37.048 python3        2290920 nvme1n1 WS   114045184  131072   25.303
12:03:37.048 python3        2290920 nvme1n1 WS   114049024  131072   24.210
12:03:37.048 python3        2290920 nvme1n1 WS   114049280  131072   24.286
12:03:37.049 python3        2290920 nvme1n1 WS   114049536  131072   24.363
12:03:37.049 python3        2290920 nvme1n1 WS   114049792  131072   24.439
12:03:37.049 python3        2290920 nvme1n1 WS   114050048  131072   24.559
12:03:37.049 python3        2290920 nvme1n1 WS   114050304  131072   24.673
12:03:37.049 python3        2290920 nvme1n1 WS   114050560  131072   24.752
12:03:37.049 python3        2290920 nvme1n1 WS   114050816  131072   24.794
12:03:37.049 python3        2290920 nvme1n1 WS   114051072  131072   24.869
12:03:37.049 python3        2290920 nvme1n1 WS   114051328  131072   24.930
12:03:37.049 python3        2290920 nvme1n1 WS   114051584  131072   24.995
12:03:37.049 python3        2290920 nvme1n1 WS   114051840  131072   25.126
12:03:37.050 python3        2290920 nvme1n1 WS   114052096  131072   25.264
12:03:37.050 python3        2290920 nvme1n1 WS   114052352  131072   25.402
12:03:37.050 python3        2290920 nvme1n1 WS   114052608  131072   25.541
12:03:37.050 python3        2290920 nvme1n1 WS   114052864  131072   25.657
12:03:37.050 python3        2290920 nvme1n1 WS   114053120  131072   25.798
12:03:37.050 python3        2290920 nvme1n1 WS   114053376  131072   25.944
12:03:37.050 python3        2290923 nvme1n1 WS   114057216  131072   24.400
12:03:37.051 python3        2290923 nvme1n1 WS   114057472  131072   24.523
12:03:37.051 python3        2290923 nvme1n1 WS   114057728  131072   24.649
12:03:37.051 python3        2290923 nvme1n1 WS   114057984  131072   24.777
12:03:37.051 python3        2290923 nvme1n1 WS   114058240  131072   24.906
12:03:37.051 python3        2290923 nvme1n1 WS   114058496  131072   24.987
12:03:37.051 python3        2290923 nvme1n1 WS   114058752  131072   25.063
12:03:37.051 python3        2290923 nvme1n1 WS   114059008  131072   25.102
12:03:37.051 python3        2290923 nvme1n1 WS   114059264  131072   25.177
12:03:37.051 python3        2290923 nvme1n1 WS   114059520  131072   25.250
12:03:37.051 python3        2290923 nvme1n1 WS   114059776  131072   25.328
12:03:37.052 python3        2290923 nvme1n1 WS   114060032  131072   25.405
12:03:37.052 python3        2290923 nvme1n1 WS   114060288  131072   25.484
12:03:37.052 python3        2290923 nvme1n1 WS   114060544  131072   25.557
12:03:37.052 python3        2290923 nvme1n1 WS   114060800  131072   25.632
12:03:37.052 python3        2290923 nvme1n1 WS   114061056  131072   25.684
12:03:37.052 python3        2290923 nvme1n1 WS   114061312  131072   25.763
12:03:37.052 python3        2290923 nvme1n1 WS   114061568  131072   25.843
12:03:37.052 python3        2290920 nvme1n1 WS   114065408  131072   24.062
12:03:37.052 python3        2290920 nvme1n1 WS   114065664  131072   24.133
12:03:37.052 python3        2290920 nvme1n1 WS   114065920  131072   24.207
12:03:37.052 python3        2290920 nvme1n1 WS   114066176  131072   24.280
12:03:37.052 python3        2290920 nvme1n1 WS   114066432  131072   24.359
12:03:37.053 python3        2290920 nvme1n1 WS   114066688  131072   24.439
12:03:37.053 python3        2290920 nvme1n1 WS   114066944  131072   24.518
12:03:37.053 python3        2290920 nvme1n1 WS   114067200  131072   24.569
12:03:37.053 python3        2290920 nvme1n1 WS   114067456  131072   24.670
12:03:37.053 python3        2290920 nvme1n1 WS   114067712  131072   24.739
12:03:37.053 python3        2290920 nvme1n1 WS   114067968  131072   24.856
12:03:37.053 python3        2290920 nvme1n1 WS   114068224  131072   24.981
12:03:37.053 python3        2290920 nvme1n1 WS   114068480  131072   25.107
12:03:37.053 python3        2290920 nvme1n1 WS   114068736  131072   25.235
12:03:37.053 python3        2290920 nvme1n1 WS   114068992  131072   25.366
12:03:37.054 python3        2290920 nvme1n1 WS   114069248  131072   25.478
12:03:37.054 python3        2290920 nvme1n1 WS   114069504  131072   25.562
12:03:37.054 python3        2290920 nvme1n1 WS   114069760  131072   25.643
12:03:37.054 python3        2290921 nvme1n1 WS   114073600  131072   22.735
12:03:37.054 python3        2290921 nvme1n1 WS   114073856  131072   22.806
12:03:37.054 python3        2290921 nvme1n1 WS   114074112  131072   22.885
12:03:37.054 python3        2290921 nvme1n1 WS   114074368  131072   22.957
12:03:37.054 python3        2290921 nvme1n1 WS   114074624  131072   23.035
12:03:37.054 python3        2290921 nvme1n1 WS   114074880  131072   23.112
12:03:37.054 python3        2290921 nvme1n1 WS   114075136  131072   23.192
12:03:37.054 python3        2290921 nvme1n1 WS   114075392  131072   23.243
12:03:37.055 python3        2290921 nvme1n1 WS   114075648  131072   23.324
12:03:37.055 python3        2290921 nvme1n1 WS   114075904  131072   23.396
12:03:37.055 python3        2290921 nvme1n1 WS   114076160  131072   23.470
12:03:37.055 python3        2290921 nvme1n1 WS   114076416  131072   23.546
12:03:37.055 python3        2290921 nvme1n1 WS   114076672  131072   23.629
12:03:37.055 python3        2290921 nvme1n1 WS   114076928  131072   23.705
12:03:37.055 python3        2290921 nvme1n1 WS   114077184  131072   23.777
12:03:37.055 python3        2290921 nvme1n1 WS   114077440  131072   23.833
12:03:37.055 python3        2290921 nvme1n1 WS   114077696  131072   23.910
12:03:37.055 python3        2290921 nvme1n1 WS   114077952  131072   23.988
12:03:37.055 python3        2290921 nvme1n1 WS   114081792  131072   23.453
12:03:37.056 python3        2290921 nvme1n1 WS   114082048  131072   23.531
12:03:37.056 python3        2290921 nvme1n1 WS   114082304  131072   23.620
12:03:37.056 python3        2290921 nvme1n1 WS   114082560  131072   23.714
12:03:37.056 python3        2290921 nvme1n1 WS   114082816  131072   23.790
12:03:37.056 python3        2290921 nvme1n1 WS   114083072  131072   23.867
12:03:37.056 python3        2290921 nvme1n1 WS   114083328  131072   23.945
12:03:37.056 python3        2290921 nvme1n1 WS   114083584  131072   23.986
12:03:37.056 python3        2290921 nvme1n1 WS   114083840  131072   24.060
12:03:37.056 python3        2290921 nvme1n1 WS   114084096  131072   24.119
12:03:37.056 python3        2290921 nvme1n1 WS   114084352  131072   24.183
12:03:37.056 python3        2290921 nvme1n1 WS   114084608  131072   24.305
12:03:37.056 python3        2290921 nvme1n1 WS   114084864  131072   24.429
12:03:37.057 python3        2290921 nvme1n1 WS   114085120  131072   24.553
12:03:37.057 python3        2290921 nvme1n1 WS   114085376  131072   24.688
12:03:37.057 python3        2290921 nvme1n1 WS   114085632  131072   24.785
12:03:37.057 python3        2290921 nvme1n1 WS   114085888  131072   24.924
12:03:37.057 python3        2290921 nvme1n1 WS   114086144  131072   25.066
12:03:37.057 python3        2290922 nvme1n1 WS   114089984  131072   24.995
12:03:37.057 python3        2290922 nvme1n1 WS   114090240  131072   25.134
12:03:37.058 python3        2290922 nvme1n1 WS   114090496  131072   25.265
12:03:37.058 python3        2290922 nvme1n1 WS   114090752  131072   25.366
12:03:37.058 python3        2290922 nvme1n1 WS   114091008  131072   25.439
12:03:37.058 python3        2290922 nvme1n1 WS   114091264  131072   25.515
12:03:37.058 python3        2290922 nvme1n1 WS   114091520  131072   25.596
12:03:37.058 python3        2290922 nvme1n1 WS   114091776  131072   25.641
12:03:37.058 python3        2290922 nvme1n1 WS   114092032  131072   25.751
12:03:37.058 python3        2290922 nvme1n1 WS   114092288  131072   25.818
12:03:37.058 python3        2290922 nvme1n1 WS   114092544  131072   25.892
12:03:37.058 python3        2290922 nvme1n1 WS   114092800  131072   25.963
12:03:37.058 python3        2290922 nvme1n1 WS   114093056  131072   26.039
12:03:37.058 python3        2290922 nvme1n1 WS   114093312  131072   26.115
12:03:37.059 python3        2290922 nvme1n1 WS   114093568  131072   26.194
12:03:37.059 python3        2290922 nvme1n1 WS   114093824  131072   26.252
12:03:37.059 python3        2290923 nvme1n1 WS   114098176  131072   24.826
12:03:37.059 python3        2290923 nvme1n1 WS   114098432  131072   24.946
12:03:37.059 python3        2290923 nvme1n1 WS   114098688  131072   25.070
12:03:37.059 python3        2290923 nvme1n1 WS   114098944  131072   25.195
12:03:37.059 python3        2290923 nvme1n1 WS   114099200  131072   25.322
12:03:37.059 python3        2290923 nvme1n1 WS   114099456  131072   25.438
12:03:37.059 python3        2290923 nvme1n1 WS   114099712  131072   25.517
12:03:37.060 python3        2290923 nvme1n1 WS   114099968  131072   25.541
12:03:37.060 python3        2290923 nvme1n1 WS   114100224  131072   25.604
12:03:37.060 python3        2290923 nvme1n1 WS   114100480  131072   25.663
12:03:37.060 python3        2290923 nvme1n1 WS   114100736  131072   25.722
12:03:37.060 python3        2290923 nvme1n1 WS   114100992  131072   25.794
12:03:37.060 python3        2290922 nvme1n1 WS   114094080  131072   27.591
12:03:37.060 python3        2290922 nvme1n1 WS   114094336  131072   27.734
12:03:37.060 python3        2290923 nvme1n1 WS   114101248  131072   26.231
12:03:37.060 python3        2290923 nvme1n1 WS   114101504  131072   26.366
12:03:37.061 python3        2290923 nvme1n1 WS   114101760  131072   26.504
12:03:37.061 python3        2290923 nvme1n1 WS   114102016  131072   26.616
12:03:37.061 python3        2290923 nvme1n1 WS   114102272  131072   26.740
12:03:37.061 python3        2290923 nvme1n1 WS   114102528  131072   26.818
12:03:37.061 python3        2290922 nvme1n1 WS   114106368  131072   22.932
12:03:37.061 python3        2290922 nvme1n1 WS   114106624  131072   23.006
12:03:37.061 python3        2290922 nvme1n1 WS   114106880  131072   23.084
12:03:37.061 python3        2290922 nvme1n1 WS   114107136  131072   23.158
12:03:37.061 python3        2290922 nvme1n1 WS   114107392  131072   23.234
12:03:37.061 python3        2290922 nvme1n1 WS   114107648  131072   23.310
12:03:37.061 python3        2290922 nvme1n1 WS   114107904  131072   23.390
12:03:37.062 python3        2290922 nvme1n1 WS   114108160  131072   23.438
12:03:37.062 python3        2290922 nvme1n1 WS   114108416  131072   23.512
12:03:37.062 python3        2290922 nvme1n1 WS   114108672  131072   23.587
12:03:37.062 python3        2290922 nvme1n1 WS   114108928  131072   23.660
12:03:37.062 python3        2290922 nvme1n1 WS   114109184  131072   23.732
12:03:37.062 python3        2290922 nvme1n1 WS   114109440  131072   23.805
12:03:37.062 python3        2290922 nvme1n1 WS   114109696  131072   23.883
12:03:37.062 python3        2290922 nvme1n1 WS   114109952  131072   23.957
12:03:37.062 python3        2290923 nvme1n1 WS   114110464  131072   24.057
12:03:37.062 python3        2290923 nvme1n1 WS   114110720  131072   24.125
12:03:37.062 python3        2290923 nvme1n1 WS   114110976  131072   24.200
12:03:37.062 python3        2290923 nvme1n1 WS   114111232  131072   24.275
12:03:37.062 python3        2290923 nvme1n1 WS   114111488  131072   24.347
12:03:37.063 python3        2290923 nvme1n1 WS   114111744  131072   24.421
12:03:37.063 python3        2290923 nvme1n1 WS   114112000  131072   24.493
12:03:37.063 python3        2290923 nvme1n1 WS   114112256  131072   24.541
12:03:37.063 python3        2290923 nvme1n1 WS   114112512  131072   24.614
12:03:37.063 python3        2290923 nvme1n1 WS   114112768  131072   24.673
12:03:37.063 python3        2290923 nvme1n1 WS   114113024  131072   24.732
12:03:37.063 python3        2290923 nvme1n1 WS   114113280  131072   24.799
12:03:37.063 python3        2290922 nvme1n1 WS   114110208  131072   24.899
12:03:37.063 python3        2290922 nvme1n1 WS   114114560  131072   24.978
12:03:37.063 python3        2290922 nvme1n1 WS   114114816  131072   25.106
12:03:37.063 python3        2290923 nvme1n1 WS   114113536  131072   25.198
12:03:37.063 python3        2290923 nvme1n1 WS   114113792  131072   25.324
12:03:37.064 python3        2290923 nvme1n1 WS   114114048  131072   25.420
12:03:37.064 python3        2290923 nvme1n1 WS   114114304  131072   25.472
12:03:37.064 python3        2290923 nvme1n1 WS   114118656  131072   25.583
12:03:37.064 python3        2290923 nvme1n1 WS   114118912  131072   25.664
12:03:37.064 python3        2290922 nvme1n1 WS   114122752  131072   24.715
12:03:37.064 python3        2290922 nvme1n1 WS   114123008  131072   24.787
12:03:37.064 python3        2290922 nvme1n1 WS   114123264  131072   24.855
12:03:37.064 python3        2290922 nvme1n1 WS   114123520  131072   24.938
12:03:37.064 python3        2290922 nvme1n1 WS   114123776  131072   25.009
12:03:37.064 python3        2290922 nvme1n1 WS   114124032  131072   25.084
12:03:37.064 python3        2290922 nvme1n1 WS   114124288  131072   25.157
12:03:37.065 python3        2290922 nvme1n1 WS   114124544  131072   25.195
12:03:37.065 python3        2290922 nvme1n1 WS   114124800  131072   25.271
12:03:37.065 python3        2290922 nvme1n1 WS   114125056  131072   25.332
12:03:37.065 python3        2290922 nvme1n1 WS   114125312  131072   25.393
12:03:37.065 python3        2290922 nvme1n1 WS   114125568  131072   25.463
12:03:37.065 python3        2290922 nvme1n1 WS   114125824  131072   25.523
12:03:37.065 python3        2290922 nvme1n1 WS   114126080  131072   25.588
12:03:37.065 python3        2290922 nvme1n1 WS   114126336  131072   25.666
12:03:37.065 python3        2290922 nvme1n1 WS   114126592  131072   25.760
12:03:37.065 python3        2290922 nvme1n1 WS   114126848  131072   25.841
12:03:37.065 python3        2290922 nvme1n1 WS   114127104  131072   25.917
12:03:37.065 python3        2290921 nvme1n1 WS   114130944  131072   23.445
12:03:37.065 python3        2290921 nvme1n1 WS   114131200  131072   23.520
12:03:37.066 python3        2290921 nvme1n1 WS   114131456  131072   23.596
12:03:37.066 python3        2290921 nvme1n1 WS   114131712  131072   23.656
12:03:37.066 python3        2290921 nvme1n1 WS   114131968  131072   23.753
12:03:37.066 python3        2290921 nvme1n1 WS   114132224  131072   23.878
12:03:37.066 python3        2290921 nvme1n1 WS   114132480  131072   24.005
12:03:37.066 python3        2290921 nvme1n1 WS   114132736  131072   24.096
12:03:37.066 python3        2290921 nvme1n1 WS   114132992  131072   24.232
12:03:37.066 python3        2290921 nvme1n1 WS   114133248  131072   24.372
12:03:37.067 python3        2290921 nvme1n1 WS   114133504  131072   24.511
12:03:37.067 python3        2290921 nvme1n1 WS   114133760  131072   24.653
12:03:37.067 python3        2290921 nvme1n1 WS   114134016  131072   24.794
12:03:37.067 python3        2290921 nvme1n1 WS   114134272  131072   24.937
12:03:37.067 python3        2290921 nvme1n1 WS   114134528  131072   25.077
12:03:37.067 python3        2290921 nvme1n1 WS   114134784  131072   25.200
12:03:37.067 python3        2290923 nvme1n1 WS   114139136  131072   24.814
12:03:37.068 python3        2290923 nvme1n1 WS   114139392  131072   24.950
12:03:37.068 python3        2290923 nvme1n1 WS   114139648  131072   25.087
12:03:37.068 python3        2290923 nvme1n1 WS   114139904  131072   25.215
12:03:37.068 python3        2290923 nvme1n1 WS   114140160  131072   25.342
12:03:37.068 python3        2290923 nvme1n1 WS   114140416  131072   25.458
12:03:37.068 python3        2290923 nvme1n1 WS   114140672  131072   25.530
12:03:37.068 python3        2290923 nvme1n1 WS   114140928  131072   25.583
12:03:37.068 python3        2290923 nvme1n1 WS   114141184  131072   25.665
12:03:37.068 python3        2290923 nvme1n1 WS   114141440  131072   25.748
12:03:37.068 python3        2290923 nvme1n1 WS   114141696  131072   25.823
12:03:37.069 python3        2290923 nvme1n1 WS   114141952  131072   25.903
12:03:37.069 python3        2290921 nvme1n1 WS   114135040  131072   26.598
12:03:37.069 python3        2290921 nvme1n1 WS   114135296  131072   26.674
12:03:37.069 python3        2290922 nvme1n1 WS   114147328  131072   25.116
12:03:37.069 python3        2290922 nvme1n1 WS   114147584  131072   25.195
12:03:37.069 python3        2290922 nvme1n1 WS   114147840  131072   25.279
12:03:37.069 python3        2290922 nvme1n1 WS   114148096  131072   25.344
12:03:37.069 python3        2290922 nvme1n1 WS   114148352  131072   25.418
12:03:37.069 python3        2290922 nvme1n1 WS   114148608  131072   25.496
12:03:37.069 python3        2290922 nvme1n1 WS   114148864  131072   25.561
12:03:37.069 python3        2290922 nvme1n1 WS   114149120  131072   25.593
12:03:37.069 python3        2290922 nvme1n1 WS   114149376  131072   25.661
12:03:37.070 python3        2290922 nvme1n1 WS   114149632  131072   25.789
12:03:37.070 python3        2290922 nvme1n1 WS   114149888  131072   25.912
12:03:37.070 python3        2290922 nvme1n1 WS   114150144  131072   26.039
12:03:37.070 python3        2290923 nvme1n1 WS   114142208  131072   27.313
12:03:37.070 python3        2290923 nvme1n1 WS   114142464  131072   27.427
12:03:37.070 python3        2290923 nvme1n1 WS   114142720  131072   27.554
12:03:37.070 python3        2290923 nvme1n1 WS   114142976  131072   27.637
12:03:37.070 python3        2290922 nvme1n1 WS   114150400  131072   26.648
12:03:37.070 python3        2290922 nvme1n1 WS   114150656  131072   26.727
12:03:37.071 python3        2290922 nvme1n1 WS   114150912  131072   26.810
12:03:37.071 python3        2290922 nvme1n1 WS   114151168  131072   26.877
12:03:37.071 python3        2290922 nvme1n1 WS   114151424  131072   26.955
12:03:37.071 python3        2290922 nvme1n1 WS   114151680  131072   27.032
12:03:37.071 python3        2290923 nvme1n1 WS   114143232  131072   28.213
12:03:37.071 python3        2290923 nvme1n1 WS   114143488  131072   28.290
12:03:37.071 python3        2290921 nvme1n1 WS   114155520  131072   24.009
12:03:37.071 python3        2290921 nvme1n1 WS   114155776  131072   24.080
12:03:37.071 python3        2290921 nvme1n1 WS   114156032  131072   24.156
12:03:37.071 python3        2290921 nvme1n1 WS   114156288  131072   24.234
12:03:37.071 python3        2290921 nvme1n1 WS   114156544  131072   24.306
12:03:37.071 python3        2290921 nvme1n1 WS   114156800  131072   24.379
12:03:37.072 python3        2290921 nvme1n1 WS   114157056  131072   24.456
12:03:37.072 python3        2290921 nvme1n1 WS   114157312  131072   24.500
12:03:37.072 python3        2290921 nvme1n1 WS   114157568  131072   24.573
12:03:37.072 python3        2290921 nvme1n1 WS   114157824  131072   24.634
12:03:37.072 python3        2290921 nvme1n1 WS   114158080  131072   24.695
12:03:37.072 python3        2290921 nvme1n1 WS   114158336  131072   24.768
12:03:37.072 python3        2290921 nvme1n1 WS   114158592  131072   24.888
12:03:37.072 python3        2290921 nvme1n1 WS   114158848  131072   25.014
12:03:37.072 python3        2290921 nvme1n1 WS   114159104  131072   25.113
12:03:37.072 python3        2290921 nvme1n1 WS   114159360  131072   25.166
12:03:37.072 python3        2290920 nvme1n1 WS   114163712  131072   24.888
12:03:37.073 python3        2290920 nvme1n1 WS   114163968  131072   24.999
12:03:37.073 python3        2290920 nvme1n1 WS   114164224  131072   25.123
12:03:37.073 python3        2290920 nvme1n1 WS   114164480  131072   25.246
12:03:37.073 python3        2290920 nvme1n1 WS   114164736  131072   25.385
12:03:37.073 python3        2290920 nvme1n1 WS   114164992  131072   25.524
12:03:37.073 python3        2290920 nvme1n1 WS   114165248  131072   25.663
12:03:37.073 python3        2290920 nvme1n1 WS   114165504  131072   25.775
12:03:37.074 python3        2290920 nvme1n1 WS   114165760  131072   25.914
12:03:37.074 python3        2290920 nvme1n1 WS   114166016  131072   26.055
12:03:37.074 python3        2290920 nvme1n1 WS   114166272  131072   26.197
12:03:37.074 python3        2290920 nvme1n1 WS   114166528  131072   26.342
12:03:37.074 python3        2290921 nvme1n1 WS   114159616  131072   26.928
12:03:37.074 python3        2290921 nvme1n1 WS   114159872  131072   27.076
12:03:37.074 python3        2290920 nvme1n1 WS   114171904  131072   25.557
12:03:37.075 python3        2290920 nvme1n1 WS   114172160  131072   25.694
12:03:37.075 python3        2290920 nvme1n1 WS   114172416  131072   25.838
12:03:37.075 python3        2290920 nvme1n1 WS   114172672  131072   25.979
12:03:37.075 python3        2290920 nvme1n1 WS   114172928  131072   26.122
12:03:37.075 python3        2290920 nvme1n1 WS   114173184  131072   26.261
12:03:37.075 python3        2290920 nvme1n1 WS   114173440  131072   26.403
12:03:37.075 python3        2290920 nvme1n1 WS   114173696  131072   26.519
12:03:37.076 python3        2290920 nvme1n1 WS   114173952  131072   26.662
12:03:37.076 python3        2290920 nvme1n1 WS   114174208  131072   26.801
12:03:37.076 python3        2290920 nvme1n1 WS   114174464  131072   26.940
12:03:37.076 python3        2290920 nvme1n1 WS   114174720  131072   27.080
12:03:37.076 python3        2290920 nvme1n1 WS   114166784  131072   28.501
12:03:37.076 python3        2290920 nvme1n1 WS   114167040  131072   28.639
12:03:37.076 python3        2290920 nvme1n1 WS   114167296  131072   28.779
12:03:37.077 python3        2290920 nvme1n1 WS   114167552  131072   28.901
12:03:37.077 python3        2290920 nvme1n1 WS   114174976  131072   27.797
12:03:37.077 python3        2290920 nvme1n1 WS   114175232  131072   27.938
12:03:37.077 python3        2290920 nvme1n1 WS   114175488  131072   28.078
12:03:37.077 python3        2290920 nvme1n1 WS   114175744  131072   28.210
12:03:37.077 python3        2290920 nvme1n1 WS   114176000  131072   28.388
12:03:37.077 python3        2290920 nvme1n1 WS   114176256  131072   28.527
12:03:37.078 python3        2290920 nvme1n1 WS   114180096  131072   26.451
12:03:37.078 python3        2290920 nvme1n1 WS   114180352  131072   26.597
12:03:37.078 python3        2290920 nvme1n1 WS   114180608  131072   26.734
12:03:37.078 python3        2290920 nvme1n1 WS   114180864  131072   26.876
12:03:37.078 python3        2290920 nvme1n1 WS   114181120  131072   27.021
12:03:37.078 python3        2290920 nvme1n1 WS   114181376  131072   27.165
12:03:37.078 python3        2290920 nvme1n1 WS   114167808  131072   30.831
12:03:37.079 python3        2290920 nvme1n1 WS   114168064  131072   30.975
12:03:37.079 python3        2290920 nvme1n1 WS   114181632  131072   27.598
12:03:37.079 python3        2290920 nvme1n1 WS   114181888  131072   27.682
12:03:37.079 python3        2290920 nvme1n1 WS   114182144  131072   27.760
12:03:37.079 python3        2290920 nvme1n1 WS   114182400  131072   27.835
12:03:37.079 python3        2290920 nvme1n1 WS   114182656  131072   27.909
12:03:37.079 python3        2290920 nvme1n1 WS   114182912  131072   27.984
12:03:37.079 python3        2290920 nvme1n1 WS   114183168  131072   28.056
12:03:37.079 python3        2290920 nvme1n1 WS   114183424  131072   28.129
12:03:37.079 python3        2290920 nvme1n1 WS   114183680  131072   28.206
12:03:37.080 python3        2290920 nvme1n1 WS   114183936  131072   28.267
12:03:37.080 python3        2290920 nvme1n1 WS   114184192  131072   28.345
12:03:37.080 python3        2290920 nvme1n1 WS   114184448  131072   28.425
12:03:37.080 python3        2290923 nvme1n1 WS   114188288  131072   25.930
12:03:37.080 python3        2290923 nvme1n1 WS   114188544  131072   25.994
12:03:37.080 python3        2290923 nvme1n1 WS   114188800  131072   26.079
12:03:37.080 python3        2290923 nvme1n1 WS   114189056  131072   26.140
12:03:37.080 python3        2290923 nvme1n1 WS   114189312  131072   26.212
12:03:37.080 python3        2290923 nvme1n1 WS   114189568  131072   26.286
12:03:37.080 python3        2290923 nvme1n1 WS   114189824  131072   26.363
12:03:37.080 python3        2290923 nvme1n1 WS   114190080  131072   26.401
12:03:37.080 python3        2290923 nvme1n1 WS   114190336  131072   26.454
12:03:37.081 python3        2290923 nvme1n1 WS   114190592  131072   26.532
12:03:37.081 python3        2290923 nvme1n1 WS   114190848  131072   26.607
12:03:37.081 python3        2290923 nvme1n1 WS   114191104  131072   26.685
12:03:37.081 python3        2290923 nvme1n1 WS   114191360  131072   26.763
12:03:37.081 python3        2290923 nvme1n1 WS   114191616  131072   26.840
12:03:37.081 python3        2290923 nvme1n1 WS   114191872  131072   26.916
12:03:37.081 python3        2290923 nvme1n1 WS   114192128  131072   26.974
12:03:37.081 python3        2290923 nvme1n1 WS   114192384  131072   27.049
12:03:37.081 python3        2290923 nvme1n1 WS   114192640  131072   27.125
12:03:37.081 python3        2290920 nvme1n1 WS   114196480  131072   26.765
12:03:37.081 python3        2290920 nvme1n1 WS   114196736  131072   26.842
12:03:37.081 python3        2290920 nvme1n1 WS   114196992  131072   26.917
12:03:37.081 python3        2290920 nvme1n1 WS   114197248  131072   26.991
12:03:37.082 python3        2290920 nvme1n1 WS   114197504  131072   27.069
12:03:37.082 python3        2290920 nvme1n1 WS   114197760  131072   27.143
12:03:37.082 python3        2290920 nvme1n1 WS   114198016  131072   27.216
12:03:37.082 python3        2290920 nvme1n1 WS   114198272  131072   27.270
12:03:37.082 python3        2290920 nvme1n1 WS   114198528  131072   27.344
12:03:37.082 python3        2290920 nvme1n1 WS   114198784  131072   27.416
12:03:37.082 python3        2290920 nvme1n1 WS   114199040  131072   27.492
12:03:37.082 python3        2290920 nvme1n1 WS   114199296  131072   27.566
12:03:37.082 python3        2290920 nvme1n1 WS   114199552  131072   27.643
12:03:37.082 python3        2290920 nvme1n1 WS   114199808  131072   27.720
12:03:37.082 python3        2290920 nvme1n1 WS   114200064  131072   27.796
12:03:37.082 python3        2290920 nvme1n1 WS   114200320  131072   27.862
12:03:37.082 python3        2290920 nvme1n1 WS   114200576  131072   27.939
12:03:37.083 python3        2290920 nvme1n1 WS   114200832  131072   28.016
12:03:37.083 python3        2290921 nvme1n1 WS   114204672  131072   25.089
12:03:37.083 python3        2290921 nvme1n1 WS   114204928  131072   25.160
12:03:37.083 python3        2290921 nvme1n1 WS   114205184  131072   25.242
12:03:37.083 python3        2290921 nvme1n1 WS   114205440  131072   25.318
12:03:37.083 python3        2290921 nvme1n1 WS   114205696  131072   25.431
12:03:37.083 python3        2290921 nvme1n1 WS   114205952  131072   25.508
12:03:37.083 python3        2290921 nvme1n1 WS   114206208  131072   25.588
12:03:37.083 python3        2290921 nvme1n1 WS   114206464  131072   25.642
12:03:37.083 python3        2290921 nvme1n1 WS   114206720  131072   25.719
12:03:37.083 python3        2290921 nvme1n1 WS   114206976  131072   25.796
12:03:37.083 python3        2290921 nvme1n1 WS   114207232  131072   25.871
12:03:37.084 python3        2290921 nvme1n1 WS   114207488  131072   25.944
12:03:37.084 python3        2290921 nvme1n1 WS   114207744  131072   26.019
12:03:37.084 python3        2290921 nvme1n1 WS   114208000  131072   26.098
12:03:37.084 python3        2290921 nvme1n1 WS   114208256  131072   26.175
12:03:37.084 python3        2290921 nvme1n1 WS   114208512  131072   26.239
12:03:37.084 python3        2290921 nvme1n1 WS   114212864  131072   25.428
12:03:37.084 python3        2290921 nvme1n1 WS   114213120  131072   25.489
12:03:37.084 python3        2290921 nvme1n1 WS   114213376  131072   25.561
12:03:37.084 python3        2290921 nvme1n1 WS   114213632  131072   25.635
12:03:37.084 python3        2290921 nvme1n1 WS   114213888  131072   25.709
12:03:37.084 python3        2290921 nvme1n1 WS   114214144  131072   25.780
12:03:37.084 python3        2290921 nvme1n1 WS   114214400  131072   25.860
12:03:37.085 python3        2290921 nvme1n1 WS   114214656  131072   25.901
12:03:37.085 python3        2290921 nvme1n1 WS   114214912  131072   25.974
12:03:37.085 python3        2290921 nvme1n1 WS   114215168  131072   26.051
12:03:37.085 python3        2290921 nvme1n1 WS   114215424  131072   26.123
12:03:37.085 python3        2290921 nvme1n1 WS   114215680  131072   26.194
12:03:37.085 python3        2290921 nvme1n1 WS   114208768  131072   27.262
12:03:37.085 python3        2290921 nvme1n1 WS   114209024  131072   27.334
12:03:37.085 python3        2290921 nvme1n1 WS   114215936  131072   26.432
12:03:37.085 python3        2290921 nvme1n1 WS   114216192  131072   26.500
12:03:37.085 python3        2290921 nvme1n1 WS   114216448  131072   26.576
12:03:37.085 python3        2290921 nvme1n1 WS   114216704  131072   26.634
12:03:37.085 python3        2290921 nvme1n1 WS   114216960  131072   26.710
12:03:37.085 python3        2290921 nvme1n1 WS   114217216  131072   26.785
12:03:37.086 python3        2290922 nvme1n1 WS   114221056  131072   24.816
12:03:37.086 python3        2290922 nvme1n1 WS   114221312  131072   24.878
12:03:37.086 python3        2290922 nvme1n1 WS   114221568  131072   24.952
12:03:37.086 python3        2290922 nvme1n1 WS   114221824  131072   25.025
12:03:37.086 python3        2290922 nvme1n1 WS   114222080  131072   25.099
12:03:37.086 python3        2290922 nvme1n1 WS   114222336  131072   25.173
12:03:37.086 python3        2290922 nvme1n1 WS   114222592  131072   25.248
12:03:37.086 python3        2290922 nvme1n1 WS   114222848  131072   25.293
12:03:37.086 python3        2290922 nvme1n1 WS   114223104  131072   25.373
12:03:37.086 python3        2290922 nvme1n1 WS   114223360  131072   25.444
12:03:37.086 python3        2290922 nvme1n1 WS   114223616  131072   25.517
12:03:37.086 python3        2290922 nvme1n1 WS   114223872  131072   25.587
12:03:37.086 python3        2290922 nvme1n1 WS   114224128  131072   25.660
12:03:37.087 python3        2290922 nvme1n1 WS   114224384  131072   25.738
12:03:37.087 python3        2290922 nvme1n1 WS   114224640  131072   25.816
12:03:37.087 python3        2290922 nvme1n1 WS   114224896  131072   25.880
12:03:37.087 python3        2290922 nvme1n1 WS   114225152  131072   25.953
12:03:37.087 python3        2290922 nvme1n1 WS   114225408  131072   26.034
12:03:37.087 python3        2290923 nvme1n1 WS   114229248  131072   25.538
12:03:37.087 python3        2290923 nvme1n1 WS   114229504  131072   25.601
12:03:37.087 python3        2290923 nvme1n1 WS   114229760  131072   25.676
12:03:37.087 python3        2290923 nvme1n1 WS   114230016  131072   25.752
12:03:37.087 python3        2290923 nvme1n1 WS   114230272  131072   25.831
12:03:37.087 python3        2290923 nvme1n1 WS   114230528  131072   25.909
12:03:37.087 python3        2290923 nvme1n1 WS   114230784  131072   25.990
12:03:37.088 python3        2290923 nvme1n1 WS   114231040  131072   26.029
12:03:37.088 python3        2290923 nvme1n1 WS   114231296  131072   26.102
12:03:37.088 python3        2290923 nvme1n1 WS   114231552  131072   26.175
12:03:37.088 python3        2290923 nvme1n1 WS   114231808  131072   26.249
12:03:37.088 python3        2290923 nvme1n1 WS   114232064  131072   26.326
12:03:37.088 python3        2290923 nvme1n1 WS   114232320  131072   26.431
12:03:37.088 python3        2290923 nvme1n1 WS   114232576  131072   26.506
12:03:37.088 python3        2290923 nvme1n1 WS   114232832  131072   26.576
12:03:37.088 python3        2290923 nvme1n1 WS   114233088  131072   26.632
12:03:37.088 python3        2290923 nvme1n1 WS   114233344  131072   26.710
12:03:37.088 python3        2290923 nvme1n1 WS   114233600  131072   26.787
12:03:37.088 python3        2290922 nvme1n1 WS   114237440  131072   24.397
12:03:37.088 python3        2290922 nvme1n1 WS   114237696  131072   24.460
12:03:37.089 python3        2290922 nvme1n1 WS   114237952  131072   24.537
12:03:37.089 python3        2290922 nvme1n1 WS   114238208  131072   24.608
12:03:37.089 python3        2290922 nvme1n1 WS   114238464  131072   24.685
12:03:37.089 python3        2290922 nvme1n1 WS   114238720  131072   24.758
12:03:37.089 python3        2290922 nvme1n1 WS   114238976  131072   24.817
12:03:37.089 python3        2290922 nvme1n1 WS   114239232  131072   24.846
12:03:37.089 python3        2290922 nvme1n1 WS   114239488  131072   24.966
12:03:37.089 python3        2290922 nvme1n1 WS   114239744  131072   25.089
12:03:37.089 python3        2290922 nvme1n1 WS   114240000  131072   25.214
12:03:37.089 python3        2290922 nvme1n1 WS   114240256  131072   25.338
12:03:37.090 python3        2290922 nvme1n1 WS   114240512  131072   25.464
12:03:37.090 python3        2290922 nvme1n1 WS   114240768  131072   25.570
12:03:37.090 python3        2290922 nvme1n1 WS   114241024  131072   25.641
12:03:37.090 python3        2290922 nvme1n1 WS   114241280  131072   25.702
12:03:37.090 python3        2290923 nvme1n1 WS   114245632  131072   25.300
12:03:37.090 python3        2290923 nvme1n1 WS   114245888  131072   25.372
12:03:37.090 python3        2290923 nvme1n1 WS   114246144  131072   25.468
12:03:37.090 python3        2290923 nvme1n1 WS   114246400  131072   25.594
12:03:37.090 python3        2290923 nvme1n1 WS   114246656  131072   25.720
12:03:37.090 python3        2290923 nvme1n1 WS   114246912  131072   25.841
12:03:37.091 python3        2290923 nvme1n1 WS   114247168  131072   25.969
12:03:37.091 python3        2290923 nvme1n1 WS   114247424  131072   26.061
12:03:37.091 python3        2290923 nvme1n1 WS   114247680  131072   26.189
12:03:37.091 python3        2290923 nvme1n1 WS   114247936  131072   26.321
12:03:37.091 python3        2290923 nvme1n1 WS   114248192  131072   26.421
12:03:37.091 python3        2290923 nvme1n1 WS   114248448  131072   26.498
12:03:37.091 python3        2290922 nvme1n1 WS   114241536  131072   27.140
12:03:37.091 python3        2290922 nvme1n1 WS   114241792  131072   27.218
12:03:37.091 python3        2290922 nvme1n1 WS   114253824  131072   25.659
12:03:37.092 python3        2290922 nvme1n1 WS   114254080  131072   25.729
12:03:37.092 python3        2290922 nvme1n1 WS   114254336  131072   25.807
12:03:37.092 python3        2290922 nvme1n1 WS   114254592  131072   25.884
12:03:37.092 python3        2290922 nvme1n1 WS   114254848  131072   25.958
12:03:37.092 python3        2290922 nvme1n1 WS   114255104  131072   26.038
12:03:37.092 python3        2290922 nvme1n1 WS   114255360  131072   26.115
12:03:37.092 python3        2290922 nvme1n1 WS   114255616  131072   26.154
12:03:37.092 python3        2290922 nvme1n1 WS   114255872  131072   26.229
12:03:37.092 python3        2290922 nvme1n1 WS   114256128  131072   26.302
12:03:37.092 python3        2290922 nvme1n1 WS   114256384  131072   26.379
12:03:37.092 python3        2290922 nvme1n1 WS   114256640  131072   26.508
12:03:37.093 python3        2290923 nvme1n1 WS   114248704  131072   27.800
12:03:37.093 python3        2290923 nvme1n1 WS   114248960  131072   27.924
12:03:37.093 python3        2290923 nvme1n1 WS   114249216  131072   28.049
12:03:37.093 python3        2290923 nvme1n1 WS   114249472  131072   28.154
12:03:37.093 python3        2290922 nvme1n1 WS   114256896  131072   27.143
12:03:37.093 python3        2290922 nvme1n1 WS   114257152  131072   27.270
12:03:37.093 python3        2290922 nvme1n1 WS   114257408  131072   27.395
12:03:37.093 python3        2290922 nvme1n1 WS   114257664  131072   27.461
12:03:37.093 python3        2290922 nvme1n1 WS   114257920  131072   27.534
12:03:37.094 python3        2290922 nvme1n1 WS   114258176  131072   27.615
12:03:37.094 python3        2290923 nvme1n1 WS   114249728  131072   28.882
12:03:37.094 python3        2290923 nvme1n1 WS   114249984  131072   28.960
12:03:37.094 python3        2290921 nvme1n1 WS   114262016  131072   24.449
12:03:37.094 python3        2290921 nvme1n1 WS   114262272  131072   24.524
12:03:37.094 python3        2290921 nvme1n1 WS   114262528  131072   24.633
12:03:37.094 python3        2290921 nvme1n1 WS   114262784  131072   24.711
12:03:37.094 python3        2290921 nvme1n1 WS   114263040  131072   24.788
12:03:37.094 python3        2290921 nvme1n1 WS   114263296  131072   24.867
12:03:37.094 python3        2290921 nvme1n1 WS   114263552  131072   24.940
12:03:37.094 python3        2290921 nvme1n1 WS   114263808  131072   24.987
12:03:37.094 python3        2290921 nvme1n1 WS   114264064  131072   25.062
12:03:37.095 python3        2290921 nvme1n1 WS   114264320  131072   25.138
12:03:37.095 python3        2290921 nvme1n1 WS   114264576  131072   25.213
12:03:37.095 python3        2290921 nvme1n1 WS   114264832  131072   25.287
12:03:37.095 python3        2290921 nvme1n1 WS   114265088  131072   25.367
12:03:37.095 python3        2290921 nvme1n1 WS   114265344  131072   25.443
12:03:37.095 python3        2290921 nvme1n1 WS   114265600  131072   25.516
12:03:37.095 python3        2290921 nvme1n1 WS   114265856  131072   25.574
12:03:37.095 python3        2290921 nvme1n1 WS   114266112  131072   25.650
12:03:37.095 python3        2290921 nvme1n1 WS   114266368  131072   25.726
12:03:37.095 python3        2290922 nvme1n1 WS   114270208  131072   23.792
12:03:37.095 python3        2290922 nvme1n1 WS   114270464  131072   23.860
12:03:37.095 python3        2290922 nvme1n1 WS   114270720  131072   23.935
12:03:37.096 python3        2290922 nvme1n1 WS   114270976  131072   24.007
12:03:37.096 python3        2290922 nvme1n1 WS   114271232  131072   24.132
12:03:37.096 python3        2290922 nvme1n1 WS   114271488  131072   24.261
12:03:37.096 python3        2290922 nvme1n1 WS   114271744  131072   24.380
12:03:37.096 python3        2290922 nvme1n1 WS   114272000  131072   24.472
12:03:37.096 python3        2290922 nvme1n1 WS   114272256  131072   24.544
12:03:37.096 python3        2290922 nvme1n1 WS   114272512  131072   24.625
12:03:37.096 python3        2290922 nvme1n1 WS   114272768  131072   24.693
12:03:37.096 python3        2290922 nvme1n1 WS   114273024  131072   24.767
12:03:37.096 python3        2290922 nvme1n1 WS   114273280  131072   24.844
12:03:37.096 python3        2290922 nvme1n1 WS   114273536  131072   24.922
12:03:37.097 python3        2290922 nvme1n1 WS   114273792  131072   25.005
12:03:37.097 python3        2290922 nvme1n1 WS   114274048  131072   25.064
12:03:37.097 python3        2290923 nvme1n1 WS   114278400  131072   25.092
12:03:37.097 python3        2290923 nvme1n1 WS   114278656  131072   25.165
12:03:37.097 python3        2290923 nvme1n1 WS   114278912  131072   25.241
12:03:37.097 python3        2290923 nvme1n1 WS   114279168  131072   25.314
12:03:37.097 python3        2290923 nvme1n1 WS   114279424  131072   25.389
12:03:37.097 python3        2290923 nvme1n1 WS   114279680  131072   25.462
12:03:37.097 python3        2290923 nvme1n1 WS   114279936  131072   25.540
12:03:37.097 python3        2290923 nvme1n1 WS   114280192  131072   25.580
12:03:37.097 python3        2290923 nvme1n1 WS   114280448  131072   25.647
12:03:37.097 python3        2290923 nvme1n1 WS   114280704  131072   25.723
12:03:37.098 python3        2290923 nvme1n1 WS   114280960  131072   25.798
12:03:37.098 python3        2290923 nvme1n1 WS   114281216  131072   25.870
12:03:37.098 python3        2290922 nvme1n1 WS   114274304  131072   26.088
12:03:37.098 python3        2290922 nvme1n1 WS   114274560  131072   26.157
12:03:37.098 python3        2290923 nvme1n1 WS   114281472  131072   26.103
12:03:37.098 python3        2290923 nvme1n1 WS   114281728  131072   26.175
12:03:37.098 python3        2290923 nvme1n1 WS   114281984  131072   26.251
12:03:37.098 python3        2290923 nvme1n1 WS   114282240  131072   26.305
12:03:37.098 python3        2290923 nvme1n1 WS   114282496  131072   26.386
12:03:37.098 python3        2290923 nvme1n1 WS   114282752  131072   26.463
12:03:37.098 python3        2290921 nvme1n1 WS   114286592  131072   23.121
12:03:37.098 python3        2290921 nvme1n1 WS   114286848  131072   23.175
12:03:37.099 python3        2290921 nvme1n1 WS   114287104  131072   23.285
12:03:37.099 python3        2290921 nvme1n1 WS   114287360  131072   23.407
12:03:37.099 python3        2290921 nvme1n1 WS   114287616  131072   23.530
12:03:37.099 python3        2290921 nvme1n1 WS   114287872  131072   23.663
12:03:37.099 python3        2290921 nvme1n1 WS   114288128  131072   23.802
12:03:37.099 python3        2290921 nvme1n1 WS   114288384  131072   23.901
12:03:37.099 python3        2290921 nvme1n1 WS   114288640  131072   24.039
12:03:37.099 python3        2290921 nvme1n1 WS   114288896  131072   24.177
12:03:37.100 python3        2290921 nvme1n1 WS   114289152  131072   24.353
12:03:37.100 python3        2290921 nvme1n1 WS   114289408  131072   24.492
12:03:37.100 python3        2290921 nvme1n1 WS   114289664  131072   24.631
12:03:37.100 python3        2290921 nvme1n1 WS   114289920  131072   24.758
12:03:37.100 python3        2290921 nvme1n1 WS   114290176  131072   24.885
12:03:37.100 python3        2290921 nvme1n1 WS   114290432  131072   24.991
12:03:37.100 python3        2290921 nvme1n1 WS   114290688  131072   25.077
12:03:37.101 python3        2290921 nvme1n1 WS   114290944  131072   25.161
12:03:37.101 python3        2290920 nvme1n1 WS   114294784  131072   22.029
12:03:37.101 python3        2290920 nvme1n1 WS   114295040  131072   22.109
12:03:37.101 python3        2290920 nvme1n1 WS   114295296  131072   22.180
12:03:37.101 python3        2290920 nvme1n1 WS   114295552  131072   22.253
12:03:37.101 python3        2290920 nvme1n1 WS   114295808  131072   22.329
12:03:37.101 python3        2290920 nvme1n1 WS   114296064  131072   22.411
12:03:37.101 python3        2290920 nvme1n1 WS   114296320  131072   22.486
12:03:37.101 python3        2290920 nvme1n1 WS   114296576  131072   22.541
12:03:37.101 python3        2290920 nvme1n1 WS   114296832  131072   22.621
12:03:37.101 python3        2290920 nvme1n1 WS   114297088  131072   22.696
12:03:37.101 python3        2290920 nvme1n1 WS   114297344  131072   22.773
12:03:37.101 python3        2290920 nvme1n1 WS   114297600  131072   22.851
12:03:37.102 python3        2290920 nvme1n1 WS   114297856  131072   22.925
12:03:37.102 python3        2290920 nvme1n1 WS   114298112  131072   22.995
12:03:37.102 python3        2290920 nvme1n1 WS   114298368  131072   23.073
12:03:37.102 python3        2290920 nvme1n1 WS   114298624  131072   23.136
12:03:37.102 python3        2290920 nvme1n1 WS   114298880  131072   23.214
12:03:37.102 python3        2290920 nvme1n1 WS   114299136  131072   23.291
12:03:37.102 python3        2290920 nvme1n1 WS   114302976  131072   22.706
12:03:37.102 python3        2290920 nvme1n1 WS   114303232  131072   22.765
12:03:37.102 python3        2290920 nvme1n1 WS   114303488  131072   22.839
12:03:37.102 python3        2290920 nvme1n1 WS   114303744  131072   22.889
12:03:37.102 python3        2290920 nvme1n1 WS   114304000  131072   22.983
12:03:37.102 python3        2290920 nvme1n1 WS   114304256  131072   23.107
12:03:37.103 python3        2290920 nvme1n1 WS   114304512  131072   23.234
12:03:37.103 python3        2290920 nvme1n1 WS   114304768  131072   23.329
12:03:37.103 python3        2290920 nvme1n1 WS   114305024  131072   23.431
12:03:37.103 python3        2290920 nvme1n1 WS   114305280  131072   23.512
12:03:37.103 python3        2290920 nvme1n1 WS   114305536  131072   23.593
12:03:37.103 python3        2290920 nvme1n1 WS   114305792  131072   23.660
12:03:37.103 python3        2290920 nvme1n1 WS   114306048  131072   23.735
12:03:37.103 python3        2290920 nvme1n1 WS   114306304  131072   23.806
12:03:37.103 python3        2290920 nvme1n1 WS   114311168  131072   22.879
12:03:37.103 python3        2290920 nvme1n1 WS   114311424  131072   22.949
12:03:37.103 python3        2290920 nvme1n1 WS   114311680  131072   23.023
12:03:37.104 python3        2290920 nvme1n1 WS   114311936  131072   23.098
12:03:37.104 python3        2290920 nvme1n1 WS   114312192  131072   23.172
12:03:37.104 python3        2290920 nvme1n1 WS   114312448  131072   23.248
12:03:37.104 python3        2290920 nvme1n1 WS   114312704  131072   23.330
12:03:37.104 python3        2290920 nvme1n1 WS   114312960  131072   23.368
12:03:37.104 python3        2290920 nvme1n1 WS   114313216  131072   23.444
12:03:37.104 python3        2290920 nvme1n1 WS   114313472  131072   23.517
12:03:37.104 python3        2290920 nvme1n1 WS   114313728  131072   23.579
12:03:37.104 python3        2290920 nvme1n1 WS   114313984  131072   23.641
12:03:37.104 python3        2290920 nvme1n1 WS   114306560  131072   24.826
12:03:37.104 python3        2290920 nvme1n1 WS   114306816  131072   24.926
12:03:37.104 python3        2290920 nvme1n1 WS   114307072  131072   25.055
12:03:37.105 python3        2290920 nvme1n1 WS   114307328  131072   25.153
12:03:37.105 python3        2290920 nvme1n1 WS   114314240  131072   24.162
12:03:37.105 python3        2290920 nvme1n1 WS   114314496  131072   24.236
12:03:37.105 python3        2290920 nvme1n1 WS   114314752  131072   24.326
12:03:37.105 python3        2290920 nvme1n1 WS   114315008  131072   24.434
12:03:37.105 python3        2290920 nvme1n1 WS   114315264  131072   24.559
12:03:37.105 python3        2290920 nvme1n1 WS   114315520  131072   24.686
12:03:37.105 python3        2290923 nvme1n1 WS   114319360  131072   23.479
12:03:37.106 python3        2290923 nvme1n1 WS   114319616  131072   23.610
12:03:37.106 python3        2290923 nvme1n1 WS   114319872  131072   23.747
12:03:37.106 python3        2290923 nvme1n1 WS   114320128  131072   23.888
12:03:37.106 python3        2290923 nvme1n1 WS   114320384  131072   24.028
12:03:37.106 python3        2290923 nvme1n1 WS   114320640  131072   24.169
12:03:37.106 python3        2290923 nvme1n1 WS   114320896  131072   24.303
12:03:37.106 python3        2290923 nvme1n1 WS   114321152  131072   24.349
12:03:37.106 python3        2290923 nvme1n1 WS   114321408  131072   24.428
12:03:37.107 python3        2290923 nvme1n1 WS   114321664  131072   24.509
12:03:37.107 python3        2290923 nvme1n1 WS   114321920  131072   24.592
12:03:37.107 python3        2290923 nvme1n1 WS   114322176  131072   24.668
12:03:37.107 python3        2290923 nvme1n1 WS   114322432  131072   24.741
12:03:37.107 python3        2290923 nvme1n1 WS   114322688  131072   24.816
12:03:37.107 python3        2290923 nvme1n1 WS   114322944  131072   24.898
12:03:37.107 python3        2290923 nvme1n1 WS   114323200  131072   24.962
12:03:37.107 python3        2290923 nvme1n1 WS   114323456  131072   25.042
12:03:37.107 python3        2290923 nvme1n1 WS   114323712  131072   25.119
12:03:37.107 python3        2290920 nvme1n1 WS   114327552  131072   24.011
12:03:37.107 python3        2290920 nvme1n1 WS   114327808  131072   24.087
12:03:37.107 python3        2290920 nvme1n1 WS   114328064  131072   24.164
12:03:37.107 python3        2290920 nvme1n1 WS   114328320  131072   24.240
12:03:37.108 python3        2290920 nvme1n1 WS   114328576  131072   24.309
12:03:37.108 python3        2290920 nvme1n1 WS   114328832  131072   24.383
12:03:37.108 python3        2290920 nvme1n1 WS   114329088  131072   24.459
12:03:37.108 python3        2290920 nvme1n1 WS   114329344  131072   24.499
12:03:37.108 python3        2290920 nvme1n1 WS   114329600  131072   24.572
12:03:37.108 python3        2290920 nvme1n1 WS   114329856  131072   24.646
12:03:37.108 python3        2290920 nvme1n1 WS   114330112  131072   24.719
12:03:37.108 python3        2290920 nvme1n1 WS   114330368  131072   24.791
12:03:37.108 python3        2290920 nvme1n1 WS   114330624  131072   24.895
12:03:37.108 python3        2290920 nvme1n1 WS   114330880  131072   25.018
12:03:37.108 python3        2290920 nvme1n1 WS   114331136  131072   25.142
12:03:37.109 python3        2290920 nvme1n1 WS   114331392  131072   25.231
12:03:37.109 python3        2290920 nvme1n1 WS   114331648  131072   25.356
12:03:37.109 python3        2290920 nvme1n1 WS   114331904  131072   25.488
12:03:37.109 python3        2290921 nvme1n1 WS   114335744  131072   23.074
12:03:37.109 python3        2290921 nvme1n1 WS   114336000  131072   23.195
12:03:37.109 python3        2290921 nvme1n1 WS   114336256  131072   23.323
12:03:37.109 python3        2290921 nvme1n1 WS   114336512  131072   23.450
12:03:37.109 python3        2290921 nvme1n1 WS   114336768  131072   23.519
12:03:37.110 python3        2290921 nvme1n1 WS   114337024  131072   23.590
12:03:37.110 python3        2290921 nvme1n1 WS   114337280  131072   23.665
12:03:37.110 python3        2290921 nvme1n1 WS   114337536  131072   23.709
12:03:37.110 python3        2290921 nvme1n1 WS   114337792  131072   23.787
12:03:37.110 python3        2290921 nvme1n1 WS   114338048  131072   23.861
12:03:37.110 python3        2290921 nvme1n1 WS   114338304  131072   23.943
12:03:37.110 python3        2290921 nvme1n1 WS   114338560  131072   24.025
12:03:37.110 python3        2290921 nvme1n1 WS   114338816  131072   24.103
12:03:37.110 python3        2290921 nvme1n1 WS   114339072  131072   24.182
12:03:37.110 python3        2290921 nvme1n1 WS   114339328  131072   24.256
12:03:37.110 python3        2290921 nvme1n1 WS   114339584  131072   24.312
12:03:37.110 python3        2290921 nvme1n1 WS   114343936  131072   24.090
12:03:37.111 python3        2290921 nvme1n1 WS   114344192  131072   24.161
12:03:37.111 python3        2290921 nvme1n1 WS   114344448  131072   24.240
12:03:37.111 python3        2290921 nvme1n1 WS   114344704  131072   24.312
12:03:37.111 python3        2290921 nvme1n1 WS   114344960  131072   24.381
12:03:37.111 python3        2290921 nvme1n1 WS   114345216  131072   24.455
12:03:37.111 python3        2290921 nvme1n1 WS   114345472  131072   24.535
12:03:37.111 python3        2290921 nvme1n1 WS   114345728  131072   24.578
12:03:37.111 python3        2290921 nvme1n1 WS   114345984  131072   24.691
12:03:37.111 python3        2290921 nvme1n1 WS   114346240  131072   24.772
12:03:37.111 python3        2290921 nvme1n1 WS   114346496  131072   24.875
12:03:37.111 python3        2290921 nvme1n1 WS   114346752  131072   24.970
12:03:37.111 python3        2290921 nvme1n1 WS   114339840  131072   25.429
12:03:37.112 python3        2290921 nvme1n1 WS   114340096  131072   25.510
12:03:37.112 python3        2290921 nvme1n1 WS   114347008  131072   25.258
12:03:37.112 python3        2290921 nvme1n1 WS   114347264  131072   25.379
12:03:37.112 python3        2290921 nvme1n1 WS   114347520  131072   25.503
12:03:37.112 python3        2290921 nvme1n1 WS   114347776  131072   25.607
12:03:37.112 python3        2290921 nvme1n1 WS   114348032  131072   25.733
12:03:37.112 python3        2290921 nvme1n1 WS   114348288  131072   25.864
12:03:37.113 python3        2290922 nvme1n1 WS   114352128  131072   24.974
12:03:37.113 python3        2290922 nvme1n1 WS   114352384  131072   25.103
12:03:37.113 python3        2290922 nvme1n1 WS   114352640  131072   25.243
12:03:37.113 python3        2290922 nvme1n1 WS   114352896  131072   25.383
12:03:37.113 python3        2290922 nvme1n1 WS   114353152  131072   25.524
12:03:37.113 python3        2290922 nvme1n1 WS   114353408  131072   25.660
12:03:37.113 python3        2290922 nvme1n1 WS   114353664  131072   25.760
12:03:37.113 python3        2290922 nvme1n1 WS   114353920  131072   25.811
12:03:37.113 python3        2290922 nvme1n1 WS   114354176  131072   25.888
12:03:37.114 python3        2290922 nvme1n1 WS   114354432  131072   25.964
12:03:37.114 python3        2290922 nvme1n1 WS   114354688  131072   26.036
12:03:37.114 python3        2290922 nvme1n1 WS   114354944  131072   26.110
12:03:37.114 python3        2290922 nvme1n1 WS   114355200  131072   26.185
12:03:37.114 python3        2290922 nvme1n1 WS   114355456  131072   26.261
12:03:37.114 python3        2290922 nvme1n1 WS   114355712  131072   26.337
12:03:37.114 python3        2290922 nvme1n1 WS   114355968  131072   26.395
12:03:37.114 python3        2290923 nvme1n1 WS   114360320  131072   24.928
12:03:37.114 python3        2290923 nvme1n1 WS   114360576  131072   25.001
12:03:37.114 python3        2290923 nvme1n1 WS   114360832  131072   25.078
12:03:37.114 python3        2290923 nvme1n1 WS   114361088  131072   25.153
12:03:37.114 python3        2290923 nvme1n1 WS   114361344  131072   25.230
12:03:37.115 python3        2290923 nvme1n1 WS   114361600  131072   25.300
12:03:37.115 python3        2290923 nvme1n1 WS   114361856  131072   25.375
12:03:37.115 python3        2290923 nvme1n1 WS   114362112  131072   25.419
12:03:37.115 python3        2290923 nvme1n1 WS   114362368  131072   25.494
12:03:37.115 python3        2290923 nvme1n1 WS   114362624  131072   25.569
12:03:37.115 python3        2290923 nvme1n1 WS   114362880  131072   25.641
12:03:37.115 python3        2290923 nvme1n1 WS   114363136  131072   25.746
12:03:37.115 python3        2290922 nvme1n1 WS   114356224  131072   27.520
12:03:37.115 python3        2290922 nvme1n1 WS   114356480  131072   27.640
12:03:37.115 python3        2290923 nvme1n1 WS   114363392  131072   26.132
12:03:37.116 python3        2290923 nvme1n1 WS   114363648  131072   26.254
12:03:37.116 python3        2290923 nvme1n1 WS   114363904  131072   26.385
12:03:37.116 python3        2290923 nvme1n1 WS   114364160  131072   26.496
12:03:37.116 python3        2290923 nvme1n1 WS   114364416  131072   26.627
12:03:37.116 python3        2290923 nvme1n1 WS   114364672  131072   26.753
12:03:37.116 python3        2290922 nvme1n1 WS   114368512  131072   23.995
12:03:37.116 python3        2290922 nvme1n1 WS   114368768  131072   24.096
12:03:37.116 python3        2290922 nvme1n1 WS   114369024  131072   24.175
12:03:37.116 python3        2290922 nvme1n1 WS   114369280  131072   24.246
12:03:37.117 python3        2290922 nvme1n1 WS   114369536  131072   24.321
12:03:37.117 python3        2290922 nvme1n1 WS   114369792  131072   24.399
12:03:37.117 python3        2290922 nvme1n1 WS   114370048  131072   24.473
12:03:37.117 python3        2290922 nvme1n1 WS   114370304  131072   24.519
12:03:37.117 python3        2290922 nvme1n1 WS   114370560  131072   24.597
12:03:37.117 python3        2290922 nvme1n1 WS   114370816  131072   24.672
12:03:37.117 python3        2290922 nvme1n1 WS   114371072  131072   24.743
12:03:37.117 python3        2290922 nvme1n1 WS   114371328  131072   24.817
12:03:37.117 python3        2290922 nvme1n1 WS   114371584  131072   24.897
12:03:37.117 python3        2290922 nvme1n1 WS   114371840  131072   24.968
12:03:37.117 python3        2290922 nvme1n1 WS   114372096  131072   25.049
12:03:37.117 python3        2290922 nvme1n1 WS   114372352  131072   25.105
12:03:37.118 python3        2290922 nvme1n1 WS   114372608  131072   25.210
12:03:37.118 python3        2290922 nvme1n1 WS   114372864  131072   25.286
12:03:37.118 python3        2290922 nvme1n1 WS   114376704  131072   23.419
12:03:37.118 python3        2290922 nvme1n1 WS   114376960  131072   23.487
12:03:37.118 python3        2290922 nvme1n1 WS   114377216  131072   23.562
12:03:37.118 python3        2290922 nvme1n1 WS   114377472  131072   23.638
12:03:37.118 python3        2290922 nvme1n1 WS   114377728  131072   23.708
12:03:37.118 python3        2290922 nvme1n1 WS   114377984  131072   23.784
12:03:37.118 python3        2290922 nvme1n1 WS   114378240  131072   23.847
12:03:37.118 python3        2290922 nvme1n1 WS   114378496  131072   23.877
12:03:37.118 python3        2290922 nvme1n1 WS   114378752  131072   23.938
12:03:37.118 python3        2290922 nvme1n1 WS   114379008  131072   23.996
12:03:37.118 python3        2290922 nvme1n1 WS   114379264  131072   24.057
12:03:37.119 python3        2290922 nvme1n1 WS   114379520  131072   24.125
12:03:37.119 python3        2290922 nvme1n1 WS   114379776  131072   24.264
12:03:37.119 python3        2290922 nvme1n1 WS   114380032  131072   24.406
12:03:37.119 python3        2290922 nvme1n1 WS   114380288  131072   24.545
12:03:37.119 python3        2290922 nvme1n1 WS   114380544  131072   24.653
12:03:37.119 python3        2290922 nvme1n1 WS   114384896  131072   24.775
12:03:37.119 python3        2290922 nvme1n1 WS   114385152  131072   24.852
12:03:37.119 python3        2290923 nvme1n1 WS   114380800  131072   24.931
12:03:37.119 python3        2290923 nvme1n1 WS   114381056  131072   24.999
12:03:37.120 python3        2290923 nvme1n1 WS   114381312  131072   25.077
12:03:37.120 python3        2290923 nvme1n1 WS   114381568  131072   25.153
12:03:37.120 python3        2290923 nvme1n1 WS   114381824  131072   25.231
12:03:37.120 python3        2290923 nvme1n1 WS   114382080  131072   25.303
12:03:37.120 python3        2290923 nvme1n1 WS   114382336  131072   25.380
12:03:37.120 python3        2290923 nvme1n1 WS   114382592  131072   25.421
12:03:37.120 python3        2290923 nvme1n1 WS   114382848  131072   25.509
12:03:37.120 python3        2290923 nvme1n1 WS   114383104  131072   25.582
12:03:37.120 python3        2290923 nvme1n1 WS   114383360  131072   25.645
12:03:37.120 python3        2290923 nvme1n1 WS   114383616  131072   25.718
12:03:37.120 python3        2290923 nvme1n1 WS   114383872  131072   25.793
12:03:37.120 python3        2290923 nvme1n1 WS   114384128  131072   25.871
12:03:37.120 python3        2290923 nvme1n1 WS   114384384  131072   25.947
12:03:37.121 python3        2290923 nvme1n1 WS   114384640  131072   26.003
12:03:37.121 python3        2290921 nvme1n1 WS   114393088  131072   24.619
12:03:37.121 python3        2290921 nvme1n1 WS   114393344  131072   24.684
12:03:37.121 python3        2290921 nvme1n1 WS   114393600  131072   24.756
12:03:37.121 python3        2290921 nvme1n1 WS   114393856  131072   24.826
12:03:37.121 python3        2290921 nvme1n1 WS   114394112  131072   24.907
12:03:37.121 python3        2290921 nvme1n1 WS   114394368  131072   24.974
12:03:37.121 python3        2290921 nvme1n1 WS   114394624  131072   25.049
12:03:37.121 python3        2290921 nvme1n1 WS   114394880  131072   25.119
12:03:37.121 python3        2290921 nvme1n1 WS   114395136  131072   25.243
12:03:37.121 python3        2290921 nvme1n1 WS   114395392  131072   25.368
12:03:37.122 python3        2290921 nvme1n1 WS   114395648  131072   25.495
12:03:37.122 python3        2290921 nvme1n1 WS   114395904  131072   25.622
12:03:37.122 python3        2290923 nvme1n1 WS   114388992  131072   27.295
12:03:37.122 python3        2290923 nvme1n1 WS   114389248  131072   27.431
12:03:37.122 python3        2290921 nvme1n1 WS   114396160  131072   26.030
12:03:37.122 python3        2290921 nvme1n1 WS   114396416  131072   26.171
12:03:37.122 python3        2290921 nvme1n1 WS   114396672  131072   26.314
12:03:37.123 python3        2290921 nvme1n1 WS   114396928  131072   26.439
12:03:37.123 python3        2290921 nvme1n1 WS   114397184  131072   26.580
12:03:37.123 python3        2290921 nvme1n1 WS   114397440  131072   26.717
12:03:37.123 python3        2290922 nvme1n1 WS   114401280  131072   24.614
12:03:37.123 python3        2290922 nvme1n1 WS   114401536  131072   24.720
12:03:37.123 python3        2290922 nvme1n1 WS   114401792  131072   24.824
12:03:37.123 python3        2290922 nvme1n1 WS   114402048  131072   24.896
12:03:37.123 python3        2290922 nvme1n1 WS   114402304  131072   24.973
12:03:37.123 python3        2290922 nvme1n1 WS   114402560  131072   25.050
12:03:37.124 python3        2290922 nvme1n1 WS   114402816  131072   25.157
12:03:37.124 python3        2290922 nvme1n1 WS   114403072  131072   25.206
12:03:37.124 python3        2290922 nvme1n1 WS   114403328  131072   25.279
12:03:37.124 python3        2290922 nvme1n1 WS   114403584  131072   25.357
12:03:37.124 python3        2290922 nvme1n1 WS   114403840  131072   25.438
12:03:37.124 python3        2290922 nvme1n1 WS   114404096  131072   25.508
12:03:37.124 python3        2290923 nvme1n1 WS   114409472  131072   25.065
12:03:37.124 python3        2290923 nvme1n1 WS   114409728  131072   25.141
12:03:37.124 python3        2290923 nvme1n1 WS   114409984  131072   25.213
12:03:37.124 python3        2290923 nvme1n1 WS   114410240  131072   25.288
12:03:37.124 python3        2290922 nvme1n1 WS   114404352  131072   25.907
12:03:37.124 python3        2290922 nvme1n1 WS   114404608  131072   25.982
12:03:37.125 python3        2290922 nvme1n1 WS   114404864  131072   26.054
12:03:37.125 python3        2290922 nvme1n1 WS   114405120  131072   26.115
12:03:37.125 python3        2290922 nvme1n1 WS   114405376  131072   26.190
12:03:37.125 python3        2290922 nvme1n1 WS   114405632  131072   26.253
12:03:37.125 python3        2290923 nvme1n1 WS   114410496  131072   25.807
12:03:37.125 python3        2290923 nvme1n1 WS   114410752  131072   25.884
12:03:37.125 python3        2290923 nvme1n1 WS   114411008  131072   26.009
12:03:37.125 python3        2290923 nvme1n1 WS   114411264  131072   26.102
12:03:37.125 python3        2290923 nvme1n1 WS   114411520  131072   26.232
12:03:37.125 python3        2290923 nvme1n1 WS   114411776  131072   26.356
12:03:37.126 python3        2290923 nvme1n1 WS   114412032  131072   26.480
12:03:37.126 python3        2290923 nvme1n1 WS   114412288  131072   26.609
12:03:37.126 python3        2290923 nvme1n1 WS   114412544  131072   26.712
12:03:37.126 python3        2290923 nvme1n1 WS   114412800  131072   26.787
12:03:37.126 python3        2290923 nvme1n1 WS   114413056  131072   26.859
12:03:37.126 python3        2290923 nvme1n1 WS   114413312  131072   26.918
12:03:37.126 python3        2290921 nvme1n1 WS   114417664  131072   24.848
12:03:37.126 python3        2290921 nvme1n1 WS   114417920  131072   24.916
12:03:37.126 python3        2290921 nvme1n1 WS   114418176  131072   24.989
12:03:37.126 python3        2290921 nvme1n1 WS   114418432  131072   25.065
12:03:37.126 python3        2290923 nvme1n1 WS   114413568  131072   27.319
12:03:37.127 python3        2290923 nvme1n1 WS   114413824  131072   27.395
12:03:37.127 python3        2290921 nvme1n1 WS   114418688  131072   25.308
12:03:37.127 python3        2290921 nvme1n1 WS   114418944  131072   25.382
12:03:37.127 python3        2290921 nvme1n1 WS   114419200  131072   25.459
12:03:37.127 python3        2290921 nvme1n1 WS   114419456  131072   25.507
12:03:37.127 python3        2290921 nvme1n1 WS   114419712  131072   25.580
12:03:37.127 python3        2290921 nvme1n1 WS   114419968  131072   25.654
12:03:37.127 python3        2290921 nvme1n1 WS   114420224  131072   25.726
12:03:37.127 python3        2290921 nvme1n1 WS   114420480  131072   25.803
12:03:37.127 python3        2290921 nvme1n1 WS   114420736  131072   25.875
12:03:37.127 python3        2290921 nvme1n1 WS   114420992  131072   25.952
12:03:37.127 python3        2290921 nvme1n1 WS   114421248  131072   26.027
12:03:37.128 python3        2290921 nvme1n1 WS   114421504  131072   26.109
12:03:37.128 python3        2290920 nvme1n1 WS   114425856  131072   24.753
12:03:37.128 python3        2290920 nvme1n1 WS   114426112  131072   24.819
12:03:37.128 python3        2290920 nvme1n1 WS   114426368  131072   24.878
12:03:37.128 python3        2290920 nvme1n1 WS   114426624  131072   24.939
12:03:37.128 python3        2290921 nvme1n1 WS   114421760  131072   26.464
12:03:37.128 python3        2290921 nvme1n1 WS   114422016  131072   26.582
12:03:37.128 python3        2290920 nvme1n1 WS   114426880  131072   25.239
12:03:37.128 python3        2290920 nvme1n1 WS   114427136  131072   25.374
12:03:37.128 python3        2290920 nvme1n1 WS   114427392  131072   25.517
12:03:37.129 python3        2290920 nvme1n1 WS   114427648  131072   25.622
12:03:37.129 python3        2290920 nvme1n1 WS   114427904  131072   25.763
12:03:37.129 python3        2290920 nvme1n1 WS   114428160  131072   25.895
12:03:37.129 python3        2290920 nvme1n1 WS   114428416  131072   26.001
12:03:37.129 python3        2290920 nvme1n1 WS   114428672  131072   26.076
12:03:37.130 python3        2290920 nvme1n1 WS   114428928  131072   26.152
12:03:37.130 python3        2290920 nvme1n1 WS   114429184  131072   26.232
12:03:37.130 python3        2290920 nvme1n1 WS   114429440  131072   26.351
12:03:37.130 python3        2290920 nvme1n1 WS   114429696  131072   26.412
12:03:37.130 python3        2290920 nvme1n1 WS   114429952  131072   26.488
12:03:37.130 python3        2290920 nvme1n1 WS   114430208  131072   26.564
12:03:37.130 python3        2290920 nvme1n1 WS   114434048  131072   24.077
12:03:37.130 python3        2290920 nvme1n1 WS   114434304  131072   24.154
12:03:37.130 python3        2290920 nvme1n1 WS   114434560  131072   24.234
12:03:37.130 python3        2290920 nvme1n1 WS   114434816  131072   24.309
12:03:37.130 python3        2290920 nvme1n1 WS   114435072  131072   24.387
12:03:37.130 python3        2290920 nvme1n1 WS   114435328  131072   24.462
12:03:37.130 python3        2290920 nvme1n1 WS   114435584  131072   24.534
12:03:37.130 python3        2290920 nvme1n1 WS   114435840  131072   24.584
12:03:37.130 python3        2290920 nvme1n1 WS   114436096  131072   24.654
12:03:37.130 python3        2290920 nvme1n1 WS   114436352  131072   24.737
12:03:37.130 python3        2290920 nvme1n1 WS   114436608  131072   24.826
12:03:37.130 python3        2290920 nvme1n1 WS   114436864  131072   24.877
12:03:37.131 python3        2290920 nvme1n1 WS   114437120  131072   24.950
12:03:37.131 python3        2290920 nvme1n1 WS   114437376  131072   25.027
12:03:37.131 python3        2290920 nvme1n1 WS   114437632  131072   25.102
12:03:37.131 python3        2290920 nvme1n1 WS   114437888  131072   25.160
12:03:37.131 python3        2290920 nvme1n1 WS   114438144  131072   25.242
12:03:37.131 python3        2290920 nvme1n1 WS   114438400  131072   25.323
12:03:37.131 python3        2290920 nvme1n1 WS   114442240  131072   24.896
12:03:37.131 python3        2290920 nvme1n1 WS   114442496  131072   25.018
12:03:37.131 python3        2290920 nvme1n1 WS   114442752  131072   25.144
12:03:37.131 python3        2290920 nvme1n1 WS   114443008  131072   25.264
12:03:37.132 python3        2290920 nvme1n1 WS   114443264  131072   25.388
12:03:37.132 python3        2290920 nvme1n1 WS   114443520  131072   25.528
12:03:37.132 python3        2290920 nvme1n1 WS   114443776  131072   25.648
12:03:37.132 python3        2290920 nvme1n1 WS   114444032  131072   25.744
12:03:37.132 python3        2290920 nvme1n1 WS   114444288  131072   25.869
12:03:37.132 python3        2290920 nvme1n1 WS   114444544  131072   25.947
12:03:37.132 python3        2290920 nvme1n1 WS   114444800  131072   26.023
12:03:37.132 python3        2290920 nvme1n1 WS   114445056  131072   26.097
12:03:37.132 python3        2290920 nvme1n1 WS   114445312  131072   26.172
12:03:37.133 python3        2290920 nvme1n1 WS   114445568  131072   26.246
12:03:37.133 python3        2290920 nvme1n1 WS   114445824  131072   26.324
12:03:37.133 python3        2290920 nvme1n1 WS   114446080  131072   26.386
12:03:37.133 python3        2290920 nvme1n1 WS   114446336  131072   26.458
12:03:37.133 python3        2290920 nvme1n1 WS   114446592  131072   26.531
12:03:37.133 python3        2290923 nvme1n1 WS   114450432  131072   25.024
12:03:37.133 python3        2290923 nvme1n1 WS   114450688  131072   25.100
12:03:37.133 python3        2290923 nvme1n1 WS   114450944  131072   25.179
12:03:37.133 python3        2290923 nvme1n1 WS   114451200  131072   25.254
12:03:37.133 python3        2290923 nvme1n1 WS   114451456  131072   25.326
12:03:37.133 python3        2290923 nvme1n1 WS   114451712  131072   25.400
12:03:37.133 python3        2290923 nvme1n1 WS   114451968  131072   25.476
12:03:37.134 python3        2290923 nvme1n1 WS   114452224  131072   25.499
12:03:37.134 python3        2290923 nvme1n1 WS   114452480  131072   25.577
12:03:37.134 python3        2290923 nvme1n1 WS   114452736  131072   25.642
12:03:37.134 python3        2290923 nvme1n1 WS   114452992  131072   25.720
12:03:37.134 python3        2290923 nvme1n1 WS   114453248  131072   25.791
12:03:37.134 python3        2290923 nvme1n1 WS   114453504  131072   25.852
12:03:37.134 python3        2290923 nvme1n1 WS   114453760  131072   25.908
12:03:37.134 python3        2290923 nvme1n1 WS   114454016  131072   26.034
12:03:37.135 python3        2290923 nvme1n1 WS   114454272  131072   26.139
12:03:37.135 python3        2290923 nvme1n1 WS   114454528  131072   26.266
12:03:37.135 python3        2290923 nvme1n1 WS   114454784  131072   26.394
12:03:37.135 python3        2290920 nvme1n1 WS   114458624  131072   25.082
12:03:37.135 python3        2290920 nvme1n1 WS   114458880  131072   25.206
12:03:37.135 python3        2290920 nvme1n1 WS   114459136  131072   25.339
12:03:37.135 python3        2290920 nvme1n1 WS   114459392  131072   25.479
12:03:37.135 python3        2290920 nvme1n1 WS   114459648  131072   25.648
12:03:37.135 python3        2290920 nvme1n1 WS   114459904  131072   25.784
12:03:37.136 python3        2290920 nvme1n1 WS   114460160  131072   25.914
12:03:37.136 python3        2290920 nvme1n1 WS   114460416  131072   25.979
12:03:37.136 python3        2290920 nvme1n1 WS   114460672  131072   26.057
12:03:37.136 python3        2290920 nvme1n1 WS   114460928  131072   26.135
12:03:37.136 python3        2290920 nvme1n1 WS   114461184  131072   26.208
12:03:37.136 python3        2290920 nvme1n1 WS   114461440  131072   26.282
12:03:37.136 python3        2290920 nvme1n1 WS   114461696  131072   26.358
12:03:37.136 python3        2290920 nvme1n1 WS   114461952  131072   26.440
12:03:37.136 python3        2290920 nvme1n1 WS   114462208  131072   26.517
12:03:37.136 python3        2290920 nvme1n1 WS   114462464  131072   26.576
12:03:37.136 python3        2290920 nvme1n1 WS   114462720  131072   26.652
12:03:37.137 python3        2290920 nvme1n1 WS   114462976  131072   26.731
12:03:37.137 python3        2290921 nvme1n1 WS   114466816  131072   23.542
12:03:37.137 python3        2290921 nvme1n1 WS   114467072  131072   23.617
12:03:37.137 python3        2290921 nvme1n1 WS   114467328  131072   23.687
12:03:37.137 python3        2290921 nvme1n1 WS   114467584  131072   23.797
12:03:37.137 python3        2290921 nvme1n1 WS   114467840  131072   23.874
12:03:37.137 python3        2290921 nvme1n1 WS   114468096  131072   23.946
12:03:37.137 python3        2290921 nvme1n1 WS   114468352  131072   24.017
12:03:37.137 python3        2290921 nvme1n1 WS   114468608  131072   24.048
12:03:37.137 python3        2290921 nvme1n1 WS   114468864  131072   24.121
12:03:37.137 python3        2290921 nvme1n1 WS   114469120  131072   24.199
12:03:37.137 python3        2290921 nvme1n1 WS   114469376  131072   24.275
12:03:37.137 python3        2290921 nvme1n1 WS   114469632  131072   24.361
12:03:37.137 python3        2290921 nvme1n1 WS   114475008  131072   24.169
12:03:37.138 python3        2290921 nvme1n1 WS   114475264  131072   24.288
12:03:37.138 python3        2290921 nvme1n1 WS   114475520  131072   24.412
12:03:37.138 python3        2290921 nvme1n1 WS   114475776  131072   24.537
12:03:37.138 python3        2290921 nvme1n1 WS   114469888  131072   24.924
12:03:37.138 python3        2290921 nvme1n1 WS   114470144  131072   25.056
12:03:37.138 python3        2290921 nvme1n1 WS   114470400  131072   25.198
12:03:37.138 python3        2290921 nvme1n1 WS   114470656  131072   25.318
12:03:37.139 python3        2290921 nvme1n1 WS   114470912  131072   25.455
12:03:37.139 python3        2290921 nvme1n1 WS   114471168  131072   25.599
12:03:37.139 python3        2290921 nvme1n1 WS   114476032  131072   25.521
12:03:37.139 python3        2290921 nvme1n1 WS   114476288  131072   25.663
12:03:37.139 python3        2290921 nvme1n1 WS   114476544  131072   25.793
12:03:37.139 python3        2290921 nvme1n1 WS   114476800  131072   25.889
12:03:37.139 python3        2290921 nvme1n1 WS   114477056  131072   26.016
12:03:37.140 python3        2290921 nvme1n1 WS   114477312  131072   26.111
12:03:37.140 python3        2290921 nvme1n1 WS   114477568  131072   26.192
12:03:37.140 python3        2290921 nvme1n1 WS   114477824  131072   26.269
12:03:37.140 python3        2290921 nvme1n1 WS   114478080  131072   26.351
12:03:37.140 python3        2290921 nvme1n1 WS   114478336  131072   26.426
12:03:37.140 python3        2290921 nvme1n1 WS   114478592  131072   26.508
12:03:37.140 python3        2290921 nvme1n1 WS   114478848  131072   26.567
12:03:37.140 python3        2290921 nvme1n1 WS   114479104  131072   26.648
12:03:37.140 python3        2290921 nvme1n1 WS   114479360  131072   26.729
12:03:37.140 python3        2290922 nvme1n1 WS   114483200  131072   24.177
12:03:37.140 python3        2290922 nvme1n1 WS   114483456  131072   24.251
12:03:37.140 python3        2290922 nvme1n1 WS   114483712  131072   24.326
12:03:37.140 python3        2290922 nvme1n1 WS   114483968  131072   24.404
12:03:37.141 python3        2290922 nvme1n1 WS   114484224  131072   24.484
12:03:37.141 python3        2290922 nvme1n1 WS   114484480  131072   24.561
12:03:37.141 python3        2290922 nvme1n1 WS   114484736  131072   24.635
12:03:37.141 python3        2290922 nvme1n1 WS   114484992  131072   24.687
12:03:37.141 python3        2290922 nvme1n1 WS   114485248  131072   24.765
12:03:37.141 python3        2290922 nvme1n1 WS   114485504  131072   24.839
12:03:37.141 python3        2290922 nvme1n1 WS   114485760  131072   24.918
12:03:37.141 python3        2290922 nvme1n1 WS   114486016  131072   24.995
12:03:37.141 python3        2290922 nvme1n1 WS   114486272  131072   25.153
12:03:37.141 python3        2290922 nvme1n1 WS   114486528  131072   25.280
12:03:37.142 python3        2290922 nvme1n1 WS   114486784  131072   25.405
12:03:37.142 python3        2290922 nvme1n1 WS   114487040  131072   25.515
12:03:37.142 python3        2290922 nvme1n1 WS   114487296  131072   25.642
12:03:37.142 python3        2290922 nvme1n1 WS   114487552  131072   25.768
12:03:37.142 python3        2290923 nvme1n1 WS   114491392  131072   25.413
12:03:37.142 python3        2290923 nvme1n1 WS   114491648  131072   25.491
12:03:37.142 python3        2290923 nvme1n1 WS   114491904  131072   25.567
12:03:37.142 python3        2290923 nvme1n1 WS   114492160  131072   25.646
12:03:37.142 python3        2290923 nvme1n1 WS   114492416  131072   25.720
12:03:37.142 python3        2290923 nvme1n1 WS   114492672  131072   25.804
12:03:37.143 python3        2290923 nvme1n1 WS   114492928  131072   25.883
12:03:37.143 python3        2290923 nvme1n1 WS   114493184  131072   25.940
12:03:37.143 python3        2290923 nvme1n1 WS   114493440  131072   26.023
12:03:37.143 python3        2290923 nvme1n1 WS   114493696  131072   26.096
12:03:37.143 python3        2290923 nvme1n1 WS   114493952  131072   26.181
12:03:37.143 python3        2290923 nvme1n1 WS   114494208  131072   26.259
12:03:37.143 python3        2290923 nvme1n1 WS   114494464  131072   26.331
12:03:37.143 python3        2290923 nvme1n1 WS   114494720  131072   26.411
12:03:37.143 python3        2290922 nvme1n1 WS   114499584  131072   24.835
12:03:37.143 python3        2290922 nvme1n1 WS   114499840  131072   24.905
12:03:37.143 python3        2290922 nvme1n1 WS   114500096  131072   24.978
12:03:37.143 python3        2290922 nvme1n1 WS   114500352  131072   25.051
12:03:37.144 python3        2290922 nvme1n1 WS   114500608  131072   25.171
12:03:37.144 python3        2290922 nvme1n1 WS   114500864  131072   25.256
12:03:37.144 python3        2290922 nvme1n1 WS   114501120  131072   25.337
12:03:37.144 python3        2290922 nvme1n1 WS   114501376  131072   25.384
12:03:37.144 python3        2290922 nvme1n1 WS   114501632  131072   25.460
12:03:37.144 python3        2290922 nvme1n1 WS   114501888  131072   25.533
12:03:37.144 python3        2290922 nvme1n1 WS   114502144  131072   25.594
12:03:37.144 python3        2290922 nvme1n1 WS   114502400  131072   25.655
12:03:37.144 python3        2290923 nvme1n1 WS   114494976  131072   27.455
12:03:37.144 python3        2290923 nvme1n1 WS   114495232  131072   27.500
12:03:37.144 python3        2290923 nvme1n1 WS   114495488  131072   27.561
12:03:37.144 python3        2290923 nvme1n1 WS   114495744  131072   27.637
12:03:37.144 python3        2290922 nvme1n1 WS   114502656  131072   26.064
12:03:37.145 python3        2290922 nvme1n1 WS   114502912  131072   26.202
12:03:37.145 python3        2290922 nvme1n1 WS   114503168  131072   26.344
12:03:37.145 python3        2290922 nvme1n1 WS   114503424  131072   26.470
12:03:37.145 python3        2290922 nvme1n1 WS   114503680  131072   26.613
12:03:37.145 python3        2290922 nvme1n1 WS   114503936  131072   26.759
12:03:37.145 python3        2290922 nvme1n1 WS   114507776  131072   25.293
12:03:37.145 python3        2290922 nvme1n1 WS   114508032  131072   25.374
12:03:37.146 python3        2290922 nvme1n1 WS   114508288  131072   25.456
12:03:37.146 python3        2290922 nvme1n1 WS   114508544  131072   25.541
12:03:37.146 python3        2290922 nvme1n1 WS   114508800  131072   25.619
12:03:37.146 python3        2290922 nvme1n1 WS   114509056  131072   25.701
12:03:37.146 python3        2290922 nvme1n1 WS   114509312  131072   25.775
12:03:37.146 python3        2290922 nvme1n1 WS   114509568  131072   25.815
12:03:37.146 python3        2290922 nvme1n1 WS   114509824  131072   25.885
12:03:37.146 python3        2290922 nvme1n1 WS   114510080  131072   25.962
12:03:37.146 python3        2290922 nvme1n1 WS   114510336  131072   26.041
12:03:37.146 python3        2290922 nvme1n1 WS   114510592  131072   26.113
12:03:37.146 python3        2290922 nvme1n1 WS   114510848  131072   26.192
12:03:37.146 python3        2290922 nvme1n1 WS   114511104  131072   26.267
12:03:37.146 python3        2290922 nvme1n1 WS   114511360  131072   26.339
12:03:37.147 python3        2290922 nvme1n1 WS   114511616  131072   26.383
12:03:37.147 python3        2290923 nvme1n1 WS   114515968  131072   24.004
12:03:37.147 python3        2290923 nvme1n1 WS   114516224  131072   24.080
12:03:37.147 python3        2290923 nvme1n1 WS   114516480  131072   24.156
12:03:37.147 python3        2290923 nvme1n1 WS   114516736  131072   24.228
12:03:37.147 python3        2290923 nvme1n1 WS   114516992  131072   24.341
12:03:37.147 python3        2290923 nvme1n1 WS   114517248  131072   24.415
12:03:37.147 python3        2290923 nvme1n1 WS   114517504  131072   24.495
12:03:37.147 python3        2290923 nvme1n1 WS   114517760  131072   24.547
12:03:37.147 python3        2290923 nvme1n1 WS   114518016  131072   24.602
12:03:37.147 python3        2290923 nvme1n1 WS   114518272  131072   24.727
12:03:37.148 python3        2290923 nvme1n1 WS   114518528  131072   24.851
12:03:37.148 python3        2290923 nvme1n1 WS   114518784  131072   24.976
12:03:37.148 python3        2290922 nvme1n1 WS   114511872  131072   27.643
12:03:37.148 python3        2290922 nvme1n1 WS   114512128  131072   27.775
12:03:37.148 python3        2290923 nvme1n1 WS   114519040  131072   25.371
12:03:37.148 python3        2290923 nvme1n1 WS   114519296  131072   25.502
12:03:37.148 python3        2290923 nvme1n1 WS   114519552  131072   25.626
12:03:37.149 python3        2290923 nvme1n1 WS   114519808  131072   25.740
12:03:37.149 python3        2290923 nvme1n1 WS   114520064  131072   25.857
12:03:37.149 python3        2290923 nvme1n1 WS   114520320  131072   25.934
12:03:37.149 python3        2290922 nvme1n1 WS   114524160  131072   23.202
12:03:37.149 python3        2290922 nvme1n1 WS   114524416  131072   23.268
12:03:37.149 python3        2290922 nvme1n1 WS   114524672  131072   23.342
12:03:37.149 python3        2290922 nvme1n1 WS   114524928  131072   23.420
12:03:37.149 python3        2290922 nvme1n1 WS   114525184  131072   23.503
12:03:37.149 python3        2290922 nvme1n1 WS   114525440  131072   23.584
12:03:37.149 python3        2290922 nvme1n1 WS   114525696  131072   23.665
12:03:37.149 python3        2290922 nvme1n1 WS   114525952  131072   23.708
12:03:37.149 python3        2290922 nvme1n1 WS   114526208  131072   23.780
12:03:37.150 python3        2290922 nvme1n1 WS   114526464  131072   23.854
12:03:37.150 python3        2290922 nvme1n1 WS   114526720  131072   23.931
12:03:37.150 python3        2290922 nvme1n1 WS   114526976  131072   24.006
12:03:37.150 python3        2290922 nvme1n1 WS   114527232  131072   24.081
12:03:37.150 python3        2290922 nvme1n1 WS   114527488  131072   24.155
12:03:37.150 python3        2290922 nvme1n1 WS   114527744  131072   24.234
12:03:37.150 python3        2290922 nvme1n1 WS   114528000  131072   24.290
12:03:37.150 python3        2290922 nvme1n1 WS   114528256  131072   24.369
12:03:37.150 python3        2290922 nvme1n1 WS   114528512  131072   24.446
12:03:37.150 python3        2290920 nvme1n1 WS   114532352  131072   19.993
12:03:37.150 python3        2290920 nvme1n1 WS   114532608  131072   20.045
12:03:37.150 python3        2290920 nvme1n1 WS   114532864  131072   20.092
12:03:37.150 python3        2290920 nvme1n1 WS   114533120  131072   20.220
12:03:37.151 python3        2290920 nvme1n1 WS   114533376  131072   20.337
12:03:37.151 python3        2290920 nvme1n1 WS   114533632  131072   20.413
12:03:37.151 python3        2290920 nvme1n1 WS   114533888  131072   20.542
12:03:37.151 python3        2290920 nvme1n1 WS   114534144  131072   20.636
12:03:37.151 python3        2290920 nvme1n1 WS   114534400  131072   20.761
12:03:37.151 python3        2290920 nvme1n1 WS   114534656  131072   20.887
12:03:37.151 python3        2290920 nvme1n1 WS   114534912  131072   21.011
12:03:37.151 python3        2290920 nvme1n1 WS   114535168  131072   21.144
12:03:37.152 python3        2290920 nvme1n1 WS   114535424  131072   21.285
12:03:37.152 python3        2290920 nvme1n1 WS   114535680  131072   21.424
12:03:37.152 python3        2290920 nvme1n1 WS   114535936  131072   21.567
12:03:37.152 python3        2290920 nvme1n1 WS   114536192  131072   21.675
12:03:37.152 python3        2290920 nvme1n1 WS   114536448  131072   21.815
12:03:37.152 python3        2290920 nvme1n1 WS   114536704  131072   21.946
12:03:37.152 python3        2290920 nvme1n1 WS   114540544  131072   20.778
12:03:37.153 python3        2290920 nvme1n1 WS   114540800  131072   20.857
12:03:37.153 python3        2290920 nvme1n1 WS   114541056  131072   20.932
12:03:37.153 python3        2290920 nvme1n1 WS   114541312  131072   21.011
12:03:37.153 python3        2290920 nvme1n1 WS   114541568  131072   21.092
12:03:37.153 python3        2290920 nvme1n1 WS   114541824  131072   21.164
12:03:37.153 python3        2290920 nvme1n1 WS   114542080  131072   21.246
12:03:37.153 python3        2290920 nvme1n1 WS   114542336  131072   21.286
12:03:37.153 python3        2290920 nvme1n1 WS   114542592  131072   21.360
12:03:37.153 python3        2290920 nvme1n1 WS   114542848  131072   21.418
12:03:37.153 python3        2290920 nvme1n1 WS   114543104  131072   21.519
12:03:37.153 python3        2290920 nvme1n1 WS   114543360  131072   21.600
12:03:37.153 python3        2290920 nvme1n1 WS   114543616  131072   21.681
12:03:37.153 python3        2290920 nvme1n1 WS   114543872  131072   21.761
12:03:37.154 python3        2290920 nvme1n1 WS   114544128  131072   21.837
12:03:37.154 python3        2290920 nvme1n1 WS   114544384  131072   21.893
12:03:37.154 python3        2290920 nvme1n1 WS   114544640  131072   21.969
12:03:37.154 python3        2290920 nvme1n1 WS   114544896  131072   22.048
12:03:37.154 python3        2290920 nvme1n1 WS   114548736  131072   20.453
12:03:37.154 python3        2290920 nvme1n1 WS   114548992  131072   20.528
12:03:37.154 python3        2290920 nvme1n1 WS   114549248  131072   20.605
12:03:37.154 python3        2290920 nvme1n1 WS   114549504  131072   20.732
12:03:37.154 python3        2290920 nvme1n1 WS   114549760  131072   20.859
12:03:37.154 python3        2290920 nvme1n1 WS   114550016  131072   20.987
12:03:37.155 python3        2290920 nvme1n1 WS   114550272  131072   21.112
12:03:37.155 python3        2290920 nvme1n1 WS   114550528  131072   21.214
12:03:37.155 python3        2290920 nvme1n1 WS   114550784  131072   21.349
12:03:37.155 python3        2290920 nvme1n1 WS   114551040  131072   21.491
12:03:37.155 python3        2290920 nvme1n1 WS   114551296  131072   21.629
12:03:37.155 python3        2290920 nvme1n1 WS   114551552  131072   21.759
12:03:37.155 python3        2290920 nvme1n1 WS   114551808  131072   21.882
12:03:37.156 python3        2290920 nvme1n1 WS   114552064  131072   22.012
12:03:37.156 python3        2290920 nvme1n1 WS   114552320  131072   22.100
12:03:37.156 python3        2290920 nvme1n1 WS   114552576  131072   22.161
12:03:37.156 python3        2290920 nvme1n1 WS   114552832  131072   22.243
12:03:37.156 python3        2290920 nvme1n1 WS   114553088  131072   22.321
12:03:37.156 python3        2290920 nvme1n1 WS   114556928  131072   18.762
12:03:37.156 python3        2290920 nvme1n1 WS   114557184  131072   18.832
12:03:37.156 python3        2290920 nvme1n1 WS   114557440  131072   18.914
12:03:37.156 python3        2290920 nvme1n1 WS   114557696  131072   18.996
12:03:37.156 python3        2290920 nvme1n1 WS   114557952  131072   19.077
12:03:37.156 python3        2290920 nvme1n1 WS   114558208  131072   19.154
12:03:37.156 python3        2290920 nvme1n1 WS   114558464  131072   19.233
12:03:37.157 python3        2290920 nvme1n1 WS   114558720  131072   19.279
12:03:37.157 python3        2290920 nvme1n1 WS   114558976  131072   19.354
12:03:37.157 python3        2290920 nvme1n1 WS   114559232  131072   19.433
12:03:37.157 python3        2290920 nvme1n1 WS   114559488  131072   19.507
12:03:37.157 python3        2290920 nvme1n1 WS   114559744  131072   19.584
12:03:37.157 python3        2290920 nvme1n1 WS   114560000  131072   19.660
12:03:37.157 python3        2290920 nvme1n1 WS   114560256  131072   19.734
12:03:37.157 python3        2290920 nvme1n1 WS   114560512  131072   19.807
12:03:37.157 python3        2290920 nvme1n1 WS   114560768  131072   19.868
12:03:37.157 python3        2290920 nvme1n1 WS   114561024  131072   19.948
12:03:37.157 python3        2290920 nvme1n1 WS   114561280  131072   20.025
12:03:37.751 nvme           2397097 Unknown N    -1         512       0.035
12:03:37.820 jbd2/nv        752     nvme1n1 WSM  877594312  131072    0.167
12:03:37.820 jbd2/nv        752     nvme1n1 WSM  877594568  131072    0.205
12:03:37.820 jbd2/nv        752     nvme1n1 WSM  877594824  131072    0.255
12:03:37.820 jbd2/nv        752     nvme1n1 WSM  877595080  131072    0.307
12:03:37.820 jbd2/nv        752     nvme1n1 WSM  877595336  131072    0.356
12:03:37.820 jbd2/nv        752     nvme1n1 WSM  877595592  94208     0.288
12:03:37.820 jbd2/nv        752     nvme1n1 WSM  877595776  4096      0.031
12:03:38.768 nvme           2397112 Unknown N    -1         512       0.037
12:03:39.787 nvme           2397122 Unknown N    -1         512       0.034
12:03:40.578 kworker        2379468 nvme1n1 W    625538128  131072    0.165
12:03:40.578 kworker        2379468 nvme1n1 W    625538384  81920     0.152
12:03:40.578 kworker        2379468 nvme1n1 W    625538544  126976    0.216
12:03:40.578 kworker        2379468 nvme1n1 W    625538792  106496    0.291
12:03:40.578 kworker        2379468 nvme1n1 W    625539000  122880    0.362
12:03:40.578 kworker        2379468 nvme1n1 W    625539240  102400    0.419
12:03:40.578 kworker        2379468 nvme1n1 W    625419528  94208     0.472
12:03:40.578 kworker        2379468 nvme1n1 W    625539440  106496    0.540
12:03:40.578 kworker        2379468 nvme1n1 W    625539648  106496    0.603
12:03:40.578 kworker        2379468 nvme1n1 W    1558488680 131072    0.451
12:03:40.578 kworker        2379468 nvme1n1 W    1558488936 61440     0.443
12:03:40.578 kworker        2379468 nvme1n1 W    625539856  32768     0.224
12:03:40.579 kworker        2379468 nvme1n1 W    724877744  131072    0.308
12:03:40.579 kworker        2379468 nvme1n1 W    724878000  90112     0.364
12:03:40.579 kworker        2379468 nvme1n1 W    625419712  77824     0.408
12:03:40.579 kworker        2379468 nvme1n1 W    625539920  45056     0.244
12:03:40.801 nvme           2397133 Unknown N    -1         512       0.034
12:03:41.219 python3        2290922 nvme1n1 WS   114565120  131072    0.189
12:03:41.219 python3        2290922 nvme1n1 WS   114565376  131072    0.248
12:03:41.219 python3        2290922 nvme1n1 WS   114565632  131072    0.345
12:03:41.219 python3        2290922 nvme1n1 WS   114565888  131072    0.391
12:03:41.219 python3        2290922 nvme1n1 WS   114566144  131072    0.468
12:03:41.220 python3        2290922 nvme1n1 WS   114566400  131072    0.530
12:03:41.220 python3        2290922 nvme1n1 WS   114566656  131072    0.612
12:03:41.220 python3        2290921 nvme1n1 WS   114569216  131072    0.669
12:03:41.220 python3        2290921 nvme1n1 WS   114569472  131072    0.735
12:03:41.220 python3        2290921 nvme1n1 WS   114569728  131072    0.824
12:03:41.220 python3        2290922 nvme1n1 WS   114566912  131072    0.896
12:03:41.220 python3        2290921 nvme1n1 WS   114569984  131072    0.977
12:03:41.220 python3        2290921 nvme1n1 WS   114570240  131072    1.056
12:03:41.220 python3        2290922 nvme1n1 WS   114567168  131072    1.144
12:03:41.220 python3        2290922 nvme1n1 WS   114567424  131072    1.249
12:03:41.220 python3        2290922 nvme1n1 WS   114567680  131072    1.304
12:03:41.220 python3        2290922 nvme1n1 WS   114567936  131072    1.385
12:03:41.221 python3        2290921 nvme1n1 WS   114570496  131072    1.474
12:03:41.221 python3        2290921 nvme1n1 WS   114570752  131072    1.558
12:03:41.221 python3        2290922 nvme1n1 WS   114568192  131072    1.624
12:03:41.221 python3        2290922 nvme1n1 WS   114568448  131072    1.701
12:03:41.221 python3        2290922 nvme1n1 WS   114568704  131072    1.781
12:03:41.221 python3        2290921 nvme1n1 WS   114571008  131072    1.848
12:03:41.221 python3        2290921 nvme1n1 WS   114571264  131072    1.935
12:03:41.221 python3        2290921 nvme1n1 WS   114571520  131072    2.009
12:03:41.221 python3        2290921 nvme1n1 WS   114571776  131072    2.086
12:03:41.221 python3        2290921 nvme1n1 WS   114572032  131072    2.155
12:03:41.221 python3        2290921 nvme1n1 WS   114572288  131072    2.228
12:03:41.221 python3        2290921 nvme1n1 WS   114572544  131072    2.301
12:03:41.221 python3        2290922 nvme1n1 WS   114568960  131072    2.391
12:03:41.222 python3        2290922 nvme1n1 WS   114573312  131072    2.469
12:03:41.222 python3        2290922 nvme1n1 WS   114573568  131072    2.542
12:03:41.222 python3        2290921 nvme1n1 WS   114572800  131072    2.605
12:03:41.222 python3        2290921 nvme1n1 WS   114573056  131072    2.655
12:03:41.222 python3        2290921 nvme1n1 WS   114577408  131072    2.727
12:03:41.222 python3        2290921 nvme1n1 WS   114577664  131072    2.802
12:03:41.222 python3        2290922 nvme1n1 WS   114581504  131072    2.551
12:03:41.222 python3        2290922 nvme1n1 WS   114581760  131072    2.619
12:03:41.222 python3        2290922 nvme1n1 WS   114582016  131072    2.691
12:03:41.222 python3        2290922 nvme1n1 WS   114582272  131072    2.768
12:03:41.222 python3        2290922 nvme1n1 WS   114582528  131072    2.839
12:03:41.222 python3        2290922 nvme1n1 WS   114582784  131072    2.915
12:03:41.223 python3        2290922 nvme1n1 WS   114583040  131072    2.993
12:03:41.223 python3        2290922 nvme1n1 WS   114583296  131072    3.030
12:03:41.223 python3        2290922 nvme1n1 WS   114583552  131072    3.105
12:03:41.223 python3        2290922 nvme1n1 WS   114583808  131072    3.176
12:03:41.223 python3        2290922 nvme1n1 WS   114584064  131072    3.251
12:03:41.223 python3        2290922 nvme1n1 WS   114584320  131072    3.327
12:03:41.223 python3        2290922 nvme1n1 WS   114584576  131072    3.406
12:03:41.223 python3        2290922 nvme1n1 WS   114584832  131072    3.472
12:03:41.223 python3        2290922 nvme1n1 WS   114585088  131072    3.546
12:03:41.223 python3        2290922 nvme1n1 WS   114585344  131072    3.595
12:03:41.223 python3        2290922 nvme1n1 WS   114585600  131072    3.678
12:03:41.223 python3        2290922 nvme1n1 WS   114585856  131072    3.744
12:03:41.223 python3        2290922 nvme1n1 WS   114589696  131072    3.731
12:03:41.224 python3        2290922 nvme1n1 WS   114589952  131072    3.804
12:03:41.224 python3        2290922 nvme1n1 WS   114590208  131072    3.878
12:03:41.224 python3        2290922 nvme1n1 WS   114590464  131072    3.954
12:03:41.224 python3        2290922 nvme1n1 WS   114590720  131072    4.028
12:03:41.224 python3        2290922 nvme1n1 WS   114590976  131072    4.101
12:03:41.224 python3        2290922 nvme1n1 WS   114591232  131072    4.173
12:03:41.224 python3        2290922 nvme1n1 WS   114591488  131072    4.208
12:03:41.224 python3        2290922 nvme1n1 WS   114591744  131072    4.281
12:03:41.224 python3        2290922 nvme1n1 WS   114592000  131072    4.352
12:03:41.224 python3        2290922 nvme1n1 WS   114592256  131072    4.430
12:03:41.224 python3        2290922 nvme1n1 WS   114592512  131072    4.499
12:03:41.224 python3        2290922 nvme1n1 WS   114592768  131072    4.572
12:03:41.224 python3        2290922 nvme1n1 WS   114593024  131072    4.642
12:03:41.225 python3        2290922 nvme1n1 WS   114593280  131072    4.715
12:03:41.225 python3        2290922 nvme1n1 WS   114593536  131072    4.771
12:03:41.225 python3        2290922 nvme1n1 WS   114593792  131072    4.849
12:03:41.225 python3        2290922 nvme1n1 WS   114594048  131072    4.916
12:03:41.225 python3        2290921 nvme1n1 WS   114601984  131072    4.708
12:03:41.225 python3        2290921 nvme1n1 WS   114602240  131072    4.776
12:03:41.225 python3        2290921 nvme1n1 WS   114597888  131072    4.858
12:03:41.225 python3        2290921 nvme1n1 WS   114602496  131072    4.930
12:03:41.225 python3        2290921 nvme1n1 WS   114598144  131072    5.002
12:03:41.225 python3        2290921 nvme1n1 WS   114602752  131072    5.078
12:03:41.225 python3        2290921 nvme1n1 WS   114603008  131072    5.151
12:03:41.225 python3        2290921 nvme1n1 WS   114603264  131072    5.225
12:03:41.225 python3        2290921 nvme1n1 WS   114603520  131072    5.303
12:03:41.226 python3        2290921 nvme1n1 WS   114598400  131072    5.391
12:03:41.226 python3        2290921 nvme1n1 WS   114598656  131072    5.464
12:03:41.226 python3        2290921 nvme1n1 WS   114598912  131072    5.535
12:03:41.226 python3        2290921 nvme1n1 WS   114599168  131072    5.606
12:03:41.226 python3        2290921 nvme1n1 WS   114599424  131072    5.680
12:03:41.226 python3        2290921 nvme1n1 WS   114603776  131072    5.731
12:03:41.226 python3        2290921 nvme1n1 WS   114604032  131072    5.838
12:03:41.226 python3        2290921 nvme1n1 WS   114604288  131072    5.910
12:03:41.226 python3        2290921 nvme1n1 WS   114599680  131072    5.987
12:03:41.226 python3        2290921 nvme1n1 WS   114599936  131072    6.065
12:03:41.226 python3        2290921 nvme1n1 WS   114600192  131072    6.135
12:03:41.226 python3        2290921 nvme1n1 WS   114604544  131072    6.220
12:03:41.227 python3        2290921 nvme1n1 WS   114604800  131072    6.297
12:03:41.227 python3        2290921 nvme1n1 WS   114600448  131072    6.369
12:03:41.227 python3        2290921 nvme1n1 WS   114600704  131072    6.444
12:03:41.227 python3        2290921 nvme1n1 WS   114600960  131072    6.518
12:03:41.227 python3        2290921 nvme1n1 WS   114601216  131072    6.588
12:03:41.227 python3        2290921 nvme1n1 WS   114601472  131072    6.664
12:03:41.227 python3        2290921 nvme1n1 WS   114605056  131072    6.755
12:03:41.227 python3        2290921 nvme1n1 WS   114605312  131072    6.830
12:03:41.227 python3        2290921 nvme1n1 WS   114605568  131072    6.906
12:03:41.227 python3        2290921 nvme1n1 WS   114605824  131072    6.953
12:03:41.227 python3        2290921 nvme1n1 WS   114610176  131072    7.026
12:03:41.227 python3        2290921 nvme1n1 WS   114610432  131072    7.102
12:03:41.227 python3        2290921 nvme1n1 WS   114606080  131072    7.195
12:03:41.228 python3        2290921 nvme1n1 WS   114606336  131072    7.262
12:03:41.228 python3        2290921 nvme1n1 WS   114606592  131072    7.335
12:03:41.228 python3        2290921 nvme1n1 WS   114601728  131072    7.418
12:03:41.228 python3        2290921 nvme1n1 WS   114614272  131072    7.493
12:03:41.228 python3        2290921 nvme1n1 WS   114614528  131072    7.572
12:03:41.228 python3        2290921 nvme1n1 WS   114606848  131072    7.647
12:03:41.228 python3        2290921 nvme1n1 WS   114607104  131072    7.722
12:03:41.228 python3        2290921 nvme1n1 WS   114607360  131072    7.797
12:03:41.228 python3        2290921 nvme1n1 WS   114607616  131072    7.877
12:03:41.228 python3        2290921 nvme1n1 WS   114607872  131072    7.914
12:03:41.228 python3        2290921 nvme1n1 WS   114608128  131072    7.986
12:03:41.228 python3        2290921 nvme1n1 WS   114608384  131072    8.059
12:03:41.229 python3        2290921 nvme1n1 WS   114608640  131072    8.136
12:03:41.229 python3        2290921 nvme1n1 WS   114608896  131072    8.215
12:03:41.229 python3        2290921 nvme1n1 WS   114609152  131072    8.287
12:03:41.229 python3        2290921 nvme1n1 WS   114609408  131072    8.368
12:03:41.229 python3        2290921 nvme1n1 WS   114609664  131072    8.437
12:03:41.229 python3        2290921 nvme1n1 WS   114609920  131072    8.510
12:03:41.229 python3        2290921 nvme1n1 WS   114622464  131072    8.556
12:03:41.229 python3        2290921 nvme1n1 WS   114622720  131072    8.632
12:03:41.229 python3        2290923 nvme1n1 WS   114618368  131072    8.707
12:03:41.229 python3        2290923 nvme1n1 WS   114618624  131072    8.779
12:03:41.229 python3        2290923 nvme1n1 WS   114618880  131072    8.856
12:03:41.229 python3        2290923 nvme1n1 WS   114619136  131072    8.930
12:03:41.229 python3        2290923 nvme1n1 WS   114619392  131072    9.007
12:03:41.230 python3        2290923 nvme1n1 WS   114619648  131072    9.081
12:03:41.230 python3        2290923 nvme1n1 WS   114619904  131072    9.157
12:03:41.230 python3        2290923 nvme1n1 WS   114620160  131072    9.205
12:03:41.230 python3        2290923 nvme1n1 WS   114620416  131072    9.281
12:03:41.230 python3        2290923 nvme1n1 WS   114620672  131072    9.358
12:03:41.230 python3        2290923 nvme1n1 WS   114620928  131072    9.435
12:03:41.230 python3        2290923 nvme1n1 WS   114621184  131072    9.511
12:03:41.230 python3        2290923 nvme1n1 WS   114621440  131072    9.592
12:03:41.230 python3        2290923 nvme1n1 WS   114621696  131072    9.666
12:03:41.230 python3        2290923 nvme1n1 WS   114621952  131072    9.753
12:03:41.230 python3        2290923 nvme1n1 WS   114622208  131072    9.793
12:03:41.230 python3        2290923 nvme1n1 WS   114626560  131072    9.868
12:03:41.230 python3        2290923 nvme1n1 WS   114626816  131072    9.945
12:03:41.231 python3        2290920 nvme1n1 WS   114630656  131072    9.782
12:03:41.231 python3        2290920 nvme1n1 WS   114630912  131072    9.850
12:03:41.231 python3        2290920 nvme1n1 WS   114631168  131072    9.923
12:03:41.231 python3        2290920 nvme1n1 WS   114631424  131072    9.999
12:03:41.231 python3        2290920 nvme1n1 WS   114631680  131072   10.073
12:03:41.231 python3        2290920 nvme1n1 WS   114631936  131072   10.176
12:03:41.231 python3        2290920 nvme1n1 WS   114632192  131072   10.258
12:03:41.231 python3        2290920 nvme1n1 WS   114632448  131072   10.301
12:03:41.231 python3        2290920 nvme1n1 WS   114632704  131072   10.377
12:03:41.231 python3        2290920 nvme1n1 WS   114632960  131072   10.447
12:03:41.231 python3        2290920 nvme1n1 WS   114633216  131072   10.521
12:03:41.231 python3        2290920 nvme1n1 WS   114633472  131072   10.592
12:03:41.232 python3        2290920 nvme1n1 WS   114633728  131072   10.664
12:03:41.232 python3        2290920 nvme1n1 WS   114633984  131072   10.739
12:03:41.232 python3        2290920 nvme1n1 WS   114634240  131072   10.815
12:03:41.232 python3        2290920 nvme1n1 WS   114634496  131072   10.861
12:03:41.232 python3        2290920 nvme1n1 WS   114642944  131072   10.942
12:03:41.232 python3        2290923 nvme1n1 WS   114634752  131072   11.021
12:03:41.232 python3        2290923 nvme1n1 WS   114635008  131072   11.096
12:03:41.232 python3        2290923 nvme1n1 WS   114635264  131072   11.168
12:03:41.232 python3        2290920 nvme1n1 WS   114643200  131072   11.260
12:03:41.232 python3        2290923 nvme1n1 WS   114635520  131072   11.322
12:03:41.232 python3        2290923 nvme1n1 WS   114635776  131072   11.395
12:03:41.232 python3        2290923 nvme1n1 WS   114636032  131072   11.466
12:03:41.232 python3        2290923 nvme1n1 WS   114636288  131072   11.544
12:03:41.233 python3        2290920 nvme1n1 WS   114638848  131072   11.625
12:03:41.233 python3        2290920 nvme1n1 WS   114639104  131072   11.691
12:03:41.233 python3        2290920 nvme1n1 WS   114639360  131072   11.765
12:03:41.233 python3        2290920 nvme1n1 WS   114639616  131072   11.814
12:03:41.233 python3        2290920 nvme1n1 WS   114639872  131072   11.894
12:03:41.233 python3        2290920 nvme1n1 WS   114640128  131072   11.973
12:03:41.233 python3        2290920 nvme1n1 WS   114640384  131072   12.045
12:03:41.233 python3        2290923 nvme1n1 WS   114636544  131072   12.123
12:03:41.233 python3        2290923 nvme1n1 WS   114636800  131072   12.198
12:03:41.233 python3        2290923 nvme1n1 WS   114637056  131072   12.271
12:03:41.233 python3        2290923 nvme1n1 WS   114637312  131072   12.345
12:03:41.233 python3        2290923 nvme1n1 WS   114637568  131072   12.419
12:03:41.234 python3        2290923 nvme1n1 WS   114637824  131072   12.496
12:03:41.234 python3        2290923 nvme1n1 WS   114638080  131072   12.571
12:03:41.234 python3        2290923 nvme1n1 WS   114638336  131072   12.642
12:03:41.234 python3        2290920 nvme1n1 WS   114640640  131072   12.724
12:03:41.234 python3        2290920 nvme1n1 WS   114640896  131072   12.792
12:03:41.234 python3        2290920 nvme1n1 WS   114641152  131072   12.869
12:03:41.234 python3        2290920 nvme1n1 WS   114641408  131072   12.943
12:03:41.234 python3        2290920 nvme1n1 WS   114641664  131072   13.017
12:03:41.234 python3        2290920 nvme1n1 WS   114647040  131072   13.110
12:03:41.234 python3        2290920 nvme1n1 WS   114647296  131072   13.177
12:03:41.234 python3        2290920 nvme1n1 WS   114647552  131072   13.250
12:03:41.234 python3        2290920 nvme1n1 WS   114641920  131072   13.327
12:03:41.234 python3        2290920 nvme1n1 WS   114642176  131072   13.404
12:03:41.235 python3        2290920 nvme1n1 WS   114642432  131072   13.479
12:03:41.235 python3        2290923 nvme1n1 WS   114638592  131072   13.563
12:03:41.235 python3        2290923 nvme1n1 WS   114651136  131072   13.638
12:03:41.235 python3        2290923 nvme1n1 WS   114651392  131072   13.714
12:03:41.235 python3        2290920 nvme1n1 WS   114647808  131072   13.801
12:03:41.235 python3        2290920 nvme1n1 WS   114648064  131072   13.875
12:03:41.235 python3        2290920 nvme1n1 WS   114648320  131072   13.946
12:03:41.235 python3        2290920 nvme1n1 WS   114648576  131072   14.017
12:03:41.235 python3        2290920 nvme1n1 WS   114642688  131072   14.076
12:03:41.235 python3        2290920 nvme1n1 WS   114655232  131072   14.149
12:03:41.235 python3        2290920 nvme1n1 WS   114655488  131072   14.226
12:03:41.235 python3        2290920 nvme1n1 WS   114648832  131072   14.305
12:03:41.235 python3        2290920 nvme1n1 WS   114649088  131072   14.385
12:03:41.236 python3        2290920 nvme1n1 WS   114649344  131072   14.458
12:03:41.236 python3        2290920 nvme1n1 WS   114649600  131072   14.528
12:03:41.236 python3        2290920 nvme1n1 WS   114649856  131072   14.598
12:03:41.236 python3        2290920 nvme1n1 WS   114650112  131072   14.670
12:03:41.236 python3        2290920 nvme1n1 WS   114650368  131072   14.775
12:03:41.236 python3        2290920 nvme1n1 WS   114650624  131072   14.849
12:03:41.236 python3        2290920 nvme1n1 WS   114650880  131072   14.899
12:03:41.236 python3        2290920 nvme1n1 WS   114659328  131072   14.972
12:03:41.237 python3        2290920 nvme1n1 WS   114659584  131072   15.044
12:03:41.237 python3        2290923 nvme1n1 WS   114663424  131072   15.084
12:03:41.237 python3        2290923 nvme1n1 WS   114663680  131072   15.149
12:03:41.237 python3        2290923 nvme1n1 WS   114663936  131072   15.223
12:03:41.237 python3        2290923 nvme1n1 WS   114664192  131072   15.299
12:03:41.237 python3        2290923 nvme1n1 WS   114664448  131072   15.375
12:03:41.237 python3        2290923 nvme1n1 WS   114664704  131072   15.448
12:03:41.237 python3        2290923 nvme1n1 WS   114664960  131072   15.523
12:03:41.237 python3        2290922 nvme1n1 WS   114667520  131072   15.601
12:03:41.237 python3        2290922 nvme1n1 WS   114667776  131072   15.670
12:03:41.237 python3        2290922 nvme1n1 WS   114668032  131072   15.741
12:03:41.237 python3        2290922 nvme1n1 WS   114668288  131072   15.815
12:03:41.237 python3        2290922 nvme1n1 WS   114668544  131072   15.891
12:03:41.237 python3        2290922 nvme1n1 WS   114668800  131072   15.963
12:03:41.237 python3        2290923 nvme1n1 WS   114665216  131072   16.039
12:03:41.237 python3        2290923 nvme1n1 WS   114665472  131072   16.114
12:03:41.237 python3        2290922 nvme1n1 WS   114669056  131072   16.199
12:03:41.238 python3        2290923 nvme1n1 WS   114665728  131072   16.267
12:03:41.238 python3        2290923 nvme1n1 WS   114665984  131072   16.343
12:03:41.238 python3        2290923 nvme1n1 WS   114666240  131072   16.417
12:03:41.238 python3        2290923 nvme1n1 WS   114666496  131072   16.494
12:03:41.238 python3        2290923 nvme1n1 WS   114666752  131072   16.569
12:03:41.238 python3        2290923 nvme1n1 WS   114667008  131072   16.645
12:03:41.238 python3        2290922 nvme1n1 WS   114669312  131072   16.719
12:03:41.238 python3        2290922 nvme1n1 WS   114669568  131072   16.791
12:03:41.238 python3        2290922 nvme1n1 WS   114669824  131072   16.864
12:03:41.238 python3        2290922 nvme1n1 WS   114670080  131072   16.938
12:03:41.238 python3        2290922 nvme1n1 WS   114670336  131072   17.013
12:03:41.238 python3        2290922 nvme1n1 WS   114670592  131072   17.092
12:03:41.239 python3        2290922 nvme1n1 WS   114670848  131072   17.165
12:03:41.239 python3        2290923 nvme1n1 WS   114667264  131072   17.251
12:03:41.239 python3        2290923 nvme1n1 WS   114671616  131072   17.324
12:03:41.239 python3        2290923 nvme1n1 WS   114671872  131072   17.399
12:03:41.239 python3        2290922 nvme1n1 WS   114671104  131072   17.484
12:03:41.239 python3        2290922 nvme1n1 WS   114671360  131072   17.528
12:03:41.239 python3        2290922 nvme1n1 WS   114675712  131072   17.601
12:03:41.239 python3        2290922 nvme1n1 WS   114675968  131072   17.677
12:03:41.239 python3        2290923 nvme1n1 WS   114679808  131072   17.679
12:03:41.239 python3        2290923 nvme1n1 WS   114680064  131072   17.751
12:03:41.239 python3        2290923 nvme1n1 WS   114680320  131072   17.824
12:03:41.239 python3        2290923 nvme1n1 WS   114680576  131072   17.896
12:03:41.239 python3        2290920 nvme1n1 WS   114683904  131072   17.979
12:03:41.240 python3        2290923 nvme1n1 WS   114680832  131072   18.054
12:03:41.240 python3        2290923 nvme1n1 WS   114681088  131072   18.130
12:03:41.240 python3        2290923 nvme1n1 WS   114681344  131072   18.203
12:03:41.240 python3        2290920 nvme1n1 WS   114684160  131072   18.292
12:03:41.240 python3        2290920 nvme1n1 WS   114684416  131072   18.364
12:03:41.240 python3        2290920 nvme1n1 WS   114684672  131072   18.437
12:03:41.240 python3        2290920 nvme1n1 WS   114684928  131072   18.515
12:03:41.240 python3        2290920 nvme1n1 WS   114685184  131072   18.592
12:03:41.240 python3        2290920 nvme1n1 WS   114685440  131072   18.671
12:03:41.240 python3        2290923 nvme1n1 WS   114681600  131072   18.730
12:03:41.240 python3        2290923 nvme1n1 WS   114681856  131072   18.804
12:03:41.240 python3        2290923 nvme1n1 WS   114682112  131072   18.876
12:03:41.240 python3        2290923 nvme1n1 WS   114682368  131072   18.944
12:03:41.241 python3        2290923 nvme1n1 WS   114682624  131072   19.020
12:03:41.241 python3        2290923 nvme1n1 WS   114682880  131072   19.098
12:03:41.241 python3        2290920 nvme1n1 WS   114685696  131072   19.190
12:03:41.241 python3        2290920 nvme1n1 WS   114685952  131072   19.295
12:03:41.241 python3        2290920 nvme1n1 WS   114686208  131072   19.366
12:03:41.241 python3        2290923 nvme1n1 WS   114683136  131072   19.440
12:03:41.241 python3        2290923 nvme1n1 WS   114683392  131072   19.520
12:03:41.241 python3        2290920 nvme1n1 WS   114686464  131072   19.600
12:03:41.241 python3        2290920 nvme1n1 WS   114686720  131072   19.675
12:03:41.241 python3        2290920 nvme1n1 WS   114686976  131072   19.755
12:03:41.241 python3        2290920 nvme1n1 WS   114687232  131072   19.828
12:03:41.241 python3        2290920 nvme1n1 WS   114687488  131072   19.897
12:03:41.242 python3        2290920 nvme1n1 WS   114687744  131072   19.949
12:03:41.242 python3        2290920 nvme1n1 WS   114692096  131072   20.029
12:03:41.242 python3        2290920 nvme1n1 WS   114692352  131072   20.102
12:03:41.242 python3        2290923 nvme1n1 WS   114683648  131072   20.202
12:03:41.242 python3        2290923 nvme1n1 WS   114688000  131072   20.276
12:03:41.242 python3        2290923 nvme1n1 WS   114688256  131072   20.356
12:03:41.242 python3        2290922 nvme1n1 WS   114696192  131072   19.230
12:03:41.242 python3        2290922 nvme1n1 WS   114696448  131072   19.306
12:03:41.242 python3        2290922 nvme1n1 WS   114696704  131072   19.371
12:03:41.242 python3        2290922 nvme1n1 WS   114696960  131072   19.447
12:03:41.242 python3        2290922 nvme1n1 WS   114697216  131072   19.519
12:03:41.242 python3        2290922 nvme1n1 WS   114697472  131072   19.593
12:03:41.243 python3        2290922 nvme1n1 WS   114697728  131072   19.665
12:03:41.243 python3        2290922 nvme1n1 WS   114697984  131072   19.707
12:03:41.243 python3        2290922 nvme1n1 WS   114698240  131072   19.784
12:03:41.243 python3        2290922 nvme1n1 WS   114698496  131072   19.862
12:03:41.243 python3        2290922 nvme1n1 WS   114698752  131072   19.939
12:03:41.243 python3        2290922 nvme1n1 WS   114699008  131072   20.006
12:03:41.243 python3        2290922 nvme1n1 WS   114699264  131072   20.079
12:03:41.243 python3        2290922 nvme1n1 WS   114699520  131072   20.157
12:03:41.243 python3        2290922 nvme1n1 WS   114699776  131072   20.228
12:03:41.243 python3        2290922 nvme1n1 WS   114700032  131072   20.289
12:03:41.243 python3        2290922 nvme1n1 WS   114700288  131072   20.363
12:03:41.243 python3        2290922 nvme1n1 WS   114700544  131072   20.440
12:03:41.244 python3        2290921 nvme1n1 WS   114704384  131072   19.549
12:03:41.244 python3        2290921 nvme1n1 WS   114704640  131072   19.622
12:03:41.244 python3        2290921 nvme1n1 WS   114704896  131072   19.691
12:03:41.244 python3        2290921 nvme1n1 WS   114705152  131072   19.771
12:03:41.244 python3        2290921 nvme1n1 WS   114705408  131072   19.865
12:03:41.244 python3        2290921 nvme1n1 WS   114705664  131072   19.995
12:03:41.244 python3        2290921 nvme1n1 WS   114705920  131072   20.118
12:03:41.244 python3        2290921 nvme1n1 WS   114706176  131072   20.188
12:03:41.244 python3        2290921 nvme1n1 WS   114706432  131072   20.311
12:03:41.244 python3        2290921 nvme1n1 WS   114706688  131072   20.436
12:03:41.245 python3        2290921 nvme1n1 WS   114706944  131072   20.525
12:03:41.245 python3        2290921 nvme1n1 WS   114707200  131072   20.598
12:03:41.245 python3        2290921 nvme1n1 WS   114707456  131072   20.674
12:03:41.245 python3        2290921 nvme1n1 WS   114707712  131072   20.751
12:03:41.245 python3        2290921 nvme1n1 WS   114707968  131072   20.824
12:03:41.245 python3        2290921 nvme1n1 WS   114708224  131072   20.879
12:03:41.245 python3        2290921 nvme1n1 WS   114708480  131072   20.959
12:03:41.245 python3        2290921 nvme1n1 WS   114708736  131072   21.039
12:03:41.245 python3        2290922 nvme1n1 WS   114712576  131072   20.543
12:03:41.245 python3        2290922 nvme1n1 WS   114712832  131072   20.629
12:03:41.245 python3        2290922 nvme1n1 WS   114713088  131072   20.705
12:03:41.245 python3        2290922 nvme1n1 WS   114713344  131072   20.771
12:03:41.246 python3        2290922 nvme1n1 WS   114713600  131072   20.852
12:03:41.246 python3        2290922 nvme1n1 WS   114713856  131072   20.926
12:03:41.246 python3        2290922 nvme1n1 WS   114714112  131072   21.004
12:03:41.246 python3        2290922 nvme1n1 WS   114714368  131072   21.046
12:03:41.246 python3        2290922 nvme1n1 WS   114714624  131072   21.124
12:03:41.246 python3        2290922 nvme1n1 WS   114714880  131072   21.198
12:03:41.246 python3        2290922 nvme1n1 WS   114715136  131072   21.274
12:03:41.246 python3        2290922 nvme1n1 WS   114715392  131072   21.383
12:03:41.246 python3        2290922 nvme1n1 WS   114715648  131072   21.461
12:03:41.246 python3        2290922 nvme1n1 WS   114715904  131072   21.533
12:03:41.246 python3        2290922 nvme1n1 WS   114716160  131072   21.608
12:03:41.246 python3        2290922 nvme1n1 WS   114716416  131072   21.663
12:03:41.247 python3        2290922 nvme1n1 WS   114720768  131072   20.555
12:03:41.247 python3        2290922 nvme1n1 WS   114721024  131072   20.625
12:03:41.247 python3        2290922 nvme1n1 WS   114721280  131072   20.701
12:03:41.247 python3        2290922 nvme1n1 WS   114721536  131072   20.777
12:03:41.247 python3        2290922 nvme1n1 WS   114721792  131072   20.853
12:03:41.247 python3        2290922 nvme1n1 WS   114722048  131072   20.924
12:03:41.247 python3        2290922 nvme1n1 WS   114722304  131072   20.996
12:03:41.247 python3        2290922 nvme1n1 WS   114722560  131072   21.031
12:03:41.247 python3        2290922 nvme1n1 WS   114722816  131072   21.112
12:03:41.247 python3        2290922 nvme1n1 WS   114723072  131072   21.211
12:03:41.247 python3        2290922 nvme1n1 WS   114723328  131072   21.340
12:03:41.248 python3        2290922 nvme1n1 WS   114723584  131072   21.466
12:03:41.248 python3        2290922 nvme1n1 WS   114716672  131072   22.875
12:03:41.248 python3        2290922 nvme1n1 WS   114716928  131072   23.000
12:03:41.248 python3        2290922 nvme1n1 WS   114723840  131072   21.848
12:03:41.248 python3        2290922 nvme1n1 WS   114724096  131072   21.984
12:03:41.248 python3        2290922 nvme1n1 WS   114724352  131072   22.127
12:03:41.248 python3        2290922 nvme1n1 WS   114724608  131072   22.247
12:03:41.248 python3        2290922 nvme1n1 WS   114724864  131072   22.382
12:03:41.249 python3        2290922 nvme1n1 WS   114725120  131072   22.511
12:03:41.249 python3        2290921 nvme1n1 WS   114728960  131072   20.087
12:03:41.249 python3        2290921 nvme1n1 WS   114729216  131072   20.153
12:03:41.249 python3        2290921 nvme1n1 WS   114729472  131072   20.231
12:03:41.249 python3        2290921 nvme1n1 WS   114729728  131072   20.304
12:03:41.249 python3        2290921 nvme1n1 WS   114729984  131072   20.379
12:03:41.249 python3        2290921 nvme1n1 WS   114730240  131072   20.452
12:03:41.249 python3        2290921 nvme1n1 WS   114730496  131072   20.529
12:03:41.249 python3        2290921 nvme1n1 WS   114730752  131072   20.575
12:03:41.249 python3        2290921 nvme1n1 WS   114731008  131072   20.649
12:03:41.249 python3        2290921 nvme1n1 WS   114731264  131072   20.724
12:03:41.250 python3        2290921 nvme1n1 WS   114731520  131072   20.798
12:03:41.250 python3        2290921 nvme1n1 WS   114731776  131072   20.875
12:03:41.250 python3        2290921 nvme1n1 WS   114732032  131072   20.950
12:03:41.250 python3        2290921 nvme1n1 WS   114732288  131072   21.026
12:03:41.250 python3        2290921 nvme1n1 WS   114732544  131072   21.103
12:03:41.250 python3        2290921 nvme1n1 WS   114732800  131072   21.162
12:03:41.250 python3        2290921 nvme1n1 WS   114733056  131072   21.238
12:03:41.250 python3        2290921 nvme1n1 WS   114733312  131072   21.316
12:03:41.250 python3        2290921 nvme1n1 WS   114737152  131072   20.011
12:03:41.250 python3        2290921 nvme1n1 WS   114737408  131072   20.079
12:03:41.250 python3        2290921 nvme1n1 WS   114737664  131072   20.154
12:03:41.251 python3        2290921 nvme1n1 WS   114737920  131072   20.227
12:03:41.251 python3        2290921 nvme1n1 WS   114738176  131072   20.303
12:03:41.251 python3        2290921 nvme1n1 WS   114738432  131072   20.376
12:03:41.251 python3        2290921 nvme1n1 WS   114738688  131072   20.454
12:03:41.251 python3        2290921 nvme1n1 WS   114738944  131072   20.496
12:03:41.251 python3        2290921 nvme1n1 WS   114739200  131072   20.581
12:03:41.251 python3        2290921 nvme1n1 WS   114739456  131072   20.643
12:03:41.251 python3        2290921 nvme1n1 WS   114739712  131072   20.729
12:03:41.251 python3        2290921 nvme1n1 WS   114739968  131072   20.790
12:03:41.251 python3        2290921 nvme1n1 WS   114740224  131072   20.864
12:03:41.251 python3        2290921 nvme1n1 WS   114740480  131072   20.942
12:03:41.251 python3        2290921 nvme1n1 WS   114740736  131072   21.020
12:03:41.251 python3        2290921 nvme1n1 WS   114740992  131072   21.075
12:03:41.251 python3        2290921 nvme1n1 WS   114741248  131072   21.152
12:03:41.252 python3        2290921 nvme1n1 WS   114741504  131072   21.225
12:03:41.252 python3        2290921 nvme1n1 WS   114745344  131072   20.899
12:03:41.252 python3        2290921 nvme1n1 WS   114745600  131072   21.005
12:03:41.252 python3        2290921 nvme1n1 WS   114745856  131072   21.080
12:03:41.252 python3        2290921 nvme1n1 WS   114746112  131072   21.160
12:03:41.252 python3        2290921 nvme1n1 WS   114746368  131072   21.240
12:03:41.252 python3        2290921 nvme1n1 WS   114746624  131072   21.318
12:03:41.252 python3        2290921 nvme1n1 WS   114746880  131072   21.394
12:03:41.252 python3        2290921 nvme1n1 WS   114747136  131072   21.453
12:03:41.252 python3        2290921 nvme1n1 WS   114747392  131072   21.526
12:03:41.252 python3        2290921 nvme1n1 WS   114747648  131072   21.599
12:03:41.252 python3        2290921 nvme1n1 WS   114747904  131072   21.674
12:03:41.253 python3        2290921 nvme1n1 WS   114748160  131072   21.749
12:03:41.253 python3        2290921 nvme1n1 WS   114748416  131072   21.826
12:03:41.253 python3        2290921 nvme1n1 WS   114748672  131072   21.899
12:03:41.253 python3        2290921 nvme1n1 WS   114748928  131072   21.981
12:03:41.253 python3        2290921 nvme1n1 WS   114749184  131072   22.042
12:03:41.253 python3        2290923 nvme1n1 WS   114753536  131072   21.416
12:03:41.253 python3        2290923 nvme1n1 WS   114753792  131072   21.489
12:03:41.253 python3        2290923 nvme1n1 WS   114754048  131072   21.565
12:03:41.253 python3        2290923 nvme1n1 WS   114754304  131072   21.639
12:03:41.253 python3        2290923 nvme1n1 WS   114754560  131072   21.716
12:03:41.253 python3        2290923 nvme1n1 WS   114754816  131072   21.792
12:03:41.253 python3        2290923 nvme1n1 WS   114755072  131072   21.863
12:03:41.253 python3        2290923 nvme1n1 WS   114755328  131072   21.906
12:03:41.254 python3        2290923 nvme1n1 WS   114755584  131072   21.982
12:03:41.254 python3        2290923 nvme1n1 WS   114755840  131072   22.055
12:03:41.254 python3        2290923 nvme1n1 WS   114756096  131072   22.127
12:03:41.254 python3        2290923 nvme1n1 WS   114756352  131072   22.205
12:03:41.254 python3        2290921 nvme1n1 WS   114749440  131072   23.075
12:03:41.254 python3        2290921 nvme1n1 WS   114749696  131072   23.164
12:03:41.254 python3        2290923 nvme1n1 WS   114756608  131072   22.454
12:03:41.254 python3        2290923 nvme1n1 WS   114756864  131072   22.536
12:03:41.254 python3        2290923 nvme1n1 WS   114757120  131072   22.603
12:03:41.254 python3        2290923 nvme1n1 WS   114757376  131072   22.662
12:03:41.254 python3        2290923 nvme1n1 WS   114757632  131072   22.748
12:03:41.254 python3        2290923 nvme1n1 WS   114757888  131072   22.826
12:03:41.255 python3        2290920 nvme1n1 WS   114761728  131072   21.608
12:03:41.255 python3        2290920 nvme1n1 WS   114761984  131072   21.690
12:03:41.255 python3        2290920 nvme1n1 WS   114762240  131072   21.811
12:03:41.255 python3        2290920 nvme1n1 WS   114762496  131072   21.882
12:03:41.255 python3        2290920 nvme1n1 WS   114762752  131072   21.957
12:03:41.255 python3        2290920 nvme1n1 WS   114763008  131072   22.041
12:03:41.255 python3        2290920 nvme1n1 WS   114763264  131072   22.102
12:03:41.255 python3        2290920 nvme1n1 WS   114763520  131072   22.113
12:03:41.255 python3        2290920 nvme1n1 WS   114763776  131072   22.173
12:03:41.255 python3        2290920 nvme1n1 WS   114764032  131072   22.233
12:03:41.255 python3        2290920 nvme1n1 WS   114764288  131072   22.294
12:03:41.255 python3        2290920 nvme1n1 WS   114764544  131072   22.353
12:03:41.255 python3        2290920 nvme1n1 WS   114764800  131072   22.464
12:03:41.256 python3        2290920 nvme1n1 WS   114765056  131072   22.591
12:03:41.256 python3        2290920 nvme1n1 WS   114765312  131072   22.717
12:03:41.256 python3        2290920 nvme1n1 WS   114765568  131072   22.826
12:03:41.256 python3        2290920 nvme1n1 WS   114765824  131072   22.951
12:03:41.256 python3        2290920 nvme1n1 WS   114766080  131072   23.080
12:03:41.256 python3        2290923 nvme1n1 WS   114769920  131072   20.788
12:03:41.256 python3        2290923 nvme1n1 WS   114770176  131072   20.859
12:03:41.256 python3        2290923 nvme1n1 WS   114770432  131072   20.931
12:03:41.256 python3        2290923 nvme1n1 WS   114770688  131072   21.004
12:03:41.257 python3        2290923 nvme1n1 WS   114770944  131072   21.078
12:03:41.257 python3        2290923 nvme1n1 WS   114771200  131072   21.153
12:03:41.257 python3        2290923 nvme1n1 WS   114771456  131072   21.231
12:03:41.257 python3        2290923 nvme1n1 WS   114771712  131072   21.273
12:03:41.257 python3        2290923 nvme1n1 WS   114771968  131072   21.368
12:03:41.257 python3        2290923 nvme1n1 WS   114772224  131072   21.529
12:03:41.257 python3        2290923 nvme1n1 WS   114772480  131072   21.656
12:03:41.257 python3        2290923 nvme1n1 WS   114772736  131072   21.781
12:03:41.257 python3        2290923 nvme1n1 WS   114772992  131072   21.908
12:03:41.258 python3        2290923 nvme1n1 WS   114773248  131072   22.035
12:03:41.258 python3        2290923 nvme1n1 WS   114773504  131072   22.163
12:03:41.258 python3        2290923 nvme1n1 WS   114773760  131072   22.271
12:03:41.258 python3        2290923 nvme1n1 WS   114774016  131072   22.399
12:03:41.258 python3        2290923 nvme1n1 WS   114774272  131072   22.474
12:03:41.258 python3        2290920 nvme1n1 WS   114778112  131072   22.150
12:03:41.258 python3        2290920 nvme1n1 WS   114778368  131072   22.218
12:03:41.258 python3        2290920 nvme1n1 WS   114778624  131072   22.298
12:03:41.258 python3        2290920 nvme1n1 WS   114778880  131072   22.374
12:03:41.258 python3        2290920 nvme1n1 WS   114779136  131072   22.453
12:03:41.259 python3        2290920 nvme1n1 WS   114779392  131072   22.530
12:03:41.259 python3        2290920 nvme1n1 WS   114779648  131072   22.602
12:03:41.259 python3        2290920 nvme1n1 WS   114779904  131072   22.649
12:03:41.259 python3        2290920 nvme1n1 WS   114780160  131072   22.728
12:03:41.259 python3        2290920 nvme1n1 WS   114780416  131072   22.802
12:03:41.259 python3        2290920 nvme1n1 WS   114780672  131072   22.877
12:03:41.259 python3        2290920 nvme1n1 WS   114780928  131072   22.952
12:03:41.259 python3        2290920 nvme1n1 WS   114786304  131072   22.266
12:03:41.259 python3        2290920 nvme1n1 WS   114786560  131072   22.332
12:03:41.259 python3        2290920 nvme1n1 WS   114786816  131072   22.412
12:03:41.259 python3        2290920 nvme1n1 WS   114787072  131072   22.483
12:03:41.259 python3        2290920 nvme1n1 WS   114781184  131072   23.343
12:03:41.259 python3        2290920 nvme1n1 WS   114781440  131072   23.411
12:03:41.260 python3        2290920 nvme1n1 WS   114781696  131072   23.473
12:03:41.260 python3        2290920 nvme1n1 WS   114781952  131072   23.561
12:03:41.260 python3        2290920 nvme1n1 WS   114782208  131072   23.697
12:03:41.260 python3        2290920 nvme1n1 WS   114782464  131072   23.823
12:03:41.260 python3        2290920 nvme1n1 WS   114787328  131072   23.210
12:03:41.260 python3        2290920 nvme1n1 WS   114787584  131072   23.335
12:03:41.260 python3        2290920 nvme1n1 WS   114787840  131072   23.457
12:03:41.260 python3        2290920 nvme1n1 WS   114788096  131072   23.553
12:03:41.261 python3        2290920 nvme1n1 WS   114788352  131072   23.634
12:03:41.261 python3        2290920 nvme1n1 WS   114788608  131072   23.691
12:03:41.261 python3        2290920 nvme1n1 WS   114788864  131072   23.754
12:03:41.261 python3        2290920 nvme1n1 WS   114789120  131072   23.872
12:03:41.261 python3        2290920 nvme1n1 WS   114789376  131072   23.954
12:03:41.261 python3        2290920 nvme1n1 WS   114789632  131072   24.019
12:03:41.261 python3        2290920 nvme1n1 WS   114789888  131072   24.147
12:03:41.261 python3        2290920 nvme1n1 WS   114790144  131072   24.257
12:03:41.261 python3        2290920 nvme1n1 WS   114790400  131072   24.364
12:03:41.261 python3        2290920 nvme1n1 WS   114790656  131072   24.439
12:03:41.262 python3        2290923 nvme1n1 WS   114794496  131072   20.192
12:03:41.262 python3        2290923 nvme1n1 WS   114794752  131072   20.258
12:03:41.262 python3        2290923 nvme1n1 WS   114795008  131072   20.336
12:03:41.262 python3        2290923 nvme1n1 WS   114795264  131072   20.410
12:03:41.262 python3        2290923 nvme1n1 WS   114795520  131072   20.485
12:03:41.262 python3        2290923 nvme1n1 WS   114795776  131072   20.566
12:03:41.262 python3        2290923 nvme1n1 WS   114796032  131072   20.633
12:03:41.262 python3        2290923 nvme1n1 WS   114796288  131072   20.656
12:03:41.262 python3        2290923 nvme1n1 WS   114796544  131072   20.717
12:03:41.262 python3        2290923 nvme1n1 WS   114796800  131072   20.780
12:03:41.262 python3        2290923 nvme1n1 WS   114797056  131072   20.841
12:03:41.262 python3        2290923 nvme1n1 WS   114797312  131072   20.901
12:03:41.262 python3        2290923 nvme1n1 WS   114797568  131072   20.970
12:03:41.263 python3        2290923 nvme1n1 WS   114797824  131072   21.102
12:03:41.263 python3        2290923 nvme1n1 WS   114798080  131072   21.204
12:03:41.263 python3        2290923 nvme1n1 WS   114798336  131072   21.263
12:03:41.263 python3        2290923 nvme1n1 WS   114798592  131072   21.342
12:03:41.263 python3        2290923 nvme1n1 WS   114798848  131072   21.450
12:03:41.263 python3        2290922 nvme1n1 WS   114802688  131072   21.048
12:03:41.263 python3        2290922 nvme1n1 WS   114802944  131072   21.119
12:03:41.263 python3        2290922 nvme1n1 WS   114803200  131072   21.195
12:03:41.263 python3        2290922 nvme1n1 WS   114803456  131072   21.270
12:03:41.263 python3        2290922 nvme1n1 WS   114803712  131072   21.343
12:03:41.263 python3        2290922 nvme1n1 WS   114803968  131072   21.401
12:03:41.264 python3        2290922 nvme1n1 WS   114804224  131072   21.442
12:03:41.264 python3        2290922 nvme1n1 WS   114804480  131072   21.518
12:03:41.264 python3        2290922 nvme1n1 WS   114804736  131072   21.657
12:03:41.264 python3        2290922 nvme1n1 WS   114804992  131072   21.797
12:03:41.264 python3        2290922 nvme1n1 WS   114805248  131072   21.945
12:03:41.264 python3        2290922 nvme1n1 WS   114805504  131072   22.076
12:03:41.264 python3        2290922 nvme1n1 WS   114805760  131072   22.215
12:03:41.264 python3        2290922 nvme1n1 WS   114806016  131072   22.354
12:03:41.265 python3        2290922 nvme1n1 WS   114806272  131072   22.496
12:03:41.265 python3        2290922 nvme1n1 WS   114806528  131072   22.616
12:03:41.265 python3        2290922 nvme1n1 WS   114806784  131072   22.757
12:03:41.265 python3        2290922 nvme1n1 WS   114807040  131072   22.900
12:03:41.265 python3        2290923 nvme1n1 WS   114810880  131072   22.320
12:03:41.265 python3        2290923 nvme1n1 WS   114811136  131072   22.459
12:03:41.265 python3        2290923 nvme1n1 WS   114811392  131072   22.602
12:03:41.266 python3        2290923 nvme1n1 WS   114811648  131072   22.741
12:03:41.266 python3        2290923 nvme1n1 WS   114811904  131072   22.885
12:03:41.266 python3        2290923 nvme1n1 WS   114812160  131072   23.023
12:03:41.266 python3        2290923 nvme1n1 WS   114812416  131072   23.165
12:03:41.266 python3        2290923 nvme1n1 WS   114812672  131072   23.273
12:03:41.266 python3        2290923 nvme1n1 WS   114812928  131072   23.415
12:03:41.266 python3        2290923 nvme1n1 WS   114813184  131072   23.555
12:03:41.267 python3        2290923 nvme1n1 WS   114813440  131072   23.698
12:03:41.267 python3        2290923 nvme1n1 WS   114813696  131072   23.839
12:03:41.267 python3        2290923 nvme1n1 WS   114813952  131072   23.982
12:03:41.267 python3        2290923 nvme1n1 WS   114814208  131072   24.122
12:03:41.267 python3        2290923 nvme1n1 WS   114814464  131072   24.264
12:03:41.267 python3        2290923 nvme1n1 WS   114814720  131072   24.390
12:03:41.267 python3        2290923 nvme1n1 WS   114814976  131072   24.532
12:03:41.268 python3        2290923 nvme1n1 WS   114815232  131072   24.674
12:03:41.268 python3        2290922 nvme1n1 WS   114819072  131072   22.506
12:03:41.268 python3        2290922 nvme1n1 WS   114819328  131072   22.640
12:03:41.268 python3        2290922 nvme1n1 WS   114819584  131072   22.780
12:03:41.268 python3        2290922 nvme1n1 WS   114819840  131072   22.921
12:03:41.268 python3        2290922 nvme1n1 WS   114820096  131072   23.061
12:03:41.268 python3        2290922 nvme1n1 WS   114820352  131072   23.203
12:03:41.269 python3        2290922 nvme1n1 WS   114820608  131072   23.344
12:03:41.269 python3        2290920 nvme1n1 WS   114823168  131072   23.492
12:03:41.269 python3        2290920 nvme1n1 WS   114823424  131072   23.631
12:03:41.269 python3        2290920 nvme1n1 WS   114823680  131072   23.771
12:03:41.269 python3        2290920 nvme1n1 WS   114823936  131072   23.912
12:03:41.269 python3        2290920 nvme1n1 WS   114824192  131072   24.053
12:03:41.269 python3        2290920 nvme1n1 WS   114824448  131072   24.194
12:03:41.270 python3        2290920 nvme1n1 WS   114824704  131072   24.335
12:03:41.270 python3        2290920 nvme1n1 WS   114824960  131072   24.447
12:03:41.270 python3        2290920 nvme1n1 WS   114825216  131072   24.585
12:03:41.270 python3        2290920 nvme1n1 WS   114825472  131072   24.724
12:03:41.270 python3        2290920 nvme1n1 WS   114825728  131072   24.867
12:03:41.270 python3        2290920 nvme1n1 WS   114825984  131072   25.006
12:03:41.271 python3        2290920 nvme1n1 WS   114826240  131072   25.150
12:03:41.271 python3        2290920 nvme1n1 WS   114826496  131072   25.292
12:03:41.271 python3        2290920 nvme1n1 WS   114826752  131072   25.434
12:03:41.271 python3        2290922 nvme1n1 WS   114820864  131072   25.638
12:03:41.271 python3        2290922 nvme1n1 WS   114821120  131072   25.783
12:03:41.271 python3        2290922 nvme1n1 WS   114821376  131072   25.935
12:03:41.271 python3        2290922 nvme1n1 WS   114821632  131072   26.114
12:03:41.272 python3        2290922 nvme1n1 WS   114821888  131072   26.269
12:03:41.272 python3        2290922 nvme1n1 WS   114822144  131072   26.416
12:03:41.272 python3        2290922 nvme1n1 WS   114822400  131072   26.569
12:03:41.272 python3        2290922 nvme1n1 WS   114822656  131072   26.711
12:03:41.272 python3        2290922 nvme1n1 WS   114822912  131072   26.830
12:03:41.272 python3        2290922 nvme1n1 WS   114827264  131072   26.975
12:03:41.273 python3        2290922 nvme1n1 WS   114827520  131072   27.123
12:03:41.273 python3        2290920 nvme1n1 WS   114827008  131072   27.251
12:03:41.273 python3        2290920 nvme1n1 WS   114831360  131072   27.348
12:03:41.273 python3        2290920 nvme1n1 WS   114831616  131072   27.426
12:03:41.273 python3        2290921 nvme1n1 WS   114835456  131072   25.794
12:03:41.273 python3        2290921 nvme1n1 WS   114835712  131072   25.865
12:03:41.273 python3        2290921 nvme1n1 WS   114835968  131072   25.942
12:03:41.273 python3        2290921 nvme1n1 WS   114836224  131072   26.018
12:03:41.273 python3        2290921 nvme1n1 WS   114836480  131072   26.097
12:03:41.273 python3        2290921 nvme1n1 WS   114836736  131072   26.175
12:03:41.273 python3        2290921 nvme1n1 WS   114836992  131072   26.254
12:03:41.273 python3        2290921 nvme1n1 WS   114837248  131072   26.298
12:03:41.274 python3        2290921 nvme1n1 WS   114837504  131072   26.373
12:03:41.274 python3        2290921 nvme1n1 WS   114837760  131072   26.445
12:03:41.274 python3        2290921 nvme1n1 WS   114838016  131072   26.521
12:03:41.274 python3        2290921 nvme1n1 WS   114838272  131072   26.596
12:03:41.274 python3        2290921 nvme1n1 WS   114838528  131072   26.673
12:03:41.274 python3        2290921 nvme1n1 WS   114838784  131072   26.746
12:03:41.274 python3        2290921 nvme1n1 WS   114839040  131072   26.827
12:03:41.274 python3        2290921 nvme1n1 WS   114839296  131072   26.885
12:03:41.274 python3        2290922 nvme1n1 WS   114843648  131072   25.480
12:03:41.274 python3        2290922 nvme1n1 WS   114843904  131072   25.551
12:03:41.274 python3        2290922 nvme1n1 WS   114844160  131072   25.625
12:03:41.274 python3        2290922 nvme1n1 WS   114844416  131072   25.699
12:03:41.275 python3        2290922 nvme1n1 WS   114844672  131072   25.772
12:03:41.275 python3        2290922 nvme1n1 WS   114844928  131072   25.850
12:03:41.275 python3        2290922 nvme1n1 WS   114845184  131072   25.928
12:03:41.275 python3        2290922 nvme1n1 WS   114845440  131072   25.977
12:03:41.275 python3        2290922 nvme1n1 WS   114845696  131072   26.056
12:03:41.275 python3        2290922 nvme1n1 WS   114845952  131072   26.131
12:03:41.275 python3        2290922 nvme1n1 WS   114846208  131072   26.204
12:03:41.275 python3        2290922 nvme1n1 WS   114846464  131072   26.279
12:03:41.275 python3        2290921 nvme1n1 WS   114839552  131072   27.917
12:03:41.275 python3        2290921 nvme1n1 WS   114839808  131072   27.993
12:03:41.275 python3        2290922 nvme1n1 WS   114846720  131072   26.512
12:03:41.275 python3        2290922 nvme1n1 WS   114846976  131072   26.586
12:03:41.275 python3        2290922 nvme1n1 WS   114847232  131072   26.661
12:03:41.276 python3        2290922 nvme1n1 WS   114847488  131072   26.720
12:03:41.276 python3        2290922 nvme1n1 WS   114847744  131072   26.796
12:03:41.276 python3        2290922 nvme1n1 WS   114848000  131072   26.875
12:03:41.276 python3        2290922 nvme1n1 WS   114851840  131072   26.421
12:03:41.276 python3        2290922 nvme1n1 WS   114852096  131072   26.493
12:03:41.276 python3        2290922 nvme1n1 WS   114852352  131072   26.565
12:03:41.276 python3        2290922 nvme1n1 WS   114852608  131072   26.638
12:03:41.276 python3        2290922 nvme1n1 WS   114852864  131072   26.711
12:03:41.276 python3        2290922 nvme1n1 WS   114853120  131072   26.787
12:03:41.276 python3        2290922 nvme1n1 WS   114853376  131072   26.864
12:03:41.276 python3        2290922 nvme1n1 WS   114853632  131072   26.915
12:03:41.276 python3        2290922 nvme1n1 WS   114853888  131072   26.993
12:03:41.276 python3        2290922 nvme1n1 WS   114854144  131072   27.070
12:03:41.277 python3        2290922 nvme1n1 WS   114854400  131072   27.145
12:03:41.277 python3        2290922 nvme1n1 WS   114854656  131072   27.219
12:03:41.277 python3        2290922 nvme1n1 WS   114854912  131072   27.292
12:03:41.277 python3        2290922 nvme1n1 WS   114855168  131072   27.365
12:03:41.277 python3        2290922 nvme1n1 WS   114855424  131072   27.442
12:03:41.277 python3        2290922 nvme1n1 WS   114855680  131072   27.536
12:03:41.277 python3        2290922 nvme1n1 WS   114855936  131072   27.615
12:03:41.277 python3        2290922 nvme1n1 WS   114856192  131072   27.692
12:03:41.277 python3        2290921 nvme1n1 WS   114860032  131072   25.507
12:03:41.277 python3        2290921 nvme1n1 WS   114860288  131072   25.575
12:03:41.277 python3        2290921 nvme1n1 WS   114860544  131072   25.649
12:03:41.277 python3        2290921 nvme1n1 WS   114860800  131072   25.724
12:03:41.278 python3        2290921 nvme1n1 WS   114861056  131072   25.806
12:03:41.278 python3        2290921 nvme1n1 WS   114861312  131072   25.904
12:03:41.278 python3        2290921 nvme1n1 WS   114861568  131072   26.027
12:03:41.278 python3        2290921 nvme1n1 WS   114861824  131072   26.122
12:03:41.278 python3        2290921 nvme1n1 WS   114862080  131072   26.247
12:03:41.278 python3        2290921 nvme1n1 WS   114862336  131072   26.323
12:03:41.278 python3        2290921 nvme1n1 WS   114862592  131072   26.401
12:03:41.278 python3        2290921 nvme1n1 WS   114862848  131072   26.473
12:03:41.278 python3        2290921 nvme1n1 WS   114863104  131072   26.549
12:03:41.278 python3        2290921 nvme1n1 WS   114863360  131072   26.624
12:03:41.279 python3        2290921 nvme1n1 WS   114863616  131072   26.701
12:03:41.279 python3        2290921 nvme1n1 WS   114863872  131072   26.758
12:03:41.279 python3        2290921 nvme1n1 WS   114868224  131072   25.976
12:03:41.279 python3        2290921 nvme1n1 WS   114868480  131072   26.042
12:03:41.279 python3        2290921 nvme1n1 WS   114868736  131072   26.121
12:03:41.279 python3        2290921 nvme1n1 WS   114868992  131072   26.196
12:03:41.279 python3        2290921 nvme1n1 WS   114869248  131072   26.272
12:03:41.279 python3        2290921 nvme1n1 WS   114869504  131072   26.344
12:03:41.279 python3        2290921 nvme1n1 WS   114869760  131072   26.421
12:03:41.279 python3        2290921 nvme1n1 WS   114870016  131072   26.469
12:03:41.279 python3        2290921 nvme1n1 WS   114870272  131072   26.544
12:03:41.279 python3        2290921 nvme1n1 WS   114870528  131072   26.619
12:03:41.279 python3        2290921 nvme1n1 WS   114870784  131072   26.698
12:03:41.280 python3        2290921 nvme1n1 WS   114871040  131072   26.768
12:03:41.280 python3        2290921 nvme1n1 WS   114864128  131072   27.785
12:03:41.280 python3        2290921 nvme1n1 WS   114864384  131072   27.858
12:03:41.280 python3        2290921 nvme1n1 WS   114871296  131072   26.999
12:03:41.280 python3        2290921 nvme1n1 WS   114871552  131072   27.073
12:03:41.280 python3        2290921 nvme1n1 WS   114871808  131072   27.157
12:03:41.280 python3        2290921 nvme1n1 WS   114872064  131072   27.193
12:03:41.280 python3        2290921 nvme1n1 WS   114872320  131072   27.304
12:03:41.280 python3        2290921 nvme1n1 WS   114872576  131072   27.428
12:03:41.280 python3        2290921 nvme1n1 WS   114876416  131072   25.677
12:03:41.281 python3        2290921 nvme1n1 WS   114876672  131072   25.787
12:03:41.281 python3        2290921 nvme1n1 WS   114876928  131072   25.863
12:03:41.281 python3        2290921 nvme1n1 WS   114877184  131072   25.937
12:03:41.281 python3        2290921 nvme1n1 WS   114877440  131072   26.013
12:03:41.281 python3        2290921 nvme1n1 WS   114877696  131072   26.086
12:03:41.281 python3        2290921 nvme1n1 WS   114877952  131072   26.160
12:03:41.281 python3        2290921 nvme1n1 WS   114878208  131072   26.200
12:03:41.281 python3        2290921 nvme1n1 WS   114878464  131072   26.279
12:03:41.281 python3        2290921 nvme1n1 WS   114878720  131072   26.352
12:03:41.281 python3        2290921 nvme1n1 WS   114878976  131072   26.428
12:03:41.281 python3        2290921 nvme1n1 WS   114879232  131072   26.503
12:03:41.281 python3        2290921 nvme1n1 WS   114879488  131072   26.631
12:03:41.282 python3        2290921 nvme1n1 WS   114879744  131072   26.757
12:03:41.282 python3        2290921 nvme1n1 WS   114880000  131072   26.883
12:03:41.282 python3        2290921 nvme1n1 WS   114880256  131072   26.991
12:03:41.282 python3        2290921 nvme1n1 WS   114880512  131072   27.120
12:03:41.282 python3        2290921 nvme1n1 WS   114880768  131072   27.252
12:03:41.282 python3        2290923 nvme1n1 WS   114884608  131072   26.339
12:03:41.282 python3        2290923 nvme1n1 WS   114884864  131072   26.479
12:03:41.283 python3        2290923 nvme1n1 WS   114885120  131072   26.621
12:03:41.283 python3        2290923 nvme1n1 WS   114885376  131072   26.761
12:03:41.283 python3        2290923 nvme1n1 WS   114885632  131072   26.899
12:03:41.283 python3        2290923 nvme1n1 WS   114885888  131072   27.061
12:03:41.283 python3        2290923 nvme1n1 WS   114886144  131072   27.143
12:03:41.283 python3        2290923 nvme1n1 WS   114886400  131072   27.166
12:03:41.283 python3        2290923 nvme1n1 WS   114886656  131072   27.236
12:03:41.283 python3        2290923 nvme1n1 WS   114886912  131072   27.312
12:03:41.283 python3        2290923 nvme1n1 WS   114887168  131072   27.390
12:03:41.283 python3        2290923 nvme1n1 WS   114887424  131072   27.468
12:03:41.284 python3        2290923 nvme1n1 WS   114887680  131072   27.549
12:03:41.284 python3        2290923 nvme1n1 WS   114887936  131072   27.622
12:03:41.284 python3        2290920 nvme1n1 WS   114892800  131072   26.452
12:03:41.284 python3        2290920 nvme1n1 WS   114893056  131072   26.518
12:03:41.284 python3        2290920 nvme1n1 WS   114893312  131072   26.597
12:03:41.284 python3        2290920 nvme1n1 WS   114893568  131072   26.675
12:03:41.284 python3        2290920 nvme1n1 WS   114893824  131072   26.748
12:03:41.284 python3        2290920 nvme1n1 WS   114894080  131072   26.825
12:03:41.284 python3        2290920 nvme1n1 WS   114894336  131072   26.910
12:03:41.284 python3        2290920 nvme1n1 WS   114894592  131072   26.947
12:03:41.284 python3        2290920 nvme1n1 WS   114894848  131072   27.008
12:03:41.285 python3        2290920 nvme1n1 WS   114895104  131072   27.109
12:03:41.285 python3        2290920 nvme1n1 WS   114895360  131072   27.227
12:03:41.285 python3        2290920 nvme1n1 WS   114895616  131072   27.357
12:03:41.285 python3        2290923 nvme1n1 WS   114888192  131072   28.820
12:03:41.285 python3        2290923 nvme1n1 WS   114888448  131072   28.895
12:03:41.285 python3        2290923 nvme1n1 WS   114888704  131072   28.972
12:03:41.285 python3        2290923 nvme1n1 WS   114888960  131072   29.056
12:03:41.285 python3        2290920 nvme1n1 WS   114895872  131072   27.830
12:03:41.285 python3        2290920 nvme1n1 WS   114896128  131072   27.900
12:03:41.285 python3        2290920 nvme1n1 WS   114896384  131072   27.979
12:03:41.286 python3        2290920 nvme1n1 WS   114896640  131072   28.035
12:03:41.286 python3        2290920 nvme1n1 WS   114896896  131072   28.115
12:03:41.286 python3        2290920 nvme1n1 WS   114897152  131072   28.196
12:03:41.286 python3        2290923 nvme1n1 WS   114900992  131072   26.790
12:03:41.286 python3        2290923 nvme1n1 WS   114901248  131072   26.864
12:03:41.286 python3        2290923 nvme1n1 WS   114901504  131072   26.942
12:03:41.286 python3        2290923 nvme1n1 WS   114901760  131072   27.018
12:03:41.286 python3        2290923 nvme1n1 WS   114902016  131072   27.098
12:03:41.286 python3        2290923 nvme1n1 WS   114902272  131072   27.172
12:03:41.286 python3        2290923 nvme1n1 WS   114902528  131072   27.249
12:03:41.286 python3        2290923 nvme1n1 WS   114902784  131072   27.289
12:03:41.286 python3        2290923 nvme1n1 WS   114903040  131072   27.368
12:03:41.286 python3        2290923 nvme1n1 WS   114903296  131072   27.443
12:03:41.286 python3        2290923 nvme1n1 WS   114903552  131072   27.520
12:03:41.287 python3        2290923 nvme1n1 WS   114903808  131072   27.591
12:03:41.287 python3        2290923 nvme1n1 WS   114904064  131072   27.667
12:03:41.287 python3        2290923 nvme1n1 WS   114904320  131072   27.729
12:03:41.287 python3        2290923 nvme1n1 WS   114904576  131072   27.830
12:03:41.287 python3        2290923 nvme1n1 WS   114904832  131072   27.916
12:03:41.287 python3        2290920 nvme1n1 WS   114909184  131072   25.869
12:03:41.287 python3        2290920 nvme1n1 WS   114909440  131072   25.948
12:03:41.287 python3        2290920 nvme1n1 WS   114909696  131072   26.022
12:03:41.287 python3        2290920 nvme1n1 WS   114909952  131072   26.099
12:03:41.287 python3        2290920 nvme1n1 WS   114910208  131072   26.176
12:03:41.287 python3        2290920 nvme1n1 WS   114910464  131072   26.249
12:03:41.287 python3        2290920 nvme1n1 WS   114910720  131072   26.325
12:03:41.288 python3        2290920 nvme1n1 WS   114910976  131072   26.380
12:03:41.288 python3        2290920 nvme1n1 WS   114911232  131072   26.453
12:03:41.288 python3        2290920 nvme1n1 WS   114911488  131072   26.525
12:03:41.288 python3        2290920 nvme1n1 WS   114911744  131072   26.597
12:03:41.288 python3        2290920 nvme1n1 WS   114912000  131072   26.674
12:03:41.288 python3        2290923 nvme1n1 WS   114905088  131072   28.968
12:03:41.288 python3        2290923 nvme1n1 WS   114905344  131072   29.043
12:03:41.288 python3        2290920 nvme1n1 WS   114912256  131072   26.913
12:03:41.288 python3        2290920 nvme1n1 WS   114912512  131072   27.025
12:03:41.288 python3        2290920 nvme1n1 WS   114912768  131072   27.106
12:03:41.288 python3        2290920 nvme1n1 WS   114913024  131072   27.171
12:03:41.288 python3        2290920 nvme1n1 WS   114913280  131072   27.254
12:03:41.289 python3        2290920 nvme1n1 WS   114913536  131072   27.333
12:03:41.289 python3        2290920 nvme1n1 WS   114917376  131072   26.208
12:03:41.289 python3        2290920 nvme1n1 WS   114917632  131072   26.287
12:03:41.289 python3        2290920 nvme1n1 WS   114917888  131072   26.359
12:03:41.289 python3        2290920 nvme1n1 WS   114918144  131072   26.437
12:03:41.289 python3        2290920 nvme1n1 WS   114918400  131072   26.512
12:03:41.289 python3        2290920 nvme1n1 WS   114918656  131072   26.588
12:03:41.289 python3        2290920 nvme1n1 WS   114918912  131072   26.662
12:03:41.289 python3        2290920 nvme1n1 WS   114919168  131072   26.712
12:03:41.289 python3        2290920 nvme1n1 WS   114919424  131072   26.785
12:03:41.289 python3        2290920 nvme1n1 WS   114919680  131072   26.863
12:03:41.289 python3        2290923 nvme1n1 WS   114925568  131072   25.728
12:03:41.290 python3        2290923 nvme1n1 WS   114925824  131072   25.800
12:03:41.290 python3        2290923 nvme1n1 WS   114926080  131072   25.873
12:03:41.290 python3        2290923 nvme1n1 WS   114926336  131072   25.944
12:03:41.290 python3        2290923 nvme1n1 WS   114926592  131072   26.019
12:03:41.290 python3        2290923 nvme1n1 WS   114926848  131072   26.093
12:03:41.290 python3        2290923 nvme1n1 WS   114927104  131072   26.165
12:03:41.292 python3        2290923 nvme1n1 WS   114927360  131072   26.210
12:03:41.293 python3        2290923 nvme1n1 WS   114927616  131072   26.285
12:03:41.293 python3        2290923 nvme1n1 WS   114927872  131072   26.365
12:03:41.293 python3        2290923 nvme1n1 WS   114928128  131072   26.435
12:03:41.293 python3        2290923 nvme1n1 WS   114928384  131072   26.509
12:03:41.293 python3        2290923 nvme1n1 WS   114928640  131072   26.901
12:03:41.293 python3        2290923 nvme1n1 WS   114928896  131072   26.978
12:03:41.293 python3        2290923 nvme1n1 WS   114929152  131072   27.056
12:03:41.293 python3        2290923 nvme1n1 WS   114929408  131072   27.107
12:03:41.293 python3        2290923 nvme1n1 WS   114929664  131072   27.165
12:03:41.293 python3        2290923 nvme1n1 WS   114929920  131072   27.232
12:03:41.293 python3        2290922 nvme1n1 WS   114933760  131072   25.439
12:03:41.293 python3        2290922 nvme1n1 WS   114934016  131072   25.562
12:03:41.293 python3        2290922 nvme1n1 WS   114934272  131072   25.687
12:03:41.293 python3        2290922 nvme1n1 WS   114934528  131072   25.830
12:03:41.293 python3        2290922 nvme1n1 WS   114934784  131072   25.967
12:03:41.293 python3        2290922 nvme1n1 WS   114935040  131072   26.111
12:03:41.293 python3        2290922 nvme1n1 WS   114935296  131072   26.654
12:03:41.293 python3        2290920 nvme1n1 WS   114919936  131072   27.884
12:03:41.293 python3        2290920 nvme1n1 WS   114920192  131072   27.961
12:03:41.293 python3        2290920 nvme1n1 WS   114920448  131072   28.034
12:03:41.293 python3        2290920 nvme1n1 WS   114920704  131072   28.107
12:03:41.293 python3        2290920 nvme1n1 WS   114920960  131072   29.509
12:03:41.293 python3        2290920 nvme1n1 WS   114921216  131072   29.617
12:03:41.293 python3        2290920 nvme1n1 WS   114921472  131072   29.740
12:03:41.293 python3        2290920 nvme1n1 WS   114921728  131072   29.804
12:03:41.293 python3        2290922 nvme1n1 WS   114935552  131072   26.695
12:03:41.293 python3        2290922 nvme1n1 WS   114935808  131072   26.773
12:03:41.293 python3        2290922 nvme1n1 WS   114936064  131072   26.846
12:03:41.293 python3        2290922 nvme1n1 WS   114936320  131072   26.927
12:03:41.293 python3        2290922 nvme1n1 WS   114936576  131072   27.000
12:03:41.293 python3        2290922 nvme1n1 WS   114936832  131072   27.073
12:03:41.293 python3        2290922 nvme1n1 WS   114937088  131072   27.151
12:03:41.293 python3        2290922 nvme1n1 WS   114937344  131072   27.225
12:03:41.293 python3        2290922 nvme1n1 WS   114937600  131072   27.282
12:03:41.293 python3        2290922 nvme1n1 WS   114937856  131072   27.359
12:03:41.293 python3        2290922 nvme1n1 WS   114938112  131072   27.437
12:03:41.293 python3        2290923 nvme1n1 WS   114941952  131072   23.718
12:03:41.294 python3        2290923 nvme1n1 WS   114942208  131072   23.842
12:03:41.294 python3        2290923 nvme1n1 WS   114942464  131072   23.967
12:03:41.294 python3        2290923 nvme1n1 WS   114942720  131072   24.124
12:03:41.294 python3        2290923 nvme1n1 WS   114942976  131072   24.250
12:03:41.294 python3        2290923 nvme1n1 WS   114943232  131072   24.371
12:03:41.294 python3        2290923 nvme1n1 WS   114943488  131072   24.451
12:03:41.294 python3        2290923 nvme1n1 WS   114943744  131072   24.493
12:03:41.294 python3        2290923 nvme1n1 WS   114944000  131072   24.564
12:03:41.294 python3        2290923 nvme1n1 WS   114944256  131072   24.688
12:03:41.295 python3        2290923 nvme1n1 WS   114944512  131072   24.814
12:03:41.295 python3        2290923 nvme1n1 WS   114944768  131072   24.945
12:03:41.295 python3        2290923 nvme1n1 WS   114945024  131072   25.070
12:03:41.295 python3        2290923 nvme1n1 WS   114945280  131072   25.196
12:03:41.295 python3        2290923 nvme1n1 WS   114945536  131072   25.286
12:03:41.295 python3        2290923 nvme1n1 WS   114945792  131072   25.342
12:03:41.295 python3        2290923 nvme1n1 WS   114946048  131072   25.417
12:03:41.295 python3        2290923 nvme1n1 WS   114946304  131072   25.493
12:03:41.295 python3        2290922 nvme1n1 WS   114950144  131072   22.180
12:03:41.295 python3        2290922 nvme1n1 WS   114950400  131072   22.253
12:03:41.296 python3        2290922 nvme1n1 WS   114950656  131072   22.330
12:03:41.296 python3        2290922 nvme1n1 WS   114950912  131072   22.402
12:03:41.296 python3        2290922 nvme1n1 WS   114951168  131072   22.478
12:03:41.296 python3        2290922 nvme1n1 WS   114951424  131072   22.556
12:03:41.296 python3        2290922 nvme1n1 WS   114951680  131072   22.630
12:03:41.296 python3        2290922 nvme1n1 WS   114951936  131072   22.684
12:03:41.296 python3        2290922 nvme1n1 WS   114952192  131072   22.759
12:03:41.296 python3        2290922 nvme1n1 WS   114952448  131072   22.832
12:03:41.296 python3        2290922 nvme1n1 WS   114952704  131072   22.908
12:03:41.296 python3        2290922 nvme1n1 WS   114952960  131072   22.983
12:03:41.296 python3        2290922 nvme1n1 WS   114953216  131072   23.060
12:03:41.296 python3        2290922 nvme1n1 WS   114953472  131072   23.140
12:03:41.297 python3        2290922 nvme1n1 WS   114953728  131072   23.221
12:03:41.297 python3        2290922 nvme1n1 WS   114953984  131072   23.275
12:03:41.297 python3        2290920 nvme1n1 WS   114958336  131072   23.208
12:03:41.297 python3        2290920 nvme1n1 WS   114958592  131072   23.277
12:03:41.297 python3        2290920 nvme1n1 WS   114958848  131072   23.357
12:03:41.297 python3        2290920 nvme1n1 WS   114959104  131072   23.428
12:03:41.297 python3        2290920 nvme1n1 WS   114959360  131072   23.503
12:03:41.297 python3        2290920 nvme1n1 WS   114959616  131072   23.575
12:03:41.297 python3        2290920 nvme1n1 WS   114959872  131072   23.654
12:03:41.297 python3        2290920 nvme1n1 WS   114960128  131072   23.705
12:03:41.297 python3        2290920 nvme1n1 WS   114960384  131072   23.768
12:03:41.297 python3        2290920 nvme1n1 WS   114960640  131072   23.826
12:03:41.297 python3        2290920 nvme1n1 WS   114960896  131072   23.889
12:03:41.298 python3        2290920 nvme1n1 WS   114961152  131072   24.017
12:03:41.298 python3        2290922 nvme1n1 WS   114954240  131072   24.355
12:03:41.298 python3        2290922 nvme1n1 WS   114954496  131072   24.482
12:03:41.298 python3        2290920 nvme1n1 WS   114961408  131072   24.372
12:03:41.298 python3        2290920 nvme1n1 WS   114961664  131072   24.448
12:03:41.298 python3        2290920 nvme1n1 WS   114961920  131072   24.524
12:03:41.299 python3        2290920 nvme1n1 WS   114962176  131072   24.589
12:03:41.299 python3        2290920 nvme1n1 WS   114962432  131072   24.670
12:03:41.299 python3        2290920 nvme1n1 WS   114962688  131072   24.745
12:03:41.299 python3        2290921 nvme1n1 WS   114966528  131072   22.570
12:03:41.299 python3        2290921 nvme1n1 WS   114966784  131072   22.649
12:03:41.299 python3        2290921 nvme1n1 WS   114967040  131072   22.723
12:03:41.299 python3        2290921 nvme1n1 WS   114967296  131072   22.784
12:03:41.299 python3        2290921 nvme1n1 WS   114967552  131072   22.842
12:03:41.299 python3        2290921 nvme1n1 WS   114967808  131072   22.909
12:03:41.299 python3        2290921 nvme1n1 WS   114968064  131072   23.021
12:03:41.299 python3        2290921 nvme1n1 WS   114968320  131072   23.073
12:03:41.299 python3        2290921 nvme1n1 WS   114968576  131072   23.153
12:03:41.299 python3        2290921 nvme1n1 WS   114968832  131072   23.226
12:03:41.299 python3        2290921 nvme1n1 WS   114969088  131072   23.301
12:03:41.299 python3        2290921 nvme1n1 WS   114969344  131072   23.410
12:03:41.299 python3        2290921 nvme1n1 WS   114969600  131072   23.487
12:03:41.299 python3        2290921 nvme1n1 WS   114969856  131072   23.564
12:03:41.300 python3        2290921 nvme1n1 WS   114970112  131072   23.638
12:03:41.300 python3        2290921 nvme1n1 WS   114970368  131072   23.700
12:03:41.300 python3        2290922 nvme1n1 WS   114974720  131072   23.391
12:03:41.300 python3        2290922 nvme1n1 WS   114974976  131072   23.462
12:03:41.300 python3        2290922 nvme1n1 WS   114975232  131072   23.557
12:03:41.300 python3        2290922 nvme1n1 WS   114975488  131072   23.680
12:03:41.300 python3        2290922 nvme1n1 WS   114975744  131072   23.808
12:03:41.300 python3        2290922 nvme1n1 WS   114976000  131072   23.936
12:03:41.300 python3        2290922 nvme1n1 WS   114976256  131072   24.022
12:03:41.300 python3        2290922 nvme1n1 WS   114976512  131072   24.085
12:03:41.301 python3        2290922 nvme1n1 WS   114976768  131072   24.211
12:03:41.301 python3        2290922 nvme1n1 WS   114977024  131072   24.337
12:03:41.301 python3        2290922 nvme1n1 WS   114977280  131072   24.466
12:03:41.301 python3        2290922 nvme1n1 WS   114977536  131072   24.594
12:03:41.301 python3        2290921 nvme1n1 WS   114970624  131072   25.179
12:03:41.301 python3        2290921 nvme1n1 WS   114970880  131072   25.316
12:03:41.301 python3        2290922 nvme1n1 WS   114977792  131072   25.005
12:03:41.302 python3        2290922 nvme1n1 WS   114978048  131072   25.140
12:03:41.302 python3        2290922 nvme1n1 WS   114978304  131072   25.275
12:03:41.302 python3        2290922 nvme1n1 WS   114978560  131072   25.388
12:03:41.302 python3        2290922 nvme1n1 WS   114978816  131072   25.523
12:03:41.302 python3        2290922 nvme1n1 WS   114979072  131072   25.607
12:03:41.302 python3        2290922 nvme1n1 WS   114982912  131072   24.353
12:03:41.302 python3        2290922 nvme1n1 WS   114983168  131072   24.428
12:03:41.302 python3        2290922 nvme1n1 WS   114983424  131072   24.501
12:03:41.302 python3        2290922 nvme1n1 WS   114983680  131072   24.577
12:03:41.302 python3        2290922 nvme1n1 WS   114983936  131072   24.658
12:03:41.303 python3        2290922 nvme1n1 WS   114984192  131072   24.736
12:03:41.303 python3        2290922 nvme1n1 WS   114984448  131072   24.815
12:03:41.303 python3        2290922 nvme1n1 WS   114984704  131072   24.865
12:03:41.303 python3        2290922 nvme1n1 WS   114984960  131072   24.943
12:03:41.303 python3        2290922 nvme1n1 WS   114985216  131072   25.023
12:03:41.303 python3        2290922 nvme1n1 WS   114985472  131072   25.095
12:03:41.303 python3        2290922 nvme1n1 WS   114985728  131072   25.171
12:03:41.303 python3        2290922 nvme1n1 WS   114985984  131072   25.250
12:03:41.303 python3        2290922 nvme1n1 WS   114986240  131072   25.324
12:03:41.303 python3        2290922 nvme1n1 WS   114986496  131072   25.384
12:03:41.303 python3        2290922 nvme1n1 WS   114986752  131072   25.463
12:03:41.303 python3        2290922 nvme1n1 WS   114987008  131072   25.546
12:03:41.304 python3        2290922 nvme1n1 WS   114987264  131072   25.623
12:03:41.304 python3        2290921 nvme1n1 WS   114991104  131072   22.944
12:03:41.304 python3        2290921 nvme1n1 WS   114991360  131072   23.014
12:03:41.304 python3        2290921 nvme1n1 WS   114991616  131072   23.136
12:03:41.304 python3        2290921 nvme1n1 WS   114991872  131072   23.260
12:03:41.304 python3        2290921 nvme1n1 WS   114992128  131072   23.385
12:03:41.304 python3        2290921 nvme1n1 WS   114992384  131072   23.508
12:03:41.304 python3        2290921 nvme1n1 WS   114992640  131072   23.634
12:03:41.304 python3        2290921 nvme1n1 WS   114992896  131072   23.724
12:03:41.305 python3        2290921 nvme1n1 WS   114993152  131072   23.799
12:03:41.305 python3        2290921 nvme1n1 WS   114993408  131072   23.869
12:03:41.305 python3        2290921 nvme1n1 WS   114993664  131072   23.948
12:03:41.305 python3        2290921 nvme1n1 WS   114993920  131072   24.023
12:03:41.305 python3        2290921 nvme1n1 WS   114994176  131072   24.095
12:03:41.305 python3        2290921 nvme1n1 WS   114994432  131072   24.169
12:03:41.305 python3        2290921 nvme1n1 WS   114994688  131072   24.249
12:03:41.305 python3        2290921 nvme1n1 WS   114994944  131072   24.304
12:03:41.305 python3        2290921 nvme1n1 WS   114999296  131072   23.932
12:03:41.305 python3        2290921 nvme1n1 WS   114999552  131072   24.002
12:03:41.305 python3        2290921 nvme1n1 WS   114999808  131072   24.070
12:03:41.305 python3        2290921 nvme1n1 WS   115000064  131072   24.186
12:03:41.306 python3        2290921 nvme1n1 WS   115000320  131072   24.273
12:03:41.306 python3        2290921 nvme1n1 WS   115000576  131072   24.353
12:03:41.306 python3        2290921 nvme1n1 WS   115000832  131072   24.433
12:03:41.306 python3        2290921 nvme1n1 WS   115001088  131072   24.471
12:03:41.306 python3        2290921 nvme1n1 WS   115001344  131072   24.582
12:03:41.306 python3        2290921 nvme1n1 WS   115001600  131072   24.675
12:03:41.306 python3        2290921 nvme1n1 WS   115001856  131072   24.755
12:03:41.306 python3        2290921 nvme1n1 WS   115002112  131072   24.826
12:03:41.306 python3        2290921 nvme1n1 WS   114995200  131072   25.442
12:03:41.306 python3        2290921 nvme1n1 WS   114995456  131072   25.514
12:03:41.306 python3        2290921 nvme1n1 WS   115002368  131072   25.061
12:03:41.306 python3        2290921 nvme1n1 WS   115002624  131072   25.169
12:03:41.307 python3        2290921 nvme1n1 WS   115002880  131072   25.292
12:03:41.307 python3        2290921 nvme1n1 WS   115003136  131072   25.399
12:03:41.307 python3        2290921 nvme1n1 WS   115003392  131072   25.526
12:03:41.307 python3        2290921 nvme1n1 WS   115003648  131072   25.654
12:03:41.307 python3        2290921 nvme1n1 WS   115007488  131072   23.872
12:03:41.307 python3        2290921 nvme1n1 WS   115007744  131072   23.994
12:03:41.308 python3        2290921 nvme1n1 WS   115008000  131072   24.117
12:03:41.308 python3        2290921 nvme1n1 WS   115008256  131072   24.242
12:03:41.308 python3        2290921 nvme1n1 WS   115008512  131072   24.376
12:03:41.308 python3        2290921 nvme1n1 WS   115008768  131072   24.517
12:03:41.308 python3        2290921 nvme1n1 WS   115009024  131072   24.660
12:03:41.309 python3        2290921 nvme1n1 WS   115009280  131072   24.765
12:03:41.309 python3        2290921 nvme1n1 WS   115009536  131072   24.895
12:03:41.309 python3        2290921 nvme1n1 WS   115009792  131072   25.015
12:03:41.309 python3        2290921 nvme1n1 WS   115010048  131072   25.133
12:03:41.309 python3        2290921 nvme1n1 WS   115010304  131072   25.220
12:03:41.309 python3        2290921 nvme1n1 WS   115010560  131072   25.298
12:03:41.309 python3        2290921 nvme1n1 WS   115010816  131072   25.368
12:03:41.309 python3        2290921 nvme1n1 WS   115011072  131072   25.442
12:03:41.309 python3        2290921 nvme1n1 WS   115011328  131072   25.502
12:03:41.309 python3        2290921 nvme1n1 WS   115011584  131072   25.583
12:03:41.309 python3        2290921 nvme1n1 WS   115011840  131072   25.663
12:03:41.309 python3        2290923 nvme1n1 WS   115015680  131072   23.242
12:03:41.309 python3        2290923 nvme1n1 WS   115015936  131072   23.309
12:03:41.309 python3        2290923 nvme1n1 WS   115016192  131072   23.387
12:03:41.309 python3        2290923 nvme1n1 WS   115016448  131072   23.460
12:03:41.309 python3        2290923 nvme1n1 WS   115016704  131072   23.546
12:03:41.310 python3        2290923 nvme1n1 WS   115016960  131072   23.625
12:03:41.310 python3        2290923 nvme1n1 WS   115017216  131072   23.706
12:03:41.310 python3        2290923 nvme1n1 WS   115017472  131072   23.720
12:03:41.310 python3        2290923 nvme1n1 WS   115017728  131072   23.797
12:03:41.310 python3        2290923 nvme1n1 WS   115017984  131072   23.873
12:03:41.310 python3        2290923 nvme1n1 WS   115018240  131072   23.944
12:03:41.310 python3        2290923 nvme1n1 WS   115018496  131072   24.015
12:03:41.310 python3        2290923 nvme1n1 WS   115018752  131072   24.092
12:03:41.310 python3        2290923 nvme1n1 WS   115019008  131072   24.171
12:03:41.310 python3        2290923 nvme1n1 WS   115019264  131072   24.250
12:03:41.310 python3        2290923 nvme1n1 WS   115019520  131072   24.311
12:03:41.310 python3        2290920 nvme1n1 WS   115023872  131072   23.256
12:03:41.311 python3        2290920 nvme1n1 WS   115024128  131072   23.323
12:03:41.311 python3        2290920 nvme1n1 WS   115024384  131072   23.443
12:03:41.311 python3        2290920 nvme1n1 WS   115024640  131072   23.569
12:03:41.311 python3        2290920 nvme1n1 WS   115024896  131072   23.692
12:03:41.311 python3        2290920 nvme1n1 WS   115025152  131072   23.817
12:03:41.311 python3        2290920 nvme1n1 WS   115025408  131072   23.942
12:03:41.311 python3        2290920 nvme1n1 WS   115025664  131072   24.035
12:03:41.311 python3        2290920 nvme1n1 WS   115025920  131072   24.123
12:03:41.311 python3        2290920 nvme1n1 WS   115026176  131072   24.188
12:03:41.312 python3        2290920 nvme1n1 WS   115026432  131072   24.258
12:03:41.312 python3        2290920 nvme1n1 WS   115026688  131072   24.369
12:03:41.312 python3        2290923 nvme1n1 WS   115019776  131072   25.690
12:03:41.312 python3        2290923 nvme1n1 WS   115020032  131072   25.769
12:03:41.312 python3        2290920 nvme1n1 WS   115026944  131072   24.620
12:03:41.312 python3        2290920 nvme1n1 WS   115027200  131072   24.695
12:03:41.312 python3        2290920 nvme1n1 WS   115027456  131072   24.764
12:03:41.312 python3        2290920 nvme1n1 WS   115027712  131072   24.817
12:03:41.312 python3        2290920 nvme1n1 WS   115027968  131072   24.893
12:03:41.312 python3        2290920 nvme1n1 WS   115028224  131072   24.970
12:03:41.312 python3        2290923 nvme1n1 WS   115032064  131072   22.868
12:03:41.313 python3        2290923 nvme1n1 WS   115032320  131072   22.942
12:03:41.313 python3        2290923 nvme1n1 WS   115032576  131072   23.018
12:03:41.313 python3        2290923 nvme1n1 WS   115032832  131072   23.092
12:03:41.313 python3        2290923 nvme1n1 WS   115033088  131072   23.164
12:03:41.313 python3        2290923 nvme1n1 WS   115033344  131072   23.243
12:03:41.313 python3        2290923 nvme1n1 WS   115033600  131072   23.318
12:03:41.313 python3        2290920 nvme1n1 WS   115036160  131072   23.414
12:03:41.313 python3        2290920 nvme1n1 WS   115036416  131072   23.481
12:03:41.313 python3        2290920 nvme1n1 WS   115036672  131072   23.553
12:03:41.313 python3        2290920 nvme1n1 WS   115036928  131072   23.626
12:03:41.313 python3        2290920 nvme1n1 WS   115037184  131072   23.699
12:03:41.313 python3        2290920 nvme1n1 WS   115037440  131072   23.771
12:03:41.313 python3        2290920 nvme1n1 WS   115037696  131072   23.851
12:03:41.314 python3        2290920 nvme1n1 WS   115037952  131072   23.899
12:03:41.314 python3        2290920 nvme1n1 WS   115038208  131072   24.027
12:03:41.314 python3        2290920 nvme1n1 WS   115038464  131072   24.148
12:03:41.314 python3        2290920 nvme1n1 WS   115038720  131072   24.273
12:03:41.314 python3        2290920 nvme1n1 WS   115038976  131072   24.398
12:03:41.314 python3        2290923 nvme1n1 WS   115033856  131072   24.568
12:03:41.314 python3        2290923 nvme1n1 WS   115034112  131072   24.699
12:03:41.314 python3        2290923 nvme1n1 WS   115034368  131072   24.838
12:03:41.315 python3        2290923 nvme1n1 WS   115034624  131072   24.977
12:03:41.315 python3        2290920 nvme1n1 WS   115039232  131072   25.098
12:03:41.315 python3        2290920 nvme1n1 WS   115039488  131072   25.234
12:03:41.315 python3        2290920 nvme1n1 WS   115039744  131072   25.368
12:03:41.315 python3        2290920 nvme1n1 WS   115040000  131072   25.474
12:03:41.315 python3        2290920 nvme1n1 WS   115044352  131072   25.602
12:03:41.315 python3        2290920 nvme1n1 WS   115044608  131072   25.709
12:03:41.315 python3        2290923 nvme1n1 WS   115034880  131072   25.859
12:03:41.316 python3        2290923 nvme1n1 WS   115035136  131072   25.939
12:03:41.316 python3        2290923 nvme1n1 WS   115035392  131072   26.013
12:03:41.316 python3        2290923 nvme1n1 WS   115035648  131072   26.093
12:03:41.316 python3        2290923 nvme1n1 WS   115035904  131072   26.150
12:03:41.316 python3        2290923 nvme1n1 WS   115040256  131072   26.231
12:03:41.316 python3        2290923 nvme1n1 WS   115040512  131072   26.307
12:03:41.316 python3        2290923 nvme1n1 WS   115048448  131072   23.725
12:03:41.316 python3        2290923 nvme1n1 WS   115048704  131072   23.829
12:03:41.316 python3        2290923 nvme1n1 WS   115048960  131072   23.958
12:03:41.316 python3        2290923 nvme1n1 WS   115049216  131072   24.077
12:03:41.317 python3        2290923 nvme1n1 WS   115049472  131072   24.202
12:03:41.317 python3        2290923 nvme1n1 WS   115049728  131072   24.283
12:03:41.317 python3        2290923 nvme1n1 WS   115049984  131072   24.359
12:03:41.317 python3        2290923 nvme1n1 WS   115050240  131072   24.424
12:03:41.317 python3        2290923 nvme1n1 WS   115050496  131072   24.546
12:03:41.317 python3        2290923 nvme1n1 WS   115050752  131072   24.675
12:03:41.317 python3        2290923 nvme1n1 WS   115051008  131072   24.801
12:03:41.317 python3        2290923 nvme1n1 WS   115051264  131072   24.923
12:03:41.317 python3        2290923 nvme1n1 WS   115051520  131072   25.005
12:03:41.317 python3        2290923 nvme1n1 WS   115051776  131072   25.088
12:03:41.318 python3        2290923 nvme1n1 WS   115052032  131072   25.165
12:03:41.318 python3        2290923 nvme1n1 WS   115052288  131072   25.217
12:03:41.318 python3        2290920 nvme1n1 WS   115056640  131072   24.636
12:03:41.318 python3        2290920 nvme1n1 WS   115056896  131072   24.742
12:03:41.318 python3        2290920 nvme1n1 WS   115057152  131072   24.823
12:03:41.318 python3        2290920 nvme1n1 WS   115057408  131072   24.903
12:03:41.318 python3        2290920 nvme1n1 WS   115057664  131072   24.980
12:03:41.318 python3        2290920 nvme1n1 WS   115057920  131072   25.055
12:03:41.318 python3        2290920 nvme1n1 WS   115058176  131072   25.133
12:03:41.318 python3        2290920 nvme1n1 WS   115058432  131072   25.184
12:03:41.318 python3        2290920 nvme1n1 WS   115058688  131072   25.264
12:03:41.319 python3        2290920 nvme1n1 WS   115058944  131072   25.340
12:03:41.319 python3        2290920 nvme1n1 WS   115059200  131072   25.418
12:03:41.319 python3        2290920 nvme1n1 WS   115059456  131072   25.494
12:03:41.319 python3        2290923 nvme1n1 WS   115052544  131072   26.297
12:03:41.319 python3        2290923 nvme1n1 WS   115052800  131072   26.370
12:03:41.319 python3        2290922 nvme1n1 WS   115064832  131072   24.766
12:03:41.319 python3        2290922 nvme1n1 WS   115065088  131072   24.834
12:03:41.319 python3        2290922 nvme1n1 WS   115065344  131072   24.912
12:03:41.319 python3        2290922 nvme1n1 WS   115065600  131072   24.984
12:03:41.319 python3        2290922 nvme1n1 WS   115065856  131072   25.058
12:03:41.319 python3        2290922 nvme1n1 WS   115066112  131072   25.136
12:03:41.319 python3        2290922 nvme1n1 WS   115066368  131072   25.213
12:03:41.319 python3        2290922 nvme1n1 WS   115066624  131072   25.269
12:03:41.320 python3        2290922 nvme1n1 WS   115066880  131072   25.349
12:03:41.320 python3        2290922 nvme1n1 WS   115067136  131072   25.427
12:03:41.320 python3        2290922 nvme1n1 WS   115067392  131072   25.505
12:03:41.320 python3        2290922 nvme1n1 WS   115067648  131072   25.576
12:03:41.320 python3        2290920 nvme1n1 WS   115059712  131072   26.680
12:03:41.320 python3        2290920 nvme1n1 WS   115059968  131072   26.757
12:03:41.320 python3        2290920 nvme1n1 WS   115060224  131072   26.828
12:03:41.320 python3        2290920 nvme1n1 WS   115060480  131072   26.896
12:03:41.320 python3        2290922 nvme1n1 WS   115067904  131072   25.971
12:03:41.320 python3        2290922 nvme1n1 WS   115068160  131072   26.047
12:03:41.320 python3        2290922 nvme1n1 WS   115068416  131072   26.129
12:03:41.320 python3        2290922 nvme1n1 WS   115068672  131072   26.243
12:03:41.321 python3        2290922 nvme1n1 WS   115068928  131072   26.368
12:03:41.321 python3        2290922 nvme1n1 WS   115069184  131072   26.496
12:03:41.321 python3        2290920 nvme1n1 WS   115060736  131072   27.635
12:03:41.321 python3        2290920 nvme1n1 WS   115060992  131072   27.714
12:03:41.321 python3        2290923 nvme1n1 WS   115073024  131072   24.385
12:03:41.321 python3        2290923 nvme1n1 WS   115073280  131072   24.447
12:03:41.321 python3        2290923 nvme1n1 WS   115073536  131072   24.530
12:03:41.321 python3        2290923 nvme1n1 WS   115073792  131072   24.604
12:03:41.321 python3        2290923 nvme1n1 WS   115074048  131072   24.679
12:03:41.321 python3        2290923 nvme1n1 WS   115074304  131072   24.756
12:03:41.321 python3        2290923 nvme1n1 WS   115074560  131072   24.832
12:03:41.322 python3        2290923 nvme1n1 WS   115074816  131072   24.879
12:03:41.322 python3        2290923 nvme1n1 WS   115075072  131072   24.950
12:03:41.322 python3        2290923 nvme1n1 WS   115075328  131072   25.060
12:03:41.322 python3        2290923 nvme1n1 WS   115075584  131072   25.145
12:03:41.322 python3        2290923 nvme1n1 WS   115075840  131072   25.214
12:03:41.322 python3        2290923 nvme1n1 WS   115076096  131072   25.287
12:03:41.322 python3        2290923 nvme1n1 WS   115076352  131072   25.359
12:03:41.322 python3        2290923 nvme1n1 WS   115076608  131072   25.431
12:03:41.322 python3        2290923 nvme1n1 WS   115076864  131072   25.481
12:03:41.322 python3        2290923 nvme1n1 WS   115077120  131072   25.562
12:03:41.322 python3        2290923 nvme1n1 WS   115077376  131072   25.638
12:03:41.322 python3        2290922 nvme1n1 WS   115081216  131072   23.590
12:03:41.323 python3        2290922 nvme1n1 WS   115081472  131072   23.657
12:03:41.323 python3        2290922 nvme1n1 WS   115081728  131072   23.751
12:03:41.323 python3        2290922 nvme1n1 WS   115081984  131072   23.845
12:03:41.323 python3        2290922 nvme1n1 WS   115082240  131072   23.970
12:03:41.323 python3        2290922 nvme1n1 WS   115082496  131072   24.056
12:03:41.323 python3        2290922 nvme1n1 WS   115082752  131072   24.130
12:03:41.323 python3        2290922 nvme1n1 WS   115083008  131072   24.207
12:03:41.323 python3        2290922 nvme1n1 WS   115083264  131072   24.282
12:03:41.323 python3        2290922 nvme1n1 WS   115083520  131072   24.363
12:03:41.323 python3        2290922 nvme1n1 WS   115083776  131072   24.490
12:03:41.324 python3        2290922 nvme1n1 WS   115084032  131072   24.616
12:03:41.324 python3        2290922 nvme1n1 WS   115084288  131072   24.746
12:03:41.324 python3        2290922 nvme1n1 WS   115084544  131072   24.871
12:03:41.324 python3        2290922 nvme1n1 WS   115084800  131072   25.005
12:03:41.324 python3        2290922 nvme1n1 WS   115085056  131072   25.090
12:03:41.324 python3        2290922 nvme1n1 WS   115085312  131072   25.218
12:03:41.324 python3        2290922 nvme1n1 WS   115085568  131072   25.347
12:03:41.324 python3        2290922 nvme1n1 WS   115089408  131072   21.639
12:03:41.325 python3        2290922 nvme1n1 WS   115089664  131072   21.722
12:03:41.325 python3        2290922 nvme1n1 WS   115089920  131072   21.801
12:03:41.325 python3        2290922 nvme1n1 WS   115090176  131072   21.877
12:03:41.325 python3        2290922 nvme1n1 WS   115090432  131072   21.959
12:03:41.325 python3        2290922 nvme1n1 WS   115090688  131072   22.039
12:03:41.325 python3        2290922 nvme1n1 WS   115090944  131072   22.115
12:03:41.325 python3        2290922 nvme1n1 WS   115091200  131072   22.159
12:03:41.325 python3        2290922 nvme1n1 WS   115091456  131072   22.235
12:03:41.325 python3        2290922 nvme1n1 WS   115091712  131072   22.315
12:03:41.325 python3        2290922 nvme1n1 WS   115091968  131072   22.392
12:03:41.325 python3        2290922 nvme1n1 WS   115092224  131072   22.469
12:03:41.325 python3        2290922 nvme1n1 WS   115092480  131072   22.546
12:03:41.326 python3        2290922 nvme1n1 WS   115092736  131072   22.623
12:03:41.326 python3        2290922 nvme1n1 WS   115092992  131072   22.699
12:03:41.326 python3        2290922 nvme1n1 WS   115093248  131072   22.754
12:03:41.326 python3        2290922 nvme1n1 WS   115093504  131072   22.827
12:03:41.326 python3        2290922 nvme1n1 WS   115093760  131072   22.901
12:03:41.326 python3        2290921 nvme1n1 WS   115097600  131072   21.991
12:03:41.326 python3        2290921 nvme1n1 WS   115097856  131072   22.060
12:03:41.326 python3        2290921 nvme1n1 WS   115098112  131072   22.132
12:03:41.326 python3        2290921 nvme1n1 WS   115098368  131072   22.195
12:03:41.326 python3        2290921 nvme1n1 WS   115098624  131072   22.312
12:03:41.326 python3        2290921 nvme1n1 WS   115098880  131072   22.390
12:03:41.326 python3        2290921 nvme1n1 WS   115099136  131072   22.431
12:03:41.327 python3        2290921 nvme1n1 WS   115099392  131072   22.489
12:03:41.327 python3        2290921 nvme1n1 WS   115099648  131072   22.617
12:03:41.327 python3        2290921 nvme1n1 WS   115099904  131072   22.743
12:03:41.327 python3        2290921 nvme1n1 WS   115100160  131072   22.865
12:03:41.327 python3        2290921 nvme1n1 WS   115100416  131072   22.989
12:03:41.327 python3        2290921 nvme1n1 WS   115100672  131072   23.113
12:03:41.327 python3        2290921 nvme1n1 WS   115100928  131072   23.183
12:03:41.327 python3        2290921 nvme1n1 WS   115101184  131072   23.258
12:03:41.327 python3        2290921 nvme1n1 WS   115101440  131072   23.311
12:03:41.327 python3        2290921 nvme1n1 WS   115101696  131072   23.387
12:03:41.328 python3        2290921 nvme1n1 WS   115101952  131072   23.464
12:03:41.328 python3        2290920 nvme1n1 WS   115105792  131072   22.929
12:03:41.328 python3        2290920 nvme1n1 WS   115106048  131072   23.005
12:03:41.328 python3        2290920 nvme1n1 WS   115106304  131072   23.082
12:03:41.328 python3        2290920 nvme1n1 WS   115106560  131072   23.157
12:03:41.328 python3        2290920 nvme1n1 WS   115106816  131072   23.238
12:03:41.328 python3        2290920 nvme1n1 WS   115107072  131072   23.310
12:03:41.328 python3        2290920 nvme1n1 WS   115107328  131072   23.388
12:03:41.328 python3        2290920 nvme1n1 WS   115107584  131072   23.427
12:03:41.328 python3        2290920 nvme1n1 WS   115107840  131072   23.502
12:03:41.328 python3        2290920 nvme1n1 WS   115108096  131072   23.561
12:03:41.328 python3        2290920 nvme1n1 WS   115108352  131072   23.688
12:03:41.329 python3        2290920 nvme1n1 WS   115108608  131072   23.786
12:03:41.329 python3        2290920 nvme1n1 WS   115108864  131072   23.887
12:03:41.329 python3        2290920 nvme1n1 WS   115109120  131072   23.970
12:03:41.329 python3        2290920 nvme1n1 WS   115109376  131072   24.052
12:03:41.329 python3        2290920 nvme1n1 WS   115109632  131072   24.146
12:03:41.329 python3        2290920 nvme1n1 WS   115109888  131072   24.216
12:03:41.329 python3        2290920 nvme1n1 WS   115110144  131072   24.297
12:03:41.329 python3        2290922 nvme1n1 WS   115113984  131072   23.989
12:03:41.329 python3        2290922 nvme1n1 WS   115114240  131072   24.063
12:03:41.329 python3        2290922 nvme1n1 WS   115114496  131072   24.137
12:03:41.330 python3        2290922 nvme1n1 WS   115114752  131072   24.211
12:03:41.330 python3        2290922 nvme1n1 WS   115115008  131072   24.290
12:03:41.330 python3        2290922 nvme1n1 WS   115115264  131072   24.350
12:03:41.330 python3        2290922 nvme1n1 WS   115115520  131072   24.477
12:03:41.330 python3        2290922 nvme1n1 WS   115115776  131072   24.565
12:03:41.330 python3        2290922 nvme1n1 WS   115116032  131072   24.691
12:03:41.330 python3        2290922 nvme1n1 WS   115116288  131072   24.812
12:03:41.330 python3        2290922 nvme1n1 WS   115116544  131072   24.936
12:03:41.330 python3        2290922 nvme1n1 WS   115116800  131072   25.063
12:03:41.331 python3        2290922 nvme1n1 WS   115117056  131072   25.202
12:03:41.331 python3        2290922 nvme1n1 WS   115117312  131072   25.344
12:03:41.331 python3        2290922 nvme1n1 WS   115117568  131072   25.485
12:03:41.331 python3        2290922 nvme1n1 WS   115117824  131072   25.601
12:03:41.331 python3        2290922 nvme1n1 WS   115118080  131072   25.725
12:03:41.331 python3        2290922 nvme1n1 WS   115118336  131072   25.853
12:03:41.331 python3        2290921 nvme1n1 WS   115122176  131072   23.037
12:03:41.331 python3        2290921 nvme1n1 WS   115122432  131072   23.111
12:03:41.331 python3        2290921 nvme1n1 WS   115122688  131072   23.188
12:03:41.332 python3        2290921 nvme1n1 WS   115122944  131072   23.262
12:03:41.332 python3        2290921 nvme1n1 WS   115123200  131072   23.337
12:03:41.332 python3        2290921 nvme1n1 WS   115123456  131072   23.415
12:03:41.332 python3        2290921 nvme1n1 WS   115123712  131072   23.496
12:03:41.332 python3        2290921 nvme1n1 WS   115123968  131072   23.538
12:03:41.332 python3        2290921 nvme1n1 WS   115124224  131072   23.613
12:03:41.332 python3        2290921 nvme1n1 WS   115124480  131072   23.685
12:03:41.332 python3        2290921 nvme1n1 WS   115124736  131072   23.764
12:03:41.332 python3        2290921 nvme1n1 WS   115124992  131072   23.840
12:03:41.332 python3        2290921 nvme1n1 WS   115125248  131072   23.903
12:03:41.332 python3        2290921 nvme1n1 WS   115125504  131072   23.991
12:03:41.332 python3        2290921 nvme1n1 WS   115125760  131072   24.068
12:03:41.333 python3        2290921 nvme1n1 WS   115126016  131072   24.175
12:03:41.333 python3        2290921 nvme1n1 WS   115126272  131072   24.256
12:03:41.333 python3        2290921 nvme1n1 WS   115126528  131072   24.330
12:03:41.333 python3        2290921 nvme1n1 WS   115130368  131072   24.344
12:03:41.333 python3        2290921 nvme1n1 WS   115130624  131072   24.417
12:03:41.333 python3        2290921 nvme1n1 WS   115130880  131072   24.493
12:03:41.333 python3        2290921 nvme1n1 WS   115131136  131072   24.599
12:03:41.333 python3        2290921 nvme1n1 WS   115131392  131072   24.737
12:03:41.333 python3        2290921 nvme1n1 WS   115131648  131072   24.851
12:03:41.333 python3        2290921 nvme1n1 WS   115131904  131072   24.976
12:03:41.334 python3        2290921 nvme1n1 WS   115132160  131072   25.068
12:03:41.334 python3        2290921 nvme1n1 WS   115132416  131072   25.198
12:03:41.334 python3        2290921 nvme1n1 WS   115132672  131072   25.323
12:03:41.334 python3        2290921 nvme1n1 WS   115132928  131072   25.457
12:03:41.334 python3        2290921 nvme1n1 WS   115133184  131072   25.582
12:03:41.334 python3        2290921 nvme1n1 WS   115133440  131072   25.696
12:03:41.334 python3        2290921 nvme1n1 WS   115133696  131072   25.776
12:03:41.334 python3        2290921 nvme1n1 WS   115133952  131072   25.849
12:03:41.334 python3        2290921 nvme1n1 WS   115134208  131072   25.909
12:03:41.335 python3        2290921 nvme1n1 WS   115138560  131072   23.864
12:03:41.335 python3        2290921 nvme1n1 WS   115138816  131072   23.934
12:03:41.335 python3        2290921 nvme1n1 WS   115139072  131072   24.012
12:03:41.335 python3        2290921 nvme1n1 WS   115139328  131072   24.091
12:03:41.335 python3        2290921 nvme1n1 WS   115139584  131072   24.166
12:03:41.335 python3        2290921 nvme1n1 WS   115139840  131072   24.240
12:03:41.335 python3        2290921 nvme1n1 WS   115140096  131072   24.317
12:03:41.335 python3        2290921 nvme1n1 WS   115140352  131072   24.391
12:03:41.335 python3        2290921 nvme1n1 WS   115140608  131072   24.464
12:03:41.335 python3        2290921 nvme1n1 WS   115140864  131072   24.543
12:03:41.335 python3        2290921 nvme1n1 WS   115141120  131072   24.617
12:03:41.335 python3        2290921 nvme1n1 WS   115141376  131072   24.684
12:03:41.336 python3        2290921 nvme1n1 WS   115134464  131072   26.976
12:03:41.336 python3        2290921 nvme1n1 WS   115134720  131072   27.052
12:03:41.336 python3        2290921 nvme1n1 WS   115141632  131072   24.928
12:03:41.336 python3        2290921 nvme1n1 WS   115141888  131072   25.003
12:03:41.336 python3        2290921 nvme1n1 WS   115142144  131072   25.079
12:03:41.336 python3        2290921 nvme1n1 WS   115142400  131072   25.137
12:03:41.336 python3        2290921 nvme1n1 WS   115142656  131072   25.219
12:03:41.336 python3        2290921 nvme1n1 WS   115142912  131072   25.312
12:03:41.336 python3        2290923 nvme1n1 WS   115146752  131072   23.536
12:03:41.336 python3        2290923 nvme1n1 WS   115147008  131072   23.604
12:03:41.336 python3        2290923 nvme1n1 WS   115147264  131072   23.712
12:03:41.336 python3        2290923 nvme1n1 WS   115147520  131072   23.786
12:03:41.337 python3        2290923 nvme1n1 WS   115147776  131072   23.863
12:03:41.337 python3        2290923 nvme1n1 WS   115148032  131072   23.936
12:03:41.337 python3        2290923 nvme1n1 WS   115148288  131072   24.013
12:03:41.337 python3        2290923 nvme1n1 WS   115148544  131072   24.059
12:03:41.337 python3        2290923 nvme1n1 WS   115148800  131072   24.138
12:03:41.337 python3        2290923 nvme1n1 WS   115149056  131072   24.208
12:03:41.337 python3        2290923 nvme1n1 WS   115149312  131072   24.285
12:03:41.337 python3        2290923 nvme1n1 WS   115149568  131072   24.353
12:03:41.337 python3        2290923 nvme1n1 WS   115149824  131072   24.426
12:03:41.337 python3        2290923 nvme1n1 WS   115150080  131072   24.500
12:03:41.338 python3        2290923 nvme1n1 WS   115150336  131072   24.575
12:03:41.338 python3        2290923 nvme1n1 WS   115150592  131072   24.683
12:03:41.338 python3        2290923 nvme1n1 WS   115150848  131072   24.807
12:03:41.338 python3        2290923 nvme1n1 WS   115151104  131072   24.912
12:03:41.338 python3        2290920 nvme1n1 WS   115154944  131072   21.625
12:03:41.338 python3        2290920 nvme1n1 WS   115155200  131072   21.709
12:03:41.338 python3        2290920 nvme1n1 WS   115155456  131072   21.774
12:03:41.338 python3        2290920 nvme1n1 WS   115155712  131072   21.845
12:03:41.338 python3        2290920 nvme1n1 WS   115155968  131072   21.922
12:03:41.338 python3        2290920 nvme1n1 WS   115156224  131072   21.999
12:03:41.338 python3        2290920 nvme1n1 WS   115156480  131072   22.076
12:03:41.338 python3        2290920 nvme1n1 WS   115156736  131072   22.113
12:03:41.338 python3        2290920 nvme1n1 WS   115156992  131072   22.184
12:03:41.338 python3        2290920 nvme1n1 WS   115157248  131072   22.255
12:03:41.339 python3        2290920 nvme1n1 WS   115157504  131072   22.330
12:03:41.339 python3        2290920 nvme1n1 WS   115157760  131072   22.404
12:03:41.339 python3        2290920 nvme1n1 WS   115158016  131072   22.484
12:03:41.339 python3        2290920 nvme1n1 WS   115158272  131072   22.561
12:03:41.339 python3        2290920 nvme1n1 WS   115158528  131072   22.690
12:03:41.339 python3        2290920 nvme1n1 WS   115158784  131072   22.793
12:03:41.339 python3        2290920 nvme1n1 WS   115159040  131072   22.918
12:03:41.339 python3        2290920 nvme1n1 WS   115159296  131072   23.044
12:03:41.339 python3        2290920 nvme1n1 WS   115163136  131072   21.991
12:03:41.340 python3        2290920 nvme1n1 WS   115163392  131072   22.124
12:03:41.340 python3        2290920 nvme1n1 WS   115163648  131072   22.263
12:03:41.340 python3        2290920 nvme1n1 WS   115163904  131072   22.403
12:03:41.340 python3        2290920 nvme1n1 WS   115164160  131072   22.546
12:03:41.340 python3        2290920 nvme1n1 WS   115164416  131072   22.691
12:03:41.340 python3        2290920 nvme1n1 WS   115164672  131072   22.821
12:03:41.340 python3        2290920 nvme1n1 WS   115164928  131072   22.919
12:03:41.341 python3        2290920 nvme1n1 WS   115165184  131072   23.045
12:03:41.341 python3        2290920 nvme1n1 WS   115165440  131072   23.165
12:03:41.341 python3        2290920 nvme1n1 WS   115165696  131072   23.241
12:03:41.341 python3        2290920 nvme1n1 WS   115165952  131072   23.320
12:03:41.342 python3        2290920 nvme1n1 WS   115166208  131072   23.404
12:03:41.342 python3        2290920 nvme1n1 WS   115166464  131072   23.510
12:03:41.342 python3        2290920 nvme1n1 WS   115166720  131072   23.585
12:03:41.342 python3        2290920 nvme1n1 WS   115166976  131072   23.649
12:03:41.342 python3        2290920 nvme1n1 WS   115167232  131072   23.731
12:03:41.342 python3        2290920 nvme1n1 WS   115167488  131072   23.813
12:03:41.342 python3        2290923 nvme1n1 WS   115171328  131072   23.841
12:03:41.342 python3        2290923 nvme1n1 WS   115171584  131072   23.911
12:03:41.342 python3        2290923 nvme1n1 WS   115171840  131072   23.987
12:03:41.342 python3        2290923 nvme1n1 WS   115172096  131072   24.061
12:03:41.342 python3        2290923 nvme1n1 WS   115172352  131072   24.137
12:03:41.342 python3        2290923 nvme1n1 WS   115172608  131072   24.217
12:03:41.342 python3        2290923 nvme1n1 WS   115172864  131072   24.291
12:03:41.342 python3        2290923 nvme1n1 WS   115173120  131072   24.329
12:03:41.342 python3        2290923 nvme1n1 WS   115173376  131072   24.407
12:03:41.342 python3        2290923 nvme1n1 WS   115173632  131072   24.476
12:03:41.342 python3        2290923 nvme1n1 WS   115173888  131072   24.554
12:03:41.342 python3        2290923 nvme1n1 WS   115174144  131072   24.627
12:03:41.342 python3        2290923 nvme1n1 WS   115174400  131072   24.704
12:03:41.343 python3        2290923 nvme1n1 WS   115174656  131072   24.776
12:03:41.343 python3        2290923 nvme1n1 WS   115174912  131072   24.841
12:03:41.343 python3        2290923 nvme1n1 WS   115175168  131072   24.893
12:03:41.343 python3        2290923 nvme1n1 WS   115175424  131072   25.018
12:03:41.343 python3        2290923 nvme1n1 WS   115175680  131072   25.144
12:03:41.343 python3        2290923 nvme1n1 WS   115179520  131072   22.692
12:03:41.343 python3        2290923 nvme1n1 WS   115179776  131072   22.789
12:03:41.343 python3        2290923 nvme1n1 WS   115180032  131072   22.864
12:03:41.343 python3        2290923 nvme1n1 WS   115180288  131072   22.937
12:03:41.343 python3        2290923 nvme1n1 WS   115180544  131072   23.016
12:03:41.343 python3        2290923 nvme1n1 WS   115180800  131072   23.090
12:03:41.344 python3        2290923 nvme1n1 WS   115181056  131072   23.168
12:03:41.344 python3        2290923 nvme1n1 WS   115181312  131072   23.219
12:03:41.344 python3        2290923 nvme1n1 WS   115181568  131072   23.295
12:03:41.344 python3        2290923 nvme1n1 WS   115181824  131072   23.371
12:03:41.344 python3        2290923 nvme1n1 WS   115182080  131072   23.445
12:03:41.344 python3        2290923 nvme1n1 WS   115182336  131072   23.517
12:03:41.344 python3        2290923 nvme1n1 WS   115182592  131072   23.590
12:03:41.344 python3        2290923 nvme1n1 WS   115182848  131072   23.661
12:03:41.344 python3        2290923 nvme1n1 WS   115183104  131072   23.734
12:03:41.344 python3        2290923 nvme1n1 WS   115183360  131072   23.791
12:03:41.344 python3        2290923 nvme1n1 WS   115183616  131072   23.868
12:03:41.345 python3        2290923 nvme1n1 WS   115183872  131072   23.946
12:03:41.345 python3        2290920 nvme1n1 WS   115187712  131072   22.753
12:03:41.345 python3        2290920 nvme1n1 WS   115187968  131072   22.827
12:03:41.345 python3        2290920 nvme1n1 WS   115188224  131072   22.907
12:03:41.345 python3        2290920 nvme1n1 WS   115188480  131072   22.983
12:03:41.345 python3        2290920 nvme1n1 WS   115188736  131072   23.059
12:03:41.345 python3        2290920 nvme1n1 WS   115188992  131072   23.142
12:03:41.345 python3        2290920 nvme1n1 WS   115189248  131072   23.216
12:03:41.345 python3        2290920 nvme1n1 WS   115189504  131072   23.255
12:03:41.345 python3        2290920 nvme1n1 WS   115189760  131072   23.331
12:03:41.345 python3        2290920 nvme1n1 WS   115190016  131072   23.406
12:03:41.345 python3        2290920 nvme1n1 WS   115190272  131072   23.480
12:03:41.345 python3        2290920 nvme1n1 WS   115190528  131072   23.603
12:03:41.346 python3        2290920 nvme1n1 WS   115190784  131072   23.729
12:03:41.346 python3        2290920 nvme1n1 WS   115191040  131072   23.853
12:03:41.346 python3        2290920 nvme1n1 WS   115191296  131072   23.977
12:03:41.346 python3        2290920 nvme1n1 WS   115191552  131072   24.089
12:03:41.346 python3        2290920 nvme1n1 WS   115191808  131072   24.226
12:03:41.346 python3        2290920 nvme1n1 WS   115192064  131072   24.368
12:03:41.346 python3        2290923 nvme1n1 WS   115195904  131072   23.119
12:03:41.347 python3        2290923 nvme1n1 WS   115196160  131072   23.259
12:03:41.347 python3        2290922 nvme1n1 WS   115200000  131072   23.402
12:03:41.347 python3        2290922 nvme1n1 WS   115200256  131072   23.558
12:03:41.347 python3        2290923 nvme1n1 WS   115196416  131072   23.685
12:03:41.347 python3        2290923 nvme1n1 WS   115196672  131072   23.762
12:03:41.347 python3        2290923 nvme1n1 WS   115196928  131072   23.840
12:03:41.347 python3        2290923 nvme1n1 WS   115197184  131072   23.917
12:03:41.347 python3        2290923 nvme1n1 WS   115197440  131072   23.993
12:03:41.347 python3        2290923 nvme1n1 WS   115197696  131072   24.038
12:03:41.347 python3        2290923 nvme1n1 WS   115197952  131072   24.112
12:03:41.348 python3        2290923 nvme1n1 WS   115198208  131072   24.185
12:03:41.348 python3        2290923 nvme1n1 WS   115198464  131072   24.261
12:03:41.348 python3        2290923 nvme1n1 WS   115198720  131072   24.334
12:03:41.348 python3        2290923 nvme1n1 WS   115198976  131072   24.409
12:03:41.348 python3        2290923 nvme1n1 WS   115199232  131072   24.483
12:03:41.348 python3        2290922 nvme1n1 WS   115200512  131072   24.642
12:03:41.348 python3        2290922 nvme1n1 WS   115200768  131072   24.711
12:03:41.348 python3        2290922 nvme1n1 WS   115201024  131072   24.792
12:03:41.348 python3        2290922 nvme1n1 WS   115201280  131072   24.867
12:03:41.348 python3        2290923 nvme1n1 WS   115199488  131072   24.888
12:03:41.348 python3        2290923 nvme1n1 WS   115199744  131072   24.939
12:03:41.348 python3        2290923 nvme1n1 WS   115204096  131072   25.015
12:03:41.349 python3        2290923 nvme1n1 WS   115204352  131072   25.096
12:03:41.349 python3        2290922 nvme1n1 WS   115201536  131072   25.267
12:03:41.349 python3        2290922 nvme1n1 WS   115201792  131072   25.310
12:03:41.349 python3        2290922 nvme1n1 WS   115202048  131072   25.387
12:03:41.349 python3        2290922 nvme1n1 WS   115202304  131072   25.460
12:03:41.349 python3        2290922 nvme1n1 WS   115202560  131072   25.538
12:03:41.349 python3        2290922 nvme1n1 WS   115202816  131072   25.622
12:03:41.349 python3        2290922 nvme1n1 WS   115203072  131072   25.745
12:03:41.349 python3        2290922 nvme1n1 WS   115203328  131072   25.872
12:03:41.349 python3        2290922 nvme1n1 WS   115203584  131072   25.997
12:03:41.350 python3        2290922 nvme1n1 WS   115203840  131072   26.101
12:03:41.350 python3        2290922 nvme1n1 WS   115208192  131072   26.230
12:03:41.350 python3        2290922 nvme1n1 WS   115208448  131072   26.360
12:03:41.350 python3        2290922 nvme1n1 WS   115212288  131072   24.667
12:03:41.350 python3        2290922 nvme1n1 WS   115212544  131072   24.735
12:03:41.350 python3        2290922 nvme1n1 WS   115212800  131072   24.810
12:03:41.350 python3        2290922 nvme1n1 WS   115213056  131072   24.882
12:03:41.350 python3        2290922 nvme1n1 WS   115213312  131072   24.955
12:03:41.350 python3        2290922 nvme1n1 WS   115213568  131072   25.028
12:03:41.350 python3        2290922 nvme1n1 WS   115213824  131072   25.107
12:03:41.351 python3        2290922 nvme1n1 WS   115214080  131072   25.150
12:03:41.351 python3        2290922 nvme1n1 WS   115214336  131072   25.224
12:03:41.351 python3        2290922 nvme1n1 WS   115214592  131072   25.296
12:03:41.351 python3        2290922 nvme1n1 WS   115214848  131072   25.367
12:03:41.351 python3        2290922 nvme1n1 WS   115215104  131072   25.442
12:03:41.351 python3        2290922 nvme1n1 WS   115215360  131072   25.519
12:03:41.351 python3        2290922 nvme1n1 WS   115215616  131072   25.631
12:03:41.351 python3        2290922 nvme1n1 WS   115215872  131072   25.753
12:03:41.351 python3        2290922 nvme1n1 WS   115216128  131072   25.860
12:03:41.351 python3        2290922 nvme1n1 WS   115220480  131072   24.097
12:03:41.352 python3        2290922 nvme1n1 WS   115220736  131072   24.214
12:03:41.352 python3        2290922 nvme1n1 WS   115220992  131072   24.341
12:03:41.352 python3        2290922 nvme1n1 WS   115221248  131072   24.481
12:03:41.352 python3        2290922 nvme1n1 WS   115221504  131072   24.619
12:03:41.352 python3        2290922 nvme1n1 WS   115221760  131072   24.756
12:03:41.352 python3        2290922 nvme1n1 WS   115222016  131072   24.884
12:03:41.353 python3        2290922 nvme1n1 WS   115222272  131072   24.978
12:03:41.353 python3        2290922 nvme1n1 WS   115222528  131072   25.077
12:03:41.353 python3        2290922 nvme1n1 WS   115222784  131072   25.151
12:03:41.353 python3        2290922 nvme1n1 WS   115223040  131072   25.225
12:03:41.353 python3        2290922 nvme1n1 WS   115223296  131072   25.300
12:03:41.353 python3        2290922 nvme1n1 WS   115216384  131072   27.362
12:03:41.353 python3        2290922 nvme1n1 WS   115216640  131072   27.474
12:03:41.353 python3        2290922 nvme1n1 WS   115223552  131072   25.586
12:03:41.353 python3        2290922 nvme1n1 WS   115223808  131072   25.660
12:03:41.353 python3        2290922 nvme1n1 WS   115224064  131072   25.743
12:03:41.353 python3        2290922 nvme1n1 WS   115224320  131072   25.801
12:03:41.353 python3        2290922 nvme1n1 WS   115224576  131072   25.876
12:03:41.353 python3        2290922 nvme1n1 WS   115224832  131072   25.953
12:03:41.353 python3        2290921 nvme1n1 WS   115228672  131072   24.927
12:03:41.354 python3        2290921 nvme1n1 WS   115228928  131072   24.997
12:03:41.354 python3        2290921 nvme1n1 WS   115229184  131072   25.073
12:03:41.354 python3        2290921 nvme1n1 WS   115229440  131072   25.145
12:03:41.354 python3        2290921 nvme1n1 WS   115229696  131072   25.218
12:03:41.354 python3        2290921 nvme1n1 WS   115229952  131072   25.298
12:03:41.354 python3        2290921 nvme1n1 WS   115230208  131072   25.375
12:03:41.354 python3        2290921 nvme1n1 WS   115230464  131072   25.400
12:03:41.354 python3        2290921 nvme1n1 WS   115230720  131072   25.506
12:03:41.354 python3        2290921 nvme1n1 WS   115230976  131072   25.628
12:03:41.354 python3        2290921 nvme1n1 WS   115231232  131072   25.723
12:03:41.354 python3        2290921 nvme1n1 WS   115231488  131072   25.793
12:03:41.355 python3        2290921 nvme1n1 WS   115231744  131072   25.868
12:03:41.355 python3        2290921 nvme1n1 WS   115232000  131072   25.945
12:03:41.355 python3        2290921 nvme1n1 WS   115232256  131072   26.015
12:03:41.355 python3        2290921 nvme1n1 WS   115232512  131072   26.069
12:03:41.355 python3        2290921 nvme1n1 WS   115232768  131072   26.143
12:03:41.355 python3        2290921 nvme1n1 WS   115233024  131072   26.219
12:03:41.355 python3        2290920 nvme1n1 WS   115236864  131072   25.270
12:03:41.355 python3        2290920 nvme1n1 WS   115237120  131072   25.354
12:03:41.355 python3        2290920 nvme1n1 WS   115237376  131072   25.465
12:03:41.355 python3        2290920 nvme1n1 WS   115237632  131072   25.589
12:03:41.355 python3        2290920 nvme1n1 WS   115237888  131072   25.718
12:03:41.356 python3        2290920 nvme1n1 WS   115238144  131072   25.845
12:03:41.356 python3        2290920 nvme1n1 WS   115238400  131072   25.974
12:03:41.356 python3        2290920 nvme1n1 WS   115238656  131072   26.057
12:03:41.356 python3        2290920 nvme1n1 WS   115238912  131072   26.120
12:03:41.356 python3        2290920 nvme1n1 WS   115239168  131072   26.206
12:03:41.356 python3        2290920 nvme1n1 WS   115239424  131072   26.279
12:03:41.356 python3        2290920 nvme1n1 WS   115239680  131072   26.351
12:03:41.356 python3        2290920 nvme1n1 WS   115239936  131072   26.425
12:03:41.356 python3        2290920 nvme1n1 WS   115240192  131072   26.503
12:03:41.356 python3        2290922 nvme1n1 WS   115245056  131072   24.357
12:03:41.356 python3        2290922 nvme1n1 WS   115245312  131072   24.430
12:03:41.357 python3        2290922 nvme1n1 WS   115245568  131072   24.506
12:03:41.357 python3        2290922 nvme1n1 WS   115245824  131072   24.582
12:03:41.357 python3        2290922 nvme1n1 WS   115246080  131072   24.655
12:03:41.357 python3        2290922 nvme1n1 WS   115246336  131072   24.734
12:03:41.357 python3        2290922 nvme1n1 WS   115246592  131072   24.808
12:03:41.357 python3        2290922 nvme1n1 WS   115246848  131072   24.851
12:03:41.357 python3        2290922 nvme1n1 WS   115247104  131072   24.930
12:03:41.357 python3        2290922 nvme1n1 WS   115247360  131072   25.004
12:03:41.357 python3        2290922 nvme1n1 WS   115247616  131072   25.077
12:03:41.357 python3        2290922 nvme1n1 WS   115247872  131072   25.154
12:03:41.357 python3        2290920 nvme1n1 WS   115240448  131072   27.547
12:03:41.357 python3        2290920 nvme1n1 WS   115240704  131072   27.602
12:03:41.357 python3        2290920 nvme1n1 WS   115240960  131072   27.682
12:03:41.358 python3        2290920 nvme1n1 WS   115241216  131072   27.758
12:03:41.358 python3        2290922 nvme1n1 WS   115248128  131072   25.544
12:03:41.358 python3        2290922 nvme1n1 WS   115248384  131072   25.620
12:03:41.358 python3        2290922 nvme1n1 WS   115248640  131072   25.699
12:03:41.358 python3        2290922 nvme1n1 WS   115248896  131072   25.753
12:03:41.358 python3        2290922 nvme1n1 WS   115249152  131072   25.834
12:03:41.358 python3        2290922 nvme1n1 WS   115249408  131072   25.911
12:03:41.358 python3        2290921 nvme1n1 WS   115253248  131072   24.586
12:03:41.358 python3        2290921 nvme1n1 WS   115253504  131072   24.685
12:03:41.358 python3        2290921 nvme1n1 WS   115253760  131072   24.761
12:03:41.358 python3        2290921 nvme1n1 WS   115254016  131072   24.834
12:03:41.359 python3        2290921 nvme1n1 WS   115254272  131072   24.915
12:03:41.359 python3        2290921 nvme1n1 WS   115254528  131072   24.990
12:03:41.359 python3        2290921 nvme1n1 WS   115254784  131072   25.114
12:03:41.359 python3        2290921 nvme1n1 WS   115255040  131072   25.202
12:03:41.359 python3        2290921 nvme1n1 WS   115255296  131072   25.328
12:03:41.359 python3        2290921 nvme1n1 WS   115255552  131072   25.450
12:03:41.359 python3        2290921 nvme1n1 WS   115255808  131072   25.572
12:03:41.359 python3        2290921 nvme1n1 WS   115256064  131072   25.705
12:03:41.359 python3        2290921 nvme1n1 WS   115256320  131072   25.844
12:03:41.360 python3        2290921 nvme1n1 WS   115256576  131072   25.986
12:03:41.360 python3        2290921 nvme1n1 WS   115256832  131072   26.123
12:03:41.360 python3        2290921 nvme1n1 WS   115257088  131072   26.248
12:03:41.360 python3        2290921 nvme1n1 WS   115257344  131072   26.388
12:03:41.360 python3        2290921 nvme1n1 WS   115257600  131072   26.530
12:03:41.360 python3        2290921 nvme1n1 WS   115261440  131072   23.830
12:03:41.361 python3        2290921 nvme1n1 WS   115261696  131072   23.955
12:03:41.361 python3        2290921 nvme1n1 WS   115261952  131072   24.056
12:03:41.361 python3        2290921 nvme1n1 WS   115262208  131072   24.136
12:03:41.361 python3        2290921 nvme1n1 WS   115262464  131072   24.209
12:03:41.361 python3        2290921 nvme1n1 WS   115262720  131072   24.292
12:03:41.361 python3        2290921 nvme1n1 WS   115262976  131072   24.371
12:03:41.361 python3        2290921 nvme1n1 WS   115263232  131072   24.402
12:03:41.361 python3        2290921 nvme1n1 WS   115263488  131072   24.479
12:03:41.361 python3        2290921 nvme1n1 WS   115263744  131072   24.552
12:03:41.361 python3        2290921 nvme1n1 WS   115264000  131072   24.631
12:03:41.361 python3        2290921 nvme1n1 WS   115264256  131072   24.705
12:03:41.361 python3        2290921 nvme1n1 WS   115264512  131072   24.828
12:03:41.362 python3        2290921 nvme1n1 WS   115264768  131072   24.954
12:03:41.362 python3        2290921 nvme1n1 WS   115265024  131072   25.080
12:03:41.362 python3        2290921 nvme1n1 WS   115265280  131072   25.187
12:03:41.362 python3        2290921 nvme1n1 WS   115269632  131072   25.080
12:03:41.362 python3        2290921 nvme1n1 WS   115269888  131072   25.209
12:03:41.362 python3        2290921 nvme1n1 WS   115270144  131072   25.347
12:03:41.362 python3        2290921 nvme1n1 WS   115270400  131072   25.488
12:03:41.363 python3        2290921 nvme1n1 WS   115270656  131072   25.631
12:03:41.363 python3        2290921 nvme1n1 WS   115270912  131072   25.772
12:03:41.363 python3        2290921 nvme1n1 WS   115271168  131072   25.914
12:03:41.363 python3        2290921 nvme1n1 WS   115271424  131072   26.026
12:03:41.363 python3        2290921 nvme1n1 WS   115271680  131072   26.151
12:03:41.363 python3        2290921 nvme1n1 WS   115271936  131072   26.279
12:03:41.363 python3        2290921 nvme1n1 WS   115272192  131072   26.394
12:03:41.364 python3        2290921 nvme1n1 WS   115272448  131072   26.468
12:03:41.364 python3        2290921 nvme1n1 WS   115265536  131072   26.869
12:03:41.364 python3        2290921 nvme1n1 WS   115265792  131072   26.945
12:03:41.364 python3        2290921 nvme1n1 WS   115272704  131072   26.702
12:03:41.364 python3        2290921 nvme1n1 WS   115272960  131072   26.759
12:03:41.364 python3        2290921 nvme1n1 WS   115273216  131072   26.840
12:03:41.364 python3        2290921 nvme1n1 WS   115273472  131072   26.898
12:03:41.364 python3        2290921 nvme1n1 WS   115273728  131072   26.979
12:03:41.364 python3        2290921 nvme1n1 WS   115273984  131072   27.054
12:03:41.364 python3        2290923 nvme1n1 WS   115277824  131072   25.652
12:03:41.364 python3        2290923 nvme1n1 WS   115278080  131072   25.729
12:03:41.364 python3        2290923 nvme1n1 WS   115278336  131072   25.849
12:03:41.365 python3        2290923 nvme1n1 WS   115278592  131072   25.925
12:03:41.365 python3        2290923 nvme1n1 WS   115278848  131072   25.997
12:03:41.365 python3        2290923 nvme1n1 WS   115279104  131072   26.078
12:03:41.365 python3        2290923 nvme1n1 WS   115279360  131072   26.158
12:03:41.365 python3        2290923 nvme1n1 WS   115279616  131072   26.208
12:03:41.365 python3        2290923 nvme1n1 WS   115279872  131072   26.281
12:03:41.365 python3        2290923 nvme1n1 WS   115280128  131072   26.387
12:03:41.365 python3        2290923 nvme1n1 WS   115280384  131072   26.462
12:03:41.365 python3        2290923 nvme1n1 WS   115280640  131072   26.536
12:03:41.365 python3        2290920 nvme1n1 WS   115286016  131072   25.083
12:03:41.365 python3        2290920 nvme1n1 WS   115286272  131072   25.153
12:03:41.365 python3        2290920 nvme1n1 WS   115286528  131072   25.228
12:03:41.365 python3        2290920 nvme1n1 WS   115286784  131072   25.302
12:03:41.366 python3        2290923 nvme1n1 WS   115280896  131072   26.938
12:03:41.366 python3        2290923 nvme1n1 WS   115281152  131072   27.019
12:03:41.366 python3        2290923 nvme1n1 WS   115281408  131072   27.087
12:03:41.366 python3        2290923 nvme1n1 WS   115281664  131072   27.140
12:03:41.366 python3        2290923 nvme1n1 WS   115281920  131072   27.216
12:03:41.366 python3        2290923 nvme1n1 WS   115282176  131072   27.289
12:03:41.366 python3        2290920 nvme1n1 WS   115287040  131072   25.855
12:03:41.366 python3        2290920 nvme1n1 WS   115287296  131072   25.930
12:03:41.366 python3        2290920 nvme1n1 WS   115287552  131072   26.006
12:03:41.366 python3        2290920 nvme1n1 WS   115287808  131072   26.047
12:03:41.366 python3        2290920 nvme1n1 WS   115288064  131072   26.119
12:03:41.366 python3        2290920 nvme1n1 WS   115288320  131072   26.190
12:03:41.366 python3        2290920 nvme1n1 WS   115288576  131072   26.266
12:03:41.367 python3        2290920 nvme1n1 WS   115288832  131072   26.346
12:03:41.367 python3        2290920 nvme1n1 WS   115289088  131072   26.426
12:03:41.367 python3        2290920 nvme1n1 WS   115289344  131072   26.504
12:03:41.367 python3        2290920 nvme1n1 WS   115289600  131072   26.581
12:03:41.367 python3        2290920 nvme1n1 WS   115289856  131072   26.637
12:03:41.367 python3        2290920 nvme1n1 WS   115294208  131072   24.636
12:03:41.367 python3        2290920 nvme1n1 WS   115294464  131072   24.707
12:03:41.367 python3        2290920 nvme1n1 WS   115294720  131072   24.780
12:03:41.367 python3        2290920 nvme1n1 WS   115294976  131072   24.852
12:03:41.367 python3        2290920 nvme1n1 WS   115290112  131072   27.036
12:03:41.367 python3        2290920 nvme1n1 WS   115290368  131072   27.110
12:03:41.367 python3        2290920 nvme1n1 WS   115295232  131072   25.092
12:03:41.368 python3        2290920 nvme1n1 WS   115295488  131072   25.166
12:03:41.368 python3        2290920 nvme1n1 WS   115295744  131072   25.240
12:03:41.368 python3        2290920 nvme1n1 WS   115296000  131072   25.284
12:03:41.368 python3        2290920 nvme1n1 WS   115296256  131072   25.360
12:03:41.368 python3        2290920 nvme1n1 WS   115296512  131072   25.430
12:03:41.368 python3        2290920 nvme1n1 WS   115296768  131072   25.507
12:03:41.368 python3        2290920 nvme1n1 WS   115297024  131072   25.584
12:03:41.368 python3        2290920 nvme1n1 WS   115297280  131072   25.660
12:03:41.368 python3        2290920 nvme1n1 WS   115297536  131072   25.734
12:03:41.368 python3        2290920 nvme1n1 WS   115297792  131072   25.806
12:03:41.368 python3        2290920 nvme1n1 WS   115298048  131072   25.866
12:03:41.368 python3        2290923 nvme1n1 WS   115302400  131072   24.677
12:03:41.368 python3        2290923 nvme1n1 WS   115302656  131072   24.744
12:03:41.369 python3        2290923 nvme1n1 WS   115302912  131072   24.827
12:03:41.369 python3        2290923 nvme1n1 WS   115303168  131072   24.898
12:03:41.369 python3        2290920 nvme1n1 WS   115298304  131072   26.274
12:03:41.369 python3        2290920 nvme1n1 WS   115298560  131072   26.349
12:03:41.369 python3        2290923 nvme1n1 WS   115303424  131072   25.140
12:03:41.369 python3        2290923 nvme1n1 WS   115303680  131072   25.217
12:03:41.369 python3        2290923 nvme1n1 WS   115303936  131072   25.290
12:03:41.369 python3        2290923 nvme1n1 WS   115304192  131072   25.332
12:03:41.369 python3        2290923 nvme1n1 WS   115304448  131072   25.405
12:03:41.369 python3        2290923 nvme1n1 WS   115304704  131072   25.481
12:03:41.369 python3        2290923 nvme1n1 WS   115304960  131072   25.555
12:03:41.369 python3        2290923 nvme1n1 WS   115305216  131072   25.630
12:03:41.370 python3        2290923 nvme1n1 WS   115305472  131072   25.703
12:03:41.370 python3        2290923 nvme1n1 WS   115305728  131072   25.779
12:03:41.370 python3        2290923 nvme1n1 WS   115305984  131072   25.850
12:03:41.370 python3        2290923 nvme1n1 WS   115306240  131072   25.904
12:03:41.370 python3        2290923 nvme1n1 WS   115310592  131072   24.662
12:03:41.370 python3        2290923 nvme1n1 WS   115310848  131072   24.770
12:03:41.370 python3        2290923 nvme1n1 WS   115311104  131072   24.845
12:03:41.370 python3        2290923 nvme1n1 WS   115311360  131072   24.923
12:03:41.370 python3        2290923 nvme1n1 WS   115306496  131072   26.344
12:03:41.370 python3        2290923 nvme1n1 WS   115306752  131072   26.418
12:03:41.370 python3        2290920 nvme1n1 WS   115318784  131072   23.407
12:03:41.370 python3        2290920 nvme1n1 WS   115319040  131072   23.476
12:03:41.371 python3        2290920 nvme1n1 WS   115319296  131072   23.553
12:03:41.371 python3        2290920 nvme1n1 WS   115319552  131072   23.625
12:03:41.371 python3        2290920 nvme1n1 WS   115319808  131072   23.699
12:03:41.371 python3        2290920 nvme1n1 WS   115320064  131072   23.776
12:03:41.371 python3        2290920 nvme1n1 WS   115320320  131072   23.848
12:03:41.371 python3        2290920 nvme1n1 WS   115320576  131072   23.878
12:03:41.371 python3        2290920 nvme1n1 WS   115320832  131072   23.964
12:03:41.371 python3        2290920 nvme1n1 WS   115321088  131072   24.029
12:03:41.371 python3        2290920 nvme1n1 WS   115321344  131072   24.102
12:03:41.371 python3        2290920 nvme1n1 WS   115321600  131072   24.181
12:03:41.371 python3        2290923 nvme1n1 WS   115311616  131072   26.124
12:03:41.371 python3        2290923 nvme1n1 WS   115311872  131072   26.196
12:03:41.371 python3        2290923 nvme1n1 WS   115312128  131072   26.272
12:03:41.372 python3        2290923 nvme1n1 WS   115312384  131072   26.317
12:03:41.372 python3        2290920 nvme1n1 WS   115321856  131072   24.581
12:03:41.372 python3        2290920 nvme1n1 WS   115322112  131072   24.652
12:03:41.372 python3        2290920 nvme1n1 WS   115322368  131072   24.727
12:03:41.372 python3        2290920 nvme1n1 WS   115322624  131072   24.783
12:03:41.372 python3        2290920 nvme1n1 WS   115322880  131072   24.863
12:03:41.372 python3        2290920 nvme1n1 WS   115323136  131072   24.939
12:03:41.372 python3        2290923 nvme1n1 WS   115312640  131072   26.868
12:03:41.372 python3        2290923 nvme1n1 WS   115312896  131072   26.943
12:03:41.372 python3        2290923 nvme1n1 WS   115313152  131072   27.020
12:03:41.372 python3        2290923 nvme1n1 WS   115313408  131072   27.094
12:03:41.372 python3        2290923 nvme1n1 WS   115313664  131072   27.166
12:03:41.372 python3        2290923 nvme1n1 WS   115313920  131072   27.245
12:03:41.373 python3        2290923 nvme1n1 WS   115314176  131072   27.321
12:03:41.373 python3        2290923 nvme1n1 WS   115314432  131072   27.381
12:03:41.373 python3        2290923 nvme1n1 WS   115314688  131072   27.455
12:03:41.373 python3        2290923 nvme1n1 WS   115314944  131072   27.531
12:03:41.373 python3        2290923 nvme1n1 WS   115326976  131072   23.632
12:03:41.373 python3        2290923 nvme1n1 WS   115327232  131072   23.707
12:03:41.373 python3        2290923 nvme1n1 WS   115327488  131072   23.775
12:03:41.373 python3        2290923 nvme1n1 WS   115327744  131072   23.852
12:03:41.373 python3        2290923 nvme1n1 WS   115328000  131072   23.922
12:03:41.373 python3        2290923 nvme1n1 WS   115328256  131072   24.000
12:03:41.373 python3        2290923 nvme1n1 WS   115328512  131072   24.074
12:03:41.373 python3        2290923 nvme1n1 WS   115328768  131072   24.114
12:03:41.374 python3        2290923 nvme1n1 WS   115329024  131072   24.187
12:03:41.374 python3        2290923 nvme1n1 WS   115329280  131072   24.263
12:03:41.374 python3        2290923 nvme1n1 WS   115329536  131072   24.339
12:03:41.374 python3        2290923 nvme1n1 WS   115329792  131072   24.417
12:03:41.374 python3        2290923 nvme1n1 WS   115330048  131072   24.494
12:03:41.374 python3        2290923 nvme1n1 WS   115330304  131072   24.569
12:03:41.374 python3        2290923 nvme1n1 WS   115330560  131072   24.645
12:03:41.374 python3        2290923 nvme1n1 WS   115330816  131072   24.702
12:03:41.374 python3        2290922 nvme1n1 WS   115335168  131072   23.692
12:03:41.374 python3        2290922 nvme1n1 WS   115335424  131072   23.753
12:03:41.374 python3        2290922 nvme1n1 WS   115335680  131072   23.827
12:03:41.374 python3        2290922 nvme1n1 WS   115335936  131072   23.902
12:03:41.374 python3        2290922 nvme1n1 WS   115336192  131072   23.978
12:03:41.375 python3        2290922 nvme1n1 WS   115336448  131072   24.052
12:03:41.375 python3        2290922 nvme1n1 WS   115336704  131072   24.126
12:03:41.375 python3        2290922 nvme1n1 WS   115336960  131072   24.170
12:03:41.375 python3        2290922 nvme1n1 WS   115337216  131072   24.241
12:03:41.375 python3        2290922 nvme1n1 WS   115337472  131072   24.348
12:03:41.375 python3        2290922 nvme1n1 WS   115337728  131072   24.423
12:03:41.375 python3        2290922 nvme1n1 WS   115337984  131072   24.497
12:03:41.375 python3        2290923 nvme1n1 WS   115331072  131072   25.762
12:03:41.375 python3        2290923 nvme1n1 WS   115331328  131072   25.834
12:03:41.375 python3        2290922 nvme1n1 WS   115338240  131072   24.726
12:03:41.375 python3        2290922 nvme1n1 WS   115338496  131072   24.799
12:03:41.375 python3        2290922 nvme1n1 WS   115338752  131072   24.876
12:03:41.376 python3        2290922 nvme1n1 WS   115339008  131072   24.930
12:03:41.376 python3        2290922 nvme1n1 WS   115339264  131072   25.008
12:03:41.376 python3        2290922 nvme1n1 WS   115339520  131072   25.085
12:03:41.376 python3        2290922 nvme1n1 WS   115343360  131072   22.138
12:03:41.376 python3        2290922 nvme1n1 WS   115343616  131072   22.206
12:03:41.376 python3        2290922 nvme1n1 WS   115343872  131072   22.279
12:03:41.376 python3        2290922 nvme1n1 WS   115344128  131072   22.359
12:03:41.376 python3        2290922 nvme1n1 WS   115344384  131072   22.435
12:03:41.376 python3        2290922 nvme1n1 WS   115344640  131072   22.508
12:03:41.376 python3        2290922 nvme1n1 WS   115344896  131072   22.581
12:03:41.376 python3        2290922 nvme1n1 WS   115345152  131072   22.625
12:03:41.376 python3        2290922 nvme1n1 WS   115345408  131072   22.701
12:03:41.377 python3        2290922 nvme1n1 WS   115345664  131072   22.801
12:03:41.377 python3        2290922 nvme1n1 WS   115345920  131072   22.882
12:03:41.377 python3        2290922 nvme1n1 WS   115346176  131072   23.005
12:03:41.377 python3        2290922 nvme1n1 WS   115346432  131072   23.109
12:03:41.377 python3        2290922 nvme1n1 WS   115346688  131072   23.220
12:03:41.377 python3        2290922 nvme1n1 WS   115346944  131072   23.298
12:03:41.377 python3        2290922 nvme1n1 WS   115347200  131072   23.352
12:03:41.377 python3        2290922 nvme1n1 WS   115351552  131072   22.629
12:03:41.377 python3        2290922 nvme1n1 WS   115351808  131072   22.697
12:03:41.377 python3        2290922 nvme1n1 WS   115352064  131072   22.768
12:03:41.377 python3        2290922 nvme1n1 WS   115352320  131072   22.842
12:03:41.378 python3        2290922 nvme1n1 WS   115352576  131072   22.919
12:03:41.378 python3        2290922 nvme1n1 WS   115352832  131072   22.997
12:03:41.378 python3        2290922 nvme1n1 WS   115353088  131072   23.076
12:03:41.378 python3        2290922 nvme1n1 WS   115353344  131072   23.118
12:03:41.378 python3        2290922 nvme1n1 WS   115353600  131072   23.195
12:03:41.378 python3        2290922 nvme1n1 WS   115353856  131072   23.268
12:03:41.378 python3        2290922 nvme1n1 WS   115354112  131072   23.347
12:03:41.378 python3        2290922 nvme1n1 WS   115354368  131072   23.418
12:03:41.378 python3        2290922 nvme1n1 WS   115347456  131072   24.387
12:03:41.378 python3        2290922 nvme1n1 WS   115347712  131072   24.447
12:03:41.378 python3        2290921 nvme1n1 WS   115359744  131072   22.750
12:03:41.378 python3        2290921 nvme1n1 WS   115360000  131072   22.805
12:03:41.378 python3        2290921 nvme1n1 WS   115360256  131072   22.931
12:03:41.379 python3        2290921 nvme1n1 WS   115360512  131072   23.055
12:03:41.379 python3        2290921 nvme1n1 WS   115360768  131072   23.186
12:03:41.379 python3        2290921 nvme1n1 WS   115361024  131072   23.320
12:03:41.379 python3        2290921 nvme1n1 WS   115361280  131072   23.448
12:03:41.379 python3        2290921 nvme1n1 WS   115361536  131072   23.536
12:03:41.379 python3        2290921 nvme1n1 WS   115361792  131072   23.620
12:03:41.379 python3        2290921 nvme1n1 WS   115362048  131072   23.693
12:03:41.379 python3        2290921 nvme1n1 WS   115362304  131072   23.771
12:03:41.379 python3        2290921 nvme1n1 WS   115362560  131072   23.847
12:03:41.380 python3        2290922 nvme1n1 WS   115354624  131072   24.901
12:03:41.380 python3        2290922 nvme1n1 WS   115354880  131072   24.973
12:03:41.380 python3        2290922 nvme1n1 WS   115355136  131072   25.046
12:03:41.380 python3        2290922 nvme1n1 WS   115355392  131072   25.108
12:03:41.380 python3        2290921 nvme1n1 WS   115362816  131072   24.240
12:03:41.380 python3        2290921 nvme1n1 WS   115363072  131072   24.319
12:03:41.380 python3        2290921 nvme1n1 WS   115363328  131072   24.396
12:03:41.380 python3        2290921 nvme1n1 WS   115363584  131072   24.456
12:03:41.380 python3        2290921 nvme1n1 WS   115363840  131072   24.530
12:03:41.380 python3        2290921 nvme1n1 WS   115364096  131072   24.642
12:03:41.380 python3        2290922 nvme1n1 WS   115355648  131072   25.710
12:03:41.380 python3        2290922 nvme1n1 WS   115355904  131072   25.786
12:03:41.381 python3        2290920 nvme1n1 WS   115367936  131072   22.255
12:03:41.381 python3        2290920 nvme1n1 WS   115368192  131072   22.325
12:03:41.381 python3        2290920 nvme1n1 WS   115368448  131072   22.403
12:03:41.381 python3        2290920 nvme1n1 WS   115368704  131072   22.477
12:03:41.381 python3        2290920 nvme1n1 WS   115368960  131072   22.551
12:03:41.381 python3        2290920 nvme1n1 WS   115369216  131072   22.635
12:03:41.381 python3        2290920 nvme1n1 WS   115369472  131072   22.701
12:03:41.381 python3        2290920 nvme1n1 WS   115369728  131072   22.741
12:03:41.381 python3        2290920 nvme1n1 WS   115369984  131072   22.815
12:03:41.381 python3        2290920 nvme1n1 WS   115370240  131072   22.884
12:03:41.381 python3        2290920 nvme1n1 WS   115370496  131072   22.958
12:03:41.381 python3        2290920 nvme1n1 WS   115370752  131072   23.030
12:03:41.382 python3        2290922 nvme1n1 WS   115376128  131072   22.836
12:03:41.382 python3        2290922 nvme1n1 WS   115376384  131072   22.905
12:03:41.382 python3        2290922 nvme1n1 WS   115376640  131072   22.977
12:03:41.382 python3        2290922 nvme1n1 WS   115376896  131072   23.051
12:03:41.382 python3        2290920 nvme1n1 WS   115371008  131072   23.422
12:03:41.382 python3        2290920 nvme1n1 WS   115371264  131072   23.500
12:03:41.382 python3        2290920 nvme1n1 WS   115371520  131072   23.566
12:03:41.382 python3        2290920 nvme1n1 WS   115371776  131072   23.604
12:03:41.382 python3        2290920 nvme1n1 WS   115372032  131072   23.725
12:03:41.382 python3        2290920 nvme1n1 WS   115372288  131072   23.852
12:03:41.383 python3        2290922 nvme1n1 WS   115377152  131072   23.736
12:03:41.383 python3        2290922 nvme1n1 WS   115377408  131072   23.859
12:03:41.383 python3        2290922 nvme1n1 WS   115377664  131072   23.982
12:03:41.383 python3        2290922 nvme1n1 WS   115377920  131072   24.080
12:03:41.383 python3        2290922 nvme1n1 WS   115378176  131072   24.207
12:03:41.383 python3        2290922 nvme1n1 WS   115378432  131072   24.295
12:03:41.383 python3        2290922 nvme1n1 WS   115378688  131072   24.372
12:03:41.383 python3        2290922 nvme1n1 WS   115378944  131072   24.452
12:03:41.383 python3        2290922 nvme1n1 WS   115379200  131072   24.533
12:03:41.383 python3        2290922 nvme1n1 WS   115379456  131072   24.605
12:03:41.383 python3        2290922 nvme1n1 WS   115379712  131072   24.686
12:03:41.384 python3        2290922 nvme1n1 WS   115379968  131072   24.746
12:03:41.384 python3        2290922 nvme1n1 WS   115380224  131072   24.822
12:03:41.384 python3        2290922 nvme1n1 WS   115380480  131072   24.899
12:03:41.384 python3        2290921 nvme1n1 WS   115384320  131072   22.406
12:03:41.384 python3        2290921 nvme1n1 WS   115384576  131072   22.480
12:03:41.384 python3        2290921 nvme1n1 WS   115384832  131072   22.554
12:03:41.384 python3        2290921 nvme1n1 WS   115385088  131072   22.627
12:03:41.384 python3        2290921 nvme1n1 WS   115385344  131072   22.707
12:03:41.384 python3        2290921 nvme1n1 WS   115385600  131072   22.787
12:03:41.384 python3        2290921 nvme1n1 WS   115385856  131072   22.863
12:03:41.384 python3        2290921 nvme1n1 WS   115386112  131072   22.902
12:03:41.384 python3        2290921 nvme1n1 WS   115386368  131072   22.978
12:03:41.385 python3        2290921 nvme1n1 WS   115386624  131072   23.050
12:03:41.385 python3        2290921 nvme1n1 WS   115386880  131072   23.129
12:03:41.385 python3        2290921 nvme1n1 WS   115387136  131072   23.205
12:03:41.385 python3        2290921 nvme1n1 WS   115387392  131072   23.279
12:03:41.385 python3        2290921 nvme1n1 WS   115387648  131072   23.352
12:03:41.385 python3        2290921 nvme1n1 WS   115387904  131072   23.424
12:03:41.385 python3        2290921 nvme1n1 WS   115388160  131072   23.476
12:03:41.385 python3        2290921 nvme1n1 WS   115388416  131072   23.551
12:03:41.385 python3        2290921 nvme1n1 WS   115388672  131072   23.627
12:03:41.385 python3        2290921 nvme1n1 WS   115392512  131072   20.720
12:03:41.386 python3        2290921 nvme1n1 WS   115392768  131072   20.846
12:03:41.386 python3        2290921 nvme1n1 WS   115393024  131072   20.970
12:03:41.386 python3        2290921 nvme1n1 WS   115393280  131072   21.106
12:03:41.386 python3        2290921 nvme1n1 WS   115393536  131072   21.243
12:03:41.386 python3        2290921 nvme1n1 WS   115393792  131072   21.419
12:03:41.386 python3        2290921 nvme1n1 WS   115394048  131072   21.560
12:03:41.386 python3        2290921 nvme1n1 WS   115394304  131072   21.673
12:03:41.386 python3        2290921 nvme1n1 WS   115394560  131072   21.808
12:03:41.387 python3        2290921 nvme1n1 WS   115394816  131072   21.937
12:03:41.387 python3        2290921 nvme1n1 WS   115395072  131072   22.029
12:03:41.387 python3        2290921 nvme1n1 WS   115395328  131072   22.113
12:03:41.387 python3        2290921 nvme1n1 WS   115395584  131072   22.192
12:03:41.387 python3        2290921 nvme1n1 WS   115395840  131072   22.273
12:03:41.387 python3        2290921 nvme1n1 WS   115396096  131072   22.357
12:03:41.387 python3        2290921 nvme1n1 WS   115396352  131072   22.414
12:03:41.387 python3        2290921 nvme1n1 WS   115396608  131072   22.493
12:03:41.387 python3        2290921 nvme1n1 WS   115396864  131072   22.574
12:03:41.387 python3        2290921 nvme1n1 WS   115400704  131072   22.318
12:03:41.387 python3        2290921 nvme1n1 WS   115400960  131072   22.393
12:03:41.387 python3        2290921 nvme1n1 WS   115401216  131072   22.471
12:03:41.388 python3        2290921 nvme1n1 WS   115401472  131072   22.552
12:03:41.388 python3        2290921 nvme1n1 WS   115401728  131072   22.623
12:03:41.388 python3        2290921 nvme1n1 WS   115401984  131072   22.697
12:03:41.388 python3        2290921 nvme1n1 WS   115402240  131072   22.780
12:03:41.388 python3        2290921 nvme1n1 WS   115402496  131072   22.831
12:03:41.388 python3        2290921 nvme1n1 WS   115402752  131072   22.905
12:03:41.388 python3        2290921 nvme1n1 WS   115403008  131072   22.981
12:03:41.388 python3        2290921 nvme1n1 WS   115403264  131072   23.054
12:03:41.388 python3        2290921 nvme1n1 WS   115403520  131072   23.127
12:03:41.388 python3        2290921 nvme1n1 WS   115403776  131072   23.201
12:03:41.388 python3        2290921 nvme1n1 WS   115404032  131072   23.279
12:03:41.388 python3        2290923 nvme1n1 WS   115408896  131072   21.803
12:03:41.388 python3        2290923 nvme1n1 WS   115409152  131072   21.878
12:03:41.389 python3        2290923 nvme1n1 WS   115409408  131072   22.002
12:03:41.389 python3        2290923 nvme1n1 WS   115409664  131072   22.126
12:03:41.389 python3        2290923 nvme1n1 WS   115409920  131072   22.254
12:03:41.389 python3        2290923 nvme1n1 WS   115410176  131072   22.383
12:03:41.389 python3        2290923 nvme1n1 WS   115410432  131072   22.459
12:03:41.389 python3        2290923 nvme1n1 WS   115410688  131072   22.513
12:03:41.389 python3        2290923 nvme1n1 WS   115410944  131072   22.589
12:03:41.389 python3        2290923 nvme1n1 WS   115411200  131072   22.665
12:03:41.389 python3        2290923 nvme1n1 WS   115411456  131072   22.739
12:03:41.389 python3        2290923 nvme1n1 WS   115411712  131072   22.811
12:03:41.390 python3        2290921 nvme1n1 WS   115404288  131072   24.525
12:03:41.390 python3        2290921 nvme1n1 WS   115404544  131072   24.594
12:03:41.390 python3        2290921 nvme1n1 WS   115404800  131072   24.673
12:03:41.390 python3        2290921 nvme1n1 WS   115405056  131072   24.752
12:03:41.390 python3        2290923 nvme1n1 WS   115411968  131072   23.214
12:03:41.390 python3        2290923 nvme1n1 WS   115412224  131072   23.293
12:03:41.390 python3        2290923 nvme1n1 WS   115412480  131072   23.377
12:03:41.390 python3        2290923 nvme1n1 WS   115412736  131072   23.433
12:03:41.390 python3        2290923 nvme1n1 WS   115412992  131072   23.512
12:03:41.390 python3        2290923 nvme1n1 WS   115413248  131072   23.587
12:03:41.391 python3        2290920 nvme1n1 WS   115417088  131072   22.259
12:03:41.391 python3        2290920 nvme1n1 WS   115417344  131072   22.335
12:03:41.391 python3        2290920 nvme1n1 WS   115417600  131072   22.415
12:03:41.391 python3        2290920 nvme1n1 WS   115417856  131072   22.481
12:03:41.391 python3        2290920 nvme1n1 WS   115418112  131072   22.553
12:03:41.391 python3        2290920 nvme1n1 WS   115418368  131072   22.632
12:03:41.391 python3        2290920 nvme1n1 WS   115418624  131072   22.718
12:03:41.391 python3        2290920 nvme1n1 WS   115418880  131072   22.812
12:03:41.391 python3        2290920 nvme1n1 WS   115419136  131072   22.939
12:03:41.391 python3        2290920 nvme1n1 WS   115419392  131072   23.056
12:03:41.391 python3        2290920 nvme1n1 WS   115419648  131072   23.130
12:03:41.392 python3        2290920 nvme1n1 WS   115419904  131072   23.208
12:03:41.392 python3        2290920 nvme1n1 WS   115420160  131072   23.281
12:03:41.392 python3        2290920 nvme1n1 WS   115420416  131072   23.438
12:03:41.392 python3        2290920 nvme1n1 WS   115420672  131072   23.561
12:03:41.392 python3        2290920 nvme1n1 WS   115420928  131072   23.666
12:03:41.392 python3        2290920 nvme1n1 WS   115425280  131072   22.590
12:03:41.392 python3        2290920 nvme1n1 WS   115425536  131072   22.720
12:03:41.392 python3        2290920 nvme1n1 WS   115425792  131072   22.854
12:03:41.392 python3        2290920 nvme1n1 WS   115426048  131072   22.975
12:03:41.393 python3        2290920 nvme1n1 WS   115426304  131072   23.051
12:03:41.393 python3        2290920 nvme1n1 WS   115426560  131072   23.124
12:03:41.393 python3        2290920 nvme1n1 WS   115426816  131072   23.199
12:03:41.393 python3        2290920 nvme1n1 WS   115427072  131072   23.249
12:03:41.393 python3        2290920 nvme1n1 WS   115427328  131072   23.330
12:03:41.393 python3        2290920 nvme1n1 WS   115427584  131072   23.409
12:03:41.393 python3        2290920 nvme1n1 WS   115427840  131072   23.483
12:03:41.393 python3        2290920 nvme1n1 WS   115428096  131072   23.558
12:03:41.393 python3        2290920 nvme1n1 WS   115421184  131072   24.923
12:03:41.393 python3        2290920 nvme1n1 WS   115421440  131072   25.003
12:03:41.393 python3        2290920 nvme1n1 WS   115428352  131072   23.783
12:03:41.393 python3        2290920 nvme1n1 WS   115428608  131072   23.867
12:03:41.394 python3        2290920 nvme1n1 WS   115428864  131072   23.992
12:03:41.394 python3        2290920 nvme1n1 WS   115429120  131072   24.060
12:03:41.394 python3        2290920 nvme1n1 WS   115429376  131072   24.139
12:03:41.394 python3        2290920 nvme1n1 WS   115429632  131072   24.216
12:03:41.394 python3        2290923 nvme1n1 WS   115433472  131072   23.006
12:03:41.394 python3        2290923 nvme1n1 WS   115433728  131072   23.090
12:03:41.394 python3        2290923 nvme1n1 WS   115433984  131072   23.156
12:03:41.394 python3        2290923 nvme1n1 WS   115434240  131072   23.229
12:03:41.394 python3        2290923 nvme1n1 WS   115434496  131072   23.309
12:03:41.394 python3        2290923 nvme1n1 WS   115434752  131072   23.378
12:03:41.394 python3        2290923 nvme1n1 WS   115435008  131072   23.452
12:03:41.394 python3        2290923 nvme1n1 WS   115435264  131072   23.498
12:03:41.395 python3        2290923 nvme1n1 WS   115435520  131072   23.574
12:03:41.395 python3        2290923 nvme1n1 WS   115435776  131072   23.658
12:03:41.395 python3        2290923 nvme1n1 WS   115436032  131072   23.737
12:03:41.395 python3        2290923 nvme1n1 WS   115436288  131072   23.809
12:03:41.395 python3        2290923 nvme1n1 WS   115436544  131072   23.861
12:03:41.395 python3        2290923 nvme1n1 WS   115436800  131072   23.917
12:03:41.395 python3        2290923 nvme1n1 WS   115437056  131072   24.044
12:03:41.395 python3        2290923 nvme1n1 WS   115437312  131072   24.157
12:03:41.395 python3        2290920 nvme1n1 WS   115441664  131072   22.617
12:03:41.395 python3        2290920 nvme1n1 WS   115441920  131072   22.751
12:03:41.396 python3        2290920 nvme1n1 WS   115442176  131072   22.894
12:03:41.396 python3        2290920 nvme1n1 WS   115442432  131072   23.032
12:03:41.396 python3        2290920 nvme1n1 WS   115442688  131072   23.174
12:03:41.396 python3        2290920 nvme1n1 WS   115442944  131072   23.299
12:03:41.396 python3        2290920 nvme1n1 WS   115443200  131072   23.427
12:03:41.396 python3        2290920 nvme1n1 WS   115443456  131072   23.490
12:03:41.396 python3        2290920 nvme1n1 WS   115443712  131072   23.566
12:03:41.397 python3        2290920 nvme1n1 WS   115443968  131072   23.638
12:03:41.397 python3        2290920 nvme1n1 WS   115444224  131072   23.717
12:03:41.397 python3        2290920 nvme1n1 WS   115444480  131072   23.795
12:03:41.397 python3        2290923 nvme1n1 WS   115437568  131072   25.640
12:03:41.397 python3        2290923 nvme1n1 WS   115437824  131072   25.712
12:03:41.397 python3        2290923 nvme1n1 WS   115449856  131072   23.356
12:03:41.397 python3        2290923 nvme1n1 WS   115450112  131072   23.434
12:03:41.397 python3        2290920 nvme1n1 WS   115444736  131072   24.199
12:03:41.397 python3        2290920 nvme1n1 WS   115444992  131072   24.280
12:03:41.397 python3        2290920 nvme1n1 WS   115445248  131072   24.359
12:03:41.397 python3        2290920 nvme1n1 WS   115445504  131072   24.414
12:03:41.397 python3        2290920 nvme1n1 WS   115445760  131072   24.492
12:03:41.397 python3        2290920 nvme1n1 WS   115446016  131072   24.574
12:03:41.398 python3        2290923 nvme1n1 WS   115450368  131072   24.001
12:03:41.398 python3        2290923 nvme1n1 WS   115450624  131072   24.112
12:03:41.398 python3        2290923 nvme1n1 WS   115450880  131072   24.192
12:03:41.398 python3        2290923 nvme1n1 WS   115451136  131072   24.275
12:03:41.398 python3        2290923 nvme1n1 WS   115451392  131072   24.342
12:03:41.398 python3        2290923 nvme1n1 WS   115451648  131072   24.380
12:03:41.398 python3        2290923 nvme1n1 WS   115451904  131072   24.506
12:03:41.398 python3        2290923 nvme1n1 WS   115452160  131072   24.631
12:03:41.398 python3        2290923 nvme1n1 WS   115452416  131072   24.753
12:03:41.398 python3        2290923 nvme1n1 WS   115452672  131072   24.877
12:03:41.399 python3        2290923 nvme1n1 WS   115452928  131072   25.006
12:03:41.399 python3        2290923 nvme1n1 WS   115453184  131072   25.140
12:03:41.399 python3        2290923 nvme1n1 WS   115453440  131072   25.278
12:03:41.399 python3        2290923 nvme1n1 WS   115453696  131072   25.401
12:03:41.399 python3        2290923 nvme1n1 WS   115453952  131072   25.540
12:03:41.399 python3        2290923 nvme1n1 WS   115454208  131072   25.687
12:03:41.399 python3        2290923 nvme1n1 WS   115458048  131072   23.018
12:03:41.400 python3        2290923 nvme1n1 WS   115458304  131072   23.116
12:03:41.400 python3        2290923 nvme1n1 WS   115458560  131072   23.222
12:03:41.400 python3        2290923 nvme1n1 WS   115458816  131072   23.298
12:03:41.400 python3        2290923 nvme1n1 WS   115459072  131072   23.376
12:03:41.400 python3        2290923 nvme1n1 WS   115459328  131072   23.448
12:03:41.400 python3        2290923 nvme1n1 WS   115459584  131072   23.527
12:03:41.400 python3        2290923 nvme1n1 WS   115459840  131072   23.561
12:03:41.400 python3        2290923 nvme1n1 WS   115460096  131072   23.635
12:03:41.400 python3        2290923 nvme1n1 WS   115460352  131072   23.713
12:03:41.400 python3        2290923 nvme1n1 WS   115460608  131072   23.789
12:03:41.400 python3        2290923 nvme1n1 WS   115460864  131072   23.871
12:03:41.400 python3        2290923 nvme1n1 WS   115461120  131072   23.945
12:03:41.401 python3        2290923 nvme1n1 WS   115461376  131072   24.022
12:03:41.401 python3        2290923 nvme1n1 WS   115461632  131072   24.098
12:03:41.401 python3        2290923 nvme1n1 WS   115461888  131072   24.147
12:03:41.401 python3        2290923 nvme1n1 WS   115466240  131072   24.228
12:03:41.401 python3        2290923 nvme1n1 WS   115466496  131072   24.301
12:03:41.401 python3        2290922 nvme1n1 WS   115462144  131072   24.366
12:03:41.401 python3        2290922 nvme1n1 WS   115462400  131072   24.434
12:03:41.401 python3        2290922 nvme1n1 WS   115462656  131072   24.513
12:03:41.401 python3        2290922 nvme1n1 WS   115462912  131072   24.582
12:03:41.401 python3        2290922 nvme1n1 WS   115463168  131072   24.659
12:03:41.401 python3        2290922 nvme1n1 WS   115463424  131072   24.732
12:03:41.401 python3        2290922 nvme1n1 WS   115463680  131072   24.814
12:03:41.402 python3        2290922 nvme1n1 WS   115463936  131072   24.908
12:03:41.402 python3        2290922 nvme1n1 WS   115464192  131072   25.034
12:03:41.402 python3        2290922 nvme1n1 WS   115464448  131072   25.154
12:03:41.402 python3        2290922 nvme1n1 WS   115464704  131072   25.280
12:03:41.402 python3        2290922 nvme1n1 WS   115464960  131072   25.413
12:03:41.402 python3        2290922 nvme1n1 WS   115465216  131072   25.553
12:03:41.402 python3        2290922 nvme1n1 WS   115465472  131072   25.693
12:03:41.402 python3        2290922 nvme1n1 WS   115465728  131072   25.834
12:03:41.403 python3        2290922 nvme1n1 WS   115465984  131072   25.946
12:03:41.403 python3        2290922 nvme1n1 WS   115470336  131072   26.091
12:03:41.403 python3        2290922 nvme1n1 WS   115470592  131072   26.231
12:03:41.403 python3        2290922 nvme1n1 WS   115474432  131072   24.186
12:03:41.403 python3        2290922 nvme1n1 WS   115474688  131072   24.316
12:03:41.403 python3        2290922 nvme1n1 WS   115474944  131072   24.443
12:03:41.403 python3        2290922 nvme1n1 WS   115475200  131072   24.552
12:03:41.404 python3        2290922 nvme1n1 WS   115475456  131072   24.633
12:03:41.404 python3        2290922 nvme1n1 WS   115475712  131072   24.707
12:03:41.404 python3        2290922 nvme1n1 WS   115475968  131072   24.781
12:03:41.404 python3        2290922 nvme1n1 WS   115476224  131072   24.824
12:03:41.404 python3        2290922 nvme1n1 WS   115476480  131072   24.899
12:03:41.404 python3        2290922 nvme1n1 WS   115476736  131072   24.981
12:03:41.404 python3        2290922 nvme1n1 WS   115476992  131072   25.062
12:03:41.404 python3        2290922 nvme1n1 WS   115477248  131072   25.166
12:03:41.404 python3        2290922 nvme1n1 WS   115477504  131072   25.248
12:03:41.404 python3        2290922 nvme1n1 WS   115477760  131072   25.304
12:03:41.404 python3        2290922 nvme1n1 WS   115478016  131072   25.382
12:03:41.404 python3        2290922 nvme1n1 WS   115478272  131072   25.437
12:03:41.405 python3        2290922 nvme1n1 WS   115478528  131072   25.517
12:03:41.405 python3        2290922 nvme1n1 WS   115478784  131072   25.587
12:03:41.405 python3        2290921 nvme1n1 WS   115482624  131072   23.610
12:03:41.405 python3        2290921 nvme1n1 WS   115482880  131072   23.679
12:03:41.405 python3        2290921 nvme1n1 WS   115483136  131072   23.752
12:03:41.405 python3        2290921 nvme1n1 WS   115483392  131072   23.822
12:03:41.405 python3        2290921 nvme1n1 WS   115483648  131072   23.894
12:03:41.405 python3        2290921 nvme1n1 WS   115483904  131072   23.970
12:03:41.405 python3        2290921 nvme1n1 WS   115484160  131072   24.028
12:03:41.405 python3        2290921 nvme1n1 WS   115484416  131072   24.056
12:03:41.405 python3        2290921 nvme1n1 WS   115484672  131072   24.116
12:03:41.405 python3        2290921 nvme1n1 WS   115484928  131072   24.240
12:03:41.406 python3        2290921 nvme1n1 WS   115485184  131072   24.377
12:03:41.406 python3        2290921 nvme1n1 WS   115485440  131072   24.515
12:03:41.406 python3        2290921 nvme1n1 WS   115485696  131072   24.657
12:03:41.406 python3        2290921 nvme1n1 WS   115485952  131072   24.802
12:03:41.406 python3        2290921 nvme1n1 WS   115486208  131072   24.943
12:03:41.406 python3        2290921 nvme1n1 WS   115486464  131072   25.049
12:03:41.406 python3        2290921 nvme1n1 WS   115486720  131072   25.142
12:03:41.406 python3        2290921 nvme1n1 WS   115486976  131072   25.222
12:03:41.407 python3        2290922 nvme1n1 WS   115490816  131072   25.161
12:03:41.407 python3        2290922 nvme1n1 WS   115491072  131072   25.230
12:03:41.407 python3        2290922 nvme1n1 WS   115491328  131072   25.306
12:03:41.407 python3        2290922 nvme1n1 WS   115491584  131072   25.385
12:03:41.407 python3        2290922 nvme1n1 WS   115491840  131072   25.462
12:03:41.407 python3        2290922 nvme1n1 WS   115492096  131072   25.542
12:03:41.407 python3        2290922 nvme1n1 WS   115492352  131072   25.622
12:03:41.407 python3        2290922 nvme1n1 WS   115492608  131072   25.679
12:03:41.407 python3        2290922 nvme1n1 WS   115492864  131072   25.757
12:03:41.407 python3        2290922 nvme1n1 WS   115493120  131072   25.842
12:03:41.407 python3        2290922 nvme1n1 WS   115493376  131072   25.915
12:03:41.407 python3        2290922 nvme1n1 WS   115493632  131072   25.991
12:03:41.408 python3        2290922 nvme1n1 WS   115493888  131072   26.068
12:03:41.408 python3        2290922 nvme1n1 WS   115494144  131072   26.143
12:03:41.408 python3        2290922 nvme1n1 WS   115494400  131072   26.223
12:03:41.408 python3        2290922 nvme1n1 WS   115494656  131072   26.285
12:03:41.408 python3        2290920 nvme1n1 WS   115499008  131072   24.865
12:03:41.408 python3        2290920 nvme1n1 WS   115499264  131072   24.938
12:03:41.408 python3        2290920 nvme1n1 WS   115499520  131072   24.992
12:03:41.408 python3        2290920 nvme1n1 WS   115499776  131072   25.070
12:03:41.408 python3        2290920 nvme1n1 WS   115500032  131072   25.181
12:03:41.408 python3        2290920 nvme1n1 WS   115500288  131072   25.295
12:03:41.408 python3        2290920 nvme1n1 WS   115500544  131072   25.420
12:03:41.409 python3        2290920 nvme1n1 WS   115500800  131072   25.514
12:03:41.409 python3        2290920 nvme1n1 WS   115501056  131072   25.639
12:03:41.409 python3        2290920 nvme1n1 WS   115501312  131072   25.765
12:03:41.409 python3        2290920 nvme1n1 WS   115501568  131072   25.892
12:03:41.409 python3        2290920 nvme1n1 WS   115501824  131072   26.017
12:03:41.409 python3        2290922 nvme1n1 WS   115494912  131072   27.752
12:03:41.409 python3        2290922 nvme1n1 WS   115495168  131072   27.853
12:03:41.409 python3        2290920 nvme1n1 WS   115502080  131072   26.331
12:03:41.409 python3        2290920 nvme1n1 WS   115502336  131072   26.405
12:03:41.410 python3        2290920 nvme1n1 WS   115502592  131072   26.481
12:03:41.410 python3        2290920 nvme1n1 WS   115502848  131072   26.531
12:03:41.410 python3        2290920 nvme1n1 WS   115503104  131072   26.611
12:03:41.410 python3        2290920 nvme1n1 WS   115503360  131072   26.686
12:03:41.410 python3        2290922 nvme1n1 WS   115507200  131072   25.341
12:03:41.410 python3        2290922 nvme1n1 WS   115507456  131072   25.448
12:03:41.410 python3        2290922 nvme1n1 WS   115507712  131072   25.525
12:03:41.410 python3        2290922 nvme1n1 WS   115507968  131072   25.603
12:03:41.410 python3        2290922 nvme1n1 WS   115508224  131072   25.683
12:03:41.410 python3        2290922 nvme1n1 WS   115508480  131072   25.759
12:03:41.410 python3        2290922 nvme1n1 WS   115508736  131072   25.836
12:03:41.411 python3        2290922 nvme1n1 WS   115508992  131072   25.878
12:03:41.411 python3        2290922 nvme1n1 WS   115509248  131072   25.953
12:03:41.411 python3        2290922 nvme1n1 WS   115509504  131072   26.032
12:03:41.411 python3        2290922 nvme1n1 WS   115509760  131072   26.108
12:03:41.411 python3        2290922 nvme1n1 WS   115510016  131072   26.178
12:03:41.411 python3        2290922 nvme1n1 WS   115510272  131072   26.250
12:03:41.411 python3        2290922 nvme1n1 WS   115510528  131072   26.325
12:03:41.411 python3        2290922 nvme1n1 WS   115510784  131072   26.399
12:03:41.411 python3        2290922 nvme1n1 WS   115511040  131072   26.462
12:03:41.411 python3        2290922 nvme1n1 WS   115511296  131072   26.533
12:03:41.411 python3        2290922 nvme1n1 WS   115511552  131072   26.616
12:03:41.411 python3        2290921 nvme1n1 WS   115515392  131072   25.567
12:03:41.412 python3        2290921 nvme1n1 WS   115515648  131072   25.693
12:03:41.412 python3        2290921 nvme1n1 WS   115515904  131072   25.815
12:03:41.412 python3        2290921 nvme1n1 WS   115516160  131072   25.939
12:03:41.412 python3        2290921 nvme1n1 WS   115516416  131072   26.063
12:03:41.412 python3        2290921 nvme1n1 WS   115516672  131072   26.194
12:03:41.412 python3        2290921 nvme1n1 WS   115516928  131072   26.310
12:03:41.412 python3        2290921 nvme1n1 WS   115517184  131072   26.407
12:03:41.412 python3        2290921 nvme1n1 WS   115517440  131072   26.497
12:03:41.412 python3        2290921 nvme1n1 WS   115517696  131072   26.578
12:03:41.413 python3        2290921 nvme1n1 WS   115517952  131072   26.651
12:03:41.413 python3        2290921 nvme1n1 WS   115518208  131072   26.724
12:03:41.413 python3        2290921 nvme1n1 WS   115518464  131072   26.804
12:03:41.413 python3        2290921 nvme1n1 WS   115518720  131072   26.881
12:03:41.413 python3        2290921 nvme1n1 WS   115523584  131072   24.789
12:03:41.413 python3        2290921 nvme1n1 WS   115523840  131072   24.859
12:03:41.413 python3        2290921 nvme1n1 WS   115524096  131072   24.931
12:03:41.413 python3        2290921 nvme1n1 WS   115524352  131072   25.006
12:03:41.413 python3        2290921 nvme1n1 WS   115524608  131072   25.082
12:03:41.414 python3        2290921 nvme1n1 WS   115524864  131072   25.155
12:03:41.414 python3        2290921 nvme1n1 WS   115525120  131072   25.229
12:03:41.414 python3        2290921 nvme1n1 WS   115525376  131072   25.283
12:03:41.414 python3        2290921 nvme1n1 WS   115525632  131072   25.367
12:03:41.414 python3        2290921 nvme1n1 WS   115525888  131072   25.446
12:03:41.414 python3        2290921 nvme1n1 WS   115526144  131072   25.512
12:03:41.414 python3        2290921 nvme1n1 WS   115526400  131072   25.582
12:03:41.414 python3        2290921 nvme1n1 WS   115518976  131072   27.932
12:03:41.414 python3        2290921 nvme1n1 WS   115519232  131072   27.989
12:03:41.414 python3        2290921 nvme1n1 WS   115519488  131072   28.071
12:03:41.414 python3        2290921 nvme1n1 WS   115519744  131072   28.140
12:03:41.414 python3        2290921 nvme1n1 WS   115526656  131072   25.979
12:03:41.414 python3        2290921 nvme1n1 WS   115526912  131072   26.052
12:03:41.414 python3        2290921 nvme1n1 WS   115527168  131072   26.131
12:03:41.414 python3        2290921 nvme1n1 WS   115527424  131072   26.206
12:03:41.415 python3        2290921 nvme1n1 WS   115527680  131072   26.311
12:03:41.415 python3        2290921 nvme1n1 WS   115527936  131072   26.410
12:03:41.415 python3        2290921 nvme1n1 WS   115531776  131072   24.239
12:03:41.415 python3        2290921 nvme1n1 WS   115532032  131072   24.360
12:03:41.415 python3        2290921 nvme1n1 WS   115532288  131072   24.479
12:03:41.415 python3        2290921 nvme1n1 WS   115532544  131072   24.603
12:03:41.415 python3        2290921 nvme1n1 WS   115532800  131072   24.729
12:03:41.415 python3        2290921 nvme1n1 WS   115533056  131072   24.866
12:03:41.416 python3        2290921 nvme1n1 WS   115533312  131072   25.007
12:03:41.416 python3        2290921 nvme1n1 WS   115533568  131072   25.121
12:03:41.416 python3        2290921 nvme1n1 WS   115533824  131072   25.265
12:03:41.416 python3        2290921 nvme1n1 WS   115534080  131072   25.438
12:03:41.416 python3        2290921 nvme1n1 WS   115534336  131072   25.578
12:03:41.416 python3        2290921 nvme1n1 WS   115534592  131072   25.721
12:03:41.416 python3        2290923 nvme1n1 WS   115535872  131072   25.513
12:03:41.417 python3        2290923 nvme1n1 WS   115536128  131072   25.636
12:03:41.417 python3        2290923 nvme1n1 WS   115536384  131072   25.729
12:03:41.417 python3        2290923 nvme1n1 WS   115536640  131072   25.810
12:03:41.417 python3        2290921 nvme1n1 WS   115534848  131072   26.260
12:03:41.417 python3        2290921 nvme1n1 WS   115535104  65536    26.298
12:03:41.417 python3        2290923 nvme1n1 WS   115536896  131072   26.009
12:03:41.417 python3        2290923 nvme1n1 WS   115537152  131072   26.087
12:03:41.417 python3        2290923 nvme1n1 WS   115537408  131072   26.166
12:03:41.417 python3        2290923 nvme1n1 WS   115537664  131072   26.195
12:03:41.417 python3        2290923 nvme1n1 WS   115537920  131072   26.276
12:03:41.417 python3        2290923 nvme1n1 WS   115538176  131072   26.350
12:03:41.418 python3        2290923 nvme1n1 WS   115538432  131072   26.428
12:03:41.418 python3        2290923 nvme1n1 WS   115538688  131072   26.507
12:03:41.418 python3        2290923 nvme1n1 WS   115538944  131072   26.587
12:03:41.418 python3        2290923 nvme1n1 WS   115539200  131072   26.663
12:03:41.418 python3        2290923 nvme1n1 WS   115539456  131072   26.740
12:03:41.418 python3        2290923 nvme1n1 WS   115539712  131072   26.788
12:03:41.418 python3        2290923 nvme1n1 WS   115539968  131072   26.863
12:03:41.418 python3        2290923 nvme1n1 WS   115540224  131072   26.941
12:03:41.418 python3        2290920 nvme1n1 WS   115544064  131072   24.052
12:03:41.418 python3        2290920 nvme1n1 WS   115544320  131072   24.122
12:03:41.418 python3        2290920 nvme1n1 WS   115544576  131072   24.180
12:03:41.418 python3        2290920 nvme1n1 WS   115544832  131072   24.239
12:03:41.418 python3        2290920 nvme1n1 WS   115545088  131072   24.310
12:03:41.419 python3        2290920 nvme1n1 WS   115545344  131072   24.450
12:03:41.419 python3        2290920 nvme1n1 WS   115545600  131072   24.589
12:03:41.419 python3        2290920 nvme1n1 WS   115545856  131072   24.694
12:03:41.419 python3        2290920 nvme1n1 WS   115546112  131072   24.822
12:03:41.419 python3        2290920 nvme1n1 WS   115546368  131072   24.932
12:03:41.419 python3        2290920 nvme1n1 WS   115546624  131072   24.993
12:03:41.419 python3        2290920 nvme1n1 WS   115546880  131072   25.070
12:03:41.419 python3        2290920 nvme1n1 WS   115547136  131072   25.147
12:03:41.419 python3        2290920 nvme1n1 WS   115547392  131072   25.221
12:03:41.419 python3        2290920 nvme1n1 WS   115547648  131072   25.299
12:03:41.420 python3        2290920 nvme1n1 WS   115547904  131072   25.364
12:03:41.420 python3        2290920 nvme1n1 WS   115548160  131072   25.447
12:03:41.420 python3        2290920 nvme1n1 WS   115548416  131072   25.530
12:03:41.420 python3        2290920 nvme1n1 WS   115552256  131072   25.331
12:03:41.420 python3        2290920 nvme1n1 WS   115552512  131072   25.400
12:03:41.420 python3        2290920 nvme1n1 WS   115552768  131072   25.475
12:03:41.420 python3        2290920 nvme1n1 WS   115553024  131072   25.553
12:03:41.420 python3        2290920 nvme1n1 WS   115553280  131072   25.624
12:03:41.420 python3        2290920 nvme1n1 WS   115553536  131072   25.700
12:03:41.420 python3        2290920 nvme1n1 WS   115553792  131072   25.775
12:03:41.420 python3        2290920 nvme1n1 WS   115554048  131072   25.820
12:03:41.420 python3        2290920 nvme1n1 WS   115554304  131072   25.897
12:03:41.421 python3        2290920 nvme1n1 WS   115554560  131072   25.970
12:03:41.421 python3        2290920 nvme1n1 WS   115554816  131072   26.049
12:03:41.421 python3        2290920 nvme1n1 WS   115555072  131072   26.109
12:03:41.421 python3        2290920 nvme1n1 WS   115555328  131072   26.173
12:03:41.421 python3        2290920 nvme1n1 WS   115555584  131072   26.276
12:03:41.421 python3        2290920 nvme1n1 WS   115555840  131072   26.381
12:03:41.421 python3        2290920 nvme1n1 WS   115556096  131072   26.443
12:03:41.421 python3        2290920 nvme1n1 WS   115556352  131072   26.521
12:03:41.421 python3        2290920 nvme1n1 WS   115556608  131072   26.634
12:03:41.421 python3        2290923 nvme1n1 WS   115560448  131072   23.620
12:03:41.422 python3        2290923 nvme1n1 WS   115560704  131072   23.740
12:03:41.422 python3        2290923 nvme1n1 WS   115560960  131072   23.862
12:03:41.422 python3        2290923 nvme1n1 WS   115561216  131072   24.018
12:03:41.422 python3        2290923 nvme1n1 WS   115561472  131072   24.151
12:03:41.422 python3        2290923 nvme1n1 WS   115561728  131072   24.291
12:03:41.422 python3        2290923 nvme1n1 WS   115561984  131072   24.429
12:03:41.422 python3        2290923 nvme1n1 WS   115562240  131072   24.534
12:03:41.422 python3        2290923 nvme1n1 WS   115562496  131072   24.675
12:03:41.423 python3        2290923 nvme1n1 WS   115562752  131072   24.816
12:03:41.423 python3        2290923 nvme1n1 WS   115563008  131072   24.955
12:03:41.423 python3        2290923 nvme1n1 WS   115563264  131072   25.099
12:03:41.423 python3        2290923 nvme1n1 WS   115563520  131072   25.227
12:03:41.423 python3        2290923 nvme1n1 WS   115563776  131072   25.328
12:03:41.423 python3        2290923 nvme1n1 WS   115564032  131072   25.406
12:03:41.423 python3        2290923 nvme1n1 WS   115564288  131072   25.463
12:03:41.423 python3        2290923 nvme1n1 WS   115564544  131072   25.540
12:03:41.424 python3        2290923 nvme1n1 WS   115564800  131072   25.622
12:03:41.424 python3        2290920 nvme1n1 WS   115568640  131072   25.480
12:03:41.424 python3        2290920 nvme1n1 WS   115568896  131072   25.551
12:03:41.424 python3        2290920 nvme1n1 WS   115569152  131072   25.627
12:03:41.424 python3        2290920 nvme1n1 WS   115569408  131072   25.705
12:03:41.424 python3        2290920 nvme1n1 WS   115569664  131072   25.780
12:03:41.424 python3        2290920 nvme1n1 WS   115569920  131072   25.861
12:03:41.424 python3        2290920 nvme1n1 WS   115570176  131072   25.934
12:03:41.424 python3        2290920 nvme1n1 WS   115570432  131072   25.980
12:03:41.424 python3        2290920 nvme1n1 WS   115570688  131072   26.063
12:03:41.424 python3        2290920 nvme1n1 WS   115570944  131072   26.139
12:03:41.424 python3        2290920 nvme1n1 WS   115571200  131072   26.218
12:03:41.424 python3        2290920 nvme1n1 WS   115571456  131072   26.308
12:03:41.425 python3        2290920 nvme1n1 WS   115571712  131072   26.434
12:03:41.425 python3        2290920 nvme1n1 WS   115571968  131072   26.557
12:03:41.425 python3        2290920 nvme1n1 WS   115572224  131072   26.660
12:03:41.425 python3        2290920 nvme1n1 WS   115572480  131072   26.718
12:03:41.425 python3        2290923 nvme1n1 WS   115576832  131072   25.148
12:03:41.425 python3        2290923 nvme1n1 WS   115577088  131072   25.206
12:03:41.425 python3        2290923 nvme1n1 WS   115577344  131072   25.327
12:03:41.425 python3        2290923 nvme1n1 WS   115577600  131072   25.452
12:03:41.425 python3        2290923 nvme1n1 WS   115577856  131072   25.577
12:03:41.426 python3        2290923 nvme1n1 WS   115578112  131072   25.704
12:03:41.426 python3        2290923 nvme1n1 WS   115578368  131072   25.836
12:03:41.426 python3        2290923 nvme1n1 WS   115578624  131072   25.929
12:03:41.426 python3        2290923 nvme1n1 WS   115578880  131072   26.053
12:03:41.426 python3        2290923 nvme1n1 WS   115579136  131072   26.180
12:03:41.426 python3        2290923 nvme1n1 WS   115579392  131072   26.267
12:03:41.426 python3        2290923 nvme1n1 WS   115579648  131072   26.359
12:03:41.427 python3        2290920 nvme1n1 WS   115572736  131072   28.181
12:03:41.427 python3        2290920 nvme1n1 WS   115572992  131072   28.256
12:03:41.427 python3        2290923 nvme1n1 WS   115579904  131072   26.607
12:03:41.427 python3        2290923 nvme1n1 WS   115580160  131072   26.686
12:03:41.427 python3        2290923 nvme1n1 WS   115580416  131072   26.744
12:03:41.427 python3        2290923 nvme1n1 WS   115580672  131072   26.804
12:03:41.427 python3        2290923 nvme1n1 WS   115580928  131072   26.880
12:03:41.427 python3        2290923 nvme1n1 WS   115581184  131072   26.957
12:03:41.427 python3        2290923 nvme1n1 WS   115585024  131072   25.591
12:03:41.427 python3        2290923 nvme1n1 WS   115585280  131072   25.661
12:03:41.427 python3        2290923 nvme1n1 WS   115585536  131072   25.734
12:03:41.427 python3        2290923 nvme1n1 WS   115585792  131072   25.806
12:03:41.427 python3        2290923 nvme1n1 WS   115586048  131072   25.878
12:03:41.427 python3        2290923 nvme1n1 WS   115586304  131072   25.955
12:03:41.428 python3        2290923 nvme1n1 WS   115586560  131072   26.035
12:03:41.428 python3        2290923 nvme1n1 WS   115586816  131072   26.088
12:03:41.428 python3        2290923 nvme1n1 WS   115587072  131072   26.161
12:03:41.428 python3        2290923 nvme1n1 WS   115587328  131072   26.236
12:03:41.428 python3        2290923 nvme1n1 WS   115587584  131072   26.312
12:03:41.428 python3        2290923 nvme1n1 WS   115587840  131072   26.407
12:03:41.428 python3        2290923 nvme1n1 WS   115588096  131072   26.484
12:03:41.428 python3        2290923 nvme1n1 WS   115588352  65536    26.522
12:03:41.428 python3        2290922 nvme1n1 WS   115589120  131072   24.540
12:03:41.428 python3        2290922 nvme1n1 WS   115589376  131072   24.595
12:03:41.428 python3        2290922 nvme1n1 WS   115589632  131072   24.652
12:03:41.428 python3        2290922 nvme1n1 WS   115589888  131072   24.764
12:03:41.429 python3        2290922 nvme1n1 WS   115590144  131072   24.890
12:03:41.429 python3        2290922 nvme1n1 WS   115590400  131072   25.015
12:03:41.429 python3        2290922 nvme1n1 WS   115590656  131072   25.144
12:03:41.429 python3        2290922 nvme1n1 WS   115590912  131072   25.222
12:03:41.429 python3        2290922 nvme1n1 WS   115591168  131072   25.311
12:03:41.429 python3        2290922 nvme1n1 WS   115591424  131072   25.376
12:03:41.429 python3        2290922 nvme1n1 WS   115591680  131072   25.454
12:03:41.429 python3        2290922 nvme1n1 WS   115591936  131072   25.535
12:03:41.429 python3        2290922 nvme1n1 WS   115592192  131072   25.615
12:03:41.429 python3        2290922 nvme1n1 WS   115592448  65536    25.652
12:03:41.429 python3        2290920 nvme1n1 WS   115593216  131072   18.792
12:03:41.429 python3        2290920 nvme1n1 WS   115593472  131072   18.861
12:03:41.430 python3        2290920 nvme1n1 WS   115593728  131072   18.932
12:03:41.430 python3        2290920 nvme1n1 WS   115593984  131072   19.009
12:03:41.430 python3        2290920 nvme1n1 WS   115594240  131072   19.088
12:03:41.430 python3        2290920 nvme1n1 WS   115594496  131072   19.167
12:03:41.430 python3        2290920 nvme1n1 WS   115594752  131072   19.243
12:03:41.430 python3        2290920 nvme1n1 WS   115595008  131072   19.300
12:03:41.430 python3        2290920 nvme1n1 WS   115595264  131072   19.365
12:03:41.430 python3        2290920 nvme1n1 WS   115595520  131072   19.487
12:03:41.430 python3        2290920 nvme1n1 WS   115595776  131072   19.566
12:03:41.430 python3        2290920 nvme1n1 WS   115596032  131072   19.674
12:03:41.430 python3        2290920 nvme1n1 WS   115596288  131072   19.756
12:03:41.431 python3        2290920 nvme1n1 WS   115596544  65536    19.796
12:03:41.601 jbd2/nv        391     nvme0n1 WSM  4227544    49152     0.712
12:03:41.601 jbd2/nv        391     nvme0n1 WSM  4227640    4096      0.379
12:03:41.815 nvme           2397138 Unknown N    -1         512       0.035
12:03:42.625 kworker        2379468 nvme0n1 W    36981968   4096      0.507
12:03:42.826 nvme           2397143 Unknown N    -1         512       0.031
12:03:43.137 kworker        2379468 nvme0n1 W    8143096    131072    1.234
12:03:43.138 kworker        2379468 nvme0n1 W    8129784    131072    1.577
12:03:43.138 kworker        2379468 nvme0n1 W    36029952   131072    1.762
12:03:43.138 kworker        2379468 nvme0n1 W    36167216   4096      1.895
12:03:43.138 kworker        2379468 nvme0n1 W    36168104   4096      1.904
12:03:43.138 kworker        2379468 nvme0n1 W    36168544   4096      1.912
12:03:43.138 kworker        2379468 nvme0n1 W    8135672    131072    2.288
12:03:43.138 kworker        2379468 nvme0n1 W    36322464   4096      2.179
12:03:43.138 kworker        2379468 nvme0n1 W    36166656   131072    2.295
12:03:43.139 kworker        2379468 nvme0n1 W    36167552   65536     2.328
12:03:43.139 kworker        2379468 nvme0n1 W    36023808   262144    2.447
12:03:43.139 kworker        2379468 nvme0n1 W    36174464   65536     2.366
12:03:43.139 kworker        2379468 nvme0n1 W    36177280   65536     2.439
12:03:43.139 kworker        2379468 nvme0n1 W    36315792   40960     2.471
12:03:43.139 kworker        2379468 nvme0n1 W    36317184   131072    2.804
12:03:43.139 kworker        2379468 nvme0n1 W    36321792   131072    2.910
12:03:43.139 kworker        2379468 nvme0n1 W    7337984    4096      0.793
12:03:43.139 kworker        2379468 nvme0n1 W    8145000    8192      0.810
12:03:43.139 kworker        2379468 nvme0n1 W    36240800   16384     0.822
12:03:43.139 kworker        2379468 nvme0n1 W    8144904    4096      0.828
12:03:43.139 kworker        2379468 nvme0n1 W    8144984    4096      0.830
12:03:43.139 kworker        2379468 nvme0n1 W    36323136   16384     0.838
12:03:43.140 kworker        2379468 nvme0n1 W    8145040    4096      0.394
12:03:43.140 kworker        2379468 nvme0n1 W    8145064    8192      0.489
12:03:43.140 kworker        2379468 nvme0n1 W    8145104    4096      0.491
12:03:43.140 kworker        2379468 nvme0n1 W    8145136    49152     0.786
12:03:43.140 kworker        2379468 nvme0n1 W    8145264    16384     0.800
12:03:43.141 kworker        2379468 nvme0n1 W    8146352    262144    1.838
12:03:43.141 kworker        2379468 nvme0n1 W    8147376    262144    1.977
12:03:43.141 kworker        2379468 nvme0n1 W    8145840    262144    2.267
12:03:43.142 kworker        2379468 nvme0n1 W    8145328    262144    2.447
12:03:43.142 kworker        2379468 nvme0n1 W    8148400    262144    2.347
12:03:43.142 kworker        2379468 nvme0n1 W    8146864    262144    2.673
12:03:43.142 kworker        2379468 nvme0n1 W    8149424    262144    3.071
12:03:43.143 kworker        2379468 nvme0n1 W    8147888    262144    3.350
12:03:43.143 kworker        2379468 nvme0n1 W    8150448    262144    3.468
12:03:43.143 kworker        2379468 nvme0n1 W    8148912    262144    4.139
12:03:43.144 kworker        2379468 nvme0n1 W    8151472    262144    3.836
12:03:43.144 kworker        2379468 nvme0n1 W    8153704    4096      3.820
12:03:43.144 kworker        2379468 nvme0n1 W    8153936    16384     2.028
12:03:43.144 kworker        2379468 nvme0n1 W    8153776    16384     3.827
12:03:43.144 kworker        2379468 nvme0n1 W    8149936    262144    4.847
12:03:43.144 kworker        2379468 nvme0n1 W    8154736    196608    2.787
12:03:43.145 kworker        2379468 nvme0n1 W    8150960    262144    4.854
12:03:43.145 kworker        2379468 nvme0n1 W    8154224    262144    3.081
12:03:43.145 kworker        2379468 nvme0n1 W    8155376    262144    3.413
12:03:43.145 kworker        2379468 nvme0n1 W    8156152    4096      2.302
12:03:43.145 kworker        2379468 nvme0n1 W    8156272    4096      2.313
12:03:43.145 kworker        2379468 nvme0n1 W    8156312    4096      2.312
12:03:43.145 kworker        2379468 nvme0n1 W    8155888    131072    2.541
12:03:43.146 kworker        2379468 nvme0n1 W    8151984    163840    5.593
12:03:43.146 kworker        2379468 nvme0n1 W    8156640    4096      1.736
12:03:43.146 kworker        2379468 nvme0n1 W    8156616    4096      1.740
12:03:43.146 kworker        2379468 nvme0n1 W    8156336    16384     1.746
12:03:43.146 kworker        2379468 nvme0n1 W    8156400    32768     1.746
12:03:43.146 kworker        2379468 nvme0n1 W    8157008    16384     1.766
12:03:43.146 kworker        2379468 nvme0n1 W    8156496    32768     1.779
12:03:43.146 kworker        2379468 nvme0n1 W    8157744    4096      1.533
12:03:43.146 kworker        2379468 nvme0n1 W    7337992    4096      1.531
12:03:43.146 kworker        2379468 nvme0n1 W    8157968    16384     1.543
12:03:43.146 kworker        2379468 nvme0n1 W    8157616    32768     1.547
12:03:43.146 kworker        2379468 nvme0n1 W    8158064    65536     1.702
12:03:43.146 kworker        2379468 nvme0n1 W    8158448    262144    2.094
12:03:43.146 kworker        2379468 nvme0n1 W    8157104    262144    2.359
12:03:43.842 nvme           2397161 Unknown N    -1         512       0.032
12:03:44.160 kworker        2379513 nvme1n1 W    1565495360 4096      0.060
12:03:44.177 jbd2/nv        752     nvme1n1 WSM  877595784  131072    0.157
12:03:44.177 jbd2/nv        752     nvme1n1 WSM  877596040  131072    0.185
12:03:44.177 jbd2/nv        752     nvme1n1 WSM  877596296  131072    0.198
12:03:44.177 jbd2/nv        752     nvme1n1 WSM  877596552  131072    0.202
12:03:44.177 jbd2/nv        752     nvme1n1 WSM  877596808  122880    0.177
12:03:44.177 jbd2/nv        752     nvme1n1 WSM  877597048  4096      0.032
12:03:44.673 kworker        2379513 nvme0n1 W    38459704   4096      0.533
12:03:44.750 amoprof        2381401 nvme1n1 W    625313128  4096      0.055
