TIMESTAMP    COMM           PID     DISK    T    SECTOR     BYTES   LAT(ms)
23:06:37.517 nvme           1322527 Unknown N    -1         512       0.041
23:06:37.839 ib_pg_f        125924  nvme1n1 WS   1740046336 16384     0.064
23:06:37.839 ib_pg_f        125924  nvme1n1 WS   1757760160 16384     0.044
23:06:38.307 VLLM::W        1046589 nvme1n1 RS   1730777088 131072    0.284
23:06:38.307 VLLM::W        1046587 nvme1n1 RS   1730768896 131072    0.297
23:06:38.307 VLLM::W        1046587 nvme1n1 RS   1730769152 131072    0.310
23:06:38.307 VLLM::W        1046586 nvme1n1 RS   1730760704 131072    0.412
23:06:38.307 VLLM::W        1046586 nvme1n1 RS   1730760960 131072    0.417
23:06:38.307 VLLM::W        1046588 nvme1n1 RS   1734168576 131072    0.519
23:06:38.307 VLLM::W        1046588 nvme1n1 RS   1734168832 131072    0.537
23:06:38.307 VLLM::W        1046589 nvme1n1 RS   1730777600 131072    0.569
23:06:38.307 VLLM::W        1046589 nvme1n1 RS   1730777344 131072    0.605
23:06:38.307 VLLM::W        1046589 nvme1n1 RS   1730778112 131072    0.681
23:06:38.307 VLLM::W        1046589 nvme1n1 RS   1730778368 131072    0.704
23:06:38.307 VLLM::W        1046589 nvme1n1 RS   1730777856 131072    0.722
23:06:38.307 VLLM::W        1046587 nvme1n1 RS   1730769408 131072    0.762
23:06:38.307 VLLM::W        1046589 nvme1n1 RS   1730778624 131072    0.786
23:06:38.307 VLLM::W        1046587 nvme1n1 RS   1730769664 131072    0.876
23:06:38.307 VLLM::W        1046587 nvme1n1 RS   1730770176 131072    0.886
23:06:38.308 VLLM::W        1046587 nvme1n1 RS   1730770432 131072    0.896
23:06:38.308 VLLM::W        1046587 nvme1n1 RS   1730769920 131072    0.993
23:06:38.308 VLLM::W        1046586 nvme1n1 RS   1730761472 131072    1.017
23:06:38.308 VLLM::W        1046586 nvme1n1 RS   1730761728 131072    1.022
23:06:38.308 VLLM::W        1046586 nvme1n1 RS   1730761216 131072    1.079
23:06:38.308 VLLM::W        1046586 nvme1n1 RS   1730761984 131072    1.178
23:06:38.308 VLLM::W        1046586 nvme1n1 RS   1730762240 131072    1.195
23:06:38.308 VLLM::W        1046588 nvme1n1 RS   1734169600 131072    1.221
23:06:38.308 VLLM::W        1046588 nvme1n1 RS   1734169856 131072    1.230
23:06:38.308 VLLM::W        1046588 nvme1n1 RS   1734169088 131072    1.317
23:06:38.308 VLLM::W        1046588 nvme1n1 RS   1734169344 131072    1.334
23:06:38.308 VLLM::W        1046589 nvme1n1 RS   1730779136 131072    1.284
23:06:38.308 VLLM::W        1046588 nvme1n1 RS   1734170112 131072    1.403
23:06:38.308 VLLM::W        1046589 nvme1n1 RS   1730779392 131072    1.361
23:06:38.308 VLLM::W        1046589 nvme1n1 RS   1730779648 131072    1.370
23:06:38.308 VLLM::W        1046589 nvme1n1 RS   1730778880 131072    1.427
23:06:38.308 VLLM::W        1046589 nvme1n1 RS   1730779904 131072    1.524
23:06:38.308 VLLM::W        1046587 nvme1n1 RS   1730770944 131072    1.548
23:06:38.308 VLLM::W        1046587 nvme1n1 RS   1730771712 131072    1.586
23:06:38.308 VLLM::W        1046587 nvme1n1 RS   1730770688 131072    1.614
23:06:38.308 VLLM::W        1046587 nvme1n1 RS   1730771200 131072    1.696
23:06:38.308 VLLM::W        1046588 nvme1n1 RS   1734170368 131072    1.719
23:06:38.308 VLLM::W        1046587 nvme1n1 RS   1730771456 131072    1.721
23:06:38.308 VLLM::W        1046588 nvme1n1 RS   1734170624 131072    1.778
23:06:38.308 VLLM::W        1046588 nvme1n1 RS   1734170880 131072    1.800
23:06:38.308 VLLM::W        1046588 nvme1n1 RS   1734171136 131072    1.816
23:06:38.309 VLLM::W        1046588 nvme1n1 RS   1734171392 131072    1.822
23:06:38.309 VLLM::W        1046586 nvme1n1 RS   1730763008 131072    1.885
23:06:38.309 VLLM::W        1046586 nvme1n1 RS   1730763264 131072    1.915
23:06:38.309 VLLM::W        1046586 nvme1n1 RS   1730762496 131072    1.980
23:06:38.309 VLLM::W        1046586 nvme1n1 RS   1730762752 131072    1.991
23:06:38.309 VLLM::W        1046587 nvme1n1 RS   1730771968 131072    1.992
23:06:38.309 VLLM::W        1046586 nvme1n1 RS   1730763520 131072    2.048
23:06:38.309 VLLM::W        1046587 nvme1n1 RS   1730772736 131072    2.103
23:06:38.309 VLLM::W        1046587 nvme1n1 RS   1730772224 131072    2.171
23:06:38.309 VLLM::W        1046587 nvme1n1 RS   1730772480 131072    2.176
23:06:38.309 VLLM::W        1046588 nvme1n1 RS   1734172160 131072    2.235
23:06:38.309 VLLM::W        1046588 nvme1n1 RS   1734172416 131072    2.239
23:06:38.309 VLLM::W        1046588 nvme1n1 RS   1734171648 131072    2.288
23:06:38.309 VLLM::W        1046588 nvme1n1 RS   1734171904 131072    2.293
23:06:38.309 VLLM::W        1046589 nvme1n1 RS   1730780416 131072    2.323
23:06:38.309 VLLM::W        1046589 nvme1n1 RS   1730780672 131072    2.367
23:06:38.309 VLLM::W        1046586 nvme1n1 RS   1730764032 131072    2.409
23:06:38.309 VLLM::W        1046589 nvme1n1 RS   1730780160 131072    2.471
23:06:38.309 VLLM::W        1046586 nvme1n1 RS   1730764288 131072    2.472
23:06:38.309 VLLM::W        1046586 nvme1n1 RS   1730763776 131072    2.559
23:06:38.309 VLLM::W        1046589 nvme1n1 RS   1730780928 131072    2.543
23:06:38.309 VLLM::W        1046586 nvme1n1 RS   1730764544 131072    2.584
23:06:38.309 VLLM::W        1046587 nvme1n1 RS   1734410240 131072    2.693
23:06:38.309 VLLM::W        1046589 nvme1n1 RS   1734139904 131072    2.770
23:06:38.310 VLLM::W        1046589 nvme1n1 RS   1734140160 131072    2.782
23:06:38.310 VLLM::W        1046586 nvme1n1 RS   1730842880 131072    2.798
23:06:38.310 VLLM::W        1046588 nvme1n1 RS   1734201344 131072    2.822
23:06:38.310 VLLM::W        1046588 nvme1n1 RS   1734201600 131072    2.840
23:06:38.310 VLLM::W        1046587 nvme1n1 RS   1734410496 131072    2.859
23:06:38.310 VLLM::W        1046586 nvme1n1 RS   1730842624 131072    2.874
23:06:38.310 VLLM::W        1046589 nvme1n1 RS   1734148096 131072    0.224
23:06:38.310 VLLM::W        1046589 nvme1n1 RS   1734148352 131072    0.263
23:06:38.310 VLLM::W        1046589 nvme1n1 RS   1734148608 131072    0.285
23:06:38.310 VLLM::W        1046589 nvme1n1 RS   1734148864 131072    0.291
23:06:38.310 VLLM::W        1046589 nvme1n1 RS   1734149120 131072    0.321
23:06:38.310 VLLM::W        1046589 nvme1n1 RS   1734149376 131072    0.353
23:06:38.310 VLLM::W        1046589 nvme1n1 RS   1734149632 131072    0.382
23:06:38.310 VLLM::W        1046588 nvme1n1 RS   721727744  131072    0.436
23:06:38.310 VLLM::W        1046588 nvme1n1 RS   721727488  131072    0.457
23:06:38.310 VLLM::W        1046588 nvme1n1 RS   721728000  131072    0.457
23:06:38.310 VLLM::W        1046589 nvme1n1 RS   1734149888 131072    0.505
23:06:38.310 VLLM::W        1046589 nvme1n1 RS   1734150400 131072    0.581
23:06:38.310 VLLM::W        1046588 nvme1n1 RS   721728256  131072    0.622
23:06:38.310 VLLM::W        1046589 nvme1n1 RS   1734150656 131072    0.625
23:06:38.310 VLLM::W        1046588 nvme1n1 RS   721728512  131072    0.695
23:06:38.310 VLLM::W        1046589 nvme1n1 RS   1734150144 131072    0.709
23:06:38.311 VLLM::W        1046588 nvme1n1 RS   721729024  131072    0.763
23:06:38.311 VLLM::W        1046589 nvme1n1 RS   1734150912 131072    0.773
23:06:38.311 VLLM::W        1046587 nvme1n1 RS   1734160384 131072    0.876
23:06:38.311 VLLM::W        1046587 nvme1n1 RS   1734160640 131072    0.893
23:06:38.311 VLLM::W        1046588 nvme1n1 RS   721728768  131072    0.907
23:06:38.311 VLLM::W        1046587 nvme1n1 RS   1734160896 131072    0.993
23:06:38.311 VLLM::W        1046587 nvme1n1 RS   1734161152 131072    1.003
23:06:38.311 VLLM::W        1046589 nvme1n1 RS   1734151680 131072    1.032
23:06:38.311 VLLM::W        1046589 nvme1n1 RS   1734151424 131072    1.047
23:06:38.311 VLLM::W        1046589 nvme1n1 RS   1734151168 131072    1.102
23:06:38.311 VLLM::W        1046587 nvme1n1 RS   1734161920 131072    1.132
23:06:38.311 VLLM::W        1046587 nvme1n1 RS   1734161408 131072    1.176
23:06:38.311 VLLM::W        1046587 nvme1n1 RS   1734161664 131072    1.202
23:06:38.311 VLLM::W        1046586 nvme1n1 RS   1734132224 131072    1.242
23:06:38.311 VLLM::W        1046586 nvme1n1 RS   1734132480 131072    1.316
23:06:38.311 VLLM::W        1046586 nvme1n1 RS   1734131712 131072    1.341
23:06:38.311 VLLM::W        1046586 nvme1n1 RS   1734131968 131072    1.350
23:06:38.311 VLLM::W        1046586 nvme1n1 RS   1734133248 131072    1.415
23:06:38.311 VLLM::W        1046586 nvme1n1 RS   1734132736 131072    1.441
23:06:38.311 VLLM::W        1046586 nvme1n1 RS   1734132992 131072    1.447
23:06:38.311 VLLM::W        1046589 nvme1n1 RS   1734185216 131072    1.519
23:06:38.311 VLLM::W        1046589 nvme1n1 RS   1734151936 131072    1.563
23:06:38.311 VLLM::W        1046589 nvme1n1 RS   1734184960 131072    1.568
23:06:38.311 VLLM::W        1046588 nvme1n1 RS   721729536  131072    1.604
23:06:38.311 VLLM::W        1046588 nvme1n1 RS   721729792  131072    1.620
23:06:38.311 VLLM::W        1046588 nvme1n1 RS   721729280  131072    1.641
23:06:38.312 VLLM::W        1046588 nvme1n1 RS   721730560  131072    1.692
23:06:38.312 VLLM::W        1046588 nvme1n1 RS   721730048  131072    1.740
23:06:38.312 VLLM::W        1046588 nvme1n1 RS   721730304  131072    1.746
23:06:38.312 VLLM::W        1046588 nvme1n1 RS   721730816  131072    1.755
23:06:38.312 VLLM::W        1046588 nvme1n1 RS   721731072  131072    1.770
23:06:38.312 VLLM::W        1046587 nvme1n1 RS   1734162176 131072    1.839
23:06:38.312 VLLM::W        1046587 nvme1n1 RS   1734162432 131072    1.867
23:06:38.312 VLLM::W        1046587 nvme1n1 RS   1734162944 131072    1.932
23:06:38.312 VLLM::W        1046587 nvme1n1 RS   1734162688 131072    1.943
23:06:38.312 VLLM::W        1046587 nvme1n1 RS   1734163200 131072    1.965
23:06:38.312 VLLM::W        1046586 nvme1n1 RS   1734133760 131072    2.009
23:06:38.312 VLLM::W        1046586 nvme1n1 RS   1734134016 131072    2.041
23:06:38.312 VLLM::W        1046586 nvme1n1 RS   1734134272 131072    2.079
23:06:38.312 VLLM::W        1046586 nvme1n1 RS   1734133504 131072    2.102
23:06:38.312 VLLM::W        1046586 nvme1n1 RS   1734134784 131072    2.139
23:06:38.312 VLLM::W        1046586 nvme1n1 RS   1734134528 131072    2.191
23:06:38.312 VLLM::W        1046586 nvme1n1 RS   1734135040 131072    2.205
23:06:38.312 VLLM::W        1046586 nvme1n1 RS   1734135296 131072    2.216
23:06:38.312 VLLM::W        1046587 nvme1n1 RS   1734163968 131072    2.335
23:06:38.312 VLLM::W        1046587 nvme1n1 RS   1734163712 131072    2.363
23:06:38.312 VLLM::W        1046587 nvme1n1 RS   1734163456 131072    2.375
23:06:38.312 VLLM::W        1046587 nvme1n1 RS   1734164224 131072    2.424
23:06:38.312 VLLM::W        1046587 nvme1n1 RS   1734189312 131072    2.438
23:06:38.312 VLLM::W        1046587 nvme1n1 RS   1734189056 131072    2.454
23:06:38.312 VLLM::W        1046588 nvme1n1 RS   721731328  131072    2.505
23:06:38.312 VLLM::W        1046588 nvme1n1 RS   721735936  131072    2.555
23:06:38.312 VLLM::W        1046588 nvme1n1 RS   721735680  131072    2.579
23:06:38.312 VLLM::W        1046586 nvme1n1 RS   1734135552 131072    2.569
23:06:38.313 VLLM::W        1046586 nvme1n1 RS   1734172672 131072    2.637
23:06:38.313 VLLM::W        1046586 nvme1n1 RS   1734172928 131072    2.642
23:06:38.313 VLLM::W        1046589 nvme1n1 RS   1734500608 131072    1.100
23:06:38.313 VLLM::W        1046589 nvme1n1 RS   1734500352 131072    1.128
23:06:38.313 VLLM::W        1046589 nvme1n1 RS   1734500864 131072    1.147
23:06:38.313 VLLM::W        1046589 nvme1n1 RS   1734501120 131072    1.172
23:06:38.313 VLLM::W        1046589 nvme1n1 RS   1734501376 131072    1.219
23:06:38.313 VLLM::W        1046589 nvme1n1 RS   1734501632 131072    1.236
23:06:38.313 VLLM::W        1046589 nvme1n1 RS   1734501888 131072    1.247
23:06:38.313 VLLM::W        1046589 nvme1n1 RS   1734502144 131072    1.266
23:06:38.313 VLLM::W        1046589 nvme1n1 RS   1734502400 131072    1.275
23:06:38.313 VLLM::W        1046589 nvme1n1 RS   1734502656 131072    1.339
23:06:38.313 VLLM::W        1046589 nvme1n1 RS   1734502912 131072    1.358
23:06:38.313 VLLM::W        1046589 nvme1n1 RS   1734503168 131072    1.368
23:06:38.313 VLLM::W        1046589 nvme1n1 RS   1734503424 131072    1.396
23:06:38.313 VLLM::W        1046589 nvme1n1 RS   1734503936 131072    1.469
23:06:38.313 VLLM::W        1046589 nvme1n1 RS   1734503680 131072    1.486
23:06:38.313 VLLM::W        1046589 nvme1n1 RS   1734504192 131072    1.523
23:06:38.313 VLLM::W        1046589 nvme1n1 RS   1734590464 131072    1.545
23:06:38.313 VLLM::W        1046589 nvme1n1 RS   1734590720 131072    1.550
23:06:38.313 VLLM::W        1046587 nvme1n1 RS   1734418432 131072    0.777
23:06:38.313 VLLM::W        1046587 nvme1n1 RS   1734418688 131072    0.801
23:06:38.313 VLLM::W        1046587 nvme1n1 RS   1734418944 131072    0.826
23:06:38.313 VLLM::W        1046587 nvme1n1 RS   1734419200 131072    0.880
23:06:38.313 VLLM::W        1046587 nvme1n1 RS   1734419456 131072    0.892
23:06:38.313 VLLM::W        1046587 nvme1n1 RS   1734419712 131072    0.928
23:06:38.313 VLLM::W        1046587 nvme1n1 RS   1734419968 131072    0.980
23:06:38.313 VLLM::W        1046587 nvme1n1 RS   1734420224 131072    0.944
23:06:38.314 VLLM::W        1046587 nvme1n1 RS   1734420480 131072    0.975
23:06:38.314 VLLM::W        1046587 nvme1n1 RS   1734420736 131072    1.007
23:06:38.314 VLLM::W        1046587 nvme1n1 RS   1734420992 131072    1.053
23:06:38.314 VLLM::W        1046587 nvme1n1 RS   1734421248 131072    1.147
23:06:38.314 VLLM::W        1046587 nvme1n1 RS   1734421504 131072    1.169
23:06:38.314 VLLM::W        1046587 nvme1n1 RS   1734421760 131072    1.174
23:06:38.314 VLLM::W        1046587 nvme1n1 RS   1734422016 131072    1.182
23:06:38.314 VLLM::W        1046587 nvme1n1 RS   1734566144 131072    1.257
23:06:38.314 VLLM::W        1046587 nvme1n1 RS   1734422272 131072    1.284
23:06:38.314 VLLM::W        1046587 nvme1n1 RS   1734565888 131072    1.295
23:06:38.314 VLLM::W        1046588 nvme1n1 RS   721895424  131072    1.409
23:06:38.314 VLLM::W        1046588 nvme1n1 RS   721895680  131072    1.410
23:06:38.314 VLLM::W        1046588 nvme1n1 RS   721896192  131072    1.422
23:06:38.314 VLLM::W        1046588 nvme1n1 RS   721895936  131072    1.438
23:06:38.314 VLLM::W        1046588 nvme1n1 RS   721896448  131072    1.453
23:06:38.314 VLLM::W        1046588 nvme1n1 RS   721896960  131072    1.561
23:06:38.314 VLLM::W        1046588 nvme1n1 RS   721896704  131072    1.569
23:06:38.314 VLLM::W        1046588 nvme1n1 RS   721897472  131072    1.518
23:06:38.314 VLLM::W        1046588 nvme1n1 RS   721897728  131072    1.545
23:06:38.314 VLLM::W        1046588 nvme1n1 RS   721897984  131072    1.583
23:06:38.314 VLLM::W        1046588 nvme1n1 RS   721897216  131072    1.611
23:06:38.314 VLLM::W        1046588 nvme1n1 RS   721898240  131072    1.613
23:06:38.314 VLLM::W        1046586 nvme1n1 RS   1734209792 131072    1.720
23:06:38.314 VLLM::W        1046586 nvme1n1 RS   1734210048 131072    1.735
23:06:38.314 VLLM::W        1046586 nvme1n1 RS   1734209536 131072    1.756
23:06:38.314 VLLM::W        1046588 nvme1n1 RS   721898752  131072    1.802
23:06:38.315 VLLM::W        1046588 nvme1n1 RS   721898496  131072    1.831
23:06:38.315 VLLM::W        1046588 nvme1n1 RS   721899008  131072    1.833
23:06:38.315 VLLM::W        1046586 nvme1n1 RS   1734210304 131072    1.878
23:06:38.315 VLLM::W        1046586 nvme1n1 RS   1734210560 131072    1.911
23:06:38.315 VLLM::W        1046586 nvme1n1 RS   1734210816 131072    1.945
23:06:38.315 VLLM::W        1046586 nvme1n1 RS   1734211072 131072    1.976
23:06:38.315 VLLM::W        1046588 nvme1n1 RS   721899264  131072    2.058
23:06:38.315 VLLM::W        1046588 nvme1n1 RS   844468224  131072    2.076
23:06:38.315 VLLM::W        1046588 nvme1n1 RS   844468480  131072    2.086
23:06:38.315 VLLM::W        1046586 nvme1n1 RS   1734211328 131072    2.088
23:06:38.315 VLLM::W        1046586 nvme1n1 RS   1734211840 131072    2.162
23:06:38.315 VLLM::W        1046586 nvme1n1 RS   1734212096 131072    2.173
23:06:38.315 VLLM::W        1046586 nvme1n1 RS   1734211584 131072    2.216
23:06:38.315 VLLM::W        1046586 nvme1n1 RS   1734212352 131072    2.280
23:06:38.315 VLLM::W        1046586 nvme1n1 RS   1734212608 131072    2.285
23:06:38.315 VLLM::W        1046586 nvme1n1 RS   1734213120 131072    2.321
23:06:38.315 VLLM::W        1046586 nvme1n1 RS   1734212864 131072    2.357
23:06:38.315 VLLM::W        1046586 nvme1n1 RS   1734213376 131072    2.352
23:06:38.315 VLLM::W        1046586 nvme1n1 RS   1734492160 131072    2.390
23:06:38.315 VLLM::W        1046586 nvme1n1 RS   1734492416 131072    2.418
23:06:38.315 VLLM::W        1046589 nvme1n1 RS   721891584  131072    1.951
23:06:38.315 VLLM::W        1046589 nvme1n1 RS   721891840  131072    1.980
23:06:38.315 VLLM::W        1046589 nvme1n1 RS   721891328  131072    2.017
23:06:38.315 VLLM::W        1046589 nvme1n1 RS   721892096  131072    2.039
23:06:38.315 VLLM::W        1046589 nvme1n1 RS   721892608  131072    2.105
23:06:38.315 VLLM::W        1046589 nvme1n1 RS   721892352  131072    2.132
23:06:38.315 VLLM::W        1046589 nvme1n1 RS   721892864  131072    2.150
23:06:38.316 VLLM::W        1046589 nvme1n1 RS   721893632  131072    2.195
23:06:38.316 VLLM::W        1046589 nvme1n1 RS   721893120  131072    2.227
23:06:38.316 VLLM::W        1046589 nvme1n1 RS   721893888  131072    2.237
23:06:38.316 VLLM::W        1046589 nvme1n1 RS   721893376  131072    2.257
23:06:38.316 VLLM::W        1046589 nvme1n1 RS   721894400  131072    2.288
23:06:38.316 VLLM::W        1046589 nvme1n1 RS   721894144  131072    2.357
23:06:38.316 VLLM::W        1046589 nvme1n1 RS   721894912  131072    2.368
23:06:38.316 VLLM::W        1046589 nvme1n1 RS   721895168  131072    2.368
23:06:38.316 VLLM::W        1046589 nvme1n1 RS   844451840  131072    2.414
23:06:38.316 VLLM::W        1046589 nvme1n1 RS   721894656  131072    2.444
23:06:38.316 VLLM::W        1046589 nvme1n1 RS   844452096  131072    2.490
23:06:38.316 VLLM::W        1046587 nvme1n1 RS   721883136  131072    1.898
23:06:38.316 VLLM::W        1046587 nvme1n1 RS   721883648  131072    1.935
23:06:38.316 VLLM::W        1046587 nvme1n1 RS   721883392  131072    1.951
23:06:38.316 VLLM::W        1046587 nvme1n1 RS   721884160  131072    2.009
23:06:38.316 VLLM::W        1046587 nvme1n1 RS   721883904  131072    2.041
23:06:38.316 VLLM::W        1046587 nvme1n1 RS   721884416  131072    2.070
23:06:38.316 VLLM::W        1046587 nvme1n1 RS   721884672  131072    2.081
23:06:38.316 VLLM::W        1046587 nvme1n1 RS   721885184  131072    2.108
23:06:38.316 VLLM::W        1046587 nvme1n1 RS   721884928  131072    2.122
23:06:38.316 VLLM::W        1046587 nvme1n1 RS   721885440  131072    2.154
23:06:38.316 VLLM::W        1046587 nvme1n1 RS   721885696  131072    2.164
23:06:38.316 VLLM::W        1046587 nvme1n1 RS   721885952  131072    2.193
23:06:38.316 VLLM::W        1046587 nvme1n1 RS   721886208  131072    2.224
23:06:38.316 VLLM::W        1046587 nvme1n1 RS   721886464  131072    2.258
23:06:38.316 VLLM::W        1046587 nvme1n1 RS   721886720  131072    2.289
23:06:38.317 VLLM::W        1046587 nvme1n1 RS   721886976  131072    2.376
23:06:38.317 VLLM::W        1046587 nvme1n1 RS   721911808  131072    2.398
23:06:38.317 VLLM::W        1046587 nvme1n1 RS   721912064  131072    2.404
23:06:38.317 VLLM::W        1046588 nvme1n1 RS   721903616  131072    1.669
23:06:38.317 VLLM::W        1046588 nvme1n1 RS   721903872  131072    1.669
23:06:38.317 VLLM::W        1046588 nvme1n1 RS   721904128  131072    1.666
23:06:38.317 VLLM::W        1046588 nvme1n1 RS   721904384  131072    1.682
23:06:38.317 VLLM::W        1046588 nvme1n1 RS   721904640  131072    1.739
23:06:38.317 VLLM::W        1046588 nvme1n1 RS   721904896  131072    1.749
23:06:38.317 VLLM::W        1046588 nvme1n1 RS   721905152  131072    1.824
23:06:38.317 VLLM::W        1046588 nvme1n1 RS   721905408  131072    1.801
23:06:38.317 VLLM::W        1046588 nvme1n1 RS   721905664  131072    1.820
23:06:38.317 VLLM::W        1046588 nvme1n1 RS   721905920  131072    1.829
23:06:38.317 VLLM::W        1046588 nvme1n1 RS   721906432  131072    1.907
23:06:38.317 VLLM::W        1046588 nvme1n1 RS   721906176  131072    1.923
23:06:38.317 VLLM::W        1046588 nvme1n1 RS   721906688  131072    1.950
23:06:38.317 VLLM::W        1046588 nvme1n1 RS   721906944  131072    1.974
23:06:38.317 VLLM::W        1046588 nvme1n1 RS   721907456  131072    2.019
23:06:38.317 VLLM::W        1046588 nvme1n1 RS   844476416  131072    2.052
23:06:38.317 VLLM::W        1046588 nvme1n1 RS   721907200  131072    2.084
23:06:38.317 VLLM::W        1046588 nvme1n1 RS   844476672  131072    2.122
23:06:38.317 VLLM::W        1046586 nvme1n1 RS   721764352  131072    1.910
23:06:38.317 VLLM::W        1046586 nvme1n1 RS   721764608  131072    1.933
23:06:38.317 VLLM::W        1046586 nvme1n1 RS   721765120  131072    1.988
23:06:38.317 VLLM::W        1046586 nvme1n1 RS   721765376  131072    2.004
23:06:38.317 VLLM::W        1046586 nvme1n1 RS   721764864  131072    2.025
23:06:38.317 VLLM::W        1046586 nvme1n1 RS   721765888  131072    2.065
23:06:38.318 VLLM::W        1046586 nvme1n1 RS   721766144  131072    2.065
23:06:38.318 VLLM::W        1046586 nvme1n1 RS   721766656  131072    2.125
23:06:38.318 VLLM::W        1046586 nvme1n1 RS   721765632  131072    2.206
23:06:38.318 VLLM::W        1046586 nvme1n1 RS   721766912  131072    2.169
23:06:38.318 VLLM::W        1046586 nvme1n1 RS   721767168  131072    2.180
23:06:38.318 VLLM::W        1046586 nvme1n1 RS   721766400  131072    2.221
23:06:38.318 VLLM::W        1046586 nvme1n1 RS   721767424  131072    2.238
23:06:38.318 VLLM::W        1046586 nvme1n1 RS   721767680  131072    2.268
23:06:38.318 VLLM::W        1046586 nvme1n1 RS   721767936  131072    2.300
23:06:38.318 VLLM::W        1046586 nvme1n1 RS   721768192  131072    2.318
23:06:38.318 VLLM::W        1046586 nvme1n1 RS   844460032  131072    2.375
23:06:38.318 VLLM::W        1046586 nvme1n1 RS   844460288  131072    2.386
23:06:38.318 VLLM::W        1046589 nvme1n1 RS   1735434496 131072    1.885
23:06:38.318 VLLM::W        1046589 nvme1n1 RS   1735434752 131072    1.905
23:06:38.318 VLLM::W        1046589 nvme1n1 RS   1735435008 131072    1.945
23:06:38.318 VLLM::W        1046589 nvme1n1 RS   1735434240 131072    1.973
23:06:38.318 VLLM::W        1046589 nvme1n1 RS   1735435520 131072    2.021
23:06:38.318 VLLM::W        1046589 nvme1n1 RS   1735435264 131072    2.057
23:06:38.318 VLLM::W        1046589 nvme1n1 RS   1735435776 131072    2.079
23:06:38.318 VLLM::W        1046589 nvme1n1 RS   1735436032 131072    2.053
23:06:38.318 VLLM::W        1046589 nvme1n1 RS   1735436288 131072    2.062
23:06:38.318 VLLM::W        1046589 nvme1n1 RS   1735436544 131072    2.097
23:06:38.318 VLLM::W        1046589 nvme1n1 RS   1735436800 131072    2.144
23:06:38.318 VLLM::W        1046589 nvme1n1 RS   1735437056 131072    2.155
23:06:38.318 VLLM::W        1046589 nvme1n1 RS   1735437312 131072    2.188
23:06:38.318 VLLM::W        1046589 nvme1n1 RS   1735437568 131072    2.231
23:06:38.318 VLLM::W        1046589 nvme1n1 RS   1735437824 131072    2.260
23:06:38.318 VLLM::W        1046589 nvme1n1 RS   1735438080 131072    2.277
23:06:38.318 VLLM::W        1046589 nvme1n1 RS   1739366400 131072    2.317
23:06:38.319 VLLM::W        1046589 nvme1n1 RS   1739366656 131072    2.348
23:06:38.319 VLLM::W        1046587 nvme1n1 RS   1739358464 131072    1.913
23:06:38.319 VLLM::W        1046587 nvme1n1 RS   1739358720 131072    1.951
23:06:38.319 VLLM::W        1046587 nvme1n1 RS   1739358208 131072    1.982
23:06:38.319 VLLM::W        1046587 nvme1n1 RS   1739358976 131072    1.995
23:06:38.319 VLLM::W        1046587 nvme1n1 RS   1739359232 131072    2.026
23:06:38.319 VLLM::W        1046587 nvme1n1 RS   1739359488 131072    2.100
23:06:38.319 VLLM::W        1046587 nvme1n1 RS   1739359744 131072    2.122
23:06:38.319 VLLM::W        1046587 nvme1n1 RS   1739360000 131072    2.099
23:06:38.319 VLLM::W        1046587 nvme1n1 RS   1739360256 131072    2.108
23:06:38.319 VLLM::W        1046587 nvme1n1 RS   1739360512 131072    2.142
23:06:38.319 VLLM::W        1046587 nvme1n1 RS   1739360768 131072    2.170
23:06:38.319 VLLM::W        1046587 nvme1n1 RS   1739361024 131072    2.206
23:06:38.319 VLLM::W        1046587 nvme1n1 RS   1739361280 131072    2.246
23:06:38.319 VLLM::W        1046587 nvme1n1 RS   1739361536 131072    2.300
23:06:38.319 VLLM::W        1046587 nvme1n1 RS   1739361792 131072    2.311
23:06:38.319 VLLM::W        1046587 nvme1n1 RS   1739362048 131072    2.333
23:06:38.319 VLLM::W        1046587 nvme1n1 RS   1739374592 131072    2.362
23:06:38.319 VLLM::W        1046587 nvme1n1 RS   1739374848 131072    2.396
23:06:38.319 VLLM::W        1046588 nvme1n1 RS   844501248  131072    1.920
23:06:38.319 VLLM::W        1046588 nvme1n1 RS   844500992  131072    1.928
23:06:38.319 VLLM::W        1046588 nvme1n1 RS   844501504  131072    1.941
23:06:38.319 VLLM::W        1046588 nvme1n1 RS   844501760  131072    1.975
23:06:38.319 VLLM::W        1046588 nvme1n1 RS   844502016  131072    2.002
23:06:38.319 VLLM::W        1046588 nvme1n1 RS   844502272  131072    2.023
23:06:38.319 VLLM::W        1046588 nvme1n1 RS   844502528  131072    2.052
23:06:38.320 VLLM::W        1046588 nvme1n1 RS   844502784  131072    2.023
23:06:38.320 VLLM::W        1046588 nvme1n1 RS   844503040  131072    2.051
23:06:38.320 VLLM::W        1046588 nvme1n1 RS   844503296  131072    2.088
23:06:38.320 VLLM::W        1046588 nvme1n1 RS   844503552  131072    2.129
23:06:38.320 VLLM::W        1046588 nvme1n1 RS   844503808  131072    2.162
23:06:38.320 VLLM::W        1046588 nvme1n1 RS   844504064  131072    2.190
23:06:38.320 VLLM::W        1046588 nvme1n1 RS   844504320  131072    2.220
23:06:38.320 VLLM::W        1046588 nvme1n1 RS   844504576  131072    2.249
23:06:38.320 VLLM::W        1046588 nvme1n1 RS   844504832  131072    2.278
23:06:38.320 VLLM::W        1046588 nvme1n1 RS   844509184  131072    2.317
23:06:38.320 VLLM::W        1046588 nvme1n1 RS   844509440  131072    2.328
23:06:38.320 VLLM::W        1046586 nvme1n1 RS   1735070208 131072    1.953
23:06:38.320 VLLM::W        1046586 nvme1n1 RS   1735069696 131072    1.978
23:06:38.320 VLLM::W        1046586 nvme1n1 RS   1735069952 131072    1.989
23:06:38.320 VLLM::W        1046586 nvme1n1 RS   1735070464 131072    1.996
23:06:38.320 VLLM::W        1046586 nvme1n1 RS   1735070720 131072    2.088
23:06:38.320 VLLM::W        1046586 nvme1n1 RS   1735070976 131072    2.110
23:06:38.320 VLLM::W        1046586 nvme1n1 RS   1735071232 131072    2.130
23:06:38.320 VLLM::W        1046586 nvme1n1 RS   1735071488 131072    2.107
23:06:38.320 VLLM::W        1046586 nvme1n1 RS   1735071744 131072    2.116
23:06:38.320 VLLM::W        1046586 nvme1n1 RS   1735072000 131072    2.143
23:06:38.320 VLLM::W        1046586 nvme1n1 RS   1735072256 131072    2.189
23:06:38.320 VLLM::W        1046586 nvme1n1 RS   1735072512 131072    2.230
23:06:38.320 VLLM::W        1046586 nvme1n1 RS   1735072768 131072    2.241
23:06:38.320 VLLM::W        1046586 nvme1n1 RS   1735073024 131072    2.283
23:06:38.320 VLLM::W        1046586 nvme1n1 RS   1735073280 131072    2.353
23:06:38.320 VLLM::W        1046586 nvme1n1 RS   1735073536 131072    2.351
23:06:38.321 VLLM::W        1046586 nvme1n1 RS   1735426048 131072    2.388
23:06:38.321 VLLM::W        1046586 nvme1n1 RS   1735426304 131072    2.398
23:06:38.321 VLLM::W        1046589 nvme1n1 RS   1739382784 131072    1.918
23:06:38.321 VLLM::W        1046589 nvme1n1 RS   1739383296 131072    1.963
23:06:38.321 VLLM::W        1046589 nvme1n1 RS   1739383040 131072    1.980
23:06:38.321 VLLM::W        1046589 nvme1n1 RS   1739383552 131072    2.030
23:06:38.321 VLLM::W        1046589 nvme1n1 RS   1739383808 131072    2.038
23:06:38.321 VLLM::W        1046589 nvme1n1 RS   1739384320 131072    2.128
23:06:38.321 VLLM::W        1046589 nvme1n1 RS   1739384064 131072    2.141
23:06:38.321 VLLM::W        1046589 nvme1n1 RS   1739384576 131072    2.103
23:06:38.321 VLLM::W        1046589 nvme1n1 RS   1739384832 131072    2.128
23:06:38.321 VLLM::W        1046589 nvme1n1 RS   1739385088 131072    2.157
23:06:38.321 VLLM::W        1046589 nvme1n1 RS   1739385344 131072    2.185
23:06:38.321 VLLM::W        1046589 nvme1n1 RS   1739385600 131072    2.219
23:06:38.321 VLLM::W        1046589 nvme1n1 RS   1739385856 131072    2.250
23:06:38.321 VLLM::W        1046589 nvme1n1 RS   1739386112 131072    2.278
23:06:38.321 VLLM::W        1046589 nvme1n1 RS   1739386368 131072    2.318
23:06:38.321 VLLM::W        1046589 nvme1n1 RS   1739386624 131072    2.340
23:06:38.321 VLLM::W        1046589 nvme1n1 RS   1739407360 131072    2.365
23:06:38.321 VLLM::W        1046589 nvme1n1 RS   1739407616 131072    2.404
23:06:38.321 VLLM::W        1046587 nvme1n1 RS   1739476992 131072    1.868
23:06:38.321 VLLM::W        1046587 nvme1n1 RS   1739477248 131072    1.900
23:06:38.321 VLLM::W        1046587 nvme1n1 RS   1739477504 131072    1.932
23:06:38.321 VLLM::W        1046587 nvme1n1 RS   1739477760 131072    1.974
23:06:38.321 VLLM::W        1046587 nvme1n1 RS   1739478016 131072    2.004
23:06:38.321 VLLM::W        1046587 nvme1n1 RS   1739478272 131072    2.054
23:06:38.321 VLLM::W        1046587 nvme1n1 RS   1739478528 131072    2.073
23:06:38.322 VLLM::W        1046587 nvme1n1 RS   1739479040 131072    2.094
23:06:38.322 VLLM::W        1046587 nvme1n1 RS   1739478784 131072    2.123
23:06:38.322 VLLM::W        1046587 nvme1n1 RS   1739479296 131072    2.135
23:06:38.322 VLLM::W        1046587 nvme1n1 RS   1739479552 131072    2.145
23:06:38.322 VLLM::W        1046587 nvme1n1 RS   1739479808 131072    2.182
23:06:38.322 VLLM::W        1046587 nvme1n1 RS   1739480064 131072    2.223
23:06:38.322 VLLM::W        1046587 nvme1n1 RS   1739480320 131072    2.253
23:06:38.322 VLLM::W        1046587 nvme1n1 RS   1739480576 131072    2.280
23:06:38.322 VLLM::W        1046587 nvme1n1 RS   1739522048 131072    2.357
23:06:38.322 VLLM::W        1046587 nvme1n1 RS   1739480832 131072    2.385
23:06:38.322 VLLM::W        1046587 nvme1n1 RS   1739522304 131072    2.392
23:06:38.322 VLLM::W        1046588 nvme1n1 RS   844521472  131072    1.925
23:06:38.322 VLLM::W        1046588 nvme1n1 RS   844521984  131072    1.922
23:06:38.322 VLLM::W        1046588 nvme1n1 RS   844522240  131072    1.949
23:06:38.322 VLLM::W        1046588 nvme1n1 RS   844521728  131072    1.981
23:06:38.322 VLLM::W        1046588 nvme1n1 RS   844522496  131072    2.026
23:06:38.322 VLLM::W        1046588 nvme1n1 RS   844522752  131072    2.048
23:06:38.322 VLLM::W        1046588 nvme1n1 RS   844523008  131072    2.059
23:06:38.322 VLLM::W        1046588 nvme1n1 RS   844523264  131072    2.046
23:06:38.322 VLLM::W        1046588 nvme1n1 RS   844523520  131072    2.070
23:06:38.322 VLLM::W        1046588 nvme1n1 RS   844523776  131072    2.103
23:06:38.322 VLLM::W        1046588 nvme1n1 RS   844524032  131072    2.149
23:06:38.322 VLLM::W        1046588 nvme1n1 RS   844524288  131072    2.153
23:06:38.322 VLLM::W        1046588 nvme1n1 RS   844524800  131072    2.257
23:06:38.322 VLLM::W        1046588 nvme1n1 RS   844525056  131072    2.274
23:06:38.322 VLLM::W        1046588 nvme1n1 RS   844524544  131072    2.296
23:06:38.322 VLLM::W        1046588 nvme1n1 RS   844525312  131072    2.291
23:06:38.323 VLLM::W        1046588 nvme1n1 RS   844529920  131072    2.338
23:06:38.323 VLLM::W        1046588 nvme1n1 RS   844529664  131072    2.425
23:06:38.323 VLLM::W        1046586 nvme1n1 RS   1739415552 131072    1.972
23:06:38.323 VLLM::W        1046586 nvme1n1 RS   1739416064 131072    1.983
23:06:38.323 VLLM::W        1046586 nvme1n1 RS   1739415808 131072    1.995
23:06:38.323 VLLM::W        1046586 nvme1n1 RS   1739416576 131072    2.030
23:06:38.323 VLLM::W        1046586 nvme1n1 RS   1739416832 131072    2.065
23:06:38.323 VLLM::W        1046586 nvme1n1 RS   1739416320 131072    2.084
23:06:38.323 VLLM::W        1046586 nvme1n1 RS   1739417088 131072    2.134
23:06:38.323 VLLM::W        1046586 nvme1n1 RS   1739417344 131072    2.095
23:06:38.323 VLLM::W        1046586 nvme1n1 RS   1739417600 131072    2.147
23:06:38.323 VLLM::W        1046586 nvme1n1 RS   1739417856 131072    2.174
23:06:38.323 VLLM::W        1046586 nvme1n1 RS   1739418112 131072    2.182
23:06:38.323 VLLM::W        1046586 nvme1n1 RS   1739418368 131072    2.217
23:06:38.323 VLLM::W        1046586 nvme1n1 RS   1739418624 131072    2.254
23:06:38.323 VLLM::W        1046586 nvme1n1 RS   1739418880 131072    2.288
23:06:38.323 VLLM::W        1046586 nvme1n1 RS   1739419136 131072    2.316
23:06:38.323 VLLM::W        1046586 nvme1n1 RS   1739419392 131072    2.344
23:06:38.323 VLLM::W        1046586 nvme1n1 RS   1739468800 131072    2.390
23:06:38.323 VLLM::W        1046586 nvme1n1 RS   1739469056 131072    2.400
23:06:38.323 VLLM::W        1046589 nvme1n1 RS   1739530240 131072    1.928
23:06:38.323 VLLM::W        1046589 nvme1n1 RS   1739530496 131072    1.957
23:06:38.323 VLLM::W        1046589 nvme1n1 RS   1739530752 131072    1.992
23:06:38.323 VLLM::W        1046589 nvme1n1 RS   1739531008 131072    2.019
23:06:38.323 VLLM::W        1046589 nvme1n1 RS   1739531264 131072    2.074
23:06:38.323 VLLM::W        1046589 nvme1n1 RS   1739531520 131072    2.084
23:06:38.323 VLLM::W        1046589 nvme1n1 RS   1739531776 131072    2.143
23:06:38.323 VLLM::W        1046589 nvme1n1 RS   1739532032 131072    2.102
23:06:38.324 VLLM::W        1046589 nvme1n1 RS   1739532288 131072    2.137
23:06:38.324 VLLM::W        1046589 nvme1n1 RS   1739532544 131072    2.174
23:06:38.324 VLLM::W        1046589 nvme1n1 RS   1739532800 131072    2.241
23:06:38.324 VLLM::W        1046589 nvme1n1 RS   1739533312 131072    2.270
23:06:38.324 VLLM::W        1046589 nvme1n1 RS   1739533568 131072    2.307
23:06:38.324 VLLM::W        1046589 nvme1n1 RS   1739533056 131072    2.326
23:06:38.324 VLLM::W        1046589 nvme1n1 RS   1739538432 131072    2.420
23:06:38.324 VLLM::W        1046589 nvme1n1 RS   1739533824 131072    2.453
23:06:38.324 VLLM::W        1046589 nvme1n1 RS   1739538688 131072    2.452
23:06:38.324 VLLM::W        1046589 nvme1n1 RS   1739534080 131072    2.467
23:06:38.324 VLLM::W        1046587 nvme1n1 RS   844570624  131072    1.932
23:06:38.324 VLLM::W        1046587 nvme1n1 RS   844571392  131072    1.983
23:06:38.324 VLLM::W        1046587 nvme1n1 RS   844570880  131072    2.046
23:06:38.324 VLLM::W        1046587 nvme1n1 RS   844571648  131072    2.056
23:06:38.324 VLLM::W        1046587 nvme1n1 RS   844571136  131072    2.104
23:06:38.324 VLLM::W        1046587 nvme1n1 RS   844571904  131072    2.104
23:06:38.324 VLLM::W        1046587 nvme1n1 RS   844572160  131072    2.119
23:06:38.324 VLLM::W        1046587 nvme1n1 RS   844572416  131072    2.126
23:06:38.324 VLLM::W        1046587 nvme1n1 RS   844572672  131072    2.163
23:06:38.324 VLLM::W        1046587 nvme1n1 RS   844572928  131072    2.168
23:06:38.324 VLLM::W        1046587 nvme1n1 RS   844573184  131072    2.194
23:06:38.324 VLLM::W        1046587 nvme1n1 RS   844573440  131072    2.256
23:06:38.324 VLLM::W        1046587 nvme1n1 RS   844573696  131072    2.267
23:06:38.324 VLLM::W        1046587 nvme1n1 RS   844573952  131072    2.294
23:06:38.324 VLLM::W        1046587 nvme1n1 RS   844574208  131072    2.319
23:06:38.324 VLLM::W        1046587 nvme1n1 RS   844574464  131072    2.357
23:06:38.325 VLLM::W        1046587 nvme1n1 RS   844582912  131072    2.390
23:06:38.325 VLLM::W        1046587 nvme1n1 RS   844583168  131072    2.420
23:06:38.325 VLLM::W        1046588 nvme1n1 RS   1739563008 131072    1.957
23:06:38.325 VLLM::W        1046588 nvme1n1 RS   1739563520 131072    1.956
23:06:38.325 VLLM::W        1046588 nvme1n1 RS   1739563264 131072    1.974
23:06:38.325 VLLM::W        1046588 nvme1n1 RS   1739563776 131072    1.967
23:06:38.325 VLLM::W        1046588 nvme1n1 RS   1739564288 131072    1.966
23:06:38.325 VLLM::W        1046588 nvme1n1 RS   1739564032 131072    2.028
23:06:38.325 VLLM::W        1046588 nvme1n1 RS   1739565056 131072    2.007
23:06:38.325 VLLM::W        1046588 nvme1n1 RS   1739564544 131072    2.102
23:06:38.325 VLLM::W        1046588 nvme1n1 RS   1739564800 131072    2.061
23:06:38.325 VLLM::W        1046588 nvme1n1 RS   1739565568 131072    2.123
23:06:38.325 VLLM::W        1046588 nvme1n1 RS   1739565824 131072    2.135
23:06:38.325 VLLM::W        1046588 nvme1n1 RS   1739565312 131072    2.162
23:06:38.325 VLLM::W        1046588 nvme1n1 RS   1739566080 131072    2.166
23:06:38.325 VLLM::W        1046588 nvme1n1 RS   1739566336 131072    2.209
23:06:38.325 VLLM::W        1046588 nvme1n1 RS   1739566592 131072    2.239
23:06:38.325 VLLM::W        1046588 nvme1n1 RS   1739566848 131072    2.259
23:06:38.325 VLLM::W        1046588 nvme1n1 RS   1739571200 131072    2.285
23:06:38.325 VLLM::W        1046588 nvme1n1 RS   1739571456 131072    2.310
23:06:38.325 VLLM::W        1046586 nvme1n1 RS   844546048  131072    1.898
23:06:38.325 VLLM::W        1046586 nvme1n1 RS   844546304  131072    1.930
23:06:38.325 VLLM::W        1046586 nvme1n1 RS   844546560  131072    1.972
23:06:38.325 VLLM::W        1046586 nvme1n1 RS   844546816  131072    1.998
23:06:38.325 VLLM::W        1046586 nvme1n1 RS   844547072  131072    2.037
23:06:38.325 VLLM::W        1046586 nvme1n1 RS   844547328  131072    2.083
23:06:38.325 VLLM::W        1046586 nvme1n1 RS   844547584  131072    2.099
23:06:38.326 VLLM::W        1046586 nvme1n1 RS   844547840  131072    2.116
23:06:38.326 VLLM::W        1046586 nvme1n1 RS   844548096  131072    2.126
23:06:38.326 VLLM::W        1046586 nvme1n1 RS   844548352  131072    2.159
23:06:38.326 VLLM::W        1046586 nvme1n1 RS   844548608  131072    2.191
23:06:38.326 VLLM::W        1046586 nvme1n1 RS   844548864  131072    2.219
23:06:38.326 VLLM::W        1046586 nvme1n1 RS   844549120  131072    2.252
23:06:38.326 VLLM::W        1046586 nvme1n1 RS   844549376  131072    2.292
23:06:38.326 VLLM::W        1046586 nvme1n1 RS   844549632  131072    2.325
23:06:38.326 VLLM::W        1046586 nvme1n1 RS   844549888  131072    2.395
23:06:38.326 VLLM::W        1046586 nvme1n1 RS   844562432  131072    2.406
23:06:38.326 VLLM::W        1046586 nvme1n1 RS   844562688  131072    2.417
23:06:38.326 VLLM::W        1046589 nvme1n1 RS   312770560  131072    1.863
23:06:38.326 VLLM::W        1046589 nvme1n1 RS   312770816  131072    1.889
23:06:38.326 VLLM::W        1046589 nvme1n1 RS   312771072  131072    1.925
23:06:38.326 VLLM::W        1046589 nvme1n1 RS   312771584  131072    1.993
23:06:38.326 VLLM::W        1046589 nvme1n1 RS   312771328  131072    2.044
23:06:38.326 VLLM::W        1046589 nvme1n1 RS   312771840  131072    2.058
23:06:38.326 VLLM::W        1046589 nvme1n1 RS   312772352  131072    2.051
23:06:38.326 VLLM::W        1046589 nvme1n1 RS   312772096  131072    2.120
23:06:38.326 VLLM::W        1046589 nvme1n1 RS   312772608  131072    2.081
23:06:38.326 VLLM::W        1046589 nvme1n1 RS   312772864  131072    2.115
23:06:38.326 VLLM::W        1046589 nvme1n1 RS   312773120  131072    2.144
23:06:38.326 VLLM::W        1046589 nvme1n1 RS   312773376  131072    2.177
23:06:38.326 VLLM::W        1046589 nvme1n1 RS   312773632  131072    2.221
23:06:38.326 VLLM::W        1046589 nvme1n1 RS   312774144  131072    2.278
23:06:38.326 VLLM::W        1046589 nvme1n1 RS   312773888  131072    2.294
23:06:38.327 VLLM::W        1046589 nvme1n1 RS   312774400  131072    2.348
23:06:38.327 VLLM::W        1046589 nvme1n1 RS   312774656  131072    2.366
23:06:38.327 VLLM::W        1046589 nvme1n1 RS   312774912  131072    2.377
23:06:38.327 VLLM::W        1046587 nvme1n1 RS   1675816960 131072    1.902
23:06:38.327 VLLM::W        1046587 nvme1n1 RS   1675817216 131072    1.924
23:06:38.327 VLLM::W        1046587 nvme1n1 RS   1675817472 131072    1.970
23:06:38.327 VLLM::W        1046587 nvme1n1 RS   1675817728 131072    2.000
23:06:38.327 VLLM::W        1046587 nvme1n1 RS   1675817984 131072    2.035
23:06:38.327 VLLM::W        1046587 nvme1n1 RS   1675818240 131072    2.070
23:06:38.327 VLLM::W        1046587 nvme1n1 RS   1675818752 131072    2.095
23:06:38.327 VLLM::W        1046587 nvme1n1 RS   1675818496 131072    2.178
23:06:38.327 VLLM::W        1046587 nvme1n1 RS   1675819008 131072    2.135
23:06:38.327 VLLM::W        1046587 nvme1n1 RS   1675819264 131072    2.186
23:06:38.327 VLLM::W        1046587 nvme1n1 RS   1675819520 131072    2.205
23:06:38.327 VLLM::W        1046587 nvme1n1 RS   1675819776 131072    2.214
23:06:38.327 VLLM::W        1046587 nvme1n1 RS   1675820032 131072    2.249
23:06:38.327 VLLM::W        1046587 nvme1n1 RS   1675820288 131072    2.304
23:06:38.327 VLLM::W        1046587 nvme1n1 RS   1675820544 131072    2.315
23:06:38.327 VLLM::W        1046587 nvme1n1 RS   1675820800 131072    2.369
23:06:38.327 VLLM::W        1046587 nvme1n1 RS   1675825152 131072    2.405
23:06:38.327 VLLM::W        1046587 nvme1n1 RS   1675825408 131072    2.437
23:06:38.327 VLLM::W        1046588 nvme1n1 RS   1675800576 131072    1.975
23:06:38.327 VLLM::W        1046588 nvme1n1 RS   1675800832 131072    1.975
23:06:38.327 VLLM::W        1046588 nvme1n1 RS   1675801088 131072    1.973
23:06:38.327 VLLM::W        1046588 nvme1n1 RS   1675801344 131072    1.976
23:06:38.327 VLLM::W        1046588 nvme1n1 RS   1675801600 131072    2.008
23:06:38.327 VLLM::W        1046588 nvme1n1 RS   1675801856 131072    2.055
23:06:38.327 VLLM::W        1046588 nvme1n1 RS   1675802112 131072    2.067
23:06:38.328 VLLM::W        1046588 nvme1n1 RS   1675802368 131072    2.082
23:06:38.328 VLLM::W        1046588 nvme1n1 RS   1675802624 131072    2.093
23:06:38.328 VLLM::W        1046588 nvme1n1 RS   1675802880 131072    2.126
23:06:38.328 VLLM::W        1046588 nvme1n1 RS   1675803136 131072    2.153
23:06:38.328 VLLM::W        1046588 nvme1n1 RS   1675803392 131072    2.185
23:06:38.328 VLLM::W        1046588 nvme1n1 RS   1675803648 131072    2.221
23:06:38.328 VLLM::W        1046588 nvme1n1 RS   1675803904 131072    2.264
23:06:38.328 VLLM::W        1046588 nvme1n1 RS   1675804160 131072    2.274
23:06:38.328 VLLM::W        1046588 nvme1n1 RS   1675804416 131072    2.368
23:06:38.328 VLLM::W        1046588 nvme1n1 RS   1675813120 131072    2.387
23:06:38.328 VLLM::W        1046588 nvme1n1 RS   1675812864 131072    2.398
23:06:38.328 VLLM::W        1046586 nvme1n1 RS   1675796736 131072    1.970
23:06:38.328 VLLM::W        1046586 nvme1n1 RS   1675796480 131072    1.987
23:06:38.328 VLLM::W        1046586 nvme1n1 RS   1675796992 131072    1.994
23:06:38.328 VLLM::W        1046586 nvme1n1 RS   1675797248 131072    2.113
23:06:38.328 VLLM::W        1046586 nvme1n1 RS   1675798016 131072    2.114
23:06:38.328 VLLM::W        1046586 nvme1n1 RS   1675797504 131072    2.130
23:06:38.328 VLLM::W        1046586 nvme1n1 RS   1675797760 131072    2.201
23:06:38.328 VLLM::W        1046586 nvme1n1 RS   1675798784 131072    2.158
23:06:38.328 VLLM::W        1046586 nvme1n1 RS   1675798528 131072    2.187
23:06:38.328 VLLM::W        1046586 nvme1n1 RS   1675798272 131072    2.198
23:06:38.328 VLLM::W        1046586 nvme1n1 RS   1675799296 131072    2.233
23:06:38.328 VLLM::W        1046586 nvme1n1 RS   1675799040 131072    2.250
23:06:38.328 VLLM::W        1046586 nvme1n1 RS   1675800064 131072    2.315
23:06:38.328 VLLM::W        1046586 nvme1n1 RS   1675799552 131072    2.340
23:06:38.328 VLLM::W        1046586 nvme1n1 RS   1675799808 131072    2.346
23:06:38.329 VLLM::W        1046586 nvme1n1 RS   1675804672 131072    2.390
23:06:38.329 VLLM::W        1046586 nvme1n1 RS   1675800320 131072    2.408
23:06:38.329 VLLM::W        1046586 nvme1n1 RS   1675804928 131072    2.417
23:06:38.329 VLLM::W        1046589 nvme1n1 RS   1675829248 131072    1.949
23:06:38.329 VLLM::W        1046589 nvme1n1 RS   1675829504 131072    1.957
23:06:38.329 VLLM::W        1046589 nvme1n1 RS   1675829760 131072    2.029
23:06:38.329 VLLM::W        1046589 nvme1n1 RS   1675830016 131072    2.056
23:06:38.329 VLLM::W        1046589 nvme1n1 RS   1675830272 131072    2.081
23:06:38.329 VLLM::W        1046589 nvme1n1 RS   1675830528 131072    2.091
23:06:38.329 VLLM::W        1046589 nvme1n1 RS   1675830784 131072    2.144
23:06:38.329 VLLM::W        1046589 nvme1n1 RS   1675831040 131072    2.120
23:06:38.329 VLLM::W        1046589 nvme1n1 RS   1675831296 131072    2.130
23:06:38.329 VLLM::W        1046589 nvme1n1 RS   1675831552 131072    2.180
23:06:38.329 VLLM::W        1046589 nvme1n1 RS   1675831808 131072    2.211
23:06:38.329 VLLM::W        1046589 nvme1n1 RS   1675832064 131072    2.245
23:06:38.329 VLLM::W        1046589 nvme1n1 RS   1675832320 131072    2.280
23:06:38.329 VLLM::W        1046589 nvme1n1 RS   1675832576 131072    2.313
23:06:38.329 VLLM::W        1046589 nvme1n1 RS   1675832832 131072    2.341
23:06:38.329 VLLM::W        1046589 nvme1n1 RS   1675833088 131072    2.369
23:06:38.329 VLLM::W        1046589 nvme1n1 RS   1675837440 131072    2.407
23:06:38.329 VLLM::W        1046589 nvme1n1 RS   1675837696 131072    2.446
23:06:38.329 VLLM::W        1046587 nvme1n1 RS   39534848   131072    1.905
23:06:38.329 VLLM::W        1046587 nvme1n1 RS   39535104   131072    1.952
23:06:38.329 VLLM::W        1046587 nvme1n1 RS   39534592   131072    1.976
23:06:38.329 VLLM::W        1046587 nvme1n1 RS   39535360   131072    1.963
23:06:38.329 VLLM::W        1046587 nvme1n1 RS   39535872   131072    2.045
23:06:38.329 VLLM::W        1046587 nvme1n1 RS   39535616   131072    2.068
23:06:38.329 VLLM::W        1046587 nvme1n1 RS   39536128   131072    2.075
23:06:38.330 VLLM::W        1046587 nvme1n1 RS   39536384   131072    2.074
23:06:38.330 VLLM::W        1046587 nvme1n1 RS   39536640   131072    2.100
23:06:38.330 VLLM::W        1046587 nvme1n1 RS   39537152   131072    2.170
23:06:38.330 VLLM::W        1046587 nvme1n1 RS   39536896   131072    2.198
23:06:38.330 VLLM::W        1046587 nvme1n1 RS   39537408   131072    2.200
23:06:38.330 VLLM::W        1046587 nvme1n1 RS   39537664   131072    2.227
23:06:38.330 VLLM::W        1046587 nvme1n1 RS   39538176   131072    2.304
23:06:38.330 VLLM::W        1046587 nvme1n1 RS   39537920   131072    2.320
23:06:38.330 VLLM::W        1046587 nvme1n1 RS   39538432   131072    2.350
23:06:38.330 VLLM::W        1046587 nvme1n1 RS   39538944   131072    2.381
23:06:38.330 VLLM::W        1046587 nvme1n1 RS   39538688   131072    2.451
23:06:38.330 VLLM::W        1046588 nvme1n1 RS   1675809024 131072    1.925
23:06:38.330 VLLM::W        1046588 nvme1n1 RS   1675809280 131072    1.926
23:06:38.330 VLLM::W        1046588 nvme1n1 RS   1675808768 131072    1.946
23:06:38.330 VLLM::W        1046588 nvme1n1 RS   1675809536 131072    1.998
23:06:38.330 VLLM::W        1046588 nvme1n1 RS   1675809792 131072    2.014
23:06:38.330 VLLM::W        1046588 nvme1n1 RS   1675810048 131072    2.041
23:06:38.330 VLLM::W        1046588 nvme1n1 RS   1675810304 131072    2.074
23:06:38.330 VLLM::W        1046588 nvme1n1 RS   1675810560 131072    2.045
23:06:38.330 VLLM::W        1046588 nvme1n1 RS   1675810816 131072    2.056
23:06:38.330 VLLM::W        1046588 nvme1n1 RS   1675811072 131072    2.095
23:06:38.330 VLLM::W        1046588 nvme1n1 RS   1675811328 131072    2.122
23:06:38.330 VLLM::W        1046588 nvme1n1 RS   1675811584 131072    2.160
23:06:38.330 VLLM::W        1046588 nvme1n1 RS   1675811840 131072    2.193
23:06:38.330 VLLM::W        1046588 nvme1n1 RS   1675812096 131072    2.222
23:06:38.330 VLLM::W        1046588 nvme1n1 RS   1675812352 131072    2.255
23:06:38.331 VLLM::W        1046588 nvme1n1 RS   1675812608 131072    2.311
23:06:38.331 VLLM::W        1046588 nvme1n1 RS   1675821056 131072    2.329
23:06:38.331 VLLM::W        1046588 nvme1n1 RS   1675821312 131072    2.340
23:06:38.331 VLLM::W        1046586 nvme1n1 RS   1675833600 131072    1.923
23:06:38.331 VLLM::W        1046586 nvme1n1 RS   1675833344 131072    1.938
23:06:38.331 VLLM::W        1046586 nvme1n1 RS   1675833856 131072    1.963
23:06:38.331 VLLM::W        1046586 nvme1n1 RS   1675834112 131072    2.011
23:06:38.331 VLLM::W        1046586 nvme1n1 RS   1675834368 131072    2.021
23:06:38.331 VLLM::W        1046586 nvme1n1 RS   1675834880 131072    2.101
23:06:38.331 VLLM::W        1046586 nvme1n1 RS   1675834624 131072    2.113
23:06:38.331 VLLM::W        1046586 nvme1n1 RS   1675835648 131072    2.135
23:06:38.331 VLLM::W        1046586 nvme1n1 RS   1675835904 131072    2.184
23:06:38.331 VLLM::W        1046586 nvme1n1 RS   1675835136 131072    2.214
23:06:38.331 VLLM::W        1046586 nvme1n1 RS   1675835392 131072    2.234
23:06:38.331 VLLM::W        1046586 nvme1n1 RS   1675836160 131072    2.249
23:06:38.331 VLLM::W        1046586 nvme1n1 RS   1675836416 131072    2.260
23:06:38.331 VLLM::W        1046586 nvme1n1 RS   1675836672 131072    2.288
23:06:38.331 VLLM::W        1046586 nvme1n1 RS   1675836928 131072    2.313
23:06:38.331 VLLM::W        1046586 nvme1n1 RS   1675837184 131072    2.381
23:06:38.331 VLLM::W        1046586 nvme1n1 RS   1675841536 131072    2.391
23:06:38.331 VLLM::W        1046589 nvme1n1 RS   1675417600 131072    1.863
23:06:38.331 VLLM::W        1046586 nvme1n1 RS   1675841792 131072    2.472
23:06:38.331 VLLM::W        1046589 nvme1n1 RS   1675417856 131072    1.891
23:06:38.331 VLLM::W        1046589 nvme1n1 RS   1675418112 131072    1.919
23:06:38.331 VLLM::W        1046589 nvme1n1 RS   1675418368 131072    1.949
23:06:38.331 VLLM::W        1046589 nvme1n1 RS   1675418624 131072    1.988
23:06:38.331 VLLM::W        1046589 nvme1n1 RS   1675418880 131072    2.017
23:06:38.331 VLLM::W        1046589 nvme1n1 RS   1675419136 131072    2.062
23:06:38.331 VLLM::W        1046589 nvme1n1 RS   1675419392 77824     2.077
23:06:38.332 VLLM::W        1046587 nvme1n1 RS   1719375872 131072    1.452
23:06:38.332 VLLM::W        1046587 nvme1n1 RS   1719376128 131072    1.461
23:06:38.332 VLLM::W        1046587 nvme1n1 RS   1719376384 131072    1.485
23:06:38.332 VLLM::W        1046587 nvme1n1 RS   1719376640 131072    1.546
23:06:38.332 VLLM::W        1046587 nvme1n1 RS   1719376896 131072    1.563
23:06:38.332 VLLM::W        1046587 nvme1n1 RS   1719377152 131072    1.572
23:06:38.332 VLLM::W        1046587 nvme1n1 RS   1719377408 131072    1.614
23:06:38.332 VLLM::W        1046587 nvme1n1 RS   1719377664 77824     1.617
23:06:38.332 VLLM::W        1046588 nvme1n1 RS   1719363840 131072    1.091
23:06:38.332 VLLM::W        1046588 nvme1n1 RS   1719363584 131072    1.106
23:06:38.332 VLLM::W        1046588 nvme1n1 RS   1719364096 131072    1.152
23:06:38.332 VLLM::W        1046588 nvme1n1 RS   1719364352 131072    1.176
23:06:38.332 VLLM::W        1046588 nvme1n1 RS   1719364608 131072    1.187
23:06:38.332 VLLM::W        1046588 nvme1n1 RS   1719364864 131072    1.214
23:06:38.332 VLLM::W        1046588 nvme1n1 RS   1719365120 131072    1.253
23:06:38.332 VLLM::W        1046588 nvme1n1 RS   1719365376 77824     1.271
23:06:38.332 VLLM::W        1046586 nvme1n1 RS   1719384064 131072    0.623
23:06:38.332 VLLM::W        1046586 nvme1n1 RS   1719384320 131072    0.646
23:06:38.332 VLLM::W        1046586 nvme1n1 RS   1719384576 131072    0.682
23:06:38.332 VLLM::W        1046586 nvme1n1 RS   1719384832 131072    0.723
23:06:38.332 VLLM::W        1046586 nvme1n1 RS   1719385088 131072    0.776
23:06:38.332 VLLM::W        1046586 nvme1n1 RS   1719385344 131072    0.787
23:06:38.332 VLLM::W        1046586 nvme1n1 RS   1719385600 131072    0.821
23:06:38.332 VLLM::W        1046586 nvme1n1 RS   1719385856 77824     0.826
23:06:38.520 nvme           1322592 Unknown N    -1         512       0.034
23:06:38.714 ib_log_        125924  nvme1n1 WS   1757454744 4096      0.050
23:06:39.522 nvme           1322607 Unknown N    -1         512       0.037
23:06:39.694 journal        229470  nvme0n1 WS   7337984    4096      0.790
23:06:39.694 journal        229470  nvme0n1 WS   8128528    4096      0.811
23:06:39.694 journal        229470  nvme0n1 WS   8128608    8192      0.812
23:06:39.694 journal        229470  nvme0n1 WS   8128760    49152     0.967
23:06:39.694 journal        229470  nvme0n1 WS   8128920    114688    1.077
23:06:39.695 journal        229470  nvme0n1 WS   8129784    262144    1.910
23:06:39.695 journal        229470  nvme0n1 WS   8129272    262144    2.326
23:06:39.695 journal        229470  nvme0n1 WS   8130808    262144    2.672
23:06:39.695 journal        229470  nvme0n1 WS   8130296    262144    2.773
23:06:39.696 journal        229470  nvme0n1 WS   8131832    262144    3.251
23:06:39.696 journal        229470  nvme0n1 WS   8133112    262144    3.553
23:06:39.696 journal        229470  nvme0n1 WS   8131320    262144    3.606
23:06:39.697 journal        229470  nvme0n1 WS   8134136    262144    4.100
23:06:39.697 journal        229470  nvme0n1 WS   8132600    262144    4.529
23:06:39.698 journal        229470  nvme0n1 WS   8133624    262144    5.045
23:06:39.698 journal        229470  nvme0n1 WS   8135160    262144    2.477
23:06:39.699 journal        229470  nvme0n1 WS   8137208    131072    3.461
23:06:39.700 journal        229470  nvme0n1 WS   8134648    262144    7.150
23:06:39.701 journal        229470  nvme0n1 WS   8136440    131072    4.757
23:06:39.701 journal        229470  nvme0n1 WS   8138232    131072    5.163
23:06:39.702 journal        229470  nvme0n1 WS   8140024    131072    5.654
23:06:39.702 journal        229470  nvme0n1 WS   8135672    262144    6.181
23:06:39.703 journal        229470  nvme0n1 WS   8137720    131072    6.954
23:06:39.703 journal        229470  nvme0n1 WS   8138744    131072    7.328
23:06:39.704 journal        229470  nvme0n1 WS   36023200   4096      2.297
23:06:39.704 journal        229470  nvme0n1 WS   36025096   4096      2.343
23:06:39.704 journal        229470  nvme0n1 WS   8143672    16384     2.599
23:06:39.704 journal        229470  nvme0n1 WS   8141816    131072    8.034
23:06:39.705 journal        229470  nvme0n1 WS   8144376    131072    3.101
23:06:39.705 journal        229470  nvme0n1 WS   36017280   131072    3.472
23:06:39.705 journal        229470  nvme0n1 WS   36018496   16384     3.498
23:06:39.706 journal        229470  nvme0n1 WS   36020224   131072    4.361
23:06:39.706 journal        229470  nvme0n1 WS   36023392   16384     4.557
23:06:39.706 journal        229470  nvme0n1 WS   8142840    262144    9.974
23:06:39.707 journal        229470  nvme0n1 WS   36022528   262144    5.403
23:06:39.708 journal        229470  nvme0n1 WS   36024576   262144    6.276
23:06:39.709 journal        229470  nvme0n1 WS   36025176   4096      3.457
23:06:39.709 journal        229470  nvme0n1 WS   36025280   16384     3.482
23:06:39.709 journal        229470  nvme0n1 WS   36025472   196608    3.743
23:06:39.709 journal        229470  nvme0n1 WS   36027136   131072    4.226
23:06:39.710 journal        229470  nvme0n1 WS   36028416   131072    4.740
23:06:39.710 journal        229470  nvme0n1 WS   36029440   131072    5.211
23:06:39.711 journal        229470  nvme0n1 WS   36029952   131072    5.701
23:06:39.711 journal        229470  nvme0n1 WS   36161920   65536     6.141
23:06:39.711 journal        229470  nvme0n1 WS   36162176   65536     6.276
23:06:39.712 journal        229470  nvme0n1 WS   36162816   131072    6.511
23:06:39.713 journal        229470  nvme0n1 WS   36164616   4096      2.491
23:06:39.713 journal        229470  nvme0n1 WS   36167056   8192      2.607
23:06:39.713 journal        229470  nvme0n1 WS   36167496   4096      2.687
23:06:39.713 journal        229470  nvme0n1 WS   36167944   4096      2.812
23:06:39.713 journal        229470  nvme0n1 WS   36164096   262144    3.049
23:06:39.713 journal        229470  nvme0n1 WS   36164832   16384     2.930
23:06:39.714 journal        229470  nvme0n1 WS   36165632   131072    3.801
23:06:39.714 journal        229470  nvme0n1 WS   36166400   131072    4.262
23:06:39.715 journal        229470  nvme0n1 WS   36168384   32768     4.666
23:06:39.715 journal        229470  nvme0n1 WS   36169088   262144    4.906
23:06:39.716 journal        229470  nvme0n1 WS   36163328   262144   10.479
23:06:39.716 journal        229470  nvme0n1 WS   36169768   4096      2.898
23:06:39.716 journal        229470  nvme0n1 WS   36169816   4096      2.947
23:06:39.716 journal        229470  nvme0n1 WS   36169880   4096      2.995
23:06:39.716 journal        229470  nvme0n1 WS   36169600   65536     3.101
23:06:39.716 journal        229470  nvme0n1 WS   36171008   131072    3.303
23:06:39.717 journal        229470  nvme0n1 WS   36172288   131072    3.762
23:06:39.718 journal        229470  nvme0n1 WS   36173056   262144    4.381
23:06:39.718 journal        229470  nvme0n1 WS   36174080   16384     4.411
23:06:39.719 journal        229470  nvme0n1 WS   36174336   65536     5.653
23:06:39.719 journal        229470  nvme0n1 WS   36175168   262144    5.844
23:06:39.720 journal        229470  nvme0n1 WS   36176920   4096      3.204
23:06:39.720 journal        229470  nvme0n1 WS   36309088   4096      3.200
23:06:39.720 journal        229470  nvme0n1 WS   36309136   4096      3.255
23:06:39.720 journal        229470  nvme0n1 WS   36309032   4096      3.358
23:06:39.720 journal        229470  nvme0n1 WS   36175680   98304     3.541
23:06:39.721 journal        229470  nvme0n1 WS   36177152   16384     3.873
23:06:39.721 journal        229470  nvme0n1 WS   36177024   16384     3.960
23:06:39.721 journal        229470  nvme0n1 WS   36177280   65536     4.115
23:06:39.721 journal        229470  nvme0n1 WS   36176384   262144    4.286
23:06:39.722 journal        229470  nvme0n1 WS   36177536   196608    5.156
23:06:39.722 journal        229470  nvme0n1 WS   36173568   135168    9.122
23:06:39.722 journal        229470  nvme0n1 WS   36309232   4096      2.084
23:06:39.722 journal        229470  nvme0n1 WS   36309184   4096      2.151
23:06:39.722 journal        229470  nvme0n1 WS   36309280   4096      2.192
23:06:39.723 journal        229470  nvme0n1 WS   36309328   4096      2.288
23:06:39.723 journal        229470  nvme0n1 WS   36309384   4096      2.348
23:06:39.723 journal        229470  nvme0n1 WS   36309560   4096      2.406
23:06:39.723 journal        229470  nvme0n1 WS   36310288   4096      2.431
23:06:39.723 journal        229470  nvme0n1 WS   36310432   4096      2.521
23:06:39.723 journal        229470  nvme0n1 WS   36310584   4096      2.573
23:06:39.724 journal        229470  nvme0n1 WS   36309824   229376    3.592
23:06:39.724 journal        229470  nvme0n1 WS   36310880   4096      1.155
23:06:39.724 journal        229470  nvme0n1 WS   36317632   4096      1.149
23:06:39.724 journal        229470  nvme0n1 WS   36310728   4096      1.164
23:06:39.724 journal        229470  nvme0n1 WS   36311024   4096      1.238
23:06:39.724 journal        229470  nvme0n1 WS   36317608   8192      1.279
23:06:39.724 journal        229470  nvme0n1 WS   36313344   131072    1.453
23:06:39.725 journal        229470  nvme0n1 WS   36315136   131072    1.949
23:06:39.725 journal        229470  nvme0n1 WS   36314112   262144    2.320
23:06:39.726 journal        229470  nvme0n1 WS   36317824   16384     3.122
23:06:39.726 journal        229470  nvme0n1 WS   36316416   131072    3.163
23:06:39.726 journal        229470  nvme0n1 WS   36318368   16384     3.609
23:06:39.726 journal        229470  nvme0n1 WS   36316928   131072    3.639
23:06:39.727 journal        229470  nvme0n1 WS   36318624   49152     3.998
23:06:39.727 journal        229470  nvme0n1 WS   36318784   49152     2.173
23:06:39.729 jbd2/nv        391     nvme0n1 WSM  4264984    262144    2.019
23:06:39.729 jbd2/nv        391     nvme0n1 WSM  4265496    135168    2.011
23:06:39.729 jbd2/nv        391     nvme0n1 WSM  4264472    262144    2.102
23:06:39.730 jbd2/nv        391     nvme0n1 WSM  4265760    4096      0.769
23:06:39.731 journal        229470  nvme0n1 WS   7337984    4096      0.672
23:06:39.732 jbd2/nv        391     nvme0n1 WSM  4265768    12288     0.675
23:06:39.732 jbd2/nv        391     nvme0n1 WSM  4265792    4096      0.662
23:06:39.733 systemd        229470  nvme0n1 WS   7337984    4096      0.701
23:06:39.734 jbd2/nv        391     nvme0n1 WSM  4265800    8192      0.793
23:06:39.735 jbd2/nv        391     nvme0n1 WSM  4265816    4096      0.798
23:06:40.416 kworker        1210729 nvme1n1 WM   40         4096      0.129
23:06:40.416 kworker        1210729 nvme1n1 WM   224        4096      0.132
23:06:40.416 kworker        1210729 nvme1n1 WM   720        4096      0.133
23:06:40.416 kworker        1210729 nvme1n1 WM   744        4096      0.133
23:06:40.416 kworker        1210729 nvme1n1 WM   776        8192      0.133
23:06:40.416 kworker        1210729 nvme1n1 WM   816        4096      0.135
23:06:40.416 kworker        1210729 nvme1n1 WM   71303296   4096      0.142
23:06:40.416 kworker        1210729 nvme1n1 WM   461373568  4096      0.133
23:06:40.416 kworker        1210729 nvme1n1 WM   461373696  8192      0.134
23:06:40.416 kworker        1210729 nvme1n1 WM   461373728  4096      0.135
23:06:40.416 kworker        1210729 nvme1n1 WM   461373848  4096      0.136
23:06:40.417 kworker        1210729 nvme1n1 WM   71303480   131072    0.224
23:06:40.417 kworker        1210729 nvme1n1 WM   71303736   131072    0.304
23:06:40.417 kworker        1210729 nvme1n1 WM   71303992   131072    0.384
23:06:40.417 kworker        1210729 nvme1n1 WM   71304248   94208     0.438
23:06:40.417 kworker        1210729 nvme1n1 WM   461374248  24576     0.451
23:06:40.417 kworker        1210729 nvme1n1 WM   461374304  4096      0.277
23:06:40.417 kworker        1210729 nvme1n1 WM   578813960  4096      0.282
23:06:40.417 kworker        1210729 nvme1n1 WM   721917248  4096      0.283
23:06:40.417 kworker        1210729 nvme1n1 WM   1493172240 4096      0.283
23:06:40.417 kworker        1210729 nvme1n1 WM   1493172272 4096      0.292
23:06:40.417 kworker        1210729 nvme1n1 WM   1493172480 8192      0.293
23:06:40.417 kworker        1210729 nvme1n1 WM   1497366536 4096      0.293
23:06:40.417 kworker        1210729 nvme1n1 WM   1556086856 4096      0.305
23:06:40.417 kworker        1210729 nvme1n1 WM   1623195656 4096      0.306
23:06:40.417 kworker        1210729 nvme1n1 WM   1631584320 4096      0.307
23:06:40.417 kworker        1210729 nvme1n1 WM   1635778616 4096      0.307
23:06:40.417 jbd2/nv        752     nvme1n1 WSM  878901280  4096      0.061
23:06:40.417 kworker        1271691 nvme0n1 W    37331456   16384     0.789
23:06:40.417 kworker        1272320 nvme0n1 W    37217000   12288     0.791
23:06:40.417 jbd2/nv        752     nvme1n1 WSM  878901024  131072    0.158
23:06:40.417 kworker        1210729 nvme1n1 WM   1665138712 4096      0.112
23:06:40.417 kworker        1210729 nvme1n1 WM   1702887504 4096      0.119
23:06:40.417 kworker        1210729 nvme1n1 WM   1705582584 4096      0.120
23:06:40.417 kworker        1210729 nvme1n1 WM   1705656312 4096      0.121
23:06:40.417 kworker        1210729 nvme1n1 WM   1707589104 4096      0.125
23:06:40.417 jbd2/nv        752     nvme1n1 WSM  878901288  4096      0.028
23:06:40.524 nvme           1322617 Unknown N    -1         512       0.028
23:06:40.923 ib_log_        125924  nvme1n1 WS   1757458568 4096      0.047
23:06:40.923 ib_log_        125924  nvme1n1 WS   1757458568 4096      0.029
23:06:40.923 connect        125924  nvme1n1 WS   313170064  4096      0.038
23:06:40.923 jbd2/nv        752     nvme1n1 WSM  878901296  57344     0.078
23:06:40.924 jbd2/nv        752     nvme1n1 WSM  878901408  4096      0.027
23:06:40.924 ib_log_        125924  nvme1n1 WS   1757458568 4096      0.028
23:06:40.924 ib_log_        125924  nvme1n1 WS   1757458568 4096      0.030
23:06:40.925 ib_log_        125924  nvme1n1 WS   1757458568 8192      0.031
23:06:40.926 ib_log_        125924  nvme1n1 WS   1757458576 4096      0.028
23:06:40.926 jbd2/nv        752     nvme1n1 WSM  878901416  24576     0.053
23:06:40.926 jbd2/nv        752     nvme1n1 WSM  878901464  4096      0.028
23:06:40.926 connect        125924  nvme1n1 WS   1734139672 114688    0.128
23:06:40.926 jbd2/nv        752     nvme1n1 WSM  878901472  16384     0.040
23:06:40.926 jbd2/nv        752     nvme1n1 WSM  878901504  4096      0.027
23:06:40.926 connect        125924  nvme1n1 WS   1753733696 16384     0.041
23:06:40.926 jbd2/nv        752     nvme1n1 WSM  878901512  24576     0.045
23:06:40.927 jbd2/nv        752     nvme1n1 WSM  878901560  4096      0.028
23:06:40.927 ib_log_        125924  nvme1n1 WS   1757458576 4096      0.027
23:06:40.927 ib_log_        125924  nvme1n1 WS   1757458584 8192      0.030
23:06:40.927 jbd2/nv        752     nvme1n1 WSM  878901568  8192      0.031
23:06:40.927 jbd2/nv        752     nvme1n1 WSM  878901584  4096      0.028
23:06:40.927 ib_log_        125924  nvme1n1 WS   1757458584 4096      0.034
23:06:40.927 ib_log_        125924  nvme1n1 WS   1757458584 8192      0.032
23:06:40.928 ib_log_        125924  nvme1n1 WS   1757458592 4096      0.029
23:06:40.929 ib_log_        125924  nvme1n1 WS   1757458592 4096      0.029
23:06:40.929 ib_log_        125924  nvme1n1 WS   1757458600 8192      0.031
23:06:40.929 jbd2/nv        752     nvme1n1 WSM  878901592  12288     0.037
23:06:40.929 jbd2/nv        752     nvme1n1 WSM  878901616  4096      0.026
23:06:40.929 connect        125924  nvme1n1 WS   313170064  4096      0.035
23:06:40.929 jbd2/nv        752     nvme1n1 WSM  878901624  12288     0.036
23:06:40.929 jbd2/nv        752     nvme1n1 WSM  878901648  4096      0.026
23:06:40.929 ib_log_        125924  nvme1n1 WS   1757458608 4096      0.027
23:06:40.930 ib_log_        125924  nvme1n1 WS   1757458608 4096      0.030
23:06:40.930 ib_log_        125924  nvme1n1 WS   1757458616 8192      0.031
23:06:40.930 jbd2/nv        752     nvme1n1 WSM  878901656  12288     0.035
23:06:40.930 jbd2/nv        752     nvme1n1 WSM  878901680  4096      0.030
23:06:40.931 ib_log_        125924  nvme1n1 WS   1757458616 4096      0.031
23:06:40.931 connect        125924  nvme1n1 WS   313170064  4096      0.036
23:06:40.931 jbd2/nv        752     nvme1n1 WSM  878901688  8192      0.031
23:06:40.931 jbd2/nv        752     nvme1n1 WSM  878901704  4096      0.027
23:06:40.931 ib_log_        125924  nvme1n1 WS   1757458616 4096      0.031
23:06:40.964 ib_log_        125924  nvme1n1 WS   1757458616 4096      0.033
23:06:40.965 ib_log_        125924  nvme1n1 WS   1757458616 4096      0.027
23:06:41.074 ib_log_        125924  nvme1n1 WS   1757458616 4096      0.035
23:06:41.416 VLLM::W        1046588 nvme1n1 RS   1565323264 131072    0.265
23:06:41.416 VLLM::W        1046588 nvme1n1 RS   1565323520 131072    0.265
23:06:41.416 VLLM::W        1046586 nvme1n1 RS   1565462528 131072    0.298
23:06:41.416 VLLM::W        1046586 nvme1n1 RS   1565462784 131072    0.318
23:06:41.416 VLLM::W        1046586 nvme1n1 RS   1565463040 131072    0.347
23:06:41.416 VLLM::W        1046587 nvme1n1 RS   1565474816 131072    0.453
23:06:41.416 VLLM::W        1046587 nvme1n1 RS   1565475072 131072    0.458
23:06:41.416 VLLM::W        1046588 nvme1n1 RS   1565324032 131072    0.518
23:06:41.416 VLLM::W        1046588 nvme1n1 RS   1565324288 131072    0.552
23:06:41.416 VLLM::W        1046588 nvme1n1 RS   1565323776 131072    0.573
23:06:41.416 VLLM::W        1046589 nvme1n1 RS   575738112  131072    0.634
23:06:41.416 VLLM::W        1046589 nvme1n1 RS   575737856  131072    0.650
23:06:41.417 VLLM::W        1046587 nvme1n1 RS   1565475584 131072    0.762
23:06:41.417 VLLM::W        1046587 nvme1n1 RS   1565475328 131072    0.786
23:06:41.417 VLLM::W        1046587 nvme1n1 RS   1565475840 131072    0.793
23:06:41.417 VLLM::W        1046587 nvme1n1 RS   1565476096 131072    0.802
23:06:41.417 VLLM::W        1046587 nvme1n1 RS   1565476352 131072    0.831
23:06:41.417 VLLM::W        1046586 nvme1n1 RS   1565463296 131072    0.893
23:06:41.417 VLLM::W        1046586 nvme1n1 RS   1565463552 131072    0.965
23:06:41.417 VLLM::W        1046586 nvme1n1 RS   1565463808 131072    0.977
23:06:41.417 VLLM::W        1046586 nvme1n1 RS   1565464064 131072    0.987
23:06:41.417 VLLM::W        1046589 nvme1n1 RS   575738368  131072    1.093
23:06:41.417 VLLM::W        1046589 nvme1n1 RS   575738624  131072    1.102
23:06:41.417 VLLM::W        1046589 nvme1n1 RS   575739136  131072    1.178
23:06:41.417 VLLM::W        1046589 nvme1n1 RS   575739392  131072    1.193
23:06:41.417 VLLM::W        1046589 nvme1n1 RS   575738880  131072    1.209
23:06:41.417 VLLM::W        1046588 nvme1n1 RS   1565325056 131072    1.222
23:06:41.417 VLLM::W        1046588 nvme1n1 RS   1565324544 131072    1.323
23:06:41.417 VLLM::W        1046588 nvme1n1 RS   1565324800 131072    1.340
23:06:41.417 VLLM::W        1046588 nvme1n1 RS   1565325312 131072    1.301
23:06:41.417 VLLM::W        1046588 nvme1n1 RS   1565326080 131072    1.348
23:06:41.417 VLLM::W        1046588 nvme1n1 RS   1565325568 131072    1.395
23:06:41.417 VLLM::W        1046588 nvme1n1 RS   1565325824 131072    1.412
23:06:41.417 VLLM::W        1046588 nvme1n1 RS   1565326336 131072    1.412
23:06:41.417 VLLM::W        1046586 nvme1n1 RS   1565464576 131072    1.489
23:06:41.417 VLLM::W        1046586 nvme1n1 RS   1565464832 131072    1.502
23:06:41.417 VLLM::W        1046586 nvme1n1 RS   1565464320 131072    1.524
23:06:41.417 VLLM::W        1046586 nvme1n1 RS   1565465088 131072    1.613
23:06:41.417 VLLM::W        1046587 nvme1n1 RS   1565476864 131072    1.631
23:06:41.418 VLLM::W        1046587 nvme1n1 RS   1565477120 131072    1.669
23:06:41.418 VLLM::W        1046586 nvme1n1 RS   1565465344 131072    1.673
23:06:41.418 VLLM::W        1046587 nvme1n1 RS   1565476608 131072    1.801
23:06:41.418 VLLM::W        1046589 nvme1n1 RS   575740160  131072    1.806
23:06:41.418 VLLM::W        1046587 nvme1n1 RS   1565477376 131072    1.883
23:06:41.418 VLLM::W        1046589 nvme1n1 RS   575740416  131072    1.895
23:06:41.418 VLLM::W        1046589 nvme1n1 RS   575739648  131072    1.969
23:06:41.418 VLLM::W        1046589 nvme1n1 RS   575739904  131072    1.980
23:06:41.418 VLLM::W        1046588 nvme1n1 RS   1565326848 131072    1.981
23:06:41.418 VLLM::W        1046588 nvme1n1 RS   1565326592 131072    2.021
23:06:41.418 VLLM::W        1046587 nvme1n1 RS   1565477888 131072    2.087
23:06:41.418 VLLM::W        1046588 nvme1n1 RS   1565327104 131072    2.081
23:06:41.418 VLLM::W        1046588 nvme1n1 RS   1565458432 131072    2.136
23:06:41.418 VLLM::W        1046587 nvme1n1 RS   1565477632 131072    2.250
23:06:41.418 VLLM::W        1046586 nvme1n1 RS   1565466112 131072    2.262
23:06:41.418 VLLM::W        1046586 nvme1n1 RS   1565465856 131072    2.279
23:06:41.418 VLLM::W        1046587 nvme1n1 RS   1565478144 131072    2.343
23:06:41.418 VLLM::W        1046589 nvme1n1 RS   575741184  131072    2.363
23:06:41.418 VLLM::W        1046587 nvme1n1 RS   1565478400 131072    2.380
23:06:41.418 VLLM::W        1046586 nvme1n1 RS   1565465600 131072    2.411
23:06:41.418 VLLM::W        1046589 nvme1n1 RS   575741440  131072    2.413
23:06:41.418 VLLM::W        1046589 nvme1n1 RS   575740672  131072    2.470
23:06:41.418 VLLM::W        1046589 nvme1n1 RS   575740928  131072    2.487
23:06:41.418 VLLM::W        1046586 nvme1n1 RS   1565466368 131072    2.480
23:06:41.418 VLLM::W        1046586 nvme1n1 RS   1565483008 131072    2.515
23:06:41.418 VLLM::W        1046586 nvme1n1 RS   1565483264 131072    2.526
23:06:41.418 VLLM::W        1046588 nvme1n1 RS   1565458688 131072    2.591
23:06:41.419 VLLM::W        1046589 nvme1n1 RS   575742208  131072    2.642
23:06:41.419 VLLM::W        1046589 nvme1n1 RS   575741696  131072    2.688
23:06:41.419 VLLM::W        1046589 nvme1n1 RS   575741952  131072    2.713
23:06:41.419 VLLM::W        1046587 nvme1n1 RS   1565478656 131072    2.741
23:06:41.419 VLLM::W        1046587 nvme1n1 RS   1565495552 131072    2.750
23:06:41.419 VLLM::W        1046587 nvme1n1 RS   1565495296 131072    2.757
23:06:41.419 VLLM::W        1046586 nvme1n1 RS   844926976  131072    0.214
23:06:41.419 VLLM::W        1046586 nvme1n1 RS   844927232  131072    0.253
23:06:41.419 VLLM::W        1046586 nvme1n1 RS   844927488  131072    0.263
23:06:41.419 VLLM::W        1046586 nvme1n1 RS   844927744  131072    0.330
23:06:41.419 VLLM::W        1046586 nvme1n1 RS   844928000  131072    0.368
23:06:41.419 VLLM::W        1046586 nvme1n1 RS   844928256  131072    0.382
23:06:41.419 VLLM::W        1046586 nvme1n1 RS   844928512  131072    0.388
23:06:41.419 VLLM::W        1046588 nvme1n1 RS   731176960  131072    0.408
23:06:41.419 VLLM::W        1046588 nvme1n1 RS   731177216  131072    0.414
23:06:41.419 VLLM::W        1046586 nvme1n1 RS   844928768  131072    0.486
23:06:41.419 VLLM::W        1046588 nvme1n1 RS   731177472  131072    0.546
23:06:41.419 VLLM::W        1046588 nvme1n1 RS   731177728  131072    0.613
23:06:41.419 VLLM::W        1046586 nvme1n1 RS   844929280  131072    0.623
23:06:41.419 VLLM::W        1046586 nvme1n1 RS   844929536  131072    0.669
23:06:41.419 VLLM::W        1046586 nvme1n1 RS   844929024  131072    0.677
23:06:41.419 VLLM::W        1046588 nvme1n1 RS   731178240  131072    0.748
23:06:41.419 VLLM::W        1046586 nvme1n1 RS   844929792  131072    0.757
23:06:41.419 VLLM::W        1046586 nvme1n1 RS   844930304  131072    0.826
23:06:41.420 VLLM::W        1046588 nvme1n1 RS   731177984  131072    0.856
23:06:41.420 VLLM::W        1046586 nvme1n1 RS   844930560  131072    0.856
23:06:41.420 VLLM::W        1046586 nvme1n1 RS   844930048  131072    0.936
23:06:41.420 VLLM::W        1046588 nvme1n1 RS   731178496  131072    0.949
23:06:41.420 VLLM::W        1046586 nvme1n1 RS   844931072  131072    0.962
23:06:41.420 VLLM::W        1046586 nvme1n1 RS   844930816  131072    0.978
23:06:41.420 VLLM::W        1046586 nvme1n1 RS   844931328  131072    1.019
23:06:41.420 VLLM::W        1046588 nvme1n1 RS   731178752  131072    1.041
23:06:41.420 VLLM::W        1046588 nvme1n1 RS   731179008  131072    1.050
23:06:41.420 VLLM::W        1046588 nvme1n1 RS   731179520  131072    1.129
23:06:41.420 VLLM::W        1046588 nvme1n1 RS   731179264  131072    1.146
23:06:41.420 VLLM::W        1046588 nvme1n1 RS   731179776  131072    1.185
23:06:41.420 VLLM::W        1046588 nvme1n1 RS   731180288  131072    1.250
23:06:41.420 VLLM::W        1046588 nvme1n1 RS   731180544  131072    1.257
23:06:41.420 VLLM::W        1046588 nvme1n1 RS   731180032  131072    1.271
23:06:41.420 VLLM::W        1046588 nvme1n1 RS   731250944  131072    1.316
23:06:41.420 VLLM::W        1046588 nvme1n1 RS   731180800  131072    1.346
23:06:41.420 VLLM::W        1046588 nvme1n1 RS   731250688  131072    1.356
23:06:41.420 VLLM::W        1046589 nvme1n1 RS   1565519872 131072    1.410
23:06:41.420 VLLM::W        1046589 nvme1n1 RS   1565520128 131072    1.428
23:06:41.420 VLLM::W        1046589 nvme1n1 RS   1565520384 131072    1.433
23:06:41.420 VLLM::W        1046589 nvme1n1 RS   1565520640 131072    1.462
23:06:41.420 VLLM::W        1046589 nvme1n1 RS   1565521152 131072    1.546
23:06:41.420 VLLM::W        1046589 nvme1n1 RS   1565520896 131072    1.565
23:06:41.420 VLLM::W        1046589 nvme1n1 RS   1565521408 131072    1.576
23:06:41.421 VLLM::W        1046587 nvme1n1 RS   1565499648 131072    1.701
23:06:41.421 VLLM::W        1046587 nvme1n1 RS   1565499904 131072    1.702
23:06:41.421 VLLM::W        1046587 nvme1n1 RS   1565499392 131072    1.711
23:06:41.421 VLLM::W        1046587 nvme1n1 RS   1565500160 131072    1.707
23:06:41.421 VLLM::W        1046587 nvme1n1 RS   1565500416 131072    1.743
23:06:41.421 VLLM::W        1046587 nvme1n1 RS   1565500672 131072    1.851
23:06:41.421 VLLM::W        1046589 nvme1n1 RS   1565521920 131072    1.831
23:06:41.421 VLLM::W        1046587 nvme1n1 RS   1565500928 131072    1.886
23:06:41.421 VLLM::W        1046589 nvme1n1 RS   1565521664 131072    1.927
23:06:41.421 VLLM::W        1046589 nvme1n1 RS   1565522176 131072    1.933
23:06:41.421 VLLM::W        1046589 nvme1n1 RS   1565522944 131072    1.978
23:06:41.421 VLLM::W        1046589 nvme1n1 RS   1565522432 131072    2.005
23:06:41.421 VLLM::W        1046589 nvme1n1 RS   1565522688 131072    2.023
23:06:41.421 VLLM::W        1046589 nvme1n1 RS   1565523456 131072    2.027
23:06:41.421 VLLM::W        1046589 nvme1n1 RS   1565523200 131072    2.061
23:06:41.421 VLLM::W        1046587 nvme1n1 RS   1565501696 131072    2.125
23:06:41.421 VLLM::W        1046587 nvme1n1 RS   1565501184 131072    2.191
23:06:41.421 VLLM::W        1046587 nvme1n1 RS   1565501952 131072    2.197
23:06:41.421 VLLM::W        1046587 nvme1n1 RS   1565502464 131072    2.246
23:06:41.421 VLLM::W        1046587 nvme1n1 RS   1565501440 131072    2.267
23:06:41.421 VLLM::W        1046587 nvme1n1 RS   1565502976 131072    2.302
23:06:41.421 VLLM::W        1046589 nvme1n1 RS   1565536512 131072    2.415
23:06:41.421 VLLM::W        1046587 nvme1n1 RS   1565502208 131072    2.436
23:06:41.421 VLLM::W        1046587 nvme1n1 RS   1565502720 131072    2.476
23:06:41.421 VLLM::W        1046587 nvme1n1 RS   1565503232 131072    2.466
23:06:41.421 VLLM::W        1046589 nvme1n1 RS   1565523712 131072    2.582
23:06:41.421 VLLM::W        1046586 nvme1n1 RS   1565466624 131072    1.629
23:06:41.422 VLLM::W        1046589 nvme1n1 RS   1565536256 131072    2.612
23:06:41.422 VLLM::W        1046586 nvme1n1 RS   1565467392 131072    1.712
23:06:41.422 VLLM::W        1046586 nvme1n1 RS   1565467648 131072    1.734
23:06:41.422 VLLM::W        1046587 nvme1n1 RS   1565511680 131072    2.716
23:06:41.422 VLLM::W        1046587 nvme1n1 RS   1565511936 131072    2.721
23:06:41.422 VLLM::W        1046586 nvme1n1 RS   1565466880 131072    1.824
23:06:41.422 VLLM::W        1046586 nvme1n1 RS   1565467136 131072    1.848
23:06:41.422 VLLM::W        1046586 nvme1n1 RS   1565468416 131072    1.803
23:06:41.422 VLLM::W        1046586 nvme1n1 RS   1565468672 131072    1.820
23:06:41.422 VLLM::W        1046586 nvme1n1 RS   1565467904 131072    1.963
23:06:41.422 VLLM::W        1046586 nvme1n1 RS   1565468160 131072    1.986
23:06:41.422 VLLM::W        1046586 nvme1n1 RS   1565469440 131072    1.946
23:06:41.422 VLLM::W        1046586 nvme1n1 RS   1565469696 131072    1.966
23:06:41.422 VLLM::W        1046586 nvme1n1 RS   1565468928 131072    2.001
23:06:41.422 VLLM::W        1046586 nvme1n1 RS   1565469184 131072    2.012
23:06:41.422 VLLM::W        1046586 nvme1n1 RS   1565470464 131072    2.035
23:06:41.422 VLLM::W        1046586 nvme1n1 RS   1565469952 131072    2.141
23:06:41.422 VLLM::W        1046586 nvme1n1 RS   1565470208 131072    2.144
23:06:41.422 VLLM::W        1046586 nvme1n1 RS   1565487104 131072    2.182
23:06:41.422 VLLM::W        1046586 nvme1n1 RS   1565487360 131072    2.188
23:06:41.422 VLLM::W        1046588 nvme1n1 RS   731181056  131072    1.935
23:06:41.422 VLLM::W        1046588 nvme1n1 RS   731181824  131072    1.959
23:06:41.422 VLLM::W        1046588 nvme1n1 RS   731181312  131072    1.986
23:06:41.422 VLLM::W        1046588 nvme1n1 RS   731181568  131072    1.996
23:06:41.422 VLLM::W        1046588 nvme1n1 RS   731182080  131072    2.044
23:06:41.422 VLLM::W        1046588 nvme1n1 RS   731182336  131072    2.060
23:06:41.422 VLLM::W        1046588 nvme1n1 RS   731182592  131072    2.095
23:06:41.422 VLLM::W        1046588 nvme1n1 RS   731182848  131072    2.066
23:06:41.422 VLLM::W        1046588 nvme1n1 RS   731183104  131072    2.081
23:06:41.423 VLLM::W        1046588 nvme1n1 RS   731183360  131072    2.185
23:06:41.423 VLLM::W        1046588 nvme1n1 RS   731183616  131072    2.202
23:06:41.423 VLLM::W        1046588 nvme1n1 RS   731183872  131072    2.208
23:06:41.423 VLLM::W        1046588 nvme1n1 RS   731184128  131072    2.234
23:06:41.423 VLLM::W        1046588 nvme1n1 RS   731184384  131072    2.260
23:06:41.423 VLLM::W        1046588 nvme1n1 RS   731184640  131072    2.291
23:06:41.423 VLLM::W        1046588 nvme1n1 RS   731184896  131072    2.304
23:06:41.423 VLLM::W        1046588 nvme1n1 RS   1565470976 131072    2.368
23:06:41.423 VLLM::W        1046588 nvme1n1 RS   1565470720 131072    2.383
23:06:41.423 VLLM::W        1046589 nvme1n1 RS   1581850624 131072    1.224
23:06:41.423 VLLM::W        1046589 nvme1n1 RS   1581851136 131072    1.238
23:06:41.423 VLLM::W        1046589 nvme1n1 RS   1581851392 131072    1.243
23:06:41.423 VLLM::W        1046589 nvme1n1 RS   1581851648 131072    1.268
23:06:41.423 VLLM::W        1046589 nvme1n1 RS   1581852160 131072    1.333
23:06:41.423 VLLM::W        1046589 nvme1n1 RS   1581850880 131072    1.400
23:06:41.423 VLLM::W        1046589 nvme1n1 RS   1581852416 131072    1.355
23:06:41.423 VLLM::W        1046589 nvme1n1 RS   1581852672 131072    1.382
23:06:41.423 VLLM::W        1046589 nvme1n1 RS   1581851904 131072    1.454
23:06:41.423 VLLM::W        1046589 nvme1n1 RS   1581853184 131072    1.413
23:06:41.423 VLLM::W        1046589 nvme1n1 RS   1581853440 131072    1.445
23:06:41.423 VLLM::W        1046589 nvme1n1 RS   1581853696 131072    1.487
23:06:41.423 VLLM::W        1046589 nvme1n1 RS   1581852928 131072    1.511
23:06:41.423 VLLM::W        1046589 nvme1n1 RS   1581854208 131072    1.561
23:06:41.423 VLLM::W        1046589 nvme1n1 RS   1581854464 131072    1.579
23:06:41.423 VLLM::W        1046589 nvme1n1 RS   1581853952 131072    1.623
23:06:41.423 VLLM::W        1046589 nvme1n1 RS   1581854720 131072    1.614
23:06:41.423 VLLM::W        1046589 nvme1n1 RS   1581854976 131072    1.682
23:06:41.423 VLLM::W        1046587 nvme1n1 RS   844935424  131072    1.675
23:06:41.424 VLLM::W        1046587 nvme1n1 RS   844935680  131072    1.719
23:06:41.424 VLLM::W        1046587 nvme1n1 RS   844935168  131072    1.734
23:06:41.424 VLLM::W        1046587 nvme1n1 RS   844935936  131072    1.769
23:06:41.424 VLLM::W        1046587 nvme1n1 RS   844936192  131072    1.817
23:06:41.424 VLLM::W        1046587 nvme1n1 RS   844936448  131072    1.842
23:06:41.424 VLLM::W        1046587 nvme1n1 RS   844936704  131072    1.852
23:06:41.424 VLLM::W        1046587 nvme1n1 RS   844936960  131072    1.843
23:06:41.424 VLLM::W        1046587 nvme1n1 RS   844937216  131072    1.872
23:06:41.424 VLLM::W        1046587 nvme1n1 RS   844937472  131072    1.902
23:06:41.424 VLLM::W        1046587 nvme1n1 RS   844937728  131072    1.932
23:06:41.424 VLLM::W        1046587 nvme1n1 RS   844937984  131072    1.963
23:06:41.424 VLLM::W        1046587 nvme1n1 RS   844938240  131072    1.993
23:06:41.424 VLLM::W        1046587 nvme1n1 RS   844938496  131072    2.023
23:06:41.424 VLLM::W        1046587 nvme1n1 RS   844938752  131072    2.055
23:06:41.424 VLLM::W        1046587 nvme1n1 RS   844939008  131072    2.075
23:06:41.424 VLLM::W        1046587 nvme1n1 RS   844939264  131072    2.110
23:06:41.424 VLLM::W        1046587 nvme1n1 RS   844939520  131072    2.179
23:06:41.424 VLLM::W        1046586 nvme1n1 RS   1565478912 131072    1.796
23:06:41.424 VLLM::W        1046586 nvme1n1 RS   1565479168 131072    1.838
23:06:41.424 VLLM::W        1046586 nvme1n1 RS   1565479424 131072    1.864
23:06:41.424 VLLM::W        1046586 nvme1n1 RS   1565479680 131072    1.892
23:06:41.424 VLLM::W        1046586 nvme1n1 RS   1565479936 131072    1.922
23:06:41.424 VLLM::W        1046586 nvme1n1 RS   1565480192 131072    1.973
23:06:41.424 VLLM::W        1046586 nvme1n1 RS   1565480448 131072    2.041
23:06:41.424 VLLM::W        1046586 nvme1n1 RS   1565480960 131072    2.037
23:06:41.424 VLLM::W        1046586 nvme1n1 RS   1565480704 131072    2.067
23:06:41.424 VLLM::W        1046586 nvme1n1 RS   1565481216 131072    2.073
23:06:41.425 VLLM::W        1046586 nvme1n1 RS   1565481472 131072    2.141
23:06:41.425 VLLM::W        1046586 nvme1n1 RS   1565481728 131072    2.153
23:06:41.425 VLLM::W        1046586 nvme1n1 RS   1565481984 131072    2.170
23:06:41.425 VLLM::W        1046586 nvme1n1 RS   1565482240 131072    2.181
23:06:41.425 VLLM::W        1046586 nvme1n1 RS   1565482496 131072    2.214
23:06:41.425 VLLM::W        1046586 nvme1n1 RS   1565482752 131072    2.243
23:06:41.425 VLLM::W        1046586 nvme1n1 RS   1565491200 131072    2.277
23:06:41.425 VLLM::W        1046586 nvme1n1 RS   1565491456 131072    2.352
23:06:41.425 VLLM::W        1046588 nvme1n1 RS   1565515776 131072    1.913
23:06:41.425 VLLM::W        1046588 nvme1n1 RS   1565516032 131072    1.927
23:06:41.425 VLLM::W        1046588 nvme1n1 RS   1565516288 131072    1.929
23:06:41.425 VLLM::W        1046588 nvme1n1 RS   1565516544 131072    1.935
23:06:41.425 VLLM::W        1046588 nvme1n1 RS   1565516800 131072    1.973
23:06:41.425 VLLM::W        1046588 nvme1n1 RS   1565517056 131072    2.057
23:06:41.425 VLLM::W        1046588 nvme1n1 RS   1565517312 131072    2.079
23:06:41.425 VLLM::W        1046588 nvme1n1 RS   1565517568 131072    2.064
23:06:41.425 VLLM::W        1046588 nvme1n1 RS   1565517824 131072    2.075
23:06:41.425 VLLM::W        1046588 nvme1n1 RS   1565518080 131072    2.152
23:06:41.425 VLLM::W        1046588 nvme1n1 RS   1565518336 131072    2.163
23:06:41.425 VLLM::W        1046588 nvme1n1 RS   1565518592 131072    2.180
23:06:41.425 VLLM::W        1046588 nvme1n1 RS   1565518848 131072    2.190
23:06:41.425 VLLM::W        1046588 nvme1n1 RS   1565519104 131072    2.253
23:06:41.425 VLLM::W        1046588 nvme1n1 RS   1565519360 131072    2.263
23:06:41.425 VLLM::W        1046588 nvme1n1 RS   1565523968 131072    2.323
23:06:41.425 VLLM::W        1046588 nvme1n1 RS   1565519616 131072    2.347
23:06:41.425 VLLM::W        1046588 nvme1n1 RS   1565524224 131072    2.355
23:06:41.426 VLLM::W        1046589 nvme1n1 RS   1685999616 131072    1.940
23:06:41.426 VLLM::W        1046589 nvme1n1 RS   1685999872 131072    1.942
23:06:41.426 VLLM::W        1046589 nvme1n1 RS   1686000128 131072    1.962
23:06:41.426 VLLM::W        1046589 nvme1n1 RS   1686000384 131072    1.979
23:06:41.426 VLLM::W        1046589 nvme1n1 RS   1686000640 131072    2.002
23:06:41.426 VLLM::W        1046589 nvme1n1 RS   1686000896 131072    2.025
23:06:41.426 VLLM::W        1046589 nvme1n1 RS   1686001152 131072    2.054
23:06:41.426 VLLM::W        1046589 nvme1n1 RS   1686001408 131072    2.057
23:06:41.426 VLLM::W        1046589 nvme1n1 RS   1686001664 131072    2.086
23:06:41.426 VLLM::W        1046589 nvme1n1 RS   1686001920 131072    2.110
23:06:41.426 VLLM::W        1046589 nvme1n1 RS   1686002176 131072    2.138
23:06:41.426 VLLM::W        1046589 nvme1n1 RS   1686002432 131072    2.165
23:06:41.426 VLLM::W        1046589 nvme1n1 RS   1686002688 131072    2.195
23:06:41.426 VLLM::W        1046589 nvme1n1 RS   1686002944 131072    2.233
23:06:41.426 VLLM::W        1046589 nvme1n1 RS   1686003200 131072    2.260
23:06:41.426 VLLM::W        1046589 nvme1n1 RS   1686003456 131072    2.284
23:06:41.426 VLLM::W        1046589 nvme1n1 RS   1686003712 131072    2.317
23:06:41.426 VLLM::W        1046589 nvme1n1 RS   1686003968 131072    2.350
23:06:41.426 VLLM::W        1046587 nvme1n1 RS   1565503488 131072    1.868
23:06:41.426 VLLM::W        1046587 nvme1n1 RS   1565503744 131072    1.902
23:06:41.426 VLLM::W        1046587 nvme1n1 RS   1565504000 131072    1.952
23:06:41.426 VLLM::W        1046587 nvme1n1 RS   1565504256 131072    1.957
23:06:41.426 VLLM::W        1046587 nvme1n1 RS   1565504512 131072    2.021
23:06:41.426 VLLM::W        1046587 nvme1n1 RS   1565504768 131072    2.105
23:06:41.426 VLLM::W        1046587 nvme1n1 RS   1565505280 131072    2.058
23:06:41.426 VLLM::W        1046587 nvme1n1 RS   1565505024 131072    2.128
23:06:41.426 VLLM::W        1046587 nvme1n1 RS   1565505536 131072    2.094
23:06:41.426 VLLM::W        1046587 nvme1n1 RS   1565505792 131072    2.103
23:06:41.427 VLLM::W        1046587 nvme1n1 RS   1565506304 131072    2.156
23:06:41.427 VLLM::W        1046587 nvme1n1 RS   1565506560 131072    2.199
23:06:41.427 VLLM::W        1046587 nvme1n1 RS   1565506048 131072    2.213
23:06:41.427 VLLM::W        1046587 nvme1n1 RS   1565507072 131072    2.257
23:06:41.427 VLLM::W        1046587 nvme1n1 RS   1565506816 131072    2.309
23:06:41.427 VLLM::W        1046587 nvme1n1 RS   1565507328 131072    2.322
23:06:41.427 VLLM::W        1046587 nvme1n1 RS   1565507584 131072    2.398
23:06:41.427 VLLM::W        1046587 nvme1n1 RS   1565507840 131072    2.415
23:06:41.427 VLLM::W        1046586 nvme1n1 RS   574005248  131072    1.868
23:06:41.427 VLLM::W        1046586 nvme1n1 RS   574005504  131072    1.900
23:06:41.427 VLLM::W        1046586 nvme1n1 RS   574005760  131072    1.928
23:06:41.427 VLLM::W        1046586 nvme1n1 RS   574006016  131072    1.969
23:06:41.427 VLLM::W        1046586 nvme1n1 RS   574006272  131072    1.965
23:06:41.427 VLLM::W        1046586 nvme1n1 RS   574006528  131072    2.024
23:06:41.427 VLLM::W        1046586 nvme1n1 RS   574006784  131072    2.034
23:06:41.427 VLLM::W        1046586 nvme1n1 RS   574007040  131072    2.057
23:06:41.427 VLLM::W        1046586 nvme1n1 RS   574007296  131072    2.078
23:06:41.427 VLLM::W        1046586 nvme1n1 RS   574007552  131072    2.102
23:06:41.427 VLLM::W        1046586 nvme1n1 RS   574007808  131072    2.111
23:06:41.427 VLLM::W        1046586 nvme1n1 RS   574008064  131072    2.150
23:06:41.427 VLLM::W        1046586 nvme1n1 RS   574008320  131072    2.175
23:06:41.427 VLLM::W        1046586 nvme1n1 RS   574008576  131072    2.206
23:06:41.427 VLLM::W        1046586 nvme1n1 RS   574008832  131072    2.238
23:06:41.427 VLLM::W        1046586 nvme1n1 RS   574009088  131072    2.277
23:06:41.427 VLLM::W        1046586 nvme1n1 RS   574009344  131072    2.312
23:06:41.427 VLLM::W        1046586 nvme1n1 RS   574009600  131072    2.339
23:06:41.427 VLLM::W        1046588 nvme1n1 RS   1692274688 131072    1.876
23:06:41.427 VLLM::W        1046588 nvme1n1 RS   1692274944 131072    1.890
23:06:41.428 VLLM::W        1046588 nvme1n1 RS   1692275200 131072    1.899
23:06:41.428 VLLM::W        1046588 nvme1n1 RS   1692275456 131072    1.936
23:06:41.428 VLLM::W        1046588 nvme1n1 RS   1692275712 131072    1.978
23:06:41.428 VLLM::W        1046588 nvme1n1 RS   1692275968 131072    2.006
23:06:41.428 VLLM::W        1046588 nvme1n1 RS   1692276224 131072    2.064
23:06:41.428 VLLM::W        1046588 nvme1n1 RS   1692276480 131072    2.029
23:06:41.428 VLLM::W        1046588 nvme1n1 RS   1692276736 131072    2.059
23:06:41.428 VLLM::W        1046588 nvme1n1 RS   1692276992 131072    2.083
23:06:41.428 VLLM::W        1046588 nvme1n1 RS   1692277248 131072    2.126
23:06:41.428 VLLM::W        1046588 nvme1n1 RS   1692277504 131072    2.155
23:06:41.428 VLLM::W        1046588 nvme1n1 RS   1692277760 131072    2.210
23:06:41.428 VLLM::W        1046588 nvme1n1 RS   1692278016 131072    2.219
23:06:41.428 VLLM::W        1046588 nvme1n1 RS   1692278272 131072    2.247
23:06:41.428 VLLM::W        1046588 nvme1n1 RS   1692278528 131072    2.329
23:06:41.428 VLLM::W        1046588 nvme1n1 RS   1692278784 131072    2.342
23:06:41.428 VLLM::W        1046588 nvme1n1 RS   1692279040 131072    2.352
23:06:41.428 VLLM::W        1046589 nvme1n1 RS   1692286976 131072    1.859
23:06:41.428 VLLM::W        1046589 nvme1n1 RS   1692287232 131072    1.888
23:06:41.428 VLLM::W        1046589 nvme1n1 RS   1692287488 131072    1.920
23:06:41.428 VLLM::W        1046589 nvme1n1 RS   1692287744 131072    1.945
23:06:41.428 VLLM::W        1046589 nvme1n1 RS   1692288256 131072    2.033
23:06:41.428 VLLM::W        1046589 nvme1n1 RS   1692288000 131072    2.055
23:06:41.428 VLLM::W        1046589 nvme1n1 RS   1692288512 131072    2.058
23:06:41.428 VLLM::W        1046589 nvme1n1 RS   1692288768 131072    2.113
23:06:41.428 VLLM::W        1046589 nvme1n1 RS   1692289536 131072    2.150
23:06:41.428 VLLM::W        1046589 nvme1n1 RS   1692289024 131072    2.173
23:06:41.429 VLLM::W        1046589 nvme1n1 RS   1692289280 131072    2.188
23:06:41.429 VLLM::W        1046589 nvme1n1 RS   1692289792 131072    2.196
23:06:41.429 VLLM::W        1046589 nvme1n1 RS   1692290048 131072    2.286
23:06:41.429 VLLM::W        1046589 nvme1n1 RS   1692290560 131072    2.299
23:06:41.429 VLLM::W        1046589 nvme1n1 RS   1692290304 131072    2.327
23:06:41.429 VLLM::W        1046589 nvme1n1 RS   1692290816 131072    2.317
23:06:41.429 VLLM::W        1046589 nvme1n1 RS   1692291072 131072    2.373
23:06:41.429 VLLM::W        1046589 nvme1n1 RS   1692291328 131072    2.379
23:06:41.429 VLLM::W        1046587 nvme1n1 RS   844890112  131072    1.868
23:06:41.429 VLLM::W        1046587 nvme1n1 RS   844890368  131072    1.877
23:06:41.429 VLLM::W        1046587 nvme1n1 RS   844890624  131072    1.903
23:06:41.429 VLLM::W        1046587 nvme1n1 RS   844890880  131072    1.936
23:06:41.429 VLLM::W        1046587 nvme1n1 RS   844891136  131072    1.967
23:06:41.429 VLLM::W        1046587 nvme1n1 RS   844891392  131072    2.012
23:06:41.429 VLLM::W        1046587 nvme1n1 RS   844891648  131072    2.017
23:06:41.429 VLLM::W        1046587 nvme1n1 RS   844892160  131072    2.070
23:06:41.429 VLLM::W        1046587 nvme1n1 RS   844891904  131072    2.094
23:06:41.429 VLLM::W        1046587 nvme1n1 RS   844892416  131072    2.108
23:06:41.429 VLLM::W        1046587 nvme1n1 RS   844892672  131072    2.119
23:06:41.429 VLLM::W        1046587 nvme1n1 RS   844892928  131072    2.153
23:06:41.429 VLLM::W        1046587 nvme1n1 RS   844893184  131072    2.186
23:06:41.429 VLLM::W        1046587 nvme1n1 RS   844893440  131072    2.233
23:06:41.429 VLLM::W        1046587 nvme1n1 RS   844893696  131072    2.244
23:06:41.429 VLLM::W        1046587 nvme1n1 RS   844893952  131072    2.337
23:06:41.429 VLLM::W        1046587 nvme1n1 RS   844980224  131072    2.354
23:06:41.429 VLLM::W        1046587 nvme1n1 RS   844980480  131072    2.365
23:06:41.429 VLLM::W        1046586 nvme1n1 RS   1692282880 131072    1.948
23:06:41.430 VLLM::W        1046586 nvme1n1 RS   1692283136 131072    1.963
23:06:41.430 VLLM::W        1046586 nvme1n1 RS   1692283392 131072    1.968
23:06:41.430 VLLM::W        1046586 nvme1n1 RS   1692283648 131072    1.997
23:06:41.430 VLLM::W        1046586 nvme1n1 RS   1692283904 131072    2.030
23:06:41.430 VLLM::W        1046586 nvme1n1 RS   1692284160 131072    2.077
23:06:41.430 VLLM::W        1046586 nvme1n1 RS   1692284416 131072    2.100
23:06:41.430 VLLM::W        1046586 nvme1n1 RS   1692284672 131072    2.094
23:06:41.430 VLLM::W        1046586 nvme1n1 RS   1692284928 131072    2.105
23:06:41.430 VLLM::W        1046586 nvme1n1 RS   1692285184 131072    2.151
23:06:41.430 VLLM::W        1046586 nvme1n1 RS   1692285440 131072    2.183
23:06:41.430 VLLM::W        1046586 nvme1n1 RS   1692285696 131072    2.256
23:06:41.430 VLLM::W        1046586 nvme1n1 RS   1692286464 131072    2.317
23:06:41.430 VLLM::W        1046586 nvme1n1 RS   1692286208 131072    2.340
23:06:41.430 VLLM::W        1046586 nvme1n1 RS   1692286720 131072    2.340
23:06:41.430 VLLM::W        1046586 nvme1n1 RS   1692285952 131072    2.376
23:06:41.430 VLLM::W        1046586 nvme1n1 RS   1692295424 131072    2.389
23:06:41.430 VLLM::W        1046586 nvme1n1 RS   1692295168 131072    2.448
23:06:41.430 VLLM::W        1046588 nvme1n1 RS   576323840  131072    1.951
23:06:41.430 VLLM::W        1046588 nvme1n1 RS   576324096  131072    1.951
23:06:41.430 VLLM::W        1046588 nvme1n1 RS   576323584  131072    1.968
23:06:41.430 VLLM::W        1046588 nvme1n1 RS   576324352  131072    1.984
23:06:41.430 VLLM::W        1046588 nvme1n1 RS   576324608  131072    2.005
23:06:41.430 VLLM::W        1046588 nvme1n1 RS   576324864  131072    2.038
23:06:41.430 VLLM::W        1046588 nvme1n1 RS   576325376  131072    2.044
23:06:41.430 VLLM::W        1046588 nvme1n1 RS   576325120  131072    2.120
23:06:41.430 VLLM::W        1046588 nvme1n1 RS   576325632  131072    2.080
23:06:41.430 VLLM::W        1046588 nvme1n1 RS   576325888  131072    2.101
23:06:41.431 VLLM::W        1046588 nvme1n1 RS   576326400  131072    2.184
23:06:41.431 VLLM::W        1046588 nvme1n1 RS   576326144  131072    2.213
23:06:41.431 VLLM::W        1046588 nvme1n1 RS   576326656  131072    2.227
23:06:41.431 VLLM::W        1046588 nvme1n1 RS   576326912  131072    2.237
23:06:41.431 VLLM::W        1046588 nvme1n1 RS   576327168  131072    2.294
23:06:41.431 VLLM::W        1046588 nvme1n1 RS   576327424  131072    2.293
23:06:41.431 VLLM::W        1046588 nvme1n1 RS   576327680  131072    2.322
23:06:41.431 VLLM::W        1046588 nvme1n1 RS   576327936  131072    2.367
23:06:41.431 VLLM::W        1046589 nvme1n1 RS   314478592  131072    1.974
23:06:41.431 VLLM::W        1046589 nvme1n1 RS   314478848  131072    1.974
23:06:41.431 VLLM::W        1046589 nvme1n1 RS   314479104  131072    1.972
23:06:41.431 VLLM::W        1046589 nvme1n1 RS   314479360  131072    1.969
23:06:41.431 VLLM::W        1046589 nvme1n1 RS   314479616  131072    2.009
23:06:41.431 VLLM::W        1046589 nvme1n1 RS   314479872  131072    2.055
23:06:41.431 VLLM::W        1046589 nvme1n1 RS   314480128  131072    2.070
23:06:41.431 VLLM::W        1046589 nvme1n1 RS   314480384  131072    2.079
23:06:41.431 VLLM::W        1046589 nvme1n1 RS   314480640  131072    2.091
23:06:41.431 VLLM::W        1046589 nvme1n1 RS   314480896  131072    2.115
23:06:41.431 VLLM::W        1046589 nvme1n1 RS   314481152  131072    2.148
23:06:41.431 VLLM::W        1046589 nvme1n1 RS   314481408  131072    2.177
23:06:41.431 VLLM::W        1046589 nvme1n1 RS   314481664  131072    2.214
23:06:41.431 VLLM::W        1046589 nvme1n1 RS   314481920  131072    2.247
23:06:41.431 VLLM::W        1046589 nvme1n1 RS   314482176  131072    2.284
23:06:41.431 VLLM::W        1046589 nvme1n1 RS   314482432  131072    2.319
23:06:41.431 VLLM::W        1046589 nvme1n1 RS   314482688  131072    2.330
23:06:41.431 VLLM::W        1046589 nvme1n1 RS   314482944  131072    2.360
23:06:41.431 VLLM::W        1046587 nvme1n1 RS   844894208  131072    1.880
23:06:41.431 VLLM::W        1046587 nvme1n1 RS   844894464  131072    1.911
23:06:41.432 VLLM::W        1046587 nvme1n1 RS   844894720  131072    1.940
23:06:41.432 VLLM::W        1046587 nvme1n1 RS   844894976  131072    1.968
23:06:41.432 VLLM::W        1046587 nvme1n1 RS   844895232  131072    2.014
23:06:41.432 VLLM::W        1046587 nvme1n1 RS   844895488  131072    2.055
23:06:41.432 VLLM::W        1046587 nvme1n1 RS   844895744  131072    2.065
23:06:41.432 VLLM::W        1046587 nvme1n1 RS   844896000  131072    2.063
23:06:41.432 VLLM::W        1046587 nvme1n1 RS   844896256  131072    2.098
23:06:41.432 VLLM::W        1046587 nvme1n1 RS   844896512  131072    2.129
23:06:41.432 VLLM::W        1046587 nvme1n1 RS   844896768  131072    2.159
23:06:41.432 VLLM::W        1046587 nvme1n1 RS   844897024  131072    2.191
23:06:41.432 VLLM::W        1046587 nvme1n1 RS   844897280  131072    2.238
23:06:41.432 VLLM::W        1046587 nvme1n1 RS   844897536  131072    2.265
23:06:41.432 VLLM::W        1046587 nvme1n1 RS   844897792  131072    2.329
23:06:41.432 VLLM::W        1046587 nvme1n1 RS   844898048  131072    2.335
23:06:41.432 VLLM::W        1046587 nvme1n1 RS   844984320  131072    2.346
23:06:41.432 VLLM::W        1046587 nvme1n1 RS   844984576  131072    2.379
23:06:41.432 VLLM::W        1046586 nvme1n1 RS   312050688  131072    1.854
23:06:41.432 VLLM::W        1046586 nvme1n1 RS   312050944  131072    1.885
23:06:41.432 VLLM::W        1046586 nvme1n1 RS   312051200  131072    1.922
23:06:41.432 VLLM::W        1046586 nvme1n1 RS   312051456  49152     1.924
23:06:41.432 VLLM::W        1046588 nvme1n1 RS   1731483648 131072    1.303
23:06:41.432 VLLM::W        1046588 nvme1n1 RS   1731483904 131072    1.327
23:06:41.432 VLLM::W        1046588 nvme1n1 RS   1731484160 131072    1.364
23:06:41.432 VLLM::W        1046588 nvme1n1 RS   1731484416 49152     1.367
23:06:41.432 VLLM::W        1046589 nvme1n1 RS   312055040  131072    0.803
23:06:41.432 VLLM::W        1046589 nvme1n1 RS   312054784  131072    0.829
23:06:41.432 VLLM::W        1046589 nvme1n1 RS   312055296  131072    0.847
23:06:41.432 VLLM::W        1046589 nvme1n1 RS   312055552  49152     0.847
23:06:41.432 VLLM::W        1046587 nvme1n1 RS   312042496  131072    0.281
23:06:41.432 VLLM::W        1046587 nvme1n1 RS   312042752  131072    0.287
23:06:41.433 VLLM::W        1046587 nvme1n1 RS   312043008  131072    0.321
23:06:41.433 VLLM::W        1046587 nvme1n1 RS   312043264  49152     0.391
23:06:41.527 nvme           1322622 Unknown N    -1         512       0.082
23:06:41.840 ib_pg_f        125924  nvme1n1 WS   1740054528 131072    0.166
23:06:41.840 ib_pg_f        125924  nvme1n1 WS   1740054784 131072    0.237
23:06:41.840 ib_pg_f        125924  nvme1n1 WS   1740055040 131072    0.313
23:06:41.840 ib_pg_f        125924  nvme1n1 WS   1740055296 131072    0.392
23:06:41.840 ib_pg_f        125924  nvme1n1 WS   1740055552 131072    0.470
23:06:41.840 ib_pg_f        125924  nvme1n1 WS   1740055808 131072    0.546
23:06:41.840 ib_pg_f        125924  nvme1n1 WS   1740056064 131072    0.622
23:06:41.840 ib_pg_f        125924  nvme1n1 WS   1740056320 65536     0.662
23:06:41.840 ib_pg_f        125924  nvme1n1 WS   1755202272 16384     0.047
23:06:41.840 ib_pg_f        125924  nvme1n1 WS   1757716032 16384     0.051
23:06:41.840 ib_pg_f        125924  nvme1n1 WS   1757716192 16384     0.051
23:06:41.840 ib_pg_f        125924  nvme1n1 WS   1740413344 16384     0.053
23:06:41.840 ib_pg_f        125924  nvme1n1 WS   1740407616 16384     0.057
23:06:41.840 ib_pg_f        125924  nvme1n1 WS   813152     16384     0.047
23:06:41.840 ib_pg_f        125924  nvme1n1 WS   813184     16384     0.045
23:06:41.840 ib_pg_f        125924  nvme1n1 WS   813216     16384     0.050
23:06:41.840 ib_pg_f        125924  nvme1n1 WS   1740077248 16384     0.053
23:06:41.840 ib_pg_f        125924  nvme1n1 WS   1740412768 16384     0.054
23:06:41.841 ib_pg_f        125924  nvme1n1 WS   1520107936 16384     0.063
23:06:41.841 ib_pg_f        125924  nvme1n1 WS   1520145376 16384     0.059
23:06:41.841 ib_pg_f        125924  nvme1n1 WS   813696     16384     0.060
23:06:41.841 ib_pg_f        125924  nvme1n1 WS   813728     16384     0.061
23:06:41.841 ib_pg_f        125924  nvme1n1 WS   813760     16384     0.043
23:06:41.841 ib_pg_f        125924  nvme1n1 WS   813792     16384     0.052
23:06:41.841 ib_pg_f        125924  nvme1n1 WS   813824     16384     0.046
23:06:41.841 ib_pg_f        125924  nvme1n1 WS   813888     16384     0.051
23:06:41.841 ib_pg_f        125924  nvme1n1 WS   813920     16384     0.053
23:06:41.841 ib_pg_f        125924  nvme1n1 WS   813952     16384     0.060
23:06:41.841 ib_pg_f        125924  nvme1n1 WS   1756547840 16384     0.054
23:06:41.841 ib_pg_f        125924  nvme1n1 WS   1520145408 16384     0.060
23:06:41.841 ib_pg_f        125924  nvme1n1 WS   1520145440 16384     0.055
23:06:41.841 ib_pg_f        125924  nvme1n1 WS   1436640    16384     0.053
23:06:41.841 ib_pg_f        125924  nvme1n1 WS   1520145216 16384     0.056
23:06:41.841 ib_pg_f        125924  nvme1n1 WS   1520144384 16384     0.050
23:06:41.841 ib_pg_f        125924  nvme1n1 WS   1436768    16384     0.050
23:06:41.841 ib_pg_f        125924  nvme1n1 WS   1757690592 16384     0.052
23:06:41.841 ib_pg_f        125924  nvme1n1 WS   1757760512 16384     0.045
23:06:41.841 ib_pg_f        125924  nvme1n1 WS   1437024    16384     0.048
23:06:41.841 ib_pg_f        125924  nvme1n1 WS   1436000    16384     0.054
23:06:41.841 ib_pg_f        125924  nvme1n1 WS   1436160    16384     0.063
23:06:41.841 ib_pg_f        125924  nvme1n1 WS   1757151456 16384     0.054
23:06:41.841 ib_pg_f        125924  nvme1n1 WS   1755204384 16384     0.061
23:06:41.841 ib_pg_f        125924  nvme1n1 WS   1740411744 16384     0.061
23:06:41.841 ib_pg_f        125924  nvme1n1 WS   1734139704 16384     0.046
23:06:41.841 ib_pg_f        125924  nvme1n1 WS   1753733696 16384     0.051
23:06:41.841 ib_pg_f        125924  nvme1n1 WS   1734139736 16384     0.056
23:06:41.841 ib_pg_f        125924  nvme1n1 WS   1734139768 16384     0.066
23:06:41.841 ib_pg_f        125924  nvme1n1 WS   1740407648 16384     0.070
23:06:41.841 ib_pg_f        125924  nvme1n1 WS   1734139800 16384     0.073
23:06:41.841 ib_pg_f        125924  nvme1n1 WS   1755202560 16384     0.092
23:06:41.841 ib_pg_f        125924  nvme1n1 WS   814048     16384     0.087
23:06:41.841 ib_pg_f        125924  nvme1n1 WS   814080     16384     0.072
23:06:41.841 ib_pg_f        125924  nvme1n1 WS   813984     16384     0.066
23:06:41.841 ib_pg_f        125924  nvme1n1 WS   814016     16384     0.067
23:06:41.841 ib_pg_f        125924  nvme1n1 WS   1740407584 16384     0.061
23:06:41.841 ib_pg_f        125924  nvme1n1 WS   1757760192 16384     0.047
23:06:41.841 ib_pg_f        125924  nvme1n1 WS   1757691744 16384     0.041
23:06:41.841 ib_pg_f        125924  nvme1n1 WS   1756547808 16384     0.045
23:06:41.841 ib_pg_f        125924  nvme1n1 WS   1757691296 16384     0.057
23:06:41.841 ib_pg_f        125924  nvme1n1 WS   1740077280 16384     0.060
23:06:41.841 ib_pg_f        125924  nvme1n1 WS   1740407712 16384     0.060
23:06:41.841 ib_pg_f        125924  nvme1n1 WS   1755202304 16384     0.062
23:06:41.841 ib_pg_f        125924  nvme1n1 WS   1755158848 16384     0.069
23:06:41.841 ib_pg_f        125924  nvme1n1 WS   1740414240 16384     0.069
23:06:41.841 ib_pg_f        125924  nvme1n1 WS   1740077376 16384     0.070
23:06:41.841 ib_pg_f        125924  nvme1n1 WS   1740407072 16384     0.074
23:06:41.841 ib_pg_f        125924  nvme1n1 WS   1756836384 16384     0.068
23:06:41.841 ib_pg_f        125924  nvme1n1 WS   1757151392 16384     0.066
23:06:42.529 nvme           1322632 Unknown N    -1         512       0.037
23:06:42.715 ib_log_        125924  nvme1n1 WS   1757458616 4096      0.054
23:06:42.715 ib_log_        125924  nvme1n1 WS   1757454744 4096      0.043
23:06:42.977 kworker        1210729 nvme0n1 W    3040688    4096      0.604
23:06:42.977 kworker        1272320 nvme0n1 W    32611904   4096      0.619
23:06:43.531 nvme           1322646 Unknown N    -1         512       0.084
23:06:43.839 ib_pg_f        125924  nvme1n1 WS   1740046336 16384     0.065
23:06:43.840 ib_pg_f        125924  nvme1n1 WS   1757760160 16384     0.042
23:06:44.534 nvme           1322655 Unknown N    -1         512       0.034
23:06:44.715 ib_log_        125924  nvme1n1 WS   1757454744 4096      0.057
23:06:45.536 nvme           1322666 Unknown N    -1         512       0.036
23:06:46.049 kworker        1304865 nvme0n1 W    8128584    4096      0.453
23:06:46.049 kworker        1304865 nvme0n1 W    8128512    4096      0.473
23:06:46.049 kworker        1304865 nvme0n1 W    8128648    4096      0.478
23:06:46.049 kworker        1304865 nvme0n1 W    8128888    16384     0.521
23:06:46.049 kworker        1304865 nvme0n1 W    8128744    4096      0.525
23:06:46.049 kworker        1304865 nvme0n1 W    8129016    65536     0.616
23:06:46.050 kworker        1304865 nvme0n1 W    8129784    262144    1.480
23:06:46.050 kworker        1304865 nvme0n1 W    8129272    262144    1.525
23:06:46.050 kworker        1304865 nvme0n1 W    8130808    262144    1.610
23:06:46.050 kworker        1304865 nvme0n1 W    8130296    262144    1.656
23:06:46.051 kworker        1304865 nvme0n1 W    8131832    262144    2.106
23:06:46.051 kworker        1304865 nvme0n1 W    8131320    262144    2.292
23:06:46.051 kworker        1304865 nvme0n1 W    8132856    262144    1.711
23:06:46.051 kworker        1304865 nvme0n1 W    8132344    262144    2.692
23:06:46.052 kworker        1304865 nvme0n1 W    8133880    262144    1.718
23:06:46.052 kworker        1304865 nvme0n1 W    8133368    262144    2.485
23:06:46.053 kworker        1304865 nvme0n1 W    8134904    262144    1.897
23:06:46.053 kworker        1304865 nvme0n1 W    8134392    262144    2.447
23:06:46.053 kworker        1304865 nvme0n1 W    8135928    131072    1.494
23:06:46.053 kworker        1304865 nvme0n1 W    8139512    131072    1.697
23:06:46.054 kworker        1304865 nvme0n1 W    8135416    262144    2.669
23:06:46.054 kworker        1304865 nvme0n1 W    8142456    65536     1.454
23:06:46.054 kworker        1304865 nvme0n1 W    8136696    131072    2.220
23:06:46.054 kworker        1304865 nvme0n1 W    8143640    16384     0.900
23:06:46.054 kworker        1304865 nvme0n1 W    8143992    65536     0.920
23:06:46.054 kworker        1304865 nvme0n1 W    8141816    131072    1.757
23:06:46.054 kworker        1304865 nvme0n1 W    36016152   4096      0.784
23:06:46.054 kworker        1304865 nvme0n1 W    36016256   16384     0.794
23:06:46.054 kworker        1304865 nvme0n1 W    36023200   4096      0.439
23:06:46.054 kworker        1304865 nvme0n1 W    36023040   4096      0.450
23:06:46.054 kworker        1304865 nvme0n1 W    36017248   16384     0.494
23:06:46.054 kworker        1304865 nvme0n1 W    36021248   131072    0.796
23:06:46.055 kworker        1304865 nvme0n1 W    36025096   4096      0.574
23:06:46.055 kworker        1304865 nvme0n1 W    36023392   16384     0.647
23:06:46.055 kworker        1304865 nvme0n1 W    36023456   16384     1.100
23:06:46.055 kworker        1304865 nvme0n1 W    36022528   262144    1.405
23:06:46.055 kworker        1304865 nvme0n1 W    36025728   262144    1.200
23:06:46.056 kworker        1304865 nvme0n1 W    36026240   196608    1.657
23:06:46.056 kworker        1304865 nvme0n1 W    36163584   262144    1.777
23:06:46.056 kworker        1304865 nvme0n1 W    36164712   45056     1.722
23:06:46.056 kworker        1304865 nvme0n1 W    36164960   16384     1.724
23:06:46.056 kworker        1304865 nvme0n1 W    36029184   262144    1.889
23:06:46.056 kworker        1304865 nvme0n1 W    36167056   8192      1.285
23:06:46.056 kworker        1304865 nvme0n1 W    36166400   131072    1.367
23:06:46.057 kworker        1304865 nvme0n1 W    36167496   4096      0.628
23:06:46.057 kworker        1304865 nvme0n1 W    36167944   4096      0.639
23:06:46.057 kworker        1304865 nvme0n1 W    36168384   32768     0.492
23:06:46.057 jbd2/nv        752     nvme1n1 WSM  878901712  36864     0.083
23:06:46.057 jbd2/nv        752     nvme1n1 WSM  878901784  4096      0.031
23:06:46.057 kworker        1304865 nvme0n1 W    36171776   131072    0.862
23:06:46.058 kworker        1304865 nvme0n1 W    36173056   262144    1.384
23:06:46.058 kworker        1304865 nvme0n1 W    36174336   65536     1.444
23:06:46.058 kworker        1304865 nvme0n1 W    36173568   131072    1.447
23:06:46.058 kworker        1304865 nvme0n1 W    36177152   16384     1.393
23:06:46.058 kworker        1304865 nvme0n1 W    36175104   16384     1.396
23:06:46.058 kworker        1304865 nvme0n1 W    36312064   262144    1.924
23:06:46.059 kworker        1304865 nvme0n1 W    36314368   131072    1.247
23:06:46.059 kworker        1304865 nvme0n1 W    36315136   131072    1.329
23:06:46.059 kworker        1304865 nvme0n1 W    7337984    4096      0.728
23:06:46.059 kworker        1304865 nvme0n1 W    36318848   32768     0.863
23:06:46.059 kworker        1304865 nvme0n1 W    36318464   65536     0.867
23:06:46.059 kworker        1304865 nvme0n1 W    36316032   131072    1.175
23:06:46.538 nvme           1322673 Unknown N    -1         512       0.032
23:06:47.525 amoprof        1271097 nvme1n1 W    583582712  4096      0.057
