TIMESTAMP    COMM           PID     DISK    T    SECTOR     BYTES   LAT(ms)
21:43:18.461 python3        1046589 nvme1n1 WS   1566765056 131072    0.221
21:43:18.461 python3        1046589 nvme1n1 WS   1566765312 131072    0.248
21:43:18.461 python3        1046589 nvme1n1 WS   1566765568 131072    0.339
21:43:18.461 python3        1046589 nvme1n1 WS   1566765824 131072    0.421
21:43:18.461 python3        1046589 nvme1n1 WS   1566766080 131072    0.503
21:43:18.461 python3        1046586 nvme1n1 WS   1566760960 131072    0.589
21:43:18.461 python3        1046586 nvme1n1 WS   1566761216 131072    0.674
21:43:18.461 python3        1046589 nvme1n1 WS   1566766336 131072    0.731
21:43:18.461 python3        1046589 nvme1n1 WS   1566766592 131072    0.811
21:43:18.462 python3        1046586 nvme1n1 WS   1566761472 131072    0.899
21:43:18.462 python3        1046586 nvme1n1 WS   1566761728 131072    0.980
21:43:18.462 python3        1046586 nvme1n1 WS   1566761984 131072    1.069
21:43:18.462 python3        1046586 nvme1n1 WS   1566762240 131072    1.151
21:43:18.462 python3        1046586 nvme1n1 WS   1566762496 131072    1.234
21:43:18.462 python3        1046587 nvme1n1 WS   1566855168 131072    1.322
21:43:18.462 python3        1046587 nvme1n1 WS   1566855424 131072    1.393
21:43:18.462 python3        1046587 nvme1n1 WS   1566855680 131072    1.469
21:43:18.462 python3        1046587 nvme1n1 WS   1566855936 131072    1.549
21:43:18.462 python3        1046587 nvme1n1 WS   1566856192 131072    1.632
21:43:18.462 python3        1046587 nvme1n1 WS   1566856448 131072    1.704
21:43:18.462 python3        1046587 nvme1n1 WS   1566856704 131072    1.782
21:43:18.463 python3        1046589 nvme1n1 WS   1566766848 131072    1.856
21:43:18.463 python3        1046589 nvme1n1 WS   1566767104 131072    1.935
21:43:18.463 python3        1046589 nvme1n1 WS   1566767360 131072    2.016
21:43:18.463 python3        1046589 nvme1n1 WS   1566767616 131072    2.095
21:43:18.463 python3        1046589 nvme1n1 WS   1566767872 131072    2.179
21:43:18.463 python3        1046589 nvme1n1 WS   1566768128 131072    2.258
21:43:18.463 python3        1046589 nvme1n1 WS   1566768384 131072    2.335
21:43:18.463 python3        1046589 nvme1n1 WS   1566768640 131072    2.408
21:43:18.463 python3        1046586 nvme1n1 WS   1566762752 131072    2.499
21:43:18.463 python3        1046586 nvme1n1 WS   1566763008 131072    2.574
21:43:18.463 python3        1046586 nvme1n1 WS   1566763264 131072    2.650
21:43:18.463 python3        1046586 nvme1n1 WS   1566763520 131072    2.726
21:43:18.464 python3        1046586 nvme1n1 WS   1566763776 131072    2.800
21:43:18.464 python3        1046586 nvme1n1 WS   1566764032 131072    2.875
21:43:18.464 python3        1046586 nvme1n1 WS   1566764288 131072    2.950
21:43:18.464 python3        1046586 nvme1n1 WS   1566764544 131072    3.025
21:43:18.464 python3        1046588 nvme1n1 WS   1566859264 131072    3.111
21:43:18.464 python3        1046588 nvme1n1 WS   1566859520 131072    3.178
21:43:18.464 python3        1046588 nvme1n1 WS   1566859776 131072    3.253
21:43:18.464 python3        1046588 nvme1n1 WS   1566860032 131072    3.328
21:43:18.464 python3        1046588 nvme1n1 WS   1566860288 131072    3.402
21:43:18.464 python3        1046589 nvme1n1 WS   1566769152 131072    3.501
21:43:18.464 python3        1046589 nvme1n1 WS   1566769408 131072    3.566
21:43:18.464 python3        1046589 nvme1n1 WS   1566769664 131072    3.640
21:43:18.465 python3        1046587 nvme1n1 WS   1566856960 131072    3.732
21:43:18.465 python3        1046587 nvme1n1 WS   1566857216 131072    3.802
21:43:18.465 python3        1046589 nvme1n1 WS   1566768896 131072    3.879
21:43:18.465 python3        1046589 nvme1n1 WS   1566773248 131072    3.953
21:43:18.465 python3        1046589 nvme1n1 WS   1566773504 131072    4.026
21:43:18.465 python3        1046587 nvme1n1 WS   1566857472 131072    4.108
21:43:18.465 python3        1046587 nvme1n1 WS   1566857728 131072    4.178
21:43:18.465 python3        1046587 nvme1n1 WS   1566857984 131072    4.251
21:43:18.465 python3        1046587 nvme1n1 WS   1566858240 131072    4.324
21:43:18.465 python3        1046587 nvme1n1 WS   1566858496 131072    4.402
21:43:18.465 python3        1046587 nvme1n1 WS   1566858752 131072    4.479
21:43:18.465 python3        1046588 nvme1n1 WS   1566860544 131072    4.631
21:43:18.465 python3        1046588 nvme1n1 WS   1566860800 131072    4.660
21:43:18.466 python3        1046589 nvme1n1 WS   1566769920 131072    4.750
21:43:18.466 python3        1046589 nvme1n1 WS   1566770176 131072    4.818
21:43:18.466 python3        1046589 nvme1n1 WS   1566770432 131072    4.893
21:43:18.466 python3        1046589 nvme1n1 WS   1566770688 131072    4.970
21:43:18.466 python3        1046586 nvme1n1 WS   1566764800 131072    5.122
21:43:18.466 python3        1046586 nvme1n1 WS   1566777344 131072    5.141
21:43:18.466 python3        1046586 nvme1n1 WS   1566777600 131072    5.214
21:43:18.466 python3        1046588 nvme1n1 WS   1566861056 131072    5.252
21:43:18.466 python3        1046588 nvme1n1 WS   1566861312 131072    5.331
21:43:18.466 python3        1046588 nvme1n1 WS   1566861568 131072    5.402
21:43:18.466 python3        1046588 nvme1n1 WS   1566861824 131072    5.476
21:43:18.466 python3        1046588 nvme1n1 WS   1566862080 131072    5.553
21:43:18.466 python3        1046588 nvme1n1 WS   1566862336 131072    5.626
21:43:18.467 python3        1046588 nvme1n1 WS   1566862592 131072    5.702
21:43:18.467 python3        1046588 nvme1n1 WS   1566862848 131072    5.780
21:43:18.467 python3        1046587 nvme1n1 WS   1566859008 131072    5.894
21:43:18.467 python3        1046587 nvme1n1 WS   1566863360 131072    5.965
21:43:18.467 python3        1046587 nvme1n1 WS   1566863616 131072    6.040
21:43:18.467 python3        1046589 nvme1n1 WS   1566770944 131072    6.117
21:43:18.467 python3        1046589 nvme1n1 WS   1566771200 131072    6.186
21:43:18.467 python3        1046589 nvme1n1 WS   1566771456 131072    6.262
21:43:18.467 python3        1046589 nvme1n1 WS   1566771712 131072    6.342
21:43:18.467 python3        1046589 nvme1n1 WS   1566771968 131072    6.413
21:43:18.467 python3        1046589 nvme1n1 WS   1566772224 131072    6.487
21:43:18.467 python3        1046589 nvme1n1 WS   1566772480 131072    6.565
21:43:18.468 python3        1046589 nvme1n1 WS   1566772736 131072    6.642
21:43:18.468 python3        1046589 nvme1n1 WS   1566772992 131072    6.694
21:43:18.468 python3        1046588 nvme1n1 WS   1566863104 131072    6.804
21:43:18.468 python3        1046588 nvme1n1 WS   1566867456 131072    6.878
21:43:18.468 python3        1046588 nvme1n1 WS   1566867712 131072    6.954
21:43:18.468 python3        1046589 nvme1n1 WS   1566781440 131072    7.025
21:43:18.468 python3        1046589 nvme1n1 WS   1566781696 131072    7.130
21:43:18.468 python3        1046587 nvme1n1 WS   1566785536 131072    6.457
21:43:18.468 python3        1046587 nvme1n1 WS   1566785792 131072    6.529
21:43:18.468 python3        1046587 nvme1n1 WS   1566786048 131072    6.606
21:43:18.468 python3        1046587 nvme1n1 WS   1566786304 131072    6.677
21:43:18.468 python3        1046587 nvme1n1 WS   1566786560 131072    6.751
21:43:18.469 python3        1046589 nvme1n1 WS   1569421312 131072    6.833
21:43:18.469 python3        1046589 nvme1n1 WS   1569421568 131072    6.904
21:43:18.469 python3        1046589 nvme1n1 WS   1569421824 131072    6.978
21:43:18.469 python3        1046589 nvme1n1 WS   1569422080 131072    7.058
21:43:18.469 python3        1046587 nvme1n1 WS   1566786816 131072    7.152
21:43:18.469 python3        1046587 nvme1n1 WS   1566787072 131072    7.221
21:43:18.469 python3        1046589 nvme1n1 WS   1569422336 131072    7.293
21:43:18.469 python3        1046589 nvme1n1 WS   1569422592 131072    7.367
21:43:18.469 python3        1046589 nvme1n1 WS   1569422848 61440     7.403
21:43:18.469 python3        1046587 nvme1n1 WS   1566787328 131072    7.444
21:43:18.469 python3        1046587 nvme1n1 WS   1566787584 131072    7.514
21:43:18.469 python3        1046587 nvme1n1 WS   1566787840 131072    7.586
21:43:18.469 python3        1046587 nvme1n1 WS   1566788096 131072    7.661
21:43:18.470 python3        1046587 nvme1n1 WS   1561704448 131072    7.755
21:43:18.470 python3        1046587 nvme1n1 WS   1561704704 131072    7.824
21:43:18.470 python3        1046587 nvme1n1 WS   1561704960 131072    7.903
21:43:18.470 python3        1046587 nvme1n1 WS   1561705216 131072    7.979
21:43:18.470 python3        1046587 nvme1n1 WS   1561705472 131072    8.053
21:43:18.470 python3        1046587 nvme1n1 WS   1561705728 131072    8.131
21:43:18.470 python3        1046587 nvme1n1 WS   1561705984 61440     8.167
21:43:18.470 python3        1046587 nvme1n1 WS   1566788352 131072    8.257
21:43:18.470 python3        1046587 nvme1n1 WS   1566788608 131072    8.328
21:43:18.470 python3        1046587 nvme1n1 WS   1566788864 131072    8.402
21:43:18.470 python3        1046587 nvme1n1 WS   1566789120 131072    8.474
21:43:18.470 python3        1046586 nvme1n1 WS   1566789632 131072    8.543
21:43:18.470 python3        1046586 nvme1n1 WS   1566789888 131072    8.616
21:43:18.470 python3        1046586 nvme1n1 WS   1566790144 131072    8.689
21:43:18.471 python3        1046586 nvme1n1 WS   1566790400 131072    8.765
21:43:18.471 python3        1046586 nvme1n1 WS   1566790656 131072    8.841
21:43:18.471 python3        1046587 nvme1n1 WS   1566789376 131072    8.929
21:43:18.471 python3        1046587 nvme1n1 WS   1566793728 131072    9.000
21:43:18.471 python3        1046587 nvme1n1 WS   1566793984 131072    9.073
21:43:18.471 python3        1046586 nvme1n1 WS   1566790912 131072    9.158
21:43:18.471 python3        1046586 nvme1n1 WS   1566791168 131072    9.235
21:43:18.471 python3        1046586 nvme1n1 WS   1569425408 131072    9.296
21:43:18.471 python3        1046586 nvme1n1 WS   1569425664 131072    9.363
21:43:18.471 python3        1046586 nvme1n1 WS   1569425920 131072    9.454
21:43:18.471 python3        1046586 nvme1n1 WS   1569426176 131072    9.517
21:43:18.471 python3        1046586 nvme1n1 WS   1569426432 131072    9.592
21:43:18.472 python3        1046586 nvme1n1 WS   1569426688 131072    9.666
21:43:18.472 python3        1046586 nvme1n1 WS   1566791424 131072    9.757
21:43:18.472 python3        1046586 nvme1n1 WS   1566791680 131072    9.826
21:43:18.472 python3        1046586 nvme1n1 WS   1566791936 131072    9.898
21:43:18.472 python3        1046586 nvme1n1 WS   1569426944 61440     9.943
21:43:18.472 python3        1046586 nvme1n1 WS   1566792192 131072   10.015
21:43:18.472 python3        1046586 nvme1n1 WS   1566792448 131072   10.089
21:43:18.472 python3        1046586 nvme1n1 WS   1566792704 131072   10.166
21:43:18.472 python3        1046586 nvme1n1 WS   1566792960 131072   10.240
21:43:18.472 python3        1046586 nvme1n1 WS   1566793216 131072   10.319
21:43:18.472 python3        1046586 nvme1n1 WS   1566793472 131072   10.374
21:43:18.472 python3        1046586 nvme1n1 WS   1566797824 131072   10.448
21:43:18.472 python3        1046586 nvme1n1 WS   1566798080 131072   10.524
21:43:18.473 python3        1046588 nvme1n1 WS   1566871552 131072   10.304
21:43:18.473 python3        1046588 nvme1n1 WS   1566871808 131072   10.371
21:43:18.473 python3        1046588 nvme1n1 WS   1566872064 131072   10.449
21:43:18.473 python3        1046588 nvme1n1 WS   1566872320 131072   10.523
21:43:18.473 python3        1046588 nvme1n1 WS   1566872576 131072   10.609
21:43:18.473 python3        1046588 nvme1n1 WS   1566872832 131072   10.683
21:43:18.473 python3        1046588 nvme1n1 WS   1566873088 131072   10.760
21:43:18.473 python3        1046588 nvme1n1 WS   1566873344 131072   10.797
21:43:18.473 python3        1046588 nvme1n1 WS   1566873600 131072   10.871
21:43:18.473 python3        1046588 nvme1n1 WS   1566873856 131072   10.949
21:43:18.473 python3        1046588 nvme1n1 WS   1566874112 131072   11.026
21:43:18.473 python3        1046588 nvme1n1 WS   1566874368 131072   11.102
21:43:18.473 python3        1046588 nvme1n1 WS   1566874624 131072   11.182
21:43:18.474 python3        1046588 nvme1n1 WS   1566874880 131072   11.262
21:43:18.474 python3        1046588 nvme1n1 WS   1566875136 131072   11.341
21:43:18.474 python3        1046588 nvme1n1 WS   1569433600 131072   11.432
21:43:18.474 python3        1046588 nvme1n1 WS   1569433856 131072   11.503
21:43:18.474 python3        1046588 nvme1n1 WS   1569434112 131072   11.581
21:43:18.474 python3        1046588 nvme1n1 WS   1569434368 131072   11.657
21:43:18.474 python3        1046588 nvme1n1 WS   1569434624 131072   11.730
21:43:18.474 python3        1046588 nvme1n1 WS   1569434880 131072   11.807
21:43:18.474 python3        1046588 nvme1n1 WS   1569435136 61440    11.841
21:43:18.474 python3        1046588 nvme1n1 WS   1566875392 131072   11.911
21:43:18.474 python3        1046588 nvme1n1 WS   1566875648 131072   11.989
21:43:18.474 python3        1046588 nvme1n1 WS   1566875904 131072   12.061
21:43:18.574 nvme           1178247 Unknown N    -1         512       0.039
21:43:19.378 jbd2/nv        752     nvme1n1 WSM  878135160  131072    0.166
21:43:19.378 jbd2/nv        752     nvme1n1 WSM  878135416  131072    0.207
21:43:19.378 jbd2/nv        752     nvme1n1 WSM  878135672  53248     0.224
21:43:19.378 jbd2/nv        752     nvme1n1 WSM  878135776  4096      0.030
21:43:19.522 ib_log_        125941  nvme1n1 WS   1739231640 4096      0.042
21:43:19.522 connect        125941  nvme1n1 WS   1755361528 4096      0.036
21:43:19.522 jbd2/nv        752     nvme1n1 WSM  878135784  16384     0.046
21:43:19.522 jbd2/nv        752     nvme1n1 WSM  878135816  4096      0.028
21:43:19.523 ib_log_        125941  nvme1n1 WS   1739231640 4096      0.029
21:43:19.577 nvme           1178308 Unknown N    -1         512       0.029
21:43:19.585 ib_log_        125941  nvme1n1 WS   1739231640 4096      0.036
21:43:19.586 ib_log_        125941  nvme1n1 WS   1739231640 4096      0.032
21:43:19.694 ib_log_        125941  nvme1n1 WS   1739231640 4096      0.056
21:43:19.926 VLLM::W        1046589 nvme1n1 RS   575737856  131072    0.215
21:43:19.926 VLLM::W        1046589 nvme1n1 RS   575738112  131072    0.258
21:43:19.926 VLLM::W        1046589 nvme1n1 RS   575738368  131072    0.293
21:43:19.926 VLLM::W        1046589 nvme1n1 RS   575738624  131072    0.328
21:43:19.926 VLLM::W        1046589 nvme1n1 RS   575739136  131072    0.382
21:43:19.926 VLLM::W        1046589 nvme1n1 RS   575738880  131072    0.395
21:43:19.926 VLLM::W        1046589 nvme1n1 RS   575739392  131072    0.393
21:43:19.926 VLLM::W        1046589 nvme1n1 RS   575739648  131072    0.436
21:43:19.926 VLLM::W        1046589 nvme1n1 RS   575739904  131072    0.447
21:43:19.926 VLLM::W        1046589 nvme1n1 RS   575740160  131072    0.457
21:43:19.927 VLLM::W        1046589 nvme1n1 RS   575740672  131072    0.539
21:43:19.927 VLLM::W        1046589 nvme1n1 RS   575740928  131072    0.560
21:43:19.927 VLLM::W        1046589 nvme1n1 RS   575740416  131072    0.576
21:43:19.927 VLLM::W        1046589 nvme1n1 RS   575741696  131072    0.647
21:43:19.927 VLLM::W        1046589 nvme1n1 RS   575741184  131072    0.693
21:43:19.927 VLLM::W        1046589 nvme1n1 RS   575741952  131072    0.690
21:43:19.927 VLLM::W        1046589 nvme1n1 RS   575741440  131072    0.718
21:43:19.927 VLLM::W        1046589 nvme1n1 RS   575742208  131072    0.755
21:43:19.927 VLLM::W        1046587 nvme1n1 RS   1565474816 131072    0.711
21:43:19.927 VLLM::W        1046587 nvme1n1 RS   1565475584 131072    0.808
21:43:19.927 VLLM::W        1046587 nvme1n1 RS   1565475072 131072    0.833
21:43:19.927 VLLM::W        1046587 nvme1n1 RS   1565475328 131072    0.845
21:43:19.927 VLLM::W        1046587 nvme1n1 RS   1565475840 131072    0.851
21:43:19.927 VLLM::W        1046587 nvme1n1 RS   1565476096 131072    0.904
21:43:19.927 VLLM::W        1046587 nvme1n1 RS   1565476352 131072    0.907
21:43:19.927 VLLM::W        1046586 nvme1n1 RS   1565462784 131072    0.990
21:43:19.927 VLLM::W        1046586 nvme1n1 RS   1565463040 131072    0.998
21:43:19.927 VLLM::W        1046586 nvme1n1 RS   1565462528 131072    1.016
21:43:19.927 VLLM::W        1046586 nvme1n1 RS   1565463552 131072    1.081
21:43:19.927 VLLM::W        1046586 nvme1n1 RS   1565463808 131072    1.110
21:43:19.927 VLLM::W        1046586 nvme1n1 RS   1565464064 131072    1.127
21:43:19.927 VLLM::W        1046586 nvme1n1 RS   1565463296 131072    1.150
21:43:19.927 VLLM::W        1046587 nvme1n1 RS   1565476608 131072    1.185
21:43:19.927 VLLM::W        1046587 nvme1n1 RS   1565477120 131072    1.219
21:43:19.927 VLLM::W        1046587 nvme1n1 RS   1565476864 131072    1.231
21:43:19.927 VLLM::W        1046587 nvme1n1 RS   1565477376 131072    1.256
21:43:19.928 VLLM::W        1046587 nvme1n1 RS   1565477632 131072    1.285
21:43:19.928 VLLM::W        1046587 nvme1n1 RS   1565477888 131072    1.311
21:43:19.928 VLLM::W        1046587 nvme1n1 RS   1565478144 131072    1.356
21:43:19.928 VLLM::W        1046587 nvme1n1 RS   1565478400 131072    1.367
21:43:19.928 VLLM::W        1046587 nvme1n1 RS   1565478656 131072    1.398
21:43:19.928 VLLM::W        1046586 nvme1n1 RS   1565464576 131072    1.463
21:43:19.928 VLLM::W        1046586 nvme1n1 RS   1565464320 131072    1.491
21:43:19.928 VLLM::W        1046586 nvme1n1 RS   1565464832 131072    1.501
21:43:19.928 VLLM::W        1046587 nvme1n1 RS   1565495296 131072    1.536
21:43:19.928 VLLM::W        1046587 nvme1n1 RS   1565495552 131072    1.589
21:43:19.928 VLLM::W        1046586 nvme1n1 RS   1565465088 131072    1.595
21:43:19.928 VLLM::W        1046586 nvme1n1 RS   1565465344 131072    1.667
21:43:19.928 VLLM::W        1046586 nvme1n1 RS   1565465600 131072    1.685
21:43:19.928 VLLM::W        1046586 nvme1n1 RS   1565465856 131072    1.720
21:43:19.928 VLLM::W        1046586 nvme1n1 RS   1565466112 131072    1.725
21:43:19.928 VLLM::W        1046586 nvme1n1 RS   1565483008 131072    1.847
21:43:19.928 VLLM::W        1046586 nvme1n1 RS   1565483264 131072    1.859
21:43:19.928 VLLM::W        1046586 nvme1n1 RS   1565466368 131072    1.875
21:43:19.928 VLLM::W        1046589 nvme1n1 RS   1565519872 131072    1.200
21:43:19.928 VLLM::W        1046589 nvme1n1 RS   1565520384 131072    1.247
21:43:19.928 VLLM::W        1046589 nvme1n1 RS   1565520128 131072    1.268
21:43:19.928 VLLM::W        1046589 nvme1n1 RS   1565520640 131072    1.275
21:43:19.928 VLLM::W        1046589 nvme1n1 RS   1565520896 131072    1.307
21:43:19.928 VLLM::W        1046589 nvme1n1 RS   1565521152 131072    1.337
21:43:19.928 VLLM::W        1046589 nvme1n1 RS   1565521408 131072    1.393
21:43:19.928 VLLM::W        1046589 nvme1n1 RS   1565521664 131072    1.365
21:43:19.928 VLLM::W        1046589 nvme1n1 RS   1565521920 131072    1.383
21:43:19.929 VLLM::W        1046589 nvme1n1 RS   1565522176 131072    1.447
21:43:19.929 VLLM::W        1046589 nvme1n1 RS   1565522432 131072    1.452
21:43:19.929 VLLM::W        1046589 nvme1n1 RS   1565522944 131072    1.508
21:43:19.929 VLLM::W        1046589 nvme1n1 RS   1565522688 131072    1.525
21:43:19.929 VLLM::W        1046589 nvme1n1 RS   1565523456 131072    1.568
21:43:19.929 VLLM::W        1046589 nvme1n1 RS   1565523712 131072    1.601
21:43:19.929 VLLM::W        1046589 nvme1n1 RS   1565523200 131072    1.633
21:43:19.929 VLLM::W        1046589 nvme1n1 RS   1565536256 131072    1.680
21:43:19.929 VLLM::W        1046589 nvme1n1 RS   1565536512 131072    1.690
21:43:19.929 VLLM::W        1046587 nvme1n1 RS   1565499392 131072    0.811
21:43:19.929 VLLM::W        1046587 nvme1n1 RS   1565499648 131072    0.833
21:43:19.929 VLLM::W        1046587 nvme1n1 RS   1565500160 131072    0.890
21:43:19.929 VLLM::W        1046587 nvme1n1 RS   1565499904 131072    0.902
21:43:19.929 VLLM::W        1046587 nvme1n1 RS   1565500416 131072    0.954
21:43:19.929 VLLM::W        1046587 nvme1n1 RS   1565500928 131072    1.007
21:43:19.929 VLLM::W        1046587 nvme1n1 RS   1565500672 131072    1.034
21:43:19.929 VLLM::W        1046587 nvme1n1 RS   1565501184 131072    1.097
21:43:19.929 VLLM::W        1046587 nvme1n1 RS   1565501952 131072    1.102
21:43:19.929 VLLM::W        1046587 nvme1n1 RS   1565501696 131072    1.119
21:43:19.929 VLLM::W        1046587 nvme1n1 RS   1565502464 131072    1.159
21:43:19.929 VLLM::W        1046587 nvme1n1 RS   1565501440 131072    1.192
21:43:19.929 VLLM::W        1046587 nvme1n1 RS   1565502208 131072    1.196
21:43:19.929 VLLM::W        1046587 nvme1n1 RS   1565502976 131072    1.243
21:43:19.929 VLLM::W        1046587 nvme1n1 RS   1565503232 131072    1.248
21:43:19.929 VLLM::W        1046587 nvme1n1 RS   1565502720 131072    1.280
21:43:19.929 VLLM::W        1046587 nvme1n1 RS   1565511680 131072    1.320
21:43:19.929 VLLM::W        1046587 nvme1n1 RS   1565511936 131072    1.331
21:43:19.930 VLLM::W        1046586 nvme1n1 RS   844926976  131072    1.196
21:43:19.930 VLLM::W        1046586 nvme1n1 RS   844927232  131072    1.210
21:43:19.930 VLLM::W        1046586 nvme1n1 RS   844927488  131072    1.220
21:43:19.930 VLLM::W        1046586 nvme1n1 RS   844927744  131072    1.245
21:43:19.930 VLLM::W        1046586 nvme1n1 RS   844928000  131072    1.302
21:43:19.930 VLLM::W        1046586 nvme1n1 RS   844928256  131072    1.319
21:43:19.930 VLLM::W        1046586 nvme1n1 RS   844928512  131072    1.332
21:43:19.930 VLLM::W        1046586 nvme1n1 RS   844928768  131072    1.365
21:43:19.930 VLLM::W        1046586 nvme1n1 RS   844929024  131072    1.380
21:43:19.930 VLLM::W        1046586 nvme1n1 RS   844929280  131072    1.390
21:43:19.930 VLLM::W        1046586 nvme1n1 RS   844929536  131072    1.418
21:43:19.930 VLLM::W        1046586 nvme1n1 RS   844929792  131072    1.449
21:43:19.930 VLLM::W        1046586 nvme1n1 RS   844930048  131072    1.496
21:43:19.930 VLLM::W        1046586 nvme1n1 RS   844930304  131072    1.520
21:43:19.930 VLLM::W        1046586 nvme1n1 RS   844930560  131072    1.549
21:43:19.930 VLLM::W        1046586 nvme1n1 RS   844930816  131072    1.552
21:43:19.930 VLLM::W        1046586 nvme1n1 RS   844931072  131072    1.602
21:43:19.930 VLLM::W        1046586 nvme1n1 RS   844931328  131072    1.634
21:43:19.930 VLLM::W        1046589 nvme1n1 RS   1581850624 131072    1.189
21:43:19.930 VLLM::W        1046589 nvme1n1 RS   1581851136 131072    1.297
21:43:19.930 VLLM::W        1046589 nvme1n1 RS   1581851392 131072    1.309
21:43:19.930 VLLM::W        1046589 nvme1n1 RS   1581850880 131072    1.338
21:43:19.930 VLLM::W        1046589 nvme1n1 RS   1581851648 131072    1.402
21:43:19.930 VLLM::W        1046589 nvme1n1 RS   1581851904 131072    1.425
21:43:19.930 VLLM::W        1046589 nvme1n1 RS   1581852160 131072    1.432
21:43:19.930 VLLM::W        1046589 nvme1n1 RS   1581852416 131072    1.406
21:43:19.930 VLLM::W        1046589 nvme1n1 RS   1581852672 131072    1.425
21:43:19.930 VLLM::W        1046589 nvme1n1 RS   1581852928 131072    1.435
21:43:19.931 VLLM::W        1046589 nvme1n1 RS   1581853184 131072    1.476
21:43:19.931 VLLM::W        1046589 nvme1n1 RS   1581853440 131072    1.507
21:43:19.931 VLLM::W        1046589 nvme1n1 RS   1581853696 131072    1.538
21:43:19.931 VLLM::W        1046589 nvme1n1 RS   1581853952 131072    1.567
21:43:19.931 VLLM::W        1046589 nvme1n1 RS   1581854208 131072    1.608
21:43:19.931 VLLM::W        1046589 nvme1n1 RS   1581854464 131072    1.625
21:43:19.931 VLLM::W        1046589 nvme1n1 RS   1581854720 131072    1.664
21:43:19.931 VLLM::W        1046589 nvme1n1 RS   1581854976 131072    1.692
21:43:19.931 VLLM::W        1046587 nvme1n1 RS   844935168  131072    1.247
21:43:19.931 VLLM::W        1046587 nvme1n1 RS   844935424  131072    1.269
21:43:19.931 VLLM::W        1046587 nvme1n1 RS   844935680  131072    1.279
21:43:19.931 VLLM::W        1046587 nvme1n1 RS   844935936  131072    1.307
21:43:19.931 VLLM::W        1046587 nvme1n1 RS   844936192  131072    1.346
21:43:19.931 VLLM::W        1046587 nvme1n1 RS   844936448  131072    1.387
21:43:19.931 VLLM::W        1046587 nvme1n1 RS   844936704  131072    1.405
21:43:19.931 VLLM::W        1046587 nvme1n1 RS   844936960  131072    1.417
21:43:19.931 VLLM::W        1046587 nvme1n1 RS   844937216  131072    1.427
21:43:19.931 VLLM::W        1046587 nvme1n1 RS   844937472  131072    1.460
21:43:19.931 VLLM::W        1046587 nvme1n1 RS   844937728  131072    1.493
21:43:19.931 VLLM::W        1046587 nvme1n1 RS   844937984  131072    1.523
21:43:19.931 VLLM::W        1046587 nvme1n1 RS   844938240  131072    1.564
21:43:19.931 VLLM::W        1046587 nvme1n1 RS   844938496  131072    1.598
21:43:19.931 VLLM::W        1046587 nvme1n1 RS   844938752  131072    1.629
21:43:19.931 VLLM::W        1046587 nvme1n1 RS   844939008  131072    1.652
21:43:19.931 VLLM::W        1046587 nvme1n1 RS   844939264  131072    1.686
21:43:19.931 VLLM::W        1046587 nvme1n1 RS   844939520  131072    1.733
21:43:19.932 VLLM::W        1046586 nvme1n1 RS   1565466880 131072    1.241
21:43:19.932 VLLM::W        1046586 nvme1n1 RS   1565466624 131072    1.256
21:43:19.932 VLLM::W        1046586 nvme1n1 RS   1565467136 131072    1.278
21:43:19.932 VLLM::W        1046586 nvme1n1 RS   1565467392 131072    1.346
21:43:19.932 VLLM::W        1046586 nvme1n1 RS   1565467648 131072    1.372
21:43:19.932 VLLM::W        1046586 nvme1n1 RS   1565467904 131072    1.394
21:43:19.932 VLLM::W        1046586 nvme1n1 RS   1565468160 131072    1.414
21:43:19.932 VLLM::W        1046586 nvme1n1 RS   1565468416 131072    1.414
21:43:19.932 VLLM::W        1046586 nvme1n1 RS   1565468672 131072    1.426
21:43:19.932 VLLM::W        1046586 nvme1n1 RS   1565468928 131072    1.460
21:43:19.932 VLLM::W        1046586 nvme1n1 RS   1565469184 131072    1.500
21:43:19.932 VLLM::W        1046586 nvme1n1 RS   1565469440 131072    1.527
21:43:19.932 VLLM::W        1046586 nvme1n1 RS   1565469696 131072    1.555
21:43:19.932 VLLM::W        1046586 nvme1n1 RS   1565469952 131072    1.586
21:43:19.932 VLLM::W        1046586 nvme1n1 RS   1565470208 131072    1.619
21:43:19.932 VLLM::W        1046586 nvme1n1 RS   1565470464 131072    1.705
21:43:19.932 VLLM::W        1046586 nvme1n1 RS   1565487104 131072    1.717
21:43:19.932 VLLM::W        1046586 nvme1n1 RS   1565487360 131072    1.727
21:43:19.932 VLLM::W        1046589 nvme1n1 RS   1685999616 131072    1.240
21:43:19.932 VLLM::W        1046589 nvme1n1 RS   1685999872 131072    1.265
21:43:19.932 VLLM::W        1046589 nvme1n1 RS   1686000640 131072    1.328
21:43:19.932 VLLM::W        1046589 nvme1n1 RS   1686000128 131072    1.394
21:43:19.932 VLLM::W        1046589 nvme1n1 RS   1686000384 131072    1.400
21:43:19.932 VLLM::W        1046589 nvme1n1 RS   1686000896 131072    1.413
21:43:19.932 VLLM::W        1046589 nvme1n1 RS   1686001152 131072    1.425
21:43:19.933 VLLM::W        1046589 nvme1n1 RS   1686001920 131072    1.472
21:43:19.933 VLLM::W        1046589 nvme1n1 RS   1686002176 131072    1.482
21:43:19.933 VLLM::W        1046589 nvme1n1 RS   1686001408 131072    1.535
21:43:19.933 VLLM::W        1046589 nvme1n1 RS   1686001664 131072    1.545
21:43:19.933 VLLM::W        1046589 nvme1n1 RS   1686002432 131072    1.586
21:43:19.933 VLLM::W        1046589 nvme1n1 RS   1686002688 131072    1.603
21:43:19.933 VLLM::W        1046589 nvme1n1 RS   1686002944 131072    1.625
21:43:19.933 VLLM::W        1046589 nvme1n1 RS   1686003200 131072    1.636
21:43:19.933 VLLM::W        1046589 nvme1n1 RS   1686003968 131072    1.721
21:43:19.933 VLLM::W        1046589 nvme1n1 RS   1686003456 131072    1.743
21:43:19.933 VLLM::W        1046589 nvme1n1 RS   1686003712 131072    1.766
21:43:19.933 VLLM::W        1046587 nvme1n1 RS   1565503488 131072    1.238
21:43:19.933 VLLM::W        1046587 nvme1n1 RS   1565503744 131072    1.266
21:43:19.933 VLLM::W        1046587 nvme1n1 RS   1565504000 131072    1.292
21:43:19.933 VLLM::W        1046587 nvme1n1 RS   1565504256 131072    1.335
21:43:19.933 VLLM::W        1046587 nvme1n1 RS   1565504512 131072    1.346
21:43:19.933 VLLM::W        1046587 nvme1n1 RS   1565504768 131072    1.390
21:43:19.933 VLLM::W        1046587 nvme1n1 RS   1565505024 131072    1.454
21:43:19.933 VLLM::W        1046587 nvme1n1 RS   1565505280 131072    1.423
21:43:19.933 VLLM::W        1046587 nvme1n1 RS   1565505536 131072    1.482
21:43:19.933 VLLM::W        1046587 nvme1n1 RS   1565505792 131072    1.487
21:43:19.933 VLLM::W        1046587 nvme1n1 RS   1565506048 131072    1.556
21:43:19.933 VLLM::W        1046587 nvme1n1 RS   1565506304 131072    1.568
21:43:19.933 VLLM::W        1046587 nvme1n1 RS   1565506560 131072    1.578
21:43:19.933 VLLM::W        1046587 nvme1n1 RS   1565506816 131072    1.603
21:43:19.933 VLLM::W        1046587 nvme1n1 RS   1565507072 131072    1.628
21:43:19.933 VLLM::W        1046587 nvme1n1 RS   1565507328 131072    1.674
21:43:19.933 VLLM::W        1046587 nvme1n1 RS   1565507584 131072    1.699
21:43:19.933 VLLM::W        1046587 nvme1n1 RS   1565507840 131072    1.756
21:43:19.934 VLLM::W        1046586 nvme1n1 RS   1565479168 131072    1.227
21:43:19.934 VLLM::W        1046586 nvme1n1 RS   1565478912 131072    1.270
21:43:19.934 VLLM::W        1046586 nvme1n1 RS   1565479424 131072    1.277
21:43:19.934 VLLM::W        1046586 nvme1n1 RS   1565479680 131072    1.376
21:43:19.934 VLLM::W        1046586 nvme1n1 RS   1565479936 131072    1.383
21:43:19.934 VLLM::W        1046586 nvme1n1 RS   1565480192 131072    1.395
21:43:19.934 VLLM::W        1046586 nvme1n1 RS   1565480448 131072    1.410
21:43:19.934 VLLM::W        1046586 nvme1n1 RS   1565480704 131072    1.429
21:43:19.934 VLLM::W        1046586 nvme1n1 RS   1565480960 131072    1.446
21:43:19.934 VLLM::W        1046586 nvme1n1 RS   1565481216 131072    1.450
21:43:19.934 VLLM::W        1046586 nvme1n1 RS   1565481472 131072    1.481
21:43:19.934 VLLM::W        1046586 nvme1n1 RS   1565481728 131072    1.508
21:43:19.934 VLLM::W        1046586 nvme1n1 RS   1565481984 131072    1.547
21:43:19.934 VLLM::W        1046586 nvme1n1 RS   1565482240 131072    1.575
21:43:19.934 VLLM::W        1046586 nvme1n1 RS   1565482496 131072    1.613
21:43:19.934 VLLM::W        1046586 nvme1n1 RS   1565482752 131072    1.632
21:43:19.934 VLLM::W        1046586 nvme1n1 RS   1565491200 131072    1.669
21:43:19.934 VLLM::W        1046586 nvme1n1 RS   1565491456 131072    1.698
21:43:19.934 VLLM::W        1046589 nvme1n1 RS   57262080   131072    1.185
21:43:19.934 VLLM::W        1046589 nvme1n1 RS   57262336   131072    1.217
21:43:19.934 VLLM::W        1046589 nvme1n1 RS   57262592   131072    1.257
21:43:19.934 VLLM::W        1046589 nvme1n1 RS   57262848   131072    1.262
21:43:19.934 VLLM::W        1046589 nvme1n1 RS   57263104   131072    1.334
21:43:19.934 VLLM::W        1046589 nvme1n1 RS   57263360   131072    1.355
21:43:19.934 VLLM::W        1046589 nvme1n1 RS   57263616   131072    1.439
21:43:19.935 VLLM::W        1046589 nvme1n1 RS   57263872   131072    1.443
21:43:19.935 VLLM::W        1046589 nvme1n1 RS   57264384   131072    1.450
21:43:19.935 VLLM::W        1046589 nvme1n1 RS   57264640   131072    1.495
21:43:19.935 VLLM::W        1046589 nvme1n1 RS   57264896   131072    1.512
21:43:19.935 VLLM::W        1046589 nvme1n1 RS   57264128   131072    1.535
21:43:19.935 VLLM::W        1046589 nvme1n1 RS   57265408   131072    1.562
21:43:19.935 VLLM::W        1046589 nvme1n1 RS   57265152   131072    1.626
21:43:19.935 VLLM::W        1046589 nvme1n1 RS   57265920   131072    1.630
21:43:19.935 VLLM::W        1046589 nvme1n1 RS   57265664   131072    1.654
21:43:19.935 VLLM::W        1046589 nvme1n1 RS   57274624   131072    1.697
21:43:19.935 VLLM::W        1046589 nvme1n1 RS   57274368   131072    1.708
21:43:19.935 VLLM::W        1046587 nvme1n1 RS   57249792   131072    1.233
21:43:19.935 VLLM::W        1046587 nvme1n1 RS   57250048   131072    1.266
21:43:19.935 VLLM::W        1046587 nvme1n1 RS   57250304   131072    1.302
21:43:19.935 VLLM::W        1046587 nvme1n1 RS   57250560   131072    1.313
21:43:19.935 VLLM::W        1046587 nvme1n1 RS   57250816   131072    1.373
21:43:19.935 VLLM::W        1046587 nvme1n1 RS   57251072   131072    1.376
21:43:19.935 VLLM::W        1046587 nvme1n1 RS   57251328   131072    1.422
21:43:19.935 VLLM::W        1046587 nvme1n1 RS   57251584   131072    1.433
21:43:19.935 VLLM::W        1046587 nvme1n1 RS   57251840   131072    1.450
21:43:19.935 VLLM::W        1046587 nvme1n1 RS   57252096   131072    1.455
21:43:19.935 VLLM::W        1046587 nvme1n1 RS   57252352   131072    1.489
21:43:19.935 VLLM::W        1046587 nvme1n1 RS   57252608   131072    1.524
21:43:19.935 VLLM::W        1046587 nvme1n1 RS   57252864   131072    1.568
21:43:19.935 VLLM::W        1046587 nvme1n1 RS   57253120   131072    1.595
21:43:19.935 VLLM::W        1046587 nvme1n1 RS   57253376   131072    1.628
21:43:19.935 VLLM::W        1046587 nvme1n1 RS   57253632   131072    1.655
21:43:19.935 VLLM::W        1046587 nvme1n1 RS   57253888   131072    1.692
21:43:19.935 VLLM::W        1046587 nvme1n1 RS   57254144   131072    1.725
21:43:19.935 VLLM::W        1046586 nvme1n1 RS   57257984   131072    1.230
21:43:19.936 VLLM::W        1046586 nvme1n1 RS   57258240   131072    1.257
21:43:19.936 VLLM::W        1046586 nvme1n1 RS   57258496   131072    1.292
21:43:19.936 VLLM::W        1046586 nvme1n1 RS   57258752   131072    1.324
21:43:19.936 VLLM::W        1046586 nvme1n1 RS   57259008   131072    1.383
21:43:19.936 VLLM::W        1046586 nvme1n1 RS   57259264   131072    1.389
21:43:19.936 VLLM::W        1046586 nvme1n1 RS   57259520   131072    1.435
21:43:19.936 VLLM::W        1046586 nvme1n1 RS   57259776   131072    1.445
21:43:19.936 VLLM::W        1046586 nvme1n1 RS   57260032   131072    1.455
21:43:19.936 VLLM::W        1046586 nvme1n1 RS   57260288   131072    1.519
21:43:19.936 VLLM::W        1046586 nvme1n1 RS   57260544   131072    1.529
21:43:19.936 VLLM::W        1046586 nvme1n1 RS   57260800   131072    1.558
21:43:19.936 VLLM::W        1046586 nvme1n1 RS   57261056   131072    1.594
21:43:19.936 VLLM::W        1046586 nvme1n1 RS   57261312   131072    1.634
21:43:19.936 VLLM::W        1046586 nvme1n1 RS   57261568   131072    1.645
21:43:19.936 VLLM::W        1046586 nvme1n1 RS   57261824   131072    1.718
21:43:19.936 VLLM::W        1046586 nvme1n1 RS   57270272   131072    1.740
21:43:19.936 VLLM::W        1046586 nvme1n1 RS   57270528   131072    1.751
21:43:19.936 VLLM::W        1046589 nvme1n1 RS   1570738176 131072    1.261
21:43:19.936 VLLM::W        1046589 nvme1n1 RS   1570738432 131072    1.276
21:43:19.936 VLLM::W        1046589 nvme1n1 RS   1570738688 131072    1.297
21:43:19.936 VLLM::W        1046589 nvme1n1 RS   1570738944 131072    1.287
21:43:19.936 VLLM::W        1046589 nvme1n1 RS   1570739200 131072    1.350
21:43:19.936 VLLM::W        1046589 nvme1n1 RS   1570739456 131072    1.360
21:43:19.936 VLLM::W        1046589 nvme1n1 RS   1570739712 131072    1.420
21:43:19.936 VLLM::W        1046589 nvme1n1 RS   1570739968 131072    1.386
21:43:19.936 VLLM::W        1046589 nvme1n1 RS   1570740224 131072    1.414
21:43:19.936 VLLM::W        1046589 nvme1n1 RS   1570740480 131072    1.449
21:43:19.937 VLLM::W        1046589 nvme1n1 RS   1570740736 131072    1.482
21:43:19.937 VLLM::W        1046589 nvme1n1 RS   1570740992 131072    1.516
21:43:19.937 VLLM::W        1046589 nvme1n1 RS   1570741248 131072    1.577
21:43:19.937 VLLM::W        1046589 nvme1n1 RS   1570741504 131072    1.587
21:43:19.937 VLLM::W        1046589 nvme1n1 RS   1570741760 131072    1.644
21:43:19.937 VLLM::W        1046589 nvme1n1 RS   1570742016 131072    1.642
21:43:19.937 VLLM::W        1046589 nvme1n1 RS   1570750464 131072    1.668
21:43:19.937 VLLM::W        1046589 nvme1n1 RS   1570750720 131072    1.742
21:43:19.937 VLLM::W        1046587 nvme1n1 RS   1570758656 131072    1.233
21:43:19.937 VLLM::W        1046587 nvme1n1 RS   1570758912 131072    1.241
21:43:19.937 VLLM::W        1046587 nvme1n1 RS   1570759168 131072    1.289
21:43:19.937 VLLM::W        1046587 nvme1n1 RS   1570759424 131072    1.317
21:43:19.937 VLLM::W        1046587 nvme1n1 RS   1570759680 131072    1.351
21:43:19.937 VLLM::W        1046587 nvme1n1 RS   1570759936 131072    1.378
21:43:19.937 VLLM::W        1046587 nvme1n1 RS   1570760192 131072    1.405
21:43:19.937 VLLM::W        1046587 nvme1n1 RS   1570760448 131072    1.437
21:43:19.937 VLLM::W        1046587 nvme1n1 RS   1570760704 131072    1.458
21:43:19.937 VLLM::W        1046587 nvme1n1 RS   1570760960 131072    1.467
21:43:19.937 VLLM::W        1046587 nvme1n1 RS   1570761472 131072    1.539
21:43:19.937 VLLM::W        1046587 nvme1n1 RS   1570761216 131072    1.555
21:43:19.937 VLLM::W        1046587 nvme1n1 RS   1570761728 131072    1.583
21:43:19.937 VLLM::W        1046587 nvme1n1 RS   1570761984 131072    1.628
21:43:19.937 VLLM::W        1046587 nvme1n1 RS   1570762240 131072    1.638
21:43:19.937 VLLM::W        1046587 nvme1n1 RS   1570762496 131072    1.658
21:43:19.937 VLLM::W        1046587 nvme1n1 RS   1570816000 131072    1.692
21:43:19.937 VLLM::W        1046587 nvme1n1 RS   1570816256 131072    1.726
21:43:19.938 VLLM::W        1046586 nvme1n1 RS   1570762752 131072    1.363
21:43:19.938 VLLM::W        1046586 nvme1n1 RS   1570763008 131072    1.364
21:43:19.938 VLLM::W        1046586 nvme1n1 RS   1570763264 131072    1.361
21:43:19.938 VLLM::W        1046586 nvme1n1 RS   1570763520 131072    1.358
21:43:19.938 VLLM::W        1046586 nvme1n1 RS   1570763776 131072    1.378
21:43:19.938 VLLM::W        1046586 nvme1n1 RS   1570764032 131072    1.411
21:43:19.938 VLLM::W        1046586 nvme1n1 RS   1570764288 131072    1.436
21:43:19.938 VLLM::W        1046586 nvme1n1 RS   1570764544 131072    1.404
21:43:19.938 VLLM::W        1046586 nvme1n1 RS   1570764800 131072    1.430
21:43:19.938 VLLM::W        1046586 nvme1n1 RS   1570765056 131072    1.461
21:43:19.938 VLLM::W        1046586 nvme1n1 RS   1570765312 131072    1.506
21:43:19.938 VLLM::W        1046586 nvme1n1 RS   1570765568 131072    1.540
21:43:19.938 VLLM::W        1046586 nvme1n1 RS   1570765824 131072    1.572
21:43:19.938 VLLM::W        1046586 nvme1n1 RS   1570766336 131072    1.634
21:43:19.938 VLLM::W        1046586 nvme1n1 RS   1570766592 131072    1.680
21:43:19.938 VLLM::W        1046586 nvme1n1 RS   1570766848 131072    1.702
21:43:19.938 VLLM::W        1046586 nvme1n1 RS   1570766080 131072    1.744
21:43:19.938 VLLM::W        1046586 nvme1n1 RS   1570767104 131072    1.767
21:43:19.938 VLLM::W        1046587 nvme1n1 RS   1566359552 131072    0.669
21:43:19.938 VLLM::W        1046587 nvme1n1 RS   1566359808 131072    0.684
21:43:19.938 VLLM::W        1046587 nvme1n1 RS   1566360064 131072    0.706
21:43:19.938 VLLM::W        1046587 nvme1n1 RS   1566360320 131072    0.711
21:43:19.938 VLLM::W        1046587 nvme1n1 RS   1566360576 131072    0.812
21:43:19.938 VLLM::W        1046587 nvme1n1 RS   1566360832 131072    0.823
21:43:19.938 VLLM::W        1046587 nvme1n1 RS   1566361088 131072    0.894
21:43:19.938 VLLM::W        1046587 nvme1n1 RS   1566361344 131072    0.850
21:43:19.939 VLLM::W        1046587 nvme1n1 RS   1566361600 131072    0.894
21:43:19.939 VLLM::W        1046587 nvme1n1 RS   1566361856 131072    0.962
21:43:19.939 VLLM::W        1046587 nvme1n1 RS   1566362368 131072    0.965
21:43:19.939 VLLM::W        1046587 nvme1n1 RS   1566362112 131072    0.991
21:43:19.939 VLLM::W        1046587 nvme1n1 RS   1566363136 131072    0.993
21:43:19.939 VLLM::W        1046587 nvme1n1 RS   1566362624 131072    1.039
21:43:19.939 VLLM::W        1046587 nvme1n1 RS   1566362880 131072    1.045
21:43:19.939 VLLM::W        1046587 nvme1n1 RS   1566363392 131072    1.072
21:43:19.939 VLLM::W        1046587 nvme1n1 RS   1566511104 131072    1.149
21:43:19.939 VLLM::W        1046587 nvme1n1 RS   1566511360 131072    1.177
21:43:19.939 VLLM::W        1046589 nvme1n1 RS   1570754560 131072    0.893
21:43:19.939 VLLM::W        1046589 nvme1n1 RS   1570755584 131072    0.931
21:43:19.939 VLLM::W        1046589 nvme1n1 RS   1570754816 131072    0.953
21:43:19.939 VLLM::W        1046589 nvme1n1 RS   1570755072 131072    0.981
21:43:19.939 VLLM::W        1046589 nvme1n1 RS   1570756352 131072    0.985
21:43:19.939 VLLM::W        1046589 nvme1n1 RS   1570755328 131072    1.063
21:43:19.939 VLLM::W        1046589 nvme1n1 RS   1570756864 131072    1.054
21:43:19.939 VLLM::W        1046589 nvme1n1 RS   1570755840 131072    1.142
21:43:19.939 VLLM::W        1046589 nvme1n1 RS   1570756096 131072    1.172
21:43:19.939 VLLM::W        1046589 nvme1n1 RS   1570757120 131072    1.167
21:43:19.939 VLLM::W        1046589 nvme1n1 RS   1570757632 131072    1.168
21:43:19.939 VLLM::W        1046589 nvme1n1 RS   1570756608 131072    1.223
21:43:19.939 VLLM::W        1046589 nvme1n1 RS   1570757888 131072    1.229
21:43:19.939 VLLM::W        1046589 nvme1n1 RS   1570757376 131072    1.283
21:43:19.939 VLLM::W        1046589 nvme1n1 RS   1570758400 131072    1.278
21:43:19.939 VLLM::W        1046589 nvme1n1 RS   1570820096 131072    1.288
21:43:19.940 VLLM::W        1046586 nvme1n1 RS   1570746368 131072    1.177
21:43:19.940 VLLM::W        1046586 nvme1n1 RS   1570746624 131072    1.196
21:43:19.940 VLLM::W        1046589 nvme1n1 RS   1570758144 131072    1.451
21:43:19.940 VLLM::W        1046586 nvme1n1 RS   1570746880 131072    1.221
21:43:19.940 VLLM::W        1046586 nvme1n1 RS   1570747392 131072    1.273
21:43:19.940 VLLM::W        1046589 nvme1n1 RS   1570820352 131072    1.523
21:43:19.940 VLLM::W        1046586 nvme1n1 RS   1570747648 131072    1.314
21:43:19.940 VLLM::W        1046586 nvme1n1 RS   1570747136 131072    1.334
21:43:19.940 VLLM::W        1046586 nvme1n1 RS   1570747904 131072    1.355
21:43:19.940 VLLM::W        1046586 nvme1n1 RS   1570748160 131072    1.340
21:43:19.940 VLLM::W        1046586 nvme1n1 RS   1570748416 131072    1.374
21:43:19.940 VLLM::W        1046586 nvme1n1 RS   1570748672 131072    1.438
21:43:19.940 VLLM::W        1046586 nvme1n1 RS   1570748928 131072    1.460
21:43:19.940 VLLM::W        1046586 nvme1n1 RS   1570749184 131072    1.509
21:43:19.940 VLLM::W        1046586 nvme1n1 RS   1570749440 131072    1.548
21:43:19.940 VLLM::W        1046586 nvme1n1 RS   1570749696 131072    1.550
21:43:19.940 VLLM::W        1046586 nvme1n1 RS   1570749952 131072    1.589
21:43:19.940 VLLM::W        1046586 nvme1n1 RS   1570750208 131072    1.612
21:43:19.940 VLLM::W        1046586 nvme1n1 RS   1570803968 131072    1.656
21:43:19.940 VLLM::W        1046586 nvme1n1 RS   1570803712 131072    1.671
21:43:19.940 VLLM::W        1046587 nvme1n1 RS   1566703872 131072    1.184
21:43:19.940 VLLM::W        1046587 nvme1n1 RS   1566703616 131072    1.199
21:43:19.940 VLLM::W        1046587 nvme1n1 RS   1566704128 131072    1.251
21:43:19.940 VLLM::W        1046587 nvme1n1 RS   1566704384 131072    1.297
21:43:19.940 VLLM::W        1046587 nvme1n1 RS   1566704640 131072    1.314
21:43:19.940 VLLM::W        1046587 nvme1n1 RS   1566704896 131072    1.329
21:43:19.940 VLLM::W        1046587 nvme1n1 RS   1566705152 131072    1.340
21:43:19.940 VLLM::W        1046587 nvme1n1 RS   1566705408 131072    1.335
21:43:19.940 VLLM::W        1046587 nvme1n1 RS   1566705664 131072    1.367
21:43:19.940 VLLM::W        1046587 nvme1n1 RS   1566705920 131072    1.412
21:43:19.941 VLLM::W        1046587 nvme1n1 RS   1566706176 131072    1.432
21:43:19.941 VLLM::W        1046587 nvme1n1 RS   1566706432 131072    1.463
21:43:19.941 VLLM::W        1046587 nvme1n1 RS   1566706688 131072    1.498
21:43:19.941 VLLM::W        1046587 nvme1n1 RS   1566706944 131072    1.531
21:43:19.941 VLLM::W        1046587 nvme1n1 RS   1566707200 131072    1.571
21:43:19.941 VLLM::W        1046587 nvme1n1 RS   1566707456 131072    1.591
21:43:19.941 VLLM::W        1046587 nvme1n1 RS   1566715904 131072    1.628
21:43:19.941 VLLM::W        1046587 nvme1n1 RS   1566716160 131072    1.678
21:43:19.941 VLLM::W        1046588 nvme1n1 RS   1565323264 131072    1.043
21:43:19.941 VLLM::W        1046589 nvme1n1 RS   1566674944 131072    1.049
21:43:19.941 VLLM::W        1046588 nvme1n1 RS   1565323520 131072    1.149
21:43:19.941 VLLM::W        1046589 nvme1n1 RS   1566675456 131072    1.175
21:43:19.941 VLLM::W        1046589 nvme1n1 RS   1566675200 131072    1.209
21:43:19.941 VLLM::W        1046589 nvme1n1 RS   1566675712 131072    1.207
21:43:19.941 VLLM::W        1046588 nvme1n1 RS   1565323776 131072    1.281
21:43:19.941 VLLM::W        1046588 nvme1n1 RS   1565324032 131072    1.302
21:43:19.941 VLLM::W        1046588 nvme1n1 RS   1565324288 131072    1.313
21:43:19.941 VLLM::W        1046588 nvme1n1 RS   1565324544 131072    1.341
21:43:19.941 VLLM::W        1046588 nvme1n1 RS   1565324800 131072    1.366
21:43:19.941 VLLM::W        1046589 nvme1n1 RS   1566675968 131072    1.454
21:43:19.941 VLLM::W        1046589 nvme1n1 RS   1566676224 131072    1.476
21:43:19.941 VLLM::W        1046589 nvme1n1 RS   1566676480 131072    1.482
21:43:19.941 VLLM::W        1046588 nvme1n1 RS   1565325056 131072    1.468
21:43:19.941 VLLM::W        1046589 nvme1n1 RS   1566676736 131072    1.556
21:43:19.942 VLLM::W        1046588 nvme1n1 RS   1565325312 131072    1.635
21:43:19.942 VLLM::W        1046589 nvme1n1 RS   1566677248 131072    1.659
21:43:19.942 VLLM::W        1046589 nvme1n1 RS   1566676992 131072    1.683
21:43:19.942 VLLM::W        1046589 nvme1n1 RS   1566677504 131072    1.689
21:43:19.942 VLLM::W        1046588 nvme1n1 RS   1565325568 131072    1.723
21:43:19.942 VLLM::W        1046588 nvme1n1 RS   1565325824 131072    1.750
21:43:19.942 VLLM::W        1046589 nvme1n1 RS   1566677760 131072    1.781
21:43:19.942 VLLM::W        1046588 nvme1n1 RS   1565326592 131072    1.863
21:43:19.942 VLLM::W        1046588 nvme1n1 RS   1565326848 131072    1.911
21:43:19.942 VLLM::W        1046588 nvme1n1 RS   1565326080 131072    1.936
21:43:19.942 VLLM::W        1046588 nvme1n1 RS   1565326336 131072    1.946
21:43:19.942 VLLM::W        1046589 nvme1n1 RS   1566678016 131072    2.027
21:43:19.942 VLLM::W        1046589 nvme1n1 RS   1566678528 131072    2.036
21:43:19.942 VLLM::W        1046589 nvme1n1 RS   1566678272 131072    2.053
21:43:19.942 VLLM::W        1046589 nvme1n1 RS   1566683136 131072    2.073
21:43:19.942 VLLM::W        1046589 nvme1n1 RS   1566683392 131072    2.084
21:43:19.942 VLLM::W        1046588 nvme1n1 RS   1565327104 131072    2.144
21:43:19.942 VLLM::W        1046589 nvme1n1 RS   1566678784 131072    2.150
21:43:19.942 VLLM::W        1046588 nvme1n1 RS   1565458688 131072    2.211
21:43:19.942 VLLM::W        1046588 nvme1n1 RS   1565458432 131072    2.227
21:43:19.942 VLLM::W        1046587 nvme1n1 RS   1566843136 131072    1.231
21:43:19.942 VLLM::W        1046587 nvme1n1 RS   1566842880 131072    1.302
21:43:19.942 VLLM::W        1046587 nvme1n1 RS   1566843392 131072    1.292
21:43:19.942 VLLM::W        1046587 nvme1n1 RS   1566843648 131072    1.352
21:43:19.942 VLLM::W        1046587 nvme1n1 RS   1566844160 131072    1.376
21:43:19.942 VLLM::W        1046587 nvme1n1 RS   1566844416 131072    1.404
21:43:19.942 VLLM::W        1046587 nvme1n1 RS   1566843904 131072    1.415
21:43:19.942 VLLM::W        1046587 nvme1n1 RS   1566844672 131072    1.414
21:43:19.942 VLLM::W        1046587 nvme1n1 RS   1566844928 131072    1.428
21:43:19.943 VLLM::W        1046587 nvme1n1 RS   1566845184 131072    1.490
21:43:19.943 VLLM::W        1046587 nvme1n1 RS   1566845440 131072    1.512
21:43:19.943 VLLM::W        1046587 nvme1n1 RS   1566845696 131072    1.517
21:43:19.943 VLLM::W        1046587 nvme1n1 RS   1566845952 131072    1.553
21:43:19.943 VLLM::W        1046587 nvme1n1 RS   1566846208 131072    1.584
21:43:19.943 VLLM::W        1046587 nvme1n1 RS   1566846464 131072    1.611
21:43:19.943 VLLM::W        1046587 nvme1n1 RS   1566846720 131072    1.635
21:43:19.943 VLLM::W        1046587 nvme1n1 RS   1566851072 131072    1.666
21:43:19.943 VLLM::W        1046587 nvme1n1 RS   1566851328 131072    1.696
21:43:19.943 VLLM::W        1046586 nvme1n1 RS   1566834944 131072    0.867
21:43:19.943 VLLM::W        1046586 nvme1n1 RS   1566834688 131072    0.889
21:43:19.943 VLLM::W        1046586 nvme1n1 RS   1566835200 131072    0.895
21:43:19.943 VLLM::W        1046586 nvme1n1 RS   1566835712 131072    0.954
21:43:19.943 VLLM::W        1046586 nvme1n1 RS   1566835456 131072    0.966
21:43:19.943 VLLM::W        1046586 nvme1n1 RS   1566835968 131072    1.005
21:43:19.943 VLLM::W        1046586 nvme1n1 RS   1566836224 131072    1.030
21:43:19.943 VLLM::W        1046586 nvme1n1 RS   1566836480 131072    1.038
21:43:19.943 VLLM::W        1046586 nvme1n1 RS   1566836736 131072    1.047
21:43:19.943 VLLM::W        1046586 nvme1n1 RS   1566836992 131072    1.109
21:43:19.943 VLLM::W        1046586 nvme1n1 RS   1566837248 131072    1.114
21:43:19.943 VLLM::W        1046586 nvme1n1 RS   1566837504 131072    1.144
21:43:19.943 VLLM::W        1046586 nvme1n1 RS   1566837760 131072    1.174
21:43:19.943 VLLM::W        1046586 nvme1n1 RS   1566838016 131072    1.222
21:43:19.943 VLLM::W        1046586 nvme1n1 RS   1566838272 131072    1.236
21:43:19.943 VLLM::W        1046586 nvme1n1 RS   1566838528 131072    1.251
21:43:19.943 VLLM::W        1046586 nvme1n1 RS   1566838784 131072    1.317
21:43:19.943 VLLM::W        1046586 nvme1n1 RS   1566839040 131072    1.322
21:43:19.944 VLLM::W        1046589 nvme1n1 RS   1566691328 131072    1.308
21:43:19.944 VLLM::W        1046589 nvme1n1 RS   1566691584 131072    1.312
21:43:19.944 VLLM::W        1046589 nvme1n1 RS   1566692096 131072    1.424
21:43:19.944 VLLM::W        1046589 nvme1n1 RS   1566692352 131072    1.453
21:43:19.944 VLLM::W        1046589 nvme1n1 RS   1566691840 131072    1.469
21:43:19.944 VLLM::W        1046589 nvme1n1 RS   1566692608 131072    1.473
21:43:19.944 VLLM::W        1046589 nvme1n1 RS   1566693376 131072    1.502
21:43:19.944 VLLM::W        1046589 nvme1n1 RS   1566692864 131072    1.575
21:43:19.944 VLLM::W        1046589 nvme1n1 RS   1566693632 131072    1.534
21:43:19.944 VLLM::W        1046589 nvme1n1 RS   1566693120 131072    1.576
21:43:19.944 VLLM::W        1046589 nvme1n1 RS   1566693888 131072    1.641
21:43:19.944 VLLM::W        1046589 nvme1n1 RS   1566694400 131072    1.648
21:43:19.944 VLLM::W        1046589 nvme1n1 RS   1566694144 131072    1.688
21:43:19.944 VLLM::W        1046589 nvme1n1 RS   1566694912 131072    1.718
21:43:19.944 VLLM::W        1046589 nvme1n1 RS   1566694656 131072    1.758
21:43:19.944 VLLM::W        1046589 nvme1n1 RS   1566695168 131072    1.780
21:43:19.944 VLLM::W        1046589 nvme1n1 RS   1566711808 131072    1.790
21:43:19.944 VLLM::W        1046588 nvme1n1 RS   731176960  131072    1.821
21:43:19.944 VLLM::W        1046588 nvme1n1 RS   731177216  131072    1.854
21:43:19.944 VLLM::W        1046589 nvme1n1 RS   1566712064 131072    1.897
21:43:19.944 VLLM::W        1046588 nvme1n1 RS   731177472  131072    1.898
21:43:19.944 VLLM::W        1046588 nvme1n1 RS   731177728  131072    1.923
21:43:19.944 VLLM::W        1046588 nvme1n1 RS   731177984  131072    1.958
21:43:19.944 VLLM::W        1046588 nvme1n1 RS   731178240  131072    1.983
21:43:19.944 VLLM::W        1046588 nvme1n1 RS   731178496  131072    2.016
21:43:19.944 VLLM::W        1046588 nvme1n1 RS   731178752  131072    2.001
21:43:19.944 VLLM::W        1046588 nvme1n1 RS   731179008  131072    2.042
21:43:19.945 VLLM::W        1046588 nvme1n1 RS   731179264  131072    2.111
21:43:19.945 VLLM::W        1046588 nvme1n1 RS   731179520  131072    2.116
21:43:19.945 VLLM::W        1046588 nvme1n1 RS   731179776  131072    2.146
21:43:19.945 VLLM::W        1046588 nvme1n1 RS   731180032  131072    2.193
21:43:19.945 VLLM::W        1046588 nvme1n1 RS   731180288  131072    2.223
21:43:19.945 VLLM::W        1046588 nvme1n1 RS   731180544  131072    2.249
21:43:19.945 VLLM::W        1046588 nvme1n1 RS   731180800  131072    2.312
21:43:19.945 VLLM::W        1046588 nvme1n1 RS   731250688  131072    2.334
21:43:19.945 VLLM::W        1046588 nvme1n1 RS   731250944  131072    2.340
21:43:19.945 VLLM::W        1046586 nvme1n1 RS   1566699520 131072    1.335
21:43:19.945 VLLM::W        1046586 nvme1n1 RS   1566699776 131072    1.345
21:43:19.945 VLLM::W        1046586 nvme1n1 RS   1566700032 131072    1.343
21:43:19.945 VLLM::W        1046586 nvme1n1 RS   1566700288 131072    1.340
21:43:19.945 VLLM::W        1046586 nvme1n1 RS   1566700544 131072    1.437
21:43:19.945 VLLM::W        1046586 nvme1n1 RS   1566700800 131072    1.443
21:43:19.945 VLLM::W        1046586 nvme1n1 RS   1566701056 131072    1.449
21:43:19.945 VLLM::W        1046586 nvme1n1 RS   1566701824 131072    1.468
21:43:19.945 VLLM::W        1046586 nvme1n1 RS   1566701312 131072    1.515
21:43:19.945 VLLM::W        1046586 nvme1n1 RS   1566701568 131072    1.527
21:43:19.945 VLLM::W        1046586 nvme1n1 RS   1566702080 131072    1.543
21:43:19.945 VLLM::W        1046586 nvme1n1 RS   1566702336 131072    1.553
21:43:19.945 VLLM::W        1046586 nvme1n1 RS   1566702592 131072    1.583
21:43:19.945 VLLM::W        1046586 nvme1n1 RS   1566702848 131072    1.611
21:43:19.945 VLLM::W        1046586 nvme1n1 RS   1566703104 131072    1.639
21:43:19.945 VLLM::W        1046586 nvme1n1 RS   1566703360 131072    1.661
21:43:19.945 VLLM::W        1046586 nvme1n1 RS   1566846976 131072    1.689
21:43:19.945 VLLM::W        1046586 nvme1n1 RS   1566847232 131072    1.719
21:43:19.946 VLLM::W        1046588 nvme1n1 RS   731181056  131072    0.548
21:43:19.946 VLLM::W        1046588 nvme1n1 RS   731181312  131072    0.559
21:43:19.946 VLLM::W        1046588 nvme1n1 RS   731181568  131072    0.576
21:43:19.946 VLLM::W        1046588 nvme1n1 RS   731181824  131072    0.584
21:43:19.946 VLLM::W        1046588 nvme1n1 RS   731182080  131072    0.670
21:43:19.946 VLLM::W        1046588 nvme1n1 RS   731182336  131072    0.708
21:43:19.946 VLLM::W        1046588 nvme1n1 RS   731182592  131072    0.711
21:43:19.946 VLLM::W        1046588 nvme1n1 RS   731182848  131072    0.700
21:43:19.946 VLLM::W        1046588 nvme1n1 RS   731183104  131072    0.711
21:43:19.946 VLLM::W        1046588 nvme1n1 RS   731183616  131072    0.779
21:43:19.946 VLLM::W        1046588 nvme1n1 RS   731183872  131072    0.835
21:43:19.946 VLLM::W        1046588 nvme1n1 RS   731183360  131072    0.849
21:43:19.946 VLLM::W        1046588 nvme1n1 RS   731184128  131072    0.908
21:43:19.946 VLLM::W        1046588 nvme1n1 RS   731184384  131072    0.923
21:43:19.946 VLLM::W        1046588 nvme1n1 RS   731184640  131072    0.941
21:43:19.946 VLLM::W        1046588 nvme1n1 RS   731184896  131072    0.937
21:43:19.946 VLLM::W        1046588 nvme1n1 RS   1565470720 131072    0.976
21:43:19.946 VLLM::W        1046588 nvme1n1 RS   1565470976 131072    0.981
21:43:19.946 VLLM::W        1046588 nvme1n1 RS   1565515776 131072    0.183
21:43:19.946 VLLM::W        1046588 nvme1n1 RS   1565516032 131072    0.204
21:43:19.947 VLLM::W        1046588 nvme1n1 RS   1565516288 131072    0.280
21:43:19.947 VLLM::W        1046588 nvme1n1 RS   1565516544 131072    0.300
21:43:19.947 VLLM::W        1046588 nvme1n1 RS   1565516800 131072    0.311
21:43:19.947 VLLM::W        1046588 nvme1n1 RS   1565517056 131072    0.347
21:43:19.947 VLLM::W        1046588 nvme1n1 RS   1565517312 131072    0.381
21:43:19.947 VLLM::W        1046588 nvme1n1 RS   1565517568 131072    0.390
21:43:19.947 VLLM::W        1046588 nvme1n1 RS   1565517824 131072    0.417
21:43:19.947 VLLM::W        1046588 nvme1n1 RS   1565518080 131072    0.450
21:43:19.947 VLLM::W        1046588 nvme1n1 RS   1565518336 131072    0.486
21:43:19.947 VLLM::W        1046588 nvme1n1 RS   1565518592 131072    0.531
21:43:19.947 VLLM::W        1046588 nvme1n1 RS   1565518848 131072    0.564
21:43:19.947 VLLM::W        1046588 nvme1n1 RS   1565519104 131072    0.613
21:43:19.947 VLLM::W        1046588 nvme1n1 RS   1565519360 131072    0.618
21:43:19.947 VLLM::W        1046588 nvme1n1 RS   1565519616 131072    0.689
21:43:19.947 VLLM::W        1046588 nvme1n1 RS   1565523968 131072    0.700
21:43:19.947 VLLM::W        1046588 nvme1n1 RS   1565524224 131072    0.710
21:43:19.947 VLLM::W        1046588 nvme1n1 RS   577331200  131072    0.181
21:43:19.947 VLLM::W        1046588 nvme1n1 RS   577331456  131072    0.204
21:43:19.948 VLLM::W        1046588 nvme1n1 RS   577331712  131072    0.269
21:43:19.948 VLLM::W        1046588 nvme1n1 RS   577331968  131072    0.279
21:43:19.948 VLLM::W        1046588 nvme1n1 RS   577332224  131072    0.309
21:43:19.948 VLLM::W        1046588 nvme1n1 RS   577332480  131072    0.344
21:43:19.948 VLLM::W        1046588 nvme1n1 RS   577332736  131072    0.379
21:43:19.948 VLLM::W        1046588 nvme1n1 RS   577332992  131072    0.352
21:43:19.948 VLLM::W        1046588 nvme1n1 RS   577333248  131072    0.389
21:43:19.948 VLLM::W        1046588 nvme1n1 RS   577333504  131072    0.471
21:43:19.948 VLLM::W        1046588 nvme1n1 RS   577333760  131072    0.503
21:43:19.948 VLLM::W        1046588 nvme1n1 RS   577334016  131072    0.536
21:43:19.948 VLLM::W        1046588 nvme1n1 RS   577334272  131072    0.572
21:43:19.948 VLLM::W        1046588 nvme1n1 RS   577334528  131072    0.604
21:43:19.948 VLLM::W        1046588 nvme1n1 RS   577334784  131072    0.634
21:43:19.948 VLLM::W        1046588 nvme1n1 RS   577335040  131072    0.660
21:43:19.948 VLLM::W        1046588 nvme1n1 RS   577335296  131072    0.677
21:43:19.948 VLLM::W        1046588 nvme1n1 RS   577335552  131072    0.688
21:43:19.948 VLLM::W        1046588 nvme1n1 RS   1570742272 131072    0.193
21:43:19.949 VLLM::W        1046588 nvme1n1 RS   1570742528 131072    0.198
21:43:19.949 VLLM::W        1046588 nvme1n1 RS   1570742784 131072    0.238
21:43:19.949 VLLM::W        1046588 nvme1n1 RS   1570743040 131072    0.276
21:43:19.949 VLLM::W        1046588 nvme1n1 RS   1570743296 131072    0.308
21:43:19.949 VLLM::W        1046588 nvme1n1 RS   1570743552 131072    0.343
21:43:19.949 VLLM::W        1046588 nvme1n1 RS   1570743808 131072    0.376
21:43:19.949 VLLM::W        1046588 nvme1n1 RS   1570744064 131072    0.383
21:43:19.949 VLLM::W        1046588 nvme1n1 RS   1570744320 131072    0.420
21:43:19.949 VLLM::W        1046588 nvme1n1 RS   1570744576 131072    0.454
21:43:19.949 VLLM::W        1046588 nvme1n1 RS   1570744832 131072    0.489
21:43:19.949 VLLM::W        1046588 nvme1n1 RS   1570745088 131072    0.524
21:43:19.949 VLLM::W        1046588 nvme1n1 RS   1570745344 131072    0.558
21:43:19.949 VLLM::W        1046588 nvme1n1 RS   1570745600 131072    0.599
21:43:19.949 VLLM::W        1046588 nvme1n1 RS   1570745856 131072    0.609
21:43:19.949 VLLM::W        1046588 nvme1n1 RS   1570799616 131072    0.687
21:43:19.949 VLLM::W        1046588 nvme1n1 RS   1570746112 131072    0.711
21:43:19.949 VLLM::W        1046588 nvme1n1 RS   1570799872 131072    0.718
21:43:19.951 VLLM::W        1046588 nvme1n1 RS   1566502912 131072    0.175
21:43:19.951 VLLM::W        1046588 nvme1n1 RS   1566503168 131072    0.201
21:43:19.951 VLLM::W        1046588 nvme1n1 RS   1566503424 131072    0.228
21:43:19.951 VLLM::W        1046588 nvme1n1 RS   1566503680 131072    0.347
21:43:19.951 VLLM::W        1046588 nvme1n1 RS   1566503936 131072    0.369
21:43:19.951 VLLM::W        1046588 nvme1n1 RS   1566504192 131072    0.381
21:43:19.951 VLLM::W        1046588 nvme1n1 RS   1566504448 131072    0.392
21:43:19.951 VLLM::W        1046588 nvme1n1 RS   1566505216 131072    0.434
21:43:19.951 VLLM::W        1046588 nvme1n1 RS   1566504704 131072    0.500
21:43:19.951 VLLM::W        1046588 nvme1n1 RS   1566504960 131072    0.510
21:43:19.951 VLLM::W        1046588 nvme1n1 RS   1566506240 131072    0.587
21:43:19.951 VLLM::W        1046588 nvme1n1 RS   1566505472 131072    0.641
21:43:19.951 VLLM::W        1046588 nvme1n1 RS   1566505728 131072    0.653
21:43:19.951 VLLM::W        1046588 nvme1n1 RS   1566505984 131072    0.663
21:43:19.951 VLLM::W        1046588 nvme1n1 RS   1566506752 131072    0.691
21:43:19.951 VLLM::W        1046588 nvme1n1 RS   1566506496 131072    0.727
21:43:19.951 VLLM::W        1046588 nvme1n1 RS   1566507008 131072    0.733
21:43:19.951 VLLM::W        1046588 nvme1n1 RS   1566507264 131072    0.739
21:43:19.952 VLLM::W        1046588 nvme1n1 RS   1566695424 131072    0.180
21:43:19.952 VLLM::W        1046588 nvme1n1 RS   1566695680 131072    0.204
21:43:19.952 VLLM::W        1046588 nvme1n1 RS   1566695936 131072    0.236
21:43:19.952 VLLM::W        1046588 nvme1n1 RS   1566696192 131072    0.272
21:43:19.952 VLLM::W        1046588 nvme1n1 RS   1566696448 131072    0.310
21:43:19.952 VLLM::W        1046588 nvme1n1 RS   1566696704 131072    0.343
21:43:19.952 VLLM::W        1046588 nvme1n1 RS   1566696960 131072    0.374
21:43:19.952 VLLM::W        1046588 nvme1n1 RS   1566697728 131072    0.454
21:43:19.952 VLLM::W        1046588 nvme1n1 RS   1566697472 131072    0.480
21:43:19.952 VLLM::W        1046588 nvme1n1 RS   1566697216 131072    0.504
21:43:19.952 VLLM::W        1046588 nvme1n1 RS   1566698496 131072    0.561
21:43:19.952 VLLM::W        1046588 nvme1n1 RS   1566697984 131072    0.587
21:43:19.952 VLLM::W        1046588 nvme1n1 RS   1566698752 131072    0.591
21:43:19.952 VLLM::W        1046588 nvme1n1 RS   1566698240 131072    0.641
21:43:19.952 VLLM::W        1046588 nvme1n1 RS   1566699008 131072    0.685
21:43:19.952 VLLM::W        1046588 nvme1n1 RS   1566707712 131072    0.687
21:43:19.952 VLLM::W        1046588 nvme1n1 RS   1566699264 131072    0.705
21:43:19.952 VLLM::W        1046588 nvme1n1 RS   1566707968 131072    0.714
21:43:19.953 VLLM::W        1046588 nvme1n1 RS   1566679040 131072    0.186
21:43:19.953 VLLM::W        1046588 nvme1n1 RS   1566679296 131072    0.207
21:43:19.953 VLLM::W        1046588 nvme1n1 RS   1566679552 131072    0.241
21:43:19.953 VLLM::W        1046588 nvme1n1 RS   1566679808 131072    0.272
21:43:19.953 VLLM::W        1046588 nvme1n1 RS   1566680064 131072    0.315
21:43:19.953 VLLM::W        1046588 nvme1n1 RS   1566680320 131072    0.372
21:43:19.953 VLLM::W        1046588 nvme1n1 RS   1566680576 131072    0.383
21:43:19.953 VLLM::W        1046588 nvme1n1 RS   1566680832 131072    0.392
21:43:19.953 VLLM::W        1046588 nvme1n1 RS   1566681088 131072    0.434
21:43:19.953 VLLM::W        1046588 nvme1n1 RS   1566681344 131072    0.444
21:43:19.953 VLLM::W        1046588 nvme1n1 RS   1566681600 131072    0.509
21:43:19.953 VLLM::W        1046588 nvme1n1 RS   1566681856 131072    0.512
21:43:19.953 VLLM::W        1046588 nvme1n1 RS   1566682624 131072    0.603
21:43:19.953 VLLM::W        1046588 nvme1n1 RS   1566682112 131072    0.628
21:43:19.953 VLLM::W        1046588 nvme1n1 RS   1566682368 131072    0.639
21:43:19.953 VLLM::W        1046588 nvme1n1 RS   1566682880 131072    0.688
21:43:19.953 VLLM::W        1046588 nvme1n1 RS   1566687232 131072    0.706
21:43:19.953 VLLM::W        1046588 nvme1n1 RS   1566687488 131072    0.701
21:43:20.206 python3        1046587 nvme1n1 WS   1566801920 131072    0.176
21:43:20.206 python3        1046587 nvme1n1 WS   1566802176 131072    0.238
21:43:20.206 python3        1046587 nvme1n1 WS   1566802432 131072    0.322
21:43:20.206 python3        1046587 nvme1n1 WS   1566802688 131072    0.420
21:43:20.206 python3        1046587 nvme1n1 WS   1566802944 131072    0.497
21:43:20.206 python3        1046587 nvme1n1 WS   1566803200 131072    0.557
21:43:20.206 python3        1046587 nvme1n1 WS   1566803456 131072    0.635
21:43:20.206 python3        1046587 nvme1n1 WS   1566803712 131072    0.694
21:43:20.206 python3        1046587 nvme1n1 WS   1566803968 131072    0.759
21:43:20.206 python3        1046587 nvme1n1 WS   1566804224 131072    0.837
21:43:20.207 python3        1046587 nvme1n1 WS   1566804480 131072    0.915
21:43:20.207 python3        1046587 nvme1n1 WS   1566804736 131072    1.001
21:43:20.207 python3        1046587 nvme1n1 WS   1566804992 131072    1.078
21:43:20.207 python3        1046587 nvme1n1 WS   1566805248 131072    1.154
21:43:20.207 python3        1046587 nvme1n1 WS   1566805504 131072    1.238
21:43:20.207 python3        1046587 nvme1n1 WS   1566805760 131072    1.297
21:43:20.207 python3        1046587 nvme1n1 WS   1566806016 131072    1.378
21:43:20.207 python3        1046587 nvme1n1 WS   1566806272 131072    1.459
21:43:20.207 python3        1046587 nvme1n1 WS   1566810112 131072    1.480
21:43:20.207 python3        1046587 nvme1n1 WS   1566810368 131072    1.508
21:43:20.207 python3        1046587 nvme1n1 WS   1566810624 131072    1.585
21:43:20.207 python3        1046587 nvme1n1 WS   1566810880 131072    1.664
21:43:20.208 python3        1046587 nvme1n1 WS   1566811136 131072    1.744
21:43:20.208 python3        1046587 nvme1n1 WS   1566811392 131072    1.823
21:43:20.208 python3        1046587 nvme1n1 WS   1566811648 131072    1.903
21:43:20.208 python3        1046587 nvme1n1 WS   1566811904 131072    1.943
21:43:20.208 python3        1046587 nvme1n1 WS   1566812160 131072    2.022
21:43:20.208 python3        1046587 nvme1n1 WS   1566812416 131072    2.099
21:43:20.208 python3        1046587 nvme1n1 WS   1566812672 131072    2.171
21:43:20.208 python3        1046587 nvme1n1 WS   1566812928 131072    2.249
21:43:20.208 python3        1046586 nvme1n1 WS   1579738112 131072    2.340
21:43:20.208 python3        1046586 nvme1n1 WS   1579738368 131072    2.407
21:43:20.208 python3        1046586 nvme1n1 WS   1579738624 106496    2.466
21:43:20.208 python3        1046587 nvme1n1 WS   1566813184 131072    2.547
21:43:20.208 python3        1046587 nvme1n1 WS   1566813440 131072    2.618
21:43:20.209 python3        1046587 nvme1n1 WS   1566813696 131072    2.691
21:43:20.209 python3        1046589 nvme1n1 WS   1566879744 131072    2.847
21:43:20.209 python3        1046589 nvme1n1 WS   1566880000 131072    2.868
21:43:20.209 python3        1046589 nvme1n1 WS   1566880256 131072    2.919
21:43:20.209 python3        1046589 nvme1n1 WS   1566880512 131072    2.992
21:43:20.209 python3        1046589 nvme1n1 WS   1566880768 131072    3.070
21:43:20.209 python3        1046589 nvme1n1 WS   1566881024 131072    3.145
21:43:20.209 python3        1046589 nvme1n1 WS   1566881280 131072    3.219
21:43:20.209 python3        1046587 nvme1n1 WS   1566813952 131072    3.303
21:43:20.209 python3        1046587 nvme1n1 WS   1566814208 131072    3.378
21:43:20.209 python3        1046587 nvme1n1 WS   1566814464 131072    3.452
21:43:20.209 python3        1046586 nvme1n1 WS   1580736512 131072    3.521
21:43:20.209 python3        1046586 nvme1n1 WS   1580736768 131072    3.590
21:43:20.210 python3        1046586 nvme1n1 WS   1580737024 131072    3.670
21:43:20.210 python3        1046586 nvme1n1 WS   1580737280 131072    3.737
21:43:20.210 python3        1046586 nvme1n1 WS   1570918400 131072    3.840
21:43:20.210 python3        1046586 nvme1n1 WS   1570918656 131072    3.913
21:43:20.210 python3        1046586 nvme1n1 WS   1570918912 131072    3.991
21:43:20.210 python3        1046586 nvme1n1 WS   1570919168 131072    4.066
21:43:20.210 python3        1046586 nvme1n1 WS   1580737536 131072    4.145
21:43:20.210 python3        1046586 nvme1n1 WS   1580737792 131072    4.222
21:43:20.210 python3        1046586 nvme1n1 WS   1580738048 131072    4.300
21:43:20.210 python3        1046586 nvme1n1 WS   1570919424 131072    4.387
21:43:20.210 python3        1046586 nvme1n1 WS   1570919680 131072    4.461
21:43:20.210 python3        1046586 nvme1n1 WS   1570919936 131072    4.536
21:43:20.211 python3        1046589 nvme1n1 WS   1566881536 131072    4.662
21:43:20.211 python3        1046589 nvme1n1 WS   1566881792 131072    4.693
21:43:20.211 python3        1046589 nvme1n1 WS   1566882048 131072    4.766
21:43:20.211 python3        1046589 nvme1n1 WS   1566882304 131072    4.841
21:43:20.211 python3        1046589 nvme1n1 WS   1566882560 131072    4.915
21:43:20.211 python3        1046589 nvme1n1 WS   1566882816 131072    4.991
21:43:20.211 python3        1046589 nvme1n1 WS   1566883072 131072    5.068
21:43:20.211 python3        1046589 nvme1n1 WS   1566883328 131072    5.130
21:43:20.211 python3        1046589 nvme1n1 WS   1566883584 131072    5.185
21:43:20.211 python3        1046589 nvme1n1 WS   1566883840 131072    5.266
21:43:20.211 python3        1046586 nvme1n1 WS   1570920192 131072    5.353
21:43:20.211 python3        1046586 nvme1n1 WS   1570920448 131072    5.429
21:43:20.211 python3        1046586 nvme1n1 WS   1570920704 131072    5.507
21:43:20.212 python3        1046586 nvme1n1 WS   1580738304 131072    5.591
21:43:20.212 python3        1046586 nvme1n1 WS   1580738560 131072    5.669
21:43:20.212 python3        1046586 nvme1n1 WS   1570920960 131072    5.744
21:43:20.212 python3        1046586 nvme1n1 WS   1570921216 131072    5.820
21:43:20.212 python3        1046586 nvme1n1 WS   1570921472 131072    5.894
21:43:20.212 python3        1046586 nvme1n1 WS   1570921728 131072    5.972
21:43:20.212 python3        1046586 nvme1n1 WS   1570921984 131072    6.045
21:43:20.212 python3        1046586 nvme1n1 WS   1580738816 131072    6.135
21:43:20.212 python3        1046586 nvme1n1 WS   1580739072 131072    6.211
21:43:20.212 python3        1046586 nvme1n1 WS   1580739328 131072    6.288
21:43:20.212 python3        1046586 nvme1n1 WS   1580739584 131072    6.363
21:43:20.212 python3        1046586 nvme1n1 WS   1580739840 131072    6.445
21:43:20.213 python3        1046586 nvme1n1 WS   1580740096 131072    6.515
21:43:20.213 python3        1046589 nvme1n1 WS   1566884096 131072    6.688
21:43:20.213 python3        1046587 nvme1n1 WS   312235008  131072    6.686
21:43:20.213 python3        1046587 nvme1n1 WS   312235264  131072    6.754
21:43:20.213 python3        1046587 nvme1n1 WS   312235520  106496    6.851
21:43:20.213 python3        1046588 nvme1n1 WS   1570922496 131072    6.986
21:43:20.213 python3        1046588 nvme1n1 WS   1570922752 131072    7.012
21:43:20.213 python3        1046588 nvme1n1 WS   1570923008 131072    7.085
21:43:20.213 python3        1046588 nvme1n1 WS   1570923264 131072    7.164
21:43:20.213 python3        1046588 nvme1n1 WS   1570923520 131072    7.239
21:43:20.213 python3        1046588 nvme1n1 WS   1570923776 131072    7.318
21:43:20.213 python3        1046588 nvme1n1 WS   1570924032 131072    7.400
21:43:20.214 python3        1046586 nvme1n1 WS   1570922240 131072    7.482
21:43:20.214 python3        1046586 nvme1n1 WS   1570926592 131072    7.560
21:43:20.214 python3        1046586 nvme1n1 WS   1570926848 131072    7.634
21:43:20.214 python3        1046586 nvme1n1 WS   1580740352 131072    7.720
21:43:20.214 python3        1046586 nvme1n1 WS   1580740608 131072    7.794
21:43:20.214 python3        1046586 nvme1n1 WS   1580740864 131072    7.869
21:43:20.214 python3        1046588 nvme1n1 WS   1581532160 131072    7.975
21:43:20.214 python3        1046588 nvme1n1 WS   1581532416 131072    7.990
21:43:20.214 python3        1046588 nvme1n1 WS   1581532672 106496    8.051
21:43:20.214 python3        1046589 nvme1n1 WS   1566818304 131072    8.144
21:43:20.214 python3        1046589 nvme1n1 WS   1566818560 131072    8.214
21:43:20.214 python3        1046588 nvme1n1 WS   1570924288 131072    8.300
21:43:20.214 python3        1046589 nvme1n1 WS   1566818816 131072    8.373
21:43:20.215 python3        1046589 nvme1n1 WS   1566819072 131072    8.450
21:43:20.215 python3        1046589 nvme1n1 WS   1566819328 131072    8.528
21:43:20.215 python3        1046588 nvme1n1 WS   1570924544 131072    8.617
21:43:20.215 python3        1046588 nvme1n1 WS   1570924800 131072    8.692
21:43:20.215 python3        1046588 nvme1n1 WS   1570925056 131072    8.770
21:43:20.215 python3        1046589 nvme1n1 WS   1566819584 131072    8.844
21:43:20.215 python3        1046589 nvme1n1 WS   1566819840 131072    8.921
21:43:20.215 python3        1046588 nvme1n1 WS   1570925312 131072    9.002
21:43:20.215 python3        1046588 nvme1n1 WS   1570925568 131072    9.082
21:43:20.215 python3        1046588 nvme1n1 WS   1570925824 131072    9.160
21:43:20.215 python3        1046588 nvme1n1 WS   1570926080 131072    9.240
21:43:20.215 python3        1046589 nvme1n1 WS   1579742208 131072    9.317
21:43:20.216 python3        1046589 nvme1n1 WS   1579742464 131072    9.387
21:43:20.216 python3        1046589 nvme1n1 WS   1579742720 106496    9.448
21:43:20.216 python3        1046588 nvme1n1 WS   1570930688 131072    9.533
21:43:20.216 python3        1046588 nvme1n1 WS   1570930944 131072    9.602
21:43:20.216 python3        1046588 nvme1n1 WS   1570931200 131072    9.674
21:43:20.216 python3        1046588 nvme1n1 WS   1570931456 131072    9.752
21:43:20.216 python3        1046588 nvme1n1 WS   1570931712 131072    9.824
21:43:20.216 python3        1046588 nvme1n1 WS   1570926336 131072    9.919
21:43:20.216 python3        1046588 nvme1n1 WS   1570934784 131072    9.992
21:43:20.216 python3        1046588 nvme1n1 WS   1570935040 131072   10.067
21:43:20.216 python3        1046589 nvme1n1 WS   1566820096 131072   10.145
21:43:20.216 python3        1046589 nvme1n1 WS   1566820352 131072   10.223
21:43:20.216 python3        1046589 nvme1n1 WS   1566820608 131072   10.305
21:43:20.217 python3        1046589 nvme1n1 WS   1566820864 131072   10.377
21:43:20.217 python3        1046589 nvme1n1 WS   1566821120 131072   10.454
21:43:20.217 python3        1046589 nvme1n1 WS   1566821376 131072   10.532
21:43:20.217 python3        1046589 nvme1n1 WS   1566821632 131072   10.608
21:43:20.217 python3        1046589 nvme1n1 WS   1566821888 131072   10.687
21:43:20.217 python3        1046589 nvme1n1 WS   1566822144 131072   10.749
21:43:20.217 python3        1046589 nvme1n1 WS   1566822400 131072   10.827
21:43:20.217 python3        1046589 nvme1n1 WS   1566822656 131072   10.902
21:43:20.217 python3        1046588 nvme1n1 WS   1570931968 131072   11.093
21:43:20.217 python3        1046588 nvme1n1 WS   1570932224 131072   11.100
21:43:20.217 python3        1046588 nvme1n1 WS   1570932480 131072   11.132
21:43:20.217 python3        1046588 nvme1n1 WS   1570932736 131072   11.195
21:43:20.217 python3        1046588 nvme1n1 WS   1570932992 131072   11.267
21:43:20.218 python3        1046588 nvme1n1 WS   1570933248 131072   11.343
21:43:20.218 python3        1046588 nvme1n1 WS   1570933504 131072   11.418
21:43:20.218 python3        1046588 nvme1n1 WS   1570933760 131072   11.493
21:43:20.218 python3        1046588 nvme1n1 WS   1570934016 131072   11.604
21:43:20.218 python3        1046588 nvme1n1 WS   1570934272 131072   11.715
21:43:20.218 python3        1046588 nvme1n1 WS   1570934528 131072   11.798
21:43:20.218 VLLM::W        1046586 nvme1n1 RS   1565462528 131072    4.900
21:43:20.218 VLLM::W        1046586 nvme1n1 RS   1565462784 131072    4.916
21:43:20.218 VLLM::W        1046586 nvme1n1 RS   1565463040 131072    4.927
21:43:20.218 python3        1046588 nvme1n1 WS   1570938880 131072   11.936
21:43:20.218 VLLM::W        1046586 nvme1n1 RS   1565463808 131072    4.967
21:43:20.218 VLLM::W        1046586 nvme1n1 RS   1565463296 131072    4.997
21:43:20.218 VLLM::W        1046586 nvme1n1 RS   1565463552 131072    5.007
21:43:20.218 VLLM::W        1046586 nvme1n1 RS   1565464064 131072    5.033
21:43:20.218 python3        1046588 nvme1n1 WS   1570939136 131072   12.047
21:43:20.219 VLLM::W        1046589 nvme1n1 RS   575737856  131072    5.207
21:43:20.219 VLLM::W        1046589 nvme1n1 RS   575738112  131072    5.207
21:43:20.219 VLLM::W        1046589 nvme1n1 RS   575738368  131072    5.205
21:43:20.219 VLLM::W        1046589 nvme1n1 RS   575738624  131072    5.240
21:43:20.219 VLLM::W        1046589 nvme1n1 RS   575739136  131072    5.288
21:43:20.219 VLLM::W        1046589 nvme1n1 RS   575738880  131072    5.306
21:43:20.219 VLLM::W        1046589 nvme1n1 RS   575739392  131072    5.312
21:43:20.219 VLLM::W        1046586 nvme1n1 RS   1565464320 131072    5.411
21:43:20.219 VLLM::W        1046586 nvme1n1 RS   1565464832 131072    5.425
21:43:20.219 VLLM::W        1046586 nvme1n1 RS   1565464576 131072    5.448
21:43:20.219 VLLM::W        1046586 nvme1n1 RS   1565465088 131072    5.454
21:43:20.219 VLLM::W        1046586 nvme1n1 RS   1565465600 131072    5.512
21:43:20.219 VLLM::W        1046586 nvme1n1 RS   1565465344 131072    5.614
21:43:20.219 VLLM::W        1046589 nvme1n1 RS   575739904  131072    5.709
21:43:20.219 VLLM::W        1046589 nvme1n1 RS   575739648  131072    5.741
21:43:20.219 VLLM::W        1046589 nvme1n1 RS   575740672  131072    5.918
21:43:20.219 VLLM::W        1046589 nvme1n1 RS   575740928  131072    5.922
21:43:20.219 VLLM::W        1046586 nvme1n1 RS   1565483264 131072    5.986
21:43:20.219 VLLM::W        1046586 nvme1n1 RS   1565465856 131072    6.106
21:43:20.220 VLLM::W        1046586 nvme1n1 RS   1565466112 131072    6.116
21:43:20.220 VLLM::W        1046589 nvme1n1 RS   575741952  131072    6.129
21:43:20.220 VLLM::W        1046586 nvme1n1 RS   1565483008 131072    6.163
21:43:20.220 VLLM::W        1046589 nvme1n1 RS   575740160  131072    6.193
21:43:20.220 VLLM::W        1046589 nvme1n1 RS   575741696  131072    6.213
21:43:20.220 VLLM::W        1046589 nvme1n1 RS   575740416  131072    6.246
21:43:20.220 VLLM::W        1046589 nvme1n1 RS   575741184  131072    6.344
21:43:20.220 VLLM::W        1046587 nvme1n1 RS   1565474816 131072    6.302
21:43:20.220 VLLM::W        1046586 nvme1n1 RS   1565466368 131072    6.424
21:43:20.220 VLLM::W        1046587 nvme1n1 RS   1565475584 131072    6.382
21:43:20.220 VLLM::W        1046587 nvme1n1 RS   1565475840 131072    6.406
21:43:20.220 VLLM::W        1046589 nvme1n1 RS   575741440  131072    6.522
21:43:20.220 VLLM::W        1046587 nvme1n1 RS   1565476608 131072    6.435
21:43:20.220 VLLM::W        1046587 nvme1n1 RS   1565477376 131072    6.501
21:43:20.220 VLLM::W        1046589 nvme1n1 RS   575742208  131072    6.619
21:43:20.220 VLLM::W        1046587 nvme1n1 RS   1565477632 131072    6.579
21:43:20.220 VLLM::W        1046587 nvme1n1 RS   1565475072 131072    6.653
21:43:20.220 VLLM::W        1046587 nvme1n1 RS   1565475328 131072    6.677
21:43:20.220 VLLM::W        1046587 nvme1n1 RS   1565478144 131072    6.640
21:43:20.220 VLLM::W        1046587 nvme1n1 RS   1565478400 131072    6.656
21:43:20.220 VLLM::W        1046587 nvme1n1 RS   1565476096 131072    6.740
21:43:20.220 VLLM::W        1046587 nvme1n1 RS   1565476352 131072    6.762
21:43:20.220 VLLM::W        1046587 nvme1n1 RS   1565478656 131072    6.723
21:43:20.220 VLLM::W        1046587 nvme1n1 RS   1565476864 131072    6.782
21:43:20.220 VLLM::W        1046587 nvme1n1 RS   1565477120 131072    6.794
21:43:20.220 VLLM::W        1046587 nvme1n1 RS   1565495296 131072    6.790
21:43:20.220 VLLM::W        1046587 nvme1n1 RS   1565477888 131072    6.818
21:43:20.220 VLLM::W        1046588 nvme1n1 RS   1565323520 131072    6.666
21:43:20.220 VLLM::W        1046587 nvme1n1 RS   1565495552 131072    6.877
21:43:20.221 VLLM::W        1046588 nvme1n1 RS   1565324288 131072    6.748
21:43:20.221 VLLM::W        1046588 nvme1n1 RS   1565324544 131072    6.786
21:43:20.221 VLLM::W        1046588 nvme1n1 RS   1565323264 131072    6.818
21:43:20.221 VLLM::W        1046588 nvme1n1 RS   1565325312 131072    6.856
21:43:20.221 VLLM::W        1046588 nvme1n1 RS   1565323776 131072    6.955
21:43:20.221 VLLM::W        1046588 nvme1n1 RS   1565324032 131072    6.953
21:43:20.221 VLLM::W        1046588 nvme1n1 RS   1565325568 131072    6.895
21:43:20.221 VLLM::W        1046588 nvme1n1 RS   1565324800 131072    6.992
21:43:20.221 VLLM::W        1046588 nvme1n1 RS   1565325056 131072    7.019
21:43:20.221 VLLM::W        1046588 nvme1n1 RS   1565325824 131072    7.140
21:43:20.221 VLLM::W        1046588 nvme1n1 RS   1565326080 131072    7.156
21:43:20.221 VLLM::W        1046588 nvme1n1 RS   1565326336 131072    7.168
21:43:20.221 VLLM::W        1046588 nvme1n1 RS   1565326592 131072    7.178
21:43:20.221 VLLM::W        1046588 nvme1n1 RS   1565326848 131072    7.245
21:43:20.221 VLLM::W        1046588 nvme1n1 RS   1565458432 131072    7.249
21:43:20.221 VLLM::W        1046588 nvme1n1 RS   1565327104 131072    7.276
21:43:20.221 VLLM::W        1046586 nvme1n1 RS   844926976  131072    1.120
21:43:20.221 VLLM::W        1046586 nvme1n1 RS   844927232  131072    1.210
21:43:20.221 VLLM::W        1046586 nvme1n1 RS   844927744  131072    1.223
21:43:20.221 VLLM::W        1046586 nvme1n1 RS   844928000  131072    1.240
21:43:20.221 VLLM::W        1046588 nvme1n1 RS   1565458688 131072    7.434
21:43:20.221 VLLM::W        1046586 nvme1n1 RS   844928512  131072    1.288
21:43:20.221 VLLM::W        1046586 nvme1n1 RS   844927488  131072    1.316
21:43:20.221 VLLM::W        1046586 nvme1n1 RS   844929280  131072    1.321
21:43:20.221 VLLM::W        1046586 nvme1n1 RS   844928768  131072    1.382
21:43:20.222 VLLM::W        1046586 nvme1n1 RS   844929024  131072    1.408
21:43:20.222 VLLM::W        1046586 nvme1n1 RS   844928256  131072    1.483
21:43:20.222 VLLM::W        1046586 nvme1n1 RS   844930304  131072    1.440
21:43:20.222 VLLM::W        1046586 nvme1n1 RS   844929792  131072    1.504
21:43:20.222 VLLM::W        1046586 nvme1n1 RS   844930048  131072    1.515
21:43:20.222 VLLM::W        1046586 nvme1n1 RS   844929536  131072    1.530
21:43:20.222 VLLM::W        1046586 nvme1n1 RS   844931072  131072    1.531
21:43:20.222 VLLM::W        1046586 nvme1n1 RS   844930816  131072    1.575
21:43:20.222 VLLM::W        1046586 nvme1n1 RS   844930560  131072    1.634
21:43:20.222 VLLM::W        1046589 nvme1n1 RS   1565519872 131072    1.585
21:43:20.222 VLLM::W        1046589 nvme1n1 RS   1565520384 131072    1.633
21:43:20.222 VLLM::W        1046589 nvme1n1 RS   1565520640 131072    1.649
21:43:20.222 VLLM::W        1046586 nvme1n1 RS   844931328  131072    1.739
21:43:20.222 VLLM::W        1046589 nvme1n1 RS   1565520896 131072    1.689
21:43:20.222 VLLM::W        1046589 nvme1n1 RS   1565520128 131072    1.749
21:43:20.222 VLLM::W        1046589 nvme1n1 RS   1565521664 131072    1.726
21:43:20.222 VLLM::W        1046589 nvme1n1 RS   1565522432 131072    1.814
21:43:20.222 VLLM::W        1046589 nvme1n1 RS   1565522688 131072    1.833
21:43:20.222 VLLM::W        1046589 nvme1n1 RS   1565523200 131072    1.912
21:43:20.222 VLLM::W        1046589 nvme1n1 RS   1565523712 131072    1.954
21:43:20.222 VLLM::W        1046589 nvme1n1 RS   1565536256 131072    1.959
21:43:20.223 VLLM::W        1046589 nvme1n1 RS   1565521152 131072    2.268
21:43:20.223 VLLM::W        1046589 nvme1n1 RS   1565521408 131072    2.279
21:43:20.223 VLLM::W        1046589 nvme1n1 RS   1565521920 131072    2.307
21:43:20.223 VLLM::W        1046589 nvme1n1 RS   1565522176 131072    2.311
21:43:20.223 VLLM::W        1046587 nvme1n1 RS   1565499392 131072    2.758
21:43:20.223 VLLM::W        1046587 nvme1n1 RS   1565499648 131072    2.812
21:43:20.223 VLLM::W        1046587 nvme1n1 RS   1565499904 131072    2.817
21:43:20.223 VLLM::W        1046587 nvme1n1 RS   1565500160 131072    2.869
21:43:20.224 VLLM::W        1046587 nvme1n1 RS   1565500416 131072    2.944
21:43:20.224 VLLM::W        1046587 nvme1n1 RS   1565500928 131072    3.038
21:43:20.224 VLLM::W        1046587 nvme1n1 RS   1565501952 131072    3.049
21:43:20.224 VLLM::W        1046589 nvme1n1 RS   1565522944 131072    3.497
21:43:20.224 VLLM::W        1046589 nvme1n1 RS   1565523456 131072    3.580
21:43:20.224 VLLM::W        1046589 nvme1n1 RS   1565536512 131072    3.650
21:43:20.224 VLLM::W        1046587 nvme1n1 RS   1565503232 131072    3.455
21:43:20.224 VLLM::W        1046587 nvme1n1 RS   1565502208 131072    3.686
21:43:20.224 VLLM::W        1046588 nvme1n1 RS   731177216  131072    2.879
21:43:20.224 VLLM::W        1046587 nvme1n1 RS   1565500672 131072    3.765
21:43:20.224 VLLM::W        1046587 nvme1n1 RS   1565511680 131072    3.770
21:43:20.224 VLLM::W        1046587 nvme1n1 RS   1565501184 131072    3.821
21:43:20.225 VLLM::W        1046588 nvme1n1 RS   731177728  131072    3.039
21:43:20.225 VLLM::W        1046587 nvme1n1 RS   1565501696 131072    3.908
21:43:20.225 VLLM::W        1046587 nvme1n1 RS   1565501440 131072    3.979
21:43:20.225 VLLM::W        1046588 nvme1n1 RS   731177984  131072    3.149
21:43:20.225 VLLM::W        1046587 nvme1n1 RS   1565502464 131072    3.994
21:43:20.225 VLLM::W        1046588 nvme1n1 RS   731179008  131072    3.235
21:43:20.225 VLLM::W        1046587 nvme1n1 RS   1565502720 131072    4.125
21:43:20.225 VLLM::W        1046587 nvme1n1 RS   1565502976 131072    4.135
21:43:20.225 VLLM::W        1046588 nvme1n1 RS   731179776  131072    3.302
21:43:20.225 VLLM::W        1046587 nvme1n1 RS   1565511936 131072    4.176
21:43:20.225 VLLM::W        1046588 nvme1n1 RS   731180032  131072    3.342
21:43:20.225 VLLM::W        1046588 nvme1n1 RS   731176960  131072    3.424
21:43:20.225 VLLM::W        1046588 nvme1n1 RS   731177472  131072    3.465
21:43:20.225 VLLM::W        1046588 nvme1n1 RS   731178240  131072    3.573
21:43:20.225 VLLM::W        1046588 nvme1n1 RS   731178496  131072    3.575
21:43:20.225 VLLM::W        1046588 nvme1n1 RS   731178752  131072    3.601
21:43:20.225 VLLM::W        1046588 nvme1n1 RS   731179264  131072    3.644
21:43:20.225 VLLM::W        1046588 nvme1n1 RS   731179520  131072    3.650
21:43:20.225 VLLM::W        1046588 nvme1n1 RS   731180288  131072    3.739
21:43:20.225 VLLM::W        1046588 nvme1n1 RS   731180544  131072    3.745
21:43:20.225 VLLM::W        1046588 nvme1n1 RS   731250944  131072    3.807
21:43:20.226 VLLM::W        1046586 nvme1n1 RS   1565467392 131072    3.454
21:43:20.226 VLLM::W        1046586 nvme1n1 RS   1565467136 131072    3.465
21:43:20.226 VLLM::W        1046586 nvme1n1 RS   1565468160 131072    3.527
21:43:20.226 VLLM::W        1046588 nvme1n1 RS   731180800  131072    4.081
21:43:20.226 VLLM::W        1046588 nvme1n1 RS   731250688  131072    4.098
21:43:20.226 VLLM::W        1046586 nvme1n1 RS   1565468416 131072    3.592
21:43:20.226 VLLM::W        1046586 nvme1n1 RS   1565466624 131072    3.697
21:43:20.226 VLLM::W        1046586 nvme1n1 RS   1565466880 131072    3.718
21:43:20.226 VLLM::W        1046586 nvme1n1 RS   1565469184 131072    3.675
21:43:20.226 VLLM::W        1046586 nvme1n1 RS   1565469440 131072    3.685
21:43:20.226 VLLM::W        1046586 nvme1n1 RS   1565467648 131072    3.790
21:43:20.226 VLLM::W        1046586 nvme1n1 RS   1565467904 131072    3.812
21:43:20.226 VLLM::W        1046586 nvme1n1 RS   1565470208 131072    3.770
21:43:20.226 VLLM::W        1046586 nvme1n1 RS   1565468672 131072    3.914
21:43:20.226 VLLM::W        1046586 nvme1n1 RS   1565468928 131072    3.930
21:43:20.226 VLLM::W        1046586 nvme1n1 RS   1565487360 131072    3.905
21:43:20.226 VLLM::W        1046586 nvme1n1 RS   1565469696 131072    3.997
21:43:20.226 VLLM::W        1046586 nvme1n1 RS   1565469952 131072    4.019
21:43:20.226 VLLM::W        1046589 nvme1n1 RS   1581851392 131072    2.078
21:43:20.226 VLLM::W        1046589 nvme1n1 RS   1581851648 131072    2.079
21:43:20.226 VLLM::W        1046586 nvme1n1 RS   1565470464 131072    4.087
21:43:20.226 VLLM::W        1046586 nvme1n1 RS   1565487104 131072    4.097
21:43:20.226 VLLM::W        1046589 nvme1n1 RS   1581852416 131072    2.099
21:43:20.226 VLLM::W        1046589 nvme1n1 RS   1581852672 131072    2.104
21:43:20.226 VLLM::W        1046589 nvme1n1 RS   1581850624 131072    2.224
21:43:20.226 VLLM::W        1046589 nvme1n1 RS   1581853696 131072    2.176
21:43:20.226 VLLM::W        1046589 nvme1n1 RS   1581850880 131072    2.328
21:43:20.226 VLLM::W        1046589 nvme1n1 RS   1581851136 131072    2.330
21:43:20.227 VLLM::W        1046589 nvme1n1 RS   1581854720 131072    2.293
21:43:20.227 VLLM::W        1046589 nvme1n1 RS   1581851904 131072    2.410
21:43:20.227 VLLM::W        1046589 nvme1n1 RS   1581852160 131072    2.415
21:43:20.227 VLLM::W        1046587 nvme1n1 RS   844935680  131072    1.564
21:43:20.227 VLLM::W        1046589 nvme1n1 RS   1581852928 131072    2.446
21:43:20.227 VLLM::W        1046589 nvme1n1 RS   1581853184 131072    2.456
21:43:20.227 VLLM::W        1046589 nvme1n1 RS   1581853952 131072    2.485
21:43:20.227 VLLM::W        1046589 nvme1n1 RS   1581854208 131072    2.495
21:43:20.227 VLLM::W        1046589 nvme1n1 RS   1581854976 131072    2.590
21:43:20.227 VLLM::W        1046587 nvme1n1 RS   844935168  131072    1.861
21:43:20.227 VLLM::W        1046587 nvme1n1 RS   844936704  131072    1.931
21:43:20.227 VLLM::W        1046587 nvme1n1 RS   844935936  131072    1.956
21:43:20.227 VLLM::W        1046587 nvme1n1 RS   844936192  131072    1.973
21:43:20.227 VLLM::W        1046589 nvme1n1 RS   1581853440 131072    2.829
21:43:20.227 VLLM::W        1046587 nvme1n1 RS   844937472  131072    1.978
21:43:20.227 VLLM::W        1046587 nvme1n1 RS   844937216  131072    2.007
21:43:20.227 VLLM::W        1046587 nvme1n1 RS   844937728  131072    2.016
21:43:20.227 VLLM::W        1046589 nvme1n1 RS   1581854464 131072    2.912
21:43:20.227 VLLM::W        1046587 nvme1n1 RS   844938240  131072    2.065
21:43:20.227 VLLM::W        1046587 nvme1n1 RS   844938496  131072    2.075
21:43:20.227 VLLM::W        1046587 nvme1n1 RS   844938752  131072    2.123
21:43:20.227 VLLM::W        1046587 nvme1n1 RS   844935424  131072    2.235
21:43:20.227 VLLM::W        1046587 nvme1n1 RS   844939008  131072    2.148
21:43:20.227 VLLM::W        1046587 nvme1n1 RS   844939264  131072    2.158
21:43:20.227 VLLM::W        1046587 nvme1n1 RS   844939520  131072    2.214
21:43:20.227 VLLM::W        1046587 nvme1n1 RS   844936448  131072    2.341
21:43:20.227 VLLM::W        1046588 nvme1n1 RS   731181056  131072    1.571
21:43:20.227 VLLM::W        1046588 nvme1n1 RS   731181312  131072    1.589
21:43:20.227 VLLM::W        1046588 nvme1n1 RS   731181824  131072    1.588
21:43:20.227 VLLM::W        1046587 nvme1n1 RS   844936960  131072    2.394
21:43:20.228 VLLM::W        1046588 nvme1n1 RS   731182592  131072    1.659
21:43:20.228 VLLM::W        1046588 nvme1n1 RS   731182336  131072    1.678
21:43:20.228 VLLM::W        1046588 nvme1n1 RS   731182080  131072    1.690
21:43:20.228 VLLM::W        1046587 nvme1n1 RS   844937984  131072    2.483
21:43:20.228 VLLM::W        1046588 nvme1n1 RS   731183104  131072    1.719
21:43:20.228 VLLM::W        1046588 nvme1n1 RS   731182848  131072    1.735
21:43:20.228 VLLM::W        1046588 nvme1n1 RS   731183360  131072    1.787
21:43:20.228 VLLM::W        1046588 nvme1n1 RS   731183872  131072    1.825
21:43:20.228 VLLM::W        1046588 nvme1n1 RS   731181568  131072    1.897
21:43:20.228 VLLM::W        1046588 nvme1n1 RS   731184128  131072    1.868
21:43:20.228 VLLM::W        1046588 nvme1n1 RS   731184384  131072    1.890
21:43:20.228 VLLM::W        1046588 nvme1n1 RS   731183616  131072    1.913
21:43:20.228 VLLM::W        1046588 nvme1n1 RS   731184640  131072    2.007
21:43:20.228 VLLM::W        1046588 nvme1n1 RS   1565470976 131072    2.075
21:43:20.228 VLLM::W        1046586 nvme1n1 RS   1565478912 131072    1.706
21:43:20.228 VLLM::W        1046586 nvme1n1 RS   1565479680 131072    1.736
21:43:20.229 VLLM::W        1046588 nvme1n1 RS   731184896  131072    3.190
21:43:20.229 VLLM::W        1046588 nvme1n1 RS   1565470720 131072    3.201
21:43:20.229 VLLM::W        1046586 nvme1n1 RS   1565479168 131072    2.781
21:43:20.229 VLLM::W        1046586 nvme1n1 RS   1565479424 131072    2.791
21:43:20.229 VLLM::W        1046586 nvme1n1 RS   1565479936 131072    2.950
21:43:20.229 VLLM::W        1046586 nvme1n1 RS   1565480192 131072    2.956
21:43:20.229 VLLM::W        1046586 nvme1n1 RS   1565480960 131072    2.983
21:43:20.229 VLLM::W        1046586 nvme1n1 RS   1565481216 131072    2.984
21:43:20.230 VLLM::W        1046586 nvme1n1 RS   1565480448 131072    3.100
21:43:20.230 VLLM::W        1046586 nvme1n1 RS   1565481984 131072    3.049
21:43:20.230 VLLM::W        1046586 nvme1n1 RS   1565482240 131072    3.066
21:43:20.230 VLLM::W        1046586 nvme1n1 RS   1565480704 131072    3.100
21:43:20.230 VLLM::W        1046586 nvme1n1 RS   1565481472 131072    3.187
21:43:20.230 VLLM::W        1046586 nvme1n1 RS   1565481728 131072    3.196
21:43:20.230 VLLM::W        1046586 nvme1n1 RS   1565482496 131072    3.276
21:43:20.230 VLLM::W        1046586 nvme1n1 RS   1565482752 131072    3.274
21:43:20.230 VLLM::W        1046586 nvme1n1 RS   1565491200 131072    3.379
21:43:20.230 VLLM::W        1046586 nvme1n1 RS   1565491456 131072    3.385
21:43:20.230 VLLM::W        1046589 nvme1n1 RS   1686000640 131072    2.530
21:43:20.230 VLLM::W        1046589 nvme1n1 RS   1685999616 131072    2.631
21:43:20.230 VLLM::W        1046589 nvme1n1 RS   1685999872 131072    2.639
21:43:20.230 VLLM::W        1046589 nvme1n1 RS   1686001920 131072    2.598
21:43:20.230 VLLM::W        1046589 nvme1n1 RS   1686000384 131072    2.745
21:43:20.230 VLLM::W        1046589 nvme1n1 RS   1686001152 131072    2.807
21:43:20.230 VLLM::W        1046589 nvme1n1 RS   1686000128 131072    2.865
21:43:20.230 VLLM::W        1046589 nvme1n1 RS   1686000896 131072    2.923
21:43:20.230 VLLM::W        1046589 nvme1n1 RS   1686002944 131072    2.888
21:43:20.230 VLLM::W        1046589 nvme1n1 RS   1686001408 131072    2.921
21:43:20.230 VLLM::W        1046589 nvme1n1 RS   1686003968 131072    2.948
21:43:20.230 VLLM::W        1046589 nvme1n1 RS   1686002176 131072    3.003
21:43:20.230 VLLM::W        1046589 nvme1n1 RS   1686001664 131072    3.034
21:43:20.230 VLLM::W        1046589 nvme1n1 RS   1686002432 131072    3.045
21:43:20.230 VLLM::W        1046589 nvme1n1 RS   1686003200 131072    3.050
21:43:20.231 VLLM::W        1046589 nvme1n1 RS   1686003456 131072    3.055
21:43:20.231 VLLM::W        1046589 nvme1n1 RS   1686002688 131072    3.090
21:43:20.231 VLLM::W        1046587 nvme1n1 RS   1565503488 131072    2.849
21:43:20.231 VLLM::W        1046587 nvme1n1 RS   1565504256 131072    2.911
21:43:20.231 VLLM::W        1046587 nvme1n1 RS   1565504768 131072    2.989
21:43:20.231 VLLM::W        1046589 nvme1n1 RS   1686003712 131072    3.308
21:43:20.231 VLLM::W        1046587 nvme1n1 RS   1565503744 131072    3.141
21:43:20.231 VLLM::W        1046587 nvme1n1 RS   1565506560 131072    3.138
21:43:20.231 VLLM::W        1046587 nvme1n1 RS   1565504512 131072    3.223
21:43:20.231 VLLM::W        1046587 nvme1n1 RS   1565505024 131072    3.281
21:43:20.231 VLLM::W        1046587 nvme1n1 RS   1565506048 131072    3.374
21:43:20.231 VLLM::W        1046587 nvme1n1 RS   1565506816 131072    3.440
21:43:20.231 VLLM::W        1046588 nvme1n1 RS   1565515776 131072    1.999
21:43:20.231 VLLM::W        1046587 nvme1n1 RS   1565507584 131072    3.506
21:43:20.231 VLLM::W        1046587 nvme1n1 RS   1565504000 131072    3.679
21:43:20.231 VLLM::W        1046588 nvme1n1 RS   1565516032 131072    2.160
21:43:20.232 VLLM::W        1046588 nvme1n1 RS   1565516800 131072    2.223
21:43:20.232 VLLM::W        1046587 nvme1n1 RS   1565505280 131072    3.746
21:43:20.232 VLLM::W        1046588 nvme1n1 RS   1565517056 131072    2.265
21:43:20.232 VLLM::W        1046587 nvme1n1 RS   1565505536 131072    3.794
21:43:20.232 VLLM::W        1046587 nvme1n1 RS   1565505792 131072    3.806
21:43:20.232 VLLM::W        1046588 nvme1n1 RS   1565517824 131072    2.263
21:43:20.232 VLLM::W        1046588 nvme1n1 RS   1565518080 131072    2.324
21:43:20.232 VLLM::W        1046587 nvme1n1 RS   1565506304 131072    3.886
21:43:20.232 VLLM::W        1046587 nvme1n1 RS   1565507072 131072    3.949
21:43:20.232 VLLM::W        1046588 nvme1n1 RS   1565518848 131072    2.446
21:43:20.232 VLLM::W        1046588 nvme1n1 RS   1565519104 131072    2.456
21:43:20.232 VLLM::W        1046587 nvme1n1 RS   1565507328 131072    4.033
21:43:20.232 VLLM::W        1046588 nvme1n1 RS   1565524224 131072    2.511
21:43:20.232 VLLM::W        1046587 nvme1n1 RS   1565507840 131072    4.107
21:43:20.232 VLLM::W        1046588 nvme1n1 RS   1565516288 131072    2.741
21:43:20.232 VLLM::W        1046588 nvme1n1 RS   1565516544 131072    2.752
21:43:20.232 VLLM::W        1046586 nvme1n1 RS   1566216448 131072    2.019
21:43:20.232 VLLM::W        1046586 nvme1n1 RS   1566216704 131072    2.033
21:43:20.232 VLLM::W        1046588 nvme1n1 RS   1565517312 131072    2.808
21:43:20.232 VLLM::W        1046588 nvme1n1 RS   1565517568 131072    2.775
21:43:20.232 VLLM::W        1046586 nvme1n1 RS   1566217472 131072    2.127
21:43:20.232 VLLM::W        1046586 nvme1n1 RS   1566217728 131072    2.154
21:43:20.232 VLLM::W        1046588 nvme1n1 RS   1565518336 131072    2.879
21:43:20.232 VLLM::W        1046588 nvme1n1 RS   1565518592 131072    2.886
21:43:20.232 VLLM::W        1046588 nvme1n1 RS   1565519360 131072    2.892
21:43:20.232 VLLM::W        1046586 nvme1n1 RS   1566218496 131072    2.164
21:43:20.232 VLLM::W        1046586 nvme1n1 RS   1566218752 131072    2.168
21:43:20.232 VLLM::W        1046588 nvme1n1 RS   1565519616 131072    2.947
21:43:20.232 VLLM::W        1046588 nvme1n1 RS   1565523968 131072    2.961
21:43:20.232 VLLM::W        1046586 nvme1n1 RS   1566219520 131072    2.296
21:43:20.232 VLLM::W        1046586 nvme1n1 RS   1566219776 131072    2.301
21:43:20.232 VLLM::W        1046586 nvme1n1 RS   1566216192 131072    2.439
21:43:20.233 VLLM::W        1046586 nvme1n1 RS   1566220544 131072    2.366
21:43:20.233 VLLM::W        1046589 nvme1n1 RS   1566232832 131072    1.633
21:43:20.233 VLLM::W        1046589 nvme1n1 RS   1566232576 131072    1.701
21:43:20.233 VLLM::W        1046586 nvme1n1 RS   1566216960 131072    2.605
21:43:20.233 VLLM::W        1046586 nvme1n1 RS   1566217216 131072    2.620
21:43:20.233 VLLM::W        1046589 nvme1n1 RS   1566233344 131072    1.727
21:43:20.233 VLLM::W        1046589 nvme1n1 RS   1566233600 131072    1.759
21:43:20.233 VLLM::W        1046589 nvme1n1 RS   1566233856 131072    1.801
21:43:20.233 VLLM::W        1046586 nvme1n1 RS   1566217984 131072    2.675
21:43:20.233 VLLM::W        1046586 nvme1n1 RS   1566218240 131072    2.696
21:43:20.233 VLLM::W        1046589 nvme1n1 RS   1566234368 131072    1.803
21:43:20.233 VLLM::W        1046589 nvme1n1 RS   1566234624 131072    1.835
21:43:20.233 VLLM::W        1046589 nvme1n1 RS   1566234880 131072    1.877
21:43:20.233 VLLM::W        1046586 nvme1n1 RS   1566219008 131072    2.795
21:43:20.233 VLLM::W        1046586 nvme1n1 RS   1566219264 131072    2.822
21:43:20.233 VLLM::W        1046589 nvme1n1 RS   1566235392 131072    1.924
21:43:20.233 VLLM::W        1046589 nvme1n1 RS   1566235648 131072    1.965
21:43:20.233 VLLM::W        1046586 nvme1n1 RS   1566220032 131072    2.872
21:43:20.233 VLLM::W        1046586 nvme1n1 RS   1566220288 131072    2.887
21:43:20.233 VLLM::W        1046589 nvme1n1 RS   1566235904 131072    2.015
21:43:20.233 VLLM::W        1046589 nvme1n1 RS   1566233088 131072    2.140
21:43:20.233 VLLM::W        1046589 nvme1n1 RS   1566236672 131072    2.068
21:43:20.233 VLLM::W        1046589 nvme1n1 RS   1566236928 131072    2.112
21:43:20.233 VLLM::W        1046589 nvme1n1 RS   1566234112 131072    2.221
21:43:20.233 VLLM::W        1046587 nvme1n1 RS   1566208256 131072    1.165
21:43:20.233 VLLM::W        1046589 nvme1n1 RS   1566235136 131072    2.265
21:43:20.233 VLLM::W        1046587 nvme1n1 RS   1566209280 131072    1.263
21:43:20.233 VLLM::W        1046589 nvme1n1 RS   1566236160 131072    2.344
21:43:20.233 VLLM::W        1046587 nvme1n1 RS   1566208512 131072    1.366
21:43:20.233 VLLM::W        1046587 nvme1n1 RS   1566210304 131072    1.343
21:43:20.234 VLLM::W        1046587 nvme1n1 RS   1566209536 131072    1.425
21:43:20.234 VLLM::W        1046587 nvme1n1 RS   1566210560 131072    1.425
21:43:20.234 VLLM::W        1046589 nvme1n1 RS   1566236416 131072    2.638
21:43:20.234 VLLM::W        1046587 nvme1n1 RS   1566208000 131072    1.716
21:43:20.234 VLLM::W        1046587 nvme1n1 RS   1566211584 131072    1.743
21:43:20.234 VLLM::W        1046587 nvme1n1 RS   1566208768 131072    1.833
21:43:20.234 VLLM::W        1046587 nvme1n1 RS   1566211328 131072    1.782
21:43:20.234 VLLM::W        1046587 nvme1n1 RS   1566209024 131072    1.890
21:43:20.234 VLLM::W        1046588 nvme1n1 RS   1566224384 131072    1.459
21:43:20.234 VLLM::W        1046587 nvme1n1 RS   1566209792 131072    1.867
21:43:20.234 VLLM::W        1046587 nvme1n1 RS   1566212352 131072    1.838
21:43:20.234 VLLM::W        1046587 nvme1n1 RS   1566210048 131072    1.886
21:43:20.234 VLLM::W        1046587 nvme1n1 RS   1566210816 131072    1.916
21:43:20.234 VLLM::W        1046587 nvme1n1 RS   1566211072 131072    1.938
21:43:20.234 VLLM::W        1046588 nvme1n1 RS   1566224896 131072    1.573
21:43:20.234 VLLM::W        1046588 nvme1n1 RS   1566225152 131072    1.585
21:43:20.234 VLLM::W        1046588 nvme1n1 RS   1566225408 131072    1.595
21:43:20.234 VLLM::W        1046587 nvme1n1 RS   1566211840 131072    2.023
21:43:20.234 VLLM::W        1046588 nvme1n1 RS   1566226176 131072    1.623
21:43:20.234 VLLM::W        1046588 nvme1n1 RS   1566226432 131072    1.635
21:43:20.234 VLLM::W        1046587 nvme1n1 RS   1566212096 131072    2.075
21:43:20.234 VLLM::W        1046588 nvme1n1 RS   1566225920 131072    1.727
21:43:20.234 VLLM::W        1046588 nvme1n1 RS   1566227200 131072    1.686
21:43:20.234 VLLM::W        1046588 nvme1n1 RS   1566227456 131072    1.708
21:43:20.234 VLLM::W        1046588 nvme1n1 RS   1566224640 131072    1.803
21:43:20.234 VLLM::W        1046588 nvme1n1 RS   1566226944 131072    1.743
21:43:20.234 VLLM::W        1046588 nvme1n1 RS   1566225664 131072    1.886
21:43:20.234 VLLM::W        1046588 nvme1n1 RS   1566228480 131072    1.811
21:43:20.234 VLLM::W        1046588 nvme1n1 RS   1566227968 131072    1.838
21:43:20.234 VLLM::W        1046588 nvme1n1 RS   1566228224 131072    1.852
21:43:20.235 VLLM::W        1046586 nvme1n1 RS   1566240768 131072    1.348
21:43:20.235 VLLM::W        1046588 nvme1n1 RS   1566226688 131072    1.941
21:43:20.235 VLLM::W        1046586 nvme1n1 RS   1566241280 131072    1.371
21:43:20.235 VLLM::W        1046586 nvme1n1 RS   1566241792 131072    1.449
21:43:20.235 VLLM::W        1046588 nvme1n1 RS   1566227712 131072    2.025
21:43:20.235 VLLM::W        1046586 nvme1n1 RS   1566241536 131072    1.502
21:43:20.235 VLLM::W        1046586 nvme1n1 RS   1566242304 131072    1.500
21:43:20.235 VLLM::W        1046588 nvme1n1 RS   1566228736 131072    2.104
21:43:20.235 VLLM::W        1046586 nvme1n1 RS   1566242816 131072    1.525
21:43:20.235 VLLM::W        1046586 nvme1n1 RS   1566242560 131072    1.543
21:43:20.235 VLLM::W        1046586 nvme1n1 RS   1566241024 131072    1.628
21:43:20.235 VLLM::W        1046586 nvme1n1 RS   1566242048 131072    1.682
21:43:20.235 VLLM::W        1046586 nvme1n1 RS   1566243072 131072    1.722
21:43:20.235 VLLM::W        1046586 nvme1n1 RS   1566244096 131072    1.805
21:43:20.235 VLLM::W        1046586 nvme1n1 RS   1566478592 131072    1.903
21:43:20.235 VLLM::W        1046586 nvme1n1 RS   1566243328 131072    1.952
21:43:20.235 VLLM::W        1046586 nvme1n1 RS   1566243584 131072    1.974
21:43:20.235 VLLM::W        1046586 nvme1n1 RS   1566243840 131072    1.990
21:43:20.235 VLLM::W        1046589 nvme1n1 RS   1562939392 131072    1.414
21:43:20.235 VLLM::W        1046586 nvme1n1 RS   1566244352 131072    2.044
21:43:20.235 VLLM::W        1046586 nvme1n1 RS   1566244608 131072    2.043
21:43:20.235 VLLM::W        1046586 nvme1n1 RS   1566478336 131072    2.054
21:43:20.235 VLLM::W        1046589 nvme1n1 RS   1562940416 131072    1.509
21:43:20.235 VLLM::W        1046589 nvme1n1 RS   1562939648 131072    1.560
21:43:20.235 VLLM::W        1046589 nvme1n1 RS   1562939904 131072    1.577
21:43:20.235 VLLM::W        1046589 nvme1n1 RS   1562940160 131072    1.582
21:43:20.236 VLLM::W        1046589 nvme1n1 RS   1562940672 131072    1.635
21:43:20.236 VLLM::W        1046589 nvme1n1 RS   1562940928 131072    1.668
21:43:20.236 VLLM::W        1046589 nvme1n1 RS   1562941184 131072    1.639
21:43:20.236 VLLM::W        1046589 nvme1n1 RS   1562941440 131072    1.650
21:43:20.236 VLLM::W        1046589 nvme1n1 RS   1562941696 131072    1.668
21:43:20.236 VLLM::W        1046589 nvme1n1 RS   1562941952 131072    1.697
21:43:20.236 VLLM::W        1046589 nvme1n1 RS   1562942208 131072    1.717
21:43:20.236 VLLM::W        1046589 nvme1n1 RS   1562942464 131072    1.727
21:43:20.236 VLLM::W        1046589 nvme1n1 RS   1562942720 131072    1.755
21:43:20.236 VLLM::W        1046589 nvme1n1 RS   1562942976 131072    1.787
21:43:20.236 VLLM::W        1046589 nvme1n1 RS   1562943232 131072    1.784
21:43:20.236 VLLM::W        1046589 nvme1n1 RS   1562943488 131072    1.794
21:43:20.236 VLLM::W        1046589 nvme1n1 RS   1562943744 131072    1.833
21:43:20.236 VLLM::W        1046587 nvme1n1 RS   1566482944 131072    1.498
21:43:20.236 VLLM::W        1046587 nvme1n1 RS   1566482432 131072    1.528
21:43:20.236 VLLM::W        1046587 nvme1n1 RS   1566482688 131072    1.545
21:43:20.236 VLLM::W        1046587 nvme1n1 RS   1566483200 131072    1.547
21:43:20.236 VLLM::W        1046587 nvme1n1 RS   1566483456 131072    1.624
21:43:20.236 VLLM::W        1046587 nvme1n1 RS   1566483712 131072    1.631
21:43:20.236 VLLM::W        1046587 nvme1n1 RS   1566483968 131072    1.665
21:43:20.236 VLLM::W        1046587 nvme1n1 RS   1566484224 131072    1.647
21:43:20.236 VLLM::W        1046587 nvme1n1 RS   1566484480 131072    1.666
21:43:20.236 VLLM::W        1046587 nvme1n1 RS   1566484736 131072    1.677
21:43:20.236 VLLM::W        1046587 nvme1n1 RS   1566484992 131072    1.706
21:43:20.236 VLLM::W        1046587 nvme1n1 RS   1566485248 131072    1.731
21:43:20.236 VLLM::W        1046587 nvme1n1 RS   1566485504 131072    1.764
21:43:20.236 VLLM::W        1046587 nvme1n1 RS   1566485760 131072    1.791
21:43:20.236 VLLM::W        1046587 nvme1n1 RS   1566486016 131072    1.831
21:43:20.236 VLLM::W        1046587 nvme1n1 RS   1566486272 131072    1.844
21:43:20.236 VLLM::W        1046587 nvme1n1 RS   1566334976 131072    1.881
21:43:20.236 VLLM::W        1046587 nvme1n1 RS   1566335232 131072    1.910
21:43:20.237 VLLM::W        1046588 nvme1n1 RS   1562931456 131072    1.591
21:43:20.237 VLLM::W        1046588 nvme1n1 RS   1562931200 131072    1.603
21:43:20.237 VLLM::W        1046588 nvme1n1 RS   1562931712 131072    1.610
21:43:20.237 VLLM::W        1046588 nvme1n1 RS   1562931968 131072    1.642
21:43:20.237 VLLM::W        1046588 nvme1n1 RS   1562932224 131072    1.684
21:43:20.237 VLLM::W        1046588 nvme1n1 RS   1562932480 131072    1.738
21:43:20.237 VLLM::W        1046588 nvme1n1 RS   1562932736 131072    1.755
21:43:20.237 VLLM::W        1046588 nvme1n1 RS   1562932992 131072    1.715
21:43:20.237 VLLM::W        1046588 nvme1n1 RS   1562933248 131072    1.750
21:43:20.237 VLLM::W        1046588 nvme1n1 RS   1562933504 131072    1.778
21:43:20.237 VLLM::W        1046588 nvme1n1 RS   1562933760 131072    1.808
21:43:20.237 VLLM::W        1046588 nvme1n1 RS   1562934016 131072    1.839
21:43:20.237 VLLM::W        1046588 nvme1n1 RS   1562934272 131072    1.873
21:43:20.237 VLLM::W        1046588 nvme1n1 RS   1562934528 131072    1.903
21:43:20.237 VLLM::W        1046588 nvme1n1 RS   1562934784 131072    1.940
21:43:20.237 VLLM::W        1046588 nvme1n1 RS   1562935040 131072    1.965
21:43:20.237 VLLM::W        1046588 nvme1n1 RS   1562935296 131072    2.000
21:43:20.237 VLLM::W        1046588 nvme1n1 RS   1562935552 131072    2.029
21:43:20.237 VLLM::W        1046586 nvme1n1 RS   1571143680 131072    1.633
21:43:20.237 VLLM::W        1046586 nvme1n1 RS   1571143936 131072    1.655
21:43:20.237 VLLM::W        1046586 nvme1n1 RS   1571144192 131072    1.704
21:43:20.237 VLLM::W        1046586 nvme1n1 RS   1571144448 131072    1.736
21:43:20.237 VLLM::W        1046586 nvme1n1 RS   1571144704 131072    1.772
21:43:20.237 VLLM::W        1046586 nvme1n1 RS   1571144960 131072    1.803
21:43:20.237 VLLM::W        1046586 nvme1n1 RS   1571145216 131072    1.840
21:43:20.237 VLLM::W        1046586 nvme1n1 RS   1571145472 131072    1.827
21:43:20.237 VLLM::W        1046586 nvme1n1 RS   1571145728 131072    1.854
21:43:20.237 VLLM::W        1046586 nvme1n1 RS   1571145984 131072    1.887
21:43:20.238 VLLM::W        1046586 nvme1n1 RS   1571146240 131072    1.956
21:43:20.238 VLLM::W        1046586 nvme1n1 RS   1571146496 131072    1.966
21:43:20.238 VLLM::W        1046586 nvme1n1 RS   1571146752 131072    2.007
21:43:20.238 VLLM::W        1046586 nvme1n1 RS   1571147008 131072    2.017
21:43:20.238 VLLM::W        1046586 nvme1n1 RS   1571147264 131072    2.047
21:43:20.238 VLLM::W        1046586 nvme1n1 RS   1571147776 131072    2.105
21:43:20.238 VLLM::W        1046586 nvme1n1 RS   1571147520 131072    2.132
21:43:20.238 VLLM::W        1046586 nvme1n1 RS   1571148032 131072    2.140
21:43:20.238 VLLM::W        1046589 nvme1n1 RS   1570787328 131072    1.828
21:43:20.238 VLLM::W        1046589 nvme1n1 RS   1570787584 131072    1.855
21:43:20.238 VLLM::W        1046589 nvme1n1 RS   1570787840 131072    1.897
21:43:20.238 VLLM::W        1046589 nvme1n1 RS   1570788096 131072    1.927
21:43:20.238 VLLM::W        1046589 nvme1n1 RS   1570788352 131072    1.974
21:43:20.238 VLLM::W        1046589 nvme1n1 RS   1570788608 131072    2.010
21:43:20.238 VLLM::W        1046589 nvme1n1 RS   1570788864 131072    2.027
21:43:20.238 VLLM::W        1046589 nvme1n1 RS   1570789376 131072    2.054
21:43:20.238 VLLM::W        1046589 nvme1n1 RS   1570789120 131072    2.083
21:43:20.238 VLLM::W        1046589 nvme1n1 RS   1570789632 131072    2.089
21:43:20.238 VLLM::W        1046589 nvme1n1 RS   1570789888 131072    2.174
21:43:20.238 VLLM::W        1046589 nvme1n1 RS   1570790144 131072    2.186
21:43:20.238 VLLM::W        1046589 nvme1n1 RS   1570790400 131072    2.203
21:43:20.238 VLLM::W        1046589 nvme1n1 RS   1570790656 131072    2.213
21:43:20.238 VLLM::W        1046589 nvme1n1 RS   1570790912 131072    2.254
21:43:20.238 VLLM::W        1046589 nvme1n1 RS   1570791168 131072    2.272
21:43:20.238 VLLM::W        1046589 nvme1n1 RS   1570840576 131072    2.319
21:43:20.238 VLLM::W        1046589 nvme1n1 RS   1570840832 131072    2.331
21:43:20.238 VLLM::W        1046587 nvme1n1 RS   1570783232 131072    1.893
21:43:20.239 VLLM::W        1046587 nvme1n1 RS   1570783744 131072    1.997
21:43:20.239 VLLM::W        1046587 nvme1n1 RS   1570783488 131072    2.031
21:43:20.239 VLLM::W        1046587 nvme1n1 RS   1570784000 131072    2.035
21:43:20.239 VLLM::W        1046587 nvme1n1 RS   1570784512 131072    2.100
21:43:20.239 VLLM::W        1046587 nvme1n1 RS   1570784256 131072    2.119
21:43:20.239 VLLM::W        1046587 nvme1n1 RS   1570784768 131072    2.120
21:43:20.239 VLLM::W        1046587 nvme1n1 RS   1570785280 131072    2.133
21:43:20.239 VLLM::W        1046587 nvme1n1 RS   1570785024 131072    2.151
21:43:20.239 VLLM::W        1046587 nvme1n1 RS   1570785536 131072    2.159
21:43:20.239 VLLM::W        1046587 nvme1n1 RS   1570785792 131072    2.197
21:43:20.239 VLLM::W        1046587 nvme1n1 RS   1570786048 131072    2.234
21:43:20.239 VLLM::W        1046587 nvme1n1 RS   1570786304 131072    2.261
21:43:20.239 VLLM::W        1046587 nvme1n1 RS   1570786560 131072    2.290
21:43:20.239 VLLM::W        1046587 nvme1n1 RS   1570786816 131072    2.340
21:43:20.239 VLLM::W        1046587 nvme1n1 RS   1570787072 131072    2.355
21:43:20.239 VLLM::W        1046587 nvme1n1 RS   1570795520 131072    2.404
21:43:20.239 VLLM::W        1046587 nvme1n1 RS   1570795776 131072    2.414
21:43:20.239 VLLM::W        1046588 nvme1n1 RS   57291008   131072    1.929
21:43:20.239 VLLM::W        1046588 nvme1n1 RS   57290752   131072    1.957
21:43:20.239 VLLM::W        1046588 nvme1n1 RS   57291264   131072    1.972
21:43:20.239 VLLM::W        1046588 nvme1n1 RS   57291520   131072    2.002
21:43:20.239 VLLM::W        1046588 nvme1n1 RS   57291776   131072    2.041
21:43:20.239 VLLM::W        1046588 nvme1n1 RS   57292032   131072    2.039
21:43:20.239 VLLM::W        1046588 nvme1n1 RS   57292288   131072    2.101
21:43:20.239 VLLM::W        1046588 nvme1n1 RS   57292544   131072    2.063
21:43:20.239 VLLM::W        1046588 nvme1n1 RS   57292800   131072    2.121
21:43:20.239 VLLM::W        1046588 nvme1n1 RS   57293056   131072    2.131
21:43:20.239 VLLM::W        1046588 nvme1n1 RS   57293312   131072    2.160
21:43:20.240 VLLM::W        1046588 nvme1n1 RS   57293568   131072    2.195
21:43:20.240 VLLM::W        1046588 nvme1n1 RS   57293824   131072    2.234
21:43:20.240 VLLM::W        1046588 nvme1n1 RS   57294080   131072    2.291
21:43:20.240 VLLM::W        1046588 nvme1n1 RS   57294336   131072    2.315
21:43:20.240 VLLM::W        1046588 nvme1n1 RS   57294592   131072    2.313
21:43:20.240 VLLM::W        1046588 nvme1n1 RS   57294848   131072    2.349
21:43:20.240 VLLM::W        1046588 nvme1n1 RS   57295104   131072    2.390
21:43:20.240 VLLM::W        1046586 nvme1n1 RS   1570770944 131072    1.885
21:43:20.240 VLLM::W        1046586 nvme1n1 RS   1570771200 131072    1.921
21:43:20.240 VLLM::W        1046586 nvme1n1 RS   1570771456 131072    1.948
21:43:20.240 VLLM::W        1046586 nvme1n1 RS   1570771712 131072    2.013
21:43:20.240 VLLM::W        1046586 nvme1n1 RS   1570771968 131072    2.048
21:43:20.240 VLLM::W        1046586 nvme1n1 RS   1570772224 131072    2.055
21:43:20.240 VLLM::W        1046586 nvme1n1 RS   1570772480 131072    2.081
21:43:20.240 VLLM::W        1046586 nvme1n1 RS   1570772736 131072    2.052
21:43:20.240 VLLM::W        1046586 nvme1n1 RS   1570772992 131072    2.090
21:43:20.240 VLLM::W        1046586 nvme1n1 RS   1570773248 131072    2.117
21:43:20.240 VLLM::W        1046586 nvme1n1 RS   1570773504 131072    2.145
21:43:20.240 VLLM::W        1046586 nvme1n1 RS   1570773760 131072    2.181
21:43:20.240 VLLM::W        1046586 nvme1n1 RS   1570774016 131072    2.209
21:43:20.240 VLLM::W        1046586 nvme1n1 RS   1570774272 131072    2.247
21:43:20.240 VLLM::W        1046586 nvme1n1 RS   1570774528 131072    2.276
21:43:20.240 VLLM::W        1046586 nvme1n1 RS   1570774784 131072    2.339
21:43:20.240 VLLM::W        1046586 nvme1n1 RS   1570779136 131072    2.362
21:43:20.240 VLLM::W        1046586 nvme1n1 RS   1570779392 131072    2.375
21:43:20.240 VLLM::W        1046589 nvme1n1 RS   57298944   131072    1.898
21:43:20.240 VLLM::W        1046589 nvme1n1 RS   57299200   131072    1.925
21:43:20.241 VLLM::W        1046589 nvme1n1 RS   57299712   131072    1.987
21:43:20.241 VLLM::W        1046589 nvme1n1 RS   57299456   131072    2.038
21:43:20.241 VLLM::W        1046589 nvme1n1 RS   57299968   131072    2.061
21:43:20.241 VLLM::W        1046589 nvme1n1 RS   57300224   131072    2.083
21:43:20.241 VLLM::W        1046589 nvme1n1 RS   57300480   131072    2.107
21:43:20.241 VLLM::W        1046589 nvme1n1 RS   57301248   131072    2.145
21:43:20.241 VLLM::W        1046589 nvme1n1 RS   57300736   131072    2.165
21:43:20.241 VLLM::W        1046589 nvme1n1 RS   57300992   131072    2.203
21:43:20.241 VLLM::W        1046589 nvme1n1 RS   57302016   131072    2.292
21:43:20.241 VLLM::W        1046589 nvme1n1 RS   57302272   131072    2.304
21:43:20.241 VLLM::W        1046589 nvme1n1 RS   57301504   131072    2.333
21:43:20.241 VLLM::W        1046589 nvme1n1 RS   57301760   131072    2.343
21:43:20.241 VLLM::W        1046589 nvme1n1 RS   57302528   131072    2.377
21:43:20.241 VLLM::W        1046589 nvme1n1 RS   57303296   131072    2.409
21:43:20.241 VLLM::W        1046589 nvme1n1 RS   57302784   131072    2.501
21:43:20.241 VLLM::W        1046589 nvme1n1 RS   57303040   131072    2.511
21:43:20.241 VLLM::W        1046587 nvme1n1 RS   1570775552 131072    2.018
21:43:20.241 VLLM::W        1046587 nvme1n1 RS   1570775040 131072    2.039
21:43:20.241 VLLM::W        1046587 nvme1n1 RS   1570775808 131072    2.042
21:43:20.241 VLLM::W        1046587 nvme1n1 RS   1570775296 131072    2.101
21:43:20.241 VLLM::W        1046587 nvme1n1 RS   1570776576 131072    2.108
21:43:20.241 VLLM::W        1046587 nvme1n1 RS   1570777088 131072    2.137
21:43:20.241 VLLM::W        1046587 nvme1n1 RS   1570776064 131072    2.244
21:43:20.241 VLLM::W        1046587 nvme1n1 RS   1570776320 131072    2.261
21:43:20.242 VLLM::W        1046587 nvme1n1 RS   1570777344 131072    2.188
21:43:20.242 VLLM::W        1046587 nvme1n1 RS   1570776832 131072    2.247
21:43:20.242 VLLM::W        1046587 nvme1n1 RS   1570778112 131072    2.244
21:43:20.242 VLLM::W        1046587 nvme1n1 RS   1570778368 131072    2.283
21:43:20.242 VLLM::W        1046587 nvme1n1 RS   1570777600 131072    2.308
21:43:20.242 VLLM::W        1046587 nvme1n1 RS   1570777856 131072    2.317
21:43:20.242 VLLM::W        1046587 nvme1n1 RS   1570836736 131072    2.408
21:43:20.242 VLLM::W        1046587 nvme1n1 RS   1570836480 131072    2.424
21:43:20.242 VLLM::W        1046587 nvme1n1 RS   1570778624 131072    2.482
21:43:20.242 VLLM::W        1046588 nvme1n1 RS   1570845184 131072    1.928
21:43:20.242 VLLM::W        1046587 nvme1n1 RS   1570778880 131072    2.546
21:43:20.242 VLLM::W        1046588 nvme1n1 RS   1570844928 131072    1.997
21:43:20.242 VLLM::W        1046588 nvme1n1 RS   1570844672 131072    2.048
21:43:20.242 VLLM::W        1046588 nvme1n1 RS   1570845952 131072    2.063
21:43:20.242 VLLM::W        1046588 nvme1n1 RS   1570846208 131072    2.085
21:43:20.242 VLLM::W        1046588 nvme1n1 RS   1570845440 131072    2.114
21:43:20.242 VLLM::W        1046588 nvme1n1 RS   1570845696 131072    2.121
21:43:20.242 VLLM::W        1046588 nvme1n1 RS   1570846464 131072    2.081
21:43:20.242 VLLM::W        1046588 nvme1n1 RS   1570847232 131072    2.120
21:43:20.242 VLLM::W        1046588 nvme1n1 RS   1570846720 131072    2.147
21:43:20.242 VLLM::W        1046588 nvme1n1 RS   1570847488 131072    2.205
21:43:20.242 VLLM::W        1046588 nvme1n1 RS   1570846976 131072    2.229
21:43:20.242 VLLM::W        1046588 nvme1n1 RS   1570848000 131072    2.305
21:43:20.242 VLLM::W        1046588 nvme1n1 RS   1570848256 131072    2.321
21:43:20.242 VLLM::W        1046588 nvme1n1 RS   1570847744 131072    2.340
21:43:20.242 VLLM::W        1046588 nvme1n1 RS   1570848512 131072    2.384
21:43:20.243 VLLM::W        1046588 nvme1n1 RS   1570849024 131072    2.417
21:43:20.243 VLLM::W        1046588 nvme1n1 RS   1570848768 131072    2.462
21:43:20.243 VLLM::W        1046586 nvme1n1 RS   1570824192 131072    2.009
21:43:20.243 VLLM::W        1046586 nvme1n1 RS   1570824960 131072    2.021
21:43:20.243 VLLM::W        1046586 nvme1n1 RS   1570824704 131072    2.044
21:43:20.243 VLLM::W        1046586 nvme1n1 RS   1570824448 131072    2.061
21:43:20.243 VLLM::W        1046586 nvme1n1 RS   1570825216 131072    2.087
21:43:20.243 VLLM::W        1046586 nvme1n1 RS   1570825728 131072    2.112
21:43:20.243 VLLM::W        1046586 nvme1n1 RS   1570825472 131072    2.255
21:43:20.243 VLLM::W        1046586 nvme1n1 RS   1570826240 131072    2.233
21:43:20.243 VLLM::W        1046586 nvme1n1 RS   1570826496 131072    2.245
21:43:20.243 VLLM::W        1046586 nvme1n1 RS   1570825984 131072    2.265
21:43:20.243 VLLM::W        1046586 nvme1n1 RS   1570827520 131072    2.354
21:43:20.243 VLLM::W        1046586 nvme1n1 RS   1570827776 131072    2.364
21:43:20.243 VLLM::W        1046586 nvme1n1 RS   1570826752 131072    2.434
21:43:20.243 VLLM::W        1046586 nvme1n1 RS   1570827008 131072    2.444
21:43:20.243 VLLM::W        1046586 nvme1n1 RS   1570827264 131072    2.469
21:43:20.243 VLLM::W        1046586 nvme1n1 RS   1570791680 131072    2.502
21:43:20.243 VLLM::W        1046586 nvme1n1 RS   1570828032 131072    2.532
21:43:20.243 VLLM::W        1046586 nvme1n1 RS   1570791424 131072    2.542
21:43:20.243 VLLM::W        1046589 nvme1n1 RS   1566609920 131072    2.006
21:43:20.243 VLLM::W        1046589 nvme1n1 RS   1566610176 131072    2.023
21:43:20.243 VLLM::W        1046589 nvme1n1 RS   1566609408 131072    2.041
21:43:20.243 VLLM::W        1046589 nvme1n1 RS   1566610944 131072    2.096
21:43:20.243 VLLM::W        1046589 nvme1n1 RS   1566609664 131072    2.117
21:43:20.243 VLLM::W        1046589 nvme1n1 RS   1566610432 131072    2.160
21:43:20.244 VLLM::W        1046589 nvme1n1 RS   1566611456 131072    2.178
21:43:20.244 VLLM::W        1046589 nvme1n1 RS   1566611712 131072    2.200
21:43:20.244 VLLM::W        1046589 nvme1n1 RS   1566610688 131072    2.267
21:43:20.244 VLLM::W        1046589 nvme1n1 RS   1566612480 131072    2.254
21:43:20.244 VLLM::W        1046589 nvme1n1 RS   1566612736 131072    2.264
21:43:20.244 VLLM::W        1046589 nvme1n1 RS   1566611200 131072    2.311
21:43:20.244 VLLM::W        1046589 nvme1n1 RS   1566629888 131072    2.333
21:43:20.244 VLLM::W        1046589 nvme1n1 RS   1566630144 131072    2.345
21:43:20.244 VLLM::W        1046589 nvme1n1 RS   1566611968 131072    2.397
21:43:20.244 VLLM::W        1046589 nvme1n1 RS   1566612224 131072    2.418
21:43:20.244 VLLM::W        1046587 nvme1n1 RS   1571155968 131072    1.775
21:43:20.244 VLLM::W        1046589 nvme1n1 RS   1566612992 131072    2.488
21:43:20.244 VLLM::W        1046589 nvme1n1 RS   1566613248 131072    2.496
21:43:20.244 VLLM::W        1046587 nvme1n1 RS   1571156736 131072    1.869
21:43:20.244 VLLM::W        1046587 nvme1n1 RS   1571156224 131072    1.930
21:43:20.244 VLLM::W        1046587 nvme1n1 RS   1571156480 131072    1.947
21:43:20.244 VLLM::W        1046587 nvme1n1 RS   1571156992 131072    1.955
21:43:20.244 VLLM::W        1046587 nvme1n1 RS   1571157248 131072    1.986
21:43:20.244 VLLM::W        1046587 nvme1n1 RS   1571157504 131072    1.996
21:43:20.244 VLLM::W        1046587 nvme1n1 RS   1571158272 131072    2.024
21:43:20.244 VLLM::W        1046587 nvme1n1 RS   1571157760 131072    2.051
21:43:20.244 VLLM::W        1046587 nvme1n1 RS   1571158016 131072    2.073
21:43:20.244 VLLM::W        1046587 nvme1n1 RS   1571158528 131072    2.096
21:43:20.244 VLLM::W        1046587 nvme1n1 RS   1571158784 131072    2.117
21:43:20.244 VLLM::W        1046587 nvme1n1 RS   1571159040 131072    2.124
21:43:20.244 VLLM::W        1046587 nvme1n1 RS   1571159296 131072    2.165
21:43:20.244 VLLM::W        1046587 nvme1n1 RS   1571159552 131072    2.176
21:43:20.244 VLLM::W        1046587 nvme1n1 RS   1571159808 131072    2.251
21:43:20.244 VLLM::W        1046587 nvme1n1 RS   1571160064 131072    2.262
21:43:20.244 VLLM::W        1046587 nvme1n1 RS   1571160320 131072    2.291
21:43:20.244 VLLM::W        1046588 nvme1n1 RS   1566601216 131072    1.771
21:43:20.245 VLLM::W        1046588 nvme1n1 RS   1566601472 131072    1.844
21:43:20.245 VLLM::W        1046588 nvme1n1 RS   1566601728 131072    1.864
21:43:20.245 VLLM::W        1046588 nvme1n1 RS   1566601984 131072    1.874
21:43:20.245 VLLM::W        1046588 nvme1n1 RS   1566602240 131072    1.907
21:43:20.245 VLLM::W        1046588 nvme1n1 RS   1566602496 131072    1.947
21:43:20.245 VLLM::W        1046588 nvme1n1 RS   1566602752 131072    1.969
21:43:20.245 VLLM::W        1046588 nvme1n1 RS   1566603264 131072    2.004
21:43:20.245 VLLM::W        1046588 nvme1n1 RS   1566603008 131072    2.023
21:43:20.245 VLLM::W        1046588 nvme1n1 RS   1566603520 131072    2.033
21:43:20.245 VLLM::W        1046588 nvme1n1 RS   1566604288 131072    2.122
21:43:20.245 VLLM::W        1046588 nvme1n1 RS   1566603776 131072    2.148
21:43:20.245 VLLM::W        1046588 nvme1n1 RS   1566604032 131072    2.168
21:43:20.245 VLLM::W        1046588 nvme1n1 RS   1566604544 131072    2.175
21:43:20.245 VLLM::W        1046588 nvme1n1 RS   1566605056 131072    2.231
21:43:20.245 VLLM::W        1046588 nvme1n1 RS   1566604800 131072    2.307
21:43:20.245 VLLM::W        1046586 nvme1n1 RS   1570828544 131072    1.791
21:43:20.245 VLLM::W        1046586 nvme1n1 RS   1570828288 131072    1.835
21:43:20.245 VLLM::W        1046588 nvme1n1 RS   1566613504 131072    2.405
21:43:20.245 VLLM::W        1046588 nvme1n1 RS   1566613760 131072    2.416
21:43:20.245 VLLM::W        1046586 nvme1n1 RS   1570829312 131072    1.898
21:43:20.245 VLLM::W        1046586 nvme1n1 RS   1570829568 131072    1.936
21:43:20.245 VLLM::W        1046586 nvme1n1 RS   1570828800 131072    1.984
21:43:20.245 VLLM::W        1046586 nvme1n1 RS   1570829056 131072    1.995
21:43:20.245 VLLM::W        1046586 nvme1n1 RS   1570830336 131072    2.020
21:43:20.245 VLLM::W        1046586 nvme1n1 RS   1570829824 131072    2.076
21:43:20.246 VLLM::W        1046586 nvme1n1 RS   1570830592 131072    2.070
21:43:20.246 VLLM::W        1046586 nvme1n1 RS   1570830080 131072    2.095
21:43:20.246 VLLM::W        1046586 nvme1n1 RS   1570831360 131072    2.157
21:43:20.246 VLLM::W        1046586 nvme1n1 RS   1570830848 131072    2.183
21:43:20.246 VLLM::W        1046586 nvme1n1 RS   1570831104 131072    2.195
21:43:20.246 VLLM::W        1046586 nvme1n1 RS   1570831616 131072    2.209
21:43:20.246 VLLM::W        1046586 nvme1n1 RS   1570831872 131072    2.219
21:43:20.246 VLLM::W        1046586 nvme1n1 RS   1570832128 131072    2.269
21:43:20.246 VLLM::W        1046586 nvme1n1 RS   1570832384 131072    2.292
21:43:20.246 VLLM::W        1046586 nvme1n1 RS   1570832640 131072    2.298
21:43:20.246 VLLM::W        1046589 nvme1n1 RS   1566605312 131072    1.753
21:43:20.246 VLLM::W        1046589 nvme1n1 RS   1566605568 131072    1.761
21:43:20.246 VLLM::W        1046589 nvme1n1 RS   1566605824 131072    1.789
21:43:20.246 VLLM::W        1046589 nvme1n1 RS   1566606080 131072    1.862
21:43:20.246 VLLM::W        1046589 nvme1n1 RS   1566606592 131072    1.901
21:43:20.246 VLLM::W        1046589 nvme1n1 RS   1566606336 131072    1.924
21:43:20.246 VLLM::W        1046589 nvme1n1 RS   1566606848 131072    1.931
21:43:20.246 VLLM::W        1046589 nvme1n1 RS   1566607104 131072    1.967
21:43:20.246 VLLM::W        1046589 nvme1n1 RS   1566607360 131072    1.977
21:43:20.246 VLLM::W        1046589 nvme1n1 RS   1566607616 131072    2.028
21:43:20.246 VLLM::W        1046589 nvme1n1 RS   1566607872 131072    2.040
21:43:20.246 VLLM::W        1046589 nvme1n1 RS   1566608384 131072    2.075
21:43:20.246 VLLM::W        1046589 nvme1n1 RS   1566608128 131072    2.092
21:43:20.246 VLLM::W        1046589 nvme1n1 RS   1566608640 131072    2.167
21:43:20.246 VLLM::W        1046589 nvme1n1 RS   1566608896 131072    2.178
21:43:20.246 VLLM::W        1046589 nvme1n1 RS   1566609152 131072    2.204
21:43:20.246 VLLM::W        1046589 nvme1n1 RS   1566621696 131072    2.226
21:43:20.246 VLLM::W        1046589 nvme1n1 RS   1566621952 131072    2.237
21:43:20.247 VLLM::W        1046587 nvme1n1 RS   1500925952 131072    1.928
21:43:20.247 VLLM::W        1046587 nvme1n1 RS   1500926208 131072    1.944
21:43:20.247 VLLM::W        1046587 nvme1n1 RS   1500926464 131072    1.948
21:43:20.247 VLLM::W        1046587 nvme1n1 RS   1500926720 131072    1.981
21:43:20.247 VLLM::W        1046587 nvme1n1 RS   1500926976 131072    2.025
21:43:20.247 VLLM::W        1046587 nvme1n1 RS   1500927232 131072    2.050
21:43:20.247 VLLM::W        1046587 nvme1n1 RS   1500927488 131072    2.124
21:43:20.247 VLLM::W        1046587 nvme1n1 RS   1500927744 131072    2.084
21:43:20.247 VLLM::W        1046587 nvme1n1 RS   1500928256 131072    2.131
21:43:20.247 VLLM::W        1046587 nvme1n1 RS   1500928000 131072    2.170
21:43:20.247 VLLM::W        1046587 nvme1n1 RS   1500928512 131072    2.199
21:43:20.247 VLLM::W        1046587 nvme1n1 RS   1500928768 131072    2.233
21:43:20.247 VLLM::W        1046587 nvme1n1 RS   1500929280 131072    2.291
21:43:20.247 VLLM::W        1046587 nvme1n1 RS   1500929536 131072    2.335
21:43:20.247 VLLM::W        1046587 nvme1n1 RS   1500929024 131072    2.354
21:43:20.247 VLLM::W        1046587 nvme1n1 RS   1500929792 131072    2.366
21:43:20.247 VLLM::W        1046587 nvme1n1 RS   1500930304 131072    2.388
21:43:20.247 VLLM::W        1046588 nvme1n1 RS   1566617600 131072    1.798
21:43:20.247 VLLM::W        1046588 nvme1n1 RS   1566617856 131072    1.812
21:43:20.247 VLLM::W        1046587 nvme1n1 RS   1500930048 131072    2.527
21:43:20.247 VLLM::W        1046588 nvme1n1 RS   1566618112 131072    1.854
21:43:20.247 VLLM::W        1046588 nvme1n1 RS   1566618624 131072    1.900
21:43:20.247 VLLM::W        1046588 nvme1n1 RS   1566618368 131072    1.922
21:43:20.247 VLLM::W        1046588 nvme1n1 RS   1566618880 131072    1.930
21:43:20.247 VLLM::W        1046588 nvme1n1 RS   1566619136 131072    1.959
21:43:20.247 VLLM::W        1046588 nvme1n1 RS   1566619392 131072    1.957
21:43:20.247 VLLM::W        1046588 nvme1n1 RS   1566619648 131072    1.988
21:43:20.247 VLLM::W        1046588 nvme1n1 RS   1566619904 131072    2.029
21:43:20.248 VLLM::W        1046588 nvme1n1 RS   1566620160 131072    2.040
21:43:20.248 VLLM::W        1046588 nvme1n1 RS   1566620416 131072    2.078
21:43:20.248 VLLM::W        1046588 nvme1n1 RS   1566620672 131072    2.115
21:43:20.248 VLLM::W        1046588 nvme1n1 RS   1566620928 131072    2.159
21:43:20.248 VLLM::W        1046588 nvme1n1 RS   1566621184 131072    2.192
21:43:20.248 VLLM::W        1046588 nvme1n1 RS   1566621440 131072    2.211
21:43:20.248 VLLM::W        1046588 nvme1n1 RS   1566625792 131072    2.255
21:43:20.248 VLLM::W        1046588 nvme1n1 RS   1566626048 131072    2.266
21:43:20.406 ib_pg_f        125941  nvme1n1 WS   1740107776 98304     0.127
21:43:20.406 ib_pg_f        125941  nvme1n1 WS   1532137216 16384     0.043
21:43:20.406 ib_pg_f        125941  nvme1n1 WS   1733445016 16384     0.047
21:43:20.406 ib_pg_f        125941  nvme1n1 WS   32780448   16384     0.055
21:43:20.406 ib_pg_f        125941  nvme1n1 WS   1756421888 16384     0.060
21:43:20.406 ib_pg_f        125941  nvme1n1 WS   1740286496 16384     0.046
21:43:20.406 ib_pg_f        125941  nvme1n1 WS   1737035936 16384     0.049
21:43:20.580 nvme           1178312 Unknown N    -1         512       0.033
21:43:20.634 python3        1046589 nvme1n1 WS   1566826496 131072    0.170
21:43:20.634 python3        1046589 nvme1n1 WS   1566826752 131072    0.244
21:43:20.634 python3        1046589 nvme1n1 WS   1566827008 131072    0.342
21:43:20.634 python3        1046589 nvme1n1 WS   1566827264 131072    0.423
21:43:20.634 python3        1046589 nvme1n1 WS   1566827520 131072    0.505
21:43:20.634 python3        1046589 nvme1n1 WS   1566827776 131072    0.556
21:43:20.634 python3        1046589 nvme1n1 WS   1566828032 131072    0.633
21:43:20.634 python3        1046589 nvme1n1 WS   1566828288 131072    0.682
21:43:20.634 python3        1046589 nvme1n1 WS   1566828544 131072    0.758
21:43:20.634 python3        1046589 nvme1n1 WS   1566828800 131072    0.843
21:43:20.634 python3        1046589 nvme1n1 WS   1566829056 131072    0.920
21:43:20.635 python3        1046589 nvme1n1 WS   1566829312 131072    1.010
21:43:20.635 python3        1046589 nvme1n1 WS   1566829568 131072    1.077
21:43:20.635 python3        1046589 nvme1n1 WS   1566829824 131072    1.158
21:43:20.635 python3        1046589 nvme1n1 WS   1566830080 131072    1.238
21:43:20.635 python3        1046589 nvme1n1 WS   1566830336 131072    1.308
21:43:20.635 python3        1046589 nvme1n1 WS   1566830592 131072    1.385
21:43:20.635 python3        1046589 nvme1n1 WS   1566830848 131072    1.470
21:43:20.635 python3        1046587 nvme1n1 WS   1571131392 131072    1.493
21:43:20.635 python3        1046586 nvme1n1 WS   1570942976 131072    1.576
21:43:20.635 python3        1046587 nvme1n1 WS   1571131648 131072    1.651
21:43:20.635 python3        1046587 nvme1n1 WS   1571131904 131072    1.731
21:43:20.635 python3        1046587 nvme1n1 WS   1571132160 131072    1.810
21:43:20.636 python3        1046587 nvme1n1 WS   1571132416 131072    1.892
21:43:20.636 python3        1046587 nvme1n1 WS   1571132672 131072    1.972
21:43:20.636 python3        1046587 nvme1n1 WS   1571132928 131072    2.055
21:43:20.636 python3        1046586 nvme1n1 WS   1570943232 131072    2.159
21:43:20.636 python3        1046586 nvme1n1 WS   1570943488 131072    2.234
21:43:20.636 python3        1046586 nvme1n1 WS   1570943744 131072    2.307
21:43:20.636 python3        1046586 nvme1n1 WS   1570944000 131072    2.381
21:43:20.636 python3        1046586 nvme1n1 WS   1570944256 131072    2.455
21:43:20.636 python3        1046586 nvme1n1 WS   1570944512 131072    2.530
21:43:20.636 python3        1046589 nvme1n1 WS   1570947072 131072    2.598
21:43:20.636 python3        1046589 nvme1n1 WS   1570947328 131072    2.666
21:43:20.636 python3        1046589 nvme1n1 WS   1570947584 131072    2.739
21:43:20.637 python3        1046589 nvme1n1 WS   1570947840 131072    2.827
21:43:20.637 python3        1046589 nvme1n1 WS   1570948096 131072    2.888
21:43:20.637 python3        1046587 nvme1n1 WS   1571133184 131072    2.968
21:43:20.637 python3        1046586 nvme1n1 WS   1570944768 131072    3.048
21:43:20.637 python3        1046587 nvme1n1 WS   1571133440 131072    3.125
21:43:20.637 python3        1046587 nvme1n1 WS   1571133696 131072    3.199
21:43:20.637 python3        1046587 nvme1n1 WS   1571133952 131072    3.274
21:43:20.637 python3        1046587 nvme1n1 WS   1571134208 131072    3.350
21:43:20.637 python3        1046587 nvme1n1 WS   1571134464 131072    3.423
21:43:20.637 python3        1046586 nvme1n1 WS   1570945024 131072    3.520
21:43:20.637 python3        1046586 nvme1n1 WS   1570945280 131072    3.592
21:43:20.637 python3        1046586 nvme1n1 WS   1570945536 131072    3.667
21:43:20.637 python3        1046586 nvme1n1 WS   1570945792 131072    3.742
21:43:20.638 python3        1046586 nvme1n1 WS   1570946048 131072    3.813
21:43:20.638 python3        1046586 nvme1n1 WS   1570946304 131072    3.889
21:43:20.638 python3        1046586 nvme1n1 WS   1570946560 131072    3.965
21:43:20.638 python3        1046589 nvme1n1 WS   1570948352 131072    4.059
21:43:20.638 python3        1046589 nvme1n1 WS   1570948608 131072    4.131
21:43:20.638 python3        1046587 nvme1n1 WS   1571134720 131072    4.189
21:43:20.638 python3        1046587 nvme1n1 WS   1571134976 131072    4.263
21:43:20.638 python3        1046586 nvme1n1 WS   1570946816 131072    4.311
21:43:20.638 python3        1046586 nvme1n1 WS   1570955264 131072    4.386
21:43:20.638 python3        1046589 nvme1n1 WS   1570948864 131072    4.462
21:43:20.638 python3        1046586 nvme1n1 WS   1570955520 131072    4.537
21:43:20.638 python3        1046587 nvme1n1 WS   1571135232 131072    4.613
21:43:20.638 python3        1046589 nvme1n1 WS   1570949120 131072    4.690
21:43:20.639 python3        1046587 nvme1n1 WS   1571135488 131072    4.764
21:43:20.639 python3        1046587 nvme1n1 WS   1571135744 131072    4.840
21:43:20.639 python3        1046589 nvme1n1 WS   1570949376 131072    4.920
21:43:20.639 python3        1046589 nvme1n1 WS   1570949632 131072    4.993
21:43:20.639 python3        1046589 nvme1n1 WS   1570949888 131072    5.067
21:43:20.639 python3        1046587 nvme1n1 WS   1570951168 131072    5.205
21:43:20.639 python3        1046587 nvme1n1 WS   1570951424 131072    5.224
21:43:20.639 python3        1046589 nvme1n1 WS   1570950144 131072    5.298
21:43:20.639 python3        1046589 nvme1n1 WS   1570950400 131072    5.374
21:43:20.639 python3        1046587 nvme1n1 WS   1570951680 131072    5.454
21:43:20.639 python3        1046587 nvme1n1 WS   1570951936 131072    5.528
21:43:20.639 python3        1046589 nvme1n1 WS   1570950656 131072    5.606
21:43:20.639 python3        1046589 nvme1n1 WS   1570950912 131072    5.657
21:43:20.640 python3        1046589 nvme1n1 WS   1570959360 131072    5.735
21:43:20.640 python3        1046587 nvme1n1 WS   1570952192 131072    5.843
21:43:20.640 python3        1046587 nvme1n1 WS   1570952448 131072    5.922
21:43:20.640 python3        1046587 nvme1n1 WS   1570952704 131072    5.995
21:43:20.640 python3        1046589 nvme1n1 WS   1570959616 131072    6.051
21:43:20.640 python3        1046587 nvme1n1 WS   1570952960 131072    6.119
21:43:20.640 python3        1046587 nvme1n1 WS   1570953216 131072    6.193
21:43:20.640 python3        1046587 nvme1n1 WS   1570953472 131072    6.267
21:43:20.640 python3        1046587 nvme1n1 WS   1570953728 131072    6.341
21:43:20.640 python3        1046587 nvme1n1 WS   1570953984 131072    6.416
21:43:20.640 python3        1046587 nvme1n1 WS   1570954240 131072    6.492
21:43:20.640 python3        1046587 nvme1n1 WS   1570954496 131072    6.567
21:43:20.641 python3        1046589 nvme1n1 WS   1571139584 131072    6.710
21:43:20.641 python3        1046589 nvme1n1 WS   1571139840 131072    6.738
21:43:20.641 python3        1046589 nvme1n1 WS   1571140096 131072    6.813
21:43:20.641 python3        1046589 nvme1n1 WS   1571140352 131072    6.920
21:43:20.641 python3        1046587 nvme1n1 WS   1570954752 131072    7.000
21:43:20.641 python3        1046589 nvme1n1 WS   1571140608 131072    7.079
21:43:20.641 python3        1046589 nvme1n1 WS   1571140864 131072    7.158
21:43:20.641 python3        1046589 nvme1n1 WS   1571141120 131072    7.234
21:43:20.641 python3        1046587 nvme1n1 WS   1570955008 131072    7.300
21:43:20.641 python3        1046587 nvme1n1 WS   1570963456 131072    7.374
21:43:20.641 python3        1046587 nvme1n1 WS   1570963712 131072    7.453
21:43:20.641 python3        1046589 nvme1n1 WS   1571141376 131072    7.519
21:43:20.642 python3        1046589 nvme1n1 WS   1571141632 131072    7.598
21:43:20.642 python3        1046589 nvme1n1 WS   1571141888 131072    7.674
21:43:20.642 python3        1046589 nvme1n1 WS   1571142144 131072    7.750
21:43:20.642 python3        1046589 nvme1n1 WS   1571142400 131072    7.829
21:43:20.642 python3        1046589 nvme1n1 WS   1571142656 131072    7.907
21:43:20.642 python3        1046589 nvme1n1 WS   1571142912 131072    7.986
21:43:20.642 python3        1046589 nvme1n1 WS   1571143168 131072    8.064
21:43:20.642 python3        1046586 nvme1n1 WS   1570967552 131072    8.139
21:43:20.642 python3        1046586 nvme1n1 WS   1570967808 131072    8.182
21:43:20.642 python3        1046586 nvme1n1 WS   1570968064 131072    8.255
21:43:20.642 python3        1046586 nvme1n1 WS   1570968320 131072    8.328
21:43:20.642 python3        1046586 nvme1n1 WS   1570968576 131072    8.404
21:43:20.642 python3        1046586 nvme1n1 WS   1570968832 131072    8.476
21:43:20.643 python3        1046589 nvme1n1 WS   1571143424 131072    8.574
21:43:20.643 python3        1046589 nvme1n1 WS   1571176448 131072    8.649
21:43:20.643 python3        1046589 nvme1n1 WS   1571176704 131072    8.726
21:43:20.643 python3        1046587 nvme1n1 WS   1690041288 36864     8.826
21:43:20.643 python3        1046586 nvme1n1 WS   1570971648 131072    8.853
21:43:20.643 python3        1046586 nvme1n1 WS   1570971904 131072    8.910
21:43:20.643 python3        1046586 nvme1n1 WS   1570972160 131072    8.995
21:43:20.643 python3        1046586 nvme1n1 WS   1570972416 131072    9.061
21:43:20.643 python3        1046586 nvme1n1 WS   1570972672 131072    9.136
21:43:20.643 python3        1046586 nvme1n1 WS   1570972928 131072    9.211
21:43:20.643 python3        1046586 nvme1n1 WS   1570973184 131072    9.286
21:43:20.643 python3        1046586 nvme1n1 WS   1570973440 131072    9.333
21:43:20.643 python3        1046586 nvme1n1 WS   1570973696 131072    9.407
21:43:20.644 python3        1046586 nvme1n1 WS   1570973952 131072    9.482
21:43:20.644 python3        1046586 nvme1n1 WS   1570974208 131072    9.557
21:43:20.644 python3        1046586 nvme1n1 WS   1570974464 131072    9.634
21:43:20.644 python3        1046586 nvme1n1 WS   1570974720 131072    9.712
21:43:20.644 python3        1046586 nvme1n1 WS   1570969088 131072    9.857
21:43:20.644 python3        1046586 nvme1n1 WS   1570969344 131072    9.883
21:43:20.644 python3        1046586 nvme1n1 WS   1570969600 131072    9.957
21:43:20.644 python3        1046587 nvme1n1 WS   1570975744 131072   10.076
21:43:20.644 python3        1046587 nvme1n1 WS   1570976000 131072   10.149
21:43:20.644 python3        1046587 nvme1n1 WS   1570976256 131072   10.224
21:43:20.644 python3        1046587 nvme1n1 WS   1570976512 131072   10.300
21:43:20.644 python3        1046587 nvme1n1 WS   1570976768 131072   10.377
21:43:20.644 python3        1046587 nvme1n1 WS   1570977024 131072   10.451
21:43:20.645 python3        1046587 nvme1n1 WS   1570977280 131072   10.526
21:43:20.645 python3        1046586 nvme1n1 WS   1570969856 131072   10.595
21:43:20.645 python3        1046586 nvme1n1 WS   1570970112 131072   10.662
21:43:20.645 python3        1046586 nvme1n1 WS   1570970368 131072   10.738
21:43:20.645 python3        1046586 nvme1n1 WS   1570970624 131072   10.810
21:43:20.645 python3        1046586 nvme1n1 WS   1570970880 131072   10.886
21:43:20.645 python3        1046586 nvme1n1 WS   1570971136 131072   10.960
21:43:20.645 python3        1046586 nvme1n1 WS   1570974976 131072   11.132
21:43:20.645 python3        1046586 nvme1n1 WS   1570975232 131072   11.152
21:43:20.645 python3        1046586 nvme1n1 WS   1570975488 131072   11.204
21:43:20.645 python3        1046586 nvme1n1 WS   1570983936 131072   11.284
21:43:20.645 python3        1046586 nvme1n1 WS   1570984192 131072   11.360
21:43:20.645 python3        1046589 nvme1n1 WS   1689492536 36864    11.419
21:43:20.646 python3        1046587 nvme1n1 WS   1570977536 131072   11.486
21:43:20.646 python3        1046587 nvme1n1 WS   1570977792 131072   11.599
21:43:20.646 python3        1046587 nvme1n1 WS   1570978048 131072   11.676
21:43:20.646 python3        1046587 nvme1n1 WS   1570978304 131072   11.754
21:43:20.646 python3        1046587 nvme1n1 WS   1570978560 131072   11.831
21:43:20.646 python3        1046587 nvme1n1 WS   1570978816 131072   11.908
21:43:20.646 python3        1046587 nvme1n1 WS   1570979072 131072   11.988
21:43:20.646 python3        1046587 nvme1n1 WS   1570979328 131072   12.062
21:43:20.646 python3        1046588 nvme1n1 WS   1570979840 131072   12.167
21:43:20.646 python3        1046588 nvme1n1 WS   1570980096 131072   12.237
21:43:20.646 python3        1046588 nvme1n1 WS   1570980352 131072   12.312
21:43:20.646 python3        1046588 nvme1n1 WS   1570980608 131072   12.390
21:43:20.647 python3        1046588 nvme1n1 WS   1570980864 131072   12.464
21:43:20.647 python3        1046588 nvme1n1 WS   1570981120 131072   12.542
21:43:20.647 python3        1046588 nvme1n1 WS   1570981376 131072   12.616
21:43:20.647 python3        1046586 nvme1n1 WS   579250160  36864    12.654
21:43:20.647 python3        1046587 nvme1n1 WS   1570979584 131072   12.704
21:43:20.647 python3        1046587 nvme1n1 WS   1570992128 131072   12.781
21:43:20.647 python3        1046587 nvme1n1 WS   1570992384 131072   12.858
21:43:20.647 python3        1046586 nvme1n1 WS   1570971392 131072   12.949
21:43:20.647 python3        1046586 nvme1n1 WS   1570988032 131072   13.022
21:43:20.647 python3        1046586 nvme1n1 WS   1570988288 131072   13.098
21:43:20.647 python3        1046588 nvme1n1 WS   1570981632 131072   13.162
21:43:20.647 python3        1046588 nvme1n1 WS   1570981888 131072   13.238
21:43:20.647 python3        1046588 nvme1n1 WS   1570982144 131072   13.317
21:43:20.648 python3        1046588 nvme1n1 WS   1570982400 131072   13.393
21:43:20.648 python3        1046588 nvme1n1 WS   1570982656 131072   13.474
21:43:20.648 python3        1046588 nvme1n1 WS   1570982912 131072   13.552
21:43:20.648 python3        1046588 nvme1n1 WS   1570983168 131072   13.629
21:43:20.648 python3        1046588 nvme1n1 WS   1570983424 131072   13.705
21:43:20.648 python3        1046588 nvme1n1 WS   1570983680 131072   13.761
21:43:20.648 python3        1046588 nvme1n1 WS   1570996224 131072   13.836
21:43:20.648 python3        1046588 nvme1n1 WS   1570996480 131072   13.912
21:43:20.648 python3        1046588 nvme1n1 WS   1571000320 131072   13.940
21:43:20.648 python3        1046588 nvme1n1 WS   1571000576 131072   14.013
21:43:20.648 python3        1046588 nvme1n1 WS   1571000832 131072   14.095
21:43:20.648 python3        1046588 nvme1n1 WS   1571001088 131072   14.172
21:43:20.649 python3        1046588 nvme1n1 WS   1571001344 131072   14.246
21:43:20.649 python3        1046588 nvme1n1 WS   1571001600 131072   14.322
21:43:20.649 python3        1046588 nvme1n1 WS   1571001856 131072   14.403
21:43:20.649 python3        1046588 nvme1n1 WS   1571004416 131072   14.462
21:43:20.649 python3        1046588 nvme1n1 WS   1571004672 131072   14.534
21:43:20.649 python3        1046588 nvme1n1 WS   1571002112 131072   14.612
21:43:20.649 python3        1046588 nvme1n1 WS   1571002368 131072   14.687
21:43:20.649 python3        1046588 nvme1n1 WS   1571002624 131072   14.759
21:43:20.649 python3        1046588 nvme1n1 WS   1571002880 131072   14.833
21:43:20.649 python3        1046588 nvme1n1 WS   1571003136 131072   14.907
21:43:20.649 python3        1046588 nvme1n1 WS   1571003392 131072   14.980
21:43:20.649 python3        1046588 nvme1n1 WS   1571003648 131072   15.058
21:43:20.649 python3        1046588 nvme1n1 WS   1571004928 131072   15.160
21:43:20.650 python3        1046588 nvme1n1 WS   1571005184 131072   15.238
21:43:20.650 python3        1046588 nvme1n1 WS   1571005440 131072   15.313
21:43:20.650 python3        1046588 nvme1n1 WS   1571005696 131072   15.392
21:43:20.650 python3        1046588 nvme1n1 WS   1571005952 131072   15.467
21:43:20.650 python3        1046588 nvme1n1 WS   1571003904 131072   15.539
21:43:20.650 python3        1046588 nvme1n1 WS   1571004160 131072   15.602
21:43:20.650 python3        1046588 nvme1n1 WS   1571008512 131072   15.676
21:43:20.650 python3        1046588 nvme1n1 WS   1571008768 131072   15.750
21:43:20.650 python3        1046588 nvme1n1 WS   1571006208 131072   15.829
21:43:20.650 python3        1046588 nvme1n1 WS   1571006464 131072   15.904
21:43:20.650 python3        1046588 nvme1n1 WS   1571006720 131072   15.980
21:43:20.650 python3        1046588 nvme1n1 WS   1571006976 131072   16.054
21:43:20.650 python3        1046588 nvme1n1 WS   1571007232 131072   16.129
21:43:20.651 python3        1046588 nvme1n1 WS   1571007488 131072   16.214
21:43:20.651 python3        1046588 nvme1n1 WS   1571007744 131072   16.295
21:43:20.651 python3        1046588 nvme1n1 WS   1571008000 131072   16.374
21:43:20.651 python3        1046588 nvme1n1 WS   579247640  36864    16.450
21:43:20.651 python3        1046588 nvme1n1 WS   1571008256 131072   16.456
21:43:20.651 python3        1046588 nvme1n1 WS   1571012608 131072   16.538
21:43:20.651 python3        1046588 nvme1n1 WS   1571012864 131072   16.615
21:43:20.799 ib_log_        125924  nvme1n1 WS   1757455384 4096      0.051
21:43:20.799 connect        125924  nvme1n1 WS   1733613472 4096      0.040
21:43:20.799 jbd2/nv        752     nvme1n1 WSM  878135824  131072    0.146
21:43:20.799 jbd2/nv        752     nvme1n1 WSM  878136080  126976    0.207
21:43:20.799 jbd2/nv        752     nvme1n1 WSM  878136328  4096      0.028
21:43:20.800 ib_log_        125924  nvme1n1 WS   1757455384 4096      0.035
21:43:20.864 ib_log_        125934  nvme1n1 WS   1739626080 4096      0.041
21:43:20.877 ib_log_        125941  nvme1n1 WS   1739227136 4096      0.034
21:43:20.897 ib_log_        125924  nvme1n1 WS   1757455384 4096      0.035
21:43:20.898 ib_log_        125924  nvme1n1 WS   1757455384 4096      0.029
21:43:20.931 VLLM::W        1046589 nvme1n1 RS   575737856  131072    0.232
21:43:20.931 VLLM::W        1046589 nvme1n1 RS   575738112  131072    0.248
21:43:20.931 VLLM::W        1046589 nvme1n1 RS   575738368  131072    0.267
21:43:20.932 VLLM::W        1046589 nvme1n1 RS   575738624  131072    0.277
21:43:20.932 VLLM::W        1046587 nvme1n1 RS   1565474816 131072    0.382
21:43:20.932 VLLM::W        1046589 nvme1n1 RS   575739136  131072    0.383
21:43:20.932 VLLM::W        1046589 nvme1n1 RS   575738880  131072    0.454
21:43:20.932 VLLM::W        1046587 nvme1n1 RS   1565475328 131072    0.517
21:43:20.932 VLLM::W        1046587 nvme1n1 RS   1565475072 131072    0.541
21:43:20.932 VLLM::W        1046589 nvme1n1 RS   575739392  131072    0.540
21:43:20.932 VLLM::W        1046587 nvme1n1 RS   1565475840 131072    0.623
21:43:20.932 VLLM::W        1046587 nvme1n1 RS   1565476096 131072    0.632
21:43:20.932 VLLM::W        1046587 nvme1n1 RS   1565475584 131072    0.658
21:43:20.932 VLLM::W        1046586 nvme1n1 RS   1565462528 131072    0.710
21:43:20.932 VLLM::W        1046587 nvme1n1 RS   1565476352 131072    0.722
21:43:20.932 VLLM::W        1046586 nvme1n1 RS   1565463040 131072    0.783
21:43:20.932 VLLM::W        1046586 nvme1n1 RS   1565463296 131072    0.793
21:43:20.932 VLLM::W        1046586 nvme1n1 RS   1565462784 131072    0.836
21:43:20.932 VLLM::W        1046586 nvme1n1 RS   1565464064 131072    0.865
21:43:20.932 VLLM::W        1046586 nvme1n1 RS   1565463552 131072    0.925
21:43:20.932 VLLM::W        1046586 nvme1n1 RS   1565463808 131072    0.935
21:43:20.932 VLLM::W        1046589 nvme1n1 RS   575739904  131072    0.983
21:43:20.932 VLLM::W        1046589 nvme1n1 RS   575740160  131072    0.993
21:43:20.932 VLLM::W        1046589 nvme1n1 RS   575739648  131072    1.014
21:43:20.932 VLLM::W        1046587 nvme1n1 RS   1565476608 131072    1.070
21:43:20.932 VLLM::W        1046589 nvme1n1 RS   575740416  131072    1.087
21:43:20.932 VLLM::W        1046587 nvme1n1 RS   1565476864 131072    1.141
21:43:20.932 VLLM::W        1046587 nvme1n1 RS   1565477120 131072    1.169
21:43:20.933 VLLM::W        1046589 nvme1n1 RS   575740928  131072    1.201
21:43:20.933 VLLM::W        1046589 nvme1n1 RS   575741184  131072    1.225
21:43:20.933 VLLM::W        1046589 nvme1n1 RS   575740672  131072    1.272
21:43:20.933 VLLM::W        1046587 nvme1n1 RS   1565477632 131072    1.300
21:43:20.933 VLLM::W        1046587 nvme1n1 RS   1565477376 131072    1.332
21:43:20.933 VLLM::W        1046587 nvme1n1 RS   1565477888 131072    1.401
21:43:20.933 VLLM::W        1046589 nvme1n1 RS   575741440  131072    1.417
21:43:20.933 VLLM::W        1046587 nvme1n1 RS   1565478400 131072    1.418
21:43:20.933 VLLM::W        1046587 nvme1n1 RS   1565478144 131072    1.454
21:43:20.933 VLLM::W        1046586 nvme1n1 RS   1565464320 131072    1.526
21:43:20.933 VLLM::W        1046586 nvme1n1 RS   1565464576 131072    1.538
21:43:20.933 VLLM::W        1046589 nvme1n1 RS   575741696  131072    1.553
21:43:20.933 VLLM::W        1046589 nvme1n1 RS   575741952  131072    1.596
21:43:20.933 VLLM::W        1046589 nvme1n1 RS   575742208  131072    1.628
21:43:20.933 VLLM::W        1046586 nvme1n1 RS   1565465088 131072    1.673
21:43:20.933 VLLM::W        1046586 nvme1n1 RS   1565464832 131072    1.689
21:43:20.933 VLLM::W        1046586 nvme1n1 RS   1565465344 131072    1.759
21:43:20.933 VLLM::W        1046586 nvme1n1 RS   1565465600 131072    1.769
21:43:20.933 VLLM::W        1046586 nvme1n1 RS   1565465856 131072    1.814
21:43:20.933 VLLM::W        1046586 nvme1n1 RS   1565466112 131072    1.825
21:43:20.933 VLLM::W        1046587 nvme1n1 RS   1565495296 131072    1.902
21:43:20.933 VLLM::W        1046587 nvme1n1 RS   1565478656 131072    1.927
21:43:20.933 VLLM::W        1046587 nvme1n1 RS   1565495552 131072    1.979
21:43:20.933 VLLM::W        1046586 nvme1n1 RS   1565483264 131072    2.016
21:43:20.933 VLLM::W        1046586 nvme1n1 RS   1565466368 131072    2.048
21:43:20.933 VLLM::W        1046586 nvme1n1 RS   1565483008 131072    2.058
21:43:20.934 VLLM::W        1046588 nvme1n1 RS   1565323264 131072    1.839
21:43:20.934 VLLM::W        1046588 nvme1n1 RS   1565323520 131072    1.850
21:43:20.934 VLLM::W        1046588 nvme1n1 RS   1565323776 131072    1.856
21:43:20.934 VLLM::W        1046588 nvme1n1 RS   1565324032 131072    1.949
21:43:20.934 VLLM::W        1046588 nvme1n1 RS   1565324544 131072    1.956
21:43:20.934 VLLM::W        1046588 nvme1n1 RS   1565324288 131072    1.970
21:43:20.934 VLLM::W        1046588 nvme1n1 RS   1565324800 131072    1.968
21:43:20.934 VLLM::W        1046588 nvme1n1 RS   1565325568 131072    2.019
21:43:20.934 VLLM::W        1046588 nvme1n1 RS   1565325056 131072    2.047
21:43:20.934 VLLM::W        1046588 nvme1n1 RS   1565325312 131072    2.060
21:43:20.934 VLLM::W        1046588 nvme1n1 RS   1565325824 131072    2.077
21:43:20.934 VLLM::W        1046588 nvme1n1 RS   1565326080 131072    2.108
21:43:20.934 VLLM::W        1046588 nvme1n1 RS   1565326336 131072    2.140
21:43:20.934 VLLM::W        1046588 nvme1n1 RS   1565326592 131072    2.162
21:43:20.934 VLLM::W        1046588 nvme1n1 RS   1565326848 131072    2.167
21:43:20.934 VLLM::W        1046588 nvme1n1 RS   1565327104 131072    2.217
21:43:20.934 VLLM::W        1046588 nvme1n1 RS   1565458432 131072    2.244
21:43:20.934 VLLM::W        1046588 nvme1n1 RS   1565458688 131072    2.277
21:43:20.934 VLLM::W        1046589 nvme1n1 RS   1565519872 131072    1.021
21:43:20.934 VLLM::W        1046589 nvme1n1 RS   1565520128 131072    1.035
21:43:20.934 VLLM::W        1046589 nvme1n1 RS   1565520384 131072    1.039
21:43:20.934 VLLM::W        1046589 nvme1n1 RS   1565520640 131072    1.121
21:43:20.934 VLLM::W        1046589 nvme1n1 RS   1565520896 131072    1.147
21:43:20.934 VLLM::W        1046589 nvme1n1 RS   1565521152 131072    1.165
21:43:20.934 VLLM::W        1046589 nvme1n1 RS   1565521408 131072    1.185
21:43:20.934 VLLM::W        1046589 nvme1n1 RS   1565521664 131072    1.164
21:43:20.934 VLLM::W        1046589 nvme1n1 RS   1565521920 131072    1.173
21:43:20.934 VLLM::W        1046589 nvme1n1 RS   1565522176 131072    1.204
21:43:20.934 VLLM::W        1046589 nvme1n1 RS   1565522432 131072    1.267
21:43:20.935 VLLM::W        1046589 nvme1n1 RS   1565522688 131072    1.284
21:43:20.935 VLLM::W        1046589 nvme1n1 RS   1565522944 131072    1.294
21:43:20.935 VLLM::W        1046589 nvme1n1 RS   1565523200 131072    1.325
21:43:20.935 VLLM::W        1046589 nvme1n1 RS   1565523456 131072    1.360
21:43:20.935 VLLM::W        1046589 nvme1n1 RS   1565523712 131072    1.393
21:43:20.935 VLLM::W        1046589 nvme1n1 RS   1565536256 131072    1.420
21:43:20.935 VLLM::W        1046589 nvme1n1 RS   1565536512 131072    1.447
21:43:20.935 VLLM::W        1046587 nvme1n1 RS   1565499392 131072    1.267
21:43:20.935 VLLM::W        1046587 nvme1n1 RS   1565499648 131072    1.274
21:43:20.935 VLLM::W        1046587 nvme1n1 RS   1565499904 131072    1.304
21:43:20.935 VLLM::W        1046587 nvme1n1 RS   1565500160 131072    1.334
21:43:20.935 VLLM::W        1046587 nvme1n1 RS   1565500416 131072    1.400
21:43:20.935 VLLM::W        1046587 nvme1n1 RS   1565500672 131072    1.424
21:43:20.935 VLLM::W        1046587 nvme1n1 RS   1565500928 131072    1.456
21:43:20.935 VLLM::W        1046587 nvme1n1 RS   1565501184 131072    1.489
21:43:20.935 VLLM::W        1046587 nvme1n1 RS   1565501952 131072    1.531
21:43:20.935 VLLM::W        1046587 nvme1n1 RS   1565501696 131072    1.556
21:43:20.935 VLLM::W        1046587 nvme1n1 RS   1565501440 131072    1.573
21:43:20.935 VLLM::W        1046587 nvme1n1 RS   1565502464 131072    1.610
21:43:20.935 VLLM::W        1046587 nvme1n1 RS   1565502208 131072    1.626
21:43:20.935 VLLM::W        1046587 nvme1n1 RS   1565502976 131072    1.707
21:43:20.935 VLLM::W        1046587 nvme1n1 RS   1565503232 131072    1.716
21:43:20.935 VLLM::W        1046587 nvme1n1 RS   1565502720 131072    1.742
21:43:20.935 VLLM::W        1046587 nvme1n1 RS   1565511680 131072    1.779
21:43:20.935 VLLM::W        1046587 nvme1n1 RS   1565511936 131072    1.790
21:43:20.936 VLLM::W        1046586 nvme1n1 RS   844926976  131072    1.866
21:43:20.936 VLLM::W        1046586 nvme1n1 RS   844927232  131072    1.877
21:43:20.936 VLLM::W        1046586 nvme1n1 RS   844927488  131072    1.895
21:43:20.936 VLLM::W        1046586 nvme1n1 RS   844927744  131072    1.906
21:43:20.936 VLLM::W        1046586 nvme1n1 RS   844928000  131072    1.970
21:43:20.936 VLLM::W        1046586 nvme1n1 RS   844928256  131072    1.987
21:43:20.936 VLLM::W        1046586 nvme1n1 RS   844928512  131072    1.999
21:43:20.936 VLLM::W        1046586 nvme1n1 RS   844928768  131072    2.031
21:43:20.936 VLLM::W        1046586 nvme1n1 RS   844929024  131072    2.049
21:43:20.936 VLLM::W        1046586 nvme1n1 RS   844929280  131072    2.059
21:43:20.936 VLLM::W        1046586 nvme1n1 RS   844929536  131072    2.089
21:43:20.936 VLLM::W        1046586 nvme1n1 RS   844929792  131072    2.117
21:43:20.936 VLLM::W        1046586 nvme1n1 RS   844930048  131072    2.162
21:43:20.936 VLLM::W        1046586 nvme1n1 RS   844930304  131072    2.188
21:43:20.936 VLLM::W        1046586 nvme1n1 RS   844930560  131072    2.220
21:43:20.936 VLLM::W        1046586 nvme1n1 RS   844930816  131072    2.236
21:43:20.936 VLLM::W        1046586 nvme1n1 RS   844931072  131072    2.294
21:43:20.936 VLLM::W        1046586 nvme1n1 RS   844931328  131072    2.305
21:43:20.936 VLLM::W        1046588 nvme1n1 RS   731176960  131072    1.838
21:43:20.936 VLLM::W        1046588 nvme1n1 RS   731177216  131072    1.845
21:43:20.936 VLLM::W        1046588 nvme1n1 RS   731177472  131072    1.890
21:43:20.936 VLLM::W        1046588 nvme1n1 RS   731177728  131072    1.922
21:43:20.936 VLLM::W        1046588 nvme1n1 RS   731177984  131072    1.975
21:43:20.936 VLLM::W        1046588 nvme1n1 RS   731178240  131072    2.000
21:43:20.936 VLLM::W        1046588 nvme1n1 RS   731178496  131072    2.021
21:43:20.936 VLLM::W        1046588 nvme1n1 RS   731178752  131072    2.032
21:43:20.936 VLLM::W        1046588 nvme1n1 RS   731179008  131072    2.045
21:43:20.936 VLLM::W        1046588 nvme1n1 RS   731179264  131072    2.072
21:43:20.936 VLLM::W        1046588 nvme1n1 RS   731179520  131072    2.116
21:43:20.937 VLLM::W        1046588 nvme1n1 RS   731179776  131072    2.127
21:43:20.937 VLLM::W        1046588 nvme1n1 RS   731180288  131072    2.210
21:43:20.937 VLLM::W        1046588 nvme1n1 RS   731180032  131072    2.231
21:43:20.937 VLLM::W        1046588 nvme1n1 RS   731180544  131072    2.237
21:43:20.937 VLLM::W        1046588 nvme1n1 RS   731180800  131072    2.295
21:43:20.937 VLLM::W        1046588 nvme1n1 RS   731250688  131072    2.306
21:43:20.937 VLLM::W        1046588 nvme1n1 RS   731250944  131072    2.351
21:43:20.937 VLLM::W        1046589 nvme1n1 RS   1581850624 131072    1.916
21:43:20.937 VLLM::W        1046589 nvme1n1 RS   1581850880 131072    2.018
21:43:20.937 VLLM::W        1046589 nvme1n1 RS   1581851136 131072    2.035
21:43:20.937 VLLM::W        1046589 nvme1n1 RS   1581851392 131072    2.045
21:43:20.937 VLLM::W        1046589 nvme1n1 RS   1581851648 131072    2.104
21:43:20.937 VLLM::W        1046589 nvme1n1 RS   1581851904 131072    2.125
21:43:20.937 VLLM::W        1046589 nvme1n1 RS   1581852160 131072    2.142
21:43:20.937 VLLM::W        1046589 nvme1n1 RS   1581852416 131072    2.109
21:43:20.937 VLLM::W        1046589 nvme1n1 RS   1581852672 131072    2.161
21:43:20.937 VLLM::W        1046589 nvme1n1 RS   1581852928 131072    2.179
21:43:20.937 VLLM::W        1046589 nvme1n1 RS   1581853184 131072    2.220
21:43:20.937 VLLM::W        1046589 nvme1n1 RS   1581853440 131072    2.230
21:43:20.937 VLLM::W        1046589 nvme1n1 RS   1581853696 131072    2.264
21:43:20.937 VLLM::W        1046589 nvme1n1 RS   1581853952 131072    2.311
21:43:20.937 VLLM::W        1046589 nvme1n1 RS   1581854208 131072    2.353
21:43:20.937 VLLM::W        1046589 nvme1n1 RS   1581854464 131072    2.338
21:43:20.937 VLLM::W        1046589 nvme1n1 RS   1581854720 131072    2.374
21:43:20.937 VLLM::W        1046589 nvme1n1 RS   1581854976 131072    2.407
21:43:20.937 VLLM::W        1046587 nvme1n1 RS   844935168  131072    1.908
21:43:20.937 VLLM::W        1046587 nvme1n1 RS   844935424  131072    1.926
21:43:20.938 VLLM::W        1046587 nvme1n1 RS   844935680  131072    1.931
21:43:20.938 VLLM::W        1046587 nvme1n1 RS   844935936  131072    1.982
21:43:20.938 VLLM::W        1046587 nvme1n1 RS   844936192  131072    1.994
21:43:20.938 VLLM::W        1046587 nvme1n1 RS   844936448  131072    2.056
21:43:20.938 VLLM::W        1046587 nvme1n1 RS   844936704  131072    2.084
21:43:20.938 VLLM::W        1046587 nvme1n1 RS   844936960  131072    2.051
21:43:20.938 VLLM::W        1046587 nvme1n1 RS   844937216  131072    2.082
21:43:20.938 VLLM::W        1046587 nvme1n1 RS   844937472  131072    2.118
21:43:20.938 VLLM::W        1046587 nvme1n1 RS   844937728  131072    2.151
21:43:20.938 VLLM::W        1046587 nvme1n1 RS   844937984  131072    2.178
21:43:20.938 VLLM::W        1046587 nvme1n1 RS   844938240  131072    2.214
21:43:20.938 VLLM::W        1046587 nvme1n1 RS   844938496  131072    2.245
21:43:20.938 VLLM::W        1046587 nvme1n1 RS   844938752  131072    2.280
21:43:20.938 VLLM::W        1046587 nvme1n1 RS   844939008  131072    2.305
21:43:20.938 VLLM::W        1046587 nvme1n1 RS   844939264  131072    2.334
21:43:20.938 VLLM::W        1046587 nvme1n1 RS   844939520  131072    2.392
21:43:20.938 VLLM::W        1046586 nvme1n1 RS   1565466880 131072    1.885
21:43:20.938 VLLM::W        1046586 nvme1n1 RS   1565466624 131072    1.900
21:43:20.938 VLLM::W        1046586 nvme1n1 RS   1565467136 131072    1.920
21:43:20.938 VLLM::W        1046586 nvme1n1 RS   1565467392 131072    1.990
21:43:20.938 VLLM::W        1046586 nvme1n1 RS   1565467648 131072    2.016
21:43:20.938 VLLM::W        1046586 nvme1n1 RS   1565467904 131072    2.040
21:43:20.938 VLLM::W        1046586 nvme1n1 RS   1565468160 131072    2.061
21:43:20.938 VLLM::W        1046586 nvme1n1 RS   1565468416 131072    2.066
21:43:20.938 VLLM::W        1046586 nvme1n1 RS   1565468672 131072    2.077
21:43:20.938 VLLM::W        1046586 nvme1n1 RS   1565468928 131072    2.110
21:43:20.938 VLLM::W        1046586 nvme1n1 RS   1565469184 131072    2.151
21:43:20.939 VLLM::W        1046586 nvme1n1 RS   1565469440 131072    2.233
21:43:20.939 VLLM::W        1046586 nvme1n1 RS   1565469696 131072    2.244
21:43:20.939 VLLM::W        1046586 nvme1n1 RS   1565469952 131072    2.264
21:43:20.939 VLLM::W        1046586 nvme1n1 RS   1565470208 131072    2.275
21:43:20.939 VLLM::W        1046586 nvme1n1 RS   1565487104 131072    2.332
21:43:20.939 VLLM::W        1046586 nvme1n1 RS   1565470464 131072    2.365
21:43:20.939 VLLM::W        1046586 nvme1n1 RS   1565487360 131072    2.372
21:43:20.939 VLLM::W        1046588 nvme1n1 RS   731181056  131072    1.863
21:43:20.939 VLLM::W        1046588 nvme1n1 RS   731181312  131072    1.870
21:43:20.939 VLLM::W        1046588 nvme1n1 RS   731181568  131072    1.899
21:43:20.939 VLLM::W        1046588 nvme1n1 RS   731181824  131072    1.991
21:43:20.939 VLLM::W        1046588 nvme1n1 RS   731182592  131072    2.029
21:43:20.939 VLLM::W        1046588 nvme1n1 RS   731182080  131072    2.080
21:43:20.939 VLLM::W        1046588 nvme1n1 RS   731182336  131072    2.100
21:43:20.939 VLLM::W        1046588 nvme1n1 RS   731183104  131072    2.027
21:43:20.939 VLLM::W        1046588 nvme1n1 RS   731183360  131072    2.130
21:43:20.939 VLLM::W        1046588 nvme1n1 RS   731183616  131072    2.140
21:43:20.939 VLLM::W        1046588 nvme1n1 RS   731182848  131072    2.169
21:43:20.939 VLLM::W        1046588 nvme1n1 RS   731184384  131072    2.218
21:43:20.939 VLLM::W        1046588 nvme1n1 RS   731183872  131072    2.237
21:43:20.939 VLLM::W        1046588 nvme1n1 RS   731184128  131072    2.257
21:43:20.939 VLLM::W        1046588 nvme1n1 RS   731184640  131072    2.271
21:43:20.939 VLLM::W        1046588 nvme1n1 RS   731184896  131072    2.276
21:43:20.939 VLLM::W        1046588 nvme1n1 RS   1565470720 131072    2.303
21:43:20.939 VLLM::W        1046588 nvme1n1 RS   1565470976 131072    2.317
21:43:20.939 VLLM::W        1046589 nvme1n1 RS   1685999616 131072    1.911
21:43:20.939 VLLM::W        1046589 nvme1n1 RS   1685999872 131072    1.940
21:43:20.939 VLLM::W        1046589 nvme1n1 RS   1686000128 131072    1.970
21:43:20.940 VLLM::W        1046589 nvme1n1 RS   1686000384 131072    2.006
21:43:20.940 VLLM::W        1046589 nvme1n1 RS   1686000640 131072    2.033
21:43:20.940 VLLM::W        1046589 nvme1n1 RS   1686000896 131072    2.097
21:43:20.940 VLLM::W        1046589 nvme1n1 RS   1686001152 131072    2.107
21:43:20.940 VLLM::W        1046589 nvme1n1 RS   1686001408 131072    2.113
21:43:20.940 VLLM::W        1046589 nvme1n1 RS   1686001664 131072    2.157
21:43:20.940 VLLM::W        1046589 nvme1n1 RS   1686001920 131072    2.167
21:43:20.940 VLLM::W        1046589 nvme1n1 RS   1686002176 131072    2.195
21:43:20.940 VLLM::W        1046589 nvme1n1 RS   1686002432 131072    2.225
21:43:20.940 VLLM::W        1046589 nvme1n1 RS   1686002688 131072    2.256
21:43:20.940 VLLM::W        1046589 nvme1n1 RS   1686002944 131072    2.294
21:43:20.940 VLLM::W        1046589 nvme1n1 RS   1686003200 131072    2.322
21:43:20.940 VLLM::W        1046589 nvme1n1 RS   1686003456 131072    2.348
21:43:20.940 VLLM::W        1046589 nvme1n1 RS   1686003712 131072    2.375
21:43:20.940 VLLM::W        1046589 nvme1n1 RS   1686003968 131072    2.412
21:43:20.940 VLLM::W        1046587 nvme1n1 RS   1565503488 131072    1.925
21:43:20.940 VLLM::W        1046587 nvme1n1 RS   1565503744 131072    1.934
21:43:20.940 VLLM::W        1046587 nvme1n1 RS   1565504000 131072    2.001
21:43:20.940 VLLM::W        1046587 nvme1n1 RS   1565504256 131072    2.018
21:43:20.940 VLLM::W        1046587 nvme1n1 RS   1565504512 131072    2.020
21:43:20.940 VLLM::W        1046587 nvme1n1 RS   1565504768 131072    2.055
21:43:20.940 VLLM::W        1046587 nvme1n1 RS   1565505024 131072    2.109
21:43:20.940 VLLM::W        1046587 nvme1n1 RS   1565505280 131072    2.075
21:43:20.940 VLLM::W        1046587 nvme1n1 RS   1565505536 131072    2.126
21:43:20.940 VLLM::W        1046587 nvme1n1 RS   1565505792 131072    2.137
21:43:20.940 VLLM::W        1046587 nvme1n1 RS   1565506304 131072    2.203
21:43:20.941 VLLM::W        1046587 nvme1n1 RS   1565506048 131072    2.229
21:43:20.941 VLLM::W        1046587 nvme1n1 RS   1565506560 131072    2.235
21:43:20.941 VLLM::W        1046587 nvme1n1 RS   1565507072 131072    2.295
21:43:20.941 VLLM::W        1046587 nvme1n1 RS   1565506816 131072    2.353
21:43:20.941 VLLM::W        1046587 nvme1n1 RS   1565507328 131072    2.348
21:43:20.941 VLLM::W        1046587 nvme1n1 RS   1565507584 131072    2.450
21:43:20.941 VLLM::W        1046587 nvme1n1 RS   1565507840 131072    2.468
21:43:20.941 VLLM::W        1046586 nvme1n1 RS   1565479168 131072    1.915
21:43:20.941 VLLM::W        1046586 nvme1n1 RS   1565478912 131072    1.949
21:43:20.941 VLLM::W        1046586 nvme1n1 RS   1565479424 131072    1.988
21:43:20.941 VLLM::W        1046586 nvme1n1 RS   1565479680 131072    2.024
21:43:20.941 VLLM::W        1046586 nvme1n1 RS   1565479936 131072    2.051
21:43:20.941 VLLM::W        1046586 nvme1n1 RS   1565480192 131072    2.058
21:43:20.941 VLLM::W        1046586 nvme1n1 RS   1565480704 131072    2.136
21:43:20.941 VLLM::W        1046586 nvme1n1 RS   1565480960 131072    2.141
21:43:20.941 VLLM::W        1046586 nvme1n1 RS   1565480448 131072    2.203
21:43:20.941 VLLM::W        1046586 nvme1n1 RS   1565481216 131072    2.149
21:43:20.941 VLLM::W        1046586 nvme1n1 RS   1565481472 131072    2.156
21:43:20.941 VLLM::W        1046586 nvme1n1 RS   1565481728 131072    2.182
21:43:20.941 VLLM::W        1046586 nvme1n1 RS   1565481984 131072    2.210
21:43:20.941 VLLM::W        1046586 nvme1n1 RS   1565482240 131072    2.237
21:43:20.941 VLLM::W        1046586 nvme1n1 RS   1565482496 131072    2.269
21:43:20.941 VLLM::W        1046586 nvme1n1 RS   1565482752 131072    2.296
21:43:20.941 VLLM::W        1046586 nvme1n1 RS   1565491200 131072    2.331
21:43:20.941 VLLM::W        1046586 nvme1n1 RS   1565491456 131072    2.401
21:43:20.941 VLLM::W        1046588 nvme1n1 RS   1565515776 131072    1.859
21:43:20.941 VLLM::W        1046588 nvme1n1 RS   1565516032 131072    1.867
21:43:20.941 VLLM::W        1046588 nvme1n1 RS   1565516288 131072    1.902
21:43:20.942 VLLM::W        1046588 nvme1n1 RS   1565516544 131072    1.942
21:43:20.942 VLLM::W        1046588 nvme1n1 RS   1565516800 131072    1.970
21:43:20.942 VLLM::W        1046588 nvme1n1 RS   1565517056 131072    2.002
21:43:20.942 VLLM::W        1046588 nvme1n1 RS   1565517312 131072    2.040
21:43:20.942 VLLM::W        1046588 nvme1n1 RS   1565517568 131072    2.021
21:43:20.942 VLLM::W        1046588 nvme1n1 RS   1565517824 131072    2.078
21:43:20.942 VLLM::W        1046588 nvme1n1 RS   1565518080 131072    2.093
21:43:20.942 VLLM::W        1046588 nvme1n1 RS   1565518336 131072    2.131
21:43:20.942 VLLM::W        1046588 nvme1n1 RS   1565518592 131072    2.158
21:43:20.942 VLLM::W        1046588 nvme1n1 RS   1565518848 131072    2.195
21:43:20.942 VLLM::W        1046588 nvme1n1 RS   1565519104 131072    2.240
21:43:20.942 VLLM::W        1046588 nvme1n1 RS   1565519360 131072    2.250
21:43:20.942 VLLM::W        1046588 nvme1n1 RS   1565519616 131072    2.306
21:43:20.942 VLLM::W        1046588 nvme1n1 RS   1565523968 131072    2.327
21:43:20.942 VLLM::W        1046588 nvme1n1 RS   1565524224 131072    2.344
21:43:20.942 VLLM::W        1046589 nvme1n1 RS   57352192   131072    1.919
21:43:20.942 VLLM::W        1046589 nvme1n1 RS   57352448   131072    1.947
21:43:20.942 VLLM::W        1046589 nvme1n1 RS   57352704   131072    1.979
21:43:20.942 VLLM::W        1046589 nvme1n1 RS   57352960   131072    2.009
21:43:20.942 VLLM::W        1046589 nvme1n1 RS   57353216   131072    2.070
21:43:20.942 VLLM::W        1046589 nvme1n1 RS   57353472   131072    2.091
21:43:20.942 VLLM::W        1046589 nvme1n1 RS   57353728   131072    2.106
21:43:20.942 VLLM::W        1046589 nvme1n1 RS   57353984   131072    2.097
21:43:20.942 VLLM::W        1046589 nvme1n1 RS   57354240   131072    2.122
21:43:20.942 VLLM::W        1046589 nvme1n1 RS   57354496   131072    2.179
21:43:20.942 VLLM::W        1046589 nvme1n1 RS   57354752   131072    2.190
21:43:20.942 VLLM::W        1046589 nvme1n1 RS   57355008   131072    2.223
21:43:20.943 VLLM::W        1046589 nvme1n1 RS   57355264   131072    2.250
21:43:20.943 VLLM::W        1046589 nvme1n1 RS   57355520   131072    2.280
21:43:20.943 VLLM::W        1046589 nvme1n1 RS   57355776   131072    2.330
21:43:20.943 VLLM::W        1046589 nvme1n1 RS   57356032   131072    2.342
21:43:20.943 VLLM::W        1046589 nvme1n1 RS   57360384   131072    2.374
21:43:20.943 VLLM::W        1046589 nvme1n1 RS   57360640   131072    2.405
21:43:20.943 VLLM::W        1046587 nvme1n1 RS   577364224  131072    1.869
21:43:20.943 VLLM::W        1046587 nvme1n1 RS   577363968  131072    1.891
21:43:20.943 VLLM::W        1046587 nvme1n1 RS   577364480  131072    1.892
21:43:20.943 VLLM::W        1046587 nvme1n1 RS   577364736  131072    1.923
21:43:20.943 VLLM::W        1046587 nvme1n1 RS   577364992  131072    1.962
21:43:20.943 VLLM::W        1046587 nvme1n1 RS   577365248  131072    1.998
21:43:20.943 VLLM::W        1046587 nvme1n1 RS   577365504  131072    2.053
21:43:20.943 VLLM::W        1046587 nvme1n1 RS   577365760  131072    2.005
21:43:20.943 VLLM::W        1046587 nvme1n1 RS   577366016  131072    2.034
21:43:20.943 VLLM::W        1046587 nvme1n1 RS   577366272  131072    2.062
21:43:20.943 VLLM::W        1046587 nvme1n1 RS   577366528  131072    2.099
21:43:20.943 VLLM::W        1046587 nvme1n1 RS   577366784  131072    2.128
21:43:20.943 VLLM::W        1046587 nvme1n1 RS   577367040  131072    2.165
21:43:20.943 VLLM::W        1046587 nvme1n1 RS   577367296  131072    2.196
21:43:20.943 VLLM::W        1046587 nvme1n1 RS   577367552  131072    2.233
21:43:20.943 VLLM::W        1046587 nvme1n1 RS   577367808  131072    2.253
21:43:20.943 VLLM::W        1046587 nvme1n1 RS   577368064  131072    2.290
21:43:20.943 VLLM::W        1046587 nvme1n1 RS   577368320  131072    2.320
21:43:20.943 VLLM::W        1046586 nvme1n1 RS   57348096   131072    1.831
21:43:20.943 VLLM::W        1046586 nvme1n1 RS   57348352   131072    1.858
21:43:20.943 VLLM::W        1046586 nvme1n1 RS   57348608   131072    1.919
21:43:20.944 VLLM::W        1046586 nvme1n1 RS   57348864   131072    1.987
21:43:20.944 VLLM::W        1046586 nvme1n1 RS   57349120   131072    1.997
21:43:20.944 VLLM::W        1046586 nvme1n1 RS   57349376   131072    2.086
21:43:20.944 VLLM::W        1046586 nvme1n1 RS   57350144   131072    2.046
21:43:20.944 VLLM::W        1046586 nvme1n1 RS   57349632   131072    2.121
21:43:20.944 VLLM::W        1046586 nvme1n1 RS   57350400   131072    2.086
21:43:20.944 VLLM::W        1046586 nvme1n1 RS   57350656   131072    2.102
21:43:20.944 VLLM::W        1046586 nvme1n1 RS   57349888   131072    2.125
21:43:20.944 VLLM::W        1046586 nvme1n1 RS   57351168   131072    2.193
21:43:20.944 VLLM::W        1046586 nvme1n1 RS   57351424   131072    2.204
21:43:20.944 VLLM::W        1046586 nvme1n1 RS   57351680   131072    2.235
21:43:20.944 VLLM::W        1046586 nvme1n1 RS   57350912   131072    2.286
21:43:20.944 VLLM::W        1046586 nvme1n1 RS   57417728   131072    2.299
21:43:20.944 VLLM::W        1046586 nvme1n1 RS   57417984   131072    2.322
21:43:20.944 VLLM::W        1046586 nvme1n1 RS   57351936   131072    2.337
21:43:20.944 VLLM::W        1046588 nvme1n1 RS   1566736384 131072    1.968
21:43:20.944 VLLM::W        1046588 nvme1n1 RS   1566736640 131072    1.972
21:43:20.944 VLLM::W        1046588 nvme1n1 RS   1566736896 131072    2.008
21:43:20.944 VLLM::W        1046588 nvme1n1 RS   1566737152 131072    2.035
21:43:20.944 VLLM::W        1046588 nvme1n1 RS   1566737408 131072    2.047
21:43:20.944 VLLM::W        1046588 nvme1n1 RS   1566737664 131072    2.088
21:43:20.944 VLLM::W        1046588 nvme1n1 RS   1566737920 131072    2.149
21:43:20.944 VLLM::W        1046588 nvme1n1 RS   1566738176 131072    2.108
21:43:20.944 VLLM::W        1046588 nvme1n1 RS   1566738432 131072    2.145
21:43:20.944 VLLM::W        1046588 nvme1n1 RS   1566738944 131072    2.191
21:43:20.944 VLLM::W        1046588 nvme1n1 RS   1566739200 131072    2.218
21:43:20.944 VLLM::W        1046588 nvme1n1 RS   1566738688 131072    2.225
21:43:20.945 VLLM::W        1046588 nvme1n1 RS   1566739456 131072    2.299
21:43:20.945 VLLM::W        1046588 nvme1n1 RS   1566739968 131072    2.318
21:43:20.945 VLLM::W        1046588 nvme1n1 RS   1566739712 131072    2.336
21:43:20.945 VLLM::W        1046588 nvme1n1 RS   1566740224 131072    2.331
21:43:20.945 VLLM::W        1046588 nvme1n1 RS   1566752768 131072    2.392
21:43:20.945 VLLM::W        1046588 nvme1n1 RS   1566753024 131072    2.403
21:43:20.945 VLLM::W        1046589 nvme1n1 RS   57356544   131072    1.955
21:43:20.945 VLLM::W        1046589 nvme1n1 RS   57356288   131072    1.996
21:43:20.945 VLLM::W        1046589 nvme1n1 RS   57356800   131072    1.998
21:43:20.945 VLLM::W        1046589 nvme1n1 RS   57357056   131072    2.061
21:43:20.945 VLLM::W        1046589 nvme1n1 RS   57357312   131072    2.079
21:43:20.945 VLLM::W        1046589 nvme1n1 RS   57357568   131072    2.082
21:43:20.945 VLLM::W        1046589 nvme1n1 RS   57357824   131072    2.151
21:43:20.945 VLLM::W        1046589 nvme1n1 RS   57358080   131072    2.125
21:43:20.945 VLLM::W        1046589 nvme1n1 RS   57358336   131072    2.144
21:43:20.945 VLLM::W        1046589 nvme1n1 RS   57358592   131072    2.189
21:43:20.945 VLLM::W        1046589 nvme1n1 RS   57358848   131072    2.247
21:43:20.945 VLLM::W        1046589 nvme1n1 RS   57359104   131072    2.258
21:43:20.945 VLLM::W        1046589 nvme1n1 RS   57359360   131072    2.312
21:43:20.945 VLLM::W        1046589 nvme1n1 RS   57359616   131072    2.329
21:43:20.945 VLLM::W        1046589 nvme1n1 RS   57359872   131072    2.340
21:43:20.945 VLLM::W        1046589 nvme1n1 RS   57360128   131072    2.354
21:43:20.945 VLLM::W        1046589 nvme1n1 RS   57364480   131072    2.422
21:43:20.945 VLLM::W        1046589 nvme1n1 RS   57364736   131072    2.432
21:43:20.945 VLLM::W        1046587 nvme1n1 RS   1566744576 131072    1.954
21:43:20.945 VLLM::W        1046587 nvme1n1 RS   1566745088 131072    1.975
21:43:20.946 VLLM::W        1046587 nvme1n1 RS   1566745344 131072    2.008
21:43:20.946 VLLM::W        1046587 nvme1n1 RS   1566744832 131072    2.028
21:43:20.946 VLLM::W        1046587 nvme1n1 RS   1566745856 131072    2.075
21:43:20.946 VLLM::W        1046587 nvme1n1 RS   1566745600 131072    2.092
21:43:20.946 VLLM::W        1046587 nvme1n1 RS   1566746624 131072    2.117
21:43:20.946 VLLM::W        1046587 nvme1n1 RS   1566746112 131072    2.189
21:43:20.946 VLLM::W        1046587 nvme1n1 RS   1566746880 131072    2.148
21:43:20.946 VLLM::W        1046587 nvme1n1 RS   1566746368 131072    2.189
21:43:20.946 VLLM::W        1046587 nvme1n1 RS   1566747648 131072    2.310
21:43:20.946 VLLM::W        1046587 nvme1n1 RS   1566747904 131072    2.326
21:43:20.946 VLLM::W        1046587 nvme1n1 RS   1566747136 131072    2.351
21:43:20.946 VLLM::W        1046587 nvme1n1 RS   1566747392 131072    2.362
21:43:20.946 VLLM::W        1046587 nvme1n1 RS   1566748160 131072    2.424
21:43:20.946 VLLM::W        1046587 nvme1n1 RS   1566756864 131072    2.425
21:43:20.946 VLLM::W        1046587 nvme1n1 RS   1566757120 131072    2.436
21:43:20.946 VLLM::W        1046587 nvme1n1 RS   1566748416 131072    2.517
21:43:20.946 VLLM::W        1046586 nvme1n1 RS   1566740736 131072    1.953
21:43:20.946 VLLM::W        1046586 nvme1n1 RS   1566740480 131072    1.962
21:43:20.946 VLLM::W        1046586 nvme1n1 RS   1566741248 131072    1.992
21:43:20.946 VLLM::W        1046586 nvme1n1 RS   1566740992 131072    2.065
21:43:20.946 VLLM::W        1046586 nvme1n1 RS   1566741760 131072    2.069
21:43:20.946 VLLM::W        1046586 nvme1n1 RS   1566741504 131072    2.086
21:43:20.946 VLLM::W        1046586 nvme1n1 RS   1566742528 131072    2.128
21:43:20.946 VLLM::W        1046586 nvme1n1 RS   1566743040 131072    2.169
21:43:20.946 VLLM::W        1046586 nvme1n1 RS   1566742016 131072    2.252
21:43:20.947 VLLM::W        1046586 nvme1n1 RS   1566743296 131072    2.216
21:43:20.947 VLLM::W        1046586 nvme1n1 RS   1566742784 131072    2.231
21:43:20.947 VLLM::W        1046586 nvme1n1 RS   1566742272 131072    2.284
21:43:20.947 VLLM::W        1046586 nvme1n1 RS   1566743552 131072    2.303
21:43:20.947 VLLM::W        1046586 nvme1n1 RS   1566743808 131072    2.324
21:43:20.947 VLLM::W        1046586 nvme1n1 RS   1566744064 131072    2.329
21:43:20.947 VLLM::W        1046586 nvme1n1 RS   1566748672 131072    2.355
21:43:20.947 VLLM::W        1046586 nvme1n1 RS   1566744320 131072    2.433
21:43:20.947 VLLM::W        1046586 nvme1n1 RS   1566748928 131072    2.481
21:43:20.947 VLLM::W        1046588 nvme1n1 RS   577372416  131072    1.931
21:43:20.947 VLLM::W        1046588 nvme1n1 RS   577372160  131072    1.985
21:43:20.947 VLLM::W        1046588 nvme1n1 RS   577373184  131072    2.046
21:43:20.947 VLLM::W        1046588 nvme1n1 RS   577372672  131072    2.074
21:43:20.947 VLLM::W        1046588 nvme1n1 RS   577372928  131072    2.086
21:43:20.947 VLLM::W        1046588 nvme1n1 RS   577373440  131072    2.092
21:43:20.947 VLLM::W        1046588 nvme1n1 RS   577373696  131072    2.164
21:43:20.947 VLLM::W        1046588 nvme1n1 RS   577374464  131072    2.121
21:43:20.947 VLLM::W        1046588 nvme1n1 RS   577374720  131072    2.149
21:43:20.947 VLLM::W        1046588 nvme1n1 RS   577373952  131072    2.220
21:43:20.947 VLLM::W        1046588 nvme1n1 RS   577374208  131072    2.218
21:43:20.947 VLLM::W        1046588 nvme1n1 RS   577375488  131072    2.231
21:43:20.947 VLLM::W        1046588 nvme1n1 RS   577375232  131072    2.275
21:43:20.947 VLLM::W        1046588 nvme1n1 RS   577374976  131072    2.324
21:43:20.947 VLLM::W        1046588 nvme1n1 RS   577375744  131072    2.309
21:43:20.947 VLLM::W        1046588 nvme1n1 RS   577376000  131072    2.299
21:43:20.947 VLLM::W        1046588 nvme1n1 RS   577376256  131072    2.343
21:43:20.947 VLLM::W        1046588 nvme1n1 RS   577376512  131072    2.351
21:43:21.007 ib_log_        125924  nvme1n1 WS   1757455384 4096      0.043
21:43:21.186 python3        1046586 nvme1n1 WS   1571016704 131072    0.162
21:43:21.186 python3        1046586 nvme1n1 WS   1571016960 131072    0.246
21:43:21.186 python3        1046586 nvme1n1 WS   1571017216 131072    0.323
21:43:21.186 python3        1046586 nvme1n1 WS   1571017472 131072    0.387
21:43:21.187 python3        1046586 nvme1n1 WS   1571017728 131072    0.468
21:43:21.187 python3        1046586 nvme1n1 WS   1571017984 131072    0.558
21:43:21.187 python3        1046586 nvme1n1 WS   1571018240 131072    0.641
21:43:21.187 python3        1046586 nvme1n1 WS   1571018496 131072    0.658
21:43:21.187 python3        1046586 nvme1n1 WS   1571018752 131072    0.738
21:43:21.187 python3        1046586 nvme1n1 WS   1571019008 131072    0.816
21:43:21.187 python3        1046586 nvme1n1 WS   1571019264 131072    0.898
21:43:21.187 python3        1046586 nvme1n1 WS   1571019520 131072    0.975
21:43:21.187 python3        1046586 nvme1n1 WS   1571019776 131072    1.050
21:43:21.187 python3        1046586 nvme1n1 WS   1571020032 131072    1.131
21:43:21.187 python3        1046589 nvme1n1 WS   1571024896 131072    1.215
21:43:21.187 python3        1046586 nvme1n1 WS   312247296  131072    1.301
21:43:21.188 python3        1046586 nvme1n1 WS   1571020288 131072    1.376
21:43:21.188 python3        1046589 nvme1n1 WS   1571025152 131072    1.457
21:43:21.188 python3        1046589 nvme1n1 WS   1571025408 131072    1.537
21:43:21.188 python3        1046586 nvme1n1 WS   312247552  131072    1.629
21:43:21.188 python3        1046586 nvme1n1 WS   312247808  131072    1.708
21:43:21.188 python3        1046586 nvme1n1 WS   312248064  49152     1.738
21:43:21.188 python3        1046589 nvme1n1 WS   1571025664 131072    1.821
21:43:21.188 python3        1046589 nvme1n1 WS   1571025920 131072    1.901
21:43:21.188 python3        1046589 nvme1n1 WS   1571026176 131072    1.978
21:43:21.188 python3        1046587 nvme1n1 WS   1571020800 131072    2.070
21:43:21.188 python3        1046587 nvme1n1 WS   1571021056 131072    2.142
21:43:21.188 python3        1046589 nvme1n1 WS   1571026432 131072    2.215
21:43:21.188 python3        1046587 nvme1n1 WS   1571021312 131072    2.299
21:43:21.189 python3        1046587 nvme1n1 WS   1571021568 131072    2.367
21:43:21.189 python3        1046586 nvme1n1 WS   1571020544 131072    2.444
21:43:21.189 python3        1046587 nvme1n1 WS   1571021824 131072    2.529
21:43:21.189 python3        1046587 nvme1n1 WS   312263680  131072    2.629
21:43:21.189 python3        1046587 nvme1n1 WS   312263936  131072    2.698
21:43:21.189 python3        1046587 nvme1n1 WS   312264192  131072    2.774
21:43:21.189 python3        1046587 nvme1n1 WS   312264448  49152     2.802
21:43:21.189 python3        1046587 nvme1n1 WS   1571022080 131072    2.876
21:43:21.189 python3        1046587 nvme1n1 WS   1571022336 131072    2.953
21:43:21.189 python3        1046586 nvme1n1 WS   1571180544 131072    3.027
21:43:21.189 python3        1046586 nvme1n1 WS   1571180800 131072    3.104
21:43:21.189 python3        1046589 nvme1n1 WS   1571026688 131072    3.180
21:43:21.189 python3        1046589 nvme1n1 WS   1571026944 131072    3.257
21:43:21.190 python3        1046589 nvme1n1 WS   1571027200 131072    3.337
21:43:21.190 python3        1046589 nvme1n1 WS   1571027456 131072    3.413
21:43:21.190 python3        1046589 nvme1n1 WS   1571027712 131072    3.495
21:43:21.190 python3        1046589 nvme1n1 WS   1571027968 131072    3.568
21:43:21.190 python3        1046589 nvme1n1 WS   1571028224 131072    3.646
21:43:21.190 python3        1046589 nvme1n1 WS   1571028480 131072    3.723
21:43:21.190 python3        1046588 nvme1n1 WS   57421824   131072    3.856
21:43:21.190 python3        1046588 nvme1n1 WS   57422080   131072    3.883
21:43:21.190 python3        1046587 nvme1n1 WS   1571022592 131072    3.967
21:43:21.190 python3        1046587 nvme1n1 WS   1571022848 131072    4.042
21:43:21.190 python3        1046587 nvme1n1 WS   1571023104 131072    4.122
21:43:21.190 python3        1046587 nvme1n1 WS   1571023360 131072    4.201
21:43:21.191 python3        1046587 nvme1n1 WS   1571023616 131072    4.279
21:43:21.191 python3        1046587 nvme1n1 WS   1571023872 131072    4.362
21:43:21.191 python3        1046587 nvme1n1 WS   1571024128 131072    4.439
21:43:21.191 python3        1046587 nvme1n1 WS   1571024384 131072    4.517
21:43:21.191 python3        1046588 nvme1n1 WS   57422336   131072    4.618
21:43:21.191 python3        1046588 nvme1n1 WS   57422592   131072    4.697
21:43:21.191 python3        1046588 nvme1n1 WS   57422848   131072    4.774
21:43:21.191 python3        1046588 nvme1n1 WS   57423104   131072    4.850
21:43:21.191 python3        1046588 nvme1n1 WS   57423360   131072    4.927
21:43:21.191 python3        1046589 nvme1n1 WS   1571028736 131072    5.011
21:43:21.191 python3        1046589 nvme1n1 WS   1571028992 131072    5.083
21:43:21.191 python3        1046589 nvme1n1 WS   1571029248 131072    5.161
21:43:21.192 python3        1046589 nvme1n1 WS   1569367040 131072    5.239
21:43:21.192 python3        1046589 nvme1n1 WS   1569367296 131072    5.313
21:43:21.192 python3        1046589 nvme1n1 WS   1569367552 131072    5.388
21:43:21.192 python3        1046589 nvme1n1 WS   1569367808 49152     5.416
21:43:21.192 python3        1046588 nvme1n1 WS   571402240  131072    5.504
21:43:21.192 python3        1046588 nvme1n1 WS   571402496  131072    5.573
21:43:21.192 python3        1046588 nvme1n1 WS   571402752  131072    5.650
21:43:21.192 python3        1046588 nvme1n1 WS   571403008  49152     5.679
21:43:21.192 python3        1046587 nvme1n1 WS   1571024640 131072    5.758
21:43:21.192 python3        1046587 nvme1n1 WS   1571033088 131072    5.834
21:43:21.192 python3        1046587 nvme1n1 WS   1571033344 131072    5.909
21:43:21.192 python3        1046588 nvme1n1 WS   57423616   131072    5.987
21:43:21.192 python3        1046588 nvme1n1 WS   57423872   131072    6.066
21:43:21.192 python3        1046588 nvme1n1 WS   57424128   131072    6.144
21:43:21.193 python3        1046588 nvme1n1 WS   57424384   131072    6.225
21:43:21.193 python3        1046588 nvme1n1 WS   57424640   131072    6.299
21:43:21.193 python3        1046588 nvme1n1 WS   57424896   131072    6.379
21:43:21.193 python3        1046588 nvme1n1 WS   57425152   131072    6.455
21:43:21.193 python3        1046588 nvme1n1 WS   57425408   131072    6.530
21:43:21.193 python3        1046588 nvme1n1 WS   57425664   131072    6.592
21:43:21.193 python3        1046588 nvme1n1 WS   57425920   131072    6.668
21:43:21.193 python3        1046588 nvme1n1 WS   57426176   131072    6.743
21:43:21.248 kworker        1003407 nvme1n1 W    580465408  131072    0.152
21:43:21.249 kworker        1003407 nvme1n1 W    580465664  122880    0.157
21:43:21.249 kworker        1003407 nvme1n1 W    580465904  102400    0.219
21:43:21.249 kworker        1003407 nvme1n1 W    580466104  98304     0.279
21:43:21.249 kworker        1003407 nvme1n1 W    1175185552 73728     0.321
21:43:21.249 kworker        1003407 nvme1n1 W    1175185696 73728     0.366
21:43:21.249 kworker        1003407 nvme1n1 W    580466296  57344     0.400
21:43:21.249 kworker        1003407 nvme1n1 W    1733428912 90112     0.453
21:43:21.359 ib_pg_f        125924  nvme1n1 WS   1740054528 114688    0.141
21:43:21.359 ib_pg_f        125924  nvme1n1 WS   1740406144 16384     0.041
21:43:21.359 ib_pg_f        125924  nvme1n1 WS   1734607768 16384     0.050
21:43:21.359 ib_pg_f        125924  nvme1n1 WS   1740413632 16384     0.054
21:43:21.359 ib_pg_f        125924  nvme1n1 WS   1740107392 16384     0.060
21:43:21.359 ib_pg_f        125924  nvme1n1 WS   1755102592 16384     0.060
21:43:21.359 ib_pg_f        125924  nvme1n1 WS   1756836384 16384     0.048
21:43:21.359 ib_pg_f        125924  nvme1n1 WS   1757151392 16384     0.039
21:43:21.428 ib_pg_f        125934  nvme1n1 WS   1737244672 131072    0.153
21:43:21.428 ib_pg_f        125934  nvme1n1 WS   1737244928 131072    0.225
21:43:21.428 ib_pg_f        125934  nvme1n1 WS   1737245184 131072    0.299
21:43:21.428 ib_pg_f        125934  nvme1n1 WS   1737245440 32768     0.319
21:43:21.428 ib_pg_f        125934  nvme1n1 WS   1730408704 16384     0.043
21:43:21.428 ib_pg_f        125934  nvme1n1 WS   1556367904 16384     0.057
21:43:21.428 ib_pg_f        125934  nvme1n1 WS   1730408768 16384     0.062
21:43:21.428 ib_pg_f        125934  nvme1n1 WS   1556367968 16384     0.072
21:43:21.428 ib_pg_f        125934  nvme1n1 WS   1730410688 16384     0.080
21:43:21.428 ib_pg_f        125934  nvme1n1 WS   1556368000 16384     0.091
21:43:21.428 ib_pg_f        125934  nvme1n1 WS   1730410272 16384     0.093
21:43:21.428 ib_pg_f        125934  nvme1n1 WS   1556368032 16384     0.100
21:43:21.428 ib_pg_f        125934  nvme1n1 WS   1730408800 16384     0.095
21:43:21.428 ib_pg_f        125934  nvme1n1 WS   1556368064 16384     0.101
21:43:21.428 ib_pg_f        125934  nvme1n1 WS   1730409792 16384     0.102
21:43:21.428 ib_pg_f        125934  nvme1n1 WS   1556368096 16384     0.103
21:43:21.428 ib_pg_f        125934  nvme1n1 WS   1730408832 16384     0.107
21:43:21.428 ib_pg_f        125934  nvme1n1 WS   1556368224 16384     0.113
21:43:21.428 ib_pg_f        125934  nvme1n1 WS   1756482688 16384     0.103
21:43:21.428 ib_pg_f        125934  nvme1n1 WS   1756426784 16384     0.103
21:43:21.428 ib_pg_f        125934  nvme1n1 WS   1756482720 16384     0.092
21:43:21.428 ib_pg_f        125934  nvme1n1 WS   1756426816 16384     0.094
21:43:21.428 ib_pg_f        125934  nvme1n1 WS   1756483520 16384     0.098
21:43:21.428 ib_pg_f        125934  nvme1n1 WS   1756426848 16384     0.096
21:43:21.428 ib_pg_f        125934  nvme1n1 WS   1756483552 16384     0.098
21:43:21.428 ib_pg_f        125934  nvme1n1 WS   1756426880 16384     0.100
21:43:21.428 ib_pg_f        125934  nvme1n1 WS   1756481760 16384     0.108
21:43:21.428 ib_pg_f        125934  nvme1n1 WS   1756427104 16384     0.108
21:43:21.429 ib_pg_f        125934  nvme1n1 WS   1756481792 16384     0.109
21:43:21.429 ib_pg_f        125934  nvme1n1 WS   1756427136 16384     0.111
21:43:21.582 nvme           1178322 Unknown N    -1         512       0.075
21:43:21.955 ib_log_        125934  nvme1n1 WS   1739620352 4096      0.064
21:43:22.109 ib_log_        125924  nvme1n1 WS   1757454744 4096      0.041
21:43:22.585 nvme           1178326 Unknown N    -1         512       0.108
21:43:22.770 ib_log_        125932  nvme1n1 WS   1757615096 4096      0.053
21:43:23.423 ib_pg_f        125932  nvme1n1 WS   1756905472 131072    0.179
21:43:23.423 ib_pg_f        125932  nvme1n1 WS   1756905728 131072    0.243
21:43:23.424 ib_pg_f        125932  nvme1n1 WS   1756905984 131072    0.317
21:43:23.424 ib_pg_f        125932  nvme1n1 WS   1756906240 131072    0.393
21:43:23.424 ib_pg_f        125932  nvme1n1 WS   1756906496 131072    0.472
21:43:23.424 ib_pg_f        125932  nvme1n1 WS   1756906752 98304     0.531
21:43:23.424 ib_pg_f        125932  nvme1n1 WS   1755242752 16384     0.054
21:43:23.424 ib_pg_f        125932  nvme1n1 WS   1755103424 16384     0.058
21:43:23.424 ib_pg_f        125932  nvme1n1 WS   1755247296 16384     0.069
21:43:23.424 ib_pg_f        125932  nvme1n1 WS   1755103456 16384     0.065
21:43:23.424 ib_pg_f        125932  nvme1n1 WS   1755243392 16384     0.083
21:43:23.424 ib_pg_f        125932  nvme1n1 WS   1755103488 16384     0.089
21:43:23.424 ib_pg_f        125932  nvme1n1 WS   1755243488 16384     0.094
21:43:23.424 ib_pg_f        125932  nvme1n1 WS   1755103680 16384     0.105
21:43:23.424 ib_pg_f        125932  nvme1n1 WS   1755243680 16384     0.101
21:43:23.424 ib_pg_f        125932  nvme1n1 WS   1755103744 16384     0.102
21:43:23.424 ib_pg_f        125932  nvme1n1 WS   1755243712 16384     0.106
21:43:23.424 ib_pg_f        125932  nvme1n1 WS   1755103776 16384     0.111
21:43:23.424 ib_pg_f        125932  nvme1n1 WS   1755243552 16384     0.106
21:43:23.424 ib_pg_f        125932  nvme1n1 WS   1755103808 16384     0.108
21:43:23.424 ib_pg_f        125932  nvme1n1 WS   1755247936 16384     0.068
21:43:23.424 ib_pg_f        125932  nvme1n1 WS   1755103840 16384     0.064
21:43:23.424 ib_pg_f        125932  nvme1n1 WS   1755243104 16384     0.067
21:43:23.424 ib_pg_f        125932  nvme1n1 WS   1755104032 16384     0.067
21:43:23.424 ib_pg_f        125932  nvme1n1 WS   1755173184 16384     0.073
21:43:23.424 ib_pg_f        125932  nvme1n1 WS   1755104064 16384     0.079
21:43:23.424 ib_pg_f        125932  nvme1n1 WS   1756434368 16384     0.078
21:43:23.424 ib_pg_f        125932  nvme1n1 WS   1755177152 16384     0.080
21:43:23.424 ib_pg_f        125932  nvme1n1 WS   1756430496 16384     0.087
21:43:23.424 ib_pg_f        125932  nvme1n1 WS   1755177184 16384     0.096
21:43:23.424 ib_pg_f        125932  nvme1n1 WS   1756433824 16384     0.091
21:43:23.424 ib_pg_f        125932  nvme1n1 WS   1755177216 16384     0.095
21:43:23.424 ib_pg_f        125932  nvme1n1 WS   1756434848 16384     0.097
21:43:23.424 ib_pg_f        125932  nvme1n1 WS   1755177248 16384     0.107
21:43:23.424 ib_pg_f        125932  nvme1n1 WS   1756431104 16384     0.101
21:43:23.424 ib_pg_f        125932  nvme1n1 WS   1755177280 16384     0.103
21:43:23.424 ib_pg_f        125932  nvme1n1 WS   1756431168 16384     0.112
21:43:23.424 ib_pg_f        125932  nvme1n1 WS   1755177408 16384     0.117
21:43:23.424 ib_pg_f        125932  nvme1n1 WS   1756431456 16384     0.125
21:43:23.424 ib_pg_f        125932  nvme1n1 WS   1755177440 16384     0.120
21:43:23.424 ib_pg_f        125932  nvme1n1 WS   1756431200 16384     0.122
21:43:23.424 ib_pg_f        125932  nvme1n1 WS   1755177504 16384     0.124
21:43:23.424 ib_pg_f        125932  nvme1n1 WS   1756430816 16384     0.123
21:43:23.424 ib_pg_f        125932  nvme1n1 WS   1755177536 16384     0.129
21:43:23.424 ib_pg_f        125932  nvme1n1 WS   1756431520 16384     0.133
21:43:23.424 ib_pg_f        125932  nvme1n1 WS   1755177568 16384     0.136
21:43:23.424 ib_pg_f        125932  nvme1n1 WS   1756433888 16384     0.138
21:43:23.424 ib_pg_f        125932  nvme1n1 WS   1755177600 16384     0.141
21:43:23.424 ib_pg_f        125932  nvme1n1 WS   1756431264 16384     0.144
21:43:23.424 ib_pg_f        125932  nvme1n1 WS   1755177632 16384     0.146
21:43:23.424 ib_pg_f        125932  nvme1n1 WS   1756431296 16384     0.148
21:43:23.424 ib_pg_f        125932  nvme1n1 WS   1755177728 16384     0.147
21:43:23.587 nvme           1178340 Unknown N    -1         512       0.033
21:43:23.989 ib_log_        125932  nvme1n1 WS   1757609984 4096      0.056
21:43:24.062 ib_log_        125924  nvme1n1 WS   1757455384 8192      0.041
21:43:24.106 ib_log_        125924  nvme1n1 WS   1757455392 4096      0.038
21:43:24.360 ib_pg_f        125924  nvme1n1 WS   1740046336 81920     0.110
21:43:24.360 ib_pg_f        125924  nvme1n1 WS   1740413568 16384     0.046
21:43:24.360 ib_pg_f        125924  nvme1n1 WS   1757760192 16384     0.042
21:43:24.360 ib_pg_f        125924  nvme1n1 WS   1757691744 16384     0.044
21:43:24.360 ib_pg_f        125924  nvme1n1 WS   1740107424 16384     0.060
21:43:24.360 ib_pg_f        125924  nvme1n1 WS   1757151392 16384     0.061
21:43:24.589 nvme           1178356 Unknown N    -1         512       0.073
21:43:25.110 ib_log_        125924  nvme1n1 WS   1757454744 4096      0.055
21:43:25.592 nvme           1178360 Unknown N    -1         512       0.030
21:43:26.144 jbd2/nv        752     nvme1n1 WSM  878136336  131072    0.165
21:43:26.144 jbd2/nv        752     nvme1n1 WSM  878136592  53248     0.182
21:43:26.144 jbd2/nv        752     nvme1n1 WSM  878136696  4096      0.037
21:43:26.368 kworker        1171458 nvme1n1 WM   0          4096      0.129
21:43:26.368 kworker        1171458 nvme1n1 WM   32         4096      0.135
21:43:26.368 kworker        1171458 nvme1n1 WM   152        4096      0.135
21:43:26.368 kworker        1171458 nvme1n1 WM   224        4096      0.136
21:43:26.368 kworker        1171458 nvme1n1 WM   280        4096      0.141
21:43:26.368 kworker        1171458 nvme1n1 WM   352        4096      0.142
21:43:26.368 kworker        1171458 nvme1n1 WM   408        4096      0.144
21:43:26.368 kworker        1171458 nvme1n1 WM   440        4096      0.144
21:43:26.368 kworker        1171458 nvme1n1 WM   568        4096      0.148
21:43:26.368 kworker        1171458 nvme1n1 WM   720        8192      0.148
21:43:26.368 kworker        1171458 nvme1n1 WM   808        8192      0.151
21:43:26.368 kworker        1171458 nvme1n1 WM   832        8192      0.157
21:43:26.368 kworker        1171458 nvme1n1 WM   54526032   8192      0.161
21:43:26.368 kworker        1171458 nvme1n1 WM   310378552  4096      0.166
21:43:26.368 kworker        1171458 nvme1n1 WM   310378568  4096      0.169
21:43:26.368 kworker        1171458 nvme1n1 WM   461373568  4096      0.170
21:43:26.368 kworker        1171458 nvme1n1 WM   461373728  4096      0.174
21:43:26.368 kworker        1171458 nvme1n1 WM   461373832  4096      0.175
21:43:26.368 kworker        1171458 nvme1n1 WM   461373848  4096      0.177
21:43:26.368 kworker        1171458 nvme1n1 WM   461373888  4096      0.183
21:43:26.368 kworker        1171458 nvme1n1 WM   461374248  4096      0.184
21:43:26.368 kworker        1171458 nvme1n1 WM   570425368  4096      0.184
21:43:26.368 kworker        1171458 nvme1n1 WM   574619664  4096      0.188
21:43:26.368 kworker        1171458 nvme1n1 WM   574619728  4096      0.189
21:43:26.368 kworker        1171458 nvme1n1 WM   578813960  8192      0.192
21:43:26.368 kworker        1171458 nvme1n1 WM   578813992  8192      0.196
21:43:26.368 kworker        1171458 nvme1n1 WM   578814096  4096      0.200
21:43:26.368 kworker        1171458 nvme1n1 WM   578814208  4096      0.204
21:43:26.368 kworker        1171458 nvme1n1 WM   578814288  4096      0.206
21:43:26.368 kworker        1171458 nvme1n1 WM   578819472  4096      0.208
21:43:26.368 kworker        1171458 nvme1n1 WM   744        12288     0.226
21:43:26.368 kworker        1171458 nvme1n1 WM   461373760  24576     0.235
21:43:26.369 kworker        1171458 nvme1n1 WM   721420304  4096      0.108
21:43:26.369 kworker        1171458 nvme1n1 WM   721917248  4096      0.117
21:43:26.369 kworker        1171458 nvme1n1 WM   844081072  4096      0.119
21:43:26.369 kworker        1171458 nvme1n1 WM   847249416  4096      0.119
21:43:26.369 kworker        1171458 nvme1n1 WM   905969800  4096      0.120
21:43:26.369 kworker        1171458 nvme1n1 WM   905969920  4096      0.121
21:43:26.369 kworker        1171458 nvme1n1 WM   1174405128 8192      0.119
21:43:26.369 kworker        1171458 nvme1n1 WM   1174712800 4096      0.120
21:43:26.369 kworker        1171458 nvme1n1 WM   1174768904 8192      0.132
21:43:26.369 kworker        1171458 nvme1n1 WM   1174773752 4096      0.132
21:43:26.369 kworker        1171458 nvme1n1 WM   1174779832 4096      0.133
21:43:26.369 kworker        1171458 nvme1n1 WM   1484789216 4096      0.176
21:43:26.369 kworker        1171458 nvme1n1 WM   1493844928 4096      0.178
21:43:26.369 kworker        1171458 nvme1n1 WM   1497366576 4096      0.178
21:43:26.369 kworker        1171458 nvme1n1 WM   1497366632 4096      0.179
21:43:26.369 kworker        1171458 nvme1n1 WM   1518338104 4096      0.179
21:43:26.369 kworker        1171458 nvme1n1 WM   1519722216 4096      0.180
21:43:26.369 kworker        1171458 nvme1n1 WM   1524547568 4096      0.180
21:43:26.369 kworker        1171458 nvme1n1 WM   1556086856 4096      0.181
21:43:26.369 kworker        1171458 nvme1n1 WM   1560281120 8192      0.181
21:43:26.369 kworker        1171458 nvme1n1 WM   1564475416 4096      0.182
21:43:26.369 kworker        1171458 nvme1n1 WM   1568669712 4096      0.182
21:43:26.369 kworker        1171458 nvme1n1 WM   1577058384 4096      0.182
21:43:26.369 kworker        1171458 nvme1n1 WM   1577058408 8192      0.182
21:43:26.369 kworker        1171458 nvme1n1 WM   1581252616 4096      0.183
21:43:26.369 kworker        1171458 nvme1n1 WM   1686110224 4096      0.183
21:43:26.369 kworker        1171458 nvme1n1 WM   578825624  110592    0.294
21:43:26.369 kworker        1171458 nvme1n1 WM   578825848  16384     0.305
21:43:26.369 kworker        1171458 nvme1n1 WM   905976168  61440     0.318
21:43:26.369 kworker        1171458 nvme1n1 WM   1174768928 28672     0.342
21:43:26.369 kworker        1171458 nvme1n1 WM   1564475448 12288     0.345
21:43:26.369 kworker        1171458 nvme1n1 WM   1568669752 12288     0.351
21:43:26.369 kworker        1171458 nvme1n1 WM   1686110304 4096      0.296
21:43:26.369 kworker        1171458 nvme1n1 WM   1686110320 4096      0.302
21:43:26.369 kworker        1171458 nvme1n1 WM   1694498840 4096      0.303
21:43:26.369 kworker        1171458 nvme1n1 WM   1707357920 4096      0.305
21:43:26.369 kworker        1171458 nvme1n1 WM   1719481664 4096      0.309
21:43:26.369 kworker        1171458 nvme1n1 WM   1728053344 8192      0.310
21:43:26.369 kworker        1171458 nvme1n1 WM   1732247584 8192      0.314
21:43:26.369 kworker        1171458 nvme1n1 WM   1732247624 4096      0.318
21:43:26.369 kworker        1171458 nvme1n1 WM   1732247640 4096      0.323
21:43:26.369 kworker        1171458 nvme1n1 WM   1740382200 4096      0.324
21:43:26.369 kworker        1171458 nvme1n1 WM   1753219080 4096      0.324
21:43:26.369 kworker        1171458 nvme1n1 WM   1753219176 4096      0.330
21:43:26.369 kworker        1171458 nvme1n1 WM   1756377568 4096      0.331
21:43:26.369 kworker        1171458 nvme1n1 WM   1756377584 4096      0.331
21:43:26.369 kworker        1171458 nvme1n1 WM   1756377624 4096      0.335
21:43:26.369 kworker        1171458 nvme1n1 WM   1756377824 4096      0.337
21:43:26.369 kworker        1171458 nvme1n1 WM   1756384208 4096      0.340
21:43:26.369 kworker        1171458 nvme1n1 WM   1756389856 4096      0.342
21:43:26.369 kworker        1171458 nvme1n1 WM   1756389880 4096      0.346
21:43:26.369 kworker        1171458 nvme1n1 WM   1756389896 4096      0.346
21:43:26.369 kworker        1171458 nvme1n1 WM   1756389912 4096      0.348
21:43:26.369 kworker        1171458 nvme1n1 WM   1756390080 4096      0.352
21:43:26.369 kworker        1171458 nvme1n1 WM   1756391376 4096      0.353
21:43:26.369 kworker        1171458 nvme1n1 WM   1756414120 4096      0.353
21:43:26.369 kworker        1171458 nvme1n1 WM   1756414136 4096      0.355
21:43:26.369 kworker        1171458 nvme1n1 WM   1756414152 8192      0.359
21:43:26.369 kworker        1171458 nvme1n1 WM   1756414184 4096      0.360
21:43:26.369 kworker        1171458 nvme1n1 WM   1756414216 8192      0.367
21:43:26.369 kworker        1171458 nvme1n1 WM   1756414912 4096      0.369
21:43:26.369 kworker        1171458 nvme1n1 WM   1756414944 4096      0.372
21:43:26.369 kworker        1171458 nvme1n1 WM   1756414960 4096      0.373
21:43:26.369 kworker        1171458 nvme1n1 WM   1756415512 4096      0.378
21:43:26.369 kworker        1171458 nvme1n1 WM   1756415576 4096      0.247
21:43:26.369 kworker        1171458 nvme1n1 WM   1756415728 4096      0.247
21:43:26.369 kworker        1171458 nvme1n1 WM   1756428304 4096      0.248
21:43:26.369 kworker        1171458 nvme1n1 WM   1756440496 4096      0.251
21:43:26.369 kworker        1171458 nvme1n1 WM   1756440552 4096      0.253
21:43:26.369 kworker        1171458 nvme1n1 WM   1756440728 4096      0.258
21:43:26.369 kworker        1171458 nvme1n1 WM   1756441880 8192      0.258
21:43:26.369 kworker        1171458 nvme1n1 WM   1756441904 4096      0.263
21:43:26.369 kworker        1171458 nvme1n1 WM   1756441920 4096      0.264
21:43:26.369 kworker        1171458 nvme1n1 WM   1756450800 4096      0.268
21:43:26.369 kworker        1171458 nvme1n1 WM   1756492368 4096      0.270
21:43:26.369 kworker        1171458 nvme1n1 WM   1756492424 4096      0.272
21:43:26.369 kworker        1171458 nvme1n1 WM   1756492480 4096      0.278
21:43:26.369 kworker        1171458 nvme1n1 WM   1756492528 4096      0.278
21:43:26.369 kworker        1171458 nvme1n1 WM   1756520944 8192      0.279
21:43:26.369 kworker        1171458 nvme1n1 WM   1756521408 8192      0.283
21:43:26.369 kworker        1171458 nvme1n1 WM   1756525544 4096      0.287
21:43:26.369 kworker        1171458 nvme1n1 WM   1756526744 4096      0.291
21:43:26.369 kworker        1171458 nvme1n1 WM   1756527536 4096      0.293
21:43:26.369 kworker        1171458 nvme1n1 WM   1756528248 4096      0.296
21:43:26.369 kworker        1171458 nvme1n1 WM   1756528312 4096      0.301
21:43:26.369 kworker        1171458 nvme1n1 WM   1756528344 4096      0.302
21:43:26.369 kworker        1171458 nvme1n1 WM   1756528360 4096      0.303
21:43:26.369 kworker        1171458 nvme1n1 WM   1756528576 4096      0.322
21:43:26.369 kworker        1171458 nvme1n1 WM   1756549560 8192      0.326
21:43:26.369 kworker        1171458 nvme1n1 WM   1756551160 4096      0.327
21:43:26.369 kworker        1171458 nvme1n1 WM   1756598720 4096      0.327
21:43:26.369 kworker        1171458 nvme1n1 WM   1756598896 4096      0.329
21:43:26.369 kworker        1171458 nvme1n1 WM   1756598992 8192      0.332
21:43:26.369 kworker        1171458 nvme1n1 WM   1756415528 12288     0.347
21:43:26.369 kworker        1171458 nvme1n1 WM   1756439528 12288     0.350
21:43:26.369 kworker        1171458 nvme1n1 WM   1756440856 16384     0.359
21:43:26.369 kworker        1171458 nvme1n1 WM   1756599944 4096      0.314
21:43:26.369 kworker        1171458 nvme1n1 WM   1756599960 4096      0.230
21:43:26.369 kworker        1171458 nvme1n1 WM   1756600008 4096      0.234
21:43:26.369 kworker        1171458 nvme1n1 WM   1756600208 4096      0.236
21:43:26.369 kworker        1171458 nvme1n1 WM   1756600968 4096      0.237
21:43:26.369 kworker        1171458 nvme1n1 WM   1756601016 4096      0.241
21:43:26.369 kworker        1171458 nvme1n1 WM   1756601032 4096      0.112
21:43:26.369 kworker        1171458 nvme1n1 WM   1756601240 4096      0.106
21:43:26.369 kworker        1171458 nvme1n1 WM   1756601360 4096      0.114
21:43:26.369 kworker        1171458 nvme1n1 WM   1756662032 4096      0.119
21:43:26.369 kworker        1171458 nvme1n1 WM   1756662648 4096      0.124
21:43:26.369 kworker        1171458 nvme1n1 WM   1756670224 8192      0.125
21:43:26.369 kworker        1171458 nvme1n1 WM   1756670520 4096      0.130
21:43:26.369 kworker        1171458 nvme1n1 WM   1756671472 8192      0.131
21:43:26.369 kworker        1171458 nvme1n1 WM   1756673400 4096      0.136
21:43:26.369 kworker        1171458 nvme1n1 WM   1756673768 4096      0.137
21:43:26.369 kworker        1171458 nvme1n1 WM   1756680680 4096      0.138
21:43:26.369 kworker        1171458 nvme1n1 WM   1756682200 4096      0.142
21:43:26.369 kworker        1171458 nvme1n1 WM   1756683688 4096      0.143
21:43:26.369 kworker        1171458 nvme1n1 WM   1756686288 8192      0.146
21:43:26.369 kworker        1171458 nvme1n1 WM   1756692416 8192      0.150
21:43:26.369 kworker        1171458 nvme1n1 WM   1756708840 4096      0.154
21:43:26.369 kworker        1171458 nvme1n1 WM   1756710616 4096      0.158
21:43:26.369 kworker        1171458 nvme1n1 WM   1756710640 8192      0.161
21:43:26.369 kworker        1171458 nvme1n1 WM   1756712944 4096      0.166
21:43:26.369 kworker        1171458 nvme1n1 WM   1756723456 4096      0.166
21:43:26.369 kworker        1171458 nvme1n1 WM   1756723472 8192      0.170
21:43:26.369 kworker        1171458 nvme1n1 WM   1756754864 8192      0.175
21:43:26.370 kworker        1171458 nvme1n1 WM   1756754888 4096      0.129
21:43:26.370 kworker        1171458 nvme1n1 WM   1756755536 4096      0.134
21:43:26.370 kworker        1171458 nvme1n1 WM   1756757944 8192      0.135
21:43:26.370 kworker        1171458 nvme1n1 WM   1756757984 4096      0.139
21:43:26.370 kworker        1171458 nvme1n1 WM   1756762616 4096      0.140
21:43:26.370 kworker        1171458 nvme1n1 WM   1756766176 4096      0.140
21:43:26.370 kworker        1171458 nvme1n1 WM   1756766696 4096      0.146
21:43:26.370 kworker        1171458 nvme1n1 WM   1756768112 4096      0.151
21:43:26.370 kworker        1171458 nvme1n1 WM   1756772328 4096      0.154
21:43:26.370 kworker        1171458 nvme1n1 WM   1756773960 4096      0.155
21:43:26.370 kworker        1171458 nvme1n1 WM   1756773976 8192      0.159
21:43:26.370 kworker        1171458 nvme1n1 WM   1756776440 4096      0.165
21:43:26.370 kworker        1171458 nvme1n1 WM   1756778104 4096      0.166
21:43:26.370 kworker        1171458 nvme1n1 WM   1756791792 4096      0.166
21:43:26.370 kworker        1171458 nvme1n1 WM   1756754912 12288     0.181
21:43:26.370 kworker        1171458 nvme1n1 WM   1756772296 12288     0.183
21:43:26.370 kworker        1171458 nvme1n1 W    579990816  53248     0.213
21:43:26.370 kworker        1171458 nvme1n1 W    1520301808 131072    0.297
21:43:26.370 kworker        1171458 nvme1n1 W    1520302064 61440     0.336
21:43:26.370 kworker        1171458 nvme1n1 W    579990920  32768     0.357
21:43:26.370 kworker        1171458 nvme1n1 W    1520303104 131072    0.438
21:43:26.370 kworker        1171458 nvme1n1 W    1520303360 90112     0.490
21:43:26.370 kworker        1171458 nvme1n1 W    1733381480 77824     0.539
21:43:26.370 kworker        1171458 nvme1n1 W    579990984  40960     0.563
21:43:26.370 kworker        1171458 nvme1n1 W    1520316416 131072    0.641
21:43:26.370 kworker        1171458 nvme1n1 W    1520316672 114688    0.713
21:43:26.370 kworker        1171458 nvme1n1 W    1520318432 131072    0.795
21:43:26.370 kworker        1171458 nvme1n1 W    1520318688 77824     0.841
21:43:26.370 kworker        1171458 nvme1n1 W    1520318840 131072    0.922
21:43:26.371 kworker        1171458 nvme1n1 W    1520319096 77824     0.970
21:43:26.594 nvme           1178373 Unknown N    -1         512       0.029
21:43:27.596 nvme           1178377 Unknown N    -1         512       0.029
21:43:28.582 amoprof        1047622 nvme1n1 W    1689492608 4096      0.059
