TIMESTAMP    COMM           PID     DISK    T    SECTOR     BYTES   LAT(ms)
00:28:40.271 nvme           1462116 Unknown N    -1         512       0.043
00:28:40.667 VLLM::W        1046589 nvme1n1 RS   575737856  131072    0.284
00:28:40.667 VLLM::W        1046589 nvme1n1 RS   575738112  131072    0.292
00:28:40.667 VLLM::W        1046589 nvme1n1 RS   575738368  131072    0.309
00:28:40.667 VLLM::W        1046589 nvme1n1 RS   575738624  131072    0.319
00:28:40.668 VLLM::W        1046589 nvme1n1 RS   575738880  131072    0.368
00:28:40.668 VLLM::W        1046587 nvme1n1 RS   1565474816 131072    0.453
00:28:40.668 VLLM::W        1046587 nvme1n1 RS   1565475072 131072    0.459
00:28:40.668 VLLM::W        1046586 nvme1n1 RS   1565462784 131072    0.513
00:28:40.668 VLLM::W        1046586 nvme1n1 RS   1565462528 131072    0.546
00:28:40.668 VLLM::W        1046588 nvme1n1 RS   1565323520 131072    0.612
00:28:40.668 VLLM::W        1046588 nvme1n1 RS   1565323264 131072    0.629
00:28:40.668 VLLM::W        1046586 nvme1n1 RS   1565463040 131072    0.691
00:28:40.668 VLLM::W        1046586 nvme1n1 RS   1565463296 131072    0.723
00:28:40.668 VLLM::W        1046586 nvme1n1 RS   1565463552 131072    0.731
00:28:40.668 VLLM::W        1046586 nvme1n1 RS   1565463808 131072    0.783
00:28:40.668 VLLM::W        1046586 nvme1n1 RS   1565464064 131072    0.798
00:28:40.668 VLLM::W        1046587 nvme1n1 RS   1565475328 131072    0.843
00:28:40.668 VLLM::W        1046587 nvme1n1 RS   1565475584 131072    0.886
00:28:40.668 VLLM::W        1046587 nvme1n1 RS   1565475840 131072    0.916
00:28:40.668 VLLM::W        1046587 nvme1n1 RS   1565476096 131072    0.973
00:28:40.668 VLLM::W        1046587 nvme1n1 RS   1565476352 131072    0.982
00:28:40.668 VLLM::W        1046589 nvme1n1 RS   575739136  131072    1.059
00:28:40.668 VLLM::W        1046589 nvme1n1 RS   575739392  131072    1.067
00:28:40.668 VLLM::W        1046588 nvme1n1 RS   1565324288 131072    1.213
00:28:40.668 VLLM::W        1046588 nvme1n1 RS   1565324544 131072    1.228
00:28:40.668 VLLM::W        1046588 nvme1n1 RS   1565323776 131072    1.254
00:28:40.668 VLLM::W        1046588 nvme1n1 RS   1565324032 131072    1.264
00:28:40.669 VLLM::W        1046589 nvme1n1 RS   575739648  131072    1.275
00:28:40.669 VLLM::W        1046589 nvme1n1 RS   575739904  131072    1.298
00:28:40.669 VLLM::W        1046588 nvme1n1 RS   1565324800 131072    1.348
00:28:40.669 VLLM::W        1046589 nvme1n1 RS   575740672  131072    1.352
00:28:40.669 VLLM::W        1046589 nvme1n1 RS   575740928  131072    1.392
00:28:40.669 VLLM::W        1046589 nvme1n1 RS   575740160  131072    1.412
00:28:40.669 VLLM::W        1046587 nvme1n1 RS   1565476608 131072    1.494
00:28:40.669 VLLM::W        1046589 nvme1n1 RS   575740416  131072    1.505
00:28:40.669 VLLM::W        1046589 nvme1n1 RS   575741184  131072    1.549
00:28:40.669 VLLM::W        1046589 nvme1n1 RS   575741440  131072    1.560
00:28:40.669 VLLM::W        1046587 nvme1n1 RS   1565477376 131072    1.627
00:28:40.669 VLLM::W        1046587 nvme1n1 RS   1565477632 131072    1.642
00:28:40.669 VLLM::W        1046587 nvme1n1 RS   1565476864 131072    1.678
00:28:40.669 VLLM::W        1046587 nvme1n1 RS   1565477120 131072    1.683
00:28:40.669 VLLM::W        1046586 nvme1n1 RS   1565464320 131072    1.764
00:28:40.669 VLLM::W        1046586 nvme1n1 RS   1565464576 131072    1.785
00:28:40.669 VLLM::W        1046586 nvme1n1 RS   1565464832 131072    1.796
00:28:40.669 VLLM::W        1046586 nvme1n1 RS   1565465088 131072    1.806
00:28:40.669 VLLM::W        1046586 nvme1n1 RS   1565465344 131072    1.864
00:28:40.669 VLLM::W        1046588 nvme1n1 RS   1565325056 131072    1.908
00:28:40.669 VLLM::W        1046588 nvme1n1 RS   1565325824 131072    1.978
00:28:40.669 VLLM::W        1046588 nvme1n1 RS   1565325312 131072    2.028
00:28:40.669 VLLM::W        1046588 nvme1n1 RS   1565325568 131072    2.040
00:28:40.669 VLLM::W        1046588 nvme1n1 RS   1565326080 131072    2.046
00:28:40.669 VLLM::W        1046588 nvme1n1 RS   1565326336 131072    2.108
00:28:40.669 VLLM::W        1046588 nvme1n1 RS   1565326592 131072    2.124
00:28:40.669 VLLM::W        1046588 nvme1n1 RS   1565326848 131072    2.129
00:28:40.669 VLLM::W        1046588 nvme1n1 RS   1565327104 131072    2.139
00:28:40.669 VLLM::W        1046588 nvme1n1 RS   1565458432 131072    2.229
00:28:40.670 VLLM::W        1046588 nvme1n1 RS   1565458688 131072    2.247
00:28:40.670 VLLM::W        1046587 nvme1n1 RS   1565477888 131072    2.312
00:28:40.670 VLLM::W        1046587 nvme1n1 RS   1565478144 131072    2.322
00:28:40.670 VLLM::W        1046587 nvme1n1 RS   1565478400 131072    2.369
00:28:40.670 VLLM::W        1046587 nvme1n1 RS   1565478656 131072    2.357
00:28:40.670 VLLM::W        1046587 nvme1n1 RS   1565495296 131072    2.413
00:28:40.670 VLLM::W        1046587 nvme1n1 RS   1565495552 131072    2.425
00:28:40.670 VLLM::W        1046586 nvme1n1 RS   1565465600 131072    2.565
00:28:40.670 VLLM::W        1046586 nvme1n1 RS   1565465856 131072    2.576
00:28:40.670 VLLM::W        1046586 nvme1n1 RS   1565466112 131072    2.589
00:28:40.670 VLLM::W        1046586 nvme1n1 RS   1565483008 131072    2.636
00:28:40.670 VLLM::W        1046586 nvme1n1 RS   1565466368 131072    2.655
00:28:40.670 VLLM::W        1046586 nvme1n1 RS   1565483264 131072    2.662
00:28:40.670 VLLM::W        1046589 nvme1n1 RS   575741696  131072    2.803
00:28:40.670 VLLM::W        1046589 nvme1n1 RS   575741952  131072    2.817
00:28:40.670 VLLM::W        1046589 nvme1n1 RS   575742208  131072    2.814
00:28:40.670 VLLM::W        1046588 nvme1n1 RS   731176960  131072    0.347
00:28:40.670 VLLM::W        1046588 nvme1n1 RS   731177216  131072    0.356
00:28:40.670 VLLM::W        1046588 nvme1n1 RS   731177472  131072    0.434
00:28:40.670 VLLM::W        1046588 nvme1n1 RS   731177728  131072    0.445
00:28:40.670 VLLM::W        1046588 nvme1n1 RS   731177984  131072    0.502
00:28:40.670 VLLM::W        1046588 nvme1n1 RS   731178240  131072    0.525
00:28:40.670 VLLM::W        1046588 nvme1n1 RS   731178496  131072    0.530
00:28:40.670 VLLM::W        1046588 nvme1n1 RS   731178752  131072    0.530
00:28:40.670 VLLM::W        1046588 nvme1n1 RS   731179008  131072    0.570
00:28:40.670 VLLM::W        1046588 nvme1n1 RS   731179264  131072    0.632
00:28:40.670 VLLM::W        1046588 nvme1n1 RS   731179520  131072    0.646
00:28:40.670 VLLM::W        1046588 nvme1n1 RS   731179776  131072    0.654
00:28:40.671 VLLM::W        1046588 nvme1n1 RS   731180288  131072    0.714
00:28:40.671 VLLM::W        1046588 nvme1n1 RS   731180032  131072    0.735
00:28:40.671 VLLM::W        1046588 nvme1n1 RS   731180544  131072    0.737
00:28:40.671 VLLM::W        1046588 nvme1n1 RS   731250688  131072    0.800
00:28:40.671 VLLM::W        1046588 nvme1n1 RS   731180800  131072    0.829
00:28:40.671 VLLM::W        1046588 nvme1n1 RS   731250944  131072    0.837
00:28:40.671 VLLM::W        1046587 nvme1n1 RS   1565499392 131072    0.882
00:28:40.671 VLLM::W        1046587 nvme1n1 RS   1565499648 131072    0.889
00:28:40.671 VLLM::W        1046587 nvme1n1 RS   1565499904 131072    0.937
00:28:40.671 VLLM::W        1046587 nvme1n1 RS   1565500160 131072    0.947
00:28:40.671 VLLM::W        1046587 nvme1n1 RS   1565500416 131072    1.005
00:28:40.671 VLLM::W        1046587 nvme1n1 RS   1565500672 131072    1.077
00:28:40.671 VLLM::W        1046587 nvme1n1 RS   1565500928 131072    1.082
00:28:40.671 VLLM::W        1046587 nvme1n1 RS   1565501696 131072    1.109
00:28:40.671 VLLM::W        1046587 nvme1n1 RS   1565501952 131072    1.165
00:28:40.671 VLLM::W        1046587 nvme1n1 RS   1565501184 131072    1.189
00:28:40.671 VLLM::W        1046587 nvme1n1 RS   1565502464 131072    1.208
00:28:40.671 VLLM::W        1046587 nvme1n1 RS   1565501440 131072    1.251
00:28:40.671 VLLM::W        1046587 nvme1n1 RS   1565502208 131072    1.240
00:28:40.671 VLLM::W        1046587 nvme1n1 RS   1565502976 131072    1.261
00:28:40.671 VLLM::W        1046587 nvme1n1 RS   1565503232 131072    1.284
00:28:40.671 VLLM::W        1046587 nvme1n1 RS   1565511680 131072    1.361
00:28:40.671 VLLM::W        1046587 nvme1n1 RS   1565502720 131072    1.402
00:28:40.671 VLLM::W        1046586 nvme1n1 RS   844926976  131072    1.317
00:28:40.671 VLLM::W        1046586 nvme1n1 RS   844927488  131072    1.356
00:28:40.672 VLLM::W        1046587 nvme1n1 RS   1565511936 131072    1.510
00:28:40.672 VLLM::W        1046586 nvme1n1 RS   844927744  131072    1.382
00:28:40.672 VLLM::W        1046586 nvme1n1 RS   844928000  131072    1.414
00:28:40.672 VLLM::W        1046586 nvme1n1 RS   844928256  131072    1.451
00:28:40.672 VLLM::W        1046586 nvme1n1 RS   844927232  131072    1.485
00:28:40.672 VLLM::W        1046586 nvme1n1 RS   844928512  131072    1.482
00:28:40.672 VLLM::W        1046586 nvme1n1 RS   844929024  131072    1.515
00:28:40.672 VLLM::W        1046586 nvme1n1 RS   844928768  131072    1.525
00:28:40.672 VLLM::W        1046586 nvme1n1 RS   844929280  131072    1.573
00:28:40.672 VLLM::W        1046586 nvme1n1 RS   844929536  131072    1.598
00:28:40.672 VLLM::W        1046586 nvme1n1 RS   844929792  131072    1.604
00:28:40.672 VLLM::W        1046586 nvme1n1 RS   844930048  131072    1.641
00:28:40.672 VLLM::W        1046586 nvme1n1 RS   844930304  131072    1.678
00:28:40.672 VLLM::W        1046586 nvme1n1 RS   844930816  131072    1.713
00:28:40.672 VLLM::W        1046586 nvme1n1 RS   844930560  131072    1.738
00:28:40.672 VLLM::W        1046586 nvme1n1 RS   844931072  131072    1.749
00:28:40.672 VLLM::W        1046589 nvme1n1 RS   1565519872 131072    1.795
00:28:40.672 VLLM::W        1046586 nvme1n1 RS   844931328  131072    1.842
00:28:40.672 VLLM::W        1046589 nvme1n1 RS   1565520384 131072    1.843
00:28:40.672 VLLM::W        1046589 nvme1n1 RS   1565520640 131072    1.873
00:28:40.672 VLLM::W        1046589 nvme1n1 RS   1565520128 131072    1.918
00:28:40.672 VLLM::W        1046589 nvme1n1 RS   1565520896 131072    1.921
00:28:40.672 VLLM::W        1046589 nvme1n1 RS   1565521408 131072    1.996
00:28:40.672 VLLM::W        1046589 nvme1n1 RS   1565521664 131072    1.968
00:28:40.672 VLLM::W        1046589 nvme1n1 RS   1565521152 131072    2.047
00:28:40.672 VLLM::W        1046589 nvme1n1 RS   1565522176 131072    2.041
00:28:40.672 VLLM::W        1046589 nvme1n1 RS   1565521920 131072    2.065
00:28:40.672 VLLM::W        1046589 nvme1n1 RS   1565522432 131072    2.071
00:28:40.672 VLLM::W        1046589 nvme1n1 RS   1565522688 131072    2.100
00:28:40.672 VLLM::W        1046589 nvme1n1 RS   1565522944 131072    2.128
00:28:40.673 VLLM::W        1046589 nvme1n1 RS   1565523200 131072    2.174
00:28:40.673 VLLM::W        1046589 nvme1n1 RS   1565523456 131072    2.235
00:28:40.673 VLLM::W        1046589 nvme1n1 RS   1565523712 131072    2.232
00:28:40.673 VLLM::W        1046589 nvme1n1 RS   1565536256 131072    2.259
00:28:40.673 VLLM::W        1046589 nvme1n1 RS   1565536512 131072    2.287
00:28:40.673 VLLM::W        1046588 nvme1n1 RS   731181312  131072    1.888
00:28:40.673 VLLM::W        1046588 nvme1n1 RS   731181056  131072    1.911
00:28:40.673 VLLM::W        1046588 nvme1n1 RS   731181568  131072    1.930
00:28:40.673 VLLM::W        1046588 nvme1n1 RS   731181824  131072    1.941
00:28:40.673 VLLM::W        1046588 nvme1n1 RS   731182080  131072    2.023
00:28:40.673 VLLM::W        1046588 nvme1n1 RS   731182336  131072    2.046
00:28:40.673 VLLM::W        1046588 nvme1n1 RS   731182592  131072    2.061
00:28:40.673 VLLM::W        1046588 nvme1n1 RS   731182848  131072    2.049
00:28:40.673 VLLM::W        1046588 nvme1n1 RS   731183104  131072    2.059
00:28:40.673 VLLM::W        1046588 nvme1n1 RS   731183360  131072    2.148
00:28:40.673 VLLM::W        1046588 nvme1n1 RS   731183616  131072    2.167
00:28:40.673 VLLM::W        1046588 nvme1n1 RS   731183872  131072    2.170
00:28:40.673 VLLM::W        1046588 nvme1n1 RS   731184128  131072    2.195
00:28:40.673 VLLM::W        1046588 nvme1n1 RS   731184384  131072    2.225
00:28:40.673 VLLM::W        1046588 nvme1n1 RS   731184640  131072    2.251
00:28:40.673 VLLM::W        1046588 nvme1n1 RS   731184896  131072    2.273
00:28:40.673 VLLM::W        1046588 nvme1n1 RS   1565470720 131072    2.336
00:28:40.673 VLLM::W        1046588 nvme1n1 RS   1565470976 131072    2.347
00:28:40.673 VLLM::W        1046587 nvme1n1 RS   844935168  131072    1.763
00:28:40.673 VLLM::W        1046587 nvme1n1 RS   844935424  131072    1.786
00:28:40.673 VLLM::W        1046587 nvme1n1 RS   844935680  131072    1.813
00:28:40.674 VLLM::W        1046587 nvme1n1 RS   844935936  131072    1.841
00:28:40.674 VLLM::W        1046587 nvme1n1 RS   844936192  131072    1.877
00:28:40.674 VLLM::W        1046587 nvme1n1 RS   844936448  131072    1.933
00:28:40.674 VLLM::W        1046587 nvme1n1 RS   844936704  131072    1.944
00:28:40.674 VLLM::W        1046587 nvme1n1 RS   844936960  131072    1.929
00:28:40.674 VLLM::W        1046587 nvme1n1 RS   844937216  131072    1.971
00:28:40.674 VLLM::W        1046587 nvme1n1 RS   844937472  131072    2.003
00:28:40.674 VLLM::W        1046587 nvme1n1 RS   844937728  131072    2.053
00:28:40.674 VLLM::W        1046587 nvme1n1 RS   844937984  131072    2.063
00:28:40.674 VLLM::W        1046587 nvme1n1 RS   844938240  131072    2.089
00:28:40.674 VLLM::W        1046587 nvme1n1 RS   844938496  131072    2.131
00:28:40.674 VLLM::W        1046587 nvme1n1 RS   844938752  131072    2.161
00:28:40.674 VLLM::W        1046587 nvme1n1 RS   844939008  131072    2.184
00:28:40.674 VLLM::W        1046587 nvme1n1 RS   844939264  131072    2.215
00:28:40.674 VLLM::W        1046587 nvme1n1 RS   844939520  131072    2.254
00:28:40.674 VLLM::W        1046586 nvme1n1 RS   1565466880 131072    1.920
00:28:40.674 VLLM::W        1046586 nvme1n1 RS   1565466624 131072    1.928
00:28:40.674 VLLM::W        1046586 nvme1n1 RS   1565467136 131072    1.921
00:28:40.674 VLLM::W        1046586 nvme1n1 RS   1565467392 131072    1.968
00:28:40.674 VLLM::W        1046586 nvme1n1 RS   1565467648 131072    1.978
00:28:40.674 VLLM::W        1046586 nvme1n1 RS   1565467904 131072    2.025
00:28:40.674 VLLM::W        1046586 nvme1n1 RS   1565468160 131072    2.033
00:28:40.674 VLLM::W        1046586 nvme1n1 RS   1565468416 131072    2.040
00:28:40.674 VLLM::W        1046586 nvme1n1 RS   1565468672 131072    2.052
00:28:40.674 VLLM::W        1046586 nvme1n1 RS   1565468928 131072    2.083
00:28:40.674 VLLM::W        1046586 nvme1n1 RS   1565469184 131072    2.117
00:28:40.674 VLLM::W        1046586 nvme1n1 RS   1565469440 131072    2.147
00:28:40.675 VLLM::W        1046586 nvme1n1 RS   1565469696 131072    2.183
00:28:40.675 VLLM::W        1046586 nvme1n1 RS   1565469952 131072    2.213
00:28:40.675 VLLM::W        1046586 nvme1n1 RS   1565470208 131072    2.247
00:28:40.675 VLLM::W        1046586 nvme1n1 RS   1565470464 131072    2.274
00:28:40.675 VLLM::W        1046586 nvme1n1 RS   1565487104 131072    2.306
00:28:40.675 VLLM::W        1046586 nvme1n1 RS   1565487360 131072    2.335
00:28:40.675 VLLM::W        1046589 nvme1n1 RS   1581850624 131072    1.939
00:28:40.675 VLLM::W        1046589 nvme1n1 RS   1581850880 131072    2.017
00:28:40.675 VLLM::W        1046589 nvme1n1 RS   1581851392 131072    2.030
00:28:40.675 VLLM::W        1046589 nvme1n1 RS   1581851136 131072    2.054
00:28:40.675 VLLM::W        1046589 nvme1n1 RS   1581851648 131072    2.075
00:28:40.675 VLLM::W        1046589 nvme1n1 RS   1581851904 131072    2.095
00:28:40.675 VLLM::W        1046589 nvme1n1 RS   1581852160 131072    2.112
00:28:40.675 VLLM::W        1046589 nvme1n1 RS   1581852416 131072    2.103
00:28:40.675 VLLM::W        1046589 nvme1n1 RS   1581852672 131072    2.131
00:28:40.675 VLLM::W        1046589 nvme1n1 RS   1581852928 131072    2.160
00:28:40.675 VLLM::W        1046589 nvme1n1 RS   1581853184 131072    2.186
00:28:40.675 VLLM::W        1046589 nvme1n1 RS   1581853440 131072    2.220
00:28:40.675 VLLM::W        1046589 nvme1n1 RS   1581853696 131072    2.264
00:28:40.675 VLLM::W        1046589 nvme1n1 RS   1581853952 131072    2.296
00:28:40.675 VLLM::W        1046589 nvme1n1 RS   1581854208 131072    2.321
00:28:40.675 VLLM::W        1046589 nvme1n1 RS   1581854464 131072    2.339
00:28:40.675 VLLM::W        1046589 nvme1n1 RS   1581854720 131072    2.376
00:28:40.675 VLLM::W        1046589 nvme1n1 RS   1581854976 131072    2.406
00:28:40.675 VLLM::W        1046588 nvme1n1 RS   1565515776 131072    1.860
00:28:40.675 VLLM::W        1046588 nvme1n1 RS   1565516032 131072    1.883
00:28:40.675 VLLM::W        1046588 nvme1n1 RS   1565516288 131072    1.917
00:28:40.676 VLLM::W        1046588 nvme1n1 RS   1565516544 131072    1.959
00:28:40.676 VLLM::W        1046588 nvme1n1 RS   1565516800 131072    2.008
00:28:40.676 VLLM::W        1046588 nvme1n1 RS   1565517056 131072    2.022
00:28:40.676 VLLM::W        1046588 nvme1n1 RS   1565517312 131072    2.072
00:28:40.676 VLLM::W        1046588 nvme1n1 RS   1565517568 131072    2.054
00:28:40.676 VLLM::W        1046588 nvme1n1 RS   1565517824 131072    2.066
00:28:40.676 VLLM::W        1046588 nvme1n1 RS   1565518080 131072    2.100
00:28:40.676 VLLM::W        1046588 nvme1n1 RS   1565518336 131072    2.110
00:28:40.676 VLLM::W        1046588 nvme1n1 RS   1565518592 131072    2.147
00:28:40.676 VLLM::W        1046588 nvme1n1 RS   1565518848 131072    2.185
00:28:40.676 VLLM::W        1046588 nvme1n1 RS   1565519104 131072    2.218
00:28:40.676 VLLM::W        1046588 nvme1n1 RS   1565519360 131072    2.245
00:28:40.676 VLLM::W        1046588 nvme1n1 RS   1565519616 131072    2.306
00:28:40.676 VLLM::W        1046588 nvme1n1 RS   1565523968 131072    2.328
00:28:40.676 VLLM::W        1046588 nvme1n1 RS   1565524224 131072    2.334
00:28:40.676 VLLM::W        1046587 nvme1n1 RS   1565503488 131072    1.968
00:28:40.676 VLLM::W        1046587 nvme1n1 RS   1565503744 131072    1.978
00:28:40.676 VLLM::W        1046587 nvme1n1 RS   1565504000 131072    1.988
00:28:40.676 VLLM::W        1046587 nvme1n1 RS   1565504256 131072    2.031
00:28:40.676 VLLM::W        1046587 nvme1n1 RS   1565504512 131072    2.045
00:28:40.676 VLLM::W        1046587 nvme1n1 RS   1565504768 131072    2.085
00:28:40.676 VLLM::W        1046587 nvme1n1 RS   1565505024 131072    2.145
00:28:40.676 VLLM::W        1046587 nvme1n1 RS   1565505280 131072    2.117
00:28:40.676 VLLM::W        1046587 nvme1n1 RS   1565505536 131072    2.148
00:28:40.676 VLLM::W        1046587 nvme1n1 RS   1565505792 131072    2.177
00:28:40.676 VLLM::W        1046587 nvme1n1 RS   1565506048 131072    2.243
00:28:40.676 VLLM::W        1046587 nvme1n1 RS   1565506304 131072    2.255
00:28:40.677 VLLM::W        1046587 nvme1n1 RS   1565506560 131072    2.265
00:28:40.677 VLLM::W        1046587 nvme1n1 RS   1565506816 131072    2.295
00:28:40.677 VLLM::W        1046587 nvme1n1 RS   1565507072 131072    2.327
00:28:40.677 VLLM::W        1046587 nvme1n1 RS   1565507328 131072    2.400
00:28:40.677 VLLM::W        1046587 nvme1n1 RS   1565507584 131072    2.410
00:28:40.677 VLLM::W        1046587 nvme1n1 RS   1565507840 131072    2.469
00:28:40.677 VLLM::W        1046586 nvme1n1 RS   1565479168 131072    1.973
00:28:40.677 VLLM::W        1046586 nvme1n1 RS   1565479424 131072    1.973
00:28:40.677 VLLM::W        1046586 nvme1n1 RS   1565478912 131072    1.982
00:28:40.677 VLLM::W        1046586 nvme1n1 RS   1565479680 131072    2.031
00:28:40.677 VLLM::W        1046586 nvme1n1 RS   1565479936 131072    2.053
00:28:40.677 VLLM::W        1046586 nvme1n1 RS   1565480192 131072    2.059
00:28:40.677 VLLM::W        1046586 nvme1n1 RS   1565480448 131072    2.064
00:28:40.677 VLLM::W        1046586 nvme1n1 RS   1565480704 131072    2.079
00:28:40.677 VLLM::W        1046586 nvme1n1 RS   1565481216 131072    2.113
00:28:40.677 VLLM::W        1046586 nvme1n1 RS   1565480960 131072    2.139
00:28:40.677 VLLM::W        1046586 nvme1n1 RS   1565481472 131072    2.129
00:28:40.677 VLLM::W        1046586 nvme1n1 RS   1565481728 131072    2.164
00:28:40.677 VLLM::W        1046586 nvme1n1 RS   1565482240 131072    2.216
00:28:40.677 VLLM::W        1046586 nvme1n1 RS   1565481984 131072    2.260
00:28:40.677 VLLM::W        1046586 nvme1n1 RS   1565482496 131072    2.267
00:28:40.677 VLLM::W        1046586 nvme1n1 RS   1565482752 131072    2.281
00:28:40.677 VLLM::W        1046586 nvme1n1 RS   1565491200 131072    2.312
00:28:40.677 VLLM::W        1046586 nvme1n1 RS   1565491456 131072    2.353
00:28:40.677 VLLM::W        1046589 nvme1n1 RS   1685999616 131072    1.909
00:28:40.677 VLLM::W        1046589 nvme1n1 RS   1685999872 131072    1.908
00:28:40.677 VLLM::W        1046589 nvme1n1 RS   1686000128 131072    1.915
00:28:40.677 VLLM::W        1046589 nvme1n1 RS   1686000384 131072    1.955
00:28:40.678 VLLM::W        1046589 nvme1n1 RS   1686000640 131072    1.991
00:28:40.678 VLLM::W        1046589 nvme1n1 RS   1686000896 131072    2.043
00:28:40.678 VLLM::W        1046589 nvme1n1 RS   1686001152 131072    2.053
00:28:40.678 VLLM::W        1046589 nvme1n1 RS   1686001408 131072    2.074
00:28:40.678 VLLM::W        1046589 nvme1n1 RS   1686001664 131072    2.085
00:28:40.678 VLLM::W        1046589 nvme1n1 RS   1686001920 131072    2.107
00:28:40.678 VLLM::W        1046589 nvme1n1 RS   1686002176 131072    2.133
00:28:40.678 VLLM::W        1046589 nvme1n1 RS   1686002432 131072    2.175
00:28:40.678 VLLM::W        1046589 nvme1n1 RS   1686002688 131072    2.205
00:28:40.678 VLLM::W        1046589 nvme1n1 RS   1686002944 131072    2.231
00:28:40.678 VLLM::W        1046589 nvme1n1 RS   1686003200 131072    2.265
00:28:40.678 VLLM::W        1046589 nvme1n1 RS   1686003456 131072    2.288
00:28:40.678 VLLM::W        1046589 nvme1n1 RS   1686003712 131072    2.315
00:28:40.678 VLLM::W        1046589 nvme1n1 RS   1686003968 131072    2.356
00:28:40.678 VLLM::W        1046588 nvme1n1 RS   1593503744 131072    1.899
00:28:40.678 VLLM::W        1046588 nvme1n1 RS   1593504000 131072    1.906
00:28:40.678 VLLM::W        1046588 nvme1n1 RS   1593504512 131072    1.957
00:28:40.678 VLLM::W        1046588 nvme1n1 RS   1593504256 131072    1.988
00:28:40.678 VLLM::W        1046588 nvme1n1 RS   1593504768 131072    1.987
00:28:40.678 VLLM::W        1046588 nvme1n1 RS   1593505024 131072    2.028
00:28:40.678 VLLM::W        1046588 nvme1n1 RS   1593505280 131072    2.094
00:28:40.678 VLLM::W        1046588 nvme1n1 RS   1593505536 131072    2.069
00:28:40.678 VLLM::W        1046588 nvme1n1 RS   1593505792 131072    2.089
00:28:40.678 VLLM::W        1046588 nvme1n1 RS   1593506048 131072    2.093
00:28:40.678 VLLM::W        1046588 nvme1n1 RS   1593506560 131072    2.162
00:28:40.678 VLLM::W        1046588 nvme1n1 RS   1593506304 131072    2.187
00:28:40.678 VLLM::W        1046588 nvme1n1 RS   1593506816 131072    2.195
00:28:40.679 VLLM::W        1046588 nvme1n1 RS   1593507072 131072    2.223
00:28:40.679 VLLM::W        1046588 nvme1n1 RS   1593507328 131072    2.252
00:28:40.679 VLLM::W        1046588 nvme1n1 RS   1593511936 131072    2.321
00:28:40.679 VLLM::W        1046588 nvme1n1 RS   1593507584 131072    2.338
00:28:40.679 VLLM::W        1046587 nvme1n1 RS   1593487360 131072    1.840
00:28:40.679 VLLM::W        1046588 nvme1n1 RS   1593512192 131072    2.403
00:28:40.679 VLLM::W        1046587 nvme1n1 RS   1593487872 131072    1.909
00:28:40.679 VLLM::W        1046587 nvme1n1 RS   1593487616 131072    1.939
00:28:40.679 VLLM::W        1046587 nvme1n1 RS   1593488128 131072    1.947
00:28:40.679 VLLM::W        1046587 nvme1n1 RS   1593488384 131072    1.980
00:28:40.679 VLLM::W        1046587 nvme1n1 RS   1593488640 131072    2.012
00:28:40.679 VLLM::W        1046587 nvme1n1 RS   1593488896 131072    2.065
00:28:40.679 VLLM::W        1046587 nvme1n1 RS   1593489152 131072    2.033
00:28:40.679 VLLM::W        1046587 nvme1n1 RS   1593489408 131072    2.083
00:28:40.679 VLLM::W        1046587 nvme1n1 RS   1593489664 131072    2.104
00:28:40.679 VLLM::W        1046587 nvme1n1 RS   1593489920 131072    2.146
00:28:40.679 VLLM::W        1046587 nvme1n1 RS   1593490176 131072    2.144
00:28:40.679 VLLM::W        1046587 nvme1n1 RS   1593490432 131072    2.179
00:28:40.679 VLLM::W        1046587 nvme1n1 RS   1593490688 131072    2.222
00:28:40.679 VLLM::W        1046587 nvme1n1 RS   1593490944 131072    2.269
00:28:40.679 VLLM::W        1046587 nvme1n1 RS   1593491200 131072    2.269
00:28:40.679 VLLM::W        1046587 nvme1n1 RS   1593491456 131072    2.299
00:28:40.679 VLLM::W        1046587 nvme1n1 RS   1593491712 131072    2.369
00:28:40.679 VLLM::W        1046586 nvme1n1 RS   1593520128 131072    1.839
00:28:40.679 VLLM::W        1046586 nvme1n1 RS   1593520384 131072    1.867
00:28:40.679 VLLM::W        1046586 nvme1n1 RS   1593520640 131072    1.907
00:28:40.679 VLLM::W        1046586 nvme1n1 RS   1593520896 131072    1.943
00:28:40.680 VLLM::W        1046586 nvme1n1 RS   1593521152 131072    1.998
00:28:40.680 VLLM::W        1046586 nvme1n1 RS   1593521408 131072    2.009
00:28:40.680 VLLM::W        1046586 nvme1n1 RS   1593521664 131072    2.039
00:28:40.680 VLLM::W        1046586 nvme1n1 RS   1593521920 131072    2.039
00:28:40.680 VLLM::W        1046586 nvme1n1 RS   1593522176 131072    2.077
00:28:40.680 VLLM::W        1046586 nvme1n1 RS   1593522432 131072    2.087
00:28:40.680 VLLM::W        1046586 nvme1n1 RS   1593522688 131072    2.151
00:28:40.680 VLLM::W        1046586 nvme1n1 RS   1593522944 131072    2.161
00:28:40.680 VLLM::W        1046586 nvme1n1 RS   1593523200 131072    2.191
00:28:40.680 VLLM::W        1046586 nvme1n1 RS   1593523456 131072    2.219
00:28:40.680 VLLM::W        1046586 nvme1n1 RS   1593523712 131072    2.257
00:28:40.680 VLLM::W        1046586 nvme1n1 RS   1593523968 131072    2.270
00:28:40.680 VLLM::W        1046586 nvme1n1 RS   1593524224 131072    2.310
00:28:40.680 VLLM::W        1046586 nvme1n1 RS   1593524480 131072    2.339
00:28:40.680 VLLM::W        1046589 nvme1n1 RS   1593495552 131072    1.838
00:28:40.680 VLLM::W        1046589 nvme1n1 RS   1593495808 131072    1.866
00:28:40.680 VLLM::W        1046589 nvme1n1 RS   1593496064 131072    1.901
00:28:40.680 VLLM::W        1046589 nvme1n1 RS   1593496320 131072    1.931
00:28:40.680 VLLM::W        1046589 nvme1n1 RS   1593496576 131072    1.983
00:28:40.680 VLLM::W        1046589 nvme1n1 RS   1593496832 131072    2.029
00:28:40.680 VLLM::W        1046589 nvme1n1 RS   1593497088 131072    2.040
00:28:40.680 VLLM::W        1046589 nvme1n1 RS   1593497344 131072    2.055
00:28:40.680 VLLM::W        1046589 nvme1n1 RS   1593497600 131072    2.066
00:28:40.680 VLLM::W        1046589 nvme1n1 RS   1593497856 131072    2.093
00:28:40.680 VLLM::W        1046589 nvme1n1 RS   1593498112 131072    2.124
00:28:40.680 VLLM::W        1046589 nvme1n1 RS   1593498368 131072    2.167
00:28:40.680 VLLM::W        1046589 nvme1n1 RS   1593498624 131072    2.200
00:28:40.681 VLLM::W        1046589 nvme1n1 RS   1593498880 131072    2.227
00:28:40.681 VLLM::W        1046589 nvme1n1 RS   1593499136 131072    2.265
00:28:40.681 VLLM::W        1046589 nvme1n1 RS   1593499392 131072    2.281
00:28:40.681 VLLM::W        1046589 nvme1n1 RS   1593499648 131072    2.309
00:28:40.681 VLLM::W        1046589 nvme1n1 RS   1593499904 131072    2.345
00:28:40.681 VLLM::W        1046588 nvme1n1 RS   1593765888 131072    1.796
00:28:40.681 VLLM::W        1046588 nvme1n1 RS   1593766400 131072    1.868
00:28:40.681 VLLM::W        1046588 nvme1n1 RS   1593766144 131072    1.949
00:28:40.681 VLLM::W        1046588 nvme1n1 RS   1593766912 131072    1.948
00:28:40.681 VLLM::W        1046588 nvme1n1 RS   1593766656 131072    1.957
00:28:40.681 VLLM::W        1046588 nvme1n1 RS   1593767168 131072    2.007
00:28:40.681 VLLM::W        1046588 nvme1n1 RS   1593767424 131072    2.009
00:28:40.681 VLLM::W        1046588 nvme1n1 RS   1593767936 131072    2.010
00:28:40.681 VLLM::W        1046588 nvme1n1 RS   1593767680 131072    2.028
00:28:40.681 VLLM::W        1046588 nvme1n1 RS   1593768192 131072    2.038
00:28:40.681 VLLM::W        1046588 nvme1n1 RS   1593768704 131072    2.091
00:28:40.681 VLLM::W        1046588 nvme1n1 RS   1593768960 131072    2.136
00:28:40.681 VLLM::W        1046588 nvme1n1 RS   1593768448 131072    2.151
00:28:40.681 VLLM::W        1046588 nvme1n1 RS   1593769216 131072    2.225
00:28:40.681 VLLM::W        1046588 nvme1n1 RS   1593769472 131072    2.242
00:28:40.681 VLLM::W        1046588 nvme1n1 RS   1593769728 131072    2.228
00:28:40.681 VLLM::W        1046588 nvme1n1 RS   1593782528 131072    2.284
00:28:40.681 VLLM::W        1046588 nvme1n1 RS   1593782272 131072    2.338
00:28:40.681 VLLM::W        1046587 nvme1n1 RS   1594261504 131072    1.894
00:28:40.681 VLLM::W        1046587 nvme1n1 RS   1594262272 131072    1.957
00:28:40.682 VLLM::W        1046587 nvme1n1 RS   1594262528 131072    2.000
00:28:40.682 VLLM::W        1046587 nvme1n1 RS   1594261760 131072    2.030
00:28:40.682 VLLM::W        1046587 nvme1n1 RS   1594262016 131072    2.041
00:28:40.682 VLLM::W        1046587 nvme1n1 RS   1594263040 131072    2.104
00:28:40.682 VLLM::W        1046587 nvme1n1 RS   1594262784 131072    2.117
00:28:40.682 VLLM::W        1046587 nvme1n1 RS   1594263296 131072    2.082
00:28:40.682 VLLM::W        1046587 nvme1n1 RS   1594263552 131072    2.161
00:28:40.682 VLLM::W        1046587 nvme1n1 RS   1594263808 131072    2.195
00:28:40.682 VLLM::W        1046587 nvme1n1 RS   1594264064 131072    2.217
00:28:40.682 VLLM::W        1046587 nvme1n1 RS   1594264320 131072    2.222
00:28:40.682 VLLM::W        1046587 nvme1n1 RS   1594264576 131072    2.297
00:28:40.682 VLLM::W        1046587 nvme1n1 RS   1594264832 131072    2.334
00:28:40.682 VLLM::W        1046587 nvme1n1 RS   1594265088 131072    2.352
00:28:40.682 VLLM::W        1046587 nvme1n1 RS   1594265344 131072    2.353
00:28:40.682 VLLM::W        1046587 nvme1n1 RS   1594265600 131072    2.401
00:28:40.682 VLLM::W        1046587 nvme1n1 RS   1594265856 131072    2.412
00:28:40.682 VLLM::W        1046586 nvme1n1 RS   1593762048 131072    1.972
00:28:40.682 VLLM::W        1046586 nvme1n1 RS   1593762304 131072    1.973
00:28:40.682 VLLM::W        1046586 nvme1n1 RS   1593761792 131072    1.982
00:28:40.682 VLLM::W        1046586 nvme1n1 RS   1593763072 131072    2.033
00:28:40.682 VLLM::W        1046586 nvme1n1 RS   1593763328 131072    2.114
00:28:40.682 VLLM::W        1046586 nvme1n1 RS   1593762560 131072    2.141
00:28:40.682 VLLM::W        1046586 nvme1n1 RS   1593762816 131072    2.141
00:28:40.682 VLLM::W        1046586 nvme1n1 RS   1593764096 131072    2.123
00:28:40.682 VLLM::W        1046586 nvme1n1 RS   1593763584 131072    2.156
00:28:40.682 VLLM::W        1046586 nvme1n1 RS   1593763840 131072    2.167
00:28:40.682 VLLM::W        1046586 nvme1n1 RS   1593764352 131072    2.198
00:28:40.682 VLLM::W        1046586 nvme1n1 RS   1593764608 131072    2.208
00:28:40.683 VLLM::W        1046586 nvme1n1 RS   1593764864 131072    2.247
00:28:40.683 VLLM::W        1046586 nvme1n1 RS   1593765120 131072    2.298
00:28:40.683 VLLM::W        1046586 nvme1n1 RS   1593765376 131072    2.316
00:28:40.683 VLLM::W        1046586 nvme1n1 RS   1593765632 131072    2.313
00:28:40.683 VLLM::W        1046586 nvme1n1 RS   1593774080 131072    2.356
00:28:40.683 VLLM::W        1046586 nvme1n1 RS   1593774336 131072    2.362
00:28:40.683 VLLM::W        1046589 nvme1n1 RS   1594589440 131072    1.979
00:28:40.683 VLLM::W        1046589 nvme1n1 RS   1594589184 131072    1.997
00:28:40.683 VLLM::W        1046589 nvme1n1 RS   1594589696 131072    1.990
00:28:40.683 VLLM::W        1046589 nvme1n1 RS   1594590208 131072    2.024
00:28:40.683 VLLM::W        1046589 nvme1n1 RS   1594589952 131072    2.047
00:28:40.683 VLLM::W        1046589 nvme1n1 RS   1594590464 131072    2.125
00:28:40.683 VLLM::W        1046589 nvme1n1 RS   1594590720 131072    2.135
00:28:40.683 VLLM::W        1046589 nvme1n1 RS   1594590976 131072    2.119
00:28:40.683 VLLM::W        1046589 nvme1n1 RS   1594591232 131072    2.162
00:28:40.683 VLLM::W        1046589 nvme1n1 RS   1594591488 131072    2.166
00:28:40.683 VLLM::W        1046589 nvme1n1 RS   1594591744 131072    2.224
00:28:40.683 VLLM::W        1046589 nvme1n1 RS   1594592000 131072    2.228
00:28:40.683 VLLM::W        1046589 nvme1n1 RS   1594592512 131072    2.290
00:28:40.683 VLLM::W        1046589 nvme1n1 RS   1594592256 131072    2.308
00:28:40.683 VLLM::W        1046589 nvme1n1 RS   1594592768 131072    2.316
00:28:40.683 VLLM::W        1046589 nvme1n1 RS   1594593024 131072    2.379
00:28:40.683 VLLM::W        1046589 nvme1n1 RS   1594597376 131072    2.414
00:28:40.683 VLLM::W        1046589 nvme1n1 RS   1594597632 131072    2.413
00:28:40.683 VLLM::W        1046588 nvme1n1 RS   1593786368 131072    1.834
00:28:40.683 VLLM::W        1046588 nvme1n1 RS   1593786624 131072    1.855
00:28:40.683 VLLM::W        1046588 nvme1n1 RS   1593786880 131072    1.879
00:28:40.683 VLLM::W        1046588 nvme1n1 RS   1593787136 131072    1.904
00:28:40.684 VLLM::W        1046588 nvme1n1 RS   1593787392 131072    1.952
00:28:40.684 VLLM::W        1046588 nvme1n1 RS   1593787648 131072    2.005
00:28:40.684 VLLM::W        1046588 nvme1n1 RS   1593787904 131072    2.034
00:28:40.684 VLLM::W        1046588 nvme1n1 RS   1593788160 131072    1.998
00:28:40.684 VLLM::W        1046588 nvme1n1 RS   1593788416 131072    2.058
00:28:40.684 VLLM::W        1046588 nvme1n1 RS   1593788672 131072    2.065
00:28:40.684 VLLM::W        1046588 nvme1n1 RS   1593789184 131072    2.119
00:28:40.684 VLLM::W        1046588 nvme1n1 RS   1593788928 131072    2.136
00:28:40.684 VLLM::W        1046588 nvme1n1 RS   1593789440 131072    2.160
00:28:40.684 VLLM::W        1046588 nvme1n1 RS   1593789696 131072    2.196
00:28:40.684 VLLM::W        1046588 nvme1n1 RS   1593790208 131072    2.237
00:28:40.684 VLLM::W        1046588 nvme1n1 RS   1593789952 131072    2.287
00:28:40.684 VLLM::W        1046588 nvme1n1 RS   1593802752 131072    2.296
00:28:40.684 VLLM::W        1046588 nvme1n1 RS   1593803008 131072    2.327
00:28:40.684 VLLM::W        1046587 nvme1n1 RS   1593770240 131072    1.920
00:28:40.684 VLLM::W        1046587 nvme1n1 RS   1593770496 131072    1.930
00:28:40.684 VLLM::W        1046587 nvme1n1 RS   1593769984 131072    1.960
00:28:40.684 VLLM::W        1046587 nvme1n1 RS   1593770752 131072    1.964
00:28:40.684 VLLM::W        1046587 nvme1n1 RS   1593771008 131072    1.998
00:28:40.684 VLLM::W        1046587 nvme1n1 RS   1593771264 131072    2.058
00:28:40.684 VLLM::W        1046587 nvme1n1 RS   1593771520 131072    2.065
00:28:40.684 VLLM::W        1046587 nvme1n1 RS   1593771776 131072    2.097
00:28:40.684 VLLM::W        1046587 nvme1n1 RS   1593772032 131072    2.118
00:28:40.684 VLLM::W        1046587 nvme1n1 RS   1593772288 131072    2.143
00:28:40.684 VLLM::W        1046587 nvme1n1 RS   1593772544 131072    2.154
00:28:40.684 VLLM::W        1046587 nvme1n1 RS   1593772800 131072    2.181
00:28:40.684 VLLM::W        1046587 nvme1n1 RS   1593773056 131072    2.233
00:28:40.685 VLLM::W        1046587 nvme1n1 RS   1593773312 131072    2.260
00:28:40.685 VLLM::W        1046587 nvme1n1 RS   1593773568 131072    2.289
00:28:40.685 VLLM::W        1046587 nvme1n1 RS   1593773824 131072    2.314
00:28:40.685 VLLM::W        1046587 nvme1n1 RS   1593794560 131072    2.349
00:28:40.685 VLLM::W        1046587 nvme1n1 RS   1593794816 131072    2.388
00:28:40.685 VLLM::W        1046586 nvme1n1 RS   1593778176 131072    1.929
00:28:40.685 VLLM::W        1046586 nvme1n1 RS   1593778432 131072    1.930
00:28:40.685 VLLM::W        1046586 nvme1n1 RS   1593778688 131072    1.944
00:28:40.685 VLLM::W        1046586 nvme1n1 RS   1593779200 131072    2.019
00:28:40.685 VLLM::W        1046586 nvme1n1 RS   1593778944 131072    2.032
00:28:40.685 VLLM::W        1046586 nvme1n1 RS   1593779456 131072    2.061
00:28:40.685 VLLM::W        1046586 nvme1n1 RS   1593779712 131072    2.084
00:28:40.685 VLLM::W        1046586 nvme1n1 RS   1593779968 131072    2.049
00:28:40.685 VLLM::W        1046586 nvme1n1 RS   1593780224 131072    2.082
00:28:40.685 VLLM::W        1046586 nvme1n1 RS   1593780480 131072    2.119
00:28:40.685 VLLM::W        1046586 nvme1n1 RS   1593780736 131072    2.150
00:28:40.685 VLLM::W        1046586 nvme1n1 RS   1593780992 131072    2.176
00:28:40.685 VLLM::W        1046586 nvme1n1 RS   1593781248 131072    2.212
00:28:40.685 VLLM::W        1046586 nvme1n1 RS   1593781760 131072    2.294
00:28:40.685 VLLM::W        1046586 nvme1n1 RS   1593781504 131072    2.311
00:28:40.685 VLLM::W        1046586 nvme1n1 RS   1593782016 131072    2.320
00:28:40.685 VLLM::W        1046586 nvme1n1 RS   1593798656 131072    2.349
00:28:40.685 VLLM::W        1046586 nvme1n1 RS   1593798912 131072    2.361
00:28:40.685 VLLM::W        1046589 nvme1n1 RS   1593790464 131072    1.900
00:28:40.685 VLLM::W        1046589 nvme1n1 RS   1593790720 131072    1.900
00:28:40.685 VLLM::W        1046589 nvme1n1 RS   1593790976 131072    1.907
00:28:40.685 VLLM::W        1046589 nvme1n1 RS   1593791232 131072    1.949
00:28:40.686 VLLM::W        1046589 nvme1n1 RS   1593791488 131072    2.000
00:28:40.686 VLLM::W        1046589 nvme1n1 RS   1593792000 131072    2.049
00:28:40.686 VLLM::W        1046589 nvme1n1 RS   1593791744 131072    2.073
00:28:40.686 VLLM::W        1046589 nvme1n1 RS   1593792512 131072    2.063
00:28:40.686 VLLM::W        1046589 nvme1n1 RS   1593792768 131072    2.105
00:28:40.686 VLLM::W        1046589 nvme1n1 RS   1593792256 131072    2.133
00:28:40.686 VLLM::W        1046589 nvme1n1 RS   1593793024 131072    2.138
00:28:40.686 VLLM::W        1046589 nvme1n1 RS   1593793280 131072    2.190
00:28:40.686 VLLM::W        1046589 nvme1n1 RS   1593793536 131072    2.201
00:28:40.686 VLLM::W        1046589 nvme1n1 RS   1593793792 131072    2.241
00:28:40.686 VLLM::W        1046589 nvme1n1 RS   1593794048 131072    2.269
00:28:40.686 VLLM::W        1046589 nvme1n1 RS   1593794304 131072    2.303
00:28:40.686 VLLM::W        1046589 nvme1n1 RS   1593806848 131072    2.345
00:28:40.686 VLLM::W        1046589 nvme1n1 RS   1593807104 131072    2.355
00:28:40.686 VLLM::W        1046588 nvme1n1 RS   60387328   131072    1.850
00:28:40.686 VLLM::W        1046588 nvme1n1 RS   60387584   131072    1.870
00:28:40.686 VLLM::W        1046588 nvme1n1 RS   60387840   131072    1.898
00:28:40.686 VLLM::W        1046588 nvme1n1 RS   60388096   131072    1.935
00:28:40.686 VLLM::W        1046588 nvme1n1 RS   60388352   131072    2.001
00:28:40.686 VLLM::W        1046588 nvme1n1 RS   60388608   131072    2.028
00:28:40.686 VLLM::W        1046588 nvme1n1 RS   60388864   131072    2.034
00:28:40.686 VLLM::W        1046588 nvme1n1 RS   60389120   131072    2.030
00:28:40.686 VLLM::W        1046588 nvme1n1 RS   60389632   131072    2.126
00:28:40.686 VLLM::W        1046588 nvme1n1 RS   60389888   131072    2.143
00:28:40.686 VLLM::W        1046588 nvme1n1 RS   60389376   131072    2.164
00:28:40.686 VLLM::W        1046588 nvme1n1 RS   60390144   131072    2.168
00:28:40.686 VLLM::W        1046588 nvme1n1 RS   60390400   131072    2.213
00:28:40.687 VLLM::W        1046588 nvme1n1 RS   60390656   131072    2.249
00:28:40.687 VLLM::W        1046588 nvme1n1 RS   60390912   131072    2.261
00:28:40.687 VLLM::W        1046588 nvme1n1 RS   60391168   131072    2.295
00:28:40.687 VLLM::W        1046588 nvme1n1 RS   60391424   131072    2.326
00:28:40.687 VLLM::W        1046588 nvme1n1 RS   60391680   131072    2.360
00:28:40.687 VLLM::W        1046587 nvme1n1 RS   1594568704 131072    1.918
00:28:40.687 VLLM::W        1046587 nvme1n1 RS   1594568960 131072    1.926
00:28:40.687 VLLM::W        1046587 nvme1n1 RS   1594569216 131072    1.952
00:28:40.687 VLLM::W        1046587 nvme1n1 RS   1594569472 131072    1.988
00:28:40.687 VLLM::W        1046587 nvme1n1 RS   1594569728 131072    2.030
00:28:40.687 VLLM::W        1046587 nvme1n1 RS   1594569984 131072    2.085
00:28:40.687 VLLM::W        1046587 nvme1n1 RS   1594570240 131072    2.091
00:28:40.687 VLLM::W        1046587 nvme1n1 RS   1594570496 131072    2.143
00:28:40.687 VLLM::W        1046587 nvme1n1 RS   1594570752 131072    2.155
00:28:40.687 VLLM::W        1046587 nvme1n1 RS   1594571008 131072    2.160
00:28:40.687 VLLM::W        1046587 nvme1n1 RS   1594571520 131072    2.222
00:28:40.687 VLLM::W        1046587 nvme1n1 RS   1594571776 131072    2.249
00:28:40.687 VLLM::W        1046587 nvme1n1 RS   1594572032 131072    2.290
00:28:40.687 VLLM::W        1046587 nvme1n1 RS   1594571264 131072    2.312
00:28:40.687 VLLM::W        1046587 nvme1n1 RS   1594572288 131072    2.418
00:28:40.687 VLLM::W        1046587 nvme1n1 RS   1594372096 131072    2.420
00:28:40.687 VLLM::W        1046587 nvme1n1 RS   1594372352 131072    2.431
00:28:40.687 VLLM::W        1046587 nvme1n1 RS   1594572544 131072    2.498
00:28:40.687 VLLM::W        1046586 nvme1n1 RS   1594335488 131072    1.911
00:28:40.687 VLLM::W        1046586 nvme1n1 RS   1594335744 131072    1.941
00:28:40.687 VLLM::W        1046586 nvme1n1 RS   1594336000 131072    1.969
00:28:40.688 VLLM::W        1046586 nvme1n1 RS   1594336512 131072    2.041
00:28:40.688 VLLM::W        1046586 nvme1n1 RS   1594335232 131072    2.103
00:28:40.688 VLLM::W        1046586 nvme1n1 RS   1594336768 131072    2.092
00:28:40.688 VLLM::W        1046586 nvme1n1 RS   1594337024 131072    2.049
00:28:40.688 VLLM::W        1046586 nvme1n1 RS   1594336256 131072    2.182
00:28:40.688 VLLM::W        1046586 nvme1n1 RS   1594337536 131072    2.136
00:28:40.688 VLLM::W        1046586 nvme1n1 RS   1594337792 131072    2.158
00:28:40.688 VLLM::W        1046586 nvme1n1 RS   1594337280 131072    2.206
00:28:40.688 VLLM::W        1046586 nvme1n1 RS   1594338048 131072    2.209
00:28:40.688 VLLM::W        1046586 nvme1n1 RS   1594338560 131072    2.247
00:28:40.688 VLLM::W        1046586 nvme1n1 RS   1594338304 131072    2.292
00:28:40.688 VLLM::W        1046586 nvme1n1 RS   1594338816 131072    2.294
00:28:40.688 VLLM::W        1046586 nvme1n1 RS   1594351616 131072    2.367
00:28:40.688 VLLM::W        1046586 nvme1n1 RS   1594339072 131072    2.385
00:28:40.688 VLLM::W        1046586 nvme1n1 RS   1594351872 131072    2.394
00:28:40.688 VLLM::W        1046589 nvme1n1 RS   1594343424 131072    1.892
00:28:40.688 VLLM::W        1046589 nvme1n1 RS   1594343680 131072    1.919
00:28:40.688 VLLM::W        1046589 nvme1n1 RS   1594343936 131072    1.948
00:28:40.688 VLLM::W        1046589 nvme1n1 RS   1594344192 131072    1.989
00:28:40.688 VLLM::W        1046589 nvme1n1 RS   1594344448 131072    1.999
00:28:40.688 VLLM::W        1046589 nvme1n1 RS   1594344704 131072    2.073
00:28:40.688 VLLM::W        1046589 nvme1n1 RS   1594344960 131072    2.079
00:28:40.688 VLLM::W        1046589 nvme1n1 RS   1594345216 131072    2.105
00:28:40.688 VLLM::W        1046589 nvme1n1 RS   1594345472 131072    2.121
00:28:40.688 VLLM::W        1046589 nvme1n1 RS   1594345728 131072    2.127
00:28:40.688 VLLM::W        1046589 nvme1n1 RS   1594345984 131072    2.164
00:28:40.688 VLLM::W        1046589 nvme1n1 RS   1594346240 131072    2.210
00:28:40.688 VLLM::W        1046589 nvme1n1 RS   1594346496 131072    2.224
00:28:40.689 VLLM::W        1046589 nvme1n1 RS   1594346752 131072    2.255
00:28:40.689 VLLM::W        1046589 nvme1n1 RS   1594347008 131072    2.288
00:28:40.689 VLLM::W        1046589 nvme1n1 RS   1594347264 131072    2.312
00:28:40.689 VLLM::W        1046589 nvme1n1 RS   1594355712 131072    2.348
00:28:40.689 VLLM::W        1046589 nvme1n1 RS   1594355968 131072    2.382
00:28:40.689 VLLM::W        1046588 nvme1n1 RS   1594347520 131072    1.854
00:28:40.689 VLLM::W        1046588 nvme1n1 RS   1594347776 131072    1.923
00:28:40.689 VLLM::W        1046588 nvme1n1 RS   1594348288 131072    1.953
00:28:40.689 VLLM::W        1046588 nvme1n1 RS   1594348032 131072    2.019
00:28:40.689 VLLM::W        1046588 nvme1n1 RS   1594348544 131072    2.015
00:28:40.689 VLLM::W        1046588 nvme1n1 RS   1594348800 131072    2.057
00:28:40.689 VLLM::W        1046588 nvme1n1 RS   1594349056 131072    2.074
00:28:40.689 VLLM::W        1046588 nvme1n1 RS   1594349312 131072    2.122
00:28:40.689 VLLM::W        1046588 nvme1n1 RS   1594349568 131072    2.133
00:28:40.689 VLLM::W        1046588 nvme1n1 RS   1594349824 131072    2.148
00:28:40.689 VLLM::W        1046588 nvme1n1 RS   1594350080 131072    2.172
00:28:40.689 VLLM::W        1046588 nvme1n1 RS   1594350336 131072    2.182
00:28:40.689 VLLM::W        1046588 nvme1n1 RS   1594350592 131072    2.225
00:28:40.689 VLLM::W        1046588 nvme1n1 RS   1594350848 131072    2.295
00:28:40.689 VLLM::W        1046588 nvme1n1 RS   1594351104 131072    2.308
00:28:40.689 VLLM::W        1046588 nvme1n1 RS   1594351360 131072    2.290
00:28:40.689 VLLM::W        1046588 nvme1n1 RS   1594576896 131072    2.350
00:28:40.689 VLLM::W        1046588 nvme1n1 RS   1594577152 131072    2.362
00:28:40.689 VLLM::W        1046587 nvme1n1 RS   60395520   131072    1.888
00:28:40.689 VLLM::W        1046587 nvme1n1 RS   60395776   131072    1.896
00:28:40.690 VLLM::W        1046587 nvme1n1 RS   60396032   131072    1.947
00:28:40.690 VLLM::W        1046587 nvme1n1 RS   60396288   131072    1.974
00:28:40.690 VLLM::W        1046587 nvme1n1 RS   60396544   131072    1.996
00:28:40.690 VLLM::W        1046587 nvme1n1 RS   60396800   131072    2.000
00:28:40.690 VLLM::W        1046587 nvme1n1 RS   60397312   131072    2.023
00:28:40.690 VLLM::W        1046587 nvme1n1 RS   60397056   131072    2.101
00:28:40.690 VLLM::W        1046587 nvme1n1 RS   60398080   131072    2.111
00:28:40.690 VLLM::W        1046587 nvme1n1 RS   60397568   131072    2.138
00:28:40.690 VLLM::W        1046587 nvme1n1 RS   60397824   131072    2.148
00:28:40.690 VLLM::W        1046587 nvme1n1 RS   60398336   131072    2.184
00:28:40.690 VLLM::W        1046587 nvme1n1 RS   60398592   131072    2.250
00:28:40.690 VLLM::W        1046587 nvme1n1 RS   60398848   131072    2.267
00:28:40.690 VLLM::W        1046587 nvme1n1 RS   60399104   131072    2.289
00:28:40.690 VLLM::W        1046587 nvme1n1 RS   60399360   131072    2.287
00:28:40.690 VLLM::W        1046587 nvme1n1 RS   60399616   131072    2.396
00:28:40.690 VLLM::W        1046587 nvme1n1 RS   60399872   131072    2.408
00:28:40.690 VLLM::W        1046586 nvme1n1 RS   1594339584 131072    1.970
00:28:40.690 VLLM::W        1046586 nvme1n1 RS   1594339328 131072    1.979
00:28:40.690 VLLM::W        1046586 nvme1n1 RS   1594339840 131072    1.972
00:28:40.690 VLLM::W        1046586 nvme1n1 RS   1594340096 131072    1.970
00:28:40.690 VLLM::W        1046586 nvme1n1 RS   1594340352 131072    1.988
00:28:40.690 VLLM::W        1046586 nvme1n1 RS   1594340608 131072    2.048
00:28:40.690 VLLM::W        1046586 nvme1n1 RS   1594340864 131072    2.050
00:28:40.690 VLLM::W        1046586 nvme1n1 RS   1594341376 131072    2.082
00:28:40.690 VLLM::W        1046586 nvme1n1 RS   1594341632 131072    2.122
00:28:40.690 VLLM::W        1046586 nvme1n1 RS   1594341120 131072    2.143
00:28:40.690 VLLM::W        1046586 nvme1n1 RS   1594341888 131072    2.149
00:28:40.690 VLLM::W        1046586 nvme1n1 RS   1594342144 131072    2.188
00:28:40.690 VLLM::W        1046586 nvme1n1 RS   1594342400 131072    2.216
00:28:40.691 VLLM::W        1046586 nvme1n1 RS   1594342656 131072    2.244
00:28:40.691 VLLM::W        1046586 nvme1n1 RS   1594342912 131072    2.280
00:28:40.691 VLLM::W        1046586 nvme1n1 RS   1594343168 131072    2.300
00:28:40.691 VLLM::W        1046586 nvme1n1 RS   1594564608 131072    2.354
00:28:40.691 VLLM::W        1046586 nvme1n1 RS   1594564864 131072    2.359
00:28:40.691 VLLM::W        1046589 nvme1n1 RS   1594585088 131072    2.005
00:28:40.691 VLLM::W        1046589 nvme1n1 RS   1594585344 131072    2.006
00:28:40.691 VLLM::W        1046589 nvme1n1 RS   1594585600 131072    2.004
00:28:40.691 VLLM::W        1046589 nvme1n1 RS   1594585856 131072    2.018
00:28:40.691 VLLM::W        1046589 nvme1n1 RS   1594586112 131072    2.056
00:28:40.691 VLLM::W        1046589 nvme1n1 RS   1594586368 131072    2.111
00:28:40.691 VLLM::W        1046589 nvme1n1 RS   1594586624 131072    2.132
00:28:40.691 VLLM::W        1046589 nvme1n1 RS   1594586880 131072    2.115
00:28:40.691 VLLM::W        1046589 nvme1n1 RS   1594587136 131072    2.146
00:28:40.691 VLLM::W        1046589 nvme1n1 RS   1594587392 131072    2.173
00:28:40.691 VLLM::W        1046589 nvme1n1 RS   1594587648 131072    2.202
00:28:40.691 VLLM::W        1046589 nvme1n1 RS   1594587904 131072    2.231
00:28:40.691 VLLM::W        1046589 nvme1n1 RS   1594588160 131072    2.277
00:28:40.691 VLLM::W        1046589 nvme1n1 RS   1594588416 131072    2.315
00:28:40.691 VLLM::W        1046589 nvme1n1 RS   1594588928 131072    2.348
00:28:40.691 VLLM::W        1046589 nvme1n1 RS   1594588672 131072    2.391
00:28:40.691 VLLM::W        1046589 nvme1n1 RS   1594376192 131072    2.412
00:28:40.691 VLLM::W        1046589 nvme1n1 RS   1594376448 131072    2.423
00:28:40.691 VLLM::W        1046588 nvme1n1 RS   1594581248 131072    1.906
00:28:40.691 VLLM::W        1046588 nvme1n1 RS   1594580992 131072    1.936
00:28:40.691 VLLM::W        1046588 nvme1n1 RS   1594581504 131072    1.961
00:28:40.691 VLLM::W        1046588 nvme1n1 RS   1594581760 131072    1.985
00:28:40.692 VLLM::W        1046588 nvme1n1 RS   1594582272 131072    2.058
00:28:40.692 VLLM::W        1046588 nvme1n1 RS   1594582528 131072    2.064
00:28:40.692 VLLM::W        1046588 nvme1n1 RS   1594582016 131072    2.110
00:28:40.692 VLLM::W        1046588 nvme1n1 RS   1594583040 131072    2.098
00:28:40.692 VLLM::W        1046588 nvme1n1 RS   1594582784 131072    2.133
00:28:40.692 VLLM::W        1046588 nvme1n1 RS   1594583296 131072    2.154
00:28:40.692 VLLM::W        1046588 nvme1n1 RS   1594583552 131072    2.182
00:28:40.692 VLLM::W        1046588 nvme1n1 RS   1594583808 131072    2.206
00:28:40.692 VLLM::W        1046588 nvme1n1 RS   1594584064 131072    2.238
00:28:40.692 VLLM::W        1046588 nvme1n1 RS   1594584320 131072    2.263
00:28:40.692 VLLM::W        1046588 nvme1n1 RS   1594584576 131072    2.292
00:28:40.692 VLLM::W        1046588 nvme1n1 RS   1594584832 131072    2.352
00:28:40.692 VLLM::W        1046588 nvme1n1 RS   1594634240 131072    2.364
00:28:40.692 VLLM::W        1046588 nvme1n1 RS   1594634496 131072    2.422
00:28:40.692 VLLM::W        1046587 nvme1n1 RS   1594626048 131072    1.851
00:28:40.692 VLLM::W        1046587 nvme1n1 RS   1594626304 131072    1.878
00:28:40.692 VLLM::W        1046587 nvme1n1 RS   1594626560 131072    1.906
00:28:40.692 VLLM::W        1046587 nvme1n1 RS   1594626816 131072    1.997
00:28:40.692 VLLM::W        1046587 nvme1n1 RS   1594627072 131072    2.026
00:28:40.692 VLLM::W        1046587 nvme1n1 RS   1594627328 131072    2.050
00:28:40.692 VLLM::W        1046587 nvme1n1 RS   1594627584 131072    2.077
00:28:40.692 VLLM::W        1046587 nvme1n1 RS   1594627840 131072    2.042
00:28:40.692 VLLM::W        1046587 nvme1n1 RS   1594628096 131072    2.074
00:28:40.692 VLLM::W        1046587 nvme1n1 RS   1594628352 131072    2.105
00:28:40.692 VLLM::W        1046587 nvme1n1 RS   1594628608 131072    2.149
00:28:40.692 VLLM::W        1046587 nvme1n1 RS   1594628864 131072    2.179
00:28:40.692 VLLM::W        1046587 nvme1n1 RS   1594629120 131072    2.221
00:28:40.693 VLLM::W        1046587 nvme1n1 RS   1594629376 131072    2.279
00:28:40.693 VLLM::W        1046587 nvme1n1 RS   1594629888 131072    2.301
00:28:40.693 VLLM::W        1046587 nvme1n1 RS   1594629632 131072    2.331
00:28:40.693 VLLM::W        1046587 nvme1n1 RS   1594630144 131072    2.356
00:28:40.693 VLLM::W        1046587 nvme1n1 RS   1594630400 131072    2.367
00:28:40.693 VLLM::W        1046586 nvme1n1 RS   1594859776 131072    1.969
00:28:40.693 VLLM::W        1046586 nvme1n1 RS   1594859520 131072    1.977
00:28:40.693 VLLM::W        1046586 nvme1n1 RS   1594860032 131072    1.972
00:28:40.693 VLLM::W        1046586 nvme1n1 RS   1594860544 131072    2.013
00:28:40.693 VLLM::W        1046586 nvme1n1 RS   1594860800 131072    2.068
00:28:40.693 VLLM::W        1046586 nvme1n1 RS   1594860288 131072    2.105
00:28:40.693 VLLM::W        1046586 nvme1n1 RS   1594861056 131072    2.105
00:28:40.693 VLLM::W        1046586 nvme1n1 RS   1594861312 131072    2.143
00:28:40.693 VLLM::W        1046586 nvme1n1 RS   1594861824 131072    2.179
00:28:40.693 VLLM::W        1046586 nvme1n1 RS   1594862080 131072    2.211
00:28:40.693 VLLM::W        1046586 nvme1n1 RS   1594861568 131072    2.258
00:28:40.693 VLLM::W        1046586 nvme1n1 RS   1594862336 131072    2.259
00:28:40.693 VLLM::W        1046586 nvme1n1 RS   1594862848 131072    2.297
00:28:40.693 VLLM::W        1046586 nvme1n1 RS   1594862592 131072    2.327
00:28:40.693 VLLM::W        1046586 nvme1n1 RS   1594863104 131072    2.346
00:28:40.693 VLLM::W        1046586 nvme1n1 RS   1594863360 131072    2.347
00:28:40.693 VLLM::W        1046586 nvme1n1 RS   1594884096 131072    2.380
00:28:40.693 VLLM::W        1046586 nvme1n1 RS   1594884352 131072    2.413
00:28:40.693 VLLM::W        1046589 nvme1n1 RS   1594359808 131072    1.914
00:28:40.693 VLLM::W        1046589 nvme1n1 RS   1594360064 131072    1.914
00:28:40.693 VLLM::W        1046589 nvme1n1 RS   1594360320 131072    1.939
00:28:40.694 VLLM::W        1046589 nvme1n1 RS   1594360576 131072    1.971
00:28:40.694 VLLM::W        1046589 nvme1n1 RS   1594360832 131072    1.993
00:28:40.694 VLLM::W        1046589 nvme1n1 RS   1594361088 131072    2.087
00:28:40.694 VLLM::W        1046589 nvme1n1 RS   1594361344 131072    2.094
00:28:40.694 VLLM::W        1046589 nvme1n1 RS   1594361600 131072    2.051
00:28:40.694 VLLM::W        1046589 nvme1n1 RS   1594361856 131072    2.078
00:28:40.694 VLLM::W        1046589 nvme1n1 RS   1594362112 131072    2.106
00:28:40.694 VLLM::W        1046589 nvme1n1 RS   1594362368 131072    2.191
00:28:40.694 VLLM::W        1046589 nvme1n1 RS   1594362624 131072    2.213
00:28:40.694 VLLM::W        1046589 nvme1n1 RS   1594362880 131072    2.224
00:28:40.694 VLLM::W        1046589 nvme1n1 RS   1594363136 131072    2.252
00:28:40.694 VLLM::W        1046589 nvme1n1 RS   1594363392 131072    2.307
00:28:40.694 VLLM::W        1046589 nvme1n1 RS   1594363648 131072    2.305
00:28:40.694 VLLM::W        1046589 nvme1n1 RS   1594380288 131072    2.352
00:28:40.694 VLLM::W        1046589 nvme1n1 RS   1594380544 131072    2.363
00:28:40.694 VLLM::W        1046588 nvme1n1 RS   1594368256 131072    1.891
00:28:40.694 VLLM::W        1046588 nvme1n1 RS   1594368000 131072    1.932
00:28:40.694 VLLM::W        1046588 nvme1n1 RS   1594368512 131072    1.955
00:28:40.694 VLLM::W        1046588 nvme1n1 RS   1594368768 131072    2.012
00:28:40.694 VLLM::W        1046588 nvme1n1 RS   1594369024 131072    2.033
00:28:40.694 VLLM::W        1046588 nvme1n1 RS   1594369280 131072    2.036
00:28:40.694 VLLM::W        1046588 nvme1n1 RS   1594369536 131072    2.094
00:28:40.694 VLLM::W        1046588 nvme1n1 RS   1594369792 131072    2.055
00:28:40.694 VLLM::W        1046588 nvme1n1 RS   1594370048 131072    2.088
00:28:40.694 VLLM::W        1046588 nvme1n1 RS   1594370304 131072    2.118
00:28:40.694 VLLM::W        1046588 nvme1n1 RS   1594370560 131072    2.155
00:28:40.694 VLLM::W        1046588 nvme1n1 RS   1594370816 131072    2.212
00:28:40.694 VLLM::W        1046588 nvme1n1 RS   1594371072 131072    2.220
00:28:40.695 VLLM::W        1046588 nvme1n1 RS   1594371328 131072    2.256
00:28:40.695 VLLM::W        1046588 nvme1n1 RS   1594371584 131072    2.290
00:28:40.695 VLLM::W        1046588 nvme1n1 RS   1594371840 131072    2.306
00:28:40.695 VLLM::W        1046588 nvme1n1 RS   1594388480 131072    2.348
00:28:40.695 VLLM::W        1046588 nvme1n1 RS   1594388736 131072    2.375
00:28:40.695 VLLM::W        1046587 nvme1n1 RS   1594384384 131072    1.966
00:28:40.695 VLLM::W        1046587 nvme1n1 RS   1594384640 131072    1.980
00:28:40.695 VLLM::W        1046587 nvme1n1 RS   1594384896 131072    1.991
00:28:40.695 VLLM::W        1046587 nvme1n1 RS   1594385152 131072    2.025
00:28:40.695 VLLM::W        1046587 nvme1n1 RS   1594385408 131072    2.063
00:28:40.695 VLLM::W        1046587 nvme1n1 RS   1594385664 131072    2.117
00:28:40.695 VLLM::W        1046587 nvme1n1 RS   1594385920 131072    2.138
00:28:40.695 VLLM::W        1046587 nvme1n1 RS   1594386432 131072    2.153
00:28:40.695 VLLM::W        1046587 nvme1n1 RS   1594386176 131072    2.170
00:28:40.695 VLLM::W        1046587 nvme1n1 RS   1594386688 131072    2.197
00:28:40.695 VLLM::W        1046587 nvme1n1 RS   1594386944 131072    2.227
00:28:40.695 VLLM::W        1046587 nvme1n1 RS   1594387456 131072    2.282
00:28:40.695 VLLM::W        1046587 nvme1n1 RS   1594387712 131072    2.327
00:28:40.695 VLLM::W        1046587 nvme1n1 RS   1594387200 131072    2.347
00:28:40.695 VLLM::W        1046587 nvme1n1 RS   1594387968 131072    2.354
00:28:40.695 VLLM::W        1046587 nvme1n1 RS   1594392576 131072    2.423
00:28:40.695 VLLM::W        1046587 nvme1n1 RS   1594388224 131072    2.451
00:28:40.695 VLLM::W        1046587 nvme1n1 RS   1594392832 131072    2.459
00:28:40.695 VLLM::W        1046586 nvme1n1 RS   1594573056 131072    1.914
00:28:40.695 VLLM::W        1046586 nvme1n1 RS   1594572800 131072    1.973
00:28:40.695 VLLM::W        1046586 nvme1n1 RS   1594573312 131072    1.975
00:28:40.696 VLLM::W        1046586 nvme1n1 RS   1594573568 131072    2.033
00:28:40.696 VLLM::W        1046586 nvme1n1 RS   1594573824 131072    2.046
00:28:40.696 VLLM::W        1046586 nvme1n1 RS   1594574080 131072    2.063
00:28:40.696 VLLM::W        1046586 nvme1n1 RS   1594574592 131072    2.095
00:28:40.696 VLLM::W        1046586 nvme1n1 RS   1594574336 131072    2.151
00:28:40.696 VLLM::W        1046586 nvme1n1 RS   1594574848 131072    2.128
00:28:40.696 VLLM::W        1046586 nvme1n1 RS   1594575104 131072    2.196
00:28:40.696 VLLM::W        1046586 nvme1n1 RS   1594575360 131072    2.210
00:28:40.696 VLLM::W        1046586 nvme1n1 RS   1594575616 131072    2.221
00:28:40.696 VLLM::W        1046586 nvme1n1 RS   1594575872 131072    2.287
00:28:40.696 VLLM::W        1046586 nvme1n1 RS   1594576128 131072    2.305
00:28:40.696 VLLM::W        1046586 nvme1n1 RS   1594576384 131072    2.316
00:28:40.696 VLLM::W        1046586 nvme1n1 RS   1594576640 131072    2.354
00:28:40.696 VLLM::W        1046586 nvme1n1 RS   1594363904 131072    2.381
00:28:40.696 VLLM::W        1046586 nvme1n1 RS   1594364160 131072    2.436
00:28:40.696 VLLM::W        1046589 nvme1n1 RS   724078592  131072    1.875
00:28:40.696 VLLM::W        1046589 nvme1n1 RS   724078848  131072    1.903
00:28:40.696 VLLM::W        1046589 nvme1n1 RS   724079104  131072    1.944
00:28:40.696 VLLM::W        1046589 nvme1n1 RS   724079360  131072    1.982
00:28:40.696 VLLM::W        1046589 nvme1n1 RS   724079616  131072    2.028
00:28:40.696 VLLM::W        1046589 nvme1n1 RS   724079872  131072    2.076
00:28:40.696 VLLM::W        1046589 nvme1n1 RS   724080128  131072    2.107
00:28:40.696 VLLM::W        1046589 nvme1n1 RS   724080384  131072    2.084
00:28:40.696 VLLM::W        1046589 nvme1n1 RS   724080640  131072    2.130
00:28:40.696 VLLM::W        1046589 nvme1n1 RS   724080896  131072    2.140
00:28:40.696 VLLM::W        1046589 nvme1n1 RS   724081152  131072    2.179
00:28:40.696 VLLM::W        1046589 nvme1n1 RS   724081408  131072    2.207
00:28:40.697 VLLM::W        1046589 nvme1n1 RS   724081664  131072    2.264
00:28:40.697 VLLM::W        1046589 nvme1n1 RS   724081920  131072    2.274
00:28:40.697 VLLM::W        1046589 nvme1n1 RS   724082176  131072    2.311
00:28:40.697 VLLM::W        1046589 nvme1n1 RS   724082432  131072    2.332
00:28:40.697 VLLM::W        1046589 nvme1n1 RS   724082688  131072    2.377
00:28:40.697 VLLM::W        1046589 nvme1n1 RS   724082944  131072    2.403
00:28:40.697 VLLM::W        1046588 nvme1n1 RS   1594736640 131072    1.930
00:28:40.697 VLLM::W        1046588 nvme1n1 RS   1594736896 131072    1.934
00:28:40.697 VLLM::W        1046588 nvme1n1 RS   1594737152 131072    1.961
00:28:40.697 VLLM::W        1046588 nvme1n1 RS   1594737408 131072    2.003
00:28:40.697 VLLM::W        1046588 nvme1n1 RS   1594737664 131072    2.045
00:28:40.697 VLLM::W        1046588 nvme1n1 RS   1594737920 131072    2.099
00:28:40.697 VLLM::W        1046588 nvme1n1 RS   1594738176 131072    2.107
00:28:40.697 VLLM::W        1046588 nvme1n1 RS   1594738432 131072    2.132
00:28:40.697 VLLM::W        1046588 nvme1n1 RS   1594738688 131072    2.149
00:28:40.697 VLLM::W        1046588 nvme1n1 RS   1594738944 131072    2.155
00:28:40.697 VLLM::W        1046588 nvme1n1 RS   1594739200 131072    2.261
00:28:40.697 VLLM::W        1046588 nvme1n1 RS   1594739456 131072    2.278
00:28:40.697 VLLM::W        1046588 nvme1n1 RS   1594739712 131072    2.302
00:28:40.697 VLLM::W        1046588 nvme1n1 RS   1594739968 131072    2.312
00:28:40.697 VLLM::W        1046588 nvme1n1 RS   1594740480 131072    2.339
00:28:40.697 VLLM::W        1046588 nvme1n1 RS   1594765312 131072    2.375
00:28:40.697 VLLM::W        1046588 nvme1n1 RS   1594740224 131072    2.424
00:28:40.697 VLLM::W        1046587 nvme1n1 RS   1594724352 131072    1.889
00:28:40.697 VLLM::W        1046587 nvme1n1 RS   1594724608 131072    1.929
00:28:40.697 VLLM::W        1046588 nvme1n1 RS   1594765568 131072    2.506
00:28:40.698 VLLM::W        1046587 nvme1n1 RS   1594724864 131072    2.007
00:28:40.698 VLLM::W        1046587 nvme1n1 RS   1594725120 131072    2.042
00:28:40.698 VLLM::W        1046587 nvme1n1 RS   1594725376 131072    2.059
00:28:40.698 VLLM::W        1046587 nvme1n1 RS   1594725632 131072    2.079
00:28:40.698 VLLM::W        1046587 nvme1n1 RS   1594725888 131072    2.089
00:28:40.698 VLLM::W        1046587 nvme1n1 RS   1594726144 131072    2.180
00:28:40.698 VLLM::W        1046587 nvme1n1 RS   1594726656 131072    2.199
00:28:40.698 VLLM::W        1046587 nvme1n1 RS   1594726400 131072    2.215
00:28:40.698 VLLM::W        1046587 nvme1n1 RS   1594726912 131072    2.217
00:28:40.698 VLLM::W        1046587 nvme1n1 RS   1594727168 131072    2.291
00:28:40.698 VLLM::W        1046587 nvme1n1 RS   1594727424 131072    2.314
00:28:40.698 VLLM::W        1046587 nvme1n1 RS   1594727680 131072    2.329
00:28:40.698 VLLM::W        1046587 nvme1n1 RS   1594727936 131072    2.340
00:28:40.698 VLLM::W        1046587 nvme1n1 RS   1594843392 131072    2.427
00:28:40.698 VLLM::W        1046587 nvme1n1 RS   1594728192 131072    2.456
00:28:40.698 VLLM::W        1046587 nvme1n1 RS   1594843136 131072    2.469
00:28:40.698 VLLM::W        1046586 nvme1n1 RS   1594728448 131072    1.977
00:28:40.698 VLLM::W        1046586 nvme1n1 RS   1594728704 131072    1.978
00:28:40.698 VLLM::W        1046586 nvme1n1 RS   1594729216 131072    1.973
00:28:40.698 VLLM::W        1046586 nvme1n1 RS   1594728960 131072    1.976
00:28:40.698 VLLM::W        1046586 nvme1n1 RS   1594729472 131072    2.024
00:28:40.698 VLLM::W        1046586 nvme1n1 RS   1594729728 131072    2.047
00:28:40.698 VLLM::W        1046586 nvme1n1 RS   1594729984 131072    2.065
00:28:40.698 VLLM::W        1046586 nvme1n1 RS   1594730496 131072    2.080
00:28:40.698 VLLM::W        1046586 nvme1n1 RS   1594730752 131072    2.112
00:28:40.698 VLLM::W        1046586 nvme1n1 RS   1594730240 131072    2.146
00:28:40.698 VLLM::W        1046586 nvme1n1 RS   1594731008 131072    2.184
00:28:40.698 VLLM::W        1046586 nvme1n1 RS   1594731520 131072    2.219
00:28:40.699 VLLM::W        1046586 nvme1n1 RS   1594731776 131072    2.271
00:28:40.699 VLLM::W        1046586 nvme1n1 RS   1594731264 131072    2.297
00:28:40.699 VLLM::W        1046586 nvme1n1 RS   1594732032 131072    2.307
00:28:40.699 VLLM::W        1046586 nvme1n1 RS   1594732288 131072    2.380
00:28:40.699 VLLM::W        1046586 nvme1n1 RS   1594740992 131072    2.396
00:28:40.699 VLLM::W        1046586 nvme1n1 RS   1594740736 131072    2.412
00:28:40.699 VLLM::W        1046589 nvme1n1 RS   1594847488 131072    2.047
00:28:40.699 VLLM::W        1046589 nvme1n1 RS   1594847232 131072    2.055
00:28:40.699 VLLM::W        1046589 nvme1n1 RS   1594847744 131072    2.049
00:28:40.699 VLLM::W        1046589 nvme1n1 RS   1594848000 131072    2.047
00:28:40.699 VLLM::W        1046589 nvme1n1 RS   1594848256 131072    2.079
00:28:40.699 VLLM::W        1046589 nvme1n1 RS   1594848512 131072    2.108
00:28:40.699 VLLM::W        1046589 nvme1n1 RS   1594848768 131072    2.116
00:28:40.699 VLLM::W        1046589 nvme1n1 RS   1594849280 131072    2.162
00:28:40.699 VLLM::W        1046589 nvme1n1 RS   1594849024 131072    2.185
00:28:40.699 VLLM::W        1046589 nvme1n1 RS   1594849536 131072    2.194
00:28:40.699 VLLM::W        1046589 nvme1n1 RS   1594849792 131072    2.234
00:28:40.699 VLLM::W        1046589 nvme1n1 RS   1594850048 131072    2.267
00:28:40.699 VLLM::W        1046589 nvme1n1 RS   1594850304 131072    2.300
00:28:40.699 VLLM::W        1046589 nvme1n1 RS   1594850560 131072    2.336
00:28:40.699 VLLM::W        1046589 nvme1n1 RS   1594850816 131072    2.347
00:28:40.699 VLLM::W        1046589 nvme1n1 RS   1594851072 131072    2.423
00:28:40.699 VLLM::W        1046589 nvme1n1 RS   1594757120 131072    2.440
00:28:40.699 VLLM::W        1046589 nvme1n1 RS   1594757376 131072    2.451
00:28:40.699 VLLM::W        1046588 nvme1n1 RS   577974272  131072    1.788
00:28:40.699 VLLM::W        1046588 nvme1n1 RS   577974528  131072    1.836
00:28:40.699 VLLM::W        1046588 nvme1n1 RS   577974784  131072    1.845
00:28:40.699 VLLM::W        1046588 nvme1n1 RS   577975040  131072    1.871
00:28:40.700 VLLM::W        1046588 nvme1n1 RS   577975296  131072    1.913
00:28:40.700 VLLM::W        1046588 nvme1n1 RS   577975552  131072    1.966
00:28:40.700 VLLM::W        1046588 nvme1n1 RS   577975808  131072    1.983
00:28:40.700 VLLM::W        1046588 nvme1n1 RS   577976064  131072    1.992
00:28:40.700 VLLM::W        1046588 nvme1n1 RS   577976320  131072    2.024
00:28:40.700 VLLM::W        1046588 nvme1n1 RS   577976576  131072    2.105
00:28:40.700 VLLM::W        1046588 nvme1n1 RS   577976832  131072    2.122
00:28:40.700 VLLM::W        1046588 nvme1n1 RS   577977088  131072    2.127
00:28:40.700 VLLM::W        1046588 nvme1n1 RS   577977344  131072    2.172
00:28:40.700 VLLM::W        1046588 nvme1n1 RS   577977600  131072    2.208
00:28:40.700 VLLM::W        1046588 nvme1n1 RS   577977856  131072    2.219
00:28:40.700 VLLM::W        1046588 nvme1n1 RS   577978112  131072    2.243
00:28:40.700 VLLM::W        1046588 nvme1n1 RS   577982464  131072    2.275
00:28:40.700 VLLM::W        1046588 nvme1n1 RS   577982720  131072    2.306
00:28:40.700 VLLM::W        1046587 nvme1n1 RS   577978368  131072    1.876
00:28:40.700 VLLM::W        1046587 nvme1n1 RS   577978624  131072    1.907
00:28:40.700 VLLM::W        1046587 nvme1n1 RS   577978880  131072    1.933
00:28:40.700 VLLM::W        1046587 nvme1n1 RS   577979136  131072    1.970
00:28:40.700 VLLM::W        1046587 nvme1n1 RS   577979392  131072    2.030
00:28:40.700 VLLM::W        1046587 nvme1n1 RS   577979648  131072    2.040
00:28:40.700 VLLM::W        1046587 nvme1n1 RS   577979904  131072    2.085
00:28:40.700 VLLM::W        1046587 nvme1n1 RS   577980160  131072    2.127
00:28:40.700 VLLM::W        1046587 nvme1n1 RS   577980416  131072    2.153
00:28:40.700 VLLM::W        1046587 nvme1n1 RS   577980672  131072    2.170
00:28:40.700 VLLM::W        1046587 nvme1n1 RS   577980928  131072    2.192
00:28:40.700 VLLM::W        1046587 nvme1n1 RS   577981184  131072    2.253
00:28:40.700 VLLM::W        1046587 nvme1n1 RS   577981440  131072    2.264
00:28:40.701 VLLM::W        1046587 nvme1n1 RS   577981696  131072    2.301
00:28:40.701 VLLM::W        1046587 nvme1n1 RS   577981952  131072    2.335
00:28:40.701 VLLM::W        1046587 nvme1n1 RS   577982208  131072    2.358
00:28:40.701 VLLM::W        1046587 nvme1n1 RS   577990656  131072    2.386
00:28:40.701 VLLM::W        1046587 nvme1n1 RS   577990912  131072    2.416
00:28:40.701 VLLM::W        1046586 nvme1n1 RS   1594732544 131072    1.898
00:28:40.701 VLLM::W        1046586 nvme1n1 RS   1594732800 131072    1.899
00:28:40.701 VLLM::W        1046586 nvme1n1 RS   1594733056 131072    1.927
00:28:40.701 VLLM::W        1046586 nvme1n1 RS   1594733312 131072    1.946
00:28:40.701 VLLM::W        1046586 nvme1n1 RS   1594733568 131072    2.038
00:28:40.701 VLLM::W        1046586 nvme1n1 RS   1594733824 131072    2.056
00:28:40.701 VLLM::W        1046586 nvme1n1 RS   1594734080 131072    2.061
00:28:40.701 VLLM::W        1046586 nvme1n1 RS   1594734592 131072    2.097
00:28:40.701 VLLM::W        1046586 nvme1n1 RS   1594734336 131072    2.120
00:28:40.701 VLLM::W        1046586 nvme1n1 RS   1594734848 131072    2.130
00:28:40.701 VLLM::W        1046586 nvme1n1 RS   1594735104 131072    2.152
00:28:40.701 VLLM::W        1046586 nvme1n1 RS   1594735360 131072    2.180
00:28:40.701 VLLM::W        1046586 nvme1n1 RS   1594735616 131072    2.205
00:28:40.701 VLLM::W        1046586 nvme1n1 RS   1594735872 131072    2.243
00:28:40.701 VLLM::W        1046586 nvme1n1 RS   1594736128 131072    2.273
00:28:40.701 VLLM::W        1046586 nvme1n1 RS   1594736384 131072    2.300
00:28:40.701 VLLM::W        1046586 nvme1n1 RS   1594744832 131072    2.328
00:28:40.701 VLLM::W        1046586 nvme1n1 RS   1594745088 131072    2.370
00:28:40.701 VLLM::W        1046589 nvme1n1 RS   1594761216 131072    1.912
00:28:40.701 VLLM::W        1046589 nvme1n1 RS   1594761472 131072    1.913
00:28:40.701 VLLM::W        1046589 nvme1n1 RS   1594761728 131072    1.935
00:28:40.701 VLLM::W        1046589 nvme1n1 RS   1594761984 131072    1.956
00:28:40.702 VLLM::W        1046589 nvme1n1 RS   1594762240 131072    1.992
00:28:40.702 VLLM::W        1046589 nvme1n1 RS   1594762496 131072    2.051
00:28:40.702 VLLM::W        1046589 nvme1n1 RS   1594762752 131072    2.071
00:28:40.702 VLLM::W        1046589 nvme1n1 RS   1594763008 131072    2.103
00:28:40.702 VLLM::W        1046589 nvme1n1 RS   1594763264 131072    2.122
00:28:40.702 VLLM::W        1046589 nvme1n1 RS   1594763520 131072    2.131
00:28:40.702 VLLM::W        1046589 nvme1n1 RS   1594763776 131072    2.161
00:28:40.702 VLLM::W        1046589 nvme1n1 RS   1594764032 131072    2.219
00:28:40.702 VLLM::W        1046589 nvme1n1 RS   1594764288 131072    2.230
00:28:40.702 VLLM::W        1046589 nvme1n1 RS   1594764544 131072    2.269
00:28:40.702 VLLM::W        1046589 nvme1n1 RS   1594764800 131072    2.308
00:28:40.702 VLLM::W        1046589 nvme1n1 RS   1594765056 131072    2.323
00:28:40.702 VLLM::W        1046589 nvme1n1 RS   1594777856 131072    2.423
00:28:40.702 VLLM::W        1046588 nvme1n1 RS   577986560  131072    1.892
00:28:40.702 VLLM::W        1046589 nvme1n1 RS   1594777600 131072    2.453
00:28:40.702 VLLM::W        1046588 nvme1n1 RS   577986816  131072    1.945
00:28:40.702 VLLM::W        1046588 nvme1n1 RS   577987072  131072    1.950
00:28:40.702 VLLM::W        1046588 nvme1n1 RS   577987584  131072    2.018
00:28:40.702 VLLM::W        1046588 nvme1n1 RS   577987328  131072    2.029
00:28:40.702 VLLM::W        1046588 nvme1n1 RS   577987840  131072    2.129
00:28:40.702 VLLM::W        1046588 nvme1n1 RS   577988096  131072    2.166
00:28:40.702 VLLM::W        1046588 nvme1n1 RS   577988352  131072    2.128
00:28:40.702 VLLM::W        1046588 nvme1n1 RS   577988608  131072    2.148
00:28:40.702 VLLM::W        1046588 nvme1n1 RS   577988864  131072    2.166
00:28:40.702 VLLM::W        1046588 nvme1n1 RS   577989120  131072    2.177
00:28:40.702 VLLM::W        1046588 nvme1n1 RS   577989376  131072    2.209
00:28:40.703 VLLM::W        1046588 nvme1n1 RS   577989632  131072    2.252
00:28:40.703 VLLM::W        1046588 nvme1n1 RS   577989888  131072    2.282
00:28:40.703 VLLM::W        1046588 nvme1n1 RS   577990144  131072    2.308
00:28:40.703 VLLM::W        1046588 nvme1n1 RS   577990400  131072    2.337
00:28:40.703 VLLM::W        1046588 nvme1n1 RS   577994752  131072    2.394
00:28:40.703 VLLM::W        1046588 nvme1n1 RS   577995008  131072    2.404
00:28:40.703 VLLM::W        1046587 nvme1n1 RS   1594753024 131072    1.958
00:28:40.703 VLLM::W        1046587 nvme1n1 RS   1594753280 131072    1.967
00:28:40.703 VLLM::W        1046587 nvme1n1 RS   1594753536 131072    1.993
00:28:40.703 VLLM::W        1046587 nvme1n1 RS   1594753792 131072    2.022
00:28:40.703 VLLM::W        1046587 nvme1n1 RS   1594754048 131072    2.080
00:28:40.703 VLLM::W        1046587 nvme1n1 RS   1594754304 131072    2.092
00:28:40.703 VLLM::W        1046587 nvme1n1 RS   1594754560 131072    2.120
00:28:40.703 VLLM::W        1046587 nvme1n1 RS   1594754816 131072    2.152
00:28:40.703 VLLM::W        1046587 nvme1n1 RS   1594755072 131072    2.184
00:28:40.703 VLLM::W        1046587 nvme1n1 RS   1594755328 131072    2.216
00:28:40.703 VLLM::W        1046587 nvme1n1 RS   1594755584 131072    2.258
00:28:40.703 VLLM::W        1046587 nvme1n1 RS   1594755840 131072    2.270
00:28:40.703 VLLM::W        1046587 nvme1n1 RS   1594756096 131072    2.309
00:28:40.703 VLLM::W        1046587 nvme1n1 RS   1594756352 131072    2.335
00:28:40.703 VLLM::W        1046587 nvme1n1 RS   1594756608 131072    2.394
00:28:40.703 VLLM::W        1046587 nvme1n1 RS   1594756864 131072    2.395
00:28:40.703 VLLM::W        1046587 nvme1n1 RS   1594773504 131072    2.454
00:28:40.703 VLLM::W        1046587 nvme1n1 RS   1594773760 131072    2.467
00:28:40.703 VLLM::W        1046586 nvme1n1 RS   1594908672 131072    1.863
00:28:40.703 VLLM::W        1046586 nvme1n1 RS   1594908928 131072    1.896
00:28:40.704 VLLM::W        1046586 nvme1n1 RS   1594909184 131072    2.016
00:28:40.704 VLLM::W        1046586 nvme1n1 RS   1594909440 131072    2.023
00:28:40.704 VLLM::W        1046586 nvme1n1 RS   1594909696 131072    2.040
00:28:40.704 VLLM::W        1046586 nvme1n1 RS   1594909952 131072    2.046
00:28:40.704 VLLM::W        1046586 nvme1n1 RS   1594910208 131072    2.128
00:28:40.704 VLLM::W        1046586 nvme1n1 RS   1594910464 131072    2.117
00:28:40.704 VLLM::W        1046586 nvme1n1 RS   1594910720 131072    2.130
00:28:40.704 VLLM::W        1046586 nvme1n1 RS   1594910976 131072    2.151
00:28:40.704 VLLM::W        1046586 nvme1n1 RS   1594911488 131072    2.207
00:28:40.704 VLLM::W        1046586 nvme1n1 RS   1594911744 131072    2.248
00:28:40.704 VLLM::W        1046586 nvme1n1 RS   1594911232 131072    2.267
00:28:40.704 VLLM::W        1046586 nvme1n1 RS   1594912000 131072    2.290
00:28:40.704 VLLM::W        1046586 nvme1n1 RS   1594912512 131072    2.322
00:28:40.704 VLLM::W        1046586 nvme1n1 RS   1594912768 131072    2.360
00:28:40.704 VLLM::W        1046586 nvme1n1 RS   1594912256 131072    2.414
00:28:40.704 VLLM::W        1046586 nvme1n1 RS   1594913024 131072    2.412
00:28:40.704 VLLM::W        1046589 nvme1n1 RS   1594748928 131072    1.849
00:28:40.704 VLLM::W        1046589 nvme1n1 RS   1594749184 131072    1.870
00:28:40.704 VLLM::W        1046589 nvme1n1 RS   1594749440 131072    1.898
00:28:40.704 VLLM::W        1046589 nvme1n1 RS   1594749696 131072    1.937
00:28:40.704 VLLM::W        1046589 nvme1n1 RS   1594749952 131072    1.948
00:28:40.704 VLLM::W        1046589 nvme1n1 RS   1594750208 131072    2.036
00:28:40.704 VLLM::W        1046589 nvme1n1 RS   1594750464 131072    2.049
00:28:40.704 VLLM::W        1046589 nvme1n1 RS   1594750720 131072    2.027
00:28:40.704 VLLM::W        1046589 nvme1n1 RS   1594750976 131072    2.059
00:28:40.704 VLLM::W        1046589 nvme1n1 RS   1594751232 131072    2.091
00:28:40.704 VLLM::W        1046589 nvme1n1 RS   1594751488 131072    2.125
00:28:40.704 VLLM::W        1046589 nvme1n1 RS   1594751744 131072    2.162
00:28:40.705 VLLM::W        1046589 nvme1n1 RS   1594752256 131072    2.218
00:28:40.705 VLLM::W        1046589 nvme1n1 RS   1594752000 131072    2.258
00:28:40.705 VLLM::W        1046589 nvme1n1 RS   1594752512 131072    2.265
00:28:40.705 VLLM::W        1046589 nvme1n1 RS   1594752768 131072    2.338
00:28:40.705 VLLM::W        1046589 nvme1n1 RS   1594769408 131072    2.351
00:28:40.705 VLLM::W        1046589 nvme1n1 RS   1594769664 131072    2.362
00:28:40.705 VLLM::W        1046588 nvme1n1 RS   1664417024 8192      1.912
00:28:40.705 VLLM::W        1046588 nvme1n1 RS   1664416000 131072    1.982
00:28:40.705 VLLM::W        1046588 nvme1n1 RS   1664415744 131072    2.011
00:28:40.705 VLLM::W        1046588 nvme1n1 RS   1664416256 131072    2.036
00:28:40.705 VLLM::W        1046588 nvme1n1 RS   1664416512 131072    2.058
00:28:40.705 VLLM::W        1046588 nvme1n1 RS   1664416768 131072    2.070
00:28:40.705 VLLM::W        1046587 nvme1n1 RS   1664420096 131072    1.457
00:28:40.705 VLLM::W        1046587 nvme1n1 RS   1664419840 131072    1.499
00:28:40.705 VLLM::W        1046587 nvme1n1 RS   1664421120 8192      1.523
00:28:40.705 VLLM::W        1046587 nvme1n1 RS   1664420352 131072    1.550
00:28:40.705 VLLM::W        1046587 nvme1n1 RS   1664420608 131072    1.560
00:28:40.705 VLLM::W        1046587 nvme1n1 RS   1664420864 131072    1.600
00:28:40.705 VLLM::W        1046586 nvme1n1 RS   1664403712 131072    0.907
00:28:40.705 VLLM::W        1046586 nvme1n1 RS   1664404736 8192      0.955
00:28:40.705 VLLM::W        1046586 nvme1n1 RS   1664403968 131072    1.002
00:28:40.705 VLLM::W        1046586 nvme1n1 RS   1664403456 131072    1.024
00:28:40.705 VLLM::W        1046586 nvme1n1 RS   1664404224 131072    1.028
00:28:40.705 VLLM::W        1046586 nvme1n1 RS   1664404480 131072    1.063
00:28:40.705 VLLM::W        1046589 nvme1n1 RS   1594366464 131072    0.530
00:28:40.705 VLLM::W        1046589 nvme1n1 RS   1594365952 131072    0.562
00:28:40.705 VLLM::W        1046589 nvme1n1 RS   1594366208 131072    0.573
00:28:40.705 VLLM::W        1046589 nvme1n1 RS   1594366720 131072    0.589
00:28:40.705 VLLM::W        1046589 nvme1n1 RS   1594367232 8192      0.599
00:28:40.705 VLLM::W        1046589 nvme1n1 RS   1594366976 131072    0.601
00:28:40.737 kworker        1444882 nvme0n1 W    37217264   4096      0.933
00:28:41.194 jbd2/nv        391     nvme0n1 WSM  4294248    53248     1.311
00:28:41.194 jbd2/nv        391     nvme0n1 WSM  4294352    4096      0.665
00:28:41.273 nvme           1462175 Unknown N    -1         512       0.113
00:28:41.275 jbd2/nv        752     nvme1n1 WSM  877445056  131072    0.160
00:28:41.275 jbd2/nv        752     nvme1n1 WSM  877445312  20480     0.167
00:28:41.275 jbd2/nv        752     nvme1n1 WSM  877445352  4096      0.030
00:28:42.276 nvme           1462186 Unknown N    -1         512       0.034
00:28:43.278 nvme           1462190 Unknown N    -1         512       0.075
00:28:43.296 kworker        1422190 nvme1n1 W    1719340944 4096      0.058
00:28:43.296 kworker        1422190 nvme1n1 W    1719353216 4096      0.064
00:28:43.296 kworker        1461926 nvme1n1 W    587551528  57344     0.087
00:28:44.144 VLLM::W        1046589 nvme1n1 RS   575737856  131072    0.270
00:28:44.144 VLLM::W        1046589 nvme1n1 RS   575738112  131072    0.277
00:28:44.144 VLLM::W        1046589 nvme1n1 RS   575738368  131072    0.284
00:28:44.144 VLLM::W        1046589 nvme1n1 RS   575738624  131072    0.313
00:28:44.144 VLLM::W        1046589 nvme1n1 RS   575738880  131072    0.365
00:28:44.144 VLLM::W        1046587 nvme1n1 RS   1565474816 131072    0.524
00:28:44.144 VLLM::W        1046588 nvme1n1 RS   1565323520 131072    0.538
00:28:44.144 VLLM::W        1046587 nvme1n1 RS   1565475072 131072    0.554
00:28:44.144 VLLM::W        1046588 nvme1n1 RS   1565323264 131072    0.586
00:28:44.144 VLLM::W        1046587 nvme1n1 RS   1565475328 131072    0.598
00:28:44.144 VLLM::W        1046587 nvme1n1 RS   1565475584 131072    0.608
00:28:44.144 VLLM::W        1046587 nvme1n1 RS   1565475840 131072    0.638
00:28:44.144 VLLM::W        1046587 nvme1n1 RS   1565476096 131072    0.702
00:28:44.144 VLLM::W        1046587 nvme1n1 RS   1565476352 131072    0.707
00:28:44.145 VLLM::W        1046588 nvme1n1 RS   1565323776 131072    0.796
00:28:44.145 VLLM::W        1046588 nvme1n1 RS   1565324032 131072    0.813
00:28:44.145 VLLM::W        1046588 nvme1n1 RS   1565324288 131072    0.822
00:28:44.145 VLLM::W        1046588 nvme1n1 RS   1565324544 131072    0.854
00:28:44.145 VLLM::W        1046588 nvme1n1 RS   1565324800 131072    0.888
00:28:44.145 VLLM::W        1046589 nvme1n1 RS   575739392  131072    0.974
00:28:44.145 VLLM::W        1046589 nvme1n1 RS   575739136  131072    0.988
00:28:44.145 VLLM::W        1046586 nvme1n1 RS   1565462528 131072    1.094
00:28:44.145 VLLM::W        1046586 nvme1n1 RS   1565463040 131072    1.100
00:28:44.145 VLLM::W        1046586 nvme1n1 RS   1565462784 131072    1.117
00:28:44.145 VLLM::W        1046586 nvme1n1 RS   1565463296 131072    1.179
00:28:44.145 VLLM::W        1046586 nvme1n1 RS   1565463552 131072    1.195
00:28:44.145 VLLM::W        1046586 nvme1n1 RS   1565463808 131072    1.209
00:28:44.145 VLLM::W        1046586 nvme1n1 RS   1565464064 131072    1.218
00:28:44.145 VLLM::W        1046589 nvme1n1 RS   575739648  131072    1.236
00:28:44.145 VLLM::W        1046589 nvme1n1 RS   575739904  131072    1.306
00:28:44.145 VLLM::W        1046589 nvme1n1 RS   575740160  131072    1.310
00:28:44.145 VLLM::W        1046589 nvme1n1 RS   575740672  131072    1.354
00:28:44.145 VLLM::W        1046589 nvme1n1 RS   575740416  131072    1.372
00:28:44.145 VLLM::W        1046589 nvme1n1 RS   575740928  131072    1.378
00:28:44.145 VLLM::W        1046587 nvme1n1 RS   1565477120 131072    1.492
00:28:44.145 VLLM::W        1046587 nvme1n1 RS   1565476608 131072    1.519
00:28:44.145 VLLM::W        1046587 nvme1n1 RS   1565476864 131072    1.540
00:28:44.145 VLLM::W        1046587 nvme1n1 RS   1565477376 131072    1.552
00:28:44.145 VLLM::W        1046588 nvme1n1 RS   1565325056 131072    1.577
00:28:44.145 VLLM::W        1046588 nvme1n1 RS   1565325312 131072    1.650
00:28:44.146 VLLM::W        1046588 nvme1n1 RS   1565325568 131072    1.666
00:28:44.146 VLLM::W        1046588 nvme1n1 RS   1565325824 131072    1.687
00:28:44.146 VLLM::W        1046586 nvme1n1 RS   1565464320 131072    1.700
00:28:44.146 VLLM::W        1046587 nvme1n1 RS   1565477888 131072    1.795
00:28:44.146 VLLM::W        1046587 nvme1n1 RS   1565477632 131072    1.813
00:28:44.146 VLLM::W        1046587 nvme1n1 RS   1565478144 131072    1.883
00:28:44.146 VLLM::W        1046587 nvme1n1 RS   1565478400 131072    1.903
00:28:44.146 VLLM::W        1046589 nvme1n1 RS   575741440  131072    1.917
00:28:44.146 VLLM::W        1046589 nvme1n1 RS   575741184  131072    1.972
00:28:44.146 VLLM::W        1046589 nvme1n1 RS   575741696  131072    1.977
00:28:44.146 VLLM::W        1046588 nvme1n1 RS   1565326080 131072    2.006
00:28:44.146 VLLM::W        1046588 nvme1n1 RS   1565326592 131072    2.081
00:28:44.146 VLLM::W        1046588 nvme1n1 RS   1565326848 131072    2.094
00:28:44.146 VLLM::W        1046588 nvme1n1 RS   1565326336 131072    2.114
00:28:44.146 VLLM::W        1046586 nvme1n1 RS   1565465088 131072    2.205
00:28:44.146 VLLM::W        1046586 nvme1n1 RS   1565464576 131072    2.233
00:28:44.146 VLLM::W        1046586 nvme1n1 RS   1565464832 131072    2.237
00:28:44.146 VLLM::W        1046586 nvme1n1 RS   1565465344 131072    2.286
00:28:44.146 VLLM::W        1046586 nvme1n1 RS   1565465600 131072    2.297
00:28:44.146 VLLM::W        1046589 nvme1n1 RS   575741952  131072    2.350
00:28:44.146 VLLM::W        1046586 nvme1n1 RS   1565465856 131072    2.366
00:28:44.146 VLLM::W        1046589 nvme1n1 RS   575742208  131072    2.408
00:28:44.146 VLLM::W        1046586 nvme1n1 RS   1565483008 131072    2.484
00:28:44.146 VLLM::W        1046586 nvme1n1 RS   1565466112 131072    2.525
00:28:44.146 VLLM::W        1046586 nvme1n1 RS   1565483264 131072    2.516
00:28:44.146 VLLM::W        1046587 nvme1n1 RS   1565478656 131072    2.576
00:28:44.147 VLLM::W        1046586 nvme1n1 RS   1565466368 131072    2.615
00:28:44.147 VLLM::W        1046587 nvme1n1 RS   1565495296 131072    2.640
00:28:44.147 VLLM::W        1046588 nvme1n1 RS   1565327104 131072    2.727
00:28:44.147 VLLM::W        1046588 nvme1n1 RS   1565458432 131072    2.742
00:28:44.147 VLLM::W        1046588 nvme1n1 RS   1565458688 131072    2.752
00:28:44.147 VLLM::W        1046587 nvme1n1 RS   1565495552 131072    2.772
00:28:44.147 VLLM::W        1046589 nvme1n1 RS   1565519872 131072    0.217
00:28:44.147 VLLM::W        1046589 nvme1n1 RS   1565520128 131072    0.223
00:28:44.147 VLLM::W        1046589 nvme1n1 RS   1565520384 131072    0.289
00:28:44.147 VLLM::W        1046589 nvme1n1 RS   1565520640 131072    0.304
00:28:44.147 VLLM::W        1046589 nvme1n1 RS   1565520896 131072    0.343
00:28:44.147 VLLM::W        1046589 nvme1n1 RS   1565521152 131072    0.400
00:28:44.147 VLLM::W        1046589 nvme1n1 RS   1565521408 131072    0.423
00:28:44.147 VLLM::W        1046589 nvme1n1 RS   1565521664 131072    0.434
00:28:44.147 VLLM::W        1046589 nvme1n1 RS   1565521920 131072    0.470
00:28:44.147 VLLM::W        1046589 nvme1n1 RS   1565522176 131072    0.483
00:28:44.147 VLLM::W        1046589 nvme1n1 RS   1565522432 131072    0.508
00:28:44.147 VLLM::W        1046589 nvme1n1 RS   1565522688 131072    0.546
00:28:44.147 VLLM::W        1046589 nvme1n1 RS   1565522944 131072    0.556
00:28:44.147 VLLM::W        1046589 nvme1n1 RS   1565523456 131072    0.652
00:28:44.147 VLLM::W        1046589 nvme1n1 RS   1565523712 131072    0.682
00:28:44.147 VLLM::W        1046589 nvme1n1 RS   1565523200 131072    0.709
00:28:44.147 VLLM::W        1046589 nvme1n1 RS   1565536512 131072    0.737
00:28:44.147 VLLM::W        1046589 nvme1n1 RS   1565536256 131072    0.786
00:28:44.147 VLLM::W        1046586 nvme1n1 RS   844926976  131072    0.689
00:28:44.147 VLLM::W        1046586 nvme1n1 RS   844927488  131072    0.743
00:28:44.147 VLLM::W        1046586 nvme1n1 RS   844927744  131072    0.782
00:28:44.148 VLLM::W        1046586 nvme1n1 RS   844928000  131072    0.792
00:28:44.148 VLLM::W        1046586 nvme1n1 RS   844928256  131072    0.866
00:28:44.148 VLLM::W        1046586 nvme1n1 RS   844928512  131072    0.878
00:28:44.148 VLLM::W        1046586 nvme1n1 RS   844927232  131072    0.900
00:28:44.148 VLLM::W        1046586 nvme1n1 RS   844928768  131072    0.914
00:28:44.148 VLLM::W        1046586 nvme1n1 RS   844929024  131072    0.924
00:28:44.148 VLLM::W        1046586 nvme1n1 RS   844929536  131072    0.991
00:28:44.148 VLLM::W        1046586 nvme1n1 RS   844929280  131072    1.015
00:28:44.148 VLLM::W        1046586 nvme1n1 RS   844929792  131072    1.028
00:28:44.148 VLLM::W        1046586 nvme1n1 RS   844930048  131072    1.038
00:28:44.148 VLLM::W        1046586 nvme1n1 RS   844930304  131072    1.109
00:28:44.148 VLLM::W        1046586 nvme1n1 RS   844930560  131072    1.126
00:28:44.148 VLLM::W        1046586 nvme1n1 RS   844930816  131072    1.118
00:28:44.148 VLLM::W        1046586 nvme1n1 RS   844931328  131072    1.164
00:28:44.148 VLLM::W        1046586 nvme1n1 RS   844931072  131072    1.218
00:28:44.148 VLLM::W        1046587 nvme1n1 RS   1565499648 131072    1.251
00:28:44.148 VLLM::W        1046587 nvme1n1 RS   1565499392 131072    1.279
00:28:44.148 VLLM::W        1046587 nvme1n1 RS   1565499904 131072    1.286
00:28:44.148 VLLM::W        1046587 nvme1n1 RS   1565500160 131072    1.297
00:28:44.148 VLLM::W        1046587 nvme1n1 RS   1565500416 131072    1.378
00:28:44.148 VLLM::W        1046587 nvme1n1 RS   1565500672 131072    1.388
00:28:44.148 VLLM::W        1046588 nvme1n1 RS   731176960  131072    1.436
00:28:44.148 VLLM::W        1046588 nvme1n1 RS   731177216  131072    1.490
00:28:44.148 VLLM::W        1046587 nvme1n1 RS   1565500928 131072    1.518
00:28:44.148 VLLM::W        1046588 nvme1n1 RS   731177472  131072    1.517
00:28:44.148 VLLM::W        1046588 nvme1n1 RS   731177728  131072    1.590
00:28:44.148 VLLM::W        1046588 nvme1n1 RS   731177984  131072    1.607
00:28:44.148 VLLM::W        1046588 nvme1n1 RS   731178240  131072    1.627
00:28:44.149 VLLM::W        1046588 nvme1n1 RS   731178496  131072    1.652
00:28:44.149 VLLM::W        1046587 nvme1n1 RS   1565501184 131072    1.641
00:28:44.149 VLLM::W        1046587 nvme1n1 RS   1565501440 131072    1.695
00:28:44.149 VLLM::W        1046587 nvme1n1 RS   1565501696 131072    1.728
00:28:44.149 VLLM::W        1046587 nvme1n1 RS   1565501952 131072    1.762
00:28:44.149 VLLM::W        1046587 nvme1n1 RS   1565502208 131072    1.792
00:28:44.149 VLLM::W        1046587 nvme1n1 RS   1565502464 131072    1.819
00:28:44.149 VLLM::W        1046587 nvme1n1 RS   1565502720 131072    1.855
00:28:44.149 VLLM::W        1046587 nvme1n1 RS   1565502976 131072    1.889
00:28:44.149 VLLM::W        1046588 nvme1n1 RS   731178752  131072    1.925
00:28:44.149 VLLM::W        1046588 nvme1n1 RS   731179008  131072    1.959
00:28:44.149 VLLM::W        1046588 nvme1n1 RS   731179264  131072    2.019
00:28:44.149 VLLM::W        1046588 nvme1n1 RS   731179520  131072    2.023
00:28:44.149 VLLM::W        1046587 nvme1n1 RS   1565511680 131072    2.107
00:28:44.149 VLLM::W        1046587 nvme1n1 RS   1565503232 131072    2.131
00:28:44.149 VLLM::W        1046587 nvme1n1 RS   1565511936 131072    2.138
00:28:44.149 VLLM::W        1046588 nvme1n1 RS   731179776  131072    2.200
00:28:44.149 VLLM::W        1046588 nvme1n1 RS   731180032  131072    2.201
00:28:44.149 VLLM::W        1046588 nvme1n1 RS   731180288  131072    2.209
00:28:44.149 VLLM::W        1046588 nvme1n1 RS   731180544  131072    2.235
00:28:44.149 VLLM::W        1046588 nvme1n1 RS   731180800  131072    2.303
00:28:44.149 VLLM::W        1046588 nvme1n1 RS   731250688  131072    2.319
00:28:44.149 VLLM::W        1046588 nvme1n1 RS   731250944  131072    2.358
00:28:44.149 VLLM::W        1046589 nvme1n1 RS   1581850624 131072    1.901
00:28:44.149 VLLM::W        1046589 nvme1n1 RS   1581851136 131072    1.958
00:28:44.150 VLLM::W        1046589 nvme1n1 RS   1581851392 131072    1.973
00:28:44.150 VLLM::W        1046589 nvme1n1 RS   1581850880 131072    2.002
00:28:44.150 VLLM::W        1046589 nvme1n1 RS   1581851648 131072    2.010
00:28:44.150 VLLM::W        1046589 nvme1n1 RS   1581851904 131072    2.042
00:28:44.150 VLLM::W        1046589 nvme1n1 RS   1581852160 131072    2.074
00:28:44.150 VLLM::W        1046589 nvme1n1 RS   1581852416 131072    2.049
00:28:44.150 VLLM::W        1046589 nvme1n1 RS   1581852672 131072    2.063
00:28:44.150 VLLM::W        1046589 nvme1n1 RS   1581852928 131072    2.104
00:28:44.150 VLLM::W        1046589 nvme1n1 RS   1581853184 131072    2.132
00:28:44.150 VLLM::W        1046589 nvme1n1 RS   1581853440 131072    2.179
00:28:44.150 VLLM::W        1046589 nvme1n1 RS   1581853696 131072    2.189
00:28:44.150 VLLM::W        1046589 nvme1n1 RS   1581853952 131072    2.240
00:28:44.150 VLLM::W        1046589 nvme1n1 RS   1581854208 131072    2.269
00:28:44.150 VLLM::W        1046589 nvme1n1 RS   1581854464 131072    2.287
00:28:44.150 VLLM::W        1046589 nvme1n1 RS   1581854720 131072    2.316
00:28:44.150 VLLM::W        1046589 nvme1n1 RS   1581854976 131072    2.347
00:28:44.150 VLLM::W        1046586 nvme1n1 RS   1565466880 131072    1.968
00:28:44.150 VLLM::W        1046586 nvme1n1 RS   1565466624 131072    1.990
00:28:44.150 VLLM::W        1046586 nvme1n1 RS   1565467136 131072    1.984
00:28:44.150 VLLM::W        1046586 nvme1n1 RS   1565467392 131072    1.986
00:28:44.150 VLLM::W        1046586 nvme1n1 RS   1565467648 131072    2.018
00:28:44.150 VLLM::W        1046586 nvme1n1 RS   1565467904 131072    2.044
00:28:44.150 VLLM::W        1046586 nvme1n1 RS   1565468160 131072    2.062
00:28:44.150 VLLM::W        1046586 nvme1n1 RS   1565468416 131072    2.079
00:28:44.150 VLLM::W        1046586 nvme1n1 RS   1565468672 131072    2.091
00:28:44.150 VLLM::W        1046586 nvme1n1 RS   1565468928 131072    2.116
00:28:44.150 VLLM::W        1046586 nvme1n1 RS   1565469440 131072    2.183
00:28:44.150 VLLM::W        1046586 nvme1n1 RS   1565469184 131072    2.205
00:28:44.150 VLLM::W        1046586 nvme1n1 RS   1565469696 131072    2.212
00:28:44.151 VLLM::W        1046586 nvme1n1 RS   1565469952 131072    2.237
00:28:44.151 VLLM::W        1046586 nvme1n1 RS   1565470208 131072    2.312
00:28:44.151 VLLM::W        1046586 nvme1n1 RS   1565487104 131072    2.325
00:28:44.151 VLLM::W        1046586 nvme1n1 RS   1565470464 131072    2.358
00:28:44.151 VLLM::W        1046587 nvme1n1 RS   844935168  131072    1.479
00:28:44.151 VLLM::W        1046586 nvme1n1 RS   1565487360 131072    2.431
00:28:44.151 VLLM::W        1046587 nvme1n1 RS   844935680  131072    1.552
00:28:44.151 VLLM::W        1046587 nvme1n1 RS   844935936  131072    1.574
00:28:44.151 VLLM::W        1046587 nvme1n1 RS   844935424  131072    1.595
00:28:44.151 VLLM::W        1046587 nvme1n1 RS   844936192  131072    1.619
00:28:44.151 VLLM::W        1046587 nvme1n1 RS   844936704  131072    1.666
00:28:44.151 VLLM::W        1046587 nvme1n1 RS   844936448  131072    1.739
00:28:44.151 VLLM::W        1046587 nvme1n1 RS   844937472  131072    1.745
00:28:44.151 VLLM::W        1046587 nvme1n1 RS   844937216  131072    1.780
00:28:44.151 VLLM::W        1046587 nvme1n1 RS   844936960  131072    1.801
00:28:44.151 VLLM::W        1046587 nvme1n1 RS   844937728  131072    1.805
00:28:44.151 VLLM::W        1046587 nvme1n1 RS   844938240  131072    1.843
00:28:44.151 VLLM::W        1046587 nvme1n1 RS   844937984  131072    1.859
00:28:44.151 VLLM::W        1046587 nvme1n1 RS   844938496  131072    1.884
00:28:44.151 VLLM::W        1046587 nvme1n1 RS   844938752  131072    1.910
00:28:44.151 VLLM::W        1046587 nvme1n1 RS   844939008  131072    1.925
00:28:44.151 VLLM::W        1046587 nvme1n1 RS   844939264  131072    1.953
00:28:44.151 VLLM::W        1046587 nvme1n1 RS   844939520  131072    1.991
00:28:44.151 VLLM::W        1046588 nvme1n1 RS   731181056  131072    1.869
00:28:44.151 VLLM::W        1046588 nvme1n1 RS   731181312  131072    1.882
00:28:44.151 VLLM::W        1046588 nvme1n1 RS   731181568  131072    1.901
00:28:44.151 VLLM::W        1046588 nvme1n1 RS   731181824  131072    1.909
00:28:44.152 VLLM::W        1046588 nvme1n1 RS   731182080  131072    2.019
00:28:44.152 VLLM::W        1046588 nvme1n1 RS   731182336  131072    2.047
00:28:44.152 VLLM::W        1046588 nvme1n1 RS   731182592  131072    2.049
00:28:44.152 VLLM::W        1046588 nvme1n1 RS   731182848  131072    2.032
00:28:44.152 VLLM::W        1046588 nvme1n1 RS   731183104  131072    2.041
00:28:44.152 VLLM::W        1046588 nvme1n1 RS   731183360  131072    2.126
00:28:44.152 VLLM::W        1046588 nvme1n1 RS   731183616  131072    2.142
00:28:44.152 VLLM::W        1046588 nvme1n1 RS   731183872  131072    2.147
00:28:44.152 VLLM::W        1046588 nvme1n1 RS   731184384  131072    2.235
00:28:44.152 VLLM::W        1046588 nvme1n1 RS   731184128  131072    2.259
00:28:44.152 VLLM::W        1046588 nvme1n1 RS   731184640  131072    2.273
00:28:44.152 VLLM::W        1046588 nvme1n1 RS   731184896  131072    2.259
00:28:44.152 VLLM::W        1046588 nvme1n1 RS   1565470976 131072    2.312
00:28:44.152 VLLM::W        1046588 nvme1n1 RS   1565470720 131072    2.346
00:28:44.152 VLLM::W        1046589 nvme1n1 RS   1685999872 131072    1.896
00:28:44.152 VLLM::W        1046589 nvme1n1 RS   1685999616 131072    1.935
00:28:44.152 VLLM::W        1046589 nvme1n1 RS   1686000384 131072    1.957
00:28:44.152 VLLM::W        1046589 nvme1n1 RS   1686000640 131072    1.995
00:28:44.152 VLLM::W        1046589 nvme1n1 RS   1686000128 131072    2.016
00:28:44.152 VLLM::W        1046589 nvme1n1 RS   1686001152 131072    2.084
00:28:44.152 VLLM::W        1046589 nvme1n1 RS   1686000896 131072    2.092
00:28:44.152 VLLM::W        1046589 nvme1n1 RS   1686001408 131072    2.126
00:28:44.152 VLLM::W        1046589 nvme1n1 RS   1686001920 131072    2.133
00:28:44.152 VLLM::W        1046589 nvme1n1 RS   1686001664 131072    2.176
00:28:44.152 VLLM::W        1046589 nvme1n1 RS   1686002176 131072    2.225
00:28:44.153 VLLM::W        1046589 nvme1n1 RS   1686002432 131072    2.246
00:28:44.153 VLLM::W        1046589 nvme1n1 RS   1686002944 131072    2.261
00:28:44.153 VLLM::W        1046589 nvme1n1 RS   1686002688 131072    2.273
00:28:44.153 VLLM::W        1046589 nvme1n1 RS   1686003200 131072    2.348
00:28:44.153 VLLM::W        1046589 nvme1n1 RS   1686003456 131072    2.353
00:28:44.153 VLLM::W        1046589 nvme1n1 RS   1686003712 131072    2.374
00:28:44.153 VLLM::W        1046589 nvme1n1 RS   1686003968 131072    2.380
00:28:44.153 VLLM::W        1046586 nvme1n1 RS   1565479168 131072    1.898
00:28:44.153 VLLM::W        1046586 nvme1n1 RS   1565478912 131072    1.909
00:28:44.153 VLLM::W        1046586 nvme1n1 RS   1565479424 131072    1.914
00:28:44.153 VLLM::W        1046586 nvme1n1 RS   1565479680 131072    1.916
00:28:44.153 VLLM::W        1046586 nvme1n1 RS   1565479936 131072    1.957
00:28:44.153 VLLM::W        1046586 nvme1n1 RS   1565480192 131072    1.973
00:28:44.153 VLLM::W        1046586 nvme1n1 RS   1565480448 131072    1.993
00:28:44.153 VLLM::W        1046586 nvme1n1 RS   1565480704 131072    1.991
00:28:44.153 VLLM::W        1046586 nvme1n1 RS   1565480960 131072    2.049
00:28:44.153 VLLM::W        1046586 nvme1n1 RS   1565481216 131072    2.070
00:28:44.153 VLLM::W        1046586 nvme1n1 RS   1565481472 131072    2.089
00:28:44.153 VLLM::W        1046586 nvme1n1 RS   1565481728 131072    2.099
00:28:44.153 VLLM::W        1046586 nvme1n1 RS   1565482496 131072    2.196
00:28:44.153 VLLM::W        1046586 nvme1n1 RS   1565481984 131072    2.228
00:28:44.153 VLLM::W        1046586 nvme1n1 RS   1565482240 131072    2.240
00:28:44.153 VLLM::W        1046586 nvme1n1 RS   1565482752 131072    2.234
00:28:44.153 VLLM::W        1046586 nvme1n1 RS   1565491200 131072    2.259
00:28:44.153 VLLM::W        1046586 nvme1n1 RS   1565491456 131072    2.302
00:28:44.153 VLLM::W        1046587 nvme1n1 RS   1565503488 131072    1.908
00:28:44.153 VLLM::W        1046587 nvme1n1 RS   1565503744 131072    1.933
00:28:44.153 VLLM::W        1046587 nvme1n1 RS   1565504000 131072    2.025
00:28:44.154 VLLM::W        1046587 nvme1n1 RS   1565504256 131072    2.037
00:28:44.154 VLLM::W        1046587 nvme1n1 RS   1565504512 131072    2.047
00:28:44.154 VLLM::W        1046587 nvme1n1 RS   1565504768 131072    2.103
00:28:44.154 VLLM::W        1046587 nvme1n1 RS   1565505024 131072    2.106
00:28:44.154 VLLM::W        1046587 nvme1n1 RS   1565505280 131072    2.125
00:28:44.154 VLLM::W        1046587 nvme1n1 RS   1565505536 131072    2.136
00:28:44.154 VLLM::W        1046587 nvme1n1 RS   1565505792 131072    2.169
00:28:44.154 VLLM::W        1046587 nvme1n1 RS   1565506048 131072    2.199
00:28:44.154 VLLM::W        1046587 nvme1n1 RS   1565506304 131072    2.240
00:28:44.154 VLLM::W        1046587 nvme1n1 RS   1565506560 131072    2.266
00:28:44.154 VLLM::W        1046587 nvme1n1 RS   1565506816 131072    2.296
00:28:44.154 VLLM::W        1046587 nvme1n1 RS   1565507072 131072    2.402
00:28:44.154 VLLM::W        1046587 nvme1n1 RS   1565507328 131072    2.408
00:28:44.154 VLLM::W        1046587 nvme1n1 RS   1565507584 131072    2.417
00:28:44.154 VLLM::W        1046587 nvme1n1 RS   1565507840 131072    2.465
00:28:44.154 VLLM::W        1046588 nvme1n1 RS   1565516032 131072    1.881
00:28:44.154 VLLM::W        1046588 nvme1n1 RS   1565515776 131072    1.897
00:28:44.154 VLLM::W        1046588 nvme1n1 RS   1565516544 131072    1.927
00:28:44.154 VLLM::W        1046588 nvme1n1 RS   1565516288 131072    2.007
00:28:44.154 VLLM::W        1046588 nvme1n1 RS   1565516800 131072    2.025
00:28:44.154 VLLM::W        1046588 nvme1n1 RS   1565517056 131072    2.055
00:28:44.154 VLLM::W        1046588 nvme1n1 RS   1565517568 131072    2.020
00:28:44.154 VLLM::W        1046588 nvme1n1 RS   1565517312 131072    2.119
00:28:44.154 VLLM::W        1046588 nvme1n1 RS   1565517824 131072    2.107
00:28:44.154 VLLM::W        1046588 nvme1n1 RS   1565518080 131072    2.122
00:28:44.154 VLLM::W        1046588 nvme1n1 RS   1565518336 131072    2.139
00:28:44.154 VLLM::W        1046588 nvme1n1 RS   1565518592 131072    2.149
00:28:44.155 VLLM::W        1046588 nvme1n1 RS   1565518848 131072    2.236
00:28:44.155 VLLM::W        1046588 nvme1n1 RS   1565519104 131072    2.252
00:28:44.155 VLLM::W        1046588 nvme1n1 RS   1565519360 131072    2.257
00:28:44.155 VLLM::W        1046588 nvme1n1 RS   1565519616 131072    2.307
00:28:44.155 VLLM::W        1046588 nvme1n1 RS   1565523968 131072    2.318
00:28:44.155 VLLM::W        1046588 nvme1n1 RS   1565524224 131072    2.343
00:28:44.155 VLLM::W        1046589 nvme1n1 RS   1593131264 131072    1.989
00:28:44.155 VLLM::W        1046589 nvme1n1 RS   1593131008 131072    2.000
00:28:44.155 VLLM::W        1046589 nvme1n1 RS   1593131520 131072    1.985
00:28:44.155 VLLM::W        1046589 nvme1n1 RS   1593131776 131072    1.990
00:28:44.155 VLLM::W        1046589 nvme1n1 RS   1593132032 131072    2.033
00:28:44.155 VLLM::W        1046589 nvme1n1 RS   1593132288 131072    2.064
00:28:44.155 VLLM::W        1046589 nvme1n1 RS   1593132544 131072    2.094
00:28:44.155 VLLM::W        1046589 nvme1n1 RS   1593132800 131072    2.079
00:28:44.155 VLLM::W        1046589 nvme1n1 RS   1593133056 131072    2.130
00:28:44.155 VLLM::W        1046589 nvme1n1 RS   1593133312 131072    2.171
00:28:44.155 VLLM::W        1046589 nvme1n1 RS   1593133568 131072    2.183
00:28:44.155 VLLM::W        1046589 nvme1n1 RS   1593133824 131072    2.215
00:28:44.155 VLLM::W        1046589 nvme1n1 RS   1593134080 131072    2.242
00:28:44.155 VLLM::W        1046589 nvme1n1 RS   1593134336 131072    2.277
00:28:44.155 VLLM::W        1046589 nvme1n1 RS   1593134592 131072    2.325
00:28:44.155 VLLM::W        1046589 nvme1n1 RS   1593134848 131072    2.338
00:28:44.155 VLLM::W        1046589 nvme1n1 RS   1593135104 131072    2.369
00:28:44.155 VLLM::W        1046589 nvme1n1 RS   1593135360 131072    2.402
00:28:44.155 VLLM::W        1046586 nvme1n1 RS   60137472   131072    1.857
00:28:44.155 VLLM::W        1046586 nvme1n1 RS   60137728   131072    1.892
00:28:44.155 VLLM::W        1046586 nvme1n1 RS   60137984   131072    1.925
00:28:44.155 VLLM::W        1046586 nvme1n1 RS   60138240   131072    1.955
00:28:44.156 VLLM::W        1046586 nvme1n1 RS   60138496   131072    2.002
00:28:44.156 VLLM::W        1046586 nvme1n1 RS   60138752   131072    2.053
00:28:44.156 VLLM::W        1046586 nvme1n1 RS   60139008   131072    2.064
00:28:44.156 VLLM::W        1046586 nvme1n1 RS   60139264   131072    2.075
00:28:44.156 VLLM::W        1046586 nvme1n1 RS   60139520   131072    2.086
00:28:44.156 VLLM::W        1046586 nvme1n1 RS   60139776   131072    2.128
00:28:44.156 VLLM::W        1046586 nvme1n1 RS   60140032   131072    2.153
00:28:44.156 VLLM::W        1046586 nvme1n1 RS   60140288   131072    2.178
00:28:44.156 VLLM::W        1046586 nvme1n1 RS   60140544   131072    2.243
00:28:44.156 VLLM::W        1046586 nvme1n1 RS   60140800   131072    2.267
00:28:44.156 VLLM::W        1046586 nvme1n1 RS   60141056   131072    2.277
00:28:44.156 VLLM::W        1046586 nvme1n1 RS   60141312   131072    2.322
00:28:44.156 VLLM::W        1046586 nvme1n1 RS   60141568   131072    2.363
00:28:44.156 VLLM::W        1046586 nvme1n1 RS   60141824   131072    2.374
00:28:44.156 VLLM::W        1046587 nvme1n1 RS   1593151488 131072    1.875
00:28:44.156 VLLM::W        1046587 nvme1n1 RS   1593151744 131072    1.900
00:28:44.156 VLLM::W        1046587 nvme1n1 RS   1593152000 131072    1.947
00:28:44.156 VLLM::W        1046587 nvme1n1 RS   1593152256 131072    1.975
00:28:44.156 VLLM::W        1046587 nvme1n1 RS   1593153024 131072    2.085
00:28:44.156 VLLM::W        1046587 nvme1n1 RS   1593152512 131072    2.125
00:28:44.156 VLLM::W        1046587 nvme1n1 RS   1593153280 131072    2.090
00:28:44.156 VLLM::W        1046587 nvme1n1 RS   1593153792 131072    2.136
00:28:44.156 VLLM::W        1046587 nvme1n1 RS   1593152768 131072    2.214
00:28:44.156 VLLM::W        1046587 nvme1n1 RS   1593154048 131072    2.167
00:28:44.156 VLLM::W        1046587 nvme1n1 RS   1593154304 131072    2.197
00:28:44.157 VLLM::W        1046587 nvme1n1 RS   1593154816 131072    2.262
00:28:44.157 VLLM::W        1046587 nvme1n1 RS   1593153536 131072    2.319
00:28:44.157 VLLM::W        1046587 nvme1n1 RS   1593155072 131072    2.328
00:28:44.157 VLLM::W        1046587 nvme1n1 RS   1593155328 131072    2.326
00:28:44.157 VLLM::W        1046587 nvme1n1 RS   1593155584 131072    2.360
00:28:44.157 VLLM::W        1046587 nvme1n1 RS   1593154560 131072    2.397
00:28:44.157 VLLM::W        1046587 nvme1n1 RS   1593155840 131072    2.407
00:28:44.157 VLLM::W        1046588 nvme1n1 RS   1593147392 131072    1.889
00:28:44.157 VLLM::W        1046588 nvme1n1 RS   1593147648 131072    1.914
00:28:44.157 VLLM::W        1046588 nvme1n1 RS   1593147904 131072    1.936
00:28:44.157 VLLM::W        1046588 nvme1n1 RS   1593148160 131072    1.968
00:28:44.157 VLLM::W        1046588 nvme1n1 RS   1593148416 131072    2.012
00:28:44.157 VLLM::W        1046588 nvme1n1 RS   1593148928 131072    2.080
00:28:44.157 VLLM::W        1046588 nvme1n1 RS   1593148672 131072    2.105
00:28:44.157 VLLM::W        1046588 nvme1n1 RS   1593149184 131072    2.058
00:28:44.157 VLLM::W        1046588 nvme1n1 RS   1593149440 131072    2.146
00:28:44.157 VLLM::W        1046588 nvme1n1 RS   1593149696 131072    2.157
00:28:44.157 VLLM::W        1046588 nvme1n1 RS   1593149952 131072    2.179
00:28:44.157 VLLM::W        1046588 nvme1n1 RS   1593150208 131072    2.169
00:28:44.157 VLLM::W        1046588 nvme1n1 RS   1593150464 131072    2.190
00:28:44.157 VLLM::W        1046588 nvme1n1 RS   1593150720 131072    2.278
00:28:44.157 VLLM::W        1046588 nvme1n1 RS   1593150976 131072    2.295
00:28:44.157 VLLM::W        1046588 nvme1n1 RS   1593151232 131072    2.282
00:28:44.157 VLLM::W        1046588 nvme1n1 RS   1593159680 131072    2.322
00:28:44.157 VLLM::W        1046588 nvme1n1 RS   1593159936 131072    2.348
00:28:44.158 VLLM::W        1046589 nvme1n1 RS   1593393152 131072    1.978
00:28:44.158 VLLM::W        1046589 nvme1n1 RS   1593393408 131072    1.978
00:28:44.158 VLLM::W        1046589 nvme1n1 RS   1593393664 131072    1.976
00:28:44.158 VLLM::W        1046589 nvme1n1 RS   1593393920 131072    1.989
00:28:44.158 VLLM::W        1046589 nvme1n1 RS   1593394176 131072    2.011
00:28:44.158 VLLM::W        1046589 nvme1n1 RS   1593394432 131072    2.061
00:28:44.158 VLLM::W        1046589 nvme1n1 RS   1593394688 131072    2.066
00:28:44.158 VLLM::W        1046589 nvme1n1 RS   1593394944 131072    2.094
00:28:44.158 VLLM::W        1046589 nvme1n1 RS   1593395200 131072    2.118
00:28:44.158 VLLM::W        1046589 nvme1n1 RS   1593395456 131072    2.123
00:28:44.158 VLLM::W        1046589 nvme1n1 RS   1593395712 131072    2.150
00:28:44.158 VLLM::W        1046589 nvme1n1 RS   1593395968 131072    2.183
00:28:44.158 VLLM::W        1046589 nvme1n1 RS   1593396224 131072    2.213
00:28:44.158 VLLM::W        1046589 nvme1n1 RS   1593396480 131072    2.245
00:28:44.158 VLLM::W        1046589 nvme1n1 RS   1593396736 131072    2.281
00:28:44.158 VLLM::W        1046589 nvme1n1 RS   1593396992 131072    2.311
00:28:44.158 VLLM::W        1046589 nvme1n1 RS   1593405440 131072    2.339
00:28:44.158 VLLM::W        1046589 nvme1n1 RS   1593405696 131072    2.366
00:28:44.158 VLLM::W        1046586 nvme1n1 RS   1593454592 131072    1.905
00:28:44.158 VLLM::W        1046586 nvme1n1 RS   1593454848 131072    1.921
00:28:44.158 VLLM::W        1046586 nvme1n1 RS   1593455104 131072    1.931
00:28:44.158 VLLM::W        1046586 nvme1n1 RS   1593455360 131072    1.961
00:28:44.158 VLLM::W        1046586 nvme1n1 RS   1593455872 131072    2.042
00:28:44.158 VLLM::W        1046586 nvme1n1 RS   1593455616 131072    2.068
00:28:44.158 VLLM::W        1046586 nvme1n1 RS   1593456128 131072    2.096
00:28:44.158 VLLM::W        1046586 nvme1n1 RS   1593456384 131072    2.080
00:28:44.158 VLLM::W        1046586 nvme1n1 RS   1593456640 131072    2.089
00:28:44.158 VLLM::W        1046586 nvme1n1 RS   1593456896 131072    2.115
00:28:44.158 VLLM::W        1046586 nvme1n1 RS   1593457152 131072    2.150
00:28:44.158 VLLM::W        1046586 nvme1n1 RS   1593457408 131072    2.179
00:28:44.158 VLLM::W        1046586 nvme1n1 RS   1593457664 131072    2.211
00:28:44.159 VLLM::W        1046586 nvme1n1 RS   1593457920 131072    2.247
00:28:44.159 VLLM::W        1046586 nvme1n1 RS   1593458176 131072    2.281
00:28:44.159 VLLM::W        1046586 nvme1n1 RS   1593458432 131072    2.298
00:28:44.159 VLLM::W        1046586 nvme1n1 RS   1593458688 131072    2.330
00:28:44.159 VLLM::W        1046586 nvme1n1 RS   1593458944 131072    2.404
00:28:44.159 VLLM::W        1046587 nvme1n1 RS   1593384960 131072    1.920
00:28:44.159 VLLM::W        1046587 nvme1n1 RS   1593385216 131072    1.944
00:28:44.159 VLLM::W        1046587 nvme1n1 RS   1593385472 131072    1.955
00:28:44.159 VLLM::W        1046587 nvme1n1 RS   1593385728 131072    2.001
00:28:44.159 VLLM::W        1046587 nvme1n1 RS   1593385984 131072    2.034
00:28:44.159 VLLM::W        1046587 nvme1n1 RS   1593386240 131072    2.076
00:28:44.159 VLLM::W        1046587 nvme1n1 RS   1593386496 131072    2.116
00:28:44.159 VLLM::W        1046587 nvme1n1 RS   1593386752 131072    2.142
00:28:44.159 VLLM::W        1046587 nvme1n1 RS   1593387008 131072    2.159
00:28:44.159 VLLM::W        1046587 nvme1n1 RS   1593387264 131072    2.174
00:28:44.159 VLLM::W        1046587 nvme1n1 RS   1593387520 131072    2.185
00:28:44.159 VLLM::W        1046587 nvme1n1 RS   1593387776 131072    2.217
00:28:44.159 VLLM::W        1046587 nvme1n1 RS   1593388032 131072    2.269
00:28:44.159 VLLM::W        1046587 nvme1n1 RS   1593388288 131072    2.294
00:28:44.159 VLLM::W        1046587 nvme1n1 RS   1593388544 131072    2.320
00:28:44.159 VLLM::W        1046587 nvme1n1 RS   1593388800 131072    2.358
00:28:44.159 VLLM::W        1046587 nvme1n1 RS   1593401344 131072    2.419
00:28:44.159 VLLM::W        1046587 nvme1n1 RS   1593401600 131072    2.432
00:28:44.160 VLLM::W        1046588 nvme1n1 RS   1593389824 131072    1.960
00:28:44.160 VLLM::W        1046588 nvme1n1 RS   1593389568 131072    1.984
00:28:44.160 VLLM::W        1046588 nvme1n1 RS   1593389056 131072    2.022
00:28:44.160 VLLM::W        1046588 nvme1n1 RS   1593389312 131072    2.032
00:28:44.160 VLLM::W        1046588 nvme1n1 RS   1593390080 131072    2.068
00:28:44.160 VLLM::W        1046588 nvme1n1 RS   1593390336 131072    2.079
00:28:44.160 VLLM::W        1046588 nvme1n1 RS   1593390592 131072    2.084
00:28:44.160 VLLM::W        1046588 nvme1n1 RS   1593391360 131072    2.085
00:28:44.160 VLLM::W        1046588 nvme1n1 RS   1593390848 131072    2.134
00:28:44.160 VLLM::W        1046588 nvme1n1 RS   1593391104 131072    2.152
00:28:44.160 VLLM::W        1046588 nvme1n1 RS   1593391616 131072    2.151
00:28:44.160 VLLM::W        1046588 nvme1n1 RS   1593391872 131072    2.195
00:28:44.160 VLLM::W        1046588 nvme1n1 RS   1593392128 131072    2.223
00:28:44.160 VLLM::W        1046588 nvme1n1 RS   1593392384 131072    2.250
00:28:44.160 VLLM::W        1046588 nvme1n1 RS   1593392640 131072    2.275
00:28:44.160 VLLM::W        1046588 nvme1n1 RS   1593392896 131072    2.302
00:28:44.160 VLLM::W        1046588 nvme1n1 RS   1593446400 131072    2.332
00:28:44.160 VLLM::W        1046588 nvme1n1 RS   1593446656 131072    2.357
00:28:44.160 VLLM::W        1046589 nvme1n1 RS   1593397504 131072    1.897
00:28:44.160 VLLM::W        1046589 nvme1n1 RS   1593397248 131072    1.924
00:28:44.160 VLLM::W        1046589 nvme1n1 RS   1593397760 131072    1.925
00:28:44.160 VLLM::W        1046589 nvme1n1 RS   1593398272 131072    2.029
00:28:44.160 VLLM::W        1046589 nvme1n1 RS   1593398016 131072    2.063
00:28:44.160 VLLM::W        1046589 nvme1n1 RS   1593398528 131072    2.066
00:28:44.160 VLLM::W        1046589 nvme1n1 RS   1593398784 131072    2.090
00:28:44.160 VLLM::W        1046589 nvme1n1 RS   1593399040 131072    2.064
00:28:44.160 VLLM::W        1046589 nvme1n1 RS   1593399296 131072    2.093
00:28:44.160 VLLM::W        1046589 nvme1n1 RS   1593399552 131072    2.121
00:28:44.160 VLLM::W        1046589 nvme1n1 RS   1593399808 131072    2.146
00:28:44.160 VLLM::W        1046589 nvme1n1 RS   1593400064 131072    2.196
00:28:44.161 VLLM::W        1046589 nvme1n1 RS   1593400320 131072    2.226
00:28:44.161 VLLM::W        1046589 nvme1n1 RS   1593400576 131072    2.251
00:28:44.161 VLLM::W        1046589 nvme1n1 RS   1593400832 131072    2.277
00:28:44.161 VLLM::W        1046589 nvme1n1 RS   1593401088 131072    2.307
00:28:44.161 VLLM::W        1046589 nvme1n1 RS   1593442304 131072    2.335
00:28:44.161 VLLM::W        1046589 nvme1n1 RS   1593442560 131072    2.365
00:28:44.161 VLLM::W        1046586 nvme1n1 RS   60190720   131072    1.910
00:28:44.161 VLLM::W        1046586 nvme1n1 RS   60190976   131072    1.928
00:28:44.161 VLLM::W        1046586 nvme1n1 RS   60191232   131072    1.930
00:28:44.161 VLLM::W        1046586 nvme1n1 RS   60191488   131072    1.985
00:28:44.161 VLLM::W        1046586 nvme1n1 RS   60191744   131072    2.013
00:28:44.161 VLLM::W        1046586 nvme1n1 RS   60192000   131072    2.027
00:28:44.161 VLLM::W        1046586 nvme1n1 RS   60192256   131072    2.080
00:28:44.161 VLLM::W        1046586 nvme1n1 RS   60192512   131072    2.041
00:28:44.161 VLLM::W        1046586 nvme1n1 RS   60192768   131072    2.073
00:28:44.161 VLLM::W        1046586 nvme1n1 RS   60193024   131072    2.114
00:28:44.161 VLLM::W        1046586 nvme1n1 RS   60193280   131072    2.131
00:28:44.161 VLLM::W        1046586 nvme1n1 RS   60193536   131072    2.157
00:28:44.161 VLLM::W        1046586 nvme1n1 RS   60193792   131072    2.188
00:28:44.161 VLLM::W        1046586 nvme1n1 RS   60194048   131072    2.222
00:28:44.161 VLLM::W        1046586 nvme1n1 RS   60194304   131072    2.250
00:28:44.161 VLLM::W        1046586 nvme1n1 RS   60194560   131072    2.275
00:28:44.161 VLLM::W        1046586 nvme1n1 RS   60317696   131072    2.312
00:28:44.161 VLLM::W        1046586 nvme1n1 RS   60317952   131072    2.344
00:28:44.161 VLLM::W        1046587 nvme1n1 RS   60211200   131072    1.870
00:28:44.161 VLLM::W        1046587 nvme1n1 RS   60211456   131072    1.919
00:28:44.161 VLLM::W        1046587 nvme1n1 RS   60211712   131072    1.951
00:28:44.162 VLLM::W        1046587 nvme1n1 RS   60211968   131072    2.004
00:28:44.162 VLLM::W        1046587 nvme1n1 RS   60212224   131072    2.043
00:28:44.162 VLLM::W        1046587 nvme1n1 RS   60212480   131072    2.096
00:28:44.162 VLLM::W        1046587 nvme1n1 RS   60212736   131072    2.119
00:28:44.162 VLLM::W        1046587 nvme1n1 RS   60212992   131072    2.102
00:28:44.162 VLLM::W        1046587 nvme1n1 RS   60213248   131072    2.111
00:28:44.162 VLLM::W        1046587 nvme1n1 RS   60213504   131072    2.141
00:28:44.162 VLLM::W        1046587 nvme1n1 RS   60213760   131072    2.174
00:28:44.162 VLLM::W        1046587 nvme1n1 RS   60214016   131072    2.210
00:28:44.162 VLLM::W        1046587 nvme1n1 RS   60214272   131072    2.239
00:28:44.162 VLLM::W        1046587 nvme1n1 RS   60214528   131072    2.272
00:28:44.162 VLLM::W        1046587 nvme1n1 RS   60214784   131072    2.301
00:28:44.162 VLLM::W        1046587 nvme1n1 RS   60215040   131072    2.342
00:28:44.162 VLLM::W        1046587 nvme1n1 RS   60215296   131072    2.354
00:28:44.162 VLLM::W        1046587 nvme1n1 RS   60215552   131072    2.389
00:28:44.162 VLLM::W        1046588 nvme1n1 RS   60329984   131072    1.896
00:28:44.162 VLLM::W        1046588 nvme1n1 RS   60330240   131072    1.903
00:28:44.162 VLLM::W        1046588 nvme1n1 RS   60330496   131072    1.973
00:28:44.162 VLLM::W        1046588 nvme1n1 RS   60330752   131072    1.986
00:28:44.162 VLLM::W        1046588 nvme1n1 RS   60331264   131072    2.041
00:28:44.162 VLLM::W        1046588 nvme1n1 RS   60331008   131072    2.073
00:28:44.162 VLLM::W        1046588 nvme1n1 RS   60331520   131072    2.089
00:28:44.162 VLLM::W        1046588 nvme1n1 RS   60331776   131072    2.043
00:28:44.162 VLLM::W        1046588 nvme1n1 RS   60332032   131072    2.066
00:28:44.162 VLLM::W        1046588 nvme1n1 RS   60332288   131072    2.090
00:28:44.162 VLLM::W        1046588 nvme1n1 RS   60332544   131072    2.124
00:28:44.162 VLLM::W        1046588 nvme1n1 RS   60332800   131072    2.162
00:28:44.163 VLLM::W        1046588 nvme1n1 RS   60333312   131072    2.232
00:28:44.163 VLLM::W        1046588 nvme1n1 RS   60333056   131072    2.249
00:28:44.163 VLLM::W        1046588 nvme1n1 RS   60333568   131072    2.272
00:28:44.163 VLLM::W        1046588 nvme1n1 RS   60334080   131072    2.330
00:28:44.163 VLLM::W        1046588 nvme1n1 RS   60333824   131072    2.346
00:28:44.163 VLLM::W        1046588 nvme1n1 RS   60334336   131072    2.371
00:28:44.163 VLLM::W        1046589 nvme1n1 RS   60186880   131072    1.962
00:28:44.163 VLLM::W        1046589 nvme1n1 RS   60187136   131072    1.965
00:28:44.163 VLLM::W        1046589 nvme1n1 RS   60186624   131072    1.997
00:28:44.163 VLLM::W        1046589 nvme1n1 RS   60187904   131072    2.057
00:28:44.163 VLLM::W        1046589 nvme1n1 RS   60187392   131072    2.117
00:28:44.163 VLLM::W        1046589 nvme1n1 RS   60188160   131072    2.133
00:28:44.163 VLLM::W        1046589 nvme1n1 RS   60187648   131072    2.167
00:28:44.163 VLLM::W        1046589 nvme1n1 RS   60188416   131072    2.136
00:28:44.163 VLLM::W        1046589 nvme1n1 RS   60188672   131072    2.148
00:28:44.163 VLLM::W        1046589 nvme1n1 RS   60189440   131072    2.229
00:28:44.163 VLLM::W        1046589 nvme1n1 RS   60189696   131072    2.238
00:28:44.163 VLLM::W        1046589 nvme1n1 RS   60188928   131072    2.306
00:28:44.163 VLLM::W        1046589 nvme1n1 RS   60189184   131072    2.317
00:28:44.163 VLLM::W        1046589 nvme1n1 RS   60189952   131072    2.398
00:28:44.163 VLLM::W        1046589 nvme1n1 RS   60190208   131072    2.414
00:28:44.163 VLLM::W        1046589 nvme1n1 RS   60203264   131072    2.418
00:28:44.163 VLLM::W        1046589 nvme1n1 RS   60190464   131072    2.450
00:28:44.163 VLLM::W        1046589 nvme1n1 RS   60203008   131072    2.460
00:28:44.163 VLLM::W        1046586 nvme1n1 RS   1593471488 131072    1.934
00:28:44.163 VLLM::W        1046586 nvme1n1 RS   1593470976 131072    1.958
00:28:44.164 VLLM::W        1046586 nvme1n1 RS   1593471232 131072    1.976
00:28:44.164 VLLM::W        1046586 nvme1n1 RS   1593471744 131072    1.983
00:28:44.164 VLLM::W        1046586 nvme1n1 RS   1593472000 131072    2.015
00:28:44.164 VLLM::W        1046586 nvme1n1 RS   1593472256 131072    2.054
00:28:44.164 VLLM::W        1046586 nvme1n1 RS   1593472512 131072    2.152
00:28:44.164 VLLM::W        1046586 nvme1n1 RS   1593473024 131072    2.131
00:28:44.164 VLLM::W        1046586 nvme1n1 RS   1593472768 131072    2.136
00:28:44.164 VLLM::W        1046586 nvme1n1 RS   1593473280 131072    2.145
00:28:44.164 VLLM::W        1046586 nvme1n1 RS   1593473536 131072    2.208
00:28:44.164 VLLM::W        1046586 nvme1n1 RS   1593473792 131072    2.226
00:28:44.164 VLLM::W        1046586 nvme1n1 RS   1593474048 131072    2.242
00:28:44.164 VLLM::W        1046586 nvme1n1 RS   1593474304 131072    2.252
00:28:44.164 VLLM::W        1046586 nvme1n1 RS   1593479168 131072    2.344
00:28:44.164 VLLM::W        1046586 nvme1n1 RS   1593474560 131072    2.378
00:28:44.164 VLLM::W        1046586 nvme1n1 RS   1593474816 131072    2.376
00:28:44.164 VLLM::W        1046586 nvme1n1 RS   1593479424 131072    2.403
00:28:44.164 VLLM::W        1046587 nvme1n1 RS   1593463296 131072    1.978
00:28:44.164 VLLM::W        1046587 nvme1n1 RS   1593462784 131072    2.004
00:28:44.164 VLLM::W        1046587 nvme1n1 RS   1593463040 131072    2.009
00:28:44.164 VLLM::W        1046587 nvme1n1 RS   1593463552 131072    2.058
00:28:44.164 VLLM::W        1046587 nvme1n1 RS   1593463808 131072    2.075
00:28:44.164 VLLM::W        1046587 nvme1n1 RS   1593464064 131072    2.092
00:28:44.164 VLLM::W        1046587 nvme1n1 RS   1593464320 131072    2.126
00:28:44.164 VLLM::W        1046587 nvme1n1 RS   1593464576 131072    2.154
00:28:44.164 VLLM::W        1046587 nvme1n1 RS   1593464832 131072    2.164
00:28:44.164 VLLM::W        1046587 nvme1n1 RS   1593465088 131072    2.188
00:28:44.164 VLLM::W        1046587 nvme1n1 RS   1593465344 131072    2.220
00:28:44.164 VLLM::W        1046587 nvme1n1 RS   1593465856 131072    2.256
00:28:44.165 VLLM::W        1046587 nvme1n1 RS   1593465600 131072    2.289
00:28:44.165 VLLM::W        1046587 nvme1n1 RS   1593466112 131072    2.319
00:28:44.165 VLLM::W        1046587 nvme1n1 RS   1593466368 131072    2.347
00:28:44.165 VLLM::W        1046587 nvme1n1 RS   1593466880 131072    2.401
00:28:44.165 VLLM::W        1046587 nvme1n1 RS   1593466624 131072    2.425
00:28:44.165 VLLM::W        1046587 nvme1n1 RS   1593467136 131072    2.432
00:28:44.165 VLLM::W        1046588 nvme1n1 RS   60199424   131072    1.927
00:28:44.165 VLLM::W        1046588 nvme1n1 RS   60198912   131072    1.943
00:28:44.165 VLLM::W        1046588 nvme1n1 RS   60199680   131072    1.980
00:28:44.165 VLLM::W        1046588 nvme1n1 RS   60199168   131072    2.002
00:28:44.165 VLLM::W        1046588 nvme1n1 RS   60200448   131072    2.065
00:28:44.165 VLLM::W        1046588 nvme1n1 RS   60199936   131072    2.084
00:28:44.165 VLLM::W        1046588 nvme1n1 RS   60200704   131072    2.054
00:28:44.165 VLLM::W        1046588 nvme1n1 RS   60200192   131072    2.152
00:28:44.165 VLLM::W        1046588 nvme1n1 RS   60200960   131072    2.148
00:28:44.165 VLLM::W        1046588 nvme1n1 RS   60201472   131072    2.150
00:28:44.165 VLLM::W        1046588 nvme1n1 RS   60201728   131072    2.169
00:28:44.165 VLLM::W        1046588 nvme1n1 RS   60201216   131072    2.216
00:28:44.165 VLLM::W        1046588 nvme1n1 RS   60201984   131072    2.200
00:28:44.165 VLLM::W        1046588 nvme1n1 RS   60202240   131072    2.234
00:28:44.165 VLLM::W        1046588 nvme1n1 RS   60202496   131072    2.264
00:28:44.165 VLLM::W        1046588 nvme1n1 RS   60202752   131072    2.274
00:28:44.165 VLLM::W        1046588 nvme1n1 RS   60207104   131072    2.310
00:28:44.165 VLLM::W        1046588 nvme1n1 RS   60207360   131072    2.335
00:28:44.166 VLLM::W        1046589 nvme1n1 RS   60379392   131072    1.912
00:28:44.166 VLLM::W        1046589 nvme1n1 RS   60379648   131072    1.915
00:28:44.166 VLLM::W        1046589 nvme1n1 RS   60379136   131072    1.924
00:28:44.166 VLLM::W        1046589 nvme1n1 RS   60379904   131072    1.928
00:28:44.166 VLLM::W        1046589 nvme1n1 RS   60380160   131072    1.972
00:28:44.166 VLLM::W        1046589 nvme1n1 RS   60380416   131072    1.982
00:28:44.166 VLLM::W        1046589 nvme1n1 RS   60380672   131072    2.048
00:28:44.166 VLLM::W        1046589 nvme1n1 RS   60381440   131072    2.088
00:28:44.166 VLLM::W        1046589 nvme1n1 RS   60381184   131072    2.106
00:28:44.166 VLLM::W        1046589 nvme1n1 RS   60380928   131072    2.135
00:28:44.166 VLLM::W        1046589 nvme1n1 RS   60381696   131072    2.140
00:28:44.166 VLLM::W        1046589 nvme1n1 RS   60381952   131072    2.171
00:28:44.166 VLLM::W        1046589 nvme1n1 RS   60382208   131072    2.176
00:28:44.166 VLLM::W        1046589 nvme1n1 RS   60382464   131072    2.206
00:28:44.166 VLLM::W        1046589 nvme1n1 RS   60382720   131072    2.231
00:28:44.166 VLLM::W        1046589 nvme1n1 RS   60382976   131072    2.320
00:28:44.166 VLLM::W        1046589 nvme1n1 RS   60383232   131072    2.333
00:28:44.166 VLLM::W        1046589 nvme1n1 RS   60383488   131072    2.343
00:28:44.166 VLLM::W        1046586 nvme1n1 RS   1594318848 131072    1.900
00:28:44.166 VLLM::W        1046586 nvme1n1 RS   1594319104 131072    1.914
00:28:44.166 VLLM::W        1046586 nvme1n1 RS   1594319360 131072    1.937
00:28:44.166 VLLM::W        1046586 nvme1n1 RS   1594319616 131072    1.947
00:28:44.166 VLLM::W        1046586 nvme1n1 RS   1594319872 131072    2.021
00:28:44.166 VLLM::W        1046586 nvme1n1 RS   1594320128 131072    2.045
00:28:44.166 VLLM::W        1046586 nvme1n1 RS   1594320384 131072    2.071
00:28:44.166 VLLM::W        1046586 nvme1n1 RS   1594320640 131072    2.059
00:28:44.166 VLLM::W        1046586 nvme1n1 RS   1594320896 131072    2.080
00:28:44.166 VLLM::W        1046586 nvme1n1 RS   1594321152 131072    2.090
00:28:44.166 VLLM::W        1046586 nvme1n1 RS   1594321408 131072    2.135
00:28:44.166 VLLM::W        1046586 nvme1n1 RS   1594321664 131072    2.168
00:28:44.167 VLLM::W        1046586 nvme1n1 RS   1594321920 131072    2.209
00:28:44.167 VLLM::W        1046586 nvme1n1 RS   1594322176 131072    2.234
00:28:44.167 VLLM::W        1046586 nvme1n1 RS   1594322432 131072    2.266
00:28:44.167 VLLM::W        1046586 nvme1n1 RS   1594322688 131072    2.284
00:28:44.167 VLLM::W        1046586 nvme1n1 RS   1594327040 131072    2.328
00:28:44.167 VLLM::W        1046586 nvme1n1 RS   1594327296 131072    2.355
00:28:44.167 VLLM::W        1046587 nvme1n1 RS   1594179584 131072    1.937
00:28:44.167 VLLM::W        1046587 nvme1n1 RS   1594179840 131072    1.975
00:28:44.167 VLLM::W        1046587 nvme1n1 RS   1594180096 131072    1.985
00:28:44.167 VLLM::W        1046587 nvme1n1 RS   1594180864 131072    2.098
00:28:44.167 VLLM::W        1046587 nvme1n1 RS   1594180352 131072    2.140
00:28:44.167 VLLM::W        1046587 nvme1n1 RS   1594180608 131072    2.142
00:28:44.167 VLLM::W        1046587 nvme1n1 RS   1594181120 131072    2.145
00:28:44.167 VLLM::W        1046587 nvme1n1 RS   1594181376 131072    2.166
00:28:44.167 VLLM::W        1046587 nvme1n1 RS   1594181632 131072    2.183
00:28:44.167 VLLM::W        1046587 nvme1n1 RS   1594181888 131072    2.200
00:28:44.167 VLLM::W        1046587 nvme1n1 RS   1594182144 131072    2.206
00:28:44.167 VLLM::W        1046587 nvme1n1 RS   1594182400 131072    2.304
00:28:44.167 VLLM::W        1046587 nvme1n1 RS   1594182656 131072    2.322
00:28:44.167 VLLM::W        1046587 nvme1n1 RS   1594182912 131072    2.339
00:28:44.167 VLLM::W        1046587 nvme1n1 RS   1594183168 131072    2.346
00:28:44.167 VLLM::W        1046587 nvme1n1 RS   1594183424 131072    2.359
00:28:44.167 VLLM::W        1046587 nvme1n1 RS   1594183680 131072    2.427
00:28:44.167 VLLM::W        1046587 nvme1n1 RS   1594183936 131072    2.433
00:28:44.167 VLLM::W        1046588 nvme1n1 RS   1594192384 131072    1.943
00:28:44.168 VLLM::W        1046588 nvme1n1 RS   1594192640 131072    2.007
00:28:44.168 VLLM::W        1046588 nvme1n1 RS   1594191872 131072    2.038
00:28:44.168 VLLM::W        1046588 nvme1n1 RS   1594192128 131072    2.041
00:28:44.168 VLLM::W        1046588 nvme1n1 RS   1594192896 131072    2.133
00:28:44.168 VLLM::W        1046588 nvme1n1 RS   1594193152 131072    2.201
00:28:44.168 VLLM::W        1046588 nvme1n1 RS   1594194176 131072    2.148
00:28:44.168 VLLM::W        1046588 nvme1n1 RS   1594193408 131072    2.236
00:28:44.168 VLLM::W        1046588 nvme1n1 RS   1594194432 131072    2.173
00:28:44.168 VLLM::W        1046588 nvme1n1 RS   1594193664 131072    2.245
00:28:44.168 VLLM::W        1046588 nvme1n1 RS   1594193920 131072    2.261
00:28:44.168 VLLM::W        1046588 nvme1n1 RS   1594195200 131072    2.252
00:28:44.168 VLLM::W        1046588 nvme1n1 RS   1594195456 131072    2.301
00:28:44.168 VLLM::W        1046588 nvme1n1 RS   1594194688 131072    2.336
00:28:44.168 VLLM::W        1046588 nvme1n1 RS   1594194944 131072    2.351
00:28:44.168 VLLM::W        1046588 nvme1n1 RS   1594195712 131072    2.372
00:28:44.168 VLLM::W        1046588 nvme1n1 RS   1594204416 131072    2.382
00:28:44.168 VLLM::W        1046589 nvme1n1 RS   316784640  131072    1.878
00:28:44.168 VLLM::W        1046589 nvme1n1 RS   316784896  131072    1.898
00:28:44.168 VLLM::W        1046588 nvme1n1 RS   1594204160 131072    2.493
00:28:44.168 VLLM::W        1046589 nvme1n1 RS   316785152  131072    1.973
00:28:44.168 VLLM::W        1046589 nvme1n1 RS   316785408  131072    1.990
00:28:44.168 VLLM::W        1046589 nvme1n1 RS   316785664  131072    2.011
00:28:44.168 VLLM::W        1046589 nvme1n1 RS   316785920  131072    2.033
00:28:44.168 VLLM::W        1046589 nvme1n1 RS   316786176  131072    2.044
00:28:44.168 VLLM::W        1046589 nvme1n1 RS   316786432  131072    2.088
00:28:44.168 VLLM::W        1046589 nvme1n1 RS   316786688  131072    2.119
00:28:44.168 VLLM::W        1046589 nvme1n1 RS   316786944  131072    2.147
00:28:44.168 VLLM::W        1046589 nvme1n1 RS   316787200  131072    2.170
00:28:44.168 VLLM::W        1046589 nvme1n1 RS   316787456  131072    2.182
00:28:44.169 VLLM::W        1046589 nvme1n1 RS   316787712  131072    2.215
00:28:44.169 VLLM::W        1046589 nvme1n1 RS   316787968  131072    2.251
00:28:44.169 VLLM::W        1046589 nvme1n1 RS   316788224  131072    2.273
00:28:44.169 VLLM::W        1046589 nvme1n1 RS   316788480  131072    2.309
00:28:44.169 VLLM::W        1046589 nvme1n1 RS   316788736  131072    2.350
00:28:44.169 VLLM::W        1046589 nvme1n1 RS   316788992  131072    2.361
00:28:44.169 VLLM::W        1046586 nvme1n1 RS   1594302464 131072    2.002
00:28:44.169 VLLM::W        1046586 nvme1n1 RS   1594302720 131072    2.003
00:28:44.169 VLLM::W        1046586 nvme1n1 RS   1594302976 131072    2.001
00:28:44.169 VLLM::W        1046586 nvme1n1 RS   1594303232 131072    2.019
00:28:44.169 VLLM::W        1046586 nvme1n1 RS   1594303488 131072    2.075
00:28:44.169 VLLM::W        1046586 nvme1n1 RS   1594303744 131072    2.090
00:28:44.169 VLLM::W        1046586 nvme1n1 RS   1594304256 131072    2.142
00:28:44.169 VLLM::W        1046586 nvme1n1 RS   1594304000 131072    2.193
00:28:44.169 VLLM::W        1046586 nvme1n1 RS   1594304512 131072    2.180
00:28:44.169 VLLM::W        1046586 nvme1n1 RS   1594304768 131072    2.184
00:28:44.169 VLLM::W        1046586 nvme1n1 RS   1594305024 131072    2.217
00:28:44.169 VLLM::W        1046586 nvme1n1 RS   1594305280 131072    2.243
00:28:44.169 VLLM::W        1046586 nvme1n1 RS   1594305536 131072    2.277
00:28:44.169 VLLM::W        1046586 nvme1n1 RS   1594305792 131072    2.309
00:28:44.169 VLLM::W        1046586 nvme1n1 RS   1594306048 131072    2.342
00:28:44.169 VLLM::W        1046586 nvme1n1 RS   1594306304 131072    2.379
00:28:44.169 VLLM::W        1046586 nvme1n1 RS   1594310656 131072    2.415
00:28:44.169 VLLM::W        1046586 nvme1n1 RS   1594310912 131072    2.442
00:28:44.169 VLLM::W        1046587 nvme1n1 RS   577941760  131072    1.958
00:28:44.169 VLLM::W        1046587 nvme1n1 RS   577941504  131072    1.984
00:28:44.169 VLLM::W        1046587 nvme1n1 RS   577942016  131072    1.985
00:28:44.170 VLLM::W        1046587 nvme1n1 RS   577942272  131072    2.052
00:28:44.170 VLLM::W        1046587 nvme1n1 RS   577942528  131072    2.072
00:28:44.170 VLLM::W        1046587 nvme1n1 RS   577942784  131072    2.125
00:28:44.170 VLLM::W        1046587 nvme1n1 RS   577943040  131072    2.131
00:28:44.170 VLLM::W        1046587 nvme1n1 RS   577943296  131072    2.152
00:28:44.170 VLLM::W        1046587 nvme1n1 RS   577943552  131072    2.214
00:28:44.170 VLLM::W        1046587 nvme1n1 RS   577943808  131072    2.231
00:28:44.170 VLLM::W        1046587 nvme1n1 RS   577944064  131072    2.246
00:28:44.170 VLLM::W        1046587 nvme1n1 RS   577944320  131072    2.257
00:28:44.170 VLLM::W        1046587 nvme1n1 RS   577944576  131072    2.346
00:28:44.170 VLLM::W        1046587 nvme1n1 RS   577944832  131072    2.363
00:28:44.170 VLLM::W        1046587 nvme1n1 RS   577945088  131072    2.378
00:28:44.170 VLLM::W        1046587 nvme1n1 RS   577945600  131072    2.422
00:28:44.170 VLLM::W        1046587 nvme1n1 RS   577945344  131072    2.439
00:28:44.170 VLLM::W        1046587 nvme1n1 RS   577945856  131072    2.473
00:28:44.170 VLLM::W        1046588 nvme1n1 RS   580800768  131072    1.803
00:28:44.170 VLLM::W        1046588 nvme1n1 RS   580801024  131072    1.850
00:28:44.170 VLLM::W        1046588 nvme1n1 RS   580800512  131072    1.866
00:28:44.170 VLLM::W        1046588 nvme1n1 RS   580801280  131072    1.941
00:28:44.170 VLLM::W        1046588 nvme1n1 RS   580801536  131072    1.958
00:28:44.170 VLLM::W        1046588 nvme1n1 RS   580801792  131072    1.978
00:28:44.170 VLLM::W        1046588 nvme1n1 RS   580802048  131072    1.996
00:28:44.170 VLLM::W        1046588 nvme1n1 RS   580802560  131072    2.017
00:28:44.170 VLLM::W        1046588 nvme1n1 RS   580802816  131072    2.059
00:28:44.170 VLLM::W        1046588 nvme1n1 RS   580802304  131072    2.073
00:28:44.171 VLLM::W        1046588 nvme1n1 RS   580803072  131072    2.128
00:28:44.171 VLLM::W        1046588 nvme1n1 RS   580803328  131072    2.150
00:28:44.171 VLLM::W        1046588 nvme1n1 RS   580803584  131072    2.155
00:28:44.171 VLLM::W        1046588 nvme1n1 RS   580803840  131072    2.183
00:28:44.171 VLLM::W        1046588 nvme1n1 RS   580804096  131072    2.210
00:28:44.171 VLLM::W        1046588 nvme1n1 RS   580804352  131072    2.229
00:28:44.171 VLLM::W        1046588 nvme1n1 RS   580804608  131072    2.259
00:28:44.171 VLLM::W        1046588 nvme1n1 RS   580804864  131072    2.301
00:28:44.171 VLLM::W        1046589 nvme1n1 RS   1594195968 131072    2.000
00:28:44.171 VLLM::W        1046589 nvme1n1 RS   1594196224 131072    2.010
00:28:44.171 VLLM::W        1046589 nvme1n1 RS   1594196480 131072    2.007
00:28:44.171 VLLM::W        1046589 nvme1n1 RS   1594196992 131072    2.065
00:28:44.171 VLLM::W        1046589 nvme1n1 RS   1594196736 131072    2.076
00:28:44.171 VLLM::W        1046589 nvme1n1 RS   1594197248 131072    2.123
00:28:44.171 VLLM::W        1046589 nvme1n1 RS   1594197504 131072    2.133
00:28:44.171 VLLM::W        1046589 nvme1n1 RS   1594198016 131072    2.170
00:28:44.171 VLLM::W        1046589 nvme1n1 RS   1594197760 131072    2.215
00:28:44.171 VLLM::W        1046589 nvme1n1 RS   1594198272 131072    2.229
00:28:44.171 VLLM::W        1046589 nvme1n1 RS   1594198528 131072    2.234
00:28:44.171 VLLM::W        1046589 nvme1n1 RS   1594198784 131072    2.263
00:28:44.171 VLLM::W        1046589 nvme1n1 RS   1594199040 131072    2.294
00:28:44.171 VLLM::W        1046589 nvme1n1 RS   1594199296 131072    2.328
00:28:44.171 VLLM::W        1046589 nvme1n1 RS   1594199552 131072    2.362
00:28:44.171 VLLM::W        1046589 nvme1n1 RS   1594199808 131072    2.395
00:28:44.171 VLLM::W        1046589 nvme1n1 RS   1594208256 131072    2.454
00:28:44.171 VLLM::W        1046589 nvme1n1 RS   1594208512 131072    2.460
00:28:44.171 VLLM::W        1046586 nvme1n1 RS   1594306560 131072    1.933
00:28:44.171 VLLM::W        1046586 nvme1n1 RS   1594306816 131072    1.946
00:28:44.171 VLLM::W        1046586 nvme1n1 RS   1594307072 131072    1.952
00:28:44.172 VLLM::W        1046586 nvme1n1 RS   1594307328 131072    1.995
00:28:44.172 VLLM::W        1046586 nvme1n1 RS   1594307584 131072    2.068
00:28:44.172 VLLM::W        1046586 nvme1n1 RS   1594307840 131072    2.091
00:28:44.172 VLLM::W        1046586 nvme1n1 RS   1594308096 131072    2.117
00:28:44.172 VLLM::W        1046586 nvme1n1 RS   1594308352 131072    2.115
00:28:44.172 VLLM::W        1046586 nvme1n1 RS   1594308608 131072    2.127
00:28:44.172 VLLM::W        1046586 nvme1n1 RS   1594308864 131072    2.165
00:28:44.172 VLLM::W        1046586 nvme1n1 RS   1594309120 131072    2.201
00:28:44.172 VLLM::W        1046586 nvme1n1 RS   1594309376 131072    2.227
00:28:44.172 VLLM::W        1046586 nvme1n1 RS   1594309632 131072    2.259
00:28:44.172 VLLM::W        1046586 nvme1n1 RS   1594309888 131072    2.326
00:28:44.172 VLLM::W        1046586 nvme1n1 RS   1594310144 131072    2.338
00:28:44.172 VLLM::W        1046586 nvme1n1 RS   1594310400 131072    2.355
00:28:44.172 VLLM::W        1046586 nvme1n1 RS   1594314752 131072    2.406
00:28:44.172 VLLM::W        1046586 nvme1n1 RS   1594315008 131072    2.418
00:28:44.172 VLLM::W        1046587 nvme1n1 RS   1594187776 131072    1.924
00:28:44.172 VLLM::W        1046587 nvme1n1 RS   1594188032 131072    1.933
00:28:44.172 VLLM::W        1046587 nvme1n1 RS   1594188288 131072    1.964
00:28:44.172 VLLM::W        1046587 nvme1n1 RS   1594188544 131072    1.990
00:28:44.172 VLLM::W        1046587 nvme1n1 RS   1594188800 131072    2.031
00:28:44.172 VLLM::W        1046587 nvme1n1 RS   1594189056 131072    2.087
00:28:44.172 VLLM::W        1046587 nvme1n1 RS   1594189312 131072    2.102
00:28:44.172 VLLM::W        1046587 nvme1n1 RS   1594189568 131072    2.095
00:28:44.172 VLLM::W        1046587 nvme1n1 RS   1594189824 131072    2.123
00:28:44.172 VLLM::W        1046587 nvme1n1 RS   1594190080 131072    2.160
00:28:44.172 VLLM::W        1046587 nvme1n1 RS   1594190336 131072    2.197
00:28:44.173 VLLM::W        1046587 nvme1n1 RS   1594190592 131072    2.253
00:28:44.173 VLLM::W        1046587 nvme1n1 RS   1594190848 131072    2.265
00:28:44.173 VLLM::W        1046587 nvme1n1 RS   1594191104 131072    2.307
00:28:44.173 VLLM::W        1046587 nvme1n1 RS   1594191360 131072    2.318
00:28:44.173 VLLM::W        1046587 nvme1n1 RS   1594191616 131072    2.353
00:28:44.173 VLLM::W        1046587 nvme1n1 RS   1594200064 131072    2.382
00:28:44.173 VLLM::W        1046587 nvme1n1 RS   1594200320 131072    2.409
00:28:44.173 VLLM::W        1046588 nvme1n1 RS   1594556416 131072    1.940
00:28:44.173 VLLM::W        1046588 nvme1n1 RS   1594556672 131072    1.945
00:28:44.173 VLLM::W        1046588 nvme1n1 RS   1594556928 131072    1.997
00:28:44.173 VLLM::W        1046588 nvme1n1 RS   1594557184 131072    2.022
00:28:44.173 VLLM::W        1046588 nvme1n1 RS   1594557440 131072    2.054
00:28:44.173 VLLM::W        1046588 nvme1n1 RS   1594557696 131072    2.083
00:28:44.173 VLLM::W        1046588 nvme1n1 RS   1594557952 131072    2.089
00:28:44.173 VLLM::W        1046588 nvme1n1 RS   1594558208 131072    2.102
00:28:44.173 VLLM::W        1046588 nvme1n1 RS   1594558464 131072    2.130
00:28:44.173 VLLM::W        1046588 nvme1n1 RS   1594558720 131072    2.162
00:28:44.173 VLLM::W        1046588 nvme1n1 RS   1594558976 131072    2.187
00:28:44.173 VLLM::W        1046588 nvme1n1 RS   1594559488 131072    2.272
00:28:44.173 VLLM::W        1046588 nvme1n1 RS   1594559232 131072    2.295
00:28:44.173 VLLM::W        1046588 nvme1n1 RS   1594559744 131072    2.297
00:28:44.173 VLLM::W        1046588 nvme1n1 RS   1594560000 131072    2.325
00:28:44.173 VLLM::W        1046588 nvme1n1 RS   1594560256 131072    2.361
00:28:44.173 VLLM::W        1046588 nvme1n1 RS   1594560768 131072    2.396
00:28:44.173 VLLM::W        1046588 nvme1n1 RS   1594560512 131072    2.413
00:28:44.174 VLLM::W        1046589 nvme1n1 RS   1594212352 131072    2.013
00:28:44.174 VLLM::W        1046589 nvme1n1 RS   1594212608 131072    2.014
00:28:44.174 VLLM::W        1046589 nvme1n1 RS   1594212864 131072    2.012
00:28:44.174 VLLM::W        1046589 nvme1n1 RS   1594213120 131072    2.047
00:28:44.174 VLLM::W        1046589 nvme1n1 RS   1594213376 131072    2.059
00:28:44.174 VLLM::W        1046589 nvme1n1 RS   1594213632 131072    2.069
00:28:44.174 VLLM::W        1046589 nvme1n1 RS   1594213888 131072    2.112
00:28:44.174 VLLM::W        1046589 nvme1n1 RS   1594214400 131072    2.100
00:28:44.174 VLLM::W        1046589 nvme1n1 RS   1594214656 131072    2.155
00:28:44.174 VLLM::W        1046589 nvme1n1 RS   1594214144 131072    2.176
00:28:44.174 VLLM::W        1046589 nvme1n1 RS   1594214912 131072    2.252
00:28:44.174 VLLM::W        1046589 nvme1n1 RS   1594215168 131072    2.261
00:28:44.174 VLLM::W        1046589 nvme1n1 RS   1594215936 131072    2.324
00:28:44.174 VLLM::W        1046589 nvme1n1 RS   1594215424 131072    2.355
00:28:44.174 VLLM::W        1046589 nvme1n1 RS   1594215680 131072    2.366
00:28:44.174 VLLM::W        1046589 nvme1n1 RS   1594216192 131072    2.364
00:28:44.174 VLLM::W        1046589 nvme1n1 RS   1594224896 131072    2.413
00:28:44.174 VLLM::W        1046589 nvme1n1 RS   1594224640 131072    2.506
00:28:44.174 VLLM::W        1046586 nvme1n1 RS   1594323456 131072    2.032
00:28:44.174 VLLM::W        1046586 nvme1n1 RS   1594323712 131072    2.034
00:28:44.174 VLLM::W        1046586 nvme1n1 RS   1594322944 131072    2.044
00:28:44.174 VLLM::W        1046586 nvme1n1 RS   1594323200 131072    2.042
00:28:44.174 VLLM::W        1046586 nvme1n1 RS   1594323968 131072    2.059
00:28:44.174 VLLM::W        1046586 nvme1n1 RS   1594324224 131072    2.081
00:28:44.174 VLLM::W        1046586 nvme1n1 RS   1594324480 131072    2.087
00:28:44.174 VLLM::W        1046586 nvme1n1 RS   1594324736 131072    2.098
00:28:44.174 VLLM::W        1046586 nvme1n1 RS   1594324992 131072    2.152
00:28:44.174 VLLM::W        1046586 nvme1n1 RS   1594325248 131072    2.182
00:28:44.174 VLLM::W        1046586 nvme1n1 RS   1594325504 131072    2.187
00:28:44.174 VLLM::W        1046586 nvme1n1 RS   1594325760 131072    2.217
00:28:44.175 VLLM::W        1046586 nvme1n1 RS   1594326016 131072    2.250
00:28:44.175 VLLM::W        1046586 nvme1n1 RS   1594326272 131072    2.289
00:28:44.175 VLLM::W        1046586 nvme1n1 RS   1594326528 131072    2.320
00:28:44.175 VLLM::W        1046586 nvme1n1 RS   1594326784 131072    2.338
00:28:44.175 VLLM::W        1046586 nvme1n1 RS   1594331392 131072    2.418
00:28:44.175 VLLM::W        1046586 nvme1n1 RS   1594331136 131072    2.456
00:28:44.175 VLLM::W        1046587 nvme1n1 RS   1594216448 131072    1.950
00:28:44.175 VLLM::W        1046587 nvme1n1 RS   1594216704 131072    1.987
00:28:44.175 VLLM::W        1046587 nvme1n1 RS   1594216960 131072    2.015
00:28:44.175 VLLM::W        1046587 nvme1n1 RS   1594217216 131072    2.044
00:28:44.175 VLLM::W        1046587 nvme1n1 RS   1594217472 131072    2.077
00:28:44.175 VLLM::W        1046587 nvme1n1 RS   1594217728 131072    2.138
00:28:44.175 VLLM::W        1046587 nvme1n1 RS   1594217984 131072    2.143
00:28:44.175 VLLM::W        1046587 nvme1n1 RS   1594218240 131072    2.184
00:28:44.175 VLLM::W        1046587 nvme1n1 RS   1594218496 131072    2.204
00:28:44.175 VLLM::W        1046587 nvme1n1 RS   1594218752 131072    2.209
00:28:44.175 VLLM::W        1046587 nvme1n1 RS   1594219008 131072    2.247
00:28:44.175 VLLM::W        1046587 nvme1n1 RS   1594219264 131072    2.278
00:28:44.175 VLLM::W        1046587 nvme1n1 RS   1594219520 131072    2.307
00:28:44.175 VLLM::W        1046587 nvme1n1 RS   1594219776 131072    2.352
00:28:44.175 VLLM::W        1046587 nvme1n1 RS   1594220032 131072    2.382
00:28:44.175 VLLM::W        1046587 nvme1n1 RS   1594220288 131072    2.414
00:28:44.175 VLLM::W        1046587 nvme1n1 RS   1594294272 131072    2.449
00:28:44.175 VLLM::W        1046587 nvme1n1 RS   1594294528 131072    2.476
00:28:44.175 VLLM::W        1046588 nvme1n1 RS   1594220800 131072    1.922
00:28:44.175 VLLM::W        1046588 nvme1n1 RS   1594220544 131072    1.936
00:28:44.175 VLLM::W        1046588 nvme1n1 RS   1594221056 131072    1.960
00:28:44.176 VLLM::W        1046588 nvme1n1 RS   1594221312 131072    2.003
00:28:44.176 VLLM::W        1046588 nvme1n1 RS   1594221824 131072    2.086
00:28:44.176 VLLM::W        1046588 nvme1n1 RS   1594221568 131072    2.094
00:28:44.176 VLLM::W        1046588 nvme1n1 RS   1594222080 131072    2.094
00:28:44.176 VLLM::W        1046588 nvme1n1 RS   1594222336 131072    2.148
00:28:44.176 VLLM::W        1046588 nvme1n1 RS   1594222592 131072    2.168
00:28:44.176 VLLM::W        1046588 nvme1n1 RS   1594222848 131072    2.187
00:28:44.176 VLLM::W        1046588 nvme1n1 RS   1594223104 131072    2.196
00:28:44.176 VLLM::W        1046588 nvme1n1 RS   1594223360 131072    2.224
00:28:44.176 VLLM::W        1046588 nvme1n1 RS   1594223616 131072    2.264
00:28:44.176 VLLM::W        1046588 nvme1n1 RS   1594223872 131072    2.308
00:28:44.176 VLLM::W        1046588 nvme1n1 RS   1594224128 131072    2.318
00:28:44.176 VLLM::W        1046588 nvme1n1 RS   1594224384 131072    2.336
00:28:44.176 VLLM::W        1046588 nvme1n1 RS   1594298368 131072    2.374
00:28:44.176 VLLM::W        1046588 nvme1n1 RS   1594298624 131072    2.404
00:28:44.176 VLLM::W        1046589 nvme1n1 RS   1594544128 131072    1.818
00:28:44.176 VLLM::W        1046589 nvme1n1 RS   1594544384 131072    1.831
00:28:44.176 VLLM::W        1046589 nvme1n1 RS   1594544640 131072    1.841
00:28:44.176 VLLM::W        1046589 nvme1n1 RS   1594544896 131072    1.873
00:28:44.176 VLLM::W        1046589 nvme1n1 RS   1594545408 131072    1.963
00:28:44.176 VLLM::W        1046589 nvme1n1 RS   1594545152 131072    1.989
00:28:44.176 VLLM::W        1046589 nvme1n1 RS   1594545664 131072    2.016
00:28:44.176 VLLM::W        1046589 nvme1n1 RS   1594545920 131072    1.994
00:28:44.176 VLLM::W        1046589 nvme1n1 RS   1594546176 131072    2.062
00:28:44.176 VLLM::W        1046589 nvme1n1 RS   1594546432 131072    2.068
00:28:44.176 VLLM::W        1046589 nvme1n1 RS   1594546688 131072    2.097
00:28:44.177 VLLM::W        1046589 nvme1n1 RS   1594546944 131072    2.125
00:28:44.177 VLLM::W        1046589 nvme1n1 RS   1594547200 131072    2.207
00:28:44.177 VLLM::W        1046589 nvme1n1 RS   1594547456 131072    2.224
00:28:44.177 VLLM::W        1046589 nvme1n1 RS   1594547712 131072    2.241
00:28:44.177 VLLM::W        1046589 nvme1n1 RS   1594547968 131072    2.243
00:28:44.177 VLLM::W        1046589 nvme1n1 RS   1594548224 131072    2.282
00:28:44.177 VLLM::W        1046589 nvme1n1 RS   1594548480 131072    2.311
00:28:44.177 VLLM::W        1046586 nvme1n1 RS   1594482688 131072    1.855
00:28:44.177 VLLM::W        1046586 nvme1n1 RS   1594482944 131072    1.881
00:28:44.177 VLLM::W        1046586 nvme1n1 RS   1594483200 131072    1.914
00:28:44.177 VLLM::W        1046586 nvme1n1 RS   1594483456 131072    1.974
00:28:44.177 VLLM::W        1046586 nvme1n1 RS   1594483712 131072    2.018
00:28:44.177 VLLM::W        1046586 nvme1n1 RS   1594483968 131072    2.041
00:28:44.177 VLLM::W        1046586 nvme1n1 RS   1594484224 131072    2.044
00:28:44.177 VLLM::W        1046586 nvme1n1 RS   1594484480 131072    2.034
00:28:44.177 VLLM::W        1046586 nvme1n1 RS   1594484736 131072    2.071
00:28:44.177 VLLM::W        1046586 nvme1n1 RS   1594484992 131072    2.104
00:28:44.177 VLLM::W        1046586 nvme1n1 RS   1594485248 131072    2.130
00:28:44.177 VLLM::W        1046586 nvme1n1 RS   1594485504 131072    2.164
00:28:44.177 VLLM::W        1046586 nvme1n1 RS   1594485760 131072    2.201
00:28:44.177 VLLM::W        1046586 nvme1n1 RS   1594486016 131072    2.239
00:28:44.177 VLLM::W        1046586 nvme1n1 RS   1594486272 131072    2.269
00:28:44.177 VLLM::W        1046586 nvme1n1 RS   1594486528 131072    2.292
00:28:44.177 VLLM::W        1046586 nvme1n1 RS   1594490880 131072    2.333
00:28:44.177 VLLM::W        1046586 nvme1n1 RS   1594491136 131072    2.366
00:28:44.177 VLLM::W        1046587 nvme1n1 RS   1594470400 131072    1.939
00:28:44.177 VLLM::W        1046587 nvme1n1 RS   1594470656 131072    1.963
00:28:44.178 VLLM::W        1046587 nvme1n1 RS   1594470912 131072    1.999
00:28:44.178 VLLM::W        1046587 nvme1n1 RS   1594471168 131072    2.034
00:28:44.178 VLLM::W        1046587 nvme1n1 RS   1594471424 131072    2.071
00:28:44.178 VLLM::W        1046587 nvme1n1 RS   1594471680 131072    2.104
00:28:44.178 VLLM::W        1046587 nvme1n1 RS   1594471936 131072    2.153
00:28:44.178 VLLM::W        1046587 nvme1n1 RS   1594472192 131072    2.126
00:28:44.178 VLLM::W        1046587 nvme1n1 RS   1594472448 131072    2.153
00:28:44.178 VLLM::W        1046587 nvme1n1 RS   1594472704 131072    2.189
00:28:44.178 VLLM::W        1046587 nvme1n1 RS   1594472960 131072    2.226
00:28:44.178 VLLM::W        1046587 nvme1n1 RS   1594473216 131072    2.256
00:28:44.178 VLLM::W        1046587 nvme1n1 RS   1594473472 131072    2.291
00:28:44.178 VLLM::W        1046587 nvme1n1 RS   1594473728 131072    2.333
00:28:44.178 VLLM::W        1046587 nvme1n1 RS   1594473984 131072    2.376
00:28:44.178 VLLM::W        1046587 nvme1n1 RS   1594474240 131072    2.393
00:28:44.178 VLLM::W        1046587 nvme1n1 RS   1594474496 131072    2.419
00:28:44.178 VLLM::W        1046587 nvme1n1 RS   1594474752 131072    2.467
00:28:44.178 VLLM::W        1046588 nvme1n1 RS   1594478592 131072    1.891
00:28:44.178 VLLM::W        1046588 nvme1n1 RS   1594478848 131072    1.916
00:28:44.178 VLLM::W        1046588 nvme1n1 RS   1594479104 131072    1.943
00:28:44.178 VLLM::W        1046588 nvme1n1 RS   1594479360 131072    1.987
00:28:44.178 VLLM::W        1046588 nvme1n1 RS   1594479616 131072    2.048
00:28:44.178 VLLM::W        1046588 nvme1n1 RS   1594479872 131072    2.076
00:28:44.178 VLLM::W        1046588 nvme1n1 RS   1594480128 131072    2.082
00:28:44.178 VLLM::W        1046588 nvme1n1 RS   1594480384 131072    2.083
00:28:44.178 VLLM::W        1046588 nvme1n1 RS   1594480640 131072    2.114
00:28:44.178 VLLM::W        1046588 nvme1n1 RS   1594480896 131072    2.155
00:28:44.178 VLLM::W        1046588 nvme1n1 RS   1594481152 131072    2.186
00:28:44.178 VLLM::W        1046588 nvme1n1 RS   1594481408 131072    2.217
00:28:44.179 VLLM::W        1046588 nvme1n1 RS   1594481664 131072    2.253
00:28:44.179 VLLM::W        1046588 nvme1n1 RS   1594481920 131072    2.281
00:28:44.179 VLLM::W        1046588 nvme1n1 RS   1594482176 131072    2.309
00:28:44.179 VLLM::W        1046588 nvme1n1 RS   1594482432 131072    2.356
00:28:44.179 VLLM::W        1046588 nvme1n1 RS   1594486784 131072    2.367
00:28:44.179 VLLM::W        1046588 nvme1n1 RS   1594487040 131072    2.396
00:28:44.179 VLLM::W        1046589 nvme1n1 RS   60563712   131072    2.015
00:28:44.179 VLLM::W        1046589 nvme1n1 RS   60563968   131072    2.017
00:28:44.179 VLLM::W        1046589 nvme1n1 RS   60563456   131072    2.024
00:28:44.179 VLLM::W        1046589 nvme1n1 RS   60564224   131072    2.032
00:28:44.179 VLLM::W        1046589 nvme1n1 RS   60564480   131072    2.096
00:28:44.179 VLLM::W        1046589 nvme1n1 RS   60564736   131072    2.104
00:28:44.179 VLLM::W        1046589 nvme1n1 RS   60564992   131072    2.158
00:28:44.179 VLLM::W        1046589 nvme1n1 RS   60565248   131072    2.130
00:28:44.179 VLLM::W        1046589 nvme1n1 RS   60565504   131072    2.162
00:28:44.179 VLLM::W        1046589 nvme1n1 RS   60566016   131072    2.226
00:28:44.179 VLLM::W        1046589 nvme1n1 RS   60565760   131072    2.248
00:28:44.179 VLLM::W        1046589 nvme1n1 RS   60566272   131072    2.256
00:28:44.179 VLLM::W        1046589 nvme1n1 RS   60566528   131072    2.294
00:28:44.179 VLLM::W        1046589 nvme1n1 RS   60567040   131072    2.361
00:28:44.179 VLLM::W        1046589 nvme1n1 RS   60566784   131072    2.387
00:28:44.179 VLLM::W        1046589 nvme1n1 RS   60567808   131072    2.445
00:28:44.179 VLLM::W        1046589 nvme1n1 RS   60567552   131072    2.473
00:28:44.179 VLLM::W        1046589 nvme1n1 RS   60567296   131072    2.483
00:28:44.179 VLLM::W        1046586 nvme1n1 RS   1594494976 131072    1.934
00:28:44.179 VLLM::W        1046586 nvme1n1 RS   1594495232 131072    1.942
00:28:44.180 VLLM::W        1046586 nvme1n1 RS   1594495488 131072    1.996
00:28:44.180 VLLM::W        1046586 nvme1n1 RS   1594495744 131072    2.016
00:28:44.180 VLLM::W        1046586 nvme1n1 RS   1594496000 131072    2.027
00:28:44.180 VLLM::W        1046586 nvme1n1 RS   1594496256 131072    2.091
00:28:44.180 VLLM::W        1046586 nvme1n1 RS   1594496512 131072    2.096
00:28:44.180 VLLM::W        1046586 nvme1n1 RS   1594496768 131072    2.140
00:28:44.180 VLLM::W        1046586 nvme1n1 RS   1594497024 131072    2.152
00:28:44.180 VLLM::W        1046586 nvme1n1 RS   1594497280 131072    2.179
00:28:44.180 VLLM::W        1046586 nvme1n1 RS   1594497536 131072    2.212
00:28:44.180 VLLM::W        1046586 nvme1n1 RS   1594497792 131072    2.247
00:28:44.180 VLLM::W        1046586 nvme1n1 RS   1594498048 131072    2.277
00:28:44.180 VLLM::W        1046586 nvme1n1 RS   1594498304 131072    2.318
00:28:44.180 VLLM::W        1046586 nvme1n1 RS   1594498560 131072    2.329
00:28:44.180 VLLM::W        1046586 nvme1n1 RS   1594498816 131072    2.393
00:28:44.180 VLLM::W        1046586 nvme1n1 RS   1594515456 131072    2.416
00:28:44.180 VLLM::W        1046586 nvme1n1 RS   1594515712 131072    2.428
00:28:44.180 VLLM::W        1046587 nvme1n1 RS   1594503168 131072    1.938
00:28:44.180 VLLM::W        1046587 nvme1n1 RS   1594503424 131072    1.972
00:28:44.180 VLLM::W        1046587 nvme1n1 RS   1594503680 131072    2.005
00:28:44.180 VLLM::W        1046587 nvme1n1 RS   1594503936 131072    2.043
00:28:44.180 VLLM::W        1046587 nvme1n1 RS   1594504192 131072    2.113
00:28:44.180 VLLM::W        1046587 nvme1n1 RS   1594504448 131072    2.147
00:28:44.180 VLLM::W        1046587 nvme1n1 RS   1594504704 131072    2.154
00:28:44.180 VLLM::W        1046587 nvme1n1 RS   1594505216 131072    2.204
00:28:44.180 VLLM::W        1046587 nvme1n1 RS   1594504960 131072    2.227
00:28:44.180 VLLM::W        1046587 nvme1n1 RS   1594505472 131072    2.235
00:28:44.181 VLLM::W        1046587 nvme1n1 RS   1594505728 131072    2.264
00:28:44.181 VLLM::W        1046587 nvme1n1 RS   1594505984 131072    2.293
00:28:44.181 VLLM::W        1046587 nvme1n1 RS   1594506240 131072    2.337
00:28:44.181 VLLM::W        1046587 nvme1n1 RS   1594506496 131072    2.372
00:28:44.181 VLLM::W        1046587 nvme1n1 RS   1594506752 131072    2.399
00:28:44.181 VLLM::W        1046587 nvme1n1 RS   1594507008 131072    2.471
00:28:44.181 VLLM::W        1046587 nvme1n1 RS   1594519552 131072    2.496
00:28:44.181 VLLM::W        1046587 nvme1n1 RS   1594519808 131072    2.503
00:28:44.181 VLLM::W        1046588 nvme1n1 RS   60416256   131072    2.005
00:28:44.181 VLLM::W        1046588 nvme1n1 RS   60416000   131072    2.033
00:28:44.181 VLLM::W        1046588 nvme1n1 RS   60416512   131072    2.036
00:28:44.181 VLLM::W        1046588 nvme1n1 RS   60416768   131072    2.079
00:28:44.181 VLLM::W        1046588 nvme1n1 RS   60417024   131072    2.149
00:28:44.181 VLLM::W        1046588 nvme1n1 RS   60417280   131072    2.177
00:28:44.181 VLLM::W        1046588 nvme1n1 RS   60417536   131072    2.183
00:28:44.181 VLLM::W        1046588 nvme1n1 RS   60417792   131072    2.175
00:28:44.181 VLLM::W        1046588 nvme1n1 RS   60418048   131072    2.213
00:28:44.181 VLLM::W        1046588 nvme1n1 RS   60418304   131072    2.270
00:28:44.181 VLLM::W        1046588 nvme1n1 RS   60418560   131072    2.281
00:28:44.181 VLLM::W        1046588 nvme1n1 RS   60418816   131072    2.327
00:28:44.181 VLLM::W        1046588 nvme1n1 RS   60419072   131072    2.379
00:28:44.181 VLLM::W        1046588 nvme1n1 RS   60419328   131072    2.385
00:28:44.181 VLLM::W        1046588 nvme1n1 RS   60419584   131072    2.437
00:28:44.181 VLLM::W        1046588 nvme1n1 RS   60419840   131072    2.439
00:28:44.181 VLLM::W        1046588 nvme1n1 RS   60420096   131072    2.483
00:28:44.181 VLLM::W        1046588 nvme1n1 RS   60420352   131072    2.494
00:28:44.182 VLLM::W        1046589 nvme1n1 RS   1594536192 131072    2.048
00:28:44.182 VLLM::W        1046589 nvme1n1 RS   1594535936 131072    2.057
00:28:44.182 VLLM::W        1046589 nvme1n1 RS   1594536448 131072    2.051
00:28:44.182 VLLM::W        1046589 nvme1n1 RS   1594536704 131072    2.049
00:28:44.182 VLLM::W        1046589 nvme1n1 RS   1594537216 131072    2.124
00:28:44.182 VLLM::W        1046589 nvme1n1 RS   1594536960 131072    2.153
00:28:44.182 VLLM::W        1046589 nvme1n1 RS   1594537472 131072    2.157
00:28:44.182 VLLM::W        1046589 nvme1n1 RS   1594537728 131072    2.132
00:28:44.182 VLLM::W        1046589 nvme1n1 RS   1594538240 131072    2.211
00:28:44.182 VLLM::W        1046589 nvme1n1 RS   1594537984 131072    2.234
00:28:44.182 VLLM::W        1046589 nvme1n1 RS   1594538496 131072    2.249
00:28:44.182 VLLM::W        1046589 nvme1n1 RS   1594538752 131072    2.260
00:28:44.182 VLLM::W        1046589 nvme1n1 RS   1594539008 131072    2.305
00:28:44.182 VLLM::W        1046589 nvme1n1 RS   1594539264 131072    2.347
00:28:44.182 VLLM::W        1046589 nvme1n1 RS   1594539520 131072    2.379
00:28:44.182 VLLM::W        1046589 nvme1n1 RS   1594539776 131072    2.400
00:28:44.182 VLLM::W        1046589 nvme1n1 RS   1594540032 131072    2.442
00:28:44.182 VLLM::W        1046589 nvme1n1 RS   1594540288 131072    2.474
00:28:44.182 VLLM::W        1046586 nvme1n1 RS   1594523904 131072    2.060
00:28:44.182 VLLM::W        1046586 nvme1n1 RS   1594523648 131072    2.068
00:28:44.182 VLLM::W        1046586 nvme1n1 RS   1594524160 131072    2.063
00:28:44.182 VLLM::W        1046586 nvme1n1 RS   1594524928 131072    2.153
00:28:44.182 VLLM::W        1046586 nvme1n1 RS   1594524416 131072    2.184
00:28:44.182 VLLM::W        1046586 nvme1n1 RS   1594524672 131072    2.191
00:28:44.182 VLLM::W        1046586 nvme1n1 RS   1594525184 131072    2.206
00:28:44.183 VLLM::W        1046586 nvme1n1 RS   1594525440 131072    2.217
00:28:44.183 VLLM::W        1046586 nvme1n1 RS   1594525696 131072    2.235
00:28:44.183 VLLM::W        1046586 nvme1n1 RS   1594525952 131072    2.257
00:28:44.183 VLLM::W        1046586 nvme1n1 RS   1594526208 131072    2.269
00:28:44.183 VLLM::W        1046586 nvme1n1 RS   1594526464 131072    2.298
00:28:44.183 VLLM::W        1046586 nvme1n1 RS   1594526720 131072    2.329
00:28:44.183 VLLM::W        1046586 nvme1n1 RS   1594526976 131072    2.369
00:28:44.183 VLLM::W        1046586 nvme1n1 RS   1594527232 131072    2.401
00:28:44.183 VLLM::W        1046586 nvme1n1 RS   1594527488 131072    2.421
00:28:44.183 VLLM::W        1046586 nvme1n1 RS   1594527744 131072    2.457
00:28:44.183 VLLM::W        1046586 nvme1n1 RS   1594528000 131072    2.491
00:28:44.183 VLLM::W        1046587 nvme1n1 RS   1594499072 131072    1.968
00:28:44.183 VLLM::W        1046587 nvme1n1 RS   1594499328 131072    2.000
00:28:44.183 VLLM::W        1046587 nvme1n1 RS   1594499584 131072    2.040
00:28:44.183 VLLM::W        1046587 nvme1n1 RS   1594499840 131072    2.070
00:28:44.183 VLLM::W        1046587 nvme1n1 RS   1594500096 131072    2.100
00:28:44.183 VLLM::W        1046587 nvme1n1 RS   1594500352 131072    2.146
00:28:44.183 VLLM::W        1046587 nvme1n1 RS   1594500608 131072    2.192
00:28:44.183 VLLM::W        1046587 nvme1n1 RS   1594500864 131072    2.196
00:28:44.183 VLLM::W        1046587 nvme1n1 RS   1594501120 131072    2.208
00:28:44.183 VLLM::W        1046587 nvme1n1 RS   1594501376 131072    2.238
00:28:44.183 VLLM::W        1046587 nvme1n1 RS   1594501888 131072    2.299
00:28:44.183 VLLM::W        1046587 nvme1n1 RS   1594501632 131072    2.321
00:28:44.183 VLLM::W        1046587 nvme1n1 RS   1594502144 131072    2.346
00:28:44.183 VLLM::W        1046587 nvme1n1 RS   1594502400 131072    2.368
00:28:44.183 VLLM::W        1046587 nvme1n1 RS   1594502656 131072    2.400
00:28:44.183 VLLM::W        1046587 nvme1n1 RS   1594502912 131072    2.426
00:28:44.183 VLLM::W        1046587 nvme1n1 RS   1594511360 131072    2.469
00:28:44.183 VLLM::W        1046587 nvme1n1 RS   1594511616 131072    2.502
00:28:44.184 VLLM::W        1046588 nvme1n1 RS   1594507264 131072    1.928
00:28:44.184 VLLM::W        1046588 nvme1n1 RS   1594507520 131072    1.961
00:28:44.184 VLLM::W        1046588 nvme1n1 RS   1594507776 131072    1.994
00:28:44.184 VLLM::W        1046588 nvme1n1 RS   1594508032 131072    2.055
00:28:44.184 VLLM::W        1046588 nvme1n1 RS   1594508288 131072    2.076
00:28:44.184 VLLM::W        1046588 nvme1n1 RS   1594508544 131072    2.126
00:28:44.184 VLLM::W        1046588 nvme1n1 RS   1594508800 131072    2.131
00:28:44.184 VLLM::W        1046588 nvme1n1 RS   1594509056 131072    2.137
00:28:44.184 VLLM::W        1046588 nvme1n1 RS   1594509568 131072    2.183
00:28:44.184 VLLM::W        1046588 nvme1n1 RS   1594509824 131072    2.217
00:28:44.184 VLLM::W        1046588 nvme1n1 RS   1594509312 131072    2.241
00:28:44.184 VLLM::W        1046588 nvme1n1 RS   1594510080 131072    2.261
00:28:44.184 VLLM::W        1046588 nvme1n1 RS   1594510592 131072    2.331
00:28:44.184 VLLM::W        1046588 nvme1n1 RS   1594510848 131072    2.346
00:28:44.184 VLLM::W        1046588 nvme1n1 RS   1594510336 131072    2.370
00:28:44.184 VLLM::W        1046588 nvme1n1 RS   1594511104 131072    2.406
00:28:44.184 VLLM::W        1046588 nvme1n1 RS   1594531840 131072    2.419
00:28:44.184 VLLM::W        1046588 nvme1n1 RS   1594532096 131072    2.507
00:28:44.184 VLLM::W        1046589 nvme1n1 RS   1595130112 131072    1.901
00:28:44.184 VLLM::W        1046589 nvme1n1 RS   1595129856 131072    1.955
00:28:44.184 VLLM::W        1046589 nvme1n1 RS   1595130624 131072    1.958
00:28:44.184 VLLM::W        1046589 nvme1n1 RS   1595131136 131072    2.020
00:28:44.184 VLLM::W        1046589 nvme1n1 RS   1595130368 131072    2.043
00:28:44.184 VLLM::W        1046589 nvme1n1 RS   1595130880 131072    2.099
00:28:44.185 VLLM::W        1046589 nvme1n1 RS   1595131392 131072    2.176
00:28:44.185 VLLM::W        1046589 nvme1n1 RS   1595131648 131072    2.149
00:28:44.185 VLLM::W        1046589 nvme1n1 RS   1595131904 131072    2.175
00:28:44.185 VLLM::W        1046589 nvme1n1 RS   1595132416 131072    2.210
00:28:44.185 VLLM::W        1046589 nvme1n1 RS   1595132160 131072    2.245
00:28:44.185 VLLM::W        1046589 nvme1n1 RS   1595132928 131072    2.297
00:28:44.185 VLLM::W        1046589 nvme1n1 RS   1595133440 131072    2.312
00:28:44.185 VLLM::W        1046589 nvme1n1 RS   1595132672 131072    2.334
00:28:44.185 VLLM::W        1046589 nvme1n1 RS   1595133184 131072    2.407
00:28:44.185 VLLM::W        1046589 nvme1n1 RS   1595162624 131072    2.398
00:28:44.185 VLLM::W        1046589 nvme1n1 RS   1595133696 131072    2.452
00:28:44.185 VLLM::W        1046586 nvme1n1 RS   1595105536 131072    1.986
00:28:44.185 VLLM::W        1046586 nvme1n1 RS   1595105792 131072    1.987
00:28:44.185 VLLM::W        1046589 nvme1n1 RS   1595162880 131072    2.561
00:28:44.185 VLLM::W        1046586 nvme1n1 RS   1595105280 131072    2.061
00:28:44.185 VLLM::W        1046586 nvme1n1 RS   1595106816 131072    2.074
00:28:44.185 VLLM::W        1046586 nvme1n1 RS   1595106560 131072    2.125
00:28:44.185 VLLM::W        1046586 nvme1n1 RS   1595106048 131072    2.159
00:28:44.185 VLLM::W        1046586 nvme1n1 RS   1595106304 131072    2.165
00:28:44.185 VLLM::W        1046586 nvme1n1 RS   1595107072 131072    2.198
00:28:44.185 VLLM::W        1046586 nvme1n1 RS   1595107840 131072    2.210
00:28:44.185 VLLM::W        1046586 nvme1n1 RS   1595107328 131072    2.231
00:28:44.185 VLLM::W        1046586 nvme1n1 RS   1595107584 131072    2.248
00:28:44.185 VLLM::W        1046586 nvme1n1 RS   1595108096 131072    2.256
00:28:44.185 VLLM::W        1046586 nvme1n1 RS   1595108864 131072    2.312
00:28:44.185 VLLM::W        1046586 nvme1n1 RS   1595109120 131072    2.335
00:28:44.185 VLLM::W        1046586 nvme1n1 RS   1595108352 131072    2.391
00:28:44.185 VLLM::W        1046586 nvme1n1 RS   1595108608 131072    2.401
00:28:44.186 VLLM::W        1046586 nvme1n1 RS   1595113472 131072    2.441
00:28:44.186 VLLM::W        1046586 nvme1n1 RS   1595113728 131072    2.448
00:28:44.186 VLLM::W        1046587 nvme1n1 RS   1595138048 131072    1.980
00:28:44.186 VLLM::W        1046587 nvme1n1 RS   1595138304 131072    1.996
00:28:44.186 VLLM::W        1046587 nvme1n1 RS   1595138560 131072    2.020
00:28:44.186 VLLM::W        1046587 nvme1n1 RS   1595138816 131072    2.031
00:28:44.186 VLLM::W        1046587 nvme1n1 RS   1595139328 131072    2.122
00:28:44.186 VLLM::W        1046587 nvme1n1 RS   1595139072 131072    2.145
00:28:44.186 VLLM::W        1046587 nvme1n1 RS   1595139584 131072    2.146
00:28:44.186 VLLM::W        1046587 nvme1n1 RS   1595139840 131072    2.183
00:28:44.186 VLLM::W        1046587 nvme1n1 RS   1595140096 131072    2.206
00:28:44.186 VLLM::W        1046587 nvme1n1 RS   1595140352 131072    2.211
00:28:44.186 VLLM::W        1046587 nvme1n1 RS   1595140608 131072    2.242
00:28:44.186 VLLM::W        1046587 nvme1n1 RS   1595140864 131072    2.315
00:28:44.186 VLLM::W        1046587 nvme1n1 RS   1595141120 131072    2.379
00:28:44.186 VLLM::W        1046587 nvme1n1 RS   1595141376 131072    2.396
00:28:44.186 VLLM::W        1046587 nvme1n1 RS   1595141632 131072    2.407
00:28:44.186 VLLM::W        1046587 nvme1n1 RS   1595141888 131072    2.477
00:28:44.186 VLLM::W        1046587 nvme1n1 RS   1595154432 131072    2.490
00:28:44.186 VLLM::W        1046587 nvme1n1 RS   1595154688 131072    2.501
00:28:44.186 VLLM::W        1046588 nvme1n1 RS   1595117568 131072    1.885
00:28:44.186 VLLM::W        1046588 nvme1n1 RS   1595117824 131072    1.939
00:28:44.186 VLLM::W        1046588 nvme1n1 RS   1595118080 131072    1.964
00:28:44.186 VLLM::W        1046588 nvme1n1 RS   1595118336 131072    1.973
00:28:44.186 VLLM::W        1046588 nvme1n1 RS   1595118848 131072    2.050
00:28:44.186 VLLM::W        1046588 nvme1n1 RS   1595118592 131072    2.068
00:28:44.186 VLLM::W        1046588 nvme1n1 RS   1595119104 131072    2.070
00:28:44.187 VLLM::W        1046588 nvme1n1 RS   1595119616 131072    2.076
00:28:44.187 VLLM::W        1046588 nvme1n1 RS   1595119360 131072    2.106
00:28:44.187 VLLM::W        1046588 nvme1n1 RS   1595119872 131072    2.113
00:28:44.187 VLLM::W        1046588 nvme1n1 RS   1595120128 131072    2.121
00:28:44.187 VLLM::W        1046588 nvme1n1 RS   1595120384 131072    2.150
00:28:44.187 VLLM::W        1046588 nvme1n1 RS   1595120640 131072    2.181
00:28:44.187 VLLM::W        1046588 nvme1n1 RS   1595120896 131072    2.214
00:28:44.187 VLLM::W        1046588 nvme1n1 RS   1595121152 131072    2.273
00:28:44.187 VLLM::W        1046588 nvme1n1 RS   1595121408 131072    2.299
00:28:44.187 VLLM::W        1046588 nvme1n1 RS   1595150336 131072    2.333
00:28:44.187 VLLM::W        1046588 nvme1n1 RS   1595150592 131072    2.344
00:28:44.187 VLLM::W        1046589 nvme1n1 RS   732348416  131072    1.806
00:28:44.187 VLLM::W        1046589 nvme1n1 RS   732348928  131072    1.869
00:28:44.187 VLLM::W        1046589 nvme1n1 RS   732349184  131072    1.881
00:28:44.187 VLLM::W        1046589 nvme1n1 RS   732348672  131072    1.913
00:28:44.187 VLLM::W        1046589 nvme1n1 RS   732349696  131072    1.948
00:28:44.187 VLLM::W        1046589 nvme1n1 RS   732349440  131072    1.976
00:28:44.187 VLLM::W        1046589 nvme1n1 RS   732349952  131072    1.985
00:28:44.187 VLLM::W        1046589 nvme1n1 RS   732350208  131072    2.018
00:28:44.187 VLLM::W        1046589 nvme1n1 RS   732350464  131072    2.036
00:28:44.187 VLLM::W        1046589 nvme1n1 RS   732350720  131072    2.042
00:28:44.187 VLLM::W        1046589 nvme1n1 RS   732350976  131072    2.072
00:28:44.187 VLLM::W        1046589 nvme1n1 RS   732351232  131072    2.123
00:28:44.187 VLLM::W        1046589 nvme1n1 RS   732351488  131072    2.133
00:28:44.187 VLLM::W        1046589 nvme1n1 RS   732351744  131072    2.169
00:28:44.187 VLLM::W        1046589 nvme1n1 RS   732352000  131072    2.211
00:28:44.187 VLLM::W        1046589 nvme1n1 RS   732352256  131072    2.212
00:28:44.187 VLLM::W        1046589 nvme1n1 RS   732352512  131072    2.275
00:28:44.188 VLLM::W        1046589 nvme1n1 RS   732352768  131072    2.329
00:28:44.188 VLLM::W        1046586 nvme1n1 RS   1595121664 131072    1.862
00:28:44.188 VLLM::W        1046586 nvme1n1 RS   1595121920 131072    1.895
00:28:44.188 VLLM::W        1046586 nvme1n1 RS   1595122176 131072    1.905
00:28:44.188 VLLM::W        1046586 nvme1n1 RS   1595122688 131072    2.017
00:28:44.188 VLLM::W        1046586 nvme1n1 RS   1595122432 131072    2.041
00:28:44.188 VLLM::W        1046586 nvme1n1 RS   1595122944 131072    2.066
00:28:44.188 VLLM::W        1046586 nvme1n1 RS   1595123200 131072    2.085
00:28:44.188 VLLM::W        1046586 nvme1n1 RS   1595123456 131072    2.113
00:28:44.188 VLLM::W        1046586 nvme1n1 RS   1595123712 131072    2.131
00:28:44.188 VLLM::W        1046586 nvme1n1 RS   1595123968 131072    2.136
00:28:44.188 VLLM::W        1046586 nvme1n1 RS   1595124224 131072    2.169
00:28:44.188 VLLM::W        1046586 nvme1n1 RS   1595124480 131072    2.200
00:28:44.188 VLLM::W        1046586 nvme1n1 RS   1595124736 131072    2.226
00:28:44.188 VLLM::W        1046586 nvme1n1 RS   1595124992 131072    2.257
00:28:44.188 VLLM::W        1046586 nvme1n1 RS   1595125248 131072    2.295
00:28:44.188 VLLM::W        1046586 nvme1n1 RS   1595125504 131072    2.316
00:28:44.188 VLLM::W        1046586 nvme1n1 RS   1595146240 131072    2.351
00:28:44.188 VLLM::W        1046586 nvme1n1 RS   1595146496 131072    2.382
00:28:44.188 VLLM::W        1046587 nvme1n1 RS   1595125760 131072    1.941
00:28:44.188 VLLM::W        1046587 nvme1n1 RS   1595126016 131072    1.951
00:28:44.188 VLLM::W        1046587 nvme1n1 RS   1595126272 131072    2.007
00:28:44.188 VLLM::W        1046587 nvme1n1 RS   1595126528 131072    2.018
00:28:44.188 VLLM::W        1046587 nvme1n1 RS   1595127040 131072    2.084
00:28:44.188 VLLM::W        1046587 nvme1n1 RS   1595126784 131072    2.106
00:28:44.189 VLLM::W        1046587 nvme1n1 RS   1595127296 131072    2.186
00:28:44.189 VLLM::W        1046587 nvme1n1 RS   1595127808 131072    2.160
00:28:44.189 VLLM::W        1046587 nvme1n1 RS   1595127552 131072    2.196
00:28:44.189 VLLM::W        1046587 nvme1n1 RS   1595128576 131072    2.221
00:28:44.189 VLLM::W        1046587 nvme1n1 RS   1595128064 131072    2.259
00:28:44.189 VLLM::W        1046587 nvme1n1 RS   1595129088 131072    2.291
00:28:44.189 VLLM::W        1046587 nvme1n1 RS   1595128320 131072    2.327
00:28:44.189 VLLM::W        1046587 nvme1n1 RS   1595129600 131072    2.383
00:28:44.189 VLLM::W        1046587 nvme1n1 RS   1595128832 131072    2.424
00:28:44.189 VLLM::W        1046587 nvme1n1 RS   1595158784 131072    2.412
00:28:44.189 VLLM::W        1046587 nvme1n1 RS   1595129344 131072    2.514
00:28:44.189 VLLM::W        1046588 nvme1n1 RS   316837888  131072    1.918
00:28:44.189 VLLM::W        1046588 nvme1n1 RS   316838144  131072    1.919
00:28:44.189 VLLM::W        1046587 nvme1n1 RS   1595158528 131072    2.592
00:28:44.189 VLLM::W        1046588 nvme1n1 RS   316838912  131072    1.994
00:28:44.189 VLLM::W        1046588 nvme1n1 RS   316839168  131072    2.034
00:28:44.189 VLLM::W        1046588 nvme1n1 RS   316838400  131072    2.074
00:28:44.189 VLLM::W        1046588 nvme1n1 RS   316838656  131072    2.076
00:28:44.189 VLLM::W        1046588 nvme1n1 RS   316839680  131072    2.067
00:28:44.189 VLLM::W        1046588 nvme1n1 RS   316839424  131072    2.159
00:28:44.189 VLLM::W        1046588 nvme1n1 RS   316839936  131072    2.130
00:28:44.189 VLLM::W        1046588 nvme1n1 RS   316840192  131072    2.183
00:28:44.189 VLLM::W        1046588 nvme1n1 RS   316840448  131072    2.186
00:28:44.189 VLLM::W        1046588 nvme1n1 RS   316840704  131072    2.246
00:28:44.189 VLLM::W        1046588 nvme1n1 RS   316840960  131072    2.269
00:28:44.189 VLLM::W        1046588 nvme1n1 RS   316841216  131072    2.279
00:28:44.189 VLLM::W        1046588 nvme1n1 RS   316841472  131072    2.289
00:28:44.189 VLLM::W        1046588 nvme1n1 RS   316841728  131072    2.366
00:28:44.190 VLLM::W        1046588 nvme1n1 RS   316841984  131072    2.388
00:28:44.190 VLLM::W        1046588 nvme1n1 RS   316842240  131072    2.395
00:28:44.190 VLLM::W        1046589 nvme1n1 RS   578056192  131072    1.884
00:28:44.190 VLLM::W        1046589 nvme1n1 RS   578056448  131072    1.885
00:28:44.190 VLLM::W        1046589 nvme1n1 RS   578056704  131072    1.899
00:28:44.190 VLLM::W        1046589 nvme1n1 RS   578056960  131072    1.900
00:28:44.190 VLLM::W        1046589 nvme1n1 RS   578057216  131072    1.933
00:28:44.190 VLLM::W        1046589 nvme1n1 RS   578057472  131072    1.993
00:28:44.190 VLLM::W        1046589 nvme1n1 RS   578057728  131072    2.026
00:28:44.190 VLLM::W        1046589 nvme1n1 RS   578057984  131072    2.034
00:28:44.190 VLLM::W        1046589 nvme1n1 RS   578058240  131072    2.057
00:28:44.190 VLLM::W        1046589 nvme1n1 RS   578058496  131072    2.067
00:28:44.190 VLLM::W        1046589 nvme1n1 RS   578058752  131072    2.115
00:28:44.190 VLLM::W        1046589 nvme1n1 RS   578059008  131072    2.141
00:28:44.190 VLLM::W        1046589 nvme1n1 RS   578059264  131072    2.170
00:28:44.190 VLLM::W        1046589 nvme1n1 RS   578059520  131072    2.204
00:28:44.190 VLLM::W        1046589 nvme1n1 RS   578060032  24576     2.231
00:28:44.190 VLLM::W        1046589 nvme1n1 RS   578059776  131072    2.247
00:28:44.190 VLLM::W        1046586 nvme1n1 RS   1595142144 131072    1.840
00:28:44.190 VLLM::W        1046586 nvme1n1 RS   1595142400 131072    1.841
00:28:44.190 VLLM::W        1046586 nvme1n1 RS   1595142656 131072    1.839
00:28:44.190 VLLM::W        1046586 nvme1n1 RS   1595142912 131072    1.859
00:28:44.190 VLLM::W        1046586 nvme1n1 RS   1595143168 131072    1.893
00:28:44.190 VLLM::W        1046586 nvme1n1 RS   1595143424 131072    1.940
00:28:44.190 VLLM::W        1046586 nvme1n1 RS   1595143680 131072    1.988
00:28:44.190 VLLM::W        1046586 nvme1n1 RS   1595143936 131072    1.967
00:28:44.190 VLLM::W        1046586 nvme1n1 RS   1595144192 131072    1.998
00:28:44.190 VLLM::W        1046586 nvme1n1 RS   1595144448 131072    2.025
00:28:44.191 VLLM::W        1046586 nvme1n1 RS   1595144704 131072    2.095
00:28:44.191 VLLM::W        1046586 nvme1n1 RS   1595144960 131072    2.128
00:28:44.191 VLLM::W        1046586 nvme1n1 RS   1595145216 131072    2.161
00:28:44.191 VLLM::W        1046586 nvme1n1 RS   1595145472 131072    2.188
00:28:44.191 VLLM::W        1046586 nvme1n1 RS   1595145728 131072    2.216
00:28:44.191 VLLM::W        1046586 nvme1n1 RS   1595145984 24576     2.221
00:28:44.191 VLLM::W        1046587 nvme1n1 RS   1595133952 131072    1.550
00:28:44.191 VLLM::W        1046587 nvme1n1 RS   1595134208 131072    1.556
00:28:44.191 VLLM::W        1046587 nvme1n1 RS   1595134464 131072    1.631
00:28:44.191 VLLM::W        1046587 nvme1n1 RS   1595134720 131072    1.655
00:28:44.191 VLLM::W        1046587 nvme1n1 RS   1595134976 131072    1.666
00:28:44.191 VLLM::W        1046587 nvme1n1 RS   1595135232 131072    1.695
00:28:44.191 VLLM::W        1046587 nvme1n1 RS   1595135744 131072    1.743
00:28:44.191 VLLM::W        1046587 nvme1n1 RS   1595135488 131072    1.786
00:28:44.191 VLLM::W        1046587 nvme1n1 RS   1595136256 131072    1.802
00:28:44.191 VLLM::W        1046587 nvme1n1 RS   1595136000 131072    1.836
00:28:44.191 VLLM::W        1046587 nvme1n1 RS   1595136512 131072    1.863
00:28:44.191 VLLM::W        1046587 nvme1n1 RS   1595136768 131072    1.891
00:28:44.191 VLLM::W        1046587 nvme1n1 RS   1595137280 131072    1.943
00:28:44.191 VLLM::W        1046587 nvme1n1 RS   1595137536 131072    1.973
00:28:44.191 VLLM::W        1046587 nvme1n1 RS   1595137024 131072    2.009
00:28:44.191 VLLM::W        1046587 nvme1n1 RS   1595137792 24576     2.035
00:28:44.191 VLLM::W        1046588 nvme1n1 RS   1595109376 131072    1.568
00:28:44.191 VLLM::W        1046588 nvme1n1 RS   1595109632 131072    1.573
00:28:44.191 VLLM::W        1046588 nvme1n1 RS   1595109888 131072    1.605
00:28:44.191 VLLM::W        1046588 nvme1n1 RS   1595110400 131072    1.672
00:28:44.191 VLLM::W        1046588 nvme1n1 RS   1595110144 131072    1.706
00:28:44.191 VLLM::W        1046588 nvme1n1 RS   1595110656 131072    1.708
00:28:44.191 VLLM::W        1046588 nvme1n1 RS   1595110912 131072    1.735
00:28:44.192 VLLM::W        1046588 nvme1n1 RS   1595111168 131072    1.736
00:28:44.192 VLLM::W        1046588 nvme1n1 RS   1595111424 131072    1.779
00:28:44.192 VLLM::W        1046588 nvme1n1 RS   1595111680 131072    1.821
00:28:44.192 VLLM::W        1046588 nvme1n1 RS   1595111936 131072    1.829
00:28:44.192 VLLM::W        1046588 nvme1n1 RS   1595112192 131072    1.876
00:28:44.192 VLLM::W        1046588 nvme1n1 RS   1595112448 131072    1.904
00:28:44.192 VLLM::W        1046588 nvme1n1 RS   1595112704 131072    1.966
00:28:44.192 VLLM::W        1046588 nvme1n1 RS   1595112960 131072    1.978
00:28:44.192 VLLM::W        1046588 nvme1n1 RS   1595113216 24576     1.982
00:28:44.281 nvme           1462204 Unknown N    -1         512       0.034
00:28:45.283 nvme           1462219 Unknown N    -1         512       0.032
00:28:45.345 kworker        1461926 nvme0n1 W    37332528   4096      0.879
00:28:46.070 ib_log_        125924  nvme1n1 WS   1757460976 4096      0.068
00:28:46.086 ib_log_        125924  nvme1n1 WS   1757460976 4096      0.038
00:28:46.285 nvme           1462223 Unknown N    -1         512       0.026
00:28:46.335 ib_pg_f        125924  nvme1n1 WS   1740046336 81920     0.109
00:28:46.335 ib_pg_f        125924  nvme1n1 WS   1740413024 16384     0.043
00:28:46.335 ib_pg_f        125924  nvme1n1 WS   1757760192 16384     0.049
00:28:46.335 ib_pg_f        125924  nvme1n1 WS   1757691744 16384     0.080
00:28:46.335 ib_pg_f        125924  nvme1n1 WS   1740106016 16384     0.098
00:28:46.335 ib_pg_f        125924  nvme1n1 WS   1757151392 16384     0.091
00:28:47.275 ib_log_        125924  nvme1n1 WS   1757454744 4096      0.055
00:28:47.288 nvme           1462234 Unknown N    -1         512       0.030
00:28:47.485 jbd2/nv        752     nvme1n1 WSM  877445360  53248     0.099
00:28:47.485 jbd2/nv        752     nvme1n1 WSM  877445464  4096      0.034
00:28:48.290 nvme           1462238 Unknown N    -1         512       0.077
00:28:48.416 kworker        1422190 nvme1n1 W    587761176  53248     0.126
00:28:48.417 kworker        1422190 nvme1n1 W    724987352  131072    0.198
00:28:48.417 kworker        1422190 nvme1n1 W    724987608  61440     0.233
00:28:48.417 kworker        1422190 nvme1n1 W    587761280  32768     0.255
00:28:48.417 kworker        1422190 nvme1n1 W    725008896  131072    0.333
00:28:48.417 kworker        1422190 nvme1n1 W    725009152  90112     0.388
00:28:48.417 kworker        1422190 nvme1n1 W    1532368104 77824     0.434
00:28:48.417 kworker        1422190 nvme1n1 W    587761344  45056     0.459
00:28:49.293 nvme           1462252 Unknown N    -1         512       0.080
00:28:49.952 kworker        1461926 nvme1n1 W    1625051472 12288     0.066
00:28:50.278 amoprof        1271097 nvme1n1 W    1176747960 4096      0.044
