TIMESTAMP    COMM           PID     DISK    T    SECTOR     BYTES   LAT(ms)
09:12:09.735 nvme           424887  Unknown N    -1         512       0.033
09:12:10.737 nvme           424998  Unknown N    -1         512       0.033
09:12:11.739 nvme           425012  Unknown N    -1         512       0.029
09:12:11.817 jbd2/nv        752     nvme1n1 WSM  877644200  131072    0.166
09:12:11.817 jbd2/nv        752     nvme1n1 WSM  877644456  86016     0.188
09:12:11.817 jbd2/nv        752     nvme1n1 WSM  877644624  4096      0.031
09:12:11.840 contain        1195    nvme1n1 WS   1730873632 4096      0.065
09:12:11.840 contain        1195    nvme1n1 WS   1730873688 4096      0.075
09:12:11.840 contain        1195    nvme1n1 WS   1730873816 12288     0.079
09:12:11.840 contain        1195    nvme1n1 WS   1429520    4096      0.029
09:12:11.840 contain        1195    nvme1n1 WS   1730873768 8192      0.050
09:12:11.840 contain        1195    nvme1n1 WS   1730873808 4096      0.058
09:12:11.840 contain        1195    nvme1n1 WS   1730873840 8192      0.060
09:12:11.840 contain        1195    nvme1n1 WS   1429528    4096      0.028
09:12:11.840 contain        1195    nvme1n1 WS   1725789904 8192      0.052
09:12:11.840 contain        1195    nvme1n1 WS   1725789968 4096      0.056
09:12:11.840 contain        1195    nvme1n1 WS   1725790000 4096      0.058
09:12:11.840 contain        1195    nvme1n1 WS   1725789936 12288     0.065
09:12:11.840 contain        1195    nvme1n1 WS   1707371888 4096      0.029
09:12:11.841 contain        1195    nvme1n1 WS   1730873720 4096      0.042
09:12:11.841 contain        1195    nvme1n1 WS   1730873760 4096      0.045
09:12:11.841 contain        1195    nvme1n1 WS   1730873816 12288     0.051
09:12:11.841 contain        1195    nvme1n1 WS   1730873856 36864     0.071
09:12:11.841 contain        1195    nvme1n1 WS   1429520    4096      0.028
09:12:11.842 kworker        387953  nvme1n1 W    1532122232 4096      0.036
09:12:11.842 kworker        407098  nvme1n1 W    1737039768 4096      0.052
09:12:11.842 kworker        407098  nvme1n1 W    1757161608 4096      0.058
09:12:11.842 kworker        375098  nvme1n1 W    1728879864 4096      0.075
09:12:11.842 kworker        375098  nvme1n1 W    1756377888 8192      0.081
09:12:11.842 kworker        375098  nvme1n1 W    844108120  118784    0.167
09:12:11.842 kworker        375098  nvme1n1 W    1561205320 69632     0.208
09:12:11.842 kworker        375098  nvme1n1 W    844108352  36864     0.229
09:12:11.842 kworker        375098  nvme1n1 W    730276640  131072    0.306
09:12:11.843 kworker        375098  nvme1n1 W    730276896  94208     0.359
09:12:11.843 kworker        375098  nvme1n1 W    844108424  45056     0.384
09:12:11.843 kworker        375098  nvme1n1 W    730164624  131072    0.391
09:12:11.843 kworker        375098  nvme1n1 W    730164880  94208     0.430
09:12:11.843 kworker        375098  nvme1n1 W    844108512  86016     0.157
09:12:11.843 kworker        375098  nvme1n1 W    1729951448 90112     0.211
09:12:11.843 kworker        375098  nvme1n1 W    844108680  40960     0.235
09:12:11.843 kworker        375098  nvme1n1 W    1532157440 131072    0.315
09:12:11.843 kworker        375098  nvme1n1 W    1532157696 131072    0.398
09:12:11.843 kworker        375098  nvme1n1 W    1569121208 131072    0.496
09:12:11.843 kworker        375098  nvme1n1 W    1569121464 131072    0.455
09:12:11.843 kworker        375098  nvme1n1 W    1569121720 49152     0.472
09:12:11.843 kworker        375098  nvme1n1 W    844108760  81920     0.337
09:12:11.843 kworker        375098  nvme1n1 W    1706624000 73728     0.377
09:12:11.843 kworker        375098  nvme1n1 W    844108920  57344     0.412
09:12:11.843 kworker        375098  nvme1n1 W    1531141920 8192      0.273
09:12:11.843 kworker        375098  nvme1n1 W    1520037504 12288     0.279
09:12:11.843 kworker        375098  nvme1n1 W    1520034456 8192      0.155
09:12:11.843 kworker        375098  nvme1n1 W    1553588128 4096      0.160
09:12:11.844 kworker        375098  nvme1n1 W    1755672456 4096      0.054
09:12:11.844 kworker        375098  nvme1n1 W    1755671552 49152     0.083
09:12:11.844 kworker        375098  nvme1n1 W    844109032  126976    0.172
09:12:11.844 kworker        375098  nvme1n1 W    844109280  16384     0.180
09:12:11.844 kworker        375098  nvme1n1 W    1729957888 86016     0.232
09:12:11.844 kworker        375098  nvme1n1 W    844109312  81920     0.281
09:12:11.844 dockerd        1436    nvme1n1 WM   224        4096      0.213
09:12:11.844 dockerd        1436    nvme1n1 WM   272        8192      0.216
09:12:11.844 dockerd        1436    nvme1n1 WM   461373568  4096      0.225
09:12:11.844 dockerd        1436    nvme1n1 WM   461373696  8192      0.228
09:12:11.844 dockerd        1436    nvme1n1 WM   461373728  4096      0.229
09:12:11.844 dockerd        1436    nvme1n1 WM   461374248  4096      0.232
09:12:11.844 dockerd        1436    nvme1n1 WM   566231048  4096      0.232
09:12:11.844 dockerd        1436    nvme1n1 WM   570425472  4096      0.235
09:12:11.844 dockerd        1436    nvme1n1 WM   570425600  4096      0.235
09:12:11.844 dockerd        1436    nvme1n1 WM   570425648  4096      0.237
09:12:11.844 dockerd        1436    nvme1n1 WM   570427304  12288     0.239
09:12:11.844 jbd2/nv        752     nvme1n1 WSM  877644632  131072    0.299
09:12:11.844 jbd2/nv        752     nvme1n1 WSM  877644888  65536     0.324
09:12:11.844 dockerd        1436    nvme1n1 WM   1484789216 4096      0.085
09:12:11.844 dockerd        1436    nvme1n1 WM   1515151600 4096      0.092
09:12:11.844 dockerd        1436    nvme1n1 WM   1530921000 4096      0.093
09:12:11.844 dockerd        1436    nvme1n1 WM   1568673480 4096      0.101
09:12:11.844 dockerd        1436    nvme1n1 WM   1705582584 4096      0.102
09:12:11.844 dockerd        1436    nvme1n1 WM   1707589104 4096      0.102
09:12:11.844 dockerd        1436    nvme1n1 WM   1719472896 4096      0.105
09:12:11.844 dockerd        1436    nvme1n1 WM   1719473248 4096      0.105
09:12:11.844 dockerd        1436    nvme1n1 WM   1719478760 4096      0.110
09:12:11.844 dockerd        1436    nvme1n1 WM   1719478888 4096      0.111
09:12:11.844 dockerd        1436    nvme1n1 WM   1719479088 4096      0.111
09:12:11.844 dockerd        1436    nvme1n1 WM   1728053272 4096      0.112
09:12:11.844 dockerd        1436    nvme1n1 WM   1732247632 4096      0.121
09:12:11.844 dockerd        1436    nvme1n1 WM   1736441904 4096      0.123
09:12:11.844 jbd2/nv        752     nvme1n1 WSM  877645016  4096      0.041
09:12:11.844 jbd2/nv        752     nvme1n1 WSM  877645024  24576     0.050
09:12:11.844 jbd2/nv        752     nvme1n1 WSM  877645072  4096      0.033
09:12:11.844 dockerd        1436    nvme1n1 WSM  0          4096      0.072
09:12:11.844 dockerd        1436    nvme1n1 WSM  352        4096      0.079
09:12:11.844 dockerd        1436    nvme1n1 WSM  408        4096      0.080
09:12:11.844 dockerd        1436    nvme1n1 WSM  728        8192      0.081
09:12:11.844 dockerd        1436    nvme1n1 WSM  752        4096      0.086
09:12:11.844 dockerd        1436    nvme1n1 WSM  570425680  4096      0.087
09:12:11.844 dockerd        1436    nvme1n1 WSM  570425768  4096      0.088
09:12:11.844 dockerd        1436    nvme1n1 WSM  729808904  4096      0.089
09:12:11.844 dockerd        1436    nvme1n1 WSM  843055136  4096      0.093
09:12:11.844 dockerd        1436    nvme1n1 WSM  1493172480 8192      0.097
09:12:11.844 dockerd        1436    nvme1n1 WSM  1518338096 4096      0.102
09:12:11.844 dockerd        1436    nvme1n1 WSM  1530920960 4096      0.110
09:12:11.844 dockerd        1436    nvme1n1 WSM  1530920992 4096      0.111
09:12:11.844 dockerd        1436    nvme1n1 WSM  1560281112 4096      0.111
09:12:11.844 dockerd        1436    nvme1n1 WSM  816        16384     0.122
09:12:11.844 dockerd        1436    nvme1n1 WSM  570427248  28672     0.136
09:12:11.845 dockerd        1436    nvme1n1 WSM  1568669704 4096      0.073
09:12:11.845 dockerd        1436    nvme1n1 WSM  1568669824 4096      0.074
09:12:11.845 dockerd        1436    nvme1n1 WSM  1568673464 8192      0.080
09:12:11.845 dockerd        1436    nvme1n1 WSM  1702887536 4096      0.081
09:12:11.845 dockerd        1436    nvme1n1 WSM  1705656312 4096      0.085
09:12:11.845 dockerd        1436    nvme1n1 WSM  1715470456 4096      0.100
09:12:11.845 dockerd        1436    nvme1n1 WSM  1719470936 4096      0.104
09:12:11.845 dockerd        1436    nvme1n1 WSM  1719470992 4096      0.105
09:12:11.845 dockerd        1436    nvme1n1 WSM  1719473336 4096      0.107
09:12:11.845 dockerd        1436    nvme1n1 WSM  1719475672 4096      0.107
09:12:11.845 dockerd        1436    nvme1n1 WSM  1719477200 4096      0.110
09:12:11.845 dockerd        1436    nvme1n1 WSM  1719477752 4096      0.114
09:12:11.845 dockerd        1436    nvme1n1 WSM  1719478016 4096      0.116
09:12:11.845 dockerd        1436    nvme1n1 WSM  1719478176 4096      0.116
09:12:11.845 dockerd        1436    nvme1n1 WSM  1719478200 8192      0.116
09:12:11.845 dockerd        1436    nvme1n1 WSM  1728053304 4096      0.119
09:12:11.845 dockerd        1436    nvme1n1 WSM  1753219144 4096      0.034
09:12:11.845 dockerd        1436    nvme1n1 WSM  1753219168 4096      0.036
09:12:11.845 contain        1195    nvme1n1 WS   1725789864 4096      0.050
09:12:11.845 contain        1195    nvme1n1 WS   1725789896 4096      0.059
09:12:11.845 contain        1195    nvme1n1 WS   1725789928 4096      0.060
09:12:11.845 contain        1195    nvme1n1 WS   1725789960 4096      0.066
09:12:11.845 contain        1195    nvme1n1 WS   1725789976 12288     0.067
09:12:11.845 contain        1195    nvme1n1 WS   1707371880 4096      0.027
09:12:11.846 contain        1195    nvme1n1 WS   1551466752 4096      0.059
09:12:11.846 contain        1195    nvme1n1 WS   1725799912 4096      0.062
09:12:11.846 contain        1195    nvme1n1 WS   1730872560 4096      0.070
09:12:11.846 contain        1195    nvme1n1 WS   1730873528 8192      0.081
09:12:11.846 contain        1195    nvme1n1 WS   1730873632 4096      0.085
09:12:11.846 contain        1195    nvme1n1 WS   1730873688 4096      0.088
09:12:11.846 contain        1195    nvme1n1 WS   1730873768 8192      0.090
09:12:11.846 contain        1195    nvme1n1 WS   1730873808 4096      0.092
09:12:11.846 contain        1195    nvme1n1 WS   1730873840 8192      0.099
09:12:11.846 contain        1195    nvme1n1 WS   1730873928 8192      0.101
09:12:11.846 contain        1195    nvme1n1 WS   1429528    4096      0.028
09:12:11.846 contain        1195    nvme1n1 WS   1730873720 4096      0.042
09:12:11.846 contain        1195    nvme1n1 WS   1730873760 4096      0.050
09:12:11.846 contain        1195    nvme1n1 WS   1730873816 12288     0.054
09:12:11.846 contain        1195    nvme1n1 WS   1429520    4096      0.027
09:12:11.846 contain        1195    nvme1n1 WS   1725789904 8192      0.044
09:12:11.846 contain        1195    nvme1n1 WS   1725789968 4096      0.050
09:12:11.846 contain        1195    nvme1n1 WS   1725790000 4096      0.054
09:12:11.846 contain        1195    nvme1n1 WS   1725789936 12288     0.057
09:12:11.846 contain        1195    nvme1n1 WS   1707371888 4096      0.028
09:12:11.847 contain        1195    nvme1n1 WS   1730873632 4096      0.039
09:12:11.847 contain        1195    nvme1n1 WS   1730873688 4096      0.042
09:12:11.847 contain        1195    nvme1n1 WS   1730873848 36864     0.062
09:12:11.847 contain        1195    nvme1n1 WS   1429528    4096      0.028
09:12:11.848 kworker        375098  nvme1n1 W    844109472  8192      0.036
09:12:11.848 jbd2/nv        752     nvme1n1 WSM  877645080  114688    0.121
09:12:11.848 jbd2/nv        752     nvme1n1 WSM  877645304  4096      0.031
09:12:11.848 kworker        407098  nvme1n1 WS   844109480  4096      0.030
09:12:11.848 jbd2/nv        752     nvme1n1 WSM  877645312  8192      0.031
09:12:11.848 jbd2/nv        752     nvme1n1 WSM  877645328  4096      0.028
09:12:11.848 dockerd        1436    nvme1n1 WSM  0          4096      0.079
09:12:11.848 dockerd        1436    nvme1n1 WSM  224        4096      0.082
09:12:11.848 dockerd        1436    nvme1n1 WSM  408        4096      0.088
09:12:11.848 dockerd        1436    nvme1n1 WSM  752        4096      0.088
09:12:11.848 dockerd        1436    nvme1n1 WSM  824        4096      0.088
09:12:11.848 dockerd        1436    nvme1n1 WSM  461373568  4096      0.089
09:12:11.848 dockerd        1436    nvme1n1 WSM  461373696  8192      0.092
09:12:11.848 dockerd        1436    nvme1n1 WSM  461374248  4096      0.096
09:12:11.848 dockerd        1436    nvme1n1 WSM  843055136  4096      0.100
09:12:11.848 dockerd        1436    nvme1n1 WSM  1493172480 8192      0.105
09:12:11.848 dockerd        1436    nvme1n1 WSM  1568669824 4096      0.109
09:12:11.848 dockerd        1436    nvme1n1 WSM  1568673464 8192      0.113
09:12:11.848 dockerd        1436    nvme1n1 WSM  1705582584 4096      0.114
09:12:11.848 dockerd        1436    nvme1n1 WSM  1705656312 4096      0.120
09:12:11.848 dockerd        1436    nvme1n1 WSM  1707589104 4096      0.120
09:12:11.848 dockerd        1436    nvme1n1 WSM  1715470456 4096      0.120
09:12:11.848 dockerd        1436    nvme1n1 WSM  1719477760 8192      0.044
09:12:11.848 dockerd        1436    nvme1n1 WSM  1719478304 4096      0.047
09:12:11.848 dockerd        1436    nvme1n1 WSM  1719478528 4096      0.053
09:12:11.848 dockerd        1436    nvme1n1 WSM  1719478552 4096      0.054
09:12:11.848 dockerd        1436    nvme1n1 WSM  1719478768 8192      0.054
09:12:11.849 dockerd        1436    nvme1n1 WS   1486100000 4096      0.034
09:12:11.849 jbd2/nv        752     nvme1n1 WSM  877645336  57344     0.079
09:12:11.849 jbd2/nv        752     nvme1n1 WSM  877645448  4096      0.026
09:12:11.849 dockerd        1436    nvme1n1 WS   1486100008 4096      0.042
09:12:11.849 jbd2/nv        752     nvme1n1 WSM  877645456  24576     0.050
09:12:11.849 jbd2/nv        752     nvme1n1 WSM  877645504  4096      0.026
09:12:11.853 dockerd        1436    nvme1n1 WS   1486100016 4096      0.040
09:12:11.853 jbd2/nv        752     nvme1n1 WSM  877645512  81920     0.098
09:12:11.853 jbd2/nv        752     nvme1n1 WSM  877645672  4096      0.028
09:12:11.853 dockerd        1436    nvme1n1 WS   830734344  4096      0.036
09:12:11.853 dockerd        1436    nvme1n1 WS   1757812072 12288     0.045
09:12:11.853 dockerd        1436    nvme1n1 WS   1323304    4096      0.029
09:12:11.854 contain        1195    nvme1n1 WS   1730873528 4096      0.047
09:12:11.854 contain        1195    nvme1n1 WS   1730873720 4096      0.053
09:12:11.854 contain        1195    nvme1n1 WS   1730873808 4096      0.052
09:12:11.854 contain        1195    nvme1n1 WS   1730873760 12288     0.058
09:12:11.854 contain        1195    nvme1n1 WS   1429520    4096      0.027
09:12:11.855 contain        1195    nvme1n1 WS   1730873816 16384     0.050
09:12:11.855 contain        1195    nvme1n1 WS   1730873880 20480     0.060
09:12:11.855 contain        1195    nvme1n1 WS   1429528    4096      0.027
09:12:11.855 contain        1195    nvme1n1 WS   1730873320 4096      0.045
09:12:11.855 contain        1195    nvme1n1 WS   1730873768 8192      0.050
09:12:11.855 contain        1195    nvme1n1 WS   1730873808 4096      0.052
09:12:11.855 contain        1195    nvme1n1 WS   1730873920 4096      0.058
09:12:11.855 contain        1195    nvme1n1 WS   1429520    4096      0.026
09:12:11.907 contain        1195    nvme0n1 RA   34731808   57344     0.822
09:12:11.910 contain        1195    nvme1n1 WS   1429528    4096      0.050
09:12:11.933 dockerd        1436    nvme1n1 W    1486100024 4096      0.045
09:12:11.938 dockerd        1436    nvme1n1 WS   1531537488 4096      0.051
09:12:11.938 dockerd        1436    nvme1n1 WS   1518910992 4096      0.058
09:12:11.938 dockerd        1436    nvme1n1 WS   1757812064 4096      0.059
09:12:11.938 dockerd        1436    nvme1n1 WS   1757812096 4096      0.063
09:12:11.938 dockerd        1436    nvme1n1 WS   1323312    4096      0.027
09:12:11.939 dockerd        1436    nvme1n1 WS   1323320    4096      0.035
09:12:11.939 dockerd        1436    nvme1n1 WS   1757812072 12288     0.041
09:12:11.939 dockerd        1436    nvme1n1 WS   1323304    4096      0.027
09:12:11.940 dockerd        1436    nvme1n1 W    1738202608 4096      0.041
09:12:11.940 dockerd        1436    nvme1n1 WS   1738202616 4096      0.031
09:12:11.940 jbd2/nv        752     nvme1n1 WSM  877645680  90112     0.109
09:12:11.940 jbd2/nv        752     nvme1n1 WSM  877645856  4096      0.029
09:12:11.940 dockerd        1436    nvme1n1 WS   1518910992 4096      0.044
09:12:11.940 dockerd        1436    nvme1n1 WS   1757812056 8192      0.050
09:12:11.940 dockerd        1436    nvme1n1 WS   1757812096 4096      0.057
09:12:11.941 dockerd        1436    nvme1n1 WS   1323312    4096      0.028
09:12:11.947 dockerd        1436    nvme1n1 WS   830734344  4096      0.056
09:12:11.947 dockerd        1436    nvme1n1 WS   1757812072 12288     0.060
09:12:11.947 dockerd        1436    nvme1n1 WS   1323304    4096      0.028
09:12:11.947 dockerd        1436    nvme1n1 WS   1531537488 4096      0.037
09:12:11.947 dockerd        1436    nvme1n1 WS   1757812056 8192      0.047
09:12:11.947 dockerd        1436    nvme1n1 WS   1757812096 8192      0.049
09:12:11.947 dockerd        1436    nvme1n1 WS   1323312    4096      0.027
09:12:11.947 dockerd        1436    nvme1n1 WS   1738202624 4096      0.032
09:12:11.947 jbd2/nv        752     nvme1n1 WSM  877645864  45056     0.065
09:12:11.947 jbd2/nv        752     nvme1n1 WSM  877645952  4096      0.028
09:12:11.954 dockerd        1436    nvme1n1 WS   1729954112 4096      0.045
09:12:11.955 jbd2/nv        752     nvme1n1 WSM  877645960  40960     0.067
09:12:11.955 jbd2/nv        752     nvme1n1 WSM  877646040  4096      0.031
09:12:11.955 dockerd        1436    nvme1n1 WS   1729954120 4096      0.031
09:12:11.955 jbd2/nv        752     nvme1n1 WSM  877646048  36864     0.058
09:12:11.955 jbd2/nv        752     nvme1n1 WSM  877646120  4096      0.028
09:12:12.533 VLLM::W        388783  nvme1n1 RS   1738354688 131072    0.227
09:12:12.533 VLLM::W        388783  nvme1n1 RS   1738354944 131072    0.228
09:12:12.533 VLLM::W        388783  nvme1n1 RS   1738355200 131072    0.277
09:12:12.533 VLLM::W        388783  nvme1n1 RS   1738355456 131072    0.316
09:12:12.533 VLLM::W        388783  nvme1n1 RS   1738355712 131072    0.397
09:12:12.533 VLLM::W        388783  nvme1n1 RS   1738355968 131072    0.422
09:12:12.533 VLLM::W        388783  nvme1n1 RS   1738356224 131072    0.424
09:12:12.533 VLLM::W        388783  nvme1n1 RS   1738356480 131072    0.417
09:12:12.533 VLLM::W        388783  nvme1n1 RS   1738356736 131072    0.496
09:12:12.533 VLLM::W        388783  nvme1n1 RS   1738356992 131072    0.512
09:12:12.533 VLLM::W        388783  nvme1n1 RS   1738357248 131072    0.534
09:12:12.533 VLLM::W        388783  nvme1n1 RS   1738357504 131072    0.538
09:12:12.533 VLLM::W        388783  nvme1n1 RS   1738357760 131072    0.606
09:12:12.533 VLLM::W        388783  nvme1n1 RS   1738358016 131072    0.633
09:12:12.533 VLLM::W        388783  nvme1n1 RS   1738358272 131072    0.667
09:12:12.533 VLLM::W        388783  nvme1n1 RS   1738358528 131072    0.689
09:12:12.533 VLLM::W        388783  nvme1n1 RS   1738358784 131072    0.714
09:12:12.534 VLLM::W        388783  nvme1n1 RS   1738359040 131072    0.779
09:12:12.534 VLLM::W        388784  nvme1n1 RS   1738457600 131072    0.741
09:12:12.534 VLLM::W        388784  nvme1n1 RS   1738457088 131072    0.768
09:12:12.534 VLLM::W        388784  nvme1n1 RS   1738457344 131072    0.783
09:12:12.534 VLLM::W        388784  nvme1n1 RS   1738457856 131072    0.790
09:12:12.534 VLLM::W        388784  nvme1n1 RS   1738458112 131072    0.886
09:12:12.534 VLLM::W        388784  nvme1n1 RS   1738458624 131072    0.892
09:12:12.534 VLLM::W        388784  nvme1n1 RS   1738458368 131072    0.904
09:12:12.534 VLLM::W        388784  nvme1n1 RS   1738459392 131072    0.904
09:12:12.534 VLLM::W        388784  nvme1n1 RS   1738458880 131072    0.943
09:12:12.534 VLLM::W        388784  nvme1n1 RS   1738459648 131072    0.954
09:12:12.534 VLLM::W        388784  nvme1n1 RS   1738459136 131072    0.975
09:12:12.534 VLLM::W        388784  nvme1n1 RS   1738460416 131072    1.020
09:12:12.534 VLLM::W        388784  nvme1n1 RS   1738459904 131072    1.048
09:12:12.534 VLLM::W        388784  nvme1n1 RS   1738460160 131072    1.070
09:12:12.534 VLLM::W        388784  nvme1n1 RS   1738460672 131072    1.073
09:12:12.534 VLLM::W        388784  nvme1n1 RS   1738363136 131072    1.125
09:12:12.534 VLLM::W        388784  nvme1n1 RS   1738460928 131072    1.155
09:12:12.534 VLLM::W        388784  nvme1n1 RS   1738362880 131072    1.167
09:12:12.534 VLLM::W        388783  nvme1n1 RS   1740079104 131072    0.521
09:12:12.534 VLLM::W        388783  nvme1n1 RS   1740079360 131072    0.526
09:12:12.534 VLLM::W        388783  nvme1n1 RS   1740079872 131072    0.641
09:12:12.534 VLLM::W        388783  nvme1n1 RS   1740079616 131072    0.664
09:12:12.534 VLLM::W        388783  nvme1n1 RS   1740080128 131072    0.700
09:12:12.534 VLLM::W        388783  nvme1n1 RS   1740080384 131072    0.722
09:12:12.534 VLLM::W        388783  nvme1n1 RS   1740080640 131072    0.749
09:12:12.534 VLLM::W        388783  nvme1n1 RS   1740080896 131072    0.736
09:12:12.535 VLLM::W        388783  nvme1n1 RS   1740081152 131072    0.773
09:12:12.535 VLLM::W        388783  nvme1n1 RS   1740081408 131072    0.784
09:12:12.535 VLLM::W        388783  nvme1n1 RS   1740081664 131072    0.808
09:12:12.535 VLLM::W        388783  nvme1n1 RS   1740082432 131072    0.904
09:12:12.535 VLLM::W        388783  nvme1n1 RS   1740081920 131072    0.930
09:12:12.535 VLLM::W        388783  nvme1n1 RS   1740082176 131072    0.942
09:12:12.535 VLLM::W        388783  nvme1n1 RS   1740082688 131072    0.950
09:12:12.535 VLLM::W        388783  nvme1n1 RS   1740082944 131072    0.976
09:12:12.535 VLLM::W        388783  nvme1n1 RS   1740185600 131072    0.994
09:12:12.535 VLLM::W        388783  nvme1n1 RS   1740185856 131072    1.005
09:12:12.535 VLLM::W        388784  nvme1n1 RS   1738465536 131072    0.527
09:12:12.535 VLLM::W        388784  nvme1n1 RS   1738465280 131072    0.546
09:12:12.535 VLLM::W        388784  nvme1n1 RS   1738465792 131072    0.553
09:12:12.535 VLLM::W        388784  nvme1n1 RS   1738466048 131072    0.590
09:12:12.535 VLLM::W        388784  nvme1n1 RS   1738466304 131072    0.625
09:12:12.535 VLLM::W        388784  nvme1n1 RS   1738466560 131072    0.693
09:12:12.535 VLLM::W        388784  nvme1n1 RS   1738466816 131072    0.697
09:12:12.535 VLLM::W        388784  nvme1n1 RS   1738467072 131072    0.727
09:12:12.535 VLLM::W        388784  nvme1n1 RS   1738467328 131072    0.738
09:12:12.535 VLLM::W        388784  nvme1n1 RS   1738467584 131072    0.815
09:12:12.535 VLLM::W        388784  nvme1n1 RS   1738467840 131072    0.835
09:12:12.535 VLLM::W        388784  nvme1n1 RS   1738468096 131072    0.853
09:12:12.535 VLLM::W        388784  nvme1n1 RS   1738468352 131072    0.885
09:12:12.535 VLLM::W        388784  nvme1n1 RS   1738468608 131072    0.905
09:12:12.535 VLLM::W        388784  nvme1n1 RS   1738468864 131072    0.916
09:12:12.535 VLLM::W        388784  nvme1n1 RS   1738469120 131072    0.965
09:12:12.535 VLLM::W        388784  nvme1n1 RS   1738469376 131072    0.998
09:12:12.535 VLLM::W        388784  nvme1n1 RS   1738469632 131072    1.027
09:12:12.536 VLLM::W        388783  nvme1n1 RS   1739476992 131072    0.592
09:12:12.536 VLLM::W        388783  nvme1n1 RS   1739477248 131072    0.615
09:12:12.536 VLLM::W        388783  nvme1n1 RS   1739477504 131072    0.674
09:12:12.536 VLLM::W        388783  nvme1n1 RS   1739477760 131072    0.687
09:12:12.536 VLLM::W        388783  nvme1n1 RS   1739478016 131072    0.759
09:12:12.536 VLLM::W        388783  nvme1n1 RS   1739478272 131072    0.797
09:12:12.536 VLLM::W        388783  nvme1n1 RS   1739478528 131072    0.833
09:12:12.536 VLLM::W        388783  nvme1n1 RS   1739478784 131072    0.796
09:12:12.536 VLLM::W        388783  nvme1n1 RS   1739479040 131072    0.829
09:12:12.536 VLLM::W        388783  nvme1n1 RS   1739479296 131072    0.861
09:12:12.536 VLLM::W        388783  nvme1n1 RS   1739479552 131072    0.893
09:12:12.536 VLLM::W        388783  nvme1n1 RS   1739479808 131072    0.921
09:12:12.536 VLLM::W        388783  nvme1n1 RS   1739480064 131072    0.951
09:12:12.536 VLLM::W        388783  nvme1n1 RS   1739480320 131072    0.976
09:12:12.536 VLLM::W        388783  nvme1n1 RS   1739480576 131072    1.014
09:12:12.536 VLLM::W        388783  nvme1n1 RS   1739480832 131072    1.041
09:12:12.536 VLLM::W        388783  nvme1n1 RS   1739481088 131072    1.138
09:12:12.536 VLLM::W        388783  nvme1n1 RS   1739481344 131072    1.155
09:12:12.536 VLLM::W        388782  nvme1n1 RS   1736269824 131072    0.641
09:12:12.536 VLLM::W        388782  nvme1n1 RS   1736270080 131072    0.674
09:12:12.536 VLLM::W        388782  nvme1n1 RS   1736270336 131072    0.737
09:12:12.536 VLLM::W        388782  nvme1n1 RS   1736270592 131072    0.790
09:12:12.536 VLLM::W        388782  nvme1n1 RS   1736270848 131072    0.802
09:12:12.536 VLLM::W        388782  nvme1n1 RS   1736271104 131072    0.805
09:12:12.536 VLLM::W        388784  nvme1n1 RS   1739857920 131072    0.831
09:12:12.536 VLLM::W        388782  nvme1n1 RS   1736271360 131072    0.903
09:12:12.537 VLLM::W        388784  nvme1n1 RS   1739858688 131072    0.937
09:12:12.537 VLLM::W        388784  nvme1n1 RS   1739858176 131072    0.958
09:12:12.537 VLLM::W        388784  nvme1n1 RS   1739858432 131072    0.970
09:12:12.537 VLLM::W        388784  nvme1n1 RS   1739858944 131072    0.976
09:12:12.537 VLLM::W        388784  nvme1n1 RS   1739859200 131072    1.075
09:12:12.537 VLLM::W        388784  nvme1n1 RS   1739859456 131072    1.081
09:12:12.537 VLLM::W        388782  nvme1n1 RS   1736271616 131072    1.164
09:12:12.537 VLLM::W        388782  nvme1n1 RS   1736272128 131072    1.177
09:12:12.537 VLLM::W        388782  nvme1n1 RS   1736271872 131072    1.205
09:12:12.537 VLLM::W        388782  nvme1n1 RS   1736272384 131072    1.207
09:12:12.537 VLLM::W        388782  nvme1n1 RS   1736272640 131072    1.245
09:12:12.537 VLLM::W        388782  nvme1n1 RS   1736272896 131072    1.254
09:12:12.537 VLLM::W        388782  nvme1n1 RS   1736273152 131072    1.311
09:12:12.537 VLLM::W        388782  nvme1n1 RS   1736273408 131072    1.334
09:12:12.537 VLLM::W        388782  nvme1n1 RS   1736273664 131072    1.330
09:12:12.537 VLLM::W        388782  nvme1n1 RS   1740091392 131072    1.358
09:12:12.537 VLLM::W        388782  nvme1n1 RS   1740091648 131072    1.437
09:12:12.537 VLLM::W        388784  nvme1n1 RS   1739859968 131072    1.476
09:12:12.537 VLLM::W        388784  nvme1n1 RS   1739860224 131072    1.509
09:12:12.537 VLLM::W        388784  nvme1n1 RS   1739859712 131072    1.556
09:12:12.537 VLLM::W        388784  nvme1n1 RS   1739860480 131072    1.561
09:12:12.537 VLLM::W        388784  nvme1n1 RS   1739860992 131072    1.604
09:12:12.537 VLLM::W        388784  nvme1n1 RS   1739860736 131072    1.655
09:12:12.537 VLLM::W        388784  nvme1n1 RS   1739861248 131072    1.655
09:12:12.537 VLLM::W        388784  nvme1n1 RS   1739861504 131072    1.715
09:12:12.537 VLLM::W        388784  nvme1n1 RS   1739861760 131072    1.713
09:12:12.537 VLLM::W        388784  nvme1n1 RS   1739862272 131072    1.757
09:12:12.537 VLLM::W        388784  nvme1n1 RS   1739862016 131072    1.768
09:12:12.538 VLLM::W        388783  nvme1n1 RS   1736265728 131072    1.312
09:12:12.538 VLLM::W        388783  nvme1n1 RS   1736265984 131072    1.314
09:12:12.538 VLLM::W        388783  nvme1n1 RS   1736266496 131072    1.319
09:12:12.538 VLLM::W        388783  nvme1n1 RS   1736266240 131072    1.330
09:12:12.538 VLLM::W        388783  nvme1n1 RS   1736266752 131072    1.354
09:12:12.538 VLLM::W        388783  nvme1n1 RS   1736267008 131072    1.367
09:12:12.538 VLLM::W        388783  nvme1n1 RS   1736267776 131072    1.448
09:12:12.538 VLLM::W        388783  nvme1n1 RS   1736267520 131072    1.471
09:12:12.538 VLLM::W        388783  nvme1n1 RS   1736267264 131072    1.524
09:12:12.538 VLLM::W        388783  nvme1n1 RS   1736268032 131072    1.495
09:12:12.538 VLLM::W        388783  nvme1n1 RS   1736268288 131072    1.530
09:12:12.538 VLLM::W        388783  nvme1n1 RS   1736268544 131072    1.535
09:12:12.538 VLLM::W        388783  nvme1n1 RS   1736268800 131072    1.602
09:12:12.538 VLLM::W        388783  nvme1n1 RS   1736269056 131072    1.624
09:12:12.538 VLLM::W        388783  nvme1n1 RS   1736269312 131072    1.629
09:12:12.538 VLLM::W        388783  nvme1n1 RS   1736269568 131072    1.715
09:12:12.538 VLLM::W        388783  nvme1n1 RS   1736298496 131072    1.733
09:12:12.538 VLLM::W        388783  nvme1n1 RS   1736298752 131072    1.744
09:12:12.538 VLLM::W        388781  nvme1n1 RS   1738346496 131072    1.699
09:12:12.538 VLLM::W        388781  nvme1n1 RS   1738346752 131072    1.705
09:12:12.538 VLLM::W        388781  nvme1n1 RS   1738347008 131072    1.729
09:12:12.538 VLLM::W        388781  nvme1n1 RS   1738347264 131072    1.758
09:12:12.538 VLLM::W        388781  nvme1n1 RS   1738347520 131072    1.801
09:12:12.538 VLLM::W        388781  nvme1n1 RS   1738347776 131072    1.856
09:12:12.538 VLLM::W        388781  nvme1n1 RS   1738348032 131072    1.877
09:12:12.538 VLLM::W        388781  nvme1n1 RS   1738348288 131072    1.887
09:12:12.538 VLLM::W        388781  nvme1n1 RS   1738348544 131072    1.897
09:12:12.539 VLLM::W        388781  nvme1n1 RS   1738348800 131072    1.933
09:12:12.539 VLLM::W        388781  nvme1n1 RS   1738349056 131072    1.957
09:12:12.539 VLLM::W        388781  nvme1n1 RS   1738349312 131072    1.995
09:12:12.539 VLLM::W        388781  nvme1n1 RS   1738349568 131072    2.023
09:12:12.539 VLLM::W        388781  nvme1n1 RS   1738349824 131072    2.062
09:12:12.539 VLLM::W        388781  nvme1n1 RS   1738350080 131072    2.091
09:12:12.539 VLLM::W        388781  nvme1n1 RS   1738350336 131072    2.112
09:12:12.539 VLLM::W        388781  nvme1n1 RS   1738448896 131072    2.143
09:12:12.539 VLLM::W        388781  nvme1n1 RS   1738449152 131072    2.175
09:12:12.539 VLLM::W        388782  nvme1n1 RS   1740083200 131072    1.666
09:12:12.539 VLLM::W        388782  nvme1n1 RS   1740083456 131072    1.679
09:12:12.539 VLLM::W        388782  nvme1n1 RS   1740083712 131072    1.677
09:12:12.539 VLLM::W        388782  nvme1n1 RS   1740083968 131072    1.700
09:12:12.539 VLLM::W        388782  nvme1n1 RS   1740084224 131072    1.728
09:12:12.539 VLLM::W        388782  nvme1n1 RS   1740084480 131072    1.741
09:12:12.539 VLLM::W        388782  nvme1n1 RS   1740084736 131072    1.780
09:12:12.539 VLLM::W        388782  nvme1n1 RS   1740085248 131072    1.800
09:12:12.539 VLLM::W        388782  nvme1n1 RS   1740084992 131072    1.821
09:12:12.539 VLLM::W        388782  nvme1n1 RS   1740085504 131072    1.830
09:12:12.539 VLLM::W        388782  nvme1n1 RS   1740085760 131072    1.868
09:12:12.539 VLLM::W        388782  nvme1n1 RS   1740086016 131072    1.898
09:12:12.539 VLLM::W        388782  nvme1n1 RS   1740086272 131072    1.923
09:12:12.539 VLLM::W        388782  nvme1n1 RS   1740086528 131072    1.999
09:12:12.539 VLLM::W        388782  nvme1n1 RS   1740086784 131072    2.005
09:12:12.539 VLLM::W        388782  nvme1n1 RS   1740087040 131072    2.020
09:12:12.539 VLLM::W        388782  nvme1n1 RS   1755062272 131072    2.053
09:12:12.539 VLLM::W        388782  nvme1n1 RS   1755062528 131072    2.087
09:12:12.540 VLLM::W        388784  nvme1n1 RS   1736261632 131072    1.926
09:12:12.540 VLLM::W        388784  nvme1n1 RS   1736261888 131072    1.933
09:12:12.540 VLLM::W        388784  nvme1n1 RS   1736262144 131072    1.958
09:12:12.540 VLLM::W        388784  nvme1n1 RS   1736262400 131072    1.999
09:12:12.540 VLLM::W        388784  nvme1n1 RS   1736262656 131072    2.027
09:12:12.540 VLLM::W        388784  nvme1n1 RS   1736262912 131072    2.071
09:12:12.540 VLLM::W        388784  nvme1n1 RS   1736263168 131072    2.108
09:12:12.540 VLLM::W        388784  nvme1n1 RS   1736263424 131072    2.112
09:12:12.540 VLLM::W        388784  nvme1n1 RS   1736263680 131072    2.158
09:12:12.540 VLLM::W        388784  nvme1n1 RS   1736263936 131072    2.163
09:12:12.540 VLLM::W        388784  nvme1n1 RS   1736264192 131072    2.222
09:12:12.540 VLLM::W        388784  nvme1n1 RS   1736264448 131072    2.258
09:12:12.540 VLLM::W        388784  nvme1n1 RS   1736264704 131072    2.291
09:12:12.540 VLLM::W        388784  nvme1n1 RS   1736264960 131072    2.328
09:12:12.540 VLLM::W        388784  nvme1n1 RS   1736265216 131072    2.339
09:12:12.540 VLLM::W        388784  nvme1n1 RS   1736265472 131072    2.370
09:12:12.540 VLLM::W        388784  nvme1n1 RS   1736294400 131072    2.426
09:12:12.540 VLLM::W        388784  nvme1n1 RS   1736294656 131072    2.443
09:12:12.540 VLLM::W        388783  nvme1n1 RS   21794816   131072    1.849
09:12:12.540 VLLM::W        388783  nvme1n1 RS   21795072   131072    1.880
09:12:12.540 VLLM::W        388783  nvme1n1 RS   21795328   131072    1.932
09:12:12.540 VLLM::W        388783  nvme1n1 RS   21795584   131072    1.959
09:12:12.540 VLLM::W        388783  nvme1n1 RS   21795840   131072    1.989
09:12:12.540 VLLM::W        388783  nvme1n1 RS   21796096   131072    2.051
09:12:12.540 VLLM::W        388783  nvme1n1 RS   21796352   131072    2.078
09:12:12.540 VLLM::W        388783  nvme1n1 RS   21796608   131072    2.066
09:12:12.540 VLLM::W        388783  nvme1n1 RS   21796864   131072    2.085
09:12:12.540 VLLM::W        388783  nvme1n1 RS   21797120   131072    2.115
09:12:12.541 VLLM::W        388783  nvme1n1 RS   21797376   131072    2.149
09:12:12.541 VLLM::W        388783  nvme1n1 RS   21797632   131072    2.186
09:12:12.541 VLLM::W        388783  nvme1n1 RS   21797888   131072    2.225
09:12:12.541 VLLM::W        388783  nvme1n1 RS   21798144   131072    2.259
09:12:12.541 VLLM::W        388783  nvme1n1 RS   21798400   131072    2.292
09:12:12.541 VLLM::W        388783  nvme1n1 RS   21798656   131072    2.324
09:12:12.541 VLLM::W        388783  nvme1n1 RS   730161152  131072    2.353
09:12:12.541 VLLM::W        388783  nvme1n1 RS   730161408  131072    2.379
09:12:12.541 VLLM::W        388781  nvme1n1 RS   1738367232 131072    1.900
09:12:12.541 VLLM::W        388781  nvme1n1 RS   1738366976 131072    1.922
09:12:12.541 VLLM::W        388781  nvme1n1 RS   1738367488 131072    1.928
09:12:12.541 VLLM::W        388781  nvme1n1 RS   1738367744 131072    1.976
09:12:12.541 VLLM::W        388781  nvme1n1 RS   1738368000 131072    2.024
09:12:12.541 VLLM::W        388781  nvme1n1 RS   1738368256 131072    2.049
09:12:12.541 VLLM::W        388781  nvme1n1 RS   1738368512 131072    2.073
09:12:12.541 VLLM::W        388781  nvme1n1 RS   1738368768 131072    2.068
09:12:12.541 VLLM::W        388781  nvme1n1 RS   1738369024 131072    2.103
09:12:12.541 VLLM::W        388781  nvme1n1 RS   1738369280 131072    2.139
09:12:12.541 VLLM::W        388781  nvme1n1 RS   1738369536 131072    2.166
09:12:12.541 VLLM::W        388781  nvme1n1 RS   1738369792 131072    2.205
09:12:12.541 VLLM::W        388781  nvme1n1 RS   1738370048 131072    2.238
09:12:12.541 VLLM::W        388781  nvme1n1 RS   1738370304 131072    2.269
09:12:12.541 VLLM::W        388781  nvme1n1 RS   1738370560 131072    2.308
09:12:12.541 VLLM::W        388781  nvme1n1 RS   1738370816 131072    2.333
09:12:12.541 VLLM::W        388781  nvme1n1 RS   1739849728 131072    2.367
09:12:12.541 VLLM::W        388781  nvme1n1 RS   1739849984 131072    2.410
09:12:12.542 VLLM::W        388782  nvme1n1 RS   1739468800 131072    1.859
09:12:12.542 VLLM::W        388782  nvme1n1 RS   1739469056 131072    1.892
09:12:12.542 VLLM::W        388782  nvme1n1 RS   1739469312 131072    1.902
09:12:12.542 VLLM::W        388782  nvme1n1 RS   1739469568 131072    2.041
09:12:12.542 VLLM::W        388782  nvme1n1 RS   1739470080 131072    2.055
09:12:12.542 VLLM::W        388782  nvme1n1 RS   1739469824 131072    2.068
09:12:12.542 VLLM::W        388782  nvme1n1 RS   1739470336 131072    2.071
09:12:12.542 VLLM::W        388782  nvme1n1 RS   1739470592 131072    2.107
09:12:12.542 VLLM::W        388782  nvme1n1 RS   1739470848 131072    2.124
09:12:12.542 VLLM::W        388782  nvme1n1 RS   1739471104 131072    2.134
09:12:12.542 VLLM::W        388782  nvme1n1 RS   1739471360 131072    2.225
09:12:12.542 VLLM::W        388782  nvme1n1 RS   1739471616 131072    2.247
09:12:12.542 VLLM::W        388782  nvme1n1 RS   1739472128 131072    2.254
09:12:12.542 VLLM::W        388782  nvme1n1 RS   1739471872 131072    2.272
09:12:12.542 VLLM::W        388782  nvme1n1 RS   1739472640 131072    2.330
09:12:12.542 VLLM::W        388782  nvme1n1 RS   1739472384 131072    2.360
09:12:12.542 VLLM::W        388782  nvme1n1 RS   1739472896 131072    2.357
09:12:12.542 VLLM::W        388782  nvme1n1 RS   1739473152 131072    2.417
09:12:12.542 VLLM::W        388784  nvme1n1 RS   1739407616 131072    1.959
09:12:12.542 VLLM::W        388784  nvme1n1 RS   1739407872 131072    1.961
09:12:12.542 VLLM::W        388784  nvme1n1 RS   1739407360 131072    1.977
09:12:12.542 VLLM::W        388784  nvme1n1 RS   1739408640 131072    2.038
09:12:12.542 VLLM::W        388784  nvme1n1 RS   1739408128 131072    2.116
09:12:12.542 VLLM::W        388784  nvme1n1 RS   1739408896 131072    2.117
09:12:12.542 VLLM::W        388784  nvme1n1 RS   1739408384 131072    2.158
09:12:12.543 VLLM::W        388784  nvme1n1 RS   1739409152 131072    2.150
09:12:12.543 VLLM::W        388784  nvme1n1 RS   1739409408 131072    2.162
09:12:12.543 VLLM::W        388784  nvme1n1 RS   1739409664 131072    2.176
09:12:12.543 VLLM::W        388784  nvme1n1 RS   1739409920 131072    2.191
09:12:12.543 VLLM::W        388784  nvme1n1 RS   1739410176 131072    2.263
09:12:12.543 VLLM::W        388784  nvme1n1 RS   1739410432 131072    2.295
09:12:12.543 VLLM::W        388784  nvme1n1 RS   1739410688 131072    2.315
09:12:12.543 VLLM::W        388784  nvme1n1 RS   1739410944 131072    2.335
09:12:12.543 VLLM::W        388784  nvme1n1 RS   1739411200 131072    2.337
09:12:12.543 VLLM::W        388784  nvme1n1 RS   1739411456 131072    2.407
09:12:12.543 VLLM::W        388784  nvme1n1 RS   1739411712 131072    2.414
09:12:12.543 VLLM::W        388783  nvme1n1 RS   1737277440 131072    1.950
09:12:12.543 VLLM::W        388783  nvme1n1 RS   1737277696 131072    1.959
09:12:12.543 VLLM::W        388783  nvme1n1 RS   1737277952 131072    1.962
09:12:12.543 VLLM::W        388783  nvme1n1 RS   1737278208 131072    1.971
09:12:12.543 VLLM::W        388783  nvme1n1 RS   1737278464 131072    2.019
09:12:12.543 VLLM::W        388783  nvme1n1 RS   1737278720 131072    2.084
09:12:12.543 VLLM::W        388783  nvme1n1 RS   1737278976 131072    2.089
09:12:12.543 VLLM::W        388783  nvme1n1 RS   1737279488 131072    2.137
09:12:12.543 VLLM::W        388783  nvme1n1 RS   1737279232 131072    2.161
09:12:12.543 VLLM::W        388783  nvme1n1 RS   1737279744 131072    2.181
09:12:12.543 VLLM::W        388783  nvme1n1 RS   1737280000 131072    2.191
09:12:12.543 VLLM::W        388783  nvme1n1 RS   1737280256 131072    2.226
09:12:12.543 VLLM::W        388783  nvme1n1 RS   1737280512 131072    2.271
09:12:12.543 VLLM::W        388783  nvme1n1 RS   1737280768 131072    2.285
09:12:12.543 VLLM::W        388783  nvme1n1 RS   1737281024 131072    2.318
09:12:12.543 VLLM::W        388783  nvme1n1 RS   1737281280 131072    2.342
09:12:12.543 VLLM::W        388783  nvme1n1 RS   1737281536 131072    2.382
09:12:12.543 VLLM::W        388783  nvme1n1 RS   1737281792 131072    2.414
09:12:12.544 VLLM::W        388781  nvme1n1 RS   1738371072 131072    1.941
09:12:12.544 VLLM::W        388781  nvme1n1 RS   1738371328 131072    1.956
09:12:12.544 VLLM::W        388781  nvme1n1 RS   1738371584 131072    1.961
09:12:12.544 VLLM::W        388781  nvme1n1 RS   1738371840 131072    1.997
09:12:12.544 VLLM::W        388781  nvme1n1 RS   1738372352 131072    2.071
09:12:12.544 VLLM::W        388781  nvme1n1 RS   1738372096 131072    2.100
09:12:12.544 VLLM::W        388781  nvme1n1 RS   1738372608 131072    2.102
09:12:12.544 VLLM::W        388781  nvme1n1 RS   1738373120 131072    2.138
09:12:12.544 VLLM::W        388781  nvme1n1 RS   1738372864 131072    2.161
09:12:12.544 VLLM::W        388781  nvme1n1 RS   1738373376 131072    2.168
09:12:12.544 VLLM::W        388781  nvme1n1 RS   1738373632 131072    2.195
09:12:12.544 VLLM::W        388781  nvme1n1 RS   1738373888 131072    2.228
09:12:12.544 VLLM::W        388781  nvme1n1 RS   1738374144 131072    2.268
09:12:12.544 VLLM::W        388781  nvme1n1 RS   1738374400 131072    2.297
09:12:12.544 VLLM::W        388781  nvme1n1 RS   1738374656 131072    2.351
09:12:12.544 VLLM::W        388781  nvme1n1 RS   1738374912 131072    2.370
09:12:12.544 VLLM::W        388781  nvme1n1 RS   1739853824 131072    2.399
09:12:12.544 VLLM::W        388781  nvme1n1 RS   1739854080 131072    2.425
09:12:12.544 VLLM::W        388782  nvme1n1 RS   1739546624 131072    1.831
09:12:12.544 VLLM::W        388782  nvme1n1 RS   1739546880 131072    1.856
09:12:12.544 VLLM::W        388782  nvme1n1 RS   1739547136 131072    1.888
09:12:12.544 VLLM::W        388782  nvme1n1 RS   1739547392 131072    1.936
09:12:12.544 VLLM::W        388782  nvme1n1 RS   1739547648 131072    1.947
09:12:12.544 VLLM::W        388782  nvme1n1 RS   1739547904 131072    2.009
09:12:12.544 VLLM::W        388782  nvme1n1 RS   1739548160 131072    2.015
09:12:12.544 VLLM::W        388782  nvme1n1 RS   1739548416 131072    2.008
09:12:12.544 VLLM::W        388782  nvme1n1 RS   1739548672 131072    2.047
09:12:12.545 VLLM::W        388782  nvme1n1 RS   1739548928 131072    2.080
09:12:12.545 VLLM::W        388782  nvme1n1 RS   1739549184 131072    2.108
09:12:12.545 VLLM::W        388782  nvme1n1 RS   1739549440 131072    2.144
09:12:12.545 VLLM::W        388782  nvme1n1 RS   1739549696 131072    2.198
09:12:12.545 VLLM::W        388782  nvme1n1 RS   1739549952 131072    2.207
09:12:12.545 VLLM::W        388782  nvme1n1 RS   1739550208 131072    2.239
09:12:12.545 VLLM::W        388782  nvme1n1 RS   1739550464 131072    2.257
09:12:12.545 VLLM::W        388782  nvme1n1 RS   1739485184 131072    2.294
09:12:12.545 VLLM::W        388782  nvme1n1 RS   1739485440 131072    2.327
09:12:12.545 VLLM::W        388784  nvme1n1 RS   1739415808 131072    1.942
09:12:12.545 VLLM::W        388784  nvme1n1 RS   1739415552 131072    1.951
09:12:12.545 VLLM::W        388784  nvme1n1 RS   1739416320 131072    1.960
09:12:12.545 VLLM::W        388784  nvme1n1 RS   1739416064 131072    1.984
09:12:12.545 VLLM::W        388784  nvme1n1 RS   1739416576 131072    2.009
09:12:12.545 VLLM::W        388784  nvme1n1 RS   1739416832 131072    2.020
09:12:12.545 VLLM::W        388784  nvme1n1 RS   1739417344 131072    2.060
09:12:12.545 VLLM::W        388784  nvme1n1 RS   1739417088 131072    2.124
09:12:12.545 VLLM::W        388784  nvme1n1 RS   1739417600 131072    2.103
09:12:12.545 VLLM::W        388784  nvme1n1 RS   1739417856 131072    2.108
09:12:12.545 VLLM::W        388784  nvme1n1 RS   1739418368 131072    2.169
09:12:12.545 VLLM::W        388784  nvme1n1 RS   1739418112 131072    2.185
09:12:12.545 VLLM::W        388784  nvme1n1 RS   1739418880 131072    2.244
09:12:12.545 VLLM::W        388784  nvme1n1 RS   1739418624 131072    2.260
09:12:12.545 VLLM::W        388784  nvme1n1 RS   1739419136 131072    2.287
09:12:12.545 VLLM::W        388784  nvme1n1 RS   1739419392 131072    2.308
09:12:12.545 VLLM::W        388784  nvme1n1 RS   1739419904 131072    2.359
09:12:12.545 VLLM::W        388784  nvme1n1 RS   1739419648 131072    2.393
09:12:12.546 VLLM::W        388783  nvme1n1 RS   1739555072 131072    1.995
09:12:12.546 VLLM::W        388783  nvme1n1 RS   1739555328 131072    1.997
09:12:12.546 VLLM::W        388783  nvme1n1 RS   1739554816 131072    2.005
09:12:12.546 VLLM::W        388783  nvme1n1 RS   1739555584 131072    2.014
09:12:12.546 VLLM::W        388783  nvme1n1 RS   1739555840 131072    2.061
09:12:12.546 VLLM::W        388783  nvme1n1 RS   1739556096 131072    2.108
09:12:12.546 VLLM::W        388783  nvme1n1 RS   1739556352 131072    2.144
09:12:12.546 VLLM::W        388783  nvme1n1 RS   1739556608 131072    2.133
09:12:12.546 VLLM::W        388783  nvme1n1 RS   1739556864 131072    2.155
09:12:12.546 VLLM::W        388783  nvme1n1 RS   1739557120 131072    2.161
09:12:12.546 VLLM::W        388783  nvme1n1 RS   1739557376 131072    2.184
09:12:12.546 VLLM::W        388783  nvme1n1 RS   1739557632 131072    2.219
09:12:12.546 VLLM::W        388783  nvme1n1 RS   1739557888 131072    2.305
09:12:12.546 VLLM::W        388783  nvme1n1 RS   1739558144 131072    2.322
09:12:12.546 VLLM::W        388783  nvme1n1 RS   1739558400 131072    2.333
09:12:12.546 VLLM::W        388783  nvme1n1 RS   1739558656 131072    2.351
09:12:12.546 VLLM::W        388783  nvme1n1 RS   1739558912 131072    2.385
09:12:12.546 VLLM::W        388783  nvme1n1 RS   1739559168 131072    2.410
09:12:12.546 VLLM::W        388781  nvme1n1 RS   1740087296 131072    1.910
09:12:12.546 VLLM::W        388781  nvme1n1 RS   1740087552 131072    2.005
09:12:12.546 VLLM::W        388781  nvme1n1 RS   1740087808 131072    2.023
09:12:12.546 VLLM::W        388781  nvme1n1 RS   1740088064 131072    2.033
09:12:12.546 VLLM::W        388781  nvme1n1 RS   1740088576 131072    2.091
09:12:12.546 VLLM::W        388781  nvme1n1 RS   1740088832 131072    2.109
09:12:12.546 VLLM::W        388781  nvme1n1 RS   1740088320 131072    2.123
09:12:12.546 VLLM::W        388781  nvme1n1 RS   1740089344 131072    2.175
09:12:12.547 VLLM::W        388781  nvme1n1 RS   1740089088 131072    2.198
09:12:12.547 VLLM::W        388781  nvme1n1 RS   1740089600 131072    2.207
09:12:12.547 VLLM::W        388781  nvme1n1 RS   1740089856 131072    2.257
09:12:12.547 VLLM::W        388781  nvme1n1 RS   1740090112 131072    2.268
09:12:12.547 VLLM::W        388781  nvme1n1 RS   1740090368 131072    2.309
09:12:12.547 VLLM::W        388781  nvme1n1 RS   1740090624 131072    2.320
09:12:12.547 VLLM::W        388781  nvme1n1 RS   1740090880 131072    2.346
09:12:12.547 VLLM::W        388781  nvme1n1 RS   1740091136 131072    2.393
09:12:12.547 VLLM::W        388781  nvme1n1 RS   1740275712 131072    2.405
09:12:12.547 VLLM::W        388781  nvme1n1 RS   1740275968 131072    2.485
09:12:12.547 VLLM::W        388782  nvme1n1 RS   1739366656 131072    1.957
09:12:12.547 VLLM::W        388782  nvme1n1 RS   1739366912 131072    1.944
09:12:12.547 VLLM::W        388782  nvme1n1 RS   1739367168 131072    1.985
09:12:12.547 VLLM::W        388782  nvme1n1 RS   1739366400 131072    2.024
09:12:12.547 VLLM::W        388782  nvme1n1 RS   1739367680 131072    2.051
09:12:12.547 VLLM::W        388782  nvme1n1 RS   1739367424 131072    2.079
09:12:12.547 VLLM::W        388782  nvme1n1 RS   1739367936 131072    2.110
09:12:12.547 VLLM::W        388782  nvme1n1 RS   1739368192 131072    2.085
09:12:12.547 VLLM::W        388782  nvme1n1 RS   1739368448 131072    2.096
09:12:12.547 VLLM::W        388782  nvme1n1 RS   1739368704 131072    2.119
09:12:12.547 VLLM::W        388782  nvme1n1 RS   1739368960 131072    2.153
09:12:12.547 VLLM::W        388782  nvme1n1 RS   1739369216 131072    2.196
09:12:12.547 VLLM::W        388782  nvme1n1 RS   1739369472 131072    2.243
09:12:12.547 VLLM::W        388782  nvme1n1 RS   1739369728 131072    2.269
09:12:12.547 VLLM::W        388782  nvme1n1 RS   1739369984 131072    2.297
09:12:12.547 VLLM::W        388782  nvme1n1 RS   1739370240 131072    2.320
09:12:12.547 VLLM::W        388782  nvme1n1 RS   1739370496 131072    2.348
09:12:12.547 VLLM::W        388782  nvme1n1 RS   1739370752 131072    2.382
09:12:12.548 VLLM::W        388784  nvme1n1 RS   1739358208 131072    1.884
09:12:12.548 VLLM::W        388784  nvme1n1 RS   1739358464 131072    1.899
09:12:12.548 VLLM::W        388784  nvme1n1 RS   1739358720 131072    1.910
09:12:12.548 VLLM::W        388784  nvme1n1 RS   1739358976 131072    1.960
09:12:12.548 VLLM::W        388784  nvme1n1 RS   1739359232 131072    2.007
09:12:12.548 VLLM::W        388784  nvme1n1 RS   1739359488 131072    2.018
09:12:12.548 VLLM::W        388784  nvme1n1 RS   1739359744 131072    2.090
09:12:12.548 VLLM::W        388784  nvme1n1 RS   1739360000 131072    2.065
09:12:12.548 VLLM::W        388784  nvme1n1 RS   1739360256 131072    2.093
09:12:12.548 VLLM::W        388784  nvme1n1 RS   1739360512 131072    2.121
09:12:12.548 VLLM::W        388784  nvme1n1 RS   1739360768 131072    2.166
09:12:12.548 VLLM::W        388784  nvme1n1 RS   1739361024 131072    2.191
09:12:12.548 VLLM::W        388784  nvme1n1 RS   1739361280 131072    2.234
09:12:12.548 VLLM::W        388784  nvme1n1 RS   1739361536 131072    2.261
09:12:12.548 VLLM::W        388784  nvme1n1 RS   1739361792 131072    2.289
09:12:12.548 VLLM::W        388784  nvme1n1 RS   1739362048 131072    2.305
09:12:12.548 VLLM::W        388784  nvme1n1 RS   1739362304 131072    2.355
09:12:12.548 VLLM::W        388784  nvme1n1 RS   1739362560 131072    2.381
09:12:12.548 VLLM::W        388781  nvme1n1 RS   1739538688 131072    1.229
09:12:12.548 VLLM::W        388781  nvme1n1 RS   1739538432 131072    1.268
09:12:12.548 VLLM::W        388781  nvme1n1 RS   1739538944 131072    1.275
09:12:12.548 VLLM::W        388781  nvme1n1 RS   1739539200 131072    1.331
09:12:12.548 VLLM::W        388781  nvme1n1 RS   1739539456 131072    1.336
09:12:12.548 VLLM::W        388781  nvme1n1 RS   1739539712 131072    1.417
09:12:12.548 VLLM::W        388781  nvme1n1 RS   1739539968 131072    1.424
09:12:12.548 VLLM::W        388781  nvme1n1 RS   1739540224 131072    1.414
09:12:12.548 VLLM::W        388781  nvme1n1 RS   1739540480 131072    1.427
09:12:12.549 VLLM::W        388781  nvme1n1 RS   1739540736 131072    1.458
09:12:12.549 VLLM::W        388781  nvme1n1 RS   1739540992 131072    1.490
09:12:12.549 VLLM::W        388781  nvme1n1 RS   1739541248 131072    1.531
09:12:12.549 VLLM::W        388781  nvme1n1 RS   1739541504 131072    1.559
09:12:12.549 VLLM::W        388781  nvme1n1 RS   1739541760 131072    1.600
09:12:12.549 VLLM::W        388781  nvme1n1 RS   1739542016 131072    1.630
09:12:12.549 VLLM::W        388781  nvme1n1 RS   1739542272 131072    1.652
09:12:12.549 VLLM::W        388781  nvme1n1 RS   1739542528 131072    1.682
09:12:12.549 VLLM::W        388781  nvme1n1 RS   1739542784 131072    1.731
09:12:12.549 VLLM::W        388782  nvme1n1 RS   1739374592 131072    1.214
09:12:12.549 VLLM::W        388782  nvme1n1 RS   1739374848 131072    1.254
09:12:12.549 VLLM::W        388782  nvme1n1 RS   1739375104 131072    1.277
09:12:12.549 VLLM::W        388782  nvme1n1 RS   1739375360 131072    1.302
09:12:12.549 VLLM::W        388782  nvme1n1 RS   1739375616 131072    1.346
09:12:12.549 VLLM::W        388782  nvme1n1 RS   1739375872 131072    1.380
09:12:12.549 VLLM::W        388782  nvme1n1 RS   1739376128 131072    1.413
09:12:12.549 VLLM::W        388782  nvme1n1 RS   1739376384 131072    1.407
09:12:12.549 VLLM::W        388782  nvme1n1 RS   1739376640 131072    1.437
09:12:12.549 VLLM::W        388782  nvme1n1 RS   1739376896 131072    1.468
09:12:12.549 VLLM::W        388782  nvme1n1 RS   1739377152 131072    1.501
09:12:12.549 VLLM::W        388782  nvme1n1 RS   1739377408 131072    1.534
09:12:12.549 VLLM::W        388782  nvme1n1 RS   1739377664 131072    1.564
09:12:12.549 VLLM::W        388782  nvme1n1 RS   1739377920 131072    1.593
09:12:12.549 VLLM::W        388782  nvme1n1 RS   1739378176 131072    1.651
09:12:12.549 VLLM::W        388782  nvme1n1 RS   1739378432 131072    1.651
09:12:12.549 VLLM::W        388782  nvme1n1 RS   1739378688 131072    1.695
09:12:12.549 VLLM::W        388782  nvme1n1 RS   1739378944 131072    1.729
09:12:12.550 VLLM::W        388781  nvme1n1 RS   1739522048 131072    0.541
09:12:12.550 VLLM::W        388781  nvme1n1 RS   1739522304 131072    0.563
09:12:12.550 VLLM::W        388781  nvme1n1 RS   1739522560 131072    0.598
09:12:12.550 VLLM::W        388781  nvme1n1 RS   1739522816 131072    0.629
09:12:12.550 VLLM::W        388781  nvme1n1 RS   1739523072 131072    0.674
09:12:12.550 VLLM::W        388781  nvme1n1 RS   1739523328 131072    0.704
09:12:12.550 VLLM::W        388781  nvme1n1 RS   1739523584 131072    0.758
09:12:12.550 VLLM::W        388781  nvme1n1 RS   1739523840 131072    0.733
09:12:12.550 VLLM::W        388781  nvme1n1 RS   1739524096 131072    0.763
09:12:12.550 VLLM::W        388781  nvme1n1 RS   1739524352 131072    0.793
09:12:12.550 VLLM::W        388781  nvme1n1 RS   1739524608 131072    0.850
09:12:12.550 VLLM::W        388781  nvme1n1 RS   1739524864 131072    0.860
09:12:12.550 VLLM::W        388781  nvme1n1 RS   1739525376 131072    0.939
09:12:12.550 VLLM::W        388781  nvme1n1 RS   1739525120 131072    0.957
09:12:12.550 VLLM::W        388781  nvme1n1 RS   1739525632 131072    0.965
09:12:12.550 VLLM::W        388781  nvme1n1 RS   1739525888 131072    1.003
09:12:12.550 VLLM::W        388781  nvme1n1 RS   1739526144 131072    1.031
09:12:12.550 VLLM::W        388781  nvme1n1 RS   1739526400 131072    1.056
09:12:12.550 VLLM::W        388782  nvme1n1 RS   1736409088 131072    0.595
09:12:12.550 VLLM::W        388782  nvme1n1 RS   1736409344 131072    0.599
09:12:12.550 VLLM::W        388782  nvme1n1 RS   1736409600 131072    0.624
09:12:12.550 VLLM::W        388782  nvme1n1 RS   1736409856 131072    0.683
09:12:12.550 VLLM::W        388782  nvme1n1 RS   1736410112 131072    0.695
09:12:12.550 VLLM::W        388782  nvme1n1 RS   1736410368 131072    0.750
09:12:12.550 VLLM::W        388782  nvme1n1 RS   1736410624 131072    0.757
09:12:12.550 VLLM::W        388782  nvme1n1 RS   1736410880 131072    0.756
09:12:12.550 VLLM::W        388782  nvme1n1 RS   1736411136 131072    0.783
09:12:12.550 VLLM::W        388782  nvme1n1 RS   1736411392 131072    0.817
09:12:12.551 VLLM::W        388782  nvme1n1 RS   1736411648 131072    0.845
09:12:12.551 VLLM::W        388782  nvme1n1 RS   1736411904 131072    0.891
09:12:12.551 VLLM::W        388782  nvme1n1 RS   1736412160 131072    0.922
09:12:12.551 VLLM::W        388782  nvme1n1 RS   1736412416 131072    0.952
09:12:12.551 VLLM::W        388782  nvme1n1 RS   1736412672 131072    0.987
09:12:12.551 VLLM::W        388782  nvme1n1 RS   1736412928 131072    1.018
09:12:12.551 VLLM::W        388782  nvme1n1 RS   1736413184 131072    1.050
09:12:12.551 VLLM::W        388782  nvme1n1 RS   1736413440 131072    1.077
09:12:12.551 VLLM::W        388781  nvme1n1 RS   1739530496 131072    0.590
09:12:12.551 VLLM::W        388781  nvme1n1 RS   1739530240 131072    0.616
09:12:12.551 VLLM::W        388781  nvme1n1 RS   1739530752 131072    0.618
09:12:12.551 VLLM::W        388781  nvme1n1 RS   1739531008 131072    0.657
09:12:12.551 VLLM::W        388781  nvme1n1 RS   1739531264 131072    0.688
09:12:12.551 VLLM::W        388781  nvme1n1 RS   1739532288 131072    0.795
09:12:12.551 VLLM::W        388781  nvme1n1 RS   1739532032 131072    0.818
09:12:12.551 VLLM::W        388781  nvme1n1 RS   1739531520 131072    0.878
09:12:12.551 VLLM::W        388781  nvme1n1 RS   1739531776 131072    0.884
09:12:12.551 VLLM::W        388781  nvme1n1 RS   1739533056 131072    0.874
09:12:12.551 VLLM::W        388781  nvme1n1 RS   1739533312 131072    0.917
09:12:12.551 VLLM::W        388781  nvme1n1 RS   1739532544 131072    0.981
09:12:12.551 VLLM::W        388781  nvme1n1 RS   1739532800 131072    0.980
09:12:12.551 VLLM::W        388781  nvme1n1 RS   1739534080 131072    1.012
09:12:12.551 VLLM::W        388781  nvme1n1 RS   1739533568 131072    1.046
09:12:12.551 VLLM::W        388781  nvme1n1 RS   1739533824 131072    1.063
09:12:12.551 VLLM::W        388781  nvme1n1 RS   1739534336 131072    1.069
09:12:12.551 VLLM::W        388781  nvme1n1 RS   1739534592 131072    1.079
09:12:12.707 python3        388781  nvme1n1 WS   1569529856 131072    0.196
09:12:12.707 python3        388781  nvme1n1 WS   1569530112 131072    0.251
09:12:12.707 python3        388781  nvme1n1 WS   1569530368 131072    0.326
09:12:12.707 python3        388781  nvme1n1 WS   1569530624 131072    0.447
09:12:12.707 python3        388781  nvme1n1 WS   1569530880 131072    0.496
09:12:12.707 python3        388781  nvme1n1 WS   1569531136 131072    0.560
09:12:12.707 python3        388781  nvme1n1 WS   1569531392 131072    0.656
09:12:12.707 python3        388781  nvme1n1 WS   1569531648 131072    0.697
09:12:12.707 python3        388781  nvme1n1 WS   1569531904 131072    0.768
09:12:12.707 python3        388781  nvme1n1 WS   1569532160 131072    0.845
09:12:12.707 python3        388781  nvme1n1 WS   1569532416 131072    0.927
09:12:12.708 python3        388781  nvme1n1 WS   1569532672 131072    1.005
09:12:12.708 python3        388781  nvme1n1 WS   1569532928 131072    1.087
09:12:12.708 python3        388781  nvme1n1 WS   1569533184 131072    1.165
09:12:12.708 python3        388781  nvme1n1 WS   1569533440 131072    1.244
09:12:12.708 python3        388781  nvme1n1 WS   1569533696 131072    1.312
09:12:12.708 python3        388781  nvme1n1 WS   1569533952 131072    1.393
09:12:12.708 python3        388781  nvme1n1 WS   1569534208 131072    1.473
09:12:12.708 python3        388783  nvme1n1 WS   39710720   131072    1.524
09:12:12.708 python3        388783  nvme1n1 WS   39710976   131072    1.598
09:12:12.708 python3        388783  nvme1n1 WS   39711232   131072    1.677
09:12:12.708 python3        388783  nvme1n1 WS   39711488   131072    1.757
09:12:12.708 python3        388783  nvme1n1 WS   39711744   131072    1.836
09:12:12.709 python3        388783  nvme1n1 WS   39712000   131072    1.916
09:12:12.709 python3        388783  nvme1n1 WS   39712256   131072    1.997
09:12:12.709 python3        388783  nvme1n1 WS   39712512   131072    2.066
09:12:12.709 python3        388783  nvme1n1 WS   39712768   131072    2.145
09:12:12.709 python3        388783  nvme1n1 WS   39713024   131072    2.222
09:12:12.709 python3        388783  nvme1n1 WS   39713280   126976    2.296
09:12:12.709 python3        388782  nvme1n1 WS   1569538048 131072    2.334
09:12:12.709 python3        388782  nvme1n1 WS   1569538304 131072    2.402
09:12:12.709 python3        388782  nvme1n1 WS   1569538560 131072    2.476
09:12:12.709 python3        388782  nvme1n1 WS   1569538816 131072    2.549
09:12:12.709 python3        388782  nvme1n1 WS   1569539072 131072    2.624
09:12:12.709 python3        388782  nvme1n1 WS   1569539328 131072    2.698
09:12:12.710 python3        388782  nvme1n1 WS   1569539584 131072    2.775
09:12:12.710 python3        388782  nvme1n1 WS   1569539840 131072    2.842
09:12:12.710 python3        388784  nvme1n1 WS   1569722368 131072    2.929
09:12:12.710 python3        388783  nvme1n1 WS   1569542144 131072    3.008
09:12:12.710 python3        388782  nvme1n1 WS   1569540096 131072    3.078
09:12:12.710 python3        388782  nvme1n1 WS   1569540352 131072    3.155
09:12:12.710 python3        388782  nvme1n1 WS   1569540608 126976    3.235
09:12:12.710 python3        388783  nvme1n1 WS   1569542400 131072    3.316
09:12:12.710 python3        388784  nvme1n1 WS   1569722624 131072    3.398
09:12:12.710 python3        388783  nvme1n1 WS   1569542656 131072    3.479
09:12:12.710 python3        388783  nvme1n1 WS   1569542912 131072    3.557
09:12:12.710 python3        388784  nvme1n1 WS   1569722880 131072    3.639
09:12:12.710 python3        388783  nvme1n1 WS   1569543168 131072    3.712
09:12:12.711 python3        388783  nvme1n1 WS   1569543424 131072    3.785
09:12:12.711 python3        388783  nvme1n1 WS   1569543680 131072    3.863
09:12:12.711 python3        388784  nvme1n1 WS   1569723136 131072    3.949
09:12:12.711 python3        388784  nvme1n1 WS   1569723392 131072    4.029
09:12:12.711 python3        388784  nvme1n1 WS   1569546240 131072    4.121
09:12:12.711 python3        388784  nvme1n1 WS   1569546496 131072    4.188
09:12:12.711 python3        388784  nvme1n1 WS   1569546752 131072    4.263
09:12:12.711 python3        388784  nvme1n1 WS   1569547008 131072    4.343
09:12:12.711 python3        388784  nvme1n1 WS   1569547264 131072    4.421
09:12:12.711 python3        388784  nvme1n1 WS   1569547520 131072    4.496
09:12:12.711 python3        388784  nvme1n1 WS   1569547776 131072    4.571
09:12:12.711 python3        388784  nvme1n1 WS   1569548032 131072    4.637
09:12:12.712 python3        388784  nvme1n1 WS   1569548288 131072    4.711
09:12:12.712 python3        388784  nvme1n1 WS   1569548544 131072    4.789
09:12:12.712 python3        388784  nvme1n1 WS   1569548800 126976    4.862
09:12:12.712 python3        388784  nvme1n1 WS   1569723648 131072    4.976
09:12:12.712 python3        388784  nvme1n1 WS   1569723904 131072    5.048
09:12:12.712 python3        388782  nvme1n1 WS   1569550336 131072    5.110
09:12:12.712 python3        388782  nvme1n1 WS   1569550592 131072    5.184
09:12:12.712 python3        388782  nvme1n1 WS   1569550848 131072    5.258
09:12:12.712 python3        388782  nvme1n1 WS   1569551104 131072    5.333
09:12:12.712 python3        388783  nvme1n1 WS   1569543936 131072    5.421
09:12:12.712 python3        388783  nvme1n1 WS   1569544192 131072    5.496
09:12:12.712 python3        388783  nvme1n1 WS   1569544448 131072    5.569
09:12:12.712 python3        388783  nvme1n1 WS   1569544704 131072    5.645
09:12:12.713 python3        388783  nvme1n1 WS   1569544960 131072    5.721
09:12:12.713 python3        388783  nvme1n1 WS   1569545216 131072    5.797
09:12:12.713 python3        388783  nvme1n1 WS   1569545472 131072    5.872
09:12:12.713 python3        388783  nvme1n1 WS   1569545728 131072    5.948
09:12:12.713 python3        388783  nvme1n1 WS   1569545984 131072    6.007
09:12:12.713 python3        388783  nvme1n1 WS   1569554432 131072    6.085
09:12:12.713 python3        388783  nvme1n1 WS   1569554688 131072    6.160
09:12:12.713 python3        388784  nvme1n1 WS   1569724160 131072    6.278
09:12:12.713 python3        388782  nvme1n1 WS   1569551360 131072    6.358
09:12:12.713 python3        388784  nvme1n1 WS   1569724416 131072    6.433
09:12:12.713 python3        388782  nvme1n1 WS   1569551616 131072    6.509
09:12:12.713 python3        388782  nvme1n1 WS   1569551872 131072    6.583
09:12:12.713 python3        388784  nvme1n1 WS   1569724672 131072    6.660
09:12:12.714 python3        388784  nvme1n1 WS   1569724928 131072    6.732
09:12:12.714 python3        388784  nvme1n1 WS   1569725184 131072    6.804
09:12:12.714 python3        388784  nvme1n1 WS   1569725440 131072    6.899
09:12:12.714 python3        388784  nvme1n1 WS   1569725696 131072    6.976
09:12:12.714 python3        388784  nvme1n1 WS   1569725952 131072    7.050
09:12:12.714 python3        388781  nvme1n1 WS   39714816   131072    7.155
09:12:12.714 python3        388781  nvme1n1 WS   39715072   131072    7.225
09:12:12.714 python3        388781  nvme1n1 WS   39715328   131072    7.302
09:12:12.714 python3        388781  nvme1n1 WS   39715584   131072    7.377
09:12:12.714 python3        388781  nvme1n1 WS   39715840   131072    7.451
09:12:12.714 python3        388781  nvme1n1 WS   39716096   131072    7.530
09:12:12.714 python3        388781  nvme1n1 WS   39716352   131072    7.605
09:12:12.715 python3        388781  nvme1n1 WS   39716608   131072    7.673
09:12:12.715 python3        388781  nvme1n1 WS   39716864   131072    7.751
09:12:12.715 python3        388781  nvme1n1 WS   39717120   131072    7.825
09:12:12.715 python3        388781  nvme1n1 WS   39717376   126976    7.900
09:12:12.715 python3        388782  nvme1n1 WS   1569552128 131072    7.984
09:12:12.715 python3        388784  nvme1n1 WS   1569726208 131072    8.064
09:12:12.715 python3        388782  nvme1n1 WS   1569552384 131072    8.138
09:12:12.715 python3        388784  nvme1n1 WS   1569726464 131072    8.218
09:12:12.715 python3        388784  nvme1n1 WS   1569726720 131072    8.292
09:12:12.715 python3        388782  nvme1n1 WS   1569552640 131072    8.372
09:12:12.715 python3        388782  nvme1n1 WS   1569552896 131072    8.449
09:12:12.715 python3        388782  nvme1n1 WS   1569553152 131072    8.526
09:12:12.716 python3        388782  nvme1n1 WS   1569553408 131072    8.602
09:12:12.716 python3        388782  nvme1n1 WS   1569553664 131072    8.677
09:12:12.716 python3        388782  nvme1n1 WS   1569553920 131072    8.754
09:12:12.716 python3        388782  nvme1n1 WS   1569554176 131072    8.813
09:12:12.716 python3        388782  nvme1n1 WS   1569558528 131072    8.889
09:12:12.716 python3        388782  nvme1n1 WS   1569558784 131072    8.967
09:12:12.741 nvme           425234  Unknown N    -1         512       0.042
09:12:13.744 nvme           425244  Unknown N    -1         512       0.030
09:12:14.497 kworker        375098  nvme0n1 W    14951360   4096      1.018
09:12:14.746 nvme           425248  Unknown N    -1         512       0.086
09:12:15.130 VLLM::W        388781  nvme1n1 RS   1738346496 131072    0.247
09:12:15.130 VLLM::W        388784  nvme1n1 RS   1738457088 131072    0.295
09:12:15.130 VLLM::W        388783  nvme1n1 RS   1738354688 131072    0.316
09:12:15.130 VLLM::W        388781  nvme1n1 RS   1738347008 131072    0.434
09:12:15.130 VLLM::W        388781  nvme1n1 RS   1738347264 131072    0.451
09:12:15.130 VLLM::W        388782  nvme1n1 RS   1736269824 131072    0.484
09:12:15.130 VLLM::W        388781  nvme1n1 RS   1738346752 131072    0.549
09:12:15.130 VLLM::W        388783  nvme1n1 RS   1738354944 131072    0.563
09:12:15.130 VLLM::W        388783  nvme1n1 RS   1738355200 131072    0.645
09:12:15.130 VLLM::W        388783  nvme1n1 RS   1738355456 131072    0.667
09:12:15.130 VLLM::W        388782  nvme1n1 RS   1736270592 131072    0.675
09:12:15.130 VLLM::W        388782  nvme1n1 RS   1736270080 131072    0.749
09:12:15.130 VLLM::W        388782  nvme1n1 RS   1736270336 131072    0.752
09:12:15.130 VLLM::W        388784  nvme1n1 RS   1738457344 131072    0.803
09:12:15.130 VLLM::W        388784  nvme1n1 RS   1738457600 131072    0.818
09:12:15.130 VLLM::W        388784  nvme1n1 RS   1738457856 131072    0.822
09:12:15.130 VLLM::W        388781  nvme1n1 RS   1738348032 131072    0.904
09:12:15.130 VLLM::W        388781  nvme1n1 RS   1738347776 131072    0.928
09:12:15.130 VLLM::W        388781  nvme1n1 RS   1738347520 131072    0.948
09:12:15.131 VLLM::W        388783  nvme1n1 RS   1738355712 131072    1.020
09:12:15.131 VLLM::W        388783  nvme1n1 RS   1738355968 131072    1.032
09:12:15.131 VLLM::W        388783  nvme1n1 RS   1738356224 131072    1.041
09:12:15.131 VLLM::W        388784  nvme1n1 RS   1738458112 131072    1.127
09:12:15.131 VLLM::W        388784  nvme1n1 RS   1738458368 131072    1.139
09:12:15.131 VLLM::W        388784  nvme1n1 RS   1738458624 131072    1.149
09:12:15.131 VLLM::W        388782  nvme1n1 RS   1736270848 131072    1.217
09:12:15.131 VLLM::W        388782  nvme1n1 RS   1736271104 131072    1.250
09:12:15.131 VLLM::W        388782  nvme1n1 RS   1736271360 131072    1.261
09:12:15.131 VLLM::W        388784  nvme1n1 RS   1738458880 131072    1.298
09:12:15.131 VLLM::W        388784  nvme1n1 RS   1738459136 131072    1.310
09:12:15.131 VLLM::W        388784  nvme1n1 RS   1738459392 131072    1.320
09:12:15.131 VLLM::W        388781  nvme1n1 RS   1738348288 131072    1.390
09:12:15.131 VLLM::W        388781  nvme1n1 RS   1738348544 131072    1.408
09:12:15.131 VLLM::W        388783  nvme1n1 RS   1738356480 131072    1.437
09:12:15.131 VLLM::W        388781  nvme1n1 RS   1738349312 131072    1.561
09:12:15.131 VLLM::W        388782  nvme1n1 RS   1736271616 131072    1.591
09:12:15.131 VLLM::W        388781  nvme1n1 RS   1738349056 131072    1.597
09:12:15.131 VLLM::W        388781  nvme1n1 RS   1738348800 131072    1.681
09:12:15.131 VLLM::W        388781  nvme1n1 RS   1738350080 131072    1.680
09:12:15.131 VLLM::W        388781  nvme1n1 RS   1738350336 131072    1.724
09:12:15.131 VLLM::W        388781  nvme1n1 RS   1738349568 131072    1.746
09:12:15.131 VLLM::W        388781  nvme1n1 RS   1738349824 131072    1.764
09:12:15.131 VLLM::W        388781  nvme1n1 RS   1738449152 131072    1.755
09:12:15.131 VLLM::W        388781  nvme1n1 RS   1738448896 131072    1.843
09:12:15.131 VLLM::W        388783  nvme1n1 RS   1738356736 131072    1.941
09:12:15.132 VLLM::W        388783  nvme1n1 RS   1738356992 131072    1.957
09:12:15.132 VLLM::W        388783  nvme1n1 RS   1738357248 131072    1.969
09:12:15.132 VLLM::W        388783  nvme1n1 RS   1738357504 131072    1.978
09:12:15.132 VLLM::W        388783  nvme1n1 RS   1738358016 131072    2.078
09:12:15.132 VLLM::W        388783  nvme1n1 RS   1738358272 131072    2.094
09:12:15.132 VLLM::W        388783  nvme1n1 RS   1738357760 131072    2.125
09:12:15.132 VLLM::W        388783  nvme1n1 RS   1738358528 131072    2.150
09:12:15.132 VLLM::W        388782  nvme1n1 RS   1736271872 131072    2.237
09:12:15.132 VLLM::W        388782  nvme1n1 RS   1736272128 131072    2.253
09:12:15.132 VLLM::W        388782  nvme1n1 RS   1736272384 131072    2.274
09:12:15.132 VLLM::W        388782  nvme1n1 RS   1736272640 131072    2.278
09:12:15.132 VLLM::W        388782  nvme1n1 RS   1736272896 131072    2.310
09:12:15.132 VLLM::W        388782  nvme1n1 RS   1736273152 131072    2.326
09:12:15.132 VLLM::W        388782  nvme1n1 RS   1736273408 131072    2.336
09:12:15.132 VLLM::W        388784  nvme1n1 RS   1738459904 131072    2.401
09:12:15.132 VLLM::W        388784  nvme1n1 RS   1738459648 131072    2.444
09:12:15.132 VLLM::W        388784  nvme1n1 RS   1738460160 131072    2.445
09:12:15.132 VLLM::W        388784  nvme1n1 RS   1738460416 131072    2.519
09:12:15.132 VLLM::W        388784  nvme1n1 RS   1738460672 131072    2.525
09:12:15.132 VLLM::W        388784  nvme1n1 RS   1738362880 131072    2.576
09:12:15.132 VLLM::W        388784  nvme1n1 RS   1738460928 131072    2.597
09:12:15.132 VLLM::W        388784  nvme1n1 RS   1738363136 131072    2.606
09:12:15.132 VLLM::W        388783  nvme1n1 RS   1738359040 131072    2.671
09:12:15.132 VLLM::W        388783  nvme1n1 RS   1738358784 131072    2.681
09:12:15.132 VLLM::W        388782  nvme1n1 RS   1736273664 131072    2.774
09:12:15.132 VLLM::W        388782  nvme1n1 RS   1740091392 131072    2.802
09:12:15.132 VLLM::W        388782  nvme1n1 RS   1740091648 131072    2.816
09:12:15.133 VLLM::W        388781  nvme1n1 RS   1738367488 131072    0.918
09:12:15.133 VLLM::W        388781  nvme1n1 RS   1738367744 131072    0.944
09:12:15.133 VLLM::W        388781  nvme1n1 RS   1738366976 131072    0.987
09:12:15.133 VLLM::W        388781  nvme1n1 RS   1738367232 131072    0.999
09:12:15.133 VLLM::W        388781  nvme1n1 RS   1738368512 131072    1.041
09:12:15.133 VLLM::W        388781  nvme1n1 RS   1738368000 131072    1.062
09:12:15.133 VLLM::W        388781  nvme1n1 RS   1738368256 131072    1.070
09:12:15.133 VLLM::W        388781  nvme1n1 RS   1738368768 131072    1.093
09:12:15.133 VLLM::W        388781  nvme1n1 RS   1738369024 131072    1.102
09:12:15.133 VLLM::W        388781  nvme1n1 RS   1738369792 131072    1.157
09:12:15.133 VLLM::W        388781  nvme1n1 RS   1738369280 131072    1.184
09:12:15.133 VLLM::W        388781  nvme1n1 RS   1738369536 131072    1.201
09:12:15.133 VLLM::W        388781  nvme1n1 RS   1738370048 131072    1.208
09:12:15.133 VLLM::W        388781  nvme1n1 RS   1738370816 131072    1.295
09:12:15.133 VLLM::W        388781  nvme1n1 RS   1738370304 131072    1.330
09:12:15.133 VLLM::W        388781  nvme1n1 RS   1738370560 131072    1.343
09:12:15.133 VLLM::W        388781  nvme1n1 RS   1739849728 131072    1.341
09:12:15.133 VLLM::W        388784  nvme1n1 RS   1738465280 131072    0.732
09:12:15.133 VLLM::W        388781  nvme1n1 RS   1739849984 131072    1.417
09:12:15.133 VLLM::W        388784  nvme1n1 RS   1738465536 131072    0.810
09:12:15.133 VLLM::W        388784  nvme1n1 RS   1738465792 131072    0.827
09:12:15.133 VLLM::W        388784  nvme1n1 RS   1738466048 131072    0.844
09:12:15.133 VLLM::W        388784  nvme1n1 RS   1738466304 131072    0.854
09:12:15.133 VLLM::W        388784  nvme1n1 RS   1738466560 131072    0.908
09:12:15.133 VLLM::W        388784  nvme1n1 RS   1738466816 131072    0.911
09:12:15.133 VLLM::W        388784  nvme1n1 RS   1738467072 131072    0.972
09:12:15.133 VLLM::W        388784  nvme1n1 RS   1738467328 131072    0.991
09:12:15.133 VLLM::W        388784  nvme1n1 RS   1738467584 131072    0.996
09:12:15.133 VLLM::W        388784  nvme1n1 RS   1738467840 131072    1.025
09:12:15.133 VLLM::W        388784  nvme1n1 RS   1738468096 131072    1.054
09:12:15.134 VLLM::W        388784  nvme1n1 RS   1738468352 131072    1.079
09:12:15.134 VLLM::W        388784  nvme1n1 RS   1738468608 131072    1.118
09:12:15.134 VLLM::W        388784  nvme1n1 RS   1738468864 131072    1.157
09:12:15.134 VLLM::W        388783  nvme1n1 RS   1740079104 131072    1.203
09:12:15.134 VLLM::W        388783  nvme1n1 RS   1740079360 131072    1.209
09:12:15.134 VLLM::W        388783  nvme1n1 RS   1740079616 131072    1.280
09:12:15.134 VLLM::W        388783  nvme1n1 RS   1740079872 131072    1.290
09:12:15.134 VLLM::W        388784  nvme1n1 RS   1738469376 131072    1.354
09:12:15.134 VLLM::W        388784  nvme1n1 RS   1738469120 131072    1.403
09:12:15.134 VLLM::W        388784  nvme1n1 RS   1738469632 131072    1.410
09:12:15.134 VLLM::W        388783  nvme1n1 RS   1740080384 131072    1.475
09:12:15.134 VLLM::W        388783  nvme1n1 RS   1740080128 131072    1.498
09:12:15.134 VLLM::W        388783  nvme1n1 RS   1740080640 131072    1.505
09:12:15.134 VLLM::W        388783  nvme1n1 RS   1740080896 131072    1.511
09:12:15.134 VLLM::W        388783  nvme1n1 RS   1740081152 131072    1.548
09:12:15.134 VLLM::W        388783  nvme1n1 RS   1740081408 131072    1.558
09:12:15.134 VLLM::W        388783  nvme1n1 RS   1740081664 131072    1.618
09:12:15.134 VLLM::W        388783  nvme1n1 RS   1740081920 131072    1.628
09:12:15.134 VLLM::W        388783  nvme1n1 RS   1740082176 131072    1.660
09:12:15.134 VLLM::W        388783  nvme1n1 RS   1740082432 131072    1.693
09:12:15.134 VLLM::W        388783  nvme1n1 RS   1740082688 131072    1.719
09:12:15.134 VLLM::W        388783  nvme1n1 RS   1740082944 131072    1.752
09:12:15.134 VLLM::W        388783  nvme1n1 RS   1740185600 131072    1.779
09:12:15.134 VLLM::W        388783  nvme1n1 RS   1740185856 131072    1.818
09:12:15.134 VLLM::W        388782  nvme1n1 RS   1740083200 131072    1.881
09:12:15.134 VLLM::W        388782  nvme1n1 RS   1740083456 131072    1.894
09:12:15.134 VLLM::W        388782  nvme1n1 RS   1740083712 131072    1.892
09:12:15.135 VLLM::W        388782  nvme1n1 RS   1740084224 131072    1.985
09:12:15.135 VLLM::W        388782  nvme1n1 RS   1740083968 131072    2.023
09:12:15.135 VLLM::W        388782  nvme1n1 RS   1740084480 131072    2.027
09:12:15.135 VLLM::W        388782  nvme1n1 RS   1740084736 131072    2.029
09:12:15.135 VLLM::W        388782  nvme1n1 RS   1740085248 131072    2.055
09:12:15.135 VLLM::W        388782  nvme1n1 RS   1740084992 131072    2.078
09:12:15.135 VLLM::W        388782  nvme1n1 RS   1740085504 131072    2.086
09:12:15.135 VLLM::W        388782  nvme1n1 RS   1740085760 131072    2.115
09:12:15.135 VLLM::W        388782  nvme1n1 RS   1740086016 131072    2.145
09:12:15.135 VLLM::W        388782  nvme1n1 RS   1740086272 131072    2.180
09:12:15.135 VLLM::W        388782  nvme1n1 RS   1740086528 131072    2.208
09:12:15.135 VLLM::W        388782  nvme1n1 RS   1740086784 131072    2.255
09:12:15.135 VLLM::W        388782  nvme1n1 RS   1740087040 131072    2.281
09:12:15.135 VLLM::W        388782  nvme1n1 RS   1755062272 131072    2.339
09:12:15.135 VLLM::W        388782  nvme1n1 RS   1755062528 131072    2.345
09:12:15.135 VLLM::W        388781  nvme1n1 RS   1738371072 131072    1.898
09:12:15.135 VLLM::W        388781  nvme1n1 RS   1738371328 131072    1.903
09:12:15.135 VLLM::W        388781  nvme1n1 RS   1738371584 131072    1.928
09:12:15.135 VLLM::W        388781  nvme1n1 RS   1738371840 131072    1.959
09:12:15.135 VLLM::W        388781  nvme1n1 RS   1738372096 131072    2.012
09:12:15.135 VLLM::W        388781  nvme1n1 RS   1738372352 131072    2.055
09:12:15.135 VLLM::W        388781  nvme1n1 RS   1738372608 131072    2.053
09:12:15.135 VLLM::W        388781  nvme1n1 RS   1738372864 131072    2.085
09:12:15.135 VLLM::W        388781  nvme1n1 RS   1738373120 131072    2.096
09:12:15.135 VLLM::W        388781  nvme1n1 RS   1738373376 131072    2.127
09:12:15.135 VLLM::W        388781  nvme1n1 RS   1738373632 131072    2.156
09:12:15.135 VLLM::W        388781  nvme1n1 RS   1738373888 131072    2.187
09:12:15.136 VLLM::W        388781  nvme1n1 RS   1738374144 131072    2.233
09:12:15.136 VLLM::W        388781  nvme1n1 RS   1738374400 131072    2.262
09:12:15.136 VLLM::W        388781  nvme1n1 RS   1738374656 131072    2.300
09:12:15.136 VLLM::W        388781  nvme1n1 RS   1738374912 131072    2.322
09:12:15.136 VLLM::W        388781  nvme1n1 RS   1739853824 131072    2.355
09:12:15.136 VLLM::W        388781  nvme1n1 RS   1739854080 131072    2.391
09:12:15.136 VLLM::W        388784  nvme1n1 RS   1739857920 131072    1.731
09:12:15.136 VLLM::W        388784  nvme1n1 RS   1739858176 131072    1.755
09:12:15.136 VLLM::W        388784  nvme1n1 RS   1739858432 131072    1.790
09:12:15.136 VLLM::W        388784  nvme1n1 RS   1739858688 131072    1.833
09:12:15.136 VLLM::W        388784  nvme1n1 RS   1739858944 131072    1.864
09:12:15.136 VLLM::W        388784  nvme1n1 RS   1739859200 131072    1.911
09:12:15.136 VLLM::W        388784  nvme1n1 RS   1739859456 131072    1.940
09:12:15.136 VLLM::W        388784  nvme1n1 RS   1739859712 131072    1.932
09:12:15.136 VLLM::W        388784  nvme1n1 RS   1739859968 131072    1.960
09:12:15.136 VLLM::W        388784  nvme1n1 RS   1739860224 131072    1.991
09:12:15.136 VLLM::W        388784  nvme1n1 RS   1739860480 131072    2.043
09:12:15.136 VLLM::W        388784  nvme1n1 RS   1739860736 131072    2.070
09:12:15.136 VLLM::W        388784  nvme1n1 RS   1739860992 131072    2.097
09:12:15.136 VLLM::W        388784  nvme1n1 RS   1739861248 131072    2.125
09:12:15.136 VLLM::W        388784  nvme1n1 RS   1739861504 131072    2.159
09:12:15.136 VLLM::W        388784  nvme1n1 RS   1739861760 131072    2.183
09:12:15.136 VLLM::W        388784  nvme1n1 RS   1739862016 131072    2.237
09:12:15.136 VLLM::W        388784  nvme1n1 RS   1739862272 131072    2.248
09:12:15.136 VLLM::W        388783  nvme1n1 RS   1739476992 131072    1.912
09:12:15.137 VLLM::W        388783  nvme1n1 RS   1739477504 131072    2.009
09:12:15.137 VLLM::W        388783  nvme1n1 RS   1739477248 131072    2.037
09:12:15.137 VLLM::W        388783  nvme1n1 RS   1739477760 131072    2.060
09:12:15.137 VLLM::W        388783  nvme1n1 RS   1739478272 131072    2.084
09:12:15.137 VLLM::W        388783  nvme1n1 RS   1739478528 131072    2.112
09:12:15.137 VLLM::W        388783  nvme1n1 RS   1739478016 131072    2.125
09:12:15.137 VLLM::W        388783  nvme1n1 RS   1739478784 131072    2.123
09:12:15.137 VLLM::W        388783  nvme1n1 RS   1739479040 131072    2.155
09:12:15.137 VLLM::W        388783  nvme1n1 RS   1739479552 131072    2.231
09:12:15.137 VLLM::W        388783  nvme1n1 RS   1739479296 131072    2.255
09:12:15.137 VLLM::W        388783  nvme1n1 RS   1739479808 131072    2.269
09:12:15.137 VLLM::W        388783  nvme1n1 RS   1739480064 131072    2.274
09:12:15.137 VLLM::W        388783  nvme1n1 RS   1739480320 131072    2.379
09:12:15.137 VLLM::W        388783  nvme1n1 RS   1739480576 131072    2.403
09:12:15.137 VLLM::W        388783  nvme1n1 RS   1739480832 131072    2.411
09:12:15.137 VLLM::W        388783  nvme1n1 RS   1739481088 131072    2.433
09:12:15.137 VLLM::W        388783  nvme1n1 RS   1739481344 131072    2.439
09:12:15.137 VLLM::W        388782  nvme1n1 RS   1739468800 131072    1.985
09:12:15.137 VLLM::W        388782  nvme1n1 RS   1739469056 131072    1.986
09:12:15.137 VLLM::W        388782  nvme1n1 RS   1739469312 131072    1.984
09:12:15.137 VLLM::W        388782  nvme1n1 RS   1739469568 131072    2.055
09:12:15.137 VLLM::W        388782  nvme1n1 RS   1739470080 131072    2.068
09:12:15.137 VLLM::W        388782  nvme1n1 RS   1739469824 131072    2.087
09:12:15.137 VLLM::W        388782  nvme1n1 RS   1739470336 131072    2.147
09:12:15.137 VLLM::W        388782  nvme1n1 RS   1739470848 131072    2.093
09:12:15.137 VLLM::W        388782  nvme1n1 RS   1739471104 131072    2.127
09:12:15.137 VLLM::W        388782  nvme1n1 RS   1739470592 131072    2.147
09:12:15.138 VLLM::W        388782  nvme1n1 RS   1739471872 131072    2.207
09:12:15.138 VLLM::W        388782  nvme1n1 RS   1739472128 131072    2.248
09:12:15.138 VLLM::W        388782  nvme1n1 RS   1739471360 131072    2.278
09:12:15.138 VLLM::W        388782  nvme1n1 RS   1739471616 131072    2.288
09:12:15.138 VLLM::W        388782  nvme1n1 RS   1739472640 131072    2.299
09:12:15.138 VLLM::W        388782  nvme1n1 RS   1739472896 131072    2.331
09:12:15.138 VLLM::W        388782  nvme1n1 RS   1739472384 131072    2.381
09:12:15.138 VLLM::W        388782  nvme1n1 RS   1739473152 131072    2.377
09:12:15.138 VLLM::W        388781  nvme1n1 RS   1740087296 131072    1.944
09:12:15.138 VLLM::W        388781  nvme1n1 RS   1740088064 131072    2.006
09:12:15.138 VLLM::W        388781  nvme1n1 RS   1740087552 131072    2.032
09:12:15.138 VLLM::W        388781  nvme1n1 RS   1740087808 131072    2.042
09:12:15.138 VLLM::W        388781  nvme1n1 RS   1740088576 131072    2.113
09:12:15.138 VLLM::W        388781  nvme1n1 RS   1740088832 131072    2.140
09:12:15.138 VLLM::W        388781  nvme1n1 RS   1740088320 131072    2.164
09:12:15.138 VLLM::W        388781  nvme1n1 RS   1740089088 131072    2.176
09:12:15.138 VLLM::W        388781  nvme1n1 RS   1740089344 131072    2.199
09:12:15.138 VLLM::W        388781  nvme1n1 RS   1740089600 131072    2.214
09:12:15.138 VLLM::W        388781  nvme1n1 RS   1740089856 131072    2.228
09:12:15.138 VLLM::W        388781  nvme1n1 RS   1740090112 131072    2.252
09:12:15.138 VLLM::W        388781  nvme1n1 RS   1740090624 131072    2.324
09:12:15.138 VLLM::W        388781  nvme1n1 RS   1740090368 131072    2.346
09:12:15.138 VLLM::W        388781  nvme1n1 RS   1740090880 131072    2.355
09:12:15.138 VLLM::W        388781  nvme1n1 RS   1740091136 131072    2.370
09:12:15.138 VLLM::W        388781  nvme1n1 RS   1740275712 131072    2.399
09:12:15.138 VLLM::W        388781  nvme1n1 RS   1740275968 131072    2.465
09:12:15.138 VLLM::W        388784  nvme1n1 RS   1736261888 131072    1.952
09:12:15.138 VLLM::W        388784  nvme1n1 RS   1736262144 131072    1.958
09:12:15.139 VLLM::W        388784  nvme1n1 RS   1736261632 131072    2.007
09:12:15.139 VLLM::W        388784  nvme1n1 RS   1736262400 131072    2.016
09:12:15.139 VLLM::W        388784  nvme1n1 RS   1736262912 131072    2.091
09:12:15.139 VLLM::W        388784  nvme1n1 RS   1736263168 131072    2.110
09:12:15.139 VLLM::W        388784  nvme1n1 RS   1736263424 131072    2.116
09:12:15.139 VLLM::W        388784  nvme1n1 RS   1736262656 131072    2.184
09:12:15.139 VLLM::W        388784  nvme1n1 RS   1736263680 131072    2.158
09:12:15.139 VLLM::W        388784  nvme1n1 RS   1736263936 131072    2.164
09:12:15.139 VLLM::W        388784  nvme1n1 RS   1736264192 131072    2.280
09:12:15.139 VLLM::W        388784  nvme1n1 RS   1736264704 131072    2.289
09:12:15.139 VLLM::W        388784  nvme1n1 RS   1736264448 131072    2.317
09:12:15.139 VLLM::W        388784  nvme1n1 RS   1736264960 131072    2.333
09:12:15.139 VLLM::W        388784  nvme1n1 RS   1736265216 131072    2.339
09:12:15.139 VLLM::W        388784  nvme1n1 RS   1736265472 131072    2.363
09:12:15.139 VLLM::W        388784  nvme1n1 RS   1736294400 131072    2.434
09:12:15.139 VLLM::W        388784  nvme1n1 RS   1736294656 131072    2.440
09:12:15.139 VLLM::W        388783  nvme1n1 RS   1736265728 131072    1.994
09:12:15.139 VLLM::W        388783  nvme1n1 RS   1736266240 131072    2.005
09:12:15.139 VLLM::W        388783  nvme1n1 RS   1736265984 131072    2.024
09:12:15.139 VLLM::W        388783  nvme1n1 RS   1736266496 131072    2.030
09:12:15.139 VLLM::W        388783  nvme1n1 RS   1736267008 131072    2.070
09:12:15.139 VLLM::W        388783  nvme1n1 RS   1736266752 131072    2.189
09:12:15.139 VLLM::W        388783  nvme1n1 RS   1736267264 131072    2.193
09:12:15.139 VLLM::W        388783  nvme1n1 RS   1736267520 131072    2.171
09:12:15.139 VLLM::W        388783  nvme1n1 RS   1736267776 131072    2.181
09:12:15.139 VLLM::W        388783  nvme1n1 RS   1736268288 131072    2.221
09:12:15.139 VLLM::W        388783  nvme1n1 RS   1736268544 131072    2.231
09:12:15.140 VLLM::W        388783  nvme1n1 RS   1736268032 131072    2.281
09:12:15.140 VLLM::W        388783  nvme1n1 RS   1736268800 131072    2.320
09:12:15.140 VLLM::W        388783  nvme1n1 RS   1736269056 131072    2.330
09:12:15.140 VLLM::W        388783  nvme1n1 RS   1736269312 131072    2.428
09:12:15.140 VLLM::W        388783  nvme1n1 RS   1736298496 131072    2.433
09:12:15.140 VLLM::W        388783  nvme1n1 RS   1736298752 131072    2.439
09:12:15.140 VLLM::W        388782  nvme1n1 RS   1739546624 131072    1.865
09:12:15.140 VLLM::W        388783  nvme1n1 RS   1736269568 131072    2.507
09:12:15.140 VLLM::W        388782  nvme1n1 RS   1739547136 131072    1.924
09:12:15.140 VLLM::W        388782  nvme1n1 RS   1739547392 131072    1.978
09:12:15.140 VLLM::W        388782  nvme1n1 RS   1739546880 131072    2.010
09:12:15.140 VLLM::W        388782  nvme1n1 RS   1739547648 131072    2.009
09:12:15.140 VLLM::W        388782  nvme1n1 RS   1739548160 131072    2.062
09:12:15.140 VLLM::W        388782  nvme1n1 RS   1739548416 131072    2.054
09:12:15.140 VLLM::W        388782  nvme1n1 RS   1739547904 131072    2.141
09:12:15.140 VLLM::W        388782  nvme1n1 RS   1739548672 131072    2.113
09:12:15.140 VLLM::W        388782  nvme1n1 RS   1739548928 131072    2.130
09:12:15.140 VLLM::W        388782  nvme1n1 RS   1739549184 131072    2.140
09:12:15.140 VLLM::W        388782  nvme1n1 RS   1739549440 131072    2.170
09:12:15.140 VLLM::W        388782  nvme1n1 RS   1739549696 131072    2.244
09:12:15.140 VLLM::W        388782  nvme1n1 RS   1739549952 131072    2.250
09:12:15.140 VLLM::W        388782  nvme1n1 RS   1739550208 131072    2.280
09:12:15.140 VLLM::W        388782  nvme1n1 RS   1739550464 131072    2.298
09:12:15.140 VLLM::W        388782  nvme1n1 RS   1739485184 131072    2.336
09:12:15.140 VLLM::W        388782  nvme1n1 RS   1739485440 131072    2.368
09:12:15.140 VLLM::W        388781  nvme1n1 RS   1739538432 131072    1.894
09:12:15.140 VLLM::W        388781  nvme1n1 RS   1739538688 131072    1.919
09:12:15.140 VLLM::W        388781  nvme1n1 RS   1739538944 131072    1.953
09:12:15.141 VLLM::W        388781  nvme1n1 RS   1739539200 131072    1.979
09:12:15.141 VLLM::W        388781  nvme1n1 RS   1739539456 131072    2.044
09:12:15.141 VLLM::W        388781  nvme1n1 RS   1739539712 131072    2.054
09:12:15.141 VLLM::W        388781  nvme1n1 RS   1739539968 131072    2.092
09:12:15.141 VLLM::W        388781  nvme1n1 RS   1739540224 131072    2.094
09:12:15.141 VLLM::W        388781  nvme1n1 RS   1739540480 131072    2.125
09:12:15.141 VLLM::W        388781  nvme1n1 RS   1739540736 131072    2.151
09:12:15.141 VLLM::W        388781  nvme1n1 RS   1739540992 131072    2.187
09:12:15.141 VLLM::W        388781  nvme1n1 RS   1739541248 131072    2.224
09:12:15.141 VLLM::W        388781  nvme1n1 RS   1739541504 131072    2.256
09:12:15.141 VLLM::W        388781  nvme1n1 RS   1739541760 131072    2.285
09:12:15.141 VLLM::W        388781  nvme1n1 RS   1739542016 131072    2.325
09:12:15.141 VLLM::W        388781  nvme1n1 RS   1739542272 131072    2.344
09:12:15.141 VLLM::W        388781  nvme1n1 RS   1739542528 131072    2.382
09:12:15.141 VLLM::W        388781  nvme1n1 RS   1739542784 131072    2.420
09:12:15.141 VLLM::W        388784  nvme1n1 RS   1739407360 131072    1.861
09:12:15.141 VLLM::W        388784  nvme1n1 RS   1739407616 131072    1.896
09:12:15.141 VLLM::W        388784  nvme1n1 RS   1739407872 131072    1.923
09:12:15.141 VLLM::W        388784  nvme1n1 RS   1739408128 131072    2.002
09:12:15.141 VLLM::W        388784  nvme1n1 RS   1739408384 131072    2.029
09:12:15.141 VLLM::W        388784  nvme1n1 RS   1739408640 131072    2.063
09:12:15.141 VLLM::W        388784  nvme1n1 RS   1739408896 131072    2.065
09:12:15.141 VLLM::W        388784  nvme1n1 RS   1739409152 131072    2.043
09:12:15.141 VLLM::W        388784  nvme1n1 RS   1739409408 131072    2.079
09:12:15.141 VLLM::W        388784  nvme1n1 RS   1739409664 131072    2.108
09:12:15.141 VLLM::W        388784  nvme1n1 RS   1739409920 131072    2.135
09:12:15.141 VLLM::W        388784  nvme1n1 RS   1739410176 131072    2.175
09:12:15.142 VLLM::W        388784  nvme1n1 RS   1739410432 131072    2.207
09:12:15.142 VLLM::W        388784  nvme1n1 RS   1739410688 131072    2.236
09:12:15.142 VLLM::W        388784  nvme1n1 RS   1739410944 131072    2.271
09:12:15.142 VLLM::W        388784  nvme1n1 RS   1739411200 131072    2.287
09:12:15.142 VLLM::W        388784  nvme1n1 RS   1739411456 131072    2.354
09:12:15.142 VLLM::W        388784  nvme1n1 RS   1739411712 131072    2.365
09:12:15.142 VLLM::W        388783  nvme1n1 RS   21795072   131072    1.879
09:12:15.142 VLLM::W        388783  nvme1n1 RS   21794816   131072    1.899
09:12:15.142 VLLM::W        388783  nvme1n1 RS   21795328   131072    1.906
09:12:15.142 VLLM::W        388783  nvme1n1 RS   21795584   131072    1.959
09:12:15.142 VLLM::W        388783  nvme1n1 RS   21795840   131072    1.985
09:12:15.142 VLLM::W        388783  nvme1n1 RS   21796096   131072    2.018
09:12:15.142 VLLM::W        388783  nvme1n1 RS   21796352   131072    2.032
09:12:15.142 VLLM::W        388783  nvme1n1 RS   21796608   131072    2.009
09:12:15.142 VLLM::W        388783  nvme1n1 RS   21796864   131072    2.036
09:12:15.142 VLLM::W        388783  nvme1n1 RS   21797120   131072    2.065
09:12:15.142 VLLM::W        388783  nvme1n1 RS   21797376   131072    2.096
09:12:15.142 VLLM::W        388783  nvme1n1 RS   21797632   131072    2.137
09:12:15.142 VLLM::W        388783  nvme1n1 RS   21797888   131072    2.166
09:12:15.142 VLLM::W        388783  nvme1n1 RS   21798144   131072    2.208
09:12:15.142 VLLM::W        388783  nvme1n1 RS   21798400   131072    2.239
09:12:15.142 VLLM::W        388783  nvme1n1 RS   21798656   131072    2.267
09:12:15.142 VLLM::W        388783  nvme1n1 RS   730161152  131072    2.311
09:12:15.142 VLLM::W        388783  nvme1n1 RS   730161408  131072    2.322
09:12:15.143 VLLM::W        388782  nvme1n1 RS   1739366400 131072    1.955
09:12:15.143 VLLM::W        388782  nvme1n1 RS   1739366656 131072    1.956
09:12:15.143 VLLM::W        388782  nvme1n1 RS   1739366912 131072    1.955
09:12:15.143 VLLM::W        388782  nvme1n1 RS   1739367168 131072    1.973
09:12:15.143 VLLM::W        388782  nvme1n1 RS   1739367424 131072    2.013
09:12:15.143 VLLM::W        388782  nvme1n1 RS   1739367680 131072    2.072
09:12:15.143 VLLM::W        388782  nvme1n1 RS   1739367936 131072    2.098
09:12:15.143 VLLM::W        388782  nvme1n1 RS   1739368192 131072    2.075
09:12:15.143 VLLM::W        388782  nvme1n1 RS   1739368448 131072    2.105
09:12:15.143 VLLM::W        388782  nvme1n1 RS   1739368704 131072    2.139
09:12:15.143 VLLM::W        388782  nvme1n1 RS   1739368960 131072    2.171
09:12:15.143 VLLM::W        388782  nvme1n1 RS   1739369216 131072    2.200
09:12:15.143 VLLM::W        388782  nvme1n1 RS   1739369472 131072    2.235
09:12:15.143 VLLM::W        388782  nvme1n1 RS   1739369728 131072    2.275
09:12:15.143 VLLM::W        388782  nvme1n1 RS   1739369984 131072    2.311
09:12:15.143 VLLM::W        388782  nvme1n1 RS   1739370240 131072    2.331
09:12:15.143 VLLM::W        388782  nvme1n1 RS   1739370496 131072    2.362
09:12:15.143 VLLM::W        388782  nvme1n1 RS   1739370752 131072    2.393
09:12:15.143 VLLM::W        388781  nvme1n1 RS   1739522048 131072    1.923
09:12:15.143 VLLM::W        388781  nvme1n1 RS   1739522304 131072    1.932
09:12:15.143 VLLM::W        388781  nvme1n1 RS   1739522560 131072    1.960
09:12:15.143 VLLM::W        388781  nvme1n1 RS   1739522816 131072    1.988
09:12:15.143 VLLM::W        388781  nvme1n1 RS   1739523072 131072    2.025
09:12:15.143 VLLM::W        388781  nvme1n1 RS   1739523328 131072    2.064
09:12:15.143 VLLM::W        388781  nvme1n1 RS   1739523584 131072    2.121
09:12:15.143 VLLM::W        388781  nvme1n1 RS   1739523840 131072    2.096
09:12:15.143 VLLM::W        388781  nvme1n1 RS   1739524096 131072    2.133
09:12:15.143 VLLM::W        388781  nvme1n1 RS   1739524352 131072    2.163
09:12:15.143 VLLM::W        388781  nvme1n1 RS   1739524608 131072    2.197
09:12:15.143 VLLM::W        388781  nvme1n1 RS   1739524864 131072    2.222
09:12:15.144 VLLM::W        388781  nvme1n1 RS   1739525120 131072    2.303
09:12:15.144 VLLM::W        388781  nvme1n1 RS   1739525376 131072    2.321
09:12:15.144 VLLM::W        388781  nvme1n1 RS   1739525632 131072    2.333
09:12:15.144 VLLM::W        388781  nvme1n1 RS   1739525888 131072    2.368
09:12:15.144 VLLM::W        388781  nvme1n1 RS   1739526144 131072    2.395
09:12:15.144 VLLM::W        388781  nvme1n1 RS   1739526400 131072    2.421
09:12:15.144 VLLM::W        388784  nvme1n1 RS   1739415552 131072    1.869
09:12:15.144 VLLM::W        388784  nvme1n1 RS   1739415808 131072    1.892
09:12:15.144 VLLM::W        388784  nvme1n1 RS   1739416064 131072    1.938
09:12:15.144 VLLM::W        388784  nvme1n1 RS   1739416320 131072    2.064
09:12:15.144 VLLM::W        388784  nvme1n1 RS   1739416576 131072    2.071
09:12:15.144 VLLM::W        388784  nvme1n1 RS   1739416832 131072    2.089
09:12:15.144 VLLM::W        388784  nvme1n1 RS   1739417088 131072    2.091
09:12:15.144 VLLM::W        388784  nvme1n1 RS   1739417344 131072    2.162
09:12:15.144 VLLM::W        388784  nvme1n1 RS   1739417856 131072    2.176
09:12:15.144 VLLM::W        388784  nvme1n1 RS   1739417600 131072    2.194
09:12:15.144 VLLM::W        388784  nvme1n1 RS   1739418112 131072    2.201
09:12:15.144 VLLM::W        388784  nvme1n1 RS   1739418368 131072    2.258
09:12:15.144 VLLM::W        388784  nvme1n1 RS   1739419136 131072    2.343
09:12:15.144 VLLM::W        388784  nvme1n1 RS   1739418624 131072    2.374
09:12:15.144 VLLM::W        388784  nvme1n1 RS   1739419392 131072    2.371
09:12:15.144 VLLM::W        388784  nvme1n1 RS   1739418880 131072    2.399
09:12:15.144 VLLM::W        388784  nvme1n1 RS   1739419648 131072    2.424
09:12:15.144 VLLM::W        388784  nvme1n1 RS   1739419904 131072    2.429
09:12:15.145 VLLM::W        388783  nvme1n1 RS   1737277440 131072    2.043
09:12:15.145 VLLM::W        388783  nvme1n1 RS   1737278208 131072    2.039
09:12:15.145 VLLM::W        388783  nvme1n1 RS   1737277696 131072    2.047
09:12:15.145 VLLM::W        388783  nvme1n1 RS   1737277952 131072    2.049
09:12:15.145 VLLM::W        388783  nvme1n1 RS   1737278464 131072    2.043
09:12:15.145 VLLM::W        388783  nvme1n1 RS   1737278720 131072    2.110
09:12:15.145 VLLM::W        388783  nvme1n1 RS   1737278976 131072    2.129
09:12:15.145 VLLM::W        388783  nvme1n1 RS   1737279488 131072    2.130
09:12:15.145 VLLM::W        388783  nvme1n1 RS   1737279744 131072    2.158
09:12:15.145 VLLM::W        388783  nvme1n1 RS   1737279232 131072    2.197
09:12:15.145 VLLM::W        388783  nvme1n1 RS   1737280000 131072    2.258
09:12:15.145 VLLM::W        388783  nvme1n1 RS   1737280256 131072    2.270
09:12:15.145 VLLM::W        388783  nvme1n1 RS   1737280512 131072    2.288
09:12:15.145 VLLM::W        388783  nvme1n1 RS   1737280768 131072    2.298
09:12:15.145 VLLM::W        388783  nvme1n1 RS   1737281024 131072    2.327
09:12:15.145 VLLM::W        388783  nvme1n1 RS   1737281280 131072    2.344
09:12:15.145 VLLM::W        388783  nvme1n1 RS   1737281536 131072    2.389
09:12:15.145 VLLM::W        388783  nvme1n1 RS   1737281792 131072    2.489
09:12:15.145 VLLM::W        388782  nvme1n1 RS   1739374592 131072    1.917
09:12:15.145 VLLM::W        388782  nvme1n1 RS   1739374848 131072    1.971
09:12:15.145 VLLM::W        388782  nvme1n1 RS   1739375360 131072    1.990
09:12:15.145 VLLM::W        388782  nvme1n1 RS   1739375104 131072    2.008
09:12:15.145 VLLM::W        388782  nvme1n1 RS   1739375616 131072    2.015
09:12:15.145 VLLM::W        388782  nvme1n1 RS   1739376384 131072    2.082
09:12:15.145 VLLM::W        388782  nvme1n1 RS   1739375872 131072    2.157
09:12:15.145 VLLM::W        388782  nvme1n1 RS   1739376128 131072    2.170
09:12:15.145 VLLM::W        388782  nvme1n1 RS   1739376640 131072    2.135
09:12:15.145 VLLM::W        388782  nvme1n1 RS   1739377408 131072    2.203
09:12:15.145 VLLM::W        388782  nvme1n1 RS   1739376896 131072    2.229
09:12:15.146 VLLM::W        388782  nvme1n1 RS   1739377152 131072    2.246
09:12:15.146 VLLM::W        388782  nvme1n1 RS   1739377664 131072    2.254
09:12:15.146 VLLM::W        388782  nvme1n1 RS   1739378432 131072    2.300
09:12:15.146 VLLM::W        388782  nvme1n1 RS   1739377920 131072    2.352
09:12:15.146 VLLM::W        388782  nvme1n1 RS   1739378176 131072    2.375
09:12:15.146 VLLM::W        388782  nvme1n1 RS   1739378688 131072    2.357
09:12:15.146 VLLM::W        388782  nvme1n1 RS   1739378944 131072    2.395
09:12:15.146 VLLM::W        388781  nvme1n1 RS   1739530240 131072    1.917
09:12:15.146 VLLM::W        388781  nvme1n1 RS   1739530496 131072    1.952
09:12:15.146 VLLM::W        388781  nvme1n1 RS   1739530752 131072    1.979
09:12:15.146 VLLM::W        388781  nvme1n1 RS   1739531008 131072    2.007
09:12:15.146 VLLM::W        388781  nvme1n1 RS   1739531264 131072    2.054
09:12:15.146 VLLM::W        388781  nvme1n1 RS   1739531520 131072    2.105
09:12:15.146 VLLM::W        388781  nvme1n1 RS   1739531776 131072    2.130
09:12:15.146 VLLM::W        388781  nvme1n1 RS   1739532032 131072    2.108
09:12:15.146 VLLM::W        388781  nvme1n1 RS   1739532288 131072    2.167
09:12:15.146 VLLM::W        388781  nvme1n1 RS   1739532544 131072    2.172
09:12:15.146 VLLM::W        388781  nvme1n1 RS   1739532800 131072    2.211
09:12:15.146 VLLM::W        388781  nvme1n1 RS   1739533056 131072    2.246
09:12:15.146 VLLM::W        388781  nvme1n1 RS   1739533312 131072    2.281
09:12:15.146 VLLM::W        388781  nvme1n1 RS   1739533568 131072    2.314
09:12:15.146 VLLM::W        388781  nvme1n1 RS   1739533824 131072    2.350
09:12:15.146 VLLM::W        388781  nvme1n1 RS   1739534080 131072    2.368
09:12:15.146 VLLM::W        388781  nvme1n1 RS   1739534336 131072    2.408
09:12:15.146 VLLM::W        388781  nvme1n1 RS   1739534592 131072    2.442
09:12:15.146 VLLM::W        388784  nvme1n1 RS   1739358208 131072    1.901
09:12:15.146 VLLM::W        388784  nvme1n1 RS   1739358464 131072    1.901
09:12:15.146 VLLM::W        388784  nvme1n1 RS   1739358720 131072    1.899
09:12:15.147 VLLM::W        388784  nvme1n1 RS   1739358976 131072    1.948
09:12:15.147 VLLM::W        388784  nvme1n1 RS   1739359232 131072    1.998
09:12:15.147 VLLM::W        388784  nvme1n1 RS   1739359488 131072    2.025
09:12:15.147 VLLM::W        388784  nvme1n1 RS   1739359744 131072    2.027
09:12:15.147 VLLM::W        388784  nvme1n1 RS   1739360000 131072    2.029
09:12:15.147 VLLM::W        388784  nvme1n1 RS   1739360256 131072    2.080
09:12:15.147 VLLM::W        388784  nvme1n1 RS   1739360512 131072    2.114
09:12:15.147 VLLM::W        388784  nvme1n1 RS   1739360768 131072    2.139
09:12:15.147 VLLM::W        388784  nvme1n1 RS   1739361024 131072    2.174
09:12:15.147 VLLM::W        388784  nvme1n1 RS   1739361280 131072    2.247
09:12:15.147 VLLM::W        388784  nvme1n1 RS   1739361536 131072    2.264
09:12:15.147 VLLM::W        388784  nvme1n1 RS   1739361792 131072    2.282
09:12:15.147 VLLM::W        388784  nvme1n1 RS   1739362048 131072    2.283
09:12:15.147 VLLM::W        388784  nvme1n1 RS   1739362304 131072    2.342
09:12:15.147 VLLM::W        388784  nvme1n1 RS   1739362560 131072    2.404
09:12:15.147 VLLM::W        388783  nvme1n1 RS   1739555072 131072    1.815
09:12:15.147 VLLM::W        388783  nvme1n1 RS   1739554816 131072    1.876
09:12:15.147 VLLM::W        388783  nvme1n1 RS   1739555328 131072    1.883
09:12:15.147 VLLM::W        388783  nvme1n1 RS   1739555584 131072    1.949
09:12:15.147 VLLM::W        388783  nvme1n1 RS   1739555840 131072    1.963
09:12:15.147 VLLM::W        388783  nvme1n1 RS   1739556096 131072    1.990
09:12:15.147 VLLM::W        388783  nvme1n1 RS   1739556352 131072    2.027
09:12:15.147 VLLM::W        388783  nvme1n1 RS   1739556608 131072    1.991
09:12:15.147 VLLM::W        388783  nvme1n1 RS   1739556864 131072    2.049
09:12:15.147 VLLM::W        388783  nvme1n1 RS   1739557120 131072    2.056
09:12:15.147 VLLM::W        388783  nvme1n1 RS   1739557376 131072    2.081
09:12:15.147 VLLM::W        388783  nvme1n1 RS   1739557632 131072    2.114
09:12:15.148 VLLM::W        388783  nvme1n1 RS   1739557888 131072    2.201
09:12:15.148 VLLM::W        388783  nvme1n1 RS   1739558144 131072    2.220
09:12:15.148 VLLM::W        388783  nvme1n1 RS   1739558400 131072    2.231
09:12:15.148 VLLM::W        388783  nvme1n1 RS   1739558656 131072    2.249
09:12:15.148 VLLM::W        388783  nvme1n1 RS   1739558912 131072    2.279
09:12:15.148 VLLM::W        388783  nvme1n1 RS   1739559168 131072    2.308
09:12:15.148 VLLM::W        388782  nvme1n1 RS   1736409088 131072    1.836
09:12:15.148 VLLM::W        388782  nvme1n1 RS   1736409344 131072    1.861
09:12:15.148 VLLM::W        388782  nvme1n1 RS   1736409600 131072    1.931
09:12:15.148 VLLM::W        388782  nvme1n1 RS   1736409856 131072    1.962
09:12:15.148 VLLM::W        388782  nvme1n1 RS   1736410112 131072    1.983
09:12:15.148 VLLM::W        388782  nvme1n1 RS   1736410368 131072    2.001
09:12:15.148 VLLM::W        388782  nvme1n1 RS   1736410880 131072    2.027
09:12:15.148 VLLM::W        388782  nvme1n1 RS   1736410624 131072    2.087
09:12:15.148 VLLM::W        388782  nvme1n1 RS   1736411136 131072    2.061
09:12:15.148 VLLM::W        388782  nvme1n1 RS   1736411392 131072    2.092
09:12:15.148 VLLM::W        388782  nvme1n1 RS   1736411648 131072    2.156
09:12:15.148 VLLM::W        388782  nvme1n1 RS   1736412160 131072    2.171
09:12:15.148 VLLM::W        388782  nvme1n1 RS   1736412416 131072    2.211
09:12:15.148 VLLM::W        388782  nvme1n1 RS   1736411904 131072    2.231
09:12:15.148 VLLM::W        388782  nvme1n1 RS   1736412672 131072    2.253
09:12:15.148 VLLM::W        388782  nvme1n1 RS   1736412928 131072    2.287
09:12:15.148 VLLM::W        388782  nvme1n1 RS   1736413184 131072    2.329
09:12:15.148 VLLM::W        388782  nvme1n1 RS   1736413440 131072    2.340
09:12:15.148 VLLM::W        388781  nvme1n1 RS   1569530112 131072    1.959
09:12:15.148 VLLM::W        388781  nvme1n1 RS   1569529856 131072    1.980
09:12:15.148 VLLM::W        388781  nvme1n1 RS   1569530368 131072    1.995
09:12:15.148 VLLM::W        388781  nvme1n1 RS   1569530624 131072    2.006
09:12:15.149 VLLM::W        388781  nvme1n1 RS   1569530880 131072    2.072
09:12:15.149 VLLM::W        388781  nvme1n1 RS   1569531136 131072    2.088
09:12:15.149 VLLM::W        388781  nvme1n1 RS   1569531392 131072    2.139
09:12:15.149 VLLM::W        388781  nvme1n1 RS   1569531648 131072    2.113
09:12:15.149 VLLM::W        388781  nvme1n1 RS   1569531904 131072    2.141
09:12:15.149 VLLM::W        388781  nvme1n1 RS   1569532160 131072    2.185
09:12:15.149 VLLM::W        388781  nvme1n1 RS   1569532416 131072    2.215
09:12:15.149 VLLM::W        388781  nvme1n1 RS   1569532672 131072    2.243
09:12:15.149 VLLM::W        388781  nvme1n1 RS   1569532928 131072    2.278
09:12:15.149 VLLM::W        388781  nvme1n1 RS   1569533184 131072    2.311
09:12:15.149 VLLM::W        388781  nvme1n1 RS   1569533440 131072    2.345
09:12:15.149 VLLM::W        388781  nvme1n1 RS   1569533696 131072    2.369
09:12:15.149 VLLM::W        388781  nvme1n1 RS   1569533952 131072    2.409
09:12:15.149 VLLM::W        388781  nvme1n1 RS   1569534208 131072    2.435
09:12:15.149 VLLM::W        388784  nvme1n1 RS   1569722368 131072    1.847
09:12:15.149 VLLM::W        388784  nvme1n1 RS   1569722624 131072    1.854
09:12:15.149 VLLM::W        388784  nvme1n1 RS   1569722880 131072    1.944
09:12:15.149 VLLM::W        388784  nvme1n1 RS   1569723392 131072    1.951
09:12:15.149 VLLM::W        388784  nvme1n1 RS   1569723904 131072    2.008
09:12:15.149 VLLM::W        388784  nvme1n1 RS   1569723648 131072    2.031
09:12:15.149 VLLM::W        388784  nvme1n1 RS   1569723136 131072    2.050
09:12:15.149 VLLM::W        388784  nvme1n1 RS   1569724416 131072    2.044
09:12:15.149 VLLM::W        388784  nvme1n1 RS   1569724160 131072    2.077
09:12:15.149 VLLM::W        388784  nvme1n1 RS   1569724672 131072    2.142
09:12:15.149 VLLM::W        388784  nvme1n1 RS   1569724928 131072    2.164
09:12:15.149 VLLM::W        388784  nvme1n1 RS   1569725184 131072    2.169
09:12:15.150 VLLM::W        388784  nvme1n1 RS   1569725440 131072    2.194
09:12:15.150 VLLM::W        388784  nvme1n1 RS   1569725696 131072    2.231
09:12:15.150 VLLM::W        388784  nvme1n1 RS   1569726208 131072    2.311
09:12:15.150 VLLM::W        388784  nvme1n1 RS   1569726720 131072    2.326
09:12:15.150 VLLM::W        388784  nvme1n1 RS   1569726464 131072    2.342
09:12:15.150 VLLM::W        388784  nvme1n1 RS   1569725952 131072    2.397
09:12:15.150 VLLM::W        388783  nvme1n1 RS   1569542144 131072    2.060
09:12:15.150 VLLM::W        388783  nvme1n1 RS   1569542656 131072    2.058
09:12:15.150 VLLM::W        388783  nvme1n1 RS   1569542400 131072    2.084
09:12:15.150 VLLM::W        388783  nvme1n1 RS   1569542912 131072    2.087
09:12:15.150 VLLM::W        388783  nvme1n1 RS   1569543424 131072    2.114
09:12:15.150 VLLM::W        388783  nvme1n1 RS   1569543680 131072    2.152
09:12:15.150 VLLM::W        388783  nvme1n1 RS   1569543168 131072    2.171
09:12:15.150 VLLM::W        388783  nvme1n1 RS   1569544192 131072    2.251
09:12:15.150 VLLM::W        388783  nvme1n1 RS   1569544448 131072    2.268
09:12:15.150 VLLM::W        388783  nvme1n1 RS   1569543936 131072    2.289
09:12:15.150 VLLM::W        388783  nvme1n1 RS   1569544704 131072    2.295
09:12:15.150 VLLM::W        388783  nvme1n1 RS   1569545216 131072    2.340
09:12:15.150 VLLM::W        388783  nvme1n1 RS   1569544960 131072    2.364
09:12:15.150 VLLM::W        388783  nvme1n1 RS   1569545472 131072    2.384
09:12:15.150 VLLM::W        388783  nvme1n1 RS   1569545728 131072    2.394
09:12:15.150 VLLM::W        388783  nvme1n1 RS   1569545984 131072    2.434
09:12:15.150 VLLM::W        388783  nvme1n1 RS   1569554432 131072    2.446
09:12:15.150 VLLM::W        388783  nvme1n1 RS   1569554688 131072    2.469
09:12:15.151 VLLM::W        388782  nvme1n1 RS   1569550336 131072    2.047
09:12:15.151 VLLM::W        388782  nvme1n1 RS   1569550592 131072    2.048
09:12:15.151 VLLM::W        388782  nvme1n1 RS   1569550848 131072    2.033
09:12:15.151 VLLM::W        388782  nvme1n1 RS   1569551104 131072    2.031
09:12:15.151 VLLM::W        388782  nvme1n1 RS   1569551616 131072    2.097
09:12:15.151 VLLM::W        388782  nvme1n1 RS   1569551360 131072    2.108
09:12:15.151 VLLM::W        388782  nvme1n1 RS   1569551872 131072    2.170
09:12:15.151 VLLM::W        388782  nvme1n1 RS   1569552640 131072    2.197
09:12:15.151 VLLM::W        388782  nvme1n1 RS   1569552896 131072    2.245
09:12:15.151 VLLM::W        388782  nvme1n1 RS   1569553152 131072    2.309
09:12:15.151 VLLM::W        388782  nvme1n1 RS   1569553408 131072    2.344
09:12:15.151 VLLM::W        388782  nvme1n1 RS   1569553664 131072    2.371
09:12:15.151 VLLM::W        388782  nvme1n1 RS   1569553920 131072    2.397
09:12:15.151 VLLM::W        388782  nvme1n1 RS   1569554176 131072    2.442
09:12:15.151 VLLM::W        388782  nvme1n1 RS   1569558528 131072    2.499
09:12:15.151 VLLM::W        388782  nvme1n1 RS   1569552384 131072    2.605
09:12:15.151 VLLM::W        388782  nvme1n1 RS   1569558784 131072    2.587
09:12:15.151 VLLM::W        388782  nvme1n1 RS   1569552128 131072    2.690
09:12:15.244 python3        388783  nvme1n1 WS   1502912512 131072    0.194
09:12:15.244 python3        388783  nvme1n1 WS   1502912768 131072    0.281
09:12:15.244 python3        388783  nvme1n1 WS   1502913024 131072    0.322
09:12:15.244 python3        388783  nvme1n1 WS   1502913280 131072    0.394
09:12:15.244 python3        388783  nvme1n1 WS   1502913536 131072    0.478
09:12:15.244 python3        388783  nvme1n1 WS   1502913792 131072    0.555
09:12:15.245 python3        388783  nvme1n1 WS   1502914048 131072    0.637
09:12:15.245 python3        388784  nvme1n1 WS   39718912   131072    0.710
09:12:15.245 python3        388784  nvme1n1 WS   39719168   131072    0.782
09:12:15.245 python3        388784  nvme1n1 WS   39719424   131072    0.859
09:12:15.245 python3        388784  nvme1n1 WS   39719680   131072    0.944
09:12:15.245 python3        388784  nvme1n1 WS   39719936   131072    1.018
09:12:15.245 python3        388784  nvme1n1 WS   39720192   131072    1.099
09:12:15.245 python3        388783  nvme1n1 WS   1502914304 131072    1.181
09:12:15.245 python3        388783  nvme1n1 WS   1502914560 131072    1.261
09:12:15.245 python3        388782  nvme1n1 WS   1532313600 131072    1.398
09:12:15.245 python3        388784  nvme1n1 WS   39720448   131072    1.425
09:12:15.245 python3        388783  nvme1n1 WS   1502914816 131072    1.511
09:12:15.246 python3        388783  nvme1n1 WS   1502915072 131072    1.591
09:12:15.246 python3        388782  nvme1n1 WS   1532313856 131072    1.677
09:12:15.246 python3        388782  nvme1n1 WS   1532314112 131072    1.760
09:12:15.246 python3        388784  nvme1n1 WS   1532309504 131072    1.894
09:12:15.246 python3        388783  nvme1n1 WS   1502915328 131072    1.929
09:12:15.246 python3        388782  nvme1n1 WS   1532314368 131072    2.020
09:12:15.246 python3        388782  nvme1n1 WS   1532314624 131072    2.087
09:12:15.246 python3        388784  nvme1n1 WS   1532309760 131072    2.168
09:12:15.246 python3        388783  nvme1n1 WS   1502915584 131072    2.244
09:12:15.246 python3        388783  nvme1n1 WS   1502915840 131072    2.306
09:12:15.246 python3        388783  nvme1n1 WS   1502916096 131072    2.382
09:12:15.246 python3        388782  nvme1n1 WS   1532314880 131072    2.467
09:12:15.247 python3        388782  nvme1n1 WS   1532315136 131072    2.542
09:12:15.247 python3        388784  nvme1n1 WS   1532310016 131072    2.616
09:12:15.247 python3        388784  nvme1n1 WS   1532310272 131072    2.689
09:12:15.247 python3        388784  nvme1n1 WS   1532310528 131072    2.765
09:12:15.247 python3        388784  nvme1n1 WS   1532310784 131072    2.839
09:12:15.247 python3        388784  nvme1n1 WS   1532311040 131072    2.912
09:12:15.247 python3        388784  nvme1n1 WS   39720704   131072    2.993
09:12:15.247 python3        388784  nvme1n1 WS   39720960   131072    3.067
09:12:15.247 python3        388784  nvme1n1 WS   39721216   131072    3.142
09:12:15.247 python3        388784  nvme1n1 WS   39721472   131072    3.215
09:12:15.247 python3        388784  nvme1n1 WS   39721728   131072    3.303
09:12:15.247 python3        388784  nvme1n1 WS   39721984   131072    3.365
09:12:15.247 python3        388783  nvme1n1 WS   1502916352 131072    3.466
09:12:15.248 python3        388783  nvme1n1 WS   1502916608 131072    3.540
09:12:15.248 python3        388783  nvme1n1 WS   1502916864 131072    3.614
09:12:15.248 python3        388782  nvme1n1 WS   1532315392 131072    3.698
09:12:15.248 python3        388782  nvme1n1 WS   1532315648 131072    3.774
09:12:15.248 python3        388782  nvme1n1 WS   1532315904 131072    3.848
09:12:15.248 python3        388782  nvme1n1 WS   1532316160 131072    3.922
09:12:15.248 python3        388782  nvme1n1 WS   1532316416 131072    4.000
09:12:15.248 python3        388782  nvme1n1 WS   1532316672 131072    4.074
09:12:15.248 python3        388782  nvme1n1 WS   1532316928 131072    4.156
09:12:15.248 python3        388781  nvme1n1 WS   1719312384 131072    4.243
09:12:15.248 python3        388781  nvme1n1 WS   1719312640 131072    4.312
09:12:15.248 python3        388781  nvme1n1 WS   1719312896 131072    4.390
09:12:15.248 python3        388781  nvme1n1 WS   1719313152 131072    4.467
09:12:15.249 python3        388781  nvme1n1 WS   1719313408 131072    4.543
09:12:15.249 python3        388781  nvme1n1 WS   1719313664 131072    4.620
09:12:15.249 python3        388781  nvme1n1 WS   1719313920 131072    4.693
09:12:15.249 python3        388782  nvme1n1 WS   1532317184 45056     4.746
09:12:15.249 python3        388784  nvme1n1 WS   39722240   131072    4.884
09:12:15.249 python3        388784  nvme1n1 WS   39722496   45056     4.885
09:12:15.249 python3        388784  nvme1n1 WS   1532311296 131072    4.980
09:12:15.249 python3        388784  nvme1n1 WS   1532311552 131072    5.000
09:12:15.249 python3        388784  nvme1n1 WS   1532311808 131072    5.068
09:12:15.249 python3        388784  nvme1n1 WS   1532312064 131072    5.144
09:12:15.249 python3        388784  nvme1n1 WS   1532312320 131072    5.219
09:12:15.249 python3        388784  nvme1n1 WS   1532312576 131072    5.293
09:12:15.249 python3        388784  nvme1n1 WS   1532312832 131072    5.368
09:12:15.249 python3        388784  nvme1n1 WS   1532313088 131072    5.448
09:12:15.250 python3        388781  nvme1n1 WS   722546688  131072    5.539
09:12:15.250 python3        388781  nvme1n1 WS   722546944  131072    5.604
09:12:15.250 python3        388781  nvme1n1 WS   722547200  131072    5.678
09:12:15.250 python3        388781  nvme1n1 WS   722547456  131072    5.750
09:12:15.250 python3        388781  nvme1n1 WS   722547712  131072    5.825
09:12:15.250 python3        388781  nvme1n1 WS   722547968  131072    5.899
09:12:15.250 python3        388781  nvme1n1 WS   722548224  131072    5.972
09:12:15.250 python3        388781  nvme1n1 WS   1719314176 131072    6.082
09:12:15.250 python3        388781  nvme1n1 WS   1719314432 131072    6.160
09:12:15.250 python3        388781  nvme1n1 WS   1719314688 131072    6.239
09:12:15.250 python3        388781  nvme1n1 WS   1719314944 131072    6.313
09:12:15.250 python3        388781  nvme1n1 WS   1719315200 131072    6.389
09:12:15.251 python3        388781  nvme1n1 WS   1719315456 131072    6.468
09:12:15.251 python3        388781  nvme1n1 WS   1719315712 131072    6.546
09:12:15.251 python3        388781  nvme1n1 WS   1719315968 45056     6.571
09:12:15.251 python3        388782  nvme1n1 WS   722550784  131072    6.662
09:12:15.251 python3        388782  nvme1n1 WS   722551040  131072    6.738
09:12:15.251 python3        388782  nvme1n1 WS   722551296  131072    6.833
09:12:15.251 python3        388782  nvme1n1 WS   722551552  131072    6.913
09:12:15.251 python3        388782  nvme1n1 WS   722551808  131072    6.991
09:12:15.251 python3        388782  nvme1n1 WS   722552064  131072    7.068
09:12:15.251 python3        388782  nvme1n1 WS   722552320  131072    7.145
09:12:15.251 python3        388784  nvme1n1 WS   1532313344 131072    7.250
09:12:15.251 python3        388784  nvme1n1 WS   1532317696 131072    7.327
09:12:15.251 python3        388784  nvme1n1 WS   1532317952 131072    7.408
09:12:15.252 python3        388783  nvme1n1 WS   1557245952 131072    7.488
09:12:15.252 python3        388783  nvme1n1 WS   1557246208 131072    7.557
09:12:15.252 python3        388783  nvme1n1 WS   1557246464 131072    7.633
09:12:15.252 python3        388783  nvme1n1 WS   1557246720 131072    7.711
09:12:15.252 python3        388783  nvme1n1 WS   1557246976 131072    7.788
09:12:15.252 python3        388783  nvme1n1 WS   1557247232 131072    7.863
09:12:15.252 python3        388783  nvme1n1 WS   1557247488 131072    7.937
09:12:15.252 python3        388782  nvme1n1 WS   722552576  131072    8.003
09:12:15.252 python3        388782  nvme1n1 WS   722552832  131072    8.083
09:12:15.252 python3        388782  nvme1n1 WS   722553088  131072    8.156
09:12:15.252 python3        388782  nvme1n1 WS   722553344  131072    8.231
09:12:15.252 python3        388782  nvme1n1 WS   722553600  131072    8.320
09:12:15.253 python3        388782  nvme1n1 WS   722553856  131072    8.386
09:12:15.253 python3        388781  nvme1n1 WS   722548480  131072    8.477
09:12:15.253 python3        388781  nvme1n1 WS   722548736  131072    8.554
09:12:15.253 python3        388783  nvme1n1 WS   1557247744 131072    8.637
09:12:15.253 python3        388783  nvme1n1 WS   1557248000 131072    8.708
09:12:15.253 python3        388783  nvme1n1 WS   1557248256 131072    8.780
09:12:15.253 python3        388783  nvme1n1 WS   1557248512 131072    8.862
09:12:15.253 python3        388783  nvme1n1 WS   1557248768 131072    8.929
09:12:15.253 python3        388783  nvme1n1 WS   1557249024 131072    9.009
09:12:15.253 python3        388783  nvme1n1 WS   1557249280 131072    9.086
09:12:15.253 python3        388783  nvme1n1 WS   1557249536 45056     9.110
09:12:15.253 python3        388782  nvme1n1 WS   722554112  131072    9.220
09:12:15.253 python3        388782  nvme1n1 WS   722554368  131072    9.297
09:12:15.254 python3        388782  nvme1n1 WS   722554624  131072    9.361
09:12:15.254 python3        388782  nvme1n1 WS   722554880  131072    9.440
09:12:15.254 python3        388782  nvme1n1 WS   722555136  131072    9.520
09:12:15.254 python3        388781  nvme1n1 WS   722548992  131072    9.635
09:12:15.254 python3        388781  nvme1n1 WS   722549248  131072    9.701
09:12:15.254 python3        388781  nvme1n1 WS   722549504  131072    9.779
09:12:15.254 python3        388781  nvme1n1 WS   722549760  131072    9.850
09:12:15.254 python3        388781  nvme1n1 WS   722550016  131072    9.922
09:12:15.254 python3        388781  nvme1n1 WS   722550272  131072    9.998
09:12:15.254 python3        388781  nvme1n1 WS   722550528  131072   10.044
09:12:15.254 python3        388781  nvme1n1 WS   722558976  131072   10.117
09:12:15.254 python3        388781  nvme1n1 WS   722559232  131072   10.194
09:12:15.748 nvme           425260  Unknown N    -1         512       0.034
09:12:16.033 kworker        375098  nvme0n1 W    36977376   12288     1.045
09:12:16.672 dockerd        1436    nvme1n1 WS   1493929032 4096      0.045
09:12:16.672 jbd2/nv        752     nvme1n1 WSM  877646128  131072    0.149
09:12:16.672 jbd2/nv        752     nvme1n1 WSM  877646384  106496    0.184
09:12:16.672 jbd2/nv        752     nvme1n1 WSM  877646592  4096      0.028
09:12:16.672 dockerd        1436    nvme1n1 WS   1493929040 4096      0.033
09:12:16.672 jbd2/nv        752     nvme1n1 WSM  877646600  40960     0.060
09:12:16.672 jbd2/nv        752     nvme1n1 WSM  877646680  4096      0.027
09:12:16.750 nvme           425320  Unknown N    -1         512       0.026
09:12:17.753 nvme           425330  Unknown N    -1         512       0.031
09:12:18.755 nvme           425340  Unknown N    -1         512       0.030
09:12:19.757 nvme           425346  Unknown N    -1         512       0.026
09:12:20.759 nvme           425356  Unknown N    -1         512       0.030
09:12:21.761 nvme           425370  Unknown N    -1         512       0.031
09:12:22.176 kworker        407098  nvme1n1 WM   24         4096      0.116
09:12:22.176 kworker        407098  nvme1n1 WM   352        4096      0.122
09:12:22.176 kworker        407098  nvme1n1 WM   440        4096      0.130
09:12:22.176 kworker        407098  nvme1n1 WM   712        8192      0.130
09:12:22.176 kworker        407098  nvme1n1 WM   824        4096      0.131
09:12:22.176 kworker        407098  nvme1n1 WM   37748792   4096      0.132
09:12:22.176 kworker        407098  nvme1n1 WM   461373696  8192      0.132
09:12:22.176 kworker        407098  nvme1n1 WM   570425600  4096      0.137
09:12:22.176 kworker        407098  nvme1n1 WM   721420320  4096      0.138
09:12:22.176 kworker        407098  nvme1n1 WM   905969792  4096      0.143
09:12:22.176 kworker        407098  nvme1n1 WM   905969920  4096      0.147
09:12:22.176 kworker        407098  nvme1n1 WM   905970776  8192      0.148
09:12:22.176 kworker        407098  nvme1n1 WM   1484783656 4096      0.152
09:12:22.176 kworker        407098  nvme1n1 WM   1493172240 4096      0.153
09:12:22.176 kworker        407098  nvme1n1 WM   1493172480 4096      0.157
09:12:22.176 kworker        407098  nvme1n1 WM   736        12288     0.168
09:12:22.176 kworker        407098  nvme1n1 WM   1493172504 4096      0.084
09:12:22.176 kworker        407098  nvme1n1 WM   1501560872 4096      0.085
09:12:22.176 kworker        407098  nvme1n1 WM   1530921000 4096      0.091
09:12:22.176 kworker        407098  nvme1n1 WM   1530921112 4096      0.092
09:12:22.176 kworker        407098  nvme1n1 WM   1530935856 4096      0.093
09:12:22.176 kworker        407098  nvme1n1 WM   1556086816 4096      0.093
09:12:22.176 kworker        407098  nvme1n1 WM   1560546160 4096      0.099
09:12:22.176 kworker        407098  nvme1n1 WM   1560549064 4096      0.099
09:12:22.176 kworker        407098  nvme1n1 WM   1560583640 4096      0.104
09:12:22.176 kworker        407098  nvme1n1 WM   1560583672 4096      0.106
09:12:22.176 kworker        407098  nvme1n1 WM   1560583688 4096      0.106
09:12:22.176 kworker        407098  nvme1n1 WM   1568669720 8192      0.113
09:12:22.176 kworker        407098  nvme1n1 WM   1568669824 4096      0.118
09:12:22.176 kworker        407098  nvme1n1 WM   1568673472 8192      0.120
09:12:22.176 kworker        407098  nvme1n1 WM   1707383280 4096      0.124
09:12:22.176 kworker        407098  nvme1n1 WM   1707589104 4096      0.125
09:12:22.177 kworker        407098  nvme1n1 WM   1715470448 8192      0.077
09:12:22.177 kworker        407098  nvme1n1 WM   1719477760 8192      0.087
09:12:22.177 kworker        407098  nvme1n1 WM   1719478768 8192      0.090
09:12:22.177 kworker        407098  nvme1n1 WM   1719479032 4096      0.091
09:12:22.177 kworker        407098  nvme1n1 WM   1736441904 4096      0.095
09:12:22.177 kworker        407098  nvme1n1 WM   1737039352 4096      0.096
09:12:22.177 kworker        407098  nvme1n1 WM   1740416736 4096      0.096
09:12:22.177 kworker        407098  nvme1n1 WM   1753732056 4096      0.098
09:12:22.177 kworker        407098  nvme1n1 WM   1756377840 4096      0.102
09:12:22.177 kworker        407098  nvme1n1 WM   1756377912 4096      0.103
09:12:22.177 kworker        407098  nvme1n1 WM   1756389896 4096      0.104
09:12:22.177 kworker        407098  nvme1n1 WM   1719473984 12288     0.117
09:12:22.177 kworker        407098  nvme1n1 WM   1719479056 16384     0.123
09:12:22.177 kworker        407098  nvme1n1 WM   1756377568 12288     0.129
09:12:22.177 jbd2/nv        752     nvme1n1 WSM  877646688  65536     0.092
09:12:22.177 jbd2/nv        752     nvme1n1 WSM  877646816  4096      0.028
09:12:22.763 nvme           425389  Unknown N    -1         512       0.034
09:12:23.201 kworker        407098  nvme0n1 WM   14682128   8192      1.031
09:12:23.201 kworker        407098  nvme0n1 WM   14722352   4096      1.043
09:12:23.765 nvme           425393  Unknown N    -1         512       0.024
09:12:24.767 nvme           425397  Unknown N    -1         512       0.025
09:12:25.769 nvme           425407  Unknown N    -1         512       0.023
09:12:26.680 dockerd        1436    nvme1n1 WS   1729954128 4096      0.052
09:12:26.681 jbd2/nv        752     nvme1n1 WSM  877646824  40960     0.073
09:12:26.681 jbd2/nv        752     nvme1n1 WSM  877646904  4096      0.029
09:12:26.681 dockerd        1436    nvme1n1 WS   1729954136 4096      0.030
09:12:26.681 jbd2/nv        752     nvme1n1 WSM  877646912  40960     0.057
09:12:26.681 jbd2/nv        752     nvme1n1 WSM  877646992  4096      0.026
09:12:26.724 contain        1195    nvme1n1 WS   1730873528 4096      0.051
09:12:26.724 contain        1195    nvme1n1 WS   1730873720 4096      0.058
09:12:26.724 contain        1195    nvme1n1 WS   1730873760 4096      0.059
09:12:26.724 contain        1195    nvme1n1 WS   1730873896 4096      0.060
09:12:26.724 contain        1195    nvme1n1 WS   1429520    4096      0.028
09:12:26.731 dockerd        1436    nvme1n1 WS   1323320    4096      0.041
09:12:26.731 dockerd        1436    nvme1n1 WS   1757812072 12288     0.049
09:12:26.731 dockerd        1436    nvme1n1 WS   1323304    4096      0.027
09:12:26.747 dockerd        1436    nvme1n1 WS   830734344  4096      0.041
09:12:26.747 dockerd        1436    nvme1n1 WS   1531537488 4096      0.047
09:12:26.747 dockerd        1436    nvme1n1 WS   1757812096 12288     0.050
09:12:26.747 dockerd        1436    nvme1n1 WS   1323312    4096      0.026
09:12:26.748 dockerd        1436    nvme1n1 W    1493929048 4096      0.029
09:12:26.748 dockerd        1436    nvme1n1 WS   1757812056 16384     0.041
09:12:26.748 dockerd        1436    nvme1n1 WS   1323304    4096      0.026
09:12:26.771 nvme           425457  Unknown N    -1         512       0.023
09:12:26.786 dockerd        1436    nvme1n1 WS   830734344  4096      0.059
09:12:26.786 dockerd        1436    nvme1n1 WS   1531537488 4096      0.065
09:12:26.786 dockerd        1436    nvme1n1 WS   1757812088 8192      0.065
09:12:26.786 dockerd        1436    nvme1n1 WS   1323312    4096      0.027
09:12:26.786 dockerd        1436    nvme1n1 WS   1323320    4096      0.034
09:12:26.786 dockerd        1436    nvme1n1 WS   1757812064 12288     0.042
09:12:26.786 dockerd        1436    nvme1n1 WS   1323304    4096      0.028
09:12:26.790 kworker        407098  nvme1n1 W    844216032  8192      0.041
09:12:26.790 kworker        387953  nvme1n1 W    1532122232 12288     0.048
09:12:26.790 kworker        375098  nvme1n1 W    844109480  4096      0.081
09:12:26.790 kworker        375098  nvme1n1 W    1728879864 4096      0.068
09:12:26.790 kworker        375098  nvme1n1 W    1735066152 4096      0.070
09:12:26.790 kworker        375098  nvme1n1 W    1553588128 4096      0.079
09:12:26.790 kworker        375098  nvme1n1 W    1755671640 4096      0.081
09:12:26.790 kworker        375098  nvme1n1 W    1734944264 114688    0.165
09:12:26.790 kworker        375098  nvme1n1 W    1755163904 98304     0.223
09:12:26.790 kworker        375098  nvme1n1 W    1755165440 98304     0.284
09:12:26.790 kworker        375098  nvme1n1 W    1755671704 45056     0.305
09:12:26.790 dockerd        1436    nvme1n1 WM   280        4096      0.267
09:12:26.790 dockerd        1436    nvme1n1 WM   570425472  4096      0.269
09:12:26.790 dockerd        1436    nvme1n1 WM   570425648  4096      0.278
09:12:26.790 dockerd        1436    nvme1n1 WM   1719478888 4096      0.278
09:12:26.790 dockerd        1436    nvme1n1 WM   1728053304 4096      0.279
09:12:26.790 jbd2/nv        752     nvme1n1 WSM  877647256  8192      0.202
09:12:26.790 jbd2/nv        752     nvme1n1 WSM  877647000  131072    0.286
09:12:26.790 kworker        368996  nvme1n1 WS   1734944480 4096      0.194
09:12:26.790 jbd2/nv        752     nvme1n1 WSM  877647272  4096      0.029
09:12:26.790 kworker        368996  nvme1n1 WS   1734944488 4096      0.032
09:12:26.791 jbd2/nv        752     nvme1n1 WSM  877647280  28672     0.052
09:12:26.791 jbd2/nv        752     nvme1n1 WSM  877647336  4096      0.028
09:12:26.791 dockerd        1436    nvme1n1 WSM  0          4096      0.094
09:12:26.791 dockerd        1436    nvme1n1 WSM  224        4096      0.097
09:12:26.791 dockerd        1436    nvme1n1 WSM  408        4096      0.097
09:12:26.791 dockerd        1436    nvme1n1 WSM  712        8192      0.103
09:12:26.791 dockerd        1436    nvme1n1 WSM  736        4096      0.104
09:12:26.791 dockerd        1436    nvme1n1 WSM  461373568  4096      0.108
09:12:26.791 dockerd        1436    nvme1n1 WSM  461373696  4096      0.109
09:12:26.791 dockerd        1436    nvme1n1 WSM  461374248  4096      0.109
09:12:26.791 dockerd        1436    nvme1n1 WSM  570425680  4096      0.121
09:12:26.791 dockerd        1436    nvme1n1 WSM  570427320  4096      0.122
09:12:26.791 dockerd        1436    nvme1n1 WSM  843055136  4096      0.126
09:12:26.791 dockerd        1436    nvme1n1 WSM  1484783656 4096      0.130
09:12:26.791 dockerd        1436    nvme1n1 WSM  1484789216 4096      0.134
09:12:26.791 dockerd        1436    nvme1n1 WSM  1493172240 4096      0.136
09:12:26.791 dockerd        1436    nvme1n1 WSM  1493172480 4096      0.138
09:12:26.791 dockerd        1436    nvme1n1 WSM  1493172504 4096      0.139
09:12:26.791 dockerd        1436    nvme1n1 WSM  1530920992 4096      0.144
09:12:26.791 dockerd        1436    nvme1n1 WSM  1530921112 4096      0.145
09:12:26.791 dockerd        1436    nvme1n1 WSM  1530935856 4096      0.145
09:12:26.791 dockerd        1436    nvme1n1 WSM  1707383280 4096      0.149
09:12:26.791 dockerd        1436    nvme1n1 WSM  1715470456 4096      0.151
09:12:26.791 dockerd        1436    nvme1n1 WSM  1719470936 4096      0.152
09:12:26.791 dockerd        1436    nvme1n1 WSM  1719473968 4096      0.154
09:12:26.791 dockerd        1436    nvme1n1 WSM  1719478528 4096      0.159
09:12:26.791 dockerd        1436    nvme1n1 WSM  1732247632 4096      0.160
09:12:26.791 dockerd        1436    nvme1n1 WSM  1753219128 4096      0.160
09:12:26.791 dockerd        1436    nvme1n1 WSM  1753219144 4096      0.164
09:12:26.791 dockerd        1436    nvme1n1 WSM  824        12288     0.180
09:12:26.792 dockerd        1436    nvme1n1 WS   1486100032 4096      0.034
09:12:26.792 jbd2/nv        752     nvme1n1 WSM  877647344  57344     0.074
09:12:26.792 jbd2/nv        752     nvme1n1 WSM  877647456  4096      0.027
09:12:26.792 dockerd        1436    nvme1n1 WS   1486100040 4096      0.029
09:12:26.792 jbd2/nv        752     nvme1n1 WSM  877647464  45056     0.062
09:12:26.792 jbd2/nv        752     nvme1n1 WSM  877647552  4096      0.028
09:12:26.792 dockerd        1436    nvme1n1 WS   1486100048 4096      0.031
09:12:26.793 jbd2/nv        752     nvme1n1 WSM  877647560  45056     0.063
09:12:26.793 jbd2/nv        752     nvme1n1 WSM  877647648  4096      0.027
09:12:26.793 dockerd        1436    nvme1n1 WS   1486100056 4096      0.030
09:12:26.793 jbd2/nv        752     nvme1n1 WSM  877647656  32768     0.052
09:12:26.793 jbd2/nv        752     nvme1n1 WSM  877647720  4096      0.026
09:12:26.793 contain        1195    nvme1n1 WS   1730873776 4096      0.040
09:12:26.793 contain        1195    nvme1n1 WS   1730873808 16384     0.052
09:12:26.793 contain        1195    nvme1n1 WS   1429528    4096      0.027
09:12:26.798 contain        1195    nvme1n1 WS   1730873320 4096      0.049
09:12:26.798 contain        1195    nvme1n1 WS   1730873720 4096      0.058
09:12:26.798 contain        1195    nvme1n1 WS   1730873760 8192      0.062
09:12:26.798 contain        1195    nvme1n1 WS   1730873840 4096      0.063
09:12:26.798 contain        1195    nvme1n1 WS   1730873864 4096      0.064
09:12:26.798 contain        1195    nvme1n1 WS   1429520    4096      0.026
09:12:26.799 contain        1195    nvme1n1 WS   1725789896 4096      0.049
09:12:26.799 contain        1195    nvme1n1 WS   1725789920 8192      0.054
09:12:26.799 contain        1195    nvme1n1 WS   1725789960 4096      0.057
09:12:26.799 contain        1195    nvme1n1 WS   1725789976 12288     0.062
09:12:26.799 contain        1195    nvme1n1 WS   1707371880 4096      0.028
09:12:26.799 contain        1195    nvme1n1 WS   1725789904 8192      0.042
09:12:26.799 contain        1195    nvme1n1 WS   1725789968 4096      0.045
09:12:26.799 contain        1195    nvme1n1 WS   1725790000 4096      0.052
09:12:26.799 contain        1195    nvme1n1 WS   1725789936 12288     0.055
09:12:26.799 contain        1195    nvme1n1 WS   1707371888 4096      0.028
09:12:26.799 contain        1195    nvme1n1 WS   1725789864 4096      0.030
09:12:26.799 contain        1195    nvme1n1 WS   1707371880 4096      0.026
09:12:27.128 contain        1195    nvme1n1 WS   1730873632 4096      0.060
09:12:27.128 contain        1195    nvme1n1 WS   1730873688 4096      0.067
09:12:27.128 contain        1195    nvme1n1 WS   1730873816 12288     0.071
09:12:27.128 contain        1195    nvme1n1 WS   1429528    4096      0.028
09:12:27.128 contain        1195    nvme1n1 WS   1730873768 8192      0.047
09:12:27.128 contain        1195    nvme1n1 WS   1730873808 4096      0.053
09:12:27.128 contain        1195    nvme1n1 WS   1730873840 8192      0.055
09:12:27.128 contain        1195    nvme1n1 WS   1429520    4096      0.028
09:12:27.128 contain        1195    nvme1n1 WS   1725789896 4096      0.042
09:12:27.128 contain        1195    nvme1n1 WS   1725789920 4096      0.047
09:12:27.128 contain        1195    nvme1n1 WS   1725789960 4096      0.055
09:12:27.128 contain        1195    nvme1n1 WS   1725789976 16384     0.056
09:12:27.128 contain        1195    nvme1n1 WS   1707371888 4096      0.028
09:12:27.129 contain        1195    nvme1n1 WS   1730873720 4096      0.042
09:12:27.129 contain        1195    nvme1n1 WS   1730873760 4096      0.045
09:12:27.129 contain        1195    nvme1n1 WS   1730873816 12288     0.051
09:12:27.129 contain        1195    nvme1n1 WS   1730873856 36864     0.072
09:12:27.129 contain        1195    nvme1n1 WS   1429528    4096      0.027
09:12:27.130 kworker        368996  nvme1n1 W    1734944488 8192      0.057
09:12:27.130 kworker        368996  nvme1n1 W    1728879864 4096      0.086
09:12:27.130 kworker        368996  nvme1n1 W    1756377896 4096      0.087
09:12:27.130 kworker        368996  nvme1n1 W    1756384224 4096      0.088
09:12:27.130 kworker        368996  nvme1n1 W    1755164088 12288     0.105
09:12:27.130 kworker        368996  nvme1n1 W    1755165624 12288     0.107
09:12:27.130 dockerd        1436    nvme1n1 WM   461373704  4096      0.045
09:12:27.130 dockerd        1436    nvme1n1 WM   1707589104 4096      0.048
09:12:27.130 dockerd        1436    nvme1n1 WM   1728053304 4096      0.048
09:12:27.130 jbd2/nv        752     nvme1n1 WSM  877647728  131072    0.138
09:12:27.130 jbd2/nv        752     nvme1n1 WSM  877647984  40960     0.142
09:12:27.130 jbd2/nv        752     nvme1n1 WSM  877648064  4096      0.027
09:12:27.130 jbd2/nv        752     nvme1n1 WSM  877648072  16384     0.041
09:12:27.130 jbd2/nv        752     nvme1n1 WSM  877648104  4096      0.027
09:12:27.131 dockerd        1436    nvme1n1 WSM  0          4096      0.121
09:12:27.131 dockerd        1436    nvme1n1 WSM  224        4096      0.128
09:12:27.131 dockerd        1436    nvme1n1 WSM  408        4096      0.129
09:12:27.131 dockerd        1436    nvme1n1 WSM  712        8192      0.134
09:12:27.131 dockerd        1436    nvme1n1 WSM  752        4096      0.135
09:12:27.131 dockerd        1436    nvme1n1 WSM  461373568  4096      0.134
09:12:27.131 dockerd        1436    nvme1n1 WSM  461373696  4096      0.137
09:12:27.131 dockerd        1436    nvme1n1 WSM  461374248  4096      0.138
09:12:27.131 dockerd        1436    nvme1n1 WSM  570425680  4096      0.151
09:12:27.131 dockerd        1436    nvme1n1 WSM  570425768  4096      0.152
09:12:27.131 dockerd        1436    nvme1n1 WSM  570427288  4096      0.156
09:12:27.131 dockerd        1436    nvme1n1 WSM  843055136  4096      0.156
09:12:27.131 dockerd        1436    nvme1n1 WSM  1484783656 4096      0.160
09:12:27.131 dockerd        1436    nvme1n1 WSM  1493172240 4096      0.165
09:12:27.131 dockerd        1436    nvme1n1 WSM  1493172480 8192      0.165
09:12:27.131 dockerd        1436    nvme1n1 WSM  1568669824 4096      0.169
09:12:27.131 dockerd        1436    nvme1n1 WSM  1705582584 4096      0.153
09:12:27.131 dockerd        1436    nvme1n1 WSM  1705656312 4096      0.156
09:12:27.131 dockerd        1436    nvme1n1 WSM  1715470456 4096      0.160
09:12:27.131 dockerd        1436    nvme1n1 WSM  1719470992 4096      0.162
09:12:27.131 dockerd        1436    nvme1n1 WSM  1719474008 4096      0.164
09:12:27.131 dockerd        1436    nvme1n1 WSM  1719478768 4096      0.166
09:12:27.131 dockerd        1436    nvme1n1 WSM  1719479056 4096      0.170
09:12:27.131 dockerd        1436    nvme1n1 WSM  1719479320 8192      0.170
09:12:27.131 dockerd        1436    nvme1n1 WSM  1719479344 4096      0.176
09:12:27.131 dockerd        1436    nvme1n1 WSM  1719479368 4096      0.176
09:12:27.131 dockerd        1436    nvme1n1 WSM  1719479752 4096      0.181
09:12:27.131 dockerd        1436    nvme1n1 WSM  1732247632 4096      0.182
09:12:27.131 dockerd        1436    nvme1n1 WSM  1736441904 4096      0.183
09:12:27.131 dockerd        1436    nvme1n1 WSM  1753219128 4096      0.186
09:12:27.131 dockerd        1436    nvme1n1 WSM  824        12288     0.223
09:12:27.131 dockerd        1436    nvme1n1 WSM  1568673464 12288     0.207
09:12:27.131 dockerd        1436    nvme1n1 WSM  1753219168 4096      0.199
09:12:27.131 contain        1195    nvme1n1 WS   1725789864 4096      0.048
09:12:27.131 contain        1195    nvme1n1 WS   1725789904 8192      0.053
09:12:27.131 contain        1195    nvme1n1 WS   1725789968 4096      0.054
09:12:27.131 contain        1195    nvme1n1 WS   1725789936 12288     0.072
09:12:27.131 contain        1195    nvme1n1 WS   1707371880 4096      0.030
09:12:27.131 contain        1195    nvme1n1 WS   1551466752 4096      0.061
09:12:27.131 contain        1195    nvme1n1 WS   1725799912 4096      0.066
09:12:27.132 contain        1195    nvme1n1 WS   1730872560 4096      0.076
09:12:27.132 contain        1195    nvme1n1 WS   1730873320 4096      0.077
09:12:27.132 contain        1195    nvme1n1 WS   1730873536 4096      0.083
09:12:27.132 contain        1195    nvme1n1 WS   1730873632 4096      0.087
09:12:27.132 contain        1195    nvme1n1 WS   1730873688 4096      0.090
09:12:27.132 contain        1195    nvme1n1 WS   1730873768 8192      0.095
09:12:27.132 contain        1195    nvme1n1 WS   1730873808 4096      0.098
09:12:27.132 contain        1195    nvme1n1 WS   1730873840 8192      0.099
09:12:27.132 contain        1195    nvme1n1 WS   1730873928 8192      0.101
09:12:27.132 contain        1195    nvme1n1 WS   1429520    4096      0.027
09:12:27.132 contain        1195    nvme1n1 WS   1730873720 4096      0.048
09:12:27.132 contain        1195    nvme1n1 WS   1730873760 4096      0.054
09:12:27.132 contain        1195    nvme1n1 WS   1730873816 12288     0.054
09:12:27.132 contain        1195    nvme1n1 WS   1429528    4096      0.028
09:12:27.132 contain        1195    nvme1n1 WS   1725789896 4096      0.042
09:12:27.132 contain        1195    nvme1n1 WS   1725789920 4096      0.047
09:12:27.132 contain        1195    nvme1n1 WS   1725789960 4096      0.056
09:12:27.132 contain        1195    nvme1n1 WS   1725789976 16384     0.056
09:12:27.132 contain        1195    nvme1n1 WS   1707371888 4096      0.028
09:12:27.133 contain        1195    nvme1n1 WS   1730873632 4096      0.040
09:12:27.133 contain        1195    nvme1n1 WS   1730873688 4096      0.043
09:12:27.133 contain        1195    nvme1n1 WS   1730873848 36864     0.061
09:12:27.133 contain        1195    nvme1n1 WS   1429520    4096      0.027
09:12:27.134 kworker        368996  nvme1n1 W    1734944496 12288     0.043
09:12:27.134 kworker        368996  nvme1n1 W    1755164104 12288     0.050
09:12:27.134 kworker        368996  nvme1n1 W    1755165640 12288     0.056
09:12:27.134 jbd2/nv        752     nvme1n1 WSM  877648112  122880    0.127
09:12:27.134 jbd2/nv        752     nvme1n1 WSM  877648352  4096      0.029
09:12:27.134 kworker        368996  nvme1n1 WS   1734944512 4096      0.031
09:12:27.134 jbd2/nv        752     nvme1n1 WSM  877648360  8192      0.034
09:12:27.134 jbd2/nv        752     nvme1n1 WSM  877648376  4096      0.027
09:12:27.134 dockerd        1436    nvme1n1 WSM  0          4096      0.088
09:12:27.134 dockerd        1436    nvme1n1 WSM  224        4096      0.095
09:12:27.134 dockerd        1436    nvme1n1 WSM  752        4096      0.099
09:12:27.134 dockerd        1436    nvme1n1 WSM  461373568  4096      0.098
09:12:27.134 dockerd        1436    nvme1n1 WSM  461373696  8192      0.098
09:12:27.134 dockerd        1436    nvme1n1 WSM  461374248  4096      0.102
09:12:27.134 dockerd        1436    nvme1n1 WSM  1493172480 8192      0.108
09:12:27.134 dockerd        1436    nvme1n1 WSM  1568669824 4096      0.109
09:12:27.134 dockerd        1436    nvme1n1 WSM  1568673464 8192      0.112
09:12:27.134 dockerd        1436    nvme1n1 WSM  1705582584 4096      0.117
09:12:27.134 dockerd        1436    nvme1n1 WSM  1705656312 4096      0.121
09:12:27.134 dockerd        1436    nvme1n1 WSM  1707589104 4096      0.121
09:12:27.134 dockerd        1436    nvme1n1 WSM  1715470456 4096      0.124
09:12:27.134 dockerd        1436    nvme1n1 WSM  1719473336 4096      0.125
09:12:27.134 dockerd        1436    nvme1n1 WSM  1719474000 4096      0.130
09:12:27.134 dockerd        1436    nvme1n1 WSM  1719475672 4096      0.132
09:12:27.134 dockerd        1436    nvme1n1 WSM  1719477200 4096      0.134
09:12:27.134 dockerd        1436    nvme1n1 WSM  1719477752 4096      0.138
09:12:27.134 dockerd        1436    nvme1n1 WSM  1719478016 4096      0.140
09:12:27.134 dockerd        1436    nvme1n1 WSM  1719478176 4096      0.142
09:12:27.134 dockerd        1436    nvme1n1 WSM  1732247632 4096      0.144
09:12:27.134 dockerd        1436    nvme1n1 WSM  1753219128 4096      0.146
09:12:27.134 dockerd        1436    nvme1n1 WSM  824        12288     0.161
09:12:27.135 dockerd        1436    nvme1n1 WS   566499400  4096      0.032
09:12:27.135 jbd2/nv        752     nvme1n1 WSM  877648384  57344     0.073
09:12:27.135 jbd2/nv        752     nvme1n1 WSM  877648496  4096      0.027
09:12:27.135 dockerd        1436    nvme1n1 WS   566499408  4096      0.031
09:12:27.135 jbd2/nv        752     nvme1n1 WSM  877648504  20480     0.044
09:12:27.135 jbd2/nv        752     nvme1n1 WSM  877648544  4096      0.027
09:12:27.139 dockerd        1436    nvme1n1 WS   570704464  4096      0.036
09:12:27.139 jbd2/nv        752     nvme1n1 WSM  877648552  77824     0.089
09:12:27.139 jbd2/nv        752     nvme1n1 WSM  877648704  4096      0.032
09:12:27.139 dockerd        1436    nvme1n1 WS   1531537488 4096      0.039
09:12:27.139 dockerd        1436    nvme1n1 WS   1518910992 4096      0.045
09:12:27.139 dockerd        1436    nvme1n1 WS   1757812088 8192      0.048
09:12:27.139 dockerd        1436    nvme1n1 WS   1323312    4096      0.027
09:12:27.140 contain        1195    nvme1n1 WS   1730873320 4096      0.044
09:12:27.140 contain        1195    nvme1n1 WS   1730873720 4096      0.051
09:12:27.140 contain        1195    nvme1n1 WS   1730873808 4096      0.054
09:12:27.140 contain        1195    nvme1n1 WS   1730873760 12288     0.056
09:12:27.140 contain        1195    nvme1n1 WS   1429528    4096      0.026
09:12:27.141 contain        1195    nvme1n1 WS   1730873816 16384     0.045
09:12:27.141 contain        1195    nvme1n1 WS   1730873880 20480     0.055
09:12:27.141 contain        1195    nvme1n1 WS   1429520    4096      0.027
09:12:27.141 contain        1195    nvme1n1 WS   1730873528 4096      0.043
09:12:27.141 contain        1195    nvme1n1 WS   1730873768 8192      0.049
09:12:27.141 contain        1195    nvme1n1 WS   1730873808 4096      0.053
09:12:27.141 contain        1195    nvme1n1 WS   1730873920 4096      0.054
09:12:27.141 contain        1195    nvme1n1 WS   1429528    4096      0.026
09:12:27.218 dockerd        1436    nvme1n1 W    570692192  4096      0.062
09:12:27.223 dockerd        1436    nvme1n1 WS   1323320    4096      0.041
09:12:27.223 dockerd        1436    nvme1n1 WS   1757812064 12288     0.050
09:12:27.223 dockerd        1436    nvme1n1 WS   1323304    4096      0.027
09:12:27.224 dockerd        1436    nvme1n1 WS   830734360  4096      0.041
09:12:27.224 dockerd        1436    nvme1n1 WS   1518910992 4096      0.046
09:12:27.224 dockerd        1436    nvme1n1 WS   1757812088 8192      0.048
09:12:27.224 dockerd        1436    nvme1n1 WS   1323312    4096      0.027
09:12:27.225 dockerd        1436    nvme1n1 W    1486100064 4096      0.036
09:12:27.225 dockerd        1436    nvme1n1 WS   1486100072 4096      0.029
09:12:27.225 jbd2/nv        752     nvme1n1 WSM  877648712  90112     0.106
09:12:27.225 jbd2/nv        752     nvme1n1 WSM  877648888  4096      0.028
09:12:27.225 dockerd        1436    nvme1n1 WS   1757812056 16384     0.042
09:12:27.225 dockerd        1436    nvme1n1 WS   1323304    4096      0.027
09:12:27.232 dockerd        1436    nvme1n1 WS   1531537488 4096      0.048
09:12:27.232 dockerd        1436    nvme1n1 WS   1518910992 4096      0.054
09:12:27.232 dockerd        1436    nvme1n1 WS   1757812088 8192      0.053
09:12:27.232 dockerd        1436    nvme1n1 WS   1323312    4096      0.027
09:12:27.232 dockerd        1436    nvme1n1 WS   1323320    4096      0.038
09:12:27.232 dockerd        1436    nvme1n1 WS   1757812104 4096      0.042
09:12:27.232 dockerd        1436    nvme1n1 WS   1757812064 12288     0.047
09:12:27.232 dockerd        1436    nvme1n1 WS   1323304    4096      0.027
09:12:27.232 dockerd        1436    nvme1n1 WS   1486100080 4096      0.033
09:12:27.233 jbd2/nv        752     nvme1n1 WSM  877648896  45056     0.071
09:12:27.233 jbd2/nv        752     nvme1n1 WSM  877648984  4096      0.028
09:12:27.241 dockerd        1436    nvme1n1 WS   1719136792 4096      0.041
09:12:27.241 jbd2/nv        752     nvme1n1 WSM  877648992  40960     0.064
09:12:27.241 jbd2/nv        752     nvme1n1 WSM  877649072  4096      0.028
09:12:27.241 dockerd        1436    nvme1n1 WS   1719136800 4096      0.029
09:12:27.241 jbd2/nv        752     nvme1n1 WSM  877649080  40960     0.058
09:12:27.241 jbd2/nv        752     nvme1n1 WSM  877649160  4096      0.027
09:12:27.297 contain        1195    nvme1n1 WS   1429520    4096      0.039
09:12:27.381 bash           425666  nvme1n1 W    1735066160 4096      0.046
09:12:27.421 VLLM::W        388783  nvme1n1 RS   1738354688 131072    0.257
09:12:27.421 VLLM::W        388782  nvme1n1 RS   1736269824 131072    0.309
09:12:27.421 VLLM::W        388783  nvme1n1 RS   1738354944 131072    0.316
09:12:27.421 VLLM::W        388782  nvme1n1 RS   1736270336 131072    0.389
09:12:27.421 VLLM::W        388782  nvme1n1 RS   1736270080 131072    0.402
09:12:27.421 VLLM::W        388783  nvme1n1 RS   1738355456 131072    0.489
09:12:27.421 VLLM::W        388783  nvme1n1 RS   1738355200 131072    0.532
09:12:27.421 VLLM::W        388784  nvme1n1 RS   1738457088 131072    0.552
09:12:27.421 VLLM::W        388784  nvme1n1 RS   1738457344 131072    0.588
09:12:27.421 VLLM::W        388781  nvme1n1 RS   1738346752 131072    0.653
09:12:27.421 VLLM::W        388781  nvme1n1 RS   1738346496 131072    0.668
09:12:27.422 VLLM::W        388782  nvme1n1 RS   1736270592 131072    0.738
09:12:27.422 VLLM::W        388782  nvme1n1 RS   1736270848 131072    0.760
09:12:27.422 VLLM::W        388782  nvme1n1 RS   1736271104 131072    0.765
09:12:27.422 VLLM::W        388782  nvme1n1 RS   1736271360 131072    0.825
09:12:27.422 VLLM::W        388783  nvme1n1 RS   1738355968 131072    0.846
09:12:27.422 VLLM::W        388783  nvme1n1 RS   1738355712 131072    0.902
09:12:27.422 VLLM::W        388783  nvme1n1 RS   1738356224 131072    0.902
09:12:27.422 VLLM::W        388784  nvme1n1 RS   1738458112 131072    1.026
09:12:27.422 VLLM::W        388784  nvme1n1 RS   1738457600 131072    1.059
09:12:27.422 VLLM::W        388784  nvme1n1 RS   1738457856 131072    1.076
09:12:27.422 VLLM::W        388784  nvme1n1 RS   1738458368 131072    1.077
09:12:27.422 VLLM::W        388781  nvme1n1 RS   1738347008 131072    1.131
09:12:27.422 VLLM::W        388781  nvme1n1 RS   1738347264 131072    1.169
09:12:27.422 VLLM::W        388784  nvme1n1 RS   1738458624 131072    1.249
09:12:27.422 VLLM::W        388781  nvme1n1 RS   1738348032 131072    1.256
09:12:27.422 VLLM::W        388781  nvme1n1 RS   1738347520 131072    1.348
09:12:27.422 VLLM::W        388783  nvme1n1 RS   1738356736 131072    1.313
09:12:27.422 VLLM::W        388781  nvme1n1 RS   1738347776 131072    1.385
09:12:27.422 VLLM::W        388783  nvme1n1 RS   1738356992 131072    1.355
09:12:27.422 VLLM::W        388783  nvme1n1 RS   1738356480 131072    1.371
09:12:27.422 VLLM::W        388784  nvme1n1 RS   1738459136 131072    1.490
09:12:27.422 VLLM::W        388783  nvme1n1 RS   1738357248 131072    1.530
09:12:27.422 VLLM::W        388784  nvme1n1 RS   1738458880 131072    1.554
09:12:27.422 VLLM::W        388783  nvme1n1 RS   1738357504 131072    1.555
09:12:27.422 VLLM::W        388783  nvme1n1 RS   1738357760 131072    1.609
09:12:27.423 VLLM::W        388784  nvme1n1 RS   1738459904 131072    1.624
09:12:27.423 VLLM::W        388782  nvme1n1 RS   1736272128 131072    1.719
09:12:27.423 VLLM::W        388784  nvme1n1 RS   1738459392 131072    1.744
09:12:27.423 VLLM::W        388782  nvme1n1 RS   1736271872 131072    1.763
09:12:27.423 VLLM::W        388784  nvme1n1 RS   1738459648 131072    1.769
09:12:27.423 VLLM::W        388781  nvme1n1 RS   1738348288 131072    1.822
09:12:27.423 VLLM::W        388782  nvme1n1 RS   1736271616 131072    1.860
09:12:27.423 VLLM::W        388782  nvme1n1 RS   1736272384 131072    1.931
09:12:27.423 VLLM::W        388782  nvme1n1 RS   1736272640 131072    1.942
09:12:27.423 VLLM::W        388781  nvme1n1 RS   1738349056 131072    1.966
09:12:27.423 VLLM::W        388781  nvme1n1 RS   1738349312 131072    1.988
09:12:27.423 VLLM::W        388781  nvme1n1 RS   1738348544 131072    2.008
09:12:27.423 VLLM::W        388784  nvme1n1 RS   1738460160 131072    2.032
09:12:27.423 VLLM::W        388781  nvme1n1 RS   1738348800 131072    2.056
09:12:27.423 VLLM::W        388784  nvme1n1 RS   1738460416 131072    2.101
09:12:27.423 VLLM::W        388784  nvme1n1 RS   1738362880 131072    2.119
09:12:27.423 VLLM::W        388784  nvme1n1 RS   1738460672 131072    2.152
09:12:27.423 VLLM::W        388784  nvme1n1 RS   1738460928 131072    2.176
09:12:27.423 VLLM::W        388784  nvme1n1 RS   1738363136 131072    2.184
09:12:27.423 VLLM::W        388782  nvme1n1 RS   1736273152 131072    2.240
09:12:27.423 VLLM::W        388782  nvme1n1 RS   1736272896 131072    2.294
09:12:27.423 VLLM::W        388782  nvme1n1 RS   1736273408 131072    2.295
09:12:27.423 VLLM::W        388782  nvme1n1 RS   1736273664 131072    2.319
09:12:27.423 VLLM::W        388782  nvme1n1 RS   1740091392 131072    2.358
09:12:27.423 VLLM::W        388782  nvme1n1 RS   1740091648 131072    2.383
09:12:27.423 VLLM::W        388781  nvme1n1 RS   1738349824 131072    2.489
09:12:27.423 VLLM::W        388781  nvme1n1 RS   1738349568 131072    2.513
09:12:27.423 VLLM::W        388781  nvme1n1 RS   1738350080 131072    2.539
09:12:27.423 VLLM::W        388781  nvme1n1 RS   1738350336 131072    2.539
09:12:27.423 VLLM::W        388781  nvme1n1 RS   1738448896 131072    2.564
09:12:27.424 VLLM::W        388781  nvme1n1 RS   1738449152 131072    2.596
09:12:27.424 VLLM::W        388783  nvme1n1 RS   1738358272 131072    2.710
09:12:27.424 VLLM::W        388783  nvme1n1 RS   1738358016 131072    2.730
09:12:27.424 VLLM::W        388783  nvme1n1 RS   1738358528 131072    2.734
09:12:27.424 VLLM::W        388783  nvme1n1 RS   1738358784 131072    2.745
09:12:27.424 VLLM::W        388783  nvme1n1 RS   1738359040 131072    2.813
09:12:27.424 VLLM::W        388784  nvme1n1 RS   1738465280 131072    0.488
09:12:27.424 VLLM::W        388784  nvme1n1 RS   1738465536 131072    0.500
09:12:27.424 VLLM::W        388784  nvme1n1 RS   1738465792 131072    0.517
09:12:27.424 VLLM::W        388784  nvme1n1 RS   1738466048 131072    0.553
09:12:27.424 VLLM::W        388784  nvme1n1 RS   1738466304 131072    0.581
09:12:27.424 VLLM::W        388784  nvme1n1 RS   1738466560 131072    0.631
09:12:27.424 VLLM::W        388784  nvme1n1 RS   1738466816 131072    0.644
09:12:27.424 VLLM::W        388784  nvme1n1 RS   1738467072 131072    0.702
09:12:27.424 VLLM::W        388784  nvme1n1 RS   1738467328 131072    0.712
09:12:27.424 VLLM::W        388784  nvme1n1 RS   1738467584 131072    0.721
09:12:27.424 VLLM::W        388784  nvme1n1 RS   1738467840 131072    0.731
09:12:27.424 VLLM::W        388784  nvme1n1 RS   1738468096 131072    0.765
09:12:27.424 VLLM::W        388784  nvme1n1 RS   1738468352 131072    0.807
09:12:27.424 VLLM::W        388784  nvme1n1 RS   1738468608 131072    0.860
09:12:27.424 VLLM::W        388784  nvme1n1 RS   1738468864 131072    0.871
09:12:27.424 VLLM::W        388784  nvme1n1 RS   1738469376 131072    0.954
09:12:27.424 VLLM::W        388784  nvme1n1 RS   1738469120 131072    0.982
09:12:27.424 VLLM::W        388784  nvme1n1 RS   1738469632 131072    0.990
09:12:27.424 VLLM::W        388782  nvme1n1 RS   1740083200 131072    0.943
09:12:27.424 VLLM::W        388782  nvme1n1 RS   1740083456 131072    0.980
09:12:27.424 VLLM::W        388782  nvme1n1 RS   1740083712 131072    0.990
09:12:27.425 VLLM::W        388782  nvme1n1 RS   1740084224 131072    1.109
09:12:27.425 VLLM::W        388782  nvme1n1 RS   1740083968 131072    1.122
09:12:27.425 VLLM::W        388782  nvme1n1 RS   1740084480 131072    1.147
09:12:27.425 VLLM::W        388782  nvme1n1 RS   1740084736 131072    1.159
09:12:27.425 VLLM::W        388782  nvme1n1 RS   1740085248 131072    1.174
09:12:27.425 VLLM::W        388782  nvme1n1 RS   1740084992 131072    1.194
09:12:27.425 VLLM::W        388782  nvme1n1 RS   1740085504 131072    1.205
09:12:27.425 VLLM::W        388782  nvme1n1 RS   1740085760 131072    1.234
09:12:27.425 VLLM::W        388782  nvme1n1 RS   1740086016 131072    1.271
09:12:27.425 VLLM::W        388782  nvme1n1 RS   1740086272 131072    1.311
09:12:27.425 VLLM::W        388782  nvme1n1 RS   1740086528 131072    1.372
09:12:27.425 VLLM::W        388782  nvme1n1 RS   1740086784 131072    1.393
09:12:27.425 VLLM::W        388782  nvme1n1 RS   1740087040 131072    1.393
09:12:27.425 VLLM::W        388782  nvme1n1 RS   1755062272 131072    1.428
09:12:27.425 VLLM::W        388782  nvme1n1 RS   1755062528 131072    1.460
09:12:27.425 VLLM::W        388781  nvme1n1 RS   1738366976 131072    1.418
09:12:27.425 VLLM::W        388781  nvme1n1 RS   1738367232 131072    1.433
09:12:27.425 VLLM::W        388781  nvme1n1 RS   1738367488 131072    1.448
09:12:27.425 VLLM::W        388781  nvme1n1 RS   1738367744 131072    1.476
09:12:27.425 VLLM::W        388781  nvme1n1 RS   1738368000 131072    1.539
09:12:27.425 VLLM::W        388781  nvme1n1 RS   1738368256 131072    1.563
09:12:27.425 VLLM::W        388781  nvme1n1 RS   1738368512 131072    1.604
09:12:27.425 VLLM::W        388781  nvme1n1 RS   1738368768 131072    1.576
09:12:27.425 VLLM::W        388781  nvme1n1 RS   1738369024 131072    1.608
09:12:27.425 VLLM::W        388781  nvme1n1 RS   1738369280 131072    1.642
09:12:27.425 VLLM::W        388781  nvme1n1 RS   1738369536 131072    1.669
09:12:27.425 VLLM::W        388781  nvme1n1 RS   1738369792 131072    1.701
09:12:27.426 VLLM::W        388781  nvme1n1 RS   1738370048 131072    1.747
09:12:27.426 VLLM::W        388781  nvme1n1 RS   1738370304 131072    1.775
09:12:27.426 VLLM::W        388781  nvme1n1 RS   1738370560 131072    1.800
09:12:27.426 VLLM::W        388781  nvme1n1 RS   1738370816 131072    1.824
09:12:27.426 VLLM::W        388781  nvme1n1 RS   1739849728 131072    1.861
09:12:27.426 VLLM::W        388781  nvme1n1 RS   1739849984 131072    1.886
09:12:27.426 VLLM::W        388783  nvme1n1 RS   1740079104 131072    1.937
09:12:27.426 VLLM::W        388783  nvme1n1 RS   1740079360 131072    1.938
09:12:27.426 VLLM::W        388783  nvme1n1 RS   1740079872 131072    1.972
09:12:27.426 VLLM::W        388783  nvme1n1 RS   1740079616 131072    1.984
09:12:27.426 VLLM::W        388783  nvme1n1 RS   1740080128 131072    1.985
09:12:27.426 VLLM::W        388783  nvme1n1 RS   1740080384 131072    2.055
09:12:27.426 VLLM::W        388783  nvme1n1 RS   1740080640 131072    2.072
09:12:27.426 VLLM::W        388783  nvme1n1 RS   1740080896 131072    2.025
09:12:27.426 VLLM::W        388783  nvme1n1 RS   1740081152 131072    2.065
09:12:27.426 VLLM::W        388783  nvme1n1 RS   1740081408 131072    2.092
09:12:27.426 VLLM::W        388783  nvme1n1 RS   1740081664 131072    2.128
09:12:27.426 VLLM::W        388783  nvme1n1 RS   1740081920 131072    2.157
09:12:27.426 VLLM::W        388783  nvme1n1 RS   1740082176 131072    2.186
09:12:27.426 VLLM::W        388783  nvme1n1 RS   1740082432 131072    2.232
09:12:27.426 VLLM::W        388783  nvme1n1 RS   1740082944 131072    2.273
09:12:27.426 VLLM::W        388783  nvme1n1 RS   1740185600 131072    2.318
09:12:27.426 VLLM::W        388783  nvme1n1 RS   1740082688 131072    2.349
09:12:27.426 VLLM::W        388784  nvme1n1 RS   1739857920 131072    1.909
09:12:27.426 VLLM::W        388784  nvme1n1 RS   1739858176 131072    1.929
09:12:27.426 VLLM::W        388784  nvme1n1 RS   1739858432 131072    1.945
09:12:27.427 VLLM::W        388783  nvme1n1 RS   1740185856 131072    2.479
09:12:27.427 VLLM::W        388784  nvme1n1 RS   1739858944 131072    2.006
09:12:27.427 VLLM::W        388784  nvme1n1 RS   1739859200 131072    2.035
09:12:27.427 VLLM::W        388784  nvme1n1 RS   1739859456 131072    2.070
09:12:27.427 VLLM::W        388784  nvme1n1 RS   1739858688 131072    2.093
09:12:27.427 VLLM::W        388784  nvme1n1 RS   1739859968 131072    2.116
09:12:27.427 VLLM::W        388784  nvme1n1 RS   1739860224 131072    2.171
09:12:27.427 VLLM::W        388784  nvme1n1 RS   1739859712 131072    2.208
09:12:27.427 VLLM::W        388784  nvme1n1 RS   1739860480 131072    2.212
09:12:27.427 VLLM::W        388784  nvme1n1 RS   1739860736 131072    2.250
09:12:27.427 VLLM::W        388784  nvme1n1 RS   1739860992 131072    2.260
09:12:27.427 VLLM::W        388784  nvme1n1 RS   1739861504 131072    2.298
09:12:27.427 VLLM::W        388784  nvme1n1 RS   1739861248 131072    2.362
09:12:27.427 VLLM::W        388784  nvme1n1 RS   1739862272 131072    2.388
09:12:27.427 VLLM::W        388784  nvme1n1 RS   1739862016 131072    2.411
09:12:27.427 VLLM::W        388784  nvme1n1 RS   1739861760 131072    2.427
09:12:27.427 VLLM::W        388782  nvme1n1 RS   1739469056 131072    1.910
09:12:27.427 VLLM::W        388782  nvme1n1 RS   1739469312 131072    1.920
09:12:27.427 VLLM::W        388782  nvme1n1 RS   1739468800 131072    2.040
09:12:27.427 VLLM::W        388782  nvme1n1 RS   1739469568 131072    2.052
09:12:27.427 VLLM::W        388782  nvme1n1 RS   1739469824 131072    2.068
09:12:27.427 VLLM::W        388782  nvme1n1 RS   1739470080 131072    2.088
09:12:27.427 VLLM::W        388782  nvme1n1 RS   1739470336 131072    2.098
09:12:27.427 VLLM::W        388782  nvme1n1 RS   1739470848 131072    2.112
09:12:27.427 VLLM::W        388782  nvme1n1 RS   1739470592 131072    2.129
09:12:27.427 VLLM::W        388782  nvme1n1 RS   1739471360 131072    2.184
09:12:27.427 VLLM::W        388782  nvme1n1 RS   1739471104 131072    2.202
09:12:27.427 VLLM::W        388782  nvme1n1 RS   1739471616 131072    2.211
09:12:27.428 VLLM::W        388782  nvme1n1 RS   1739471872 131072    2.237
09:12:27.428 VLLM::W        388782  nvme1n1 RS   1739472128 131072    2.268
09:12:27.428 VLLM::W        388782  nvme1n1 RS   1739472384 131072    2.316
09:12:27.428 VLLM::W        388782  nvme1n1 RS   1739472640 131072    2.334
09:12:27.428 VLLM::W        388782  nvme1n1 RS   1739472896 131072    2.387
09:12:27.428 VLLM::W        388782  nvme1n1 RS   1739473152 131072    2.398
09:12:27.428 VLLM::W        388781  nvme1n1 RS   1738371072 131072    1.905
09:12:27.428 VLLM::W        388781  nvme1n1 RS   1738371328 131072    1.933
09:12:27.428 VLLM::W        388781  nvme1n1 RS   1738371584 131072    1.963
09:12:27.428 VLLM::W        388781  nvme1n1 RS   1738371840 131072    2.008
09:12:27.428 VLLM::W        388781  nvme1n1 RS   1738372096 131072    2.065
09:12:27.428 VLLM::W        388781  nvme1n1 RS   1738372352 131072    2.103
09:12:27.428 VLLM::W        388781  nvme1n1 RS   1738372608 131072    2.100
09:12:27.428 VLLM::W        388781  nvme1n1 RS   1738372864 131072    2.092
09:12:27.428 VLLM::W        388781  nvme1n1 RS   1738373120 131072    2.125
09:12:27.428 VLLM::W        388781  nvme1n1 RS   1738373376 131072    2.164
09:12:27.428 VLLM::W        388781  nvme1n1 RS   1738373632 131072    2.193
09:12:27.428 VLLM::W        388781  nvme1n1 RS   1738373888 131072    2.219
09:12:27.428 VLLM::W        388781  nvme1n1 RS   1738374400 131072    2.294
09:12:27.428 VLLM::W        388781  nvme1n1 RS   1738374144 131072    2.311
09:12:27.428 VLLM::W        388781  nvme1n1 RS   1738374656 131072    2.335
09:12:27.428 VLLM::W        388781  nvme1n1 RS   1738374912 131072    2.339
09:12:27.428 VLLM::W        388781  nvme1n1 RS   1739854080 131072    2.391
09:12:27.428 VLLM::W        388781  nvme1n1 RS   1739853824 131072    2.425
09:12:27.429 VLLM::W        388783  nvme1n1 RS   1739476992 131072    1.866
09:12:27.429 VLLM::W        388783  nvme1n1 RS   1739477504 131072    1.864
09:12:27.429 VLLM::W        388783  nvme1n1 RS   1739477760 131072    1.862
09:12:27.429 VLLM::W        388783  nvme1n1 RS   1739477248 131072    1.911
09:12:27.429 VLLM::W        388783  nvme1n1 RS   1739478272 131072    1.941
09:12:27.429 VLLM::W        388783  nvme1n1 RS   1739478528 131072    1.948
09:12:27.429 VLLM::W        388783  nvme1n1 RS   1739478016 131072    1.976
09:12:27.429 VLLM::W        388783  nvme1n1 RS   1739478784 131072    1.990
09:12:27.429 VLLM::W        388783  nvme1n1 RS   1739479040 131072    2.002
09:12:27.429 VLLM::W        388783  nvme1n1 RS   1739479296 131072    2.034
09:12:27.429 VLLM::W        388783  nvme1n1 RS   1739479552 131072    2.058
09:12:27.429 VLLM::W        388783  nvme1n1 RS   1739479808 131072    2.087
09:12:27.429 VLLM::W        388783  nvme1n1 RS   1739480064 131072    2.114
09:12:27.429 VLLM::W        388783  nvme1n1 RS   1739480320 131072    2.145
09:12:27.429 VLLM::W        388783  nvme1n1 RS   1739480576 131072    2.186
09:12:27.429 VLLM::W        388783  nvme1n1 RS   1739480832 131072    2.209
09:12:27.429 VLLM::W        388783  nvme1n1 RS   1739481088 131072    2.243
09:12:27.429 VLLM::W        388783  nvme1n1 RS   1739481344 131072    2.271
09:12:27.429 VLLM::W        388784  nvme1n1 RS   1736261632 131072    1.997
09:12:27.429 VLLM::W        388784  nvme1n1 RS   1736261888 131072    1.998
09:12:27.429 VLLM::W        388784  nvme1n1 RS   1736262144 131072    1.995
09:12:27.429 VLLM::W        388784  nvme1n1 RS   1736262400 131072    1.993
09:12:27.429 VLLM::W        388784  nvme1n1 RS   1736262656 131072    2.012
09:12:27.429 VLLM::W        388784  nvme1n1 RS   1736262912 131072    2.061
09:12:27.429 VLLM::W        388784  nvme1n1 RS   1736263168 131072    2.113
09:12:27.429 VLLM::W        388784  nvme1n1 RS   1736263424 131072    2.086
09:12:27.429 VLLM::W        388784  nvme1n1 RS   1736263680 131072    2.130
09:12:27.429 VLLM::W        388784  nvme1n1 RS   1736263936 131072    2.135
09:12:27.430 VLLM::W        388784  nvme1n1 RS   1736264192 131072    2.245
09:12:27.430 VLLM::W        388784  nvme1n1 RS   1736264448 131072    2.263
09:12:27.430 VLLM::W        388784  nvme1n1 RS   1736264704 131072    2.288
09:12:27.430 VLLM::W        388784  nvme1n1 RS   1736264960 131072    2.310
09:12:27.430 VLLM::W        388784  nvme1n1 RS   1736265216 131072    2.317
09:12:27.430 VLLM::W        388784  nvme1n1 RS   1736265472 131072    2.330
09:12:27.430 VLLM::W        388784  nvme1n1 RS   1736294400 131072    2.391
09:12:27.430 VLLM::W        388784  nvme1n1 RS   1736294656 131072    2.415
09:12:27.430 VLLM::W        388782  nvme1n1 RS   1739546624 131072    1.916
09:12:27.430 VLLM::W        388782  nvme1n1 RS   1739546880 131072    1.948
09:12:27.430 VLLM::W        388782  nvme1n1 RS   1739547136 131072    1.981
09:12:27.430 VLLM::W        388782  nvme1n1 RS   1739547392 131072    2.031
09:12:27.430 VLLM::W        388782  nvme1n1 RS   1739547648 131072    2.069
09:12:27.430 VLLM::W        388782  nvme1n1 RS   1739547904 131072    2.127
09:12:27.430 VLLM::W        388782  nvme1n1 RS   1739548160 131072    2.138
09:12:27.430 VLLM::W        388782  nvme1n1 RS   1739548416 131072    2.145
09:12:27.430 VLLM::W        388782  nvme1n1 RS   1739548928 131072    2.195
09:12:27.430 VLLM::W        388782  nvme1n1 RS   1739548672 131072    2.218
09:12:27.430 VLLM::W        388782  nvme1n1 RS   1739549184 131072    2.221
09:12:27.430 VLLM::W        388782  nvme1n1 RS   1739549440 131072    2.246
09:12:27.430 VLLM::W        388782  nvme1n1 RS   1739549952 131072    2.320
09:12:27.430 VLLM::W        388782  nvme1n1 RS   1739549696 131072    2.345
09:12:27.430 VLLM::W        388782  nvme1n1 RS   1739550208 131072    2.354
09:12:27.430 VLLM::W        388782  nvme1n1 RS   1739550464 131072    2.370
09:12:27.430 VLLM::W        388782  nvme1n1 RS   1739485440 131072    2.436
09:12:27.430 VLLM::W        388782  nvme1n1 RS   1739485184 131072    2.451
09:12:27.430 VLLM::W        388781  nvme1n1 RS   1740087296 131072    1.858
09:12:27.431 VLLM::W        388781  nvme1n1 RS   1740087552 131072    1.955
09:12:27.431 VLLM::W        388781  nvme1n1 RS   1740087808 131072    1.980
09:12:27.431 VLLM::W        388781  nvme1n1 RS   1740088064 131072    1.986
09:12:27.431 VLLM::W        388781  nvme1n1 RS   1740088320 131072    2.058
09:12:27.431 VLLM::W        388781  nvme1n1 RS   1740088576 131072    2.063
09:12:27.431 VLLM::W        388781  nvme1n1 RS   1740088832 131072    2.067
09:12:27.431 VLLM::W        388781  nvme1n1 RS   1740089344 131072    2.105
09:12:27.431 VLLM::W        388781  nvme1n1 RS   1740089088 131072    2.128
09:12:27.431 VLLM::W        388781  nvme1n1 RS   1740089600 131072    2.136
09:12:27.431 VLLM::W        388781  nvme1n1 RS   1740089856 131072    2.189
09:12:27.431 VLLM::W        388781  nvme1n1 RS   1740090112 131072    2.194
09:12:27.431 VLLM::W        388781  nvme1n1 RS   1740090368 131072    2.250
09:12:27.431 VLLM::W        388781  nvme1n1 RS   1740090624 131072    2.264
09:12:27.431 VLLM::W        388781  nvme1n1 RS   1740090880 131072    2.289
09:12:27.431 VLLM::W        388781  nvme1n1 RS   1740091136 131072    2.287
09:12:27.431 VLLM::W        388781  nvme1n1 RS   1740275712 131072    2.318
09:12:27.431 VLLM::W        388781  nvme1n1 RS   1740275968 131072    2.399
09:12:27.431 VLLM::W        388783  nvme1n1 RS   1736265728 131072    1.868
09:12:27.431 VLLM::W        388783  nvme1n1 RS   1736266240 131072    1.925
09:12:27.431 VLLM::W        388783  nvme1n1 RS   1736265984 131072    1.955
09:12:27.431 VLLM::W        388783  nvme1n1 RS   1736266496 131072    1.956
09:12:27.431 VLLM::W        388783  nvme1n1 RS   1736266752 131072    1.989
09:12:27.431 VLLM::W        388783  nvme1n1 RS   1736267008 131072    2.024
09:12:27.431 VLLM::W        388783  nvme1n1 RS   1736267264 131072    2.149
09:12:27.431 VLLM::W        388783  nvme1n1 RS   1736267776 131072    2.122
09:12:27.431 VLLM::W        388783  nvme1n1 RS   1736267520 131072    2.146
09:12:27.431 VLLM::W        388783  nvme1n1 RS   1736268032 131072    2.154
09:12:27.431 VLLM::W        388783  nvme1n1 RS   1736268288 131072    2.190
09:12:27.431 VLLM::W        388783  nvme1n1 RS   1736268544 131072    2.201
09:12:27.432 VLLM::W        388783  nvme1n1 RS   1736269056 131072    2.281
09:12:27.432 VLLM::W        388783  nvme1n1 RS   1736268800 131072    2.300
09:12:27.432 VLLM::W        388783  nvme1n1 RS   1736269312 131072    2.308
09:12:27.432 VLLM::W        388783  nvme1n1 RS   1736269568 131072    2.370
09:12:27.432 VLLM::W        388783  nvme1n1 RS   1736298496 131072    2.387
09:12:27.432 VLLM::W        388783  nvme1n1 RS   1736298752 131072    2.399
09:12:27.432 VLLM::W        388784  nvme1n1 RS   1739407360 131072    1.841
09:12:27.432 VLLM::W        388784  nvme1n1 RS   1739407616 131072    1.865
09:12:27.432 VLLM::W        388784  nvme1n1 RS   1739407872 131072    1.893
09:12:27.432 VLLM::W        388784  nvme1n1 RS   1739408128 131072    1.958
09:12:27.432 VLLM::W        388784  nvme1n1 RS   1739408384 131072    1.970
09:12:27.432 VLLM::W        388784  nvme1n1 RS   1739408640 131072    2.026
09:12:27.432 VLLM::W        388784  nvme1n1 RS   1739408896 131072    2.041
09:12:27.432 VLLM::W        388784  nvme1n1 RS   1739409152 131072    2.025
09:12:27.432 VLLM::W        388784  nvme1n1 RS   1739409408 131072    2.056
09:12:27.432 VLLM::W        388784  nvme1n1 RS   1739409664 131072    2.086
09:12:27.432 VLLM::W        388784  nvme1n1 RS   1739409920 131072    2.120
09:12:27.432 VLLM::W        388784  nvme1n1 RS   1739410176 131072    2.153
09:12:27.432 VLLM::W        388784  nvme1n1 RS   1739410432 131072    2.187
09:12:27.432 VLLM::W        388784  nvme1n1 RS   1739410688 131072    2.219
09:12:27.432 VLLM::W        388784  nvme1n1 RS   1739410944 131072    2.246
09:12:27.432 VLLM::W        388784  nvme1n1 RS   1739411200 131072    2.271
09:12:27.432 VLLM::W        388784  nvme1n1 RS   1739411456 131072    2.337
09:12:27.432 VLLM::W        388784  nvme1n1 RS   1739411712 131072    2.343
09:12:27.432 VLLM::W        388782  nvme1n1 RS   1739366400 131072    1.946
09:12:27.432 VLLM::W        388782  nvme1n1 RS   1739366656 131072    1.950
09:12:27.432 VLLM::W        388782  nvme1n1 RS   1739366912 131072    1.986
09:12:27.433 VLLM::W        388782  nvme1n1 RS   1739367168 131072    2.008
09:12:27.433 VLLM::W        388782  nvme1n1 RS   1739367424 131072    2.044
09:12:27.433 VLLM::W        388782  nvme1n1 RS   1739367680 131072    2.101
09:12:27.433 VLLM::W        388782  nvme1n1 RS   1739367936 131072    2.133
09:12:27.433 VLLM::W        388782  nvme1n1 RS   1739368192 131072    2.109
09:12:27.433 VLLM::W        388782  nvme1n1 RS   1739368448 131072    2.139
09:12:27.433 VLLM::W        388782  nvme1n1 RS   1739368704 131072    2.171
09:12:27.433 VLLM::W        388782  nvme1n1 RS   1739368960 131072    2.206
09:12:27.433 VLLM::W        388782  nvme1n1 RS   1739369216 131072    2.244
09:12:27.433 VLLM::W        388782  nvme1n1 RS   1739369472 131072    2.282
09:12:27.433 VLLM::W        388782  nvme1n1 RS   1739369728 131072    2.318
09:12:27.433 VLLM::W        388782  nvme1n1 RS   1739369984 131072    2.362
09:12:27.433 VLLM::W        388782  nvme1n1 RS   1739370240 131072    2.383
09:12:27.433 VLLM::W        388782  nvme1n1 RS   1739370496 131072    2.412
09:12:27.433 VLLM::W        388782  nvme1n1 RS   1739370752 131072    2.439
09:12:27.433 VLLM::W        388781  nvme1n1 RS   1739538432 131072    1.856
09:12:27.433 VLLM::W        388781  nvme1n1 RS   1739538688 131072    1.886
09:12:27.433 VLLM::W        388781  nvme1n1 RS   1739538944 131072    1.934
09:12:27.433 VLLM::W        388781  nvme1n1 RS   1739539200 131072    1.954
09:12:27.433 VLLM::W        388781  nvme1n1 RS   1739539456 131072    2.007
09:12:27.433 VLLM::W        388781  nvme1n1 RS   1739539712 131072    2.027
09:12:27.433 VLLM::W        388781  nvme1n1 RS   1739539968 131072    2.038
09:12:27.433 VLLM::W        388781  nvme1n1 RS   1739540224 131072    2.012
09:12:27.433 VLLM::W        388781  nvme1n1 RS   1739540480 131072    2.044
09:12:27.433 VLLM::W        388781  nvme1n1 RS   1739540736 131072    2.073
09:12:27.433 VLLM::W        388781  nvme1n1 RS   1739540992 131072    2.117
09:12:27.433 VLLM::W        388781  nvme1n1 RS   1739541248 131072    2.145
09:12:27.434 VLLM::W        388781  nvme1n1 RS   1739541504 131072    2.178
09:12:27.434 VLLM::W        388781  nvme1n1 RS   1739541760 131072    2.206
09:12:27.434 VLLM::W        388781  nvme1n1 RS   1739542016 131072    2.247
09:12:27.434 VLLM::W        388781  nvme1n1 RS   1739542272 131072    2.270
09:12:27.434 VLLM::W        388781  nvme1n1 RS   1739542528 131072    2.303
09:12:27.434 VLLM::W        388781  nvme1n1 RS   1739542784 131072    2.343
09:12:27.434 VLLM::W        388783  nvme1n1 RS   21794816   131072    1.880
09:12:27.434 VLLM::W        388783  nvme1n1 RS   21795072   131072    1.909
09:12:27.434 VLLM::W        388783  nvme1n1 RS   21795328   131072    1.945
09:12:27.434 VLLM::W        388783  nvme1n1 RS   21795584   131072    1.969
09:12:27.434 VLLM::W        388783  nvme1n1 RS   21795840   131072    2.039
09:12:27.434 VLLM::W        388783  nvme1n1 RS   21796096   131072    2.070
09:12:27.434 VLLM::W        388783  nvme1n1 RS   21796352   131072    2.101
09:12:27.434 VLLM::W        388783  nvme1n1 RS   21796608   131072    2.077
09:12:27.434 VLLM::W        388783  nvme1n1 RS   21796864   131072    2.107
09:12:27.434 VLLM::W        388783  nvme1n1 RS   21797120   131072    2.140
09:12:27.434 VLLM::W        388783  nvme1n1 RS   21797376   131072    2.170
09:12:27.434 VLLM::W        388783  nvme1n1 RS   21797632   131072    2.208
09:12:27.434 VLLM::W        388783  nvme1n1 RS   21797888   131072    2.243
09:12:27.434 VLLM::W        388783  nvme1n1 RS   21798144   131072    2.285
09:12:27.434 VLLM::W        388783  nvme1n1 RS   21798656   131072    2.334
09:12:27.434 VLLM::W        388783  nvme1n1 RS   21798400   131072    2.385
09:12:27.434 VLLM::W        388783  nvme1n1 RS   730161152  131072    2.372
09:12:27.434 VLLM::W        388783  nvme1n1 RS   730161408  131072    2.382
09:12:27.435 VLLM::W        388784  nvme1n1 RS   1739415552 131072    2.034
09:12:27.435 VLLM::W        388784  nvme1n1 RS   1739416064 131072    2.033
09:12:27.435 VLLM::W        388784  nvme1n1 RS   1739415808 131072    2.037
09:12:27.435 VLLM::W        388784  nvme1n1 RS   1739416320 131072    2.041
09:12:27.435 VLLM::W        388784  nvme1n1 RS   1739416832 131072    2.085
09:12:27.435 VLLM::W        388784  nvme1n1 RS   1739417088 131072    2.099
09:12:27.435 VLLM::W        388784  nvme1n1 RS   1739416576 131072    2.114
09:12:27.435 VLLM::W        388784  nvme1n1 RS   1739417344 131072    2.101
09:12:27.435 VLLM::W        388784  nvme1n1 RS   1739417856 131072    2.140
09:12:27.435 VLLM::W        388784  nvme1n1 RS   1739418112 131072    2.174
09:12:27.435 VLLM::W        388784  nvme1n1 RS   1739418368 131072    2.201
09:12:27.435 VLLM::W        388784  nvme1n1 RS   1739418624 131072    2.248
09:12:27.435 VLLM::W        388784  nvme1n1 RS   1739417600 131072    2.279
09:12:27.435 VLLM::W        388784  nvme1n1 RS   1739418880 131072    2.277
09:12:27.435 VLLM::W        388784  nvme1n1 RS   1739419136 131072    2.315
09:12:27.435 VLLM::W        388784  nvme1n1 RS   1739419392 131072    2.345
09:12:27.435 VLLM::W        388784  nvme1n1 RS   1739419648 131072    2.402
09:12:27.435 VLLM::W        388784  nvme1n1 RS   1739419904 131072    2.408
09:12:27.435 VLLM::W        388782  nvme1n1 RS   1739374592 131072    1.947
09:12:27.435 VLLM::W        388782  nvme1n1 RS   1739374848 131072    1.950
09:12:27.435 VLLM::W        388782  nvme1n1 RS   1739375104 131072    1.976
09:12:27.435 VLLM::W        388782  nvme1n1 RS   1739375360 131072    2.003
09:12:27.435 VLLM::W        388782  nvme1n1 RS   1739375616 131072    2.060
09:12:27.435 VLLM::W        388782  nvme1n1 RS   1739375872 131072    2.077
09:12:27.435 VLLM::W        388782  nvme1n1 RS   1739376128 131072    2.135
09:12:27.435 VLLM::W        388782  nvme1n1 RS   1739376384 131072    2.137
09:12:27.435 VLLM::W        388782  nvme1n1 RS   1739376640 131072    2.147
09:12:27.435 VLLM::W        388782  nvme1n1 RS   1739376896 131072    2.176
09:12:27.435 VLLM::W        388782  nvme1n1 RS   1739377152 131072    2.213
09:12:27.435 VLLM::W        388782  nvme1n1 RS   1739377408 131072    2.245
09:12:27.435 VLLM::W        388782  nvme1n1 RS   1739377664 131072    2.273
09:12:27.436 VLLM::W        388782  nvme1n1 RS   1739377920 131072    2.301
09:12:27.436 VLLM::W        388782  nvme1n1 RS   1739378176 131072    2.338
09:12:27.436 VLLM::W        388782  nvme1n1 RS   1739378432 131072    2.365
09:12:27.436 VLLM::W        388782  nvme1n1 RS   1739378688 131072    2.401
09:12:27.436 VLLM::W        388782  nvme1n1 RS   1739378944 131072    2.442
09:12:27.436 VLLM::W        388781  nvme1n1 RS   1739522048 131072    1.886
09:12:27.436 VLLM::W        388781  nvme1n1 RS   1739522304 131072    1.917
09:12:27.436 VLLM::W        388781  nvme1n1 RS   1739522560 131072    1.946
09:12:27.436 VLLM::W        388781  nvme1n1 RS   1739522816 131072    1.983
09:12:27.436 VLLM::W        388781  nvme1n1 RS   1739523072 131072    2.023
09:12:27.436 VLLM::W        388781  nvme1n1 RS   1739523328 131072    2.040
09:12:27.436 VLLM::W        388781  nvme1n1 RS   1739523584 131072    2.078
09:12:27.436 VLLM::W        388781  nvme1n1 RS   1739523840 131072    2.076
09:12:27.436 VLLM::W        388781  nvme1n1 RS   1739524096 131072    2.110
09:12:27.436 VLLM::W        388781  nvme1n1 RS   1739524352 131072    2.137
09:12:27.436 VLLM::W        388781  nvme1n1 RS   1739524608 131072    2.179
09:12:27.436 VLLM::W        388781  nvme1n1 RS   1739524864 131072    2.204
09:12:27.436 VLLM::W        388781  nvme1n1 RS   1739525376 131072    2.283
09:12:27.436 VLLM::W        388781  nvme1n1 RS   1739525120 131072    2.308
09:12:27.436 VLLM::W        388781  nvme1n1 RS   1739525632 131072    2.313
09:12:27.436 VLLM::W        388781  nvme1n1 RS   1739525888 131072    2.344
09:12:27.436 VLLM::W        388781  nvme1n1 RS   1739526144 131072    2.397
09:12:27.436 VLLM::W        388781  nvme1n1 RS   1739526400 131072    2.405
09:12:27.437 VLLM::W        388783  nvme1n1 RS   1737277696 131072    2.086
09:12:27.437 VLLM::W        388783  nvme1n1 RS   1737277952 131072    2.087
09:12:27.437 VLLM::W        388783  nvme1n1 RS   1737277440 131072    2.095
09:12:27.437 VLLM::W        388783  nvme1n1 RS   1737278208 131072    2.086
09:12:27.437 VLLM::W        388783  nvme1n1 RS   1737278464 131072    2.084
09:12:27.437 VLLM::W        388783  nvme1n1 RS   1737278720 131072    2.101
09:12:27.437 VLLM::W        388783  nvme1n1 RS   1737278976 131072    2.107
09:12:27.437 VLLM::W        388783  nvme1n1 RS   1737279232 131072    2.147
09:12:27.437 VLLM::W        388783  nvme1n1 RS   1737279488 131072    2.159
09:12:27.437 VLLM::W        388783  nvme1n1 RS   1737279744 131072    2.184
09:12:27.437 VLLM::W        388783  nvme1n1 RS   1737280000 131072    2.213
09:12:27.437 VLLM::W        388783  nvme1n1 RS   1737280256 131072    2.244
09:12:27.437 VLLM::W        388783  nvme1n1 RS   1737280512 131072    2.269
09:12:27.437 VLLM::W        388783  nvme1n1 RS   1737280768 131072    2.302
09:12:27.437 VLLM::W        388783  nvme1n1 RS   1737281024 131072    2.337
09:12:27.437 VLLM::W        388783  nvme1n1 RS   1737281280 131072    2.363
09:12:27.437 VLLM::W        388783  nvme1n1 RS   1737281536 131072    2.396
09:12:27.437 VLLM::W        388783  nvme1n1 RS   1737281792 131072    2.427
09:12:27.437 VLLM::W        388784  nvme1n1 RS   1739358208 131072    1.861
09:12:27.437 VLLM::W        388784  nvme1n1 RS   1739358464 131072    1.903
09:12:27.437 VLLM::W        388784  nvme1n1 RS   1739358720 131072    1.921
09:12:27.437 VLLM::W        388784  nvme1n1 RS   1739358976 131072    1.956
09:12:27.437 VLLM::W        388784  nvme1n1 RS   1739359232 131072    1.994
09:12:27.437 VLLM::W        388784  nvme1n1 RS   1739359488 131072    2.064
09:12:27.437 VLLM::W        388784  nvme1n1 RS   1739359744 131072    2.088
09:12:27.437 VLLM::W        388784  nvme1n1 RS   1739360000 131072    2.082
09:12:27.437 VLLM::W        388784  nvme1n1 RS   1739360256 131072    2.092
09:12:27.437 VLLM::W        388784  nvme1n1 RS   1739360512 131072    2.144
09:12:27.437 VLLM::W        388784  nvme1n1 RS   1739360768 131072    2.154
09:12:27.437 VLLM::W        388784  nvme1n1 RS   1739361024 131072    2.190
09:12:27.437 VLLM::W        388784  nvme1n1 RS   1739361280 131072    2.227
09:12:27.438 VLLM::W        388784  nvme1n1 RS   1739361536 131072    2.257
09:12:27.438 VLLM::W        388784  nvme1n1 RS   1739361792 131072    2.285
09:12:27.438 VLLM::W        388784  nvme1n1 RS   1739362048 131072    2.288
09:12:27.438 VLLM::W        388784  nvme1n1 RS   1739362304 131072    2.350
09:12:27.438 VLLM::W        388784  nvme1n1 RS   1739362560 131072    2.362
09:12:27.438 VLLM::W        388782  nvme1n1 RS   1736409088 131072    1.947
09:12:27.438 VLLM::W        388782  nvme1n1 RS   1736409344 131072    1.963
09:12:27.438 VLLM::W        388782  nvme1n1 RS   1736409600 131072    1.968
09:12:27.438 VLLM::W        388782  nvme1n1 RS   1736409856 131072    2.005
09:12:27.438 VLLM::W        388782  nvme1n1 RS   1736410112 131072    2.038
09:12:27.438 VLLM::W        388782  nvme1n1 RS   1736410368 131072    2.071
09:12:27.438 VLLM::W        388782  nvme1n1 RS   1736410880 131072    2.105
09:12:27.438 VLLM::W        388782  nvme1n1 RS   1736410624 131072    2.149
09:12:27.438 VLLM::W        388782  nvme1n1 RS   1736411136 131072    2.141
09:12:27.438 VLLM::W        388782  nvme1n1 RS   1736411392 131072    2.188
09:12:27.438 VLLM::W        388782  nvme1n1 RS   1736411648 131072    2.240
09:12:27.438 VLLM::W        388782  nvme1n1 RS   1736411904 131072    2.262
09:12:27.438 VLLM::W        388782  nvme1n1 RS   1736412160 131072    2.273
09:12:27.438 VLLM::W        388782  nvme1n1 RS   1736412416 131072    2.330
09:12:27.438 VLLM::W        388782  nvme1n1 RS   1736412672 131072    2.372
09:12:27.438 VLLM::W        388782  nvme1n1 RS   1736412928 131072    2.373
09:12:27.438 VLLM::W        388782  nvme1n1 RS   1736413184 131072    2.412
09:12:27.438 VLLM::W        388782  nvme1n1 RS   1736413440 131072    2.466
09:12:27.438 VLLM::W        388781  nvme1n1 RS   1739530496 131072    1.926
09:12:27.438 VLLM::W        388781  nvme1n1 RS   1739530240 131072    1.953
09:12:27.438 VLLM::W        388781  nvme1n1 RS   1739530752 131072    1.943
09:12:27.439 VLLM::W        388781  nvme1n1 RS   1739531264 131072    2.001
09:12:27.439 VLLM::W        388781  nvme1n1 RS   1739531008 131072    2.041
09:12:27.439 VLLM::W        388781  nvme1n1 RS   1739531776 131072    2.067
09:12:27.439 VLLM::W        388781  nvme1n1 RS   1739531520 131072    2.108
09:12:27.439 VLLM::W        388781  nvme1n1 RS   1739532032 131072    2.098
09:12:27.439 VLLM::W        388781  nvme1n1 RS   1739532288 131072    2.137
09:12:27.439 VLLM::W        388781  nvme1n1 RS   1739532544 131072    2.148
09:12:27.439 VLLM::W        388781  nvme1n1 RS   1739532800 131072    2.174
09:12:27.439 VLLM::W        388781  nvme1n1 RS   1739533056 131072    2.215
09:12:27.439 VLLM::W        388781  nvme1n1 RS   1739533312 131072    2.243
09:12:27.439 VLLM::W        388781  nvme1n1 RS   1739533568 131072    2.272
09:12:27.439 VLLM::W        388781  nvme1n1 RS   1739533824 131072    2.310
09:12:27.439 VLLM::W        388781  nvme1n1 RS   1739534080 131072    2.341
09:12:27.439 VLLM::W        388781  nvme1n1 RS   1739534336 131072    2.362
09:12:27.439 VLLM::W        388781  nvme1n1 RS   1739534592 131072    2.399
09:12:27.439 VLLM::W        388783  nvme1n1 RS   1739554816 131072    1.875
09:12:27.439 VLLM::W        388783  nvme1n1 RS   1739555072 131072    1.876
09:12:27.439 VLLM::W        388783  nvme1n1 RS   1739555328 131072    1.892
09:12:27.439 VLLM::W        388783  nvme1n1 RS   1739555584 131072    1.920
09:12:27.439 VLLM::W        388783  nvme1n1 RS   1739555840 131072    1.981
09:12:27.439 VLLM::W        388783  nvme1n1 RS   1739556096 131072    1.991
09:12:27.439 VLLM::W        388783  nvme1n1 RS   1739556352 131072    2.028
09:12:27.439 VLLM::W        388783  nvme1n1 RS   1739556608 131072    2.036
09:12:27.439 VLLM::W        388783  nvme1n1 RS   1739556864 131072    2.055
09:12:27.439 VLLM::W        388783  nvme1n1 RS   1739557120 131072    2.091
09:12:27.439 VLLM::W        388783  nvme1n1 RS   1739557376 131072    2.122
09:12:27.439 VLLM::W        388783  nvme1n1 RS   1739557632 131072    2.155
09:12:27.440 VLLM::W        388783  nvme1n1 RS   1739557888 131072    2.225
09:12:27.440 VLLM::W        388783  nvme1n1 RS   1739558144 131072    2.235
09:12:27.440 VLLM::W        388783  nvme1n1 RS   1739558400 131072    2.265
09:12:27.440 VLLM::W        388783  nvme1n1 RS   1739558656 131072    2.280
09:12:27.440 VLLM::W        388783  nvme1n1 RS   1739558912 131072    2.314
09:12:27.440 VLLM::W        388783  nvme1n1 RS   1739559168 131072    2.342
09:12:27.716 python3        388783  nvme1n1 WS   730411008  131072    0.176
09:12:27.716 python3        388783  nvme1n1 WS   730411264  131072    0.236
09:12:27.716 python3        388783  nvme1n1 WS   730411520  131072    0.316
09:12:27.717 python3        388783  nvme1n1 WS   730411776  131072    0.396
09:12:27.717 python3        388783  nvme1n1 WS   730412032  131072    0.473
09:12:27.717 python3        388783  nvme1n1 WS   730412288  131072    0.550
09:12:27.717 python3        388783  nvme1n1 WS   730412544  131072    0.627
09:12:27.717 python3        388783  nvme1n1 WS   730412800  131072    0.671
09:12:27.717 python3        388783  nvme1n1 WS   730413056  131072    0.766
09:12:27.717 python3        388783  nvme1n1 WS   730413312  131072    0.837
09:12:27.717 python3        388783  nvme1n1 WS   730413568  131072    0.939
09:12:27.717 python3        388783  nvme1n1 WS   730413824  131072    0.993
09:12:27.717 python3        388783  nvme1n1 WS   730414080  131072    1.120
09:12:27.717 python3        388783  nvme1n1 WS   730414336  131072    1.143
09:12:27.717 python3        388783  nvme1n1 WS   730414592  131072    1.271
09:12:27.718 python3        388783  nvme1n1 WS   730414848  131072    1.292
09:12:27.718 python3        388783  nvme1n1 WS   730415104  131072    1.382
09:12:27.718 python3        388783  nvme1n1 WS   730415360  131072    1.447
09:12:27.718 python3        388782  nvme1n1 WS   722563072  131072    0.965
09:12:27.718 python3        388782  nvme1n1 WS   722563328  131072    1.044
09:12:27.718 python3        388782  nvme1n1 WS   722563584  131072    1.130
09:12:27.718 python3        388782  nvme1n1 WS   722563840  131072    1.203
09:12:27.718 python3        388782  nvme1n1 WS   722564096  131072    1.282
09:12:27.718 python3        388782  nvme1n1 WS   722564352  131072    1.364
09:12:27.718 python3        388782  nvme1n1 WS   722564608  131072    1.446
09:12:27.718 python3        388784  nvme1n1 WS   39723008   131072    1.532
09:12:27.718 python3        388784  nvme1n1 WS   39723264   131072    1.588
09:12:27.719 python3        388782  nvme1n1 WS   722564864  131072    1.639
09:12:27.719 python3        388782  nvme1n1 WS   722565120  131072    1.719
09:12:27.719 python3        388782  nvme1n1 WS   722565376  131072    1.797
09:12:27.719 python3        388782  nvme1n1 WS   722565632  131072    1.877
09:12:27.719 python3        388784  nvme1n1 WS   39723520   131072    1.959
09:12:27.719 python3        388781  nvme1n1 WS   722567168  131072    2.038
09:12:27.719 python3        388782  nvme1n1 WS   722565888  131072    2.113
09:12:27.719 python3        388782  nvme1n1 WS   722566144  131072    2.186
09:12:27.719 python3        388782  nvme1n1 WS   722566400  131072    2.260
09:12:27.719 python3        388782  nvme1n1 WS   722566656  131072    2.334
09:12:27.719 python3        388784  nvme1n1 WS   39723776   131072    2.426
09:12:27.719 python3        388781  nvme1n1 WS   722567424  131072    2.497
09:12:27.719 python3        388784  nvme1n1 WS   39724032   131072    2.573
09:12:27.720 python3        388781  nvme1n1 WS   722567680  131072    2.650
09:12:27.720 python3        388784  nvme1n1 WS   39724288   131072    2.726
09:12:27.720 python3        388781  nvme1n1 WS   722567936  131072    2.799
09:12:27.720 python3        388784  nvme1n1 WS   39724544   131072    2.874
09:12:27.720 python3        388784  nvme1n1 WS   722571264  131072    2.967
09:12:27.720 python3        388784  nvme1n1 WS   722571520  131072    3.033
09:12:27.720 python3        388784  nvme1n1 WS   722571776  131072    3.107
09:12:27.720 python3        388784  nvme1n1 WS   722572032  131072    3.180
09:12:27.720 python3        388784  nvme1n1 WS   722572288  131072    3.254
09:12:27.720 python3        388781  nvme1n1 WS   722568192  131072    3.342
09:12:27.720 python3        388781  nvme1n1 WS   722568448  131072    3.417
09:12:27.720 python3        388781  nvme1n1 WS   722568704  131072    3.487
09:12:27.721 python3        388782  nvme1n1 WS   722566912  131072    3.568
09:12:27.721 python3        388782  nvme1n1 WS   722575360  131072    3.641
09:12:27.721 python3        388782  nvme1n1 WS   722575616  131072    3.716
09:12:27.721 python3        388784  nvme1n1 WS   722572544  131072    3.796
09:12:27.721 python3        388784  nvme1n1 WS   722572800  131072    3.869
09:12:27.721 python3        388784  nvme1n1 WS   39724800   131072    3.900
09:12:27.721 python3        388784  nvme1n1 WS   39725056   131072    3.975
09:12:27.721 python3        388781  nvme1n1 WS   722568960  131072    4.051
09:12:27.721 python3        388784  nvme1n1 WS   39725312   131072    4.120
09:12:27.721 python3        388781  nvme1n1 WS   722569216  131072    4.198
09:12:27.721 python3        388784  nvme1n1 WS   39725568   131072    4.271
09:12:27.721 python3        388781  nvme1n1 WS   722569472  131072    4.348
09:12:27.721 python3        388784  nvme1n1 WS   39725824   131072    4.420
09:12:27.722 python3        388781  nvme1n1 WS   722569728  131072    4.498
09:12:27.722 python3        388784  nvme1n1 WS   39726080   131072    4.575
09:12:27.722 python3        388781  nvme1n1 WS   722569984  131072    4.650
09:12:27.722 python3        388784  nvme1n1 WS   39726336   131072    4.727
09:12:27.722 python3        388781  nvme1n1 WS   722570240  131072    4.801
09:12:27.722 python3        388784  nvme1n1 WS   722573056  131072    4.898
09:12:27.722 python3        388784  nvme1n1 WS   722573312  131072    4.974
09:12:27.722 python3        388784  nvme1n1 WS   722573568  131072    5.050
09:12:27.722 python3        388784  nvme1n1 WS   722573824  131072    5.125
09:12:27.722 python3        388784  nvme1n1 WS   722574080  131072    5.202
09:12:27.722 python3        388784  nvme1n1 WS   722574336  131072    5.277
09:12:27.722 python3        388784  nvme1n1 WS   722574592  131072    5.349
09:12:27.722 python3        388784  nvme1n1 WS   722574848  131072    5.425
09:12:27.723 python3        388784  nvme1n1 WS   1735315456 131072    5.512
09:12:27.723 python3        388784  nvme1n1 WS   1735315712 131072    5.580
09:12:27.723 python3        388784  nvme1n1 WS   1735315968 131072    5.657
09:12:27.723 python3        388784  nvme1n1 WS   1735316224 131072    5.736
09:12:27.723 python3        388784  nvme1n1 WS   1735316480 131072    5.811
09:12:27.723 python3        388781  nvme1n1 WS   722570496  131072    5.905
09:12:27.723 python3        388784  nvme1n1 WS   39726592   131072    5.980
09:12:27.723 python3        388781  nvme1n1 WS   722570752  131072    6.056
09:12:27.723 python3        388782  nvme1n1 WS   39727104   131072    6.141
09:12:27.723 python3        388782  nvme1n1 WS   39727360   131072    6.216
09:12:27.723 python3        388782  nvme1n1 WS   39727616   131072    6.288
09:12:27.723 python3        388782  nvme1n1 WS   39727872   131072    6.363
09:12:27.723 python3        388782  nvme1n1 WS   39728128   131072    6.438
09:12:27.724 python3        388782  nvme1n1 WS   39728384   131072    6.510
09:12:27.724 python3        388782  nvme1n1 WS   39728640   131072    6.588
09:12:27.724 python3        388784  nvme1n1 WS   1735316736 131072    6.715
09:12:27.724 python3        388784  nvme1n1 WS   1735316992 131072    6.792
09:12:27.724 python3        388784  nvme1n1 WS   722575104  131072    6.868
09:12:27.724 python3        388784  nvme1n1 WS   722579456  131072    6.942
09:12:27.724 python3        388784  nvme1n1 WS   722579712  131072    7.018
09:12:27.724 python3        388781  nvme1n1 WS   722571008  131072    7.092
09:12:27.724 python3        388784  nvme1n1 WS   39726848   131072    7.175
09:12:27.724 python3        388781  nvme1n1 WS   722583552  131072    7.250
09:12:27.724 python3        388784  nvme1n1 WS   39731200   131072    7.330
09:12:27.724 python3        388781  nvme1n1 WS   722583808  131072    7.414
09:12:27.725 python3        388784  nvme1n1 WS   39731456   131072    7.488
09:12:27.725 python3        388781  nvme1n1 WS   1557168128 131072    7.564
09:12:27.725 python3        388784  nvme1n1 WS   1735317248 131072    7.638
09:12:27.725 python3        388782  nvme1n1 WS   39728896   131072    7.765
09:12:27.725 python3        388782  nvme1n1 WS   39729152   131072    7.796
09:12:27.725 python3        388781  nvme1n1 WS   1557168384 131072    7.879
09:12:27.725 python3        388784  nvme1n1 WS   1735317504 131072    7.960
09:12:27.725 python3        388781  nvme1n1 WS   1557168640 131072    8.034
09:12:27.725 python3        388781  nvme1n1 WS   1557168896 131072    8.107
09:12:27.725 python3        388781  nvme1n1 WS   1557169152 131072    8.182
09:12:27.725 python3        388781  nvme1n1 WS   1557169408 131072    8.263
09:12:27.725 python3        388781  nvme1n1 WS   1557169664 131072    8.340
09:12:27.726 python3        388784  nvme1n1 WS   1735317760 131072    8.434
09:12:27.726 python3        388784  nvme1n1 WS   1735318016 131072    8.509
09:12:27.726 python3        388784  nvme1n1 WS   1735318272 131072    8.586
09:12:27.726 python3        388784  nvme1n1 WS   1735318528 131072    8.659
09:12:27.726 python3        388784  nvme1n1 WS   1735318784 131072    8.734
09:12:27.726 python3        388784  nvme1n1 WS   1735319040 131072    8.808
09:12:27.726 python3        388784  nvme1n1 WS   1735319296 131072    8.869
09:12:27.726 python3        388782  nvme1n1 WS   39729408   131072    9.034
09:12:27.726 python3        388782  nvme1n1 WS   39729664   131072    9.059
09:12:27.726 python3        388782  nvme1n1 WS   39729920   131072    9.136
09:12:27.726 python3        388782  nvme1n1 WS   39730176   131072    9.211
09:12:27.726 python3        388782  nvme1n1 WS   39730432   131072    9.291
09:12:27.726 python3        388782  nvme1n1 WS   39730688   131072    9.368
09:12:27.727 python3        388781  nvme1n1 WS   722587648  131072    9.503
09:12:27.727 python3        388781  nvme1n1 WS   722587904  131072    9.512
09:12:27.727 python3        388781  nvme1n1 WS   722588160  131072    9.586
09:12:27.727 python3        388784  nvme1n1 WS   1735319552 131072    9.666
09:12:27.727 python3        388784  nvme1n1 WS   1735319808 131072    9.744
09:12:27.727 python3        388782  nvme1n1 WS   39730944   131072    9.835
09:12:27.727 python3        388782  nvme1n1 WS   39735296   131072    9.902
09:12:27.727 python3        388782  nvme1n1 WS   39735552   131072    9.982
09:12:27.727 python3        388781  nvme1n1 WS   722588416  131072   10.064
09:12:27.727 python3        388781  nvme1n1 WS   722588672  131072   10.139
09:12:27.727 python3        388781  nvme1n1 WS   722588928  131072   10.214
09:12:27.727 python3        388783  nvme1n1 WS   1532325888 131072   10.295
09:12:27.728 python3        388781  nvme1n1 WS   722589184  131072   10.375
09:12:27.728 python3        388783  nvme1n1 WS   1532326144 131072   10.451
09:12:27.728 python3        388783  nvme1n1 WS   1532326400 131072   10.527
09:12:27.728 python3        388783  nvme1n1 WS   1532326656 131072   10.599
09:12:27.728 python3        388783  nvme1n1 WS   1532326912 131072   10.674
09:12:27.728 python3        388783  nvme1n1 WS   1532327168 131072   10.749
09:12:27.728 python3        388783  nvme1n1 WS   1532327424 131072   10.826
09:12:27.728 python3        388781  nvme1n1 WS   722589440  131072   10.893
09:12:27.728 python3        388782  nvme1n1 WS   1532321792 131072   11.028
09:12:27.728 python3        388782  nvme1n1 WS   1532322048 131072   11.100
09:12:27.728 python3        388782  nvme1n1 WS   1532322304 131072   11.179
09:12:27.728 python3        388782  nvme1n1 WS   1532322560 131072   11.258
09:12:27.728 python3        388782  nvme1n1 WS   1532322816 131072   11.339
09:12:27.729 python3        388782  nvme1n1 WS   1532323072 131072   11.415
09:12:27.729 python3        388782  nvme1n1 WS   1532323328 131072   11.491
09:12:27.729 python3        388782  nvme1n1 WS   1532323584 131072   11.577
09:12:27.729 python3        388782  nvme1n1 WS   1532323840 131072   11.653
09:12:27.729 python3        388782  nvme1n1 WS   1532324096 131072   11.730
09:12:27.729 python3        388784  nvme1n1 WS   1548642048 4096     11.752
09:12:27.729 python3        388782  nvme1n1 WS   1551245056 4096     11.779
09:12:27.729 python3        388781  nvme1n1 WS   1557169920 131072   11.922
09:12:27.729 python3        388781  nvme1n1 WS   1557170176 131072   11.953
09:12:27.729 python3        388781  nvme1n1 WS   1557170432 131072   12.024
09:12:27.729 python3        388781  nvme1n1 WS   1557170688 131072   12.101
09:12:27.729 python3        388781  nvme1n1 WS   1557170944 131072   12.179
09:12:27.729 python3        388781  nvme1n1 WS   1557171200 131072   12.257
09:12:27.729 python3        388781  nvme1n1 WS   1557171456 131072   12.335
09:12:27.730 python3        388781  nvme1n1 WS   1557171712 131072   12.412
09:12:27.730 python3        388781  nvme1n1 WS   1557171968 131072   12.476
09:12:27.730 python3        388781  nvme1n1 WS   1557172224 131072   12.556
09:12:27.730 python3        388781  nvme1n1 WS   1557172480 131072   12.634
09:12:27.730 python3        388784  nvme1n1 WS   1548640256 131072   12.740
09:12:27.730 python3        388784  nvme1n1 WS   1548640512 131072   12.820
09:12:27.730 python3        388784  nvme1n1 WS   1548640768 131072   12.898
09:12:27.730 python3        388784  nvme1n1 WS   1548641024 131072   12.974
09:12:27.730 python3        388784  nvme1n1 WS   1548641280 131072   13.050
09:12:27.730 python3        388784  nvme1n1 WS   1548641536 131072   13.124
09:12:27.730 python3        388784  nvme1n1 WS   1548641792 131072   13.198
09:12:27.730 python3        388782  nvme1n1 WS   1551243264 131072   13.276
09:12:27.731 python3        388782  nvme1n1 WS   1551243520 131072   13.352
09:12:27.731 python3        388782  nvme1n1 WS   1551243776 131072   13.426
09:12:27.731 python3        388782  nvme1n1 WS   1551244032 131072   13.507
09:12:27.731 python3        388782  nvme1n1 WS   1551244288 131072   13.586
09:12:27.731 python3        388782  nvme1n1 WS   1551244544 131072   13.662
09:12:27.731 python3        388782  nvme1n1 WS   1551244800 131072   13.738
09:12:27.731 python3        388781  nvme1n1 WS   1551249152 4096     13.750
09:12:27.731 python3        388781  nvme1n1 WS   722589696  131072   13.826
09:12:27.731 python3        388781  nvme1n1 WS   722589952  131072   13.896
09:12:27.731 python3        388781  nvme1n1 WS   722590208  131072   13.968
09:12:27.731 python3        388781  nvme1n1 WS   722590464  131072   14.047
09:12:27.731 python3        388783  nvme1n1 WS   1532327680 131072   14.124
09:12:27.731 python3        388781  nvme1n1 WS   722590720  131072   14.203
09:12:27.731 python3        388783  nvme1n1 WS   1532327936 131072   14.279
09:12:27.732 python3        388781  nvme1n1 WS   722590976  131072   14.360
09:12:27.732 python3        388783  nvme1n1 WS   1532328192 131072   14.432
09:12:27.732 python3        388781  nvme1n1 WS   722591232  131072   14.509
09:12:27.732 python3        388783  nvme1n1 WS   1532328448 131072   14.584
09:12:27.732 python3        388783  nvme1n1 WS   1532328704 131072   14.658
09:12:27.732 python3        388783  nvme1n1 WS   1532328960 131072   14.731
09:12:27.732 python3        388783  nvme1n1 WS   1532329216 131072   14.804
09:12:27.732 python3        388781  nvme1n1 WS   722591488  131072   14.883
09:12:27.732 python3        388783  nvme1n1 WS   1532329472 131072   14.961
09:12:27.732 python3        388782  nvme1n1 WS   1532324352 131072   15.103
09:12:27.732 python3        388782  nvme1n1 WS   1532324608 131072   15.178
09:12:27.732 python3        388782  nvme1n1 WS   1532324864 131072   15.251
09:12:27.733 python3        388782  nvme1n1 WS   1532325120 131072   15.327
09:12:27.733 python3        388782  nvme1n1 WS   1532325376 131072   15.402
09:12:27.733 python3        388782  nvme1n1 WS   1532325632 131072   15.464
09:12:27.733 python3        388782  nvme1n1 WS   1532329984 131072   15.540
09:12:27.733 python3        388782  nvme1n1 WS   1532330240 131072   15.616
09:12:27.733 python3        388783  nvme1n1 WS   1551253248 4096     15.536
09:12:27.733 python3        388781  nvme1n1 WS   1551247360 131072   15.762
09:12:27.733 python3        388781  nvme1n1 WS   1551247616 131072   15.772
09:12:27.733 python3        388781  nvme1n1 WS   1551247872 131072   15.847
09:12:27.733 python3        388781  nvme1n1 WS   1551248128 131072   15.922
09:12:27.733 python3        388781  nvme1n1 WS   1551248384 131072   15.999
09:12:27.733 python3        388781  nvme1n1 WS   1551248640 131072   16.074
09:12:27.733 python3        388781  nvme1n1 WS   1551248896 131072   16.171
09:12:27.734 python3        388781  nvme1n1 WS   722591744  131072   16.318
09:12:27.734 python3        388781  nvme1n1 WS   722592000  131072   16.333
09:12:27.734 python3        388783  nvme1n1 WS   1532329728 131072   16.397
09:12:27.734 python3        388783  nvme1n1 WS   1532334080 131072   16.472
09:12:27.734 python3        388783  nvme1n1 WS   1532334336 131072   16.552
09:12:27.734 python3        388783  nvme1n1 WS   1551251456 131072   16.550
09:12:27.734 python3        388783  nvme1n1 WS   1551251712 131072   16.625
09:12:27.734 python3        388783  nvme1n1 WS   1551251968 131072   16.701
09:12:27.734 python3        388783  nvme1n1 WS   1551252224 131072   16.779
09:12:27.734 python3        388783  nvme1n1 WS   1551252480 131072   16.857
09:12:27.734 python3        388783  nvme1n1 WS   1551252736 131072   16.934
09:12:27.734 python3        388783  nvme1n1 WS   1551252992 131072   17.018
09:12:27.735 python3        388783  nvme1n1 WS   1499385856 131072   17.137
09:12:27.735 python3        388783  nvme1n1 WS   1499386112 131072   17.165
09:12:27.735 python3        388783  nvme1n1 WS   1499386368 131072   17.238
09:12:27.735 python3        388783  nvme1n1 WS   1499386624 131072   17.318
09:12:27.735 python3        388783  nvme1n1 WS   1499386880 131072   17.395
09:12:27.735 python3        388783  nvme1n1 WS   1499387136 131072   17.474
09:12:27.735 python3        388783  nvme1n1 WS   1499387392 131072   17.552
09:12:27.735 python3        388783  nvme1n1 WS   1499387648 131072   17.608
09:12:27.735 python3        388783  nvme1n1 WS   1499387904 131072   17.687
09:12:27.735 python3        388783  nvme1n1 WS   1499388160 131072   17.764
09:12:27.735 python3        388783  nvme1n1 WS   1499388416 131072   17.851
09:12:27.735 python3        388783  nvme1n1 WS   1499388672 131072   17.916
09:12:27.735 python3        388783  nvme1n1 WS   1499388928 131072   17.991
09:12:27.736 python3        388783  nvme1n1 WS   1499389184 131072   18.067
09:12:27.736 python3        388783  nvme1n1 WS   1499389440 131072   18.145
09:12:27.736 python3        388783  nvme1n1 WS   1499389696 131072   18.210
09:12:27.736 python3        388783  nvme1n1 WS   1499389952 131072   18.289
09:12:27.736 python3        388783  nvme1n1 WS   1499390208 131072   18.368
09:12:27.774 nvme           425688  Unknown N    -1         512       0.027
09:12:28.776 nvme           425692  Unknown N    -1         512       0.027
09:12:29.724 jbd2/nv        391     nvme0n1 WSM  4316296    94208     1.824
09:12:29.724 jbd2/nv        391     nvme0n1 WSM  4316480    4096      0.695
09:12:29.742 amoprof        389677  nvme1n1 W    566499416  4096      0.055
09:12:29.778 nvme           425701  Unknown N    -1         512       0.025
09:12:29.929 VLLM::W        388781  nvme1n1 RS   1738346496 131072    0.272
09:12:29.929 VLLM::W        388784  nvme1n1 RS   1738457088 131072    0.321
09:12:29.929 VLLM::W        388783  nvme1n1 RS   1738354688 131072    0.328
09:12:29.929 VLLM::W        388784  nvme1n1 RS   1738457344 131072    0.430
09:12:29.929 VLLM::W        388782  nvme1n1 RS   1736269824 131072    0.452
09:12:29.929 VLLM::W        388784  nvme1n1 RS   1738457856 131072    0.512
09:12:29.929 VLLM::W        388784  nvme1n1 RS   1738458112 131072    0.535
09:12:29.929 VLLM::W        388784  nvme1n1 RS   1738457600 131072    0.568
09:12:29.929 VLLM::W        388784  nvme1n1 RS   1738458368 131072    0.565
09:12:29.929 VLLM::W        388782  nvme1n1 RS   1736270336 131072    0.641
09:12:29.929 VLLM::W        388782  nvme1n1 RS   1736270080 131072    0.667
09:12:29.929 VLLM::W        388782  nvme1n1 RS   1736270592 131072    0.671
09:12:29.929 VLLM::W        388782  nvme1n1 RS   1736270848 131072    0.765
09:12:29.929 VLLM::W        388782  nvme1n1 RS   1736271104 131072    0.769
09:12:29.929 VLLM::W        388781  nvme1n1 RS   1738346752 131072    0.831
09:12:29.929 VLLM::W        388781  nvme1n1 RS   1738347008 131072    0.838
09:12:29.929 VLLM::W        388781  nvme1n1 RS   1738347264 131072    0.867
09:12:29.929 VLLM::W        388781  nvme1n1 RS   1738347520 131072    0.912
09:12:29.929 VLLM::W        388781  nvme1n1 RS   1738347776 131072    0.941
09:12:29.930 VLLM::W        388783  nvme1n1 RS   1738354944 131072    1.064
09:12:29.930 VLLM::W        388783  nvme1n1 RS   1738355200 131072    1.081
09:12:29.930 VLLM::W        388783  nvme1n1 RS   1738355456 131072    1.090
09:12:29.930 VLLM::W        388783  nvme1n1 RS   1738355712 131072    1.122
09:12:29.930 VLLM::W        388783  nvme1n1 RS   1738355968 131072    1.161
09:12:29.930 VLLM::W        388783  nvme1n1 RS   1738356224 131072    1.193
09:12:29.930 VLLM::W        388783  nvme1n1 RS   1738356480 131072    1.201
09:12:29.930 VLLM::W        388783  nvme1n1 RS   1738356736 131072    1.218
09:12:29.930 VLLM::W        388784  nvme1n1 RS   1738458880 131072    1.283
09:12:29.930 VLLM::W        388784  nvme1n1 RS   1738458624 131072    1.363
09:12:29.930 VLLM::W        388784  nvme1n1 RS   1738459648 131072    1.358
09:12:29.930 VLLM::W        388784  nvme1n1 RS   1738459136 131072    1.386
09:12:29.930 VLLM::W        388784  nvme1n1 RS   1738459392 131072    1.390
09:12:29.930 VLLM::W        388782  nvme1n1 RS   1736271360 131072    1.507
09:12:29.930 VLLM::W        388782  nvme1n1 RS   1736272128 131072    1.553
09:12:29.930 VLLM::W        388782  nvme1n1 RS   1736271616 131072    1.576
09:12:29.930 VLLM::W        388782  nvme1n1 RS   1736271872 131072    1.586
09:12:29.930 VLLM::W        388781  nvme1n1 RS   1738348032 131072    1.687
09:12:29.930 VLLM::W        388781  nvme1n1 RS   1738348288 131072    1.776
09:12:29.930 VLLM::W        388781  nvme1n1 RS   1738348800 131072    1.788
09:12:29.930 VLLM::W        388781  nvme1n1 RS   1738349056 131072    1.804
09:12:29.930 VLLM::W        388781  nvme1n1 RS   1738348544 131072    1.830
09:12:29.930 VLLM::W        388781  nvme1n1 RS   1738349824 131072    1.837
09:12:29.930 VLLM::W        388781  nvme1n1 RS   1738349312 131072    1.864
09:12:29.930 VLLM::W        388781  nvme1n1 RS   1738349568 131072    1.876
09:12:29.931 VLLM::W        388781  nvme1n1 RS   1738350080 131072    1.883
09:12:29.931 VLLM::W        388784  nvme1n1 RS   1738459904 131072    1.942
09:12:29.931 VLLM::W        388781  nvme1n1 RS   1738350336 131072    1.912
09:12:29.931 VLLM::W        388784  nvme1n1 RS   1738460160 131072    2.029
09:12:29.931 VLLM::W        388784  nvme1n1 RS   1738460416 131072    2.034
09:12:29.931 VLLM::W        388784  nvme1n1 RS   1738460672 131072    2.078
09:12:29.931 VLLM::W        388782  nvme1n1 RS   1736272384 131072    2.116
09:12:29.931 VLLM::W        388784  nvme1n1 RS   1738460928 131072    2.129
09:12:29.931 VLLM::W        388782  nvme1n1 RS   1736273152 131072    2.197
09:12:29.931 VLLM::W        388782  nvme1n1 RS   1736273408 131072    2.226
09:12:29.931 VLLM::W        388783  nvme1n1 RS   1738356992 131072    2.275
09:12:29.931 VLLM::W        388783  nvme1n1 RS   1738357248 131072    2.315
09:12:29.931 VLLM::W        388782  nvme1n1 RS   1736272640 131072    2.332
09:12:29.931 VLLM::W        388782  nvme1n1 RS   1736272896 131072    2.340
09:12:29.931 VLLM::W        388783  nvme1n1 RS   1738357504 131072    2.416
09:12:29.931 VLLM::W        388783  nvme1n1 RS   1738358272 131072    2.439
09:12:29.931 VLLM::W        388783  nvme1n1 RS   1738357760 131072    2.548
09:12:29.931 VLLM::W        388783  nvme1n1 RS   1738358016 131072    2.558
09:12:29.931 VLLM::W        388784  nvme1n1 RS   1738363136 131072    2.579
09:12:29.931 VLLM::W        388784  nvme1n1 RS   1738362880 131072    2.610
09:12:29.931 VLLM::W        388781  nvme1n1 RS   1738448896 131072    2.629
09:12:29.931 VLLM::W        388781  nvme1n1 RS   1738449152 131072    2.637
09:12:29.931 VLLM::W        388782  nvme1n1 RS   1740091648 131072    2.683
09:12:29.931 VLLM::W        388782  nvme1n1 RS   1736273664 131072    2.742
09:12:29.931 VLLM::W        388782  nvme1n1 RS   1740091392 131072    2.764
09:12:29.931 VLLM::W        388783  nvme1n1 RS   1738358528 131072    2.780
09:12:29.931 VLLM::W        388783  nvme1n1 RS   1738358784 131072    2.797
09:12:29.931 VLLM::W        388783  nvme1n1 RS   1738359040 131072    2.821
09:12:29.932 VLLM::W        388784  nvme1n1 RS   1738465280 131072    0.194
09:12:29.932 VLLM::W        388784  nvme1n1 RS   1738465536 131072    0.249
09:12:29.932 VLLM::W        388784  nvme1n1 RS   1738465792 131072    0.286
09:12:29.932 VLLM::W        388784  nvme1n1 RS   1738466048 131072    0.323
09:12:29.932 VLLM::W        388784  nvme1n1 RS   1738466304 131072    0.348
09:12:29.932 VLLM::W        388784  nvme1n1 RS   1738466560 131072    0.353
09:12:29.932 VLLM::W        388784  nvme1n1 RS   1738466816 131072    0.381
09:12:29.932 VLLM::W        388781  nvme1n1 RS   1738366976 131072    0.414
09:12:29.932 VLLM::W        388781  nvme1n1 RS   1738367232 131072    0.443
09:12:29.932 VLLM::W        388781  nvme1n1 RS   1738367488 131072    0.475
09:12:29.932 VLLM::W        388781  nvme1n1 RS   1738367744 131072    0.513
09:12:29.932 VLLM::W        388781  nvme1n1 RS   1738368000 131072    0.552
09:12:29.932 VLLM::W        388781  nvme1n1 RS   1738368256 131072    0.582
09:12:29.932 VLLM::W        388784  nvme1n1 RS   1738467072 131072    0.636
09:12:29.932 VLLM::W        388784  nvme1n1 RS   1738467584 131072    0.726
09:12:29.932 VLLM::W        388781  nvme1n1 RS   1738368512 131072    0.760
09:12:29.932 VLLM::W        388784  nvme1n1 RS   1738467328 131072    0.876
09:12:29.932 VLLM::W        388784  nvme1n1 RS   1738467840 131072    0.894
09:12:29.932 VLLM::W        388784  nvme1n1 RS   1738468608 131072    0.914
09:12:29.932 VLLM::W        388784  nvme1n1 RS   1738468096 131072    0.938
09:12:29.932 VLLM::W        388784  nvme1n1 RS   1738468352 131072    0.960
09:12:29.933 VLLM::W        388784  nvme1n1 RS   1738468864 131072    0.975
09:12:29.933 VLLM::W        388784  nvme1n1 RS   1738469120 131072    0.984
09:12:29.933 VLLM::W        388784  nvme1n1 RS   1738469376 131072    0.994
09:12:29.933 VLLM::W        388781  nvme1n1 RS   1738368768 131072    1.124
09:12:29.933 VLLM::W        388781  nvme1n1 RS   1738369280 131072    1.145
09:12:29.933 VLLM::W        388784  nvme1n1 RS   1738469632 131072    1.173
09:12:29.933 VLLM::W        388781  nvme1n1 RS   1738369536 131072    1.180
09:12:29.933 VLLM::W        388781  nvme1n1 RS   1738370304 131072    1.252
09:12:29.933 VLLM::W        388781  nvme1n1 RS   1738369024 131072    1.292
09:12:29.933 VLLM::W        388781  nvme1n1 RS   1738370560 131072    1.284
09:12:29.933 VLLM::W        388781  nvme1n1 RS   1738369792 131072    1.371
09:12:29.933 VLLM::W        388781  nvme1n1 RS   1738370048 131072    1.399
09:12:29.933 VLLM::W        388781  nvme1n1 RS   1739849984 131072    1.406
09:12:29.933 VLLM::W        388781  nvme1n1 RS   1738370816 131072    1.420
09:12:29.933 VLLM::W        388782  nvme1n1 RS   1740083712 131072    1.495
09:12:29.933 VLLM::W        388782  nvme1n1 RS   1740083200 131072    1.506
09:12:29.933 VLLM::W        388782  nvme1n1 RS   1740084224 131072    1.579
09:12:29.933 VLLM::W        388781  nvme1n1 RS   1739849728 131072    1.611
09:12:29.933 VLLM::W        388782  nvme1n1 RS   1740083968 131072    1.611
09:12:29.933 VLLM::W        388782  nvme1n1 RS   1740085248 131072    1.632
09:12:29.933 VLLM::W        388782  nvme1n1 RS   1740083456 131072    1.701
09:12:29.933 VLLM::W        388782  nvme1n1 RS   1740084992 131072    1.679
09:12:29.933 VLLM::W        388782  nvme1n1 RS   1740084480 131072    1.763
09:12:29.933 VLLM::W        388782  nvme1n1 RS   1740084736 131072    1.801
09:12:29.933 VLLM::W        388782  nvme1n1 RS   1740086016 131072    1.765
09:12:29.933 VLLM::W        388782  nvme1n1 RS   1740085504 131072    1.824
09:12:29.933 VLLM::W        388782  nvme1n1 RS   1740085760 131072    1.831
09:12:29.934 VLLM::W        388782  nvme1n1 RS   1740086528 131072    1.907
09:12:29.934 VLLM::W        388782  nvme1n1 RS   1740086272 131072    1.924
09:12:29.934 VLLM::W        388783  nvme1n1 RS   1740079104 131072    1.924
09:12:29.934 VLLM::W        388783  nvme1n1 RS   1740079360 131072    1.926
09:12:29.934 VLLM::W        388783  nvme1n1 RS   1740079872 131072    1.996
09:12:29.934 VLLM::W        388782  nvme1n1 RS   1740086784 131072    2.004
09:12:29.934 VLLM::W        388783  nvme1n1 RS   1740079616 131072    2.094
09:12:29.934 VLLM::W        388783  nvme1n1 RS   1740080640 131072    2.090
09:12:29.934 VLLM::W        388783  nvme1n1 RS   1740080128 131072    2.181
09:12:29.934 VLLM::W        388783  nvme1n1 RS   1740080384 131072    2.203
09:12:29.934 VLLM::W        388782  nvme1n1 RS   1755062272 131072    2.208
09:12:29.934 VLLM::W        388782  nvme1n1 RS   1755062528 131072    2.226
09:12:29.934 VLLM::W        388782  nvme1n1 RS   1740087040 131072    2.244
09:12:29.934 VLLM::W        388783  nvme1n1 RS   1740081408 131072    2.287
09:12:29.934 VLLM::W        388783  nvme1n1 RS   1740080896 131072    2.327
09:12:29.934 VLLM::W        388783  nvme1n1 RS   1740081152 131072    2.336
09:12:29.934 VLLM::W        388783  nvme1n1 RS   1740081664 131072    2.338
09:12:29.934 VLLM::W        388783  nvme1n1 RS   1740081920 131072    2.405
09:12:29.934 VLLM::W        388783  nvme1n1 RS   1740082176 131072    2.442
09:12:29.934 VLLM::W        388783  nvme1n1 RS   1740082432 131072    2.445
09:12:29.934 VLLM::W        388783  nvme1n1 RS   1740082688 131072    2.462
09:12:29.934 VLLM::W        388783  nvme1n1 RS   1740082944 131072    2.491
09:12:29.934 VLLM::W        388783  nvme1n1 RS   1740185600 131072    2.502
09:12:29.934 VLLM::W        388783  nvme1n1 RS   1740185856 131072    2.529
09:12:29.934 VLLM::W        388784  nvme1n1 RS   1739857920 131072    1.496
09:12:29.934 VLLM::W        388784  nvme1n1 RS   1739858176 131072    1.513
09:12:29.934 VLLM::W        388784  nvme1n1 RS   1739858432 131072    1.523
09:12:29.934 VLLM::W        388784  nvme1n1 RS   1739858688 131072    1.562
09:12:29.934 VLLM::W        388784  nvme1n1 RS   1739858944 131072    1.618
09:12:29.935 VLLM::W        388784  nvme1n1 RS   1739859200 131072    1.629
09:12:29.935 VLLM::W        388784  nvme1n1 RS   1739859456 131072    1.664
09:12:29.935 VLLM::W        388784  nvme1n1 RS   1739859712 131072    1.671
09:12:29.935 VLLM::W        388784  nvme1n1 RS   1739859968 131072    1.696
09:12:29.935 VLLM::W        388784  nvme1n1 RS   1739860224 131072    1.728
09:12:29.935 VLLM::W        388784  nvme1n1 RS   1739860480 131072    1.754
09:12:29.935 VLLM::W        388784  nvme1n1 RS   1739860736 131072    1.789
09:12:29.935 VLLM::W        388784  nvme1n1 RS   1739860992 131072    1.828
09:12:29.935 VLLM::W        388784  nvme1n1 RS   1739861248 131072    1.860
09:12:29.935 VLLM::W        388784  nvme1n1 RS   1739861504 131072    1.894
09:12:29.935 VLLM::W        388784  nvme1n1 RS   1739861760 131072    1.900
09:12:29.935 VLLM::W        388784  nvme1n1 RS   1739862016 131072    1.937
09:12:29.935 VLLM::W        388784  nvme1n1 RS   1739862272 131072    1.967
09:12:29.935 VLLM::W        388781  nvme1n1 RS   1738371072 131072    1.634
09:12:29.935 VLLM::W        388781  nvme1n1 RS   1738371328 131072    1.674
09:12:29.935 VLLM::W        388781  nvme1n1 RS   1738371584 131072    1.710
09:12:29.935 VLLM::W        388781  nvme1n1 RS   1738371840 131072    1.737
09:12:29.935 VLLM::W        388781  nvme1n1 RS   1738372096 131072    1.792
09:12:29.935 VLLM::W        388781  nvme1n1 RS   1738372352 131072    1.819
09:12:29.935 VLLM::W        388781  nvme1n1 RS   1738372608 131072    1.831
09:12:29.935 VLLM::W        388781  nvme1n1 RS   1738372864 131072    1.836
09:12:29.935 VLLM::W        388781  nvme1n1 RS   1738373120 131072    1.867
09:12:29.935 VLLM::W        388781  nvme1n1 RS   1738373376 131072    1.896
09:12:29.935 VLLM::W        388781  nvme1n1 RS   1738373632 131072    1.922
09:12:29.935 VLLM::W        388781  nvme1n1 RS   1738373888 131072    1.963
09:12:29.935 VLLM::W        388781  nvme1n1 RS   1738374144 131072    1.992
09:12:29.935 VLLM::W        388781  nvme1n1 RS   1738374400 131072    2.024
09:12:29.936 VLLM::W        388781  nvme1n1 RS   1738374656 131072    2.061
09:12:29.936 VLLM::W        388781  nvme1n1 RS   1739853824 131072    2.123
09:12:29.936 VLLM::W        388781  nvme1n1 RS   1738374912 131072    2.150
09:12:29.936 VLLM::W        388781  nvme1n1 RS   1739854080 131072    2.162
09:12:29.936 VLLM::W        388782  nvme1n1 RS   1739468800 131072    1.527
09:12:29.936 VLLM::W        388782  nvme1n1 RS   1739469056 131072    1.559
09:12:29.936 VLLM::W        388782  nvme1n1 RS   1739469312 131072    1.592
09:12:29.936 VLLM::W        388782  nvme1n1 RS   1739470080 131072    1.717
09:12:29.936 VLLM::W        388782  nvme1n1 RS   1739469568 131072    1.743
09:12:29.936 VLLM::W        388782  nvme1n1 RS   1739469824 131072    1.761
09:12:29.936 VLLM::W        388782  nvme1n1 RS   1739470336 131072    1.763
09:12:29.936 VLLM::W        388782  nvme1n1 RS   1739470592 131072    1.794
09:12:29.936 VLLM::W        388782  nvme1n1 RS   1739470848 131072    1.804
09:12:29.936 VLLM::W        388782  nvme1n1 RS   1739471104 131072    1.833
09:12:29.936 VLLM::W        388782  nvme1n1 RS   1739471360 131072    1.844
09:12:29.936 VLLM::W        388782  nvme1n1 RS   1739471616 131072    1.871
09:12:29.936 VLLM::W        388782  nvme1n1 RS   1739471872 131072    1.912
09:12:29.936 VLLM::W        388782  nvme1n1 RS   1739472128 131072    1.950
09:12:29.936 VLLM::W        388782  nvme1n1 RS   1739472384 131072    2.000
09:12:29.936 VLLM::W        388782  nvme1n1 RS   1739472640 131072    2.001
09:12:29.936 VLLM::W        388782  nvme1n1 RS   1739472896 131072    2.030
09:12:29.936 VLLM::W        388782  nvme1n1 RS   1739473152 131072    2.071
09:12:29.936 VLLM::W        388783  nvme1n1 RS   1739476992 131072    1.875
09:12:29.936 VLLM::W        388783  nvme1n1 RS   1739477248 131072    1.941
09:12:29.936 VLLM::W        388783  nvme1n1 RS   1739477504 131072    1.946
09:12:29.936 VLLM::W        388783  nvme1n1 RS   1739477760 131072    1.974
09:12:29.936 VLLM::W        388783  nvme1n1 RS   1739478016 131072    2.013
09:12:29.937 VLLM::W        388783  nvme1n1 RS   1739478272 131072    2.065
09:12:29.937 VLLM::W        388783  nvme1n1 RS   1739478528 131072    2.080
09:12:29.937 VLLM::W        388783  nvme1n1 RS   1739478784 131072    2.087
09:12:29.937 VLLM::W        388783  nvme1n1 RS   1739479040 131072    2.118
09:12:29.937 VLLM::W        388783  nvme1n1 RS   1739479296 131072    2.224
09:12:29.937 VLLM::W        388783  nvme1n1 RS   1739479808 131072    2.239
09:12:29.937 VLLM::W        388783  nvme1n1 RS   1739479552 131072    2.256
09:12:29.937 VLLM::W        388783  nvme1n1 RS   1739480064 131072    2.264
09:12:29.937 VLLM::W        388783  nvme1n1 RS   1739480320 131072    2.336
09:12:29.937 VLLM::W        388783  nvme1n1 RS   1739480576 131072    2.359
09:12:29.937 VLLM::W        388783  nvme1n1 RS   1739480832 131072    2.363
09:12:29.937 VLLM::W        388783  nvme1n1 RS   1739481088 131072    2.374
09:12:29.937 VLLM::W        388784  nvme1n1 RS   1736261632 131072    1.906
09:12:29.937 VLLM::W        388783  nvme1n1 RS   1739481344 131072    2.472
09:12:29.937 VLLM::W        388784  nvme1n1 RS   1736261888 131072    1.933
09:12:29.937 VLLM::W        388784  nvme1n1 RS   1736262144 131072    1.961
09:12:29.937 VLLM::W        388784  nvme1n1 RS   1736262400 131072    2.004
09:12:29.937 VLLM::W        388784  nvme1n1 RS   1736262656 131072    2.036
09:12:29.937 VLLM::W        388784  nvme1n1 RS   1736262912 131072    2.087
09:12:29.937 VLLM::W        388784  nvme1n1 RS   1736263168 131072    2.099
09:12:29.937 VLLM::W        388784  nvme1n1 RS   1736263424 131072    2.128
09:12:29.937 VLLM::W        388784  nvme1n1 RS   1736263680 131072    2.139
09:12:29.937 VLLM::W        388784  nvme1n1 RS   1736263936 131072    2.158
09:12:29.937 VLLM::W        388784  nvme1n1 RS   1736264448 131072    2.245
09:12:29.937 VLLM::W        388784  nvme1n1 RS   1736264192 131072    2.268
09:12:29.937 VLLM::W        388784  nvme1n1 RS   1736264704 131072    2.275
09:12:29.937 VLLM::W        388784  nvme1n1 RS   1736264960 131072    2.305
09:12:29.937 VLLM::W        388784  nvme1n1 RS   1736265216 131072    2.332
09:12:29.938 VLLM::W        388784  nvme1n1 RS   1736265472 131072    2.360
09:12:29.938 VLLM::W        388784  nvme1n1 RS   1736294656 131072    2.427
09:12:29.938 VLLM::W        388784  nvme1n1 RS   1736294400 131072    2.442
09:12:29.938 VLLM::W        388781  nvme1n1 RS   1740087296 131072    1.914
09:12:29.938 VLLM::W        388781  nvme1n1 RS   1740087808 131072    1.964
09:12:29.938 VLLM::W        388781  nvme1n1 RS   1740088064 131072    1.976
09:12:29.938 VLLM::W        388781  nvme1n1 RS   1740087552 131072    2.006
09:12:29.938 VLLM::W        388781  nvme1n1 RS   1740088576 131072    2.080
09:12:29.938 VLLM::W        388781  nvme1n1 RS   1740088832 131072    2.097
09:12:29.938 VLLM::W        388781  nvme1n1 RS   1740088320 131072    2.108
09:12:29.938 VLLM::W        388781  nvme1n1 RS   1740089088 131072    2.149
09:12:29.938 VLLM::W        388781  nvme1n1 RS   1740089344 131072    2.162
09:12:29.938 VLLM::W        388781  nvme1n1 RS   1740089600 131072    2.171
09:12:29.938 VLLM::W        388781  nvme1n1 RS   1740089856 131072    2.196
09:12:29.938 VLLM::W        388781  nvme1n1 RS   1740090112 131072    2.222
09:12:29.938 VLLM::W        388781  nvme1n1 RS   1740090624 131072    2.274
09:12:29.938 VLLM::W        388781  nvme1n1 RS   1740090368 131072    2.313
09:12:29.938 VLLM::W        388781  nvme1n1 RS   1740090880 131072    2.318
09:12:29.938 VLLM::W        388781  nvme1n1 RS   1740091136 131072    2.351
09:12:29.938 VLLM::W        388781  nvme1n1 RS   1740275712 131072    2.361
09:12:29.938 VLLM::W        388782  nvme1n1 RS   1739546624 131072    1.898
09:12:29.938 VLLM::W        388781  nvme1n1 RS   1740275968 131072    2.460
09:12:29.938 VLLM::W        388782  nvme1n1 RS   1739546880 131072    1.971
09:12:29.938 VLLM::W        388782  nvme1n1 RS   1739547392 131072    2.022
09:12:29.938 VLLM::W        388782  nvme1n1 RS   1739547136 131072    2.045
09:12:29.938 VLLM::W        388782  nvme1n1 RS   1739547648 131072    2.066
09:12:29.939 VLLM::W        388782  nvme1n1 RS   1739547904 131072    2.096
09:12:29.939 VLLM::W        388782  nvme1n1 RS   1739548160 131072    2.127
09:12:29.939 VLLM::W        388782  nvme1n1 RS   1739548416 131072    2.107
09:12:29.939 VLLM::W        388782  nvme1n1 RS   1739548672 131072    2.145
09:12:29.939 VLLM::W        388782  nvme1n1 RS   1739548928 131072    2.191
09:12:29.939 VLLM::W        388782  nvme1n1 RS   1739549184 131072    2.201
09:12:29.939 VLLM::W        388782  nvme1n1 RS   1739549440 131072    2.231
09:12:29.939 VLLM::W        388782  nvme1n1 RS   1739549696 131072    2.306
09:12:29.939 VLLM::W        388782  nvme1n1 RS   1739549952 131072    2.329
09:12:29.939 VLLM::W        388782  nvme1n1 RS   1739550208 131072    2.335
09:12:29.939 VLLM::W        388782  nvme1n1 RS   1739550464 131072    2.354
09:12:29.939 VLLM::W        388782  nvme1n1 RS   1739485184 131072    2.386
09:12:29.939 VLLM::W        388782  nvme1n1 RS   1739485440 131072    2.418
09:12:29.939 VLLM::W        388783  nvme1n1 RS   1736265728 131072    1.874
09:12:29.939 VLLM::W        388783  nvme1n1 RS   1736265984 131072    1.882
09:12:29.939 VLLM::W        388783  nvme1n1 RS   1736266240 131072    1.910
09:12:29.939 VLLM::W        388783  nvme1n1 RS   1736266496 131072    1.952
09:12:29.939 VLLM::W        388783  nvme1n1 RS   1736266752 131072    1.998
09:12:29.939 VLLM::W        388783  nvme1n1 RS   1736267008 131072    2.010
09:12:29.939 VLLM::W        388783  nvme1n1 RS   1736267776 131072    2.097
09:12:29.939 VLLM::W        388783  nvme1n1 RS   1736267264 131072    2.157
09:12:29.939 VLLM::W        388783  nvme1n1 RS   1736267520 131072    2.140
09:12:29.939 VLLM::W        388783  nvme1n1 RS   1736268032 131072    2.159
09:12:29.939 VLLM::W        388783  nvme1n1 RS   1736268288 131072    2.171
09:12:29.939 VLLM::W        388783  nvme1n1 RS   1736268544 131072    2.181
09:12:29.939 VLLM::W        388783  nvme1n1 RS   1736268800 131072    2.276
09:12:29.940 VLLM::W        388783  nvme1n1 RS   1736269056 131072    2.293
09:12:29.940 VLLM::W        388783  nvme1n1 RS   1736269312 131072    2.304
09:12:29.940 VLLM::W        388783  nvme1n1 RS   1736269568 131072    2.354
09:12:29.940 VLLM::W        388783  nvme1n1 RS   1736298496 131072    2.391
09:12:29.940 VLLM::W        388783  nvme1n1 RS   1736298752 131072    2.397
09:12:29.940 VLLM::W        388784  nvme1n1 RS   1739407616 131072    1.955
09:12:29.940 VLLM::W        388784  nvme1n1 RS   1739407360 131072    1.975
09:12:29.940 VLLM::W        388784  nvme1n1 RS   1739407872 131072    1.982
09:12:29.940 VLLM::W        388784  nvme1n1 RS   1739408128 131072    2.009
09:12:29.940 VLLM::W        388784  nvme1n1 RS   1739408384 131072    2.067
09:12:29.940 VLLM::W        388784  nvme1n1 RS   1739408640 131072    2.096
09:12:29.940 VLLM::W        388784  nvme1n1 RS   1739408896 131072    2.134
09:12:29.940 VLLM::W        388784  nvme1n1 RS   1739409152 131072    2.111
09:12:29.940 VLLM::W        388784  nvme1n1 RS   1739409408 131072    2.146
09:12:29.940 VLLM::W        388784  nvme1n1 RS   1739409664 131072    2.175
09:12:29.940 VLLM::W        388784  nvme1n1 RS   1739409920 131072    2.203
09:12:29.940 VLLM::W        388784  nvme1n1 RS   1739410176 131072    2.242
09:12:29.940 VLLM::W        388784  nvme1n1 RS   1739410432 131072    2.282
09:12:29.940 VLLM::W        388784  nvme1n1 RS   1739410688 131072    2.309
09:12:29.940 VLLM::W        388784  nvme1n1 RS   1739410944 131072    2.340
09:12:29.940 VLLM::W        388784  nvme1n1 RS   1739411200 131072    2.367
09:12:29.940 VLLM::W        388784  nvme1n1 RS   1739411456 131072    2.431
09:12:29.940 VLLM::W        388784  nvme1n1 RS   1739411712 131072    2.442
09:12:29.940 VLLM::W        388781  nvme1n1 RS   1739538432 131072    1.861
09:12:29.940 VLLM::W        388781  nvme1n1 RS   1739538688 131072    1.869
09:12:29.940 VLLM::W        388781  nvme1n1 RS   1739538944 131072    1.893
09:12:29.940 VLLM::W        388781  nvme1n1 RS   1739539200 131072    1.917
09:12:29.940 VLLM::W        388781  nvme1n1 RS   1739539456 131072    1.952
09:12:29.941 VLLM::W        388781  nvme1n1 RS   1739539712 131072    2.009
09:12:29.941 VLLM::W        388781  nvme1n1 RS   1739539968 131072    2.025
09:12:29.941 VLLM::W        388781  nvme1n1 RS   1739540224 131072    2.031
09:12:29.941 VLLM::W        388781  nvme1n1 RS   1739540480 131072    2.062
09:12:29.941 VLLM::W        388781  nvme1n1 RS   1739540736 131072    2.136
09:12:29.941 VLLM::W        388781  nvme1n1 RS   1739540992 131072    2.151
09:12:29.941 VLLM::W        388781  nvme1n1 RS   1739541248 131072    2.175
09:12:29.941 VLLM::W        388781  nvme1n1 RS   1739541504 131072    2.181
09:12:29.941 VLLM::W        388781  nvme1n1 RS   1739541760 131072    2.264
09:12:29.941 VLLM::W        388781  nvme1n1 RS   1739542016 131072    2.281
09:12:29.941 VLLM::W        388781  nvme1n1 RS   1739542272 131072    2.278
09:12:29.941 VLLM::W        388781  nvme1n1 RS   1739542528 131072    2.303
09:12:29.941 VLLM::W        388781  nvme1n1 RS   1739542784 131072    2.393
09:12:29.941 VLLM::W        388782  nvme1n1 RS   1739366400 131072    1.959
09:12:29.941 VLLM::W        388782  nvme1n1 RS   1739366656 131072    1.998
09:12:29.941 VLLM::W        388782  nvme1n1 RS   1739366912 131072    2.014
09:12:29.941 VLLM::W        388782  nvme1n1 RS   1739367168 131072    2.036
09:12:29.941 VLLM::W        388782  nvme1n1 RS   1739367424 131072    2.042
09:12:29.941 VLLM::W        388782  nvme1n1 RS   1739367680 131072    2.140
09:12:29.941 VLLM::W        388782  nvme1n1 RS   1739367936 131072    2.153
09:12:29.941 VLLM::W        388782  nvme1n1 RS   1739368192 131072    2.147
09:12:29.941 VLLM::W        388782  nvme1n1 RS   1739368448 131072    2.172
09:12:29.941 VLLM::W        388782  nvme1n1 RS   1739368704 131072    2.175
09:12:29.941 VLLM::W        388782  nvme1n1 RS   1739368960 131072    2.204
09:12:29.941 VLLM::W        388782  nvme1n1 RS   1739369216 131072    2.236
09:12:29.941 VLLM::W        388782  nvme1n1 RS   1739369472 131072    2.271
09:12:29.941 VLLM::W        388782  nvme1n1 RS   1739369728 131072    2.315
09:12:29.941 VLLM::W        388782  nvme1n1 RS   1739369984 131072    2.344
09:12:29.942 VLLM::W        388782  nvme1n1 RS   1739370240 131072    2.374
09:12:29.942 VLLM::W        388782  nvme1n1 RS   1739370496 131072    2.404
09:12:29.942 VLLM::W        388782  nvme1n1 RS   1739370752 131072    2.431
09:12:29.942 VLLM::W        388783  nvme1n1 RS   21794816   131072    1.932
09:12:29.942 VLLM::W        388783  nvme1n1 RS   21795072   131072    1.934
09:12:29.942 VLLM::W        388783  nvme1n1 RS   21795328   131072    1.957
09:12:29.942 VLLM::W        388783  nvme1n1 RS   21795584   131072    1.966
09:12:29.942 VLLM::W        388783  nvme1n1 RS   21795840   131072    2.038
09:12:29.942 VLLM::W        388783  nvme1n1 RS   21796096   131072    2.066
09:12:29.942 VLLM::W        388783  nvme1n1 RS   21796352   131072    2.090
09:12:29.942 VLLM::W        388783  nvme1n1 RS   21796608   131072    2.070
09:12:29.942 VLLM::W        388783  nvme1n1 RS   21796864   131072    2.099
09:12:29.942 VLLM::W        388783  nvme1n1 RS   21797120   131072    2.123
09:12:29.942 VLLM::W        388783  nvme1n1 RS   21797376   131072    2.157
09:12:29.942 VLLM::W        388783  nvme1n1 RS   21797632   131072    2.196
09:12:29.942 VLLM::W        388783  nvme1n1 RS   21797888   131072    2.226
09:12:29.942 VLLM::W        388783  nvme1n1 RS   21798144   131072    2.263
09:12:29.942 VLLM::W        388783  nvme1n1 RS   21798400   131072    2.291
09:12:29.942 VLLM::W        388783  nvme1n1 RS   21798656   131072    2.325
09:12:29.942 VLLM::W        388783  nvme1n1 RS   730161152  131072    2.355
09:12:29.942 VLLM::W        388783  nvme1n1 RS   730161408  131072    2.387
09:12:29.942 VLLM::W        388784  nvme1n1 RS   1739415552 131072    1.941
09:12:29.942 VLLM::W        388784  nvme1n1 RS   1739415808 131072    1.942
09:12:29.942 VLLM::W        388784  nvme1n1 RS   1739416064 131072    1.940
09:12:29.942 VLLM::W        388784  nvme1n1 RS   1739416320 131072    1.970
09:12:29.943 VLLM::W        388784  nvme1n1 RS   1739416576 131072    2.041
09:12:29.943 VLLM::W        388784  nvme1n1 RS   1739416832 131072    2.063
09:12:29.943 VLLM::W        388784  nvme1n1 RS   1739417088 131072    2.077
09:12:29.943 VLLM::W        388784  nvme1n1 RS   1739417344 131072    2.050
09:12:29.943 VLLM::W        388784  nvme1n1 RS   1739418112 131072    2.133
09:12:29.943 VLLM::W        388784  nvme1n1 RS   1739417600 131072    2.154
09:12:29.943 VLLM::W        388784  nvme1n1 RS   1739417856 131072    2.176
09:12:29.943 VLLM::W        388784  nvme1n1 RS   1739418368 131072    2.191
09:12:29.943 VLLM::W        388784  nvme1n1 RS   1739418624 131072    2.197
09:12:29.943 VLLM::W        388784  nvme1n1 RS   1739419136 131072    2.270
09:12:29.943 VLLM::W        388784  nvme1n1 RS   1739418880 131072    2.314
09:12:29.943 VLLM::W        388784  nvme1n1 RS   1739419392 131072    2.324
09:12:29.943 VLLM::W        388784  nvme1n1 RS   1739419648 131072    2.336
09:12:29.943 VLLM::W        388781  nvme1n1 RS   1739522048 131072    1.806
09:12:29.943 VLLM::W        388784  nvme1n1 RS   1739419904 131072    2.443
09:12:29.943 VLLM::W        388781  nvme1n1 RS   1739522304 131072    1.865
09:12:29.943 VLLM::W        388781  nvme1n1 RS   1739522560 131072    1.873
09:12:29.943 VLLM::W        388781  nvme1n1 RS   1739522816 131072    1.902
09:12:29.943 VLLM::W        388781  nvme1n1 RS   1739523072 131072    1.931
09:12:29.943 VLLM::W        388781  nvme1n1 RS   1739523328 131072    1.978
09:12:29.943 VLLM::W        388781  nvme1n1 RS   1739523584 131072    2.004
09:12:29.943 VLLM::W        388781  nvme1n1 RS   1739523840 131072    2.006
09:12:29.943 VLLM::W        388781  nvme1n1 RS   1739524096 131072    2.046
09:12:29.943 VLLM::W        388781  nvme1n1 RS   1739524352 131072    2.102
09:12:29.943 VLLM::W        388781  nvme1n1 RS   1739524608 131072    2.129
09:12:29.943 VLLM::W        388781  nvme1n1 RS   1739524864 131072    2.140
09:12:29.943 VLLM::W        388781  nvme1n1 RS   1739525120 131072    2.193
09:12:29.943 VLLM::W        388781  nvme1n1 RS   1739525376 131072    2.205
09:12:29.943 VLLM::W        388781  nvme1n1 RS   1739525632 131072    2.240
09:12:29.944 VLLM::W        388781  nvme1n1 RS   1739525888 131072    2.267
09:12:29.944 VLLM::W        388781  nvme1n1 RS   1739526144 131072    2.291
09:12:29.944 VLLM::W        388781  nvme1n1 RS   1739526400 131072    2.322
09:12:29.944 VLLM::W        388782  nvme1n1 RS   1739374592 131072    1.859
09:12:29.944 VLLM::W        388782  nvme1n1 RS   1739374848 131072    1.889
09:12:29.944 VLLM::W        388782  nvme1n1 RS   1739375104 131072    1.918
09:12:29.944 VLLM::W        388782  nvme1n1 RS   1739375360 131072    1.945
09:12:29.944 VLLM::W        388782  nvme1n1 RS   1739375616 131072    1.988
09:12:29.944 VLLM::W        388782  nvme1n1 RS   1739375872 131072    2.026
09:12:29.944 VLLM::W        388782  nvme1n1 RS   1739376128 131072    2.077
09:12:29.944 VLLM::W        388782  nvme1n1 RS   1739376384 131072    2.056
09:12:29.944 VLLM::W        388782  nvme1n1 RS   1739376640 131072    2.085
09:12:29.944 VLLM::W        388782  nvme1n1 RS   1739376896 131072    2.119
09:12:29.944 VLLM::W        388782  nvme1n1 RS   1739377152 131072    2.161
09:12:29.944 VLLM::W        388782  nvme1n1 RS   1739377408 131072    2.188
09:12:29.944 VLLM::W        388782  nvme1n1 RS   1739377664 131072    2.219
09:12:29.944 VLLM::W        388782  nvme1n1 RS   1739377920 131072    2.257
09:12:29.944 VLLM::W        388782  nvme1n1 RS   1739378176 131072    2.288
09:12:29.944 VLLM::W        388782  nvme1n1 RS   1739378432 131072    2.316
09:12:29.944 VLLM::W        388782  nvme1n1 RS   1739378688 131072    2.348
09:12:29.944 VLLM::W        388782  nvme1n1 RS   1739378944 131072    2.379
09:12:29.944 VLLM::W        388783  nvme1n1 RS   1737277696 131072    1.886
09:12:29.944 VLLM::W        388783  nvme1n1 RS   1737277440 131072    1.909
09:12:29.944 VLLM::W        388783  nvme1n1 RS   1737277952 131072    1.913
09:12:29.944 VLLM::W        388783  nvme1n1 RS   1737278208 131072    1.956
09:12:29.944 VLLM::W        388783  nvme1n1 RS   1737278464 131072    2.012
09:12:29.945 VLLM::W        388783  nvme1n1 RS   1737278720 131072    2.058
09:12:29.945 VLLM::W        388783  nvme1n1 RS   1737278976 131072    2.056
09:12:29.945 VLLM::W        388783  nvme1n1 RS   1737279232 131072    2.074
09:12:29.945 VLLM::W        388783  nvme1n1 RS   1737279488 131072    2.115
09:12:29.945 VLLM::W        388783  nvme1n1 RS   1737279744 131072    2.145
09:12:29.945 VLLM::W        388783  nvme1n1 RS   1737280000 131072    2.177
09:12:29.945 VLLM::W        388783  nvme1n1 RS   1737280256 131072    2.207
09:12:29.945 VLLM::W        388783  nvme1n1 RS   1737280512 131072    2.237
09:12:29.945 VLLM::W        388783  nvme1n1 RS   1737280768 131072    2.268
09:12:29.945 VLLM::W        388783  nvme1n1 RS   1737281024 131072    2.294
09:12:29.945 VLLM::W        388783  nvme1n1 RS   1737281280 131072    2.318
09:12:29.945 VLLM::W        388783  nvme1n1 RS   1737281536 131072    2.354
09:12:29.945 VLLM::W        388783  nvme1n1 RS   1737281792 131072    2.397
09:12:29.945 VLLM::W        388784  nvme1n1 RS   1739358208 131072    1.839
09:12:29.945 VLLM::W        388784  nvme1n1 RS   1739358464 131072    1.839
09:12:29.945 VLLM::W        388784  nvme1n1 RS   1739358720 131072    1.843
09:12:29.945 VLLM::W        388784  nvme1n1 RS   1739358976 131072    1.870
09:12:29.945 VLLM::W        388784  nvme1n1 RS   1739359232 131072    1.919
09:12:29.945 VLLM::W        388784  nvme1n1 RS   1739359488 131072    1.976
09:12:29.945 VLLM::W        388784  nvme1n1 RS   1739359744 131072    2.005
09:12:29.945 VLLM::W        388784  nvme1n1 RS   1739360000 131072    1.970
09:12:29.945 VLLM::W        388784  nvme1n1 RS   1739360256 131072    1.997
09:12:29.945 VLLM::W        388784  nvme1n1 RS   1739360512 131072    2.044
09:12:29.945 VLLM::W        388784  nvme1n1 RS   1739360768 131072    2.068
09:12:29.945 VLLM::W        388784  nvme1n1 RS   1739361024 131072    2.102
09:12:29.945 VLLM::W        388784  nvme1n1 RS   1739361280 131072    2.133
09:12:29.945 VLLM::W        388784  nvme1n1 RS   1739361536 131072    2.167
09:12:29.945 VLLM::W        388784  nvme1n1 RS   1739361792 131072    2.203
09:12:29.946 VLLM::W        388784  nvme1n1 RS   1739362048 131072    2.204
09:12:29.946 VLLM::W        388784  nvme1n1 RS   1739362304 131072    2.251
09:12:29.946 VLLM::W        388784  nvme1n1 RS   1739362560 131072    2.279
09:12:29.946 VLLM::W        388781  nvme1n1 RS   1739530496 131072    1.932
09:12:29.946 VLLM::W        388781  nvme1n1 RS   1739530240 131072    1.954
09:12:29.946 VLLM::W        388781  nvme1n1 RS   1739530752 131072    1.956
09:12:29.946 VLLM::W        388781  nvme1n1 RS   1739531008 131072    1.983
09:12:29.946 VLLM::W        388781  nvme1n1 RS   1739531264 131072    2.027
09:12:29.946 VLLM::W        388781  nvme1n1 RS   1739531520 131072    2.058
09:12:29.946 VLLM::W        388781  nvme1n1 RS   1739531776 131072    2.118
09:12:29.946 VLLM::W        388781  nvme1n1 RS   1739532032 131072    2.087
09:12:29.946 VLLM::W        388781  nvme1n1 RS   1739532288 131072    2.119
09:12:29.946 VLLM::W        388781  nvme1n1 RS   1739532544 131072    2.150
09:12:29.946 VLLM::W        388781  nvme1n1 RS   1739532800 131072    2.173
09:12:29.946 VLLM::W        388781  nvme1n1 RS   1739533056 131072    2.221
09:12:29.946 VLLM::W        388781  nvme1n1 RS   1739533312 131072    2.264
09:12:29.946 VLLM::W        388781  nvme1n1 RS   1739533568 131072    2.274
09:12:29.946 VLLM::W        388781  nvme1n1 RS   1739533824 131072    2.313
09:12:29.946 VLLM::W        388781  nvme1n1 RS   1739534080 131072    2.344
09:12:29.946 VLLM::W        388781  nvme1n1 RS   1739534336 131072    2.373
09:12:29.946 VLLM::W        388781  nvme1n1 RS   1739534592 131072    2.400
09:12:29.946 VLLM::W        388782  nvme1n1 RS   1736409088 131072    1.912
09:12:29.946 VLLM::W        388782  nvme1n1 RS   1736409344 131072    1.943
09:12:29.946 VLLM::W        388782  nvme1n1 RS   1736409600 131072    1.972
09:12:29.946 VLLM::W        388782  nvme1n1 RS   1736409856 131072    2.004
09:12:29.946 VLLM::W        388782  nvme1n1 RS   1736410112 131072    2.042
09:12:29.947 VLLM::W        388782  nvme1n1 RS   1736410368 131072    2.103
09:12:29.947 VLLM::W        388782  nvme1n1 RS   1736410624 131072    2.129
09:12:29.947 VLLM::W        388782  nvme1n1 RS   1736410880 131072    2.106
09:12:29.947 VLLM::W        388782  nvme1n1 RS   1736411136 131072    2.139
09:12:29.947 VLLM::W        388782  nvme1n1 RS   1736411392 131072    2.167
09:12:29.947 VLLM::W        388782  nvme1n1 RS   1736411648 131072    2.201
09:12:29.947 VLLM::W        388782  nvme1n1 RS   1736411904 131072    2.237
09:12:29.947 VLLM::W        388782  nvme1n1 RS   1736412160 131072    2.272
09:12:29.947 VLLM::W        388782  nvme1n1 RS   1736412416 131072    2.300
09:12:29.947 VLLM::W        388782  nvme1n1 RS   1736412672 131072    2.335
09:12:29.947 VLLM::W        388782  nvme1n1 RS   1736412928 131072    2.373
09:12:29.947 VLLM::W        388782  nvme1n1 RS   1736413184 131072    2.406
09:12:29.947 VLLM::W        388782  nvme1n1 RS   1736413440 131072    2.432
09:12:29.947 VLLM::W        388783  nvme1n1 RS   1739554816 131072    1.871
09:12:29.947 VLLM::W        388783  nvme1n1 RS   1739555072 131072    1.901
09:12:29.947 VLLM::W        388783  nvme1n1 RS   1739555328 131072    1.937
09:12:29.947 VLLM::W        388783  nvme1n1 RS   1739555584 131072    1.973
09:12:29.947 VLLM::W        388783  nvme1n1 RS   1739555840 131072    2.036
09:12:29.947 VLLM::W        388783  nvme1n1 RS   1739556096 131072    2.062
09:12:29.947 VLLM::W        388783  nvme1n1 RS   1739556352 131072    2.072
09:12:29.947 VLLM::W        388783  nvme1n1 RS   1739556608 131072    2.065
09:12:29.947 VLLM::W        388783  nvme1n1 RS   1739556864 131072    2.101
09:12:29.947 VLLM::W        388783  nvme1n1 RS   1739557120 131072    2.124
09:12:29.947 VLLM::W        388783  nvme1n1 RS   1739557376 131072    2.158
09:12:29.947 VLLM::W        388783  nvme1n1 RS   1739557632 131072    2.192
09:12:29.947 VLLM::W        388783  nvme1n1 RS   1739557888 131072    2.282
09:12:29.947 VLLM::W        388783  nvme1n1 RS   1739558144 131072    2.294
09:12:29.947 VLLM::W        388783  nvme1n1 RS   1739558400 131072    2.305
09:12:29.948 VLLM::W        388783  nvme1n1 RS   1739558656 131072    2.323
09:12:29.948 VLLM::W        388783  nvme1n1 RS   1739558912 131072    2.356
09:12:29.948 VLLM::W        388783  nvme1n1 RS   1739559168 131072    2.385
09:12:29.948 VLLM::W        388784  nvme1n1 RS   39723264   131072    1.897
09:12:29.948 VLLM::W        388784  nvme1n1 RS   39723008   131072    1.912
09:12:29.948 VLLM::W        388784  nvme1n1 RS   39723520   131072    1.962
09:12:29.948 VLLM::W        388784  nvme1n1 RS   39723776   131072    1.970
09:12:29.948 VLLM::W        388784  nvme1n1 RS   39724032   131072    2.033
09:12:29.948 VLLM::W        388784  nvme1n1 RS   39724288   131072    2.046
09:12:29.948 VLLM::W        388784  nvme1n1 RS   39724544   131072    2.087
09:12:29.948 VLLM::W        388784  nvme1n1 RS   39724800   131072    2.078
09:12:29.948 VLLM::W        388784  nvme1n1 RS   39725056   131072    2.121
09:12:29.948 VLLM::W        388784  nvme1n1 RS   39725312   131072    2.131
09:12:29.948 VLLM::W        388784  nvme1n1 RS   39725568   131072    2.188
09:12:29.948 VLLM::W        388784  nvme1n1 RS   39725824   131072    2.198
09:12:29.948 VLLM::W        388784  nvme1n1 RS   39726336   131072    2.250
09:12:29.948 VLLM::W        388784  nvme1n1 RS   39726080   131072    2.266
09:12:29.948 VLLM::W        388784  nvme1n1 RS   39726848   131072    2.353
09:12:29.948 VLLM::W        388784  nvme1n1 RS   39726592   131072    2.378
09:12:29.948 VLLM::W        388784  nvme1n1 RS   39731456   131072    2.416
09:12:29.948 VLLM::W        388784  nvme1n1 RS   39731200   131072    2.445
09:12:29.948 VLLM::W        388781  nvme1n1 RS   722567424  131072    1.921
09:12:29.948 VLLM::W        388781  nvme1n1 RS   722567168  131072    1.974
09:12:29.948 VLLM::W        388781  nvme1n1 RS   722567936  131072    2.000
09:12:29.948 VLLM::W        388781  nvme1n1 RS   722567680  131072    2.084
09:12:29.949 VLLM::W        388781  nvme1n1 RS   722568448  131072    2.107
09:12:29.949 VLLM::W        388781  nvme1n1 RS   722568704  131072    2.115
09:12:29.949 VLLM::W        388781  nvme1n1 RS   722568192  131072    2.130
09:12:29.949 VLLM::W        388781  nvme1n1 RS   722568960  131072    2.125
09:12:29.949 VLLM::W        388781  nvme1n1 RS   722569216  131072    2.137
09:12:29.949 VLLM::W        388781  nvme1n1 RS   722569728  131072    2.188
09:12:29.949 VLLM::W        388781  nvme1n1 RS   722569472  131072    2.200
09:12:29.949 VLLM::W        388781  nvme1n1 RS   722569984  131072    2.253
09:12:29.949 VLLM::W        388781  nvme1n1 RS   722570240  131072    2.268
09:12:29.949 VLLM::W        388781  nvme1n1 RS   722570496  131072    2.345
09:12:29.949 VLLM::W        388781  nvme1n1 RS   722571008  131072    2.380
09:12:29.949 VLLM::W        388781  nvme1n1 RS   722570752  131072    2.417
09:12:29.949 VLLM::W        388781  nvme1n1 RS   722583552  131072    2.420
09:12:29.949 VLLM::W        388781  nvme1n1 RS   722583808  131072    2.430
09:12:29.949 VLLM::W        388782  nvme1n1 RS   722563072  131072    1.972
09:12:29.949 VLLM::W        388782  nvme1n1 RS   722563328  131072    1.982
09:12:29.949 VLLM::W        388782  nvme1n1 RS   722563584  131072    1.993
09:12:29.949 VLLM::W        388782  nvme1n1 RS   722563840  131072    2.070
09:12:29.949 VLLM::W        388782  nvme1n1 RS   722564096  131072    2.082
09:12:29.949 VLLM::W        388782  nvme1n1 RS   722564352  131072    2.099
09:12:29.949 VLLM::W        388782  nvme1n1 RS   722564608  131072    2.116
09:12:29.949 VLLM::W        388782  nvme1n1 RS   722564864  131072    2.137
09:12:29.949 VLLM::W        388782  nvme1n1 RS   722565120  131072    2.162
09:12:29.949 VLLM::W        388782  nvme1n1 RS   722565376  131072    2.186
09:12:29.949 VLLM::W        388782  nvme1n1 RS   722565632  131072    2.197
09:12:29.949 VLLM::W        388782  nvme1n1 RS   722565888  131072    2.260
09:12:29.949 VLLM::W        388782  nvme1n1 RS   722566144  131072    2.270
09:12:29.949 VLLM::W        388782  nvme1n1 RS   722566400  131072    2.327
09:12:29.949 VLLM::W        388782  nvme1n1 RS   722566656  131072    2.337
09:12:29.950 VLLM::W        388782  nvme1n1 RS   722566912  131072    2.403
09:12:29.950 VLLM::W        388782  nvme1n1 RS   722575360  131072    2.414
09:12:29.950 VLLM::W        388782  nvme1n1 RS   722575616  131072    2.444
09:12:29.950 VLLM::W        388783  nvme1n1 RS   730411008  131072    1.916
09:12:29.950 VLLM::W        388783  nvme1n1 RS   730411264  131072    1.941
09:12:29.950 VLLM::W        388783  nvme1n1 RS   730411520  131072    1.976
09:12:29.950 VLLM::W        388783  nvme1n1 RS   730411776  131072    2.104
09:12:29.950 VLLM::W        388783  nvme1n1 RS   730412032  131072    2.132
09:12:29.950 VLLM::W        388783  nvme1n1 RS   730412288  131072    2.139
09:12:29.950 VLLM::W        388783  nvme1n1 RS   730412544  131072    2.142
09:12:29.950 VLLM::W        388783  nvme1n1 RS   730413312  131072    2.186
09:12:29.950 VLLM::W        388783  nvme1n1 RS   730412800  131072    2.213
09:12:29.950 VLLM::W        388783  nvme1n1 RS   730413056  131072    2.234
09:12:29.950 VLLM::W        388783  nvme1n1 RS   730413568  131072    2.237
09:12:29.950 VLLM::W        388783  nvme1n1 RS   730414336  131072    2.327
09:12:29.950 VLLM::W        388783  nvme1n1 RS   730413824  131072    2.348
09:12:29.950 VLLM::W        388783  nvme1n1 RS   730414080  131072    2.370
09:12:29.950 VLLM::W        388783  nvme1n1 RS   730414592  131072    2.373
09:12:29.950 VLLM::W        388783  nvme1n1 RS   730415360  131072    2.440
09:12:29.950 VLLM::W        388783  nvme1n1 RS   730414848  131072    2.465
09:12:29.950 VLLM::W        388783  nvme1n1 RS   730415104  131072    2.477
09:12:29.950 VLLM::W        388784  nvme1n1 RS   722571520  131072    1.954
09:12:29.950 VLLM::W        388784  nvme1n1 RS   722571264  131072    1.962
09:12:29.950 VLLM::W        388784  nvme1n1 RS   722571776  131072    1.956
09:12:29.950 VLLM::W        388784  nvme1n1 RS   722572032  131072    2.014
09:12:29.951 VLLM::W        388784  nvme1n1 RS   722572288  131072    2.046
09:12:29.951 VLLM::W        388784  nvme1n1 RS   722573056  131072    2.014
09:12:29.951 VLLM::W        388784  nvme1n1 RS   722572544  131072    2.084
09:12:29.951 VLLM::W        388784  nvme1n1 RS   722572800  131072    2.095
09:12:29.951 VLLM::W        388784  nvme1n1 RS   722573824  131072    2.116
09:12:29.951 VLLM::W        388784  nvme1n1 RS   722574080  131072    2.157
09:12:29.951 VLLM::W        388784  nvme1n1 RS   722573312  131072    2.187
09:12:29.951 VLLM::W        388784  nvme1n1 RS   722573568  131072    2.192
09:12:29.951 VLLM::W        388784  nvme1n1 RS   722574336  131072    2.244
09:12:29.951 VLLM::W        388784  nvme1n1 RS   722574592  131072    2.250
09:12:29.951 VLLM::W        388784  nvme1n1 RS   722574848  131072    2.335
09:12:29.951 VLLM::W        388784  nvme1n1 RS   722575104  131072    2.365
09:12:29.951 VLLM::W        388784  nvme1n1 RS   722579456  131072    2.379
09:12:29.951 VLLM::W        388784  nvme1n1 RS   722579712  131072    2.390
09:12:29.951 VLLM::W        388781  nvme1n1 RS   1557168128 131072    1.917
09:12:29.951 VLLM::W        388781  nvme1n1 RS   1557168640 131072    2.042
09:12:29.951 VLLM::W        388781  nvme1n1 RS   1557168384 131072    2.081
09:12:29.951 VLLM::W        388781  nvme1n1 RS   1557169408 131072    2.090
09:12:29.951 VLLM::W        388781  nvme1n1 RS   1557169664 131072    2.089
09:12:29.951 VLLM::W        388781  nvme1n1 RS   1557169920 131072    2.168
09:12:29.951 VLLM::W        388781  nvme1n1 RS   1557168896 131072    2.237
09:12:29.951 VLLM::W        388781  nvme1n1 RS   1557169152 131072    2.248
09:12:29.951 VLLM::W        388781  nvme1n1 RS   1557170688 131072    2.289
09:12:29.951 VLLM::W        388781  nvme1n1 RS   1557170944 131072    2.303
09:12:29.951 VLLM::W        388781  nvme1n1 RS   1557170176 131072    2.334
09:12:29.952 VLLM::W        388781  nvme1n1 RS   1557170432 131072    2.354
09:12:29.952 VLLM::W        388781  nvme1n1 RS   1557171712 131072    2.355
09:12:29.952 VLLM::W        388781  nvme1n1 RS   1557171968 131072    2.352
09:12:29.952 VLLM::W        388781  nvme1n1 RS   1557171200 131072    2.399
09:12:29.952 VLLM::W        388781  nvme1n1 RS   1557171456 131072    2.408
09:12:29.952 VLLM::W        388781  nvme1n1 RS   1557172224 131072    2.436
09:12:29.952 VLLM::W        388781  nvme1n1 RS   1557172480 131072    2.443
09:12:29.952 VLLM::W        388782  nvme1n1 RS   39727104   131072    2.013
09:12:29.952 VLLM::W        388782  nvme1n1 RS   39727360   131072    2.027
09:12:29.952 VLLM::W        388782  nvme1n1 RS   39727616   131072    2.040
09:12:29.952 VLLM::W        388782  nvme1n1 RS   39727872   131072    2.095
09:12:29.952 VLLM::W        388782  nvme1n1 RS   39728384   131072    2.121
09:12:29.952 VLLM::W        388782  nvme1n1 RS   39728128   131072    2.133
09:12:29.952 VLLM::W        388782  nvme1n1 RS   39728640   131072    2.137
09:12:29.952 VLLM::W        388782  nvme1n1 RS   39729152   131072    2.143
09:12:29.952 VLLM::W        388782  nvme1n1 RS   39728896   131072    2.208
09:12:29.952 VLLM::W        388782  nvme1n1 RS   39729664   131072    2.212
09:12:29.952 VLLM::W        388782  nvme1n1 RS   39729920   131072    2.243
09:12:29.952 VLLM::W        388782  nvme1n1 RS   39729408   131072    2.278
09:12:29.952 VLLM::W        388782  nvme1n1 RS   39730176   131072    2.366
09:12:29.952 VLLM::W        388782  nvme1n1 RS   39730432   131072    2.384
09:12:29.952 VLLM::W        388782  nvme1n1 RS   39730688   131072    2.395
09:12:29.952 VLLM::W        388782  nvme1n1 RS   39730944   131072    2.434
09:12:29.952 VLLM::W        388782  nvme1n1 RS   39735296   131072    2.444
09:12:29.952 VLLM::W        388782  nvme1n1 RS   39735552   131072    2.486
09:12:29.952 VLLM::W        388783  nvme1n1 RS   1532326144 131072    1.911
09:12:29.952 VLLM::W        388783  nvme1n1 RS   1532326400 131072    1.944
09:12:29.952 VLLM::W        388783  nvme1n1 RS   1532325888 131072    1.963
09:12:29.952 VLLM::W        388783  nvme1n1 RS   1532326912 131072    2.003
09:12:29.952 VLLM::W        388783  nvme1n1 RS   1532327168 131072    2.059
09:12:29.952 VLLM::W        388783  nvme1n1 RS   1532327424 131072    2.070
09:12:29.953 VLLM::W        388783  nvme1n1 RS   1532327936 131072    2.118
09:12:29.953 VLLM::W        388783  nvme1n1 RS   1532326656 131072    2.174
09:12:29.953 VLLM::W        388783  nvme1n1 RS   1532327680 131072    2.191
09:12:29.953 VLLM::W        388783  nvme1n1 RS   1532328448 131072    2.209
09:12:29.953 VLLM::W        388783  nvme1n1 RS   1532328704 131072    2.220
09:12:29.953 VLLM::W        388783  nvme1n1 RS   1532329216 131072    2.283
09:12:29.953 VLLM::W        388783  nvme1n1 RS   1532329472 131072    2.310
09:12:29.953 VLLM::W        388783  nvme1n1 RS   1532328192 131072    2.357
09:12:29.953 VLLM::W        388783  nvme1n1 RS   1532329728 131072    2.364
09:12:29.953 VLLM::W        388783  nvme1n1 RS   1532334080 131072    2.396
09:12:29.953 VLLM::W        388783  nvme1n1 RS   1532334336 131072    2.420
09:12:29.953 VLLM::W        388783  nvme1n1 RS   1532328960 131072    2.450
09:12:29.953 VLLM::W        388784  nvme1n1 RS   1735315456 131072    1.920
09:12:29.953 VLLM::W        388784  nvme1n1 RS   1735315968 131072    1.918
09:12:29.953 VLLM::W        388784  nvme1n1 RS   1735316224 131072    1.932
09:12:29.953 VLLM::W        388784  nvme1n1 RS   1735316480 131072    1.965
09:12:29.953 VLLM::W        388784  nvme1n1 RS   1735315712 131072    2.002
09:12:29.953 VLLM::W        388784  nvme1n1 RS   1735316736 131072    2.021
09:12:29.953 VLLM::W        388784  nvme1n1 RS   1735316992 131072    2.053
09:12:29.953 VLLM::W        388784  nvme1n1 RS   1735317248 131072    2.029
09:12:29.953 VLLM::W        388784  nvme1n1 RS   1735317760 131072    2.076
09:12:29.953 VLLM::W        388784  nvme1n1 RS   1735317504 131072    2.122
09:12:29.953 VLLM::W        388784  nvme1n1 RS   1735318016 131072    2.129
09:12:29.953 VLLM::W        388784  nvme1n1 RS   1735318272 131072    2.195
09:12:29.953 VLLM::W        388784  nvme1n1 RS   1735318528 131072    2.218
09:12:29.953 VLLM::W        388784  nvme1n1 RS   1735318784 131072    2.229
09:12:29.953 VLLM::W        388784  nvme1n1 RS   1735319040 131072    2.259
09:12:29.954 VLLM::W        388784  nvme1n1 RS   1735319552 131072    2.301
09:12:29.954 VLLM::W        388784  nvme1n1 RS   1735319808 131072    2.338
09:12:29.954 VLLM::W        388784  nvme1n1 RS   1735319296 131072    2.356
09:12:29.954 VLLM::W        388781  nvme1n1 RS   722587648  131072    1.885
09:12:29.954 VLLM::W        388781  nvme1n1 RS   722588160  131072    1.893
09:12:29.954 VLLM::W        388781  nvme1n1 RS   722587904  131072    1.922
09:12:29.954 VLLM::W        388781  nvme1n1 RS   722588416  131072    1.956
09:12:29.954 VLLM::W        388781  nvme1n1 RS   722588928  131072    1.995
09:12:29.954 VLLM::W        388781  nvme1n1 RS   722588672  131072    2.012
09:12:29.954 VLLM::W        388781  nvme1n1 RS   722589440  131072    1.999
09:12:29.954 VLLM::W        388781  nvme1n1 RS   722589184  131072    2.062
09:12:29.954 VLLM::W        388781  nvme1n1 RS   722590208  131072    2.105
09:12:29.954 VLLM::W        388781  nvme1n1 RS   722589696  131072    2.134
09:12:29.954 VLLM::W        388781  nvme1n1 RS   722589952  131072    2.154
09:12:29.954 VLLM::W        388781  nvme1n1 RS   722590464  131072    2.168
09:12:29.954 VLLM::W        388781  nvme1n1 RS   722590720  131072    2.174
09:12:29.954 VLLM::W        388781  nvme1n1 RS   722590976  131072    2.213
09:12:29.954 VLLM::W        388781  nvme1n1 RS   722591232  131072    2.250
09:12:29.954 VLLM::W        388781  nvme1n1 RS   722591744  131072    2.297
09:12:29.954 VLLM::W        388781  nvme1n1 RS   722591488  131072    2.344
09:12:29.954 VLLM::W        388781  nvme1n1 RS   722592000  131072    2.352
09:12:29.954 VLLM::W        388782  nvme1n1 RS   1532321792 131072    1.919
09:12:29.954 VLLM::W        388782  nvme1n1 RS   1532322048 131072    1.924
09:12:29.954 VLLM::W        388782  nvme1n1 RS   1532322304 131072    1.938
09:12:29.954 VLLM::W        388782  nvme1n1 RS   1532322560 131072    1.949
09:12:29.954 VLLM::W        388782  nvme1n1 RS   1532322816 131072    1.978
09:12:29.954 VLLM::W        388782  nvme1n1 RS   1532323072 131072    2.030
09:12:29.954 VLLM::W        388782  nvme1n1 RS   1532323328 131072    2.036
09:12:29.955 VLLM::W        388782  nvme1n1 RS   1532323584 131072    2.044
09:12:29.955 VLLM::W        388782  nvme1n1 RS   1532323840 131072    2.091
09:12:29.955 VLLM::W        388782  nvme1n1 RS   1532324096 131072    2.118
09:12:29.955 VLLM::W        388782  nvme1n1 RS   1532324352 131072    2.146
09:12:29.955 VLLM::W        388782  nvme1n1 RS   1532324608 131072    2.183
09:12:29.955 VLLM::W        388782  nvme1n1 RS   1532324864 131072    2.219
09:12:29.955 VLLM::W        388782  nvme1n1 RS   1532325120 131072    2.260
09:12:29.955 VLLM::W        388782  nvme1n1 RS   1532325376 131072    2.290
09:12:29.955 VLLM::W        388782  nvme1n1 RS   1532325632 131072    2.309
09:12:29.955 VLLM::W        388782  nvme1n1 RS   1532329984 131072    2.359
09:12:29.955 VLLM::W        388782  nvme1n1 RS   1532330240 131072    2.389
09:12:29.955 VLLM::W        388783  nvme1n1 RS   1499385856 131072    1.919
09:12:29.955 VLLM::W        388783  nvme1n1 RS   1499386112 131072    1.923
09:12:29.955 VLLM::W        388783  nvme1n1 RS   1499386368 131072    1.969
09:12:29.955 VLLM::W        388783  nvme1n1 RS   1499386624 131072    2.045
09:12:29.955 VLLM::W        388783  nvme1n1 RS   1499386880 131072    2.127
09:12:29.955 VLLM::W        388783  nvme1n1 RS   1499387136 131072    2.209
09:12:29.955 VLLM::W        388783  nvme1n1 RS   1499387392 131072    2.264
09:12:29.955 VLLM::W        388783  nvme1n1 RS   1499387648 131072    2.267
09:12:29.955 VLLM::W        388783  nvme1n1 RS   1499387904 131072    2.301
09:12:29.955 VLLM::W        388783  nvme1n1 RS   1499388160 131072    2.343
09:12:29.956 VLLM::W        388783  nvme1n1 RS   1499388416 131072    2.368
09:12:29.956 VLLM::W        388783  nvme1n1 RS   1499388672 131072    2.424
09:12:29.956 VLLM::W        388783  nvme1n1 RS   1499388928 131072    2.482
09:12:29.956 VLLM::W        388783  nvme1n1 RS   1499389184 131072    2.535
09:12:29.956 VLLM::W        388783  nvme1n1 RS   1499389440 131072    2.596
09:12:29.956 VLLM::W        388783  nvme1n1 RS   1499389696 131072    2.644
09:12:29.956 VLLM::W        388783  nvme1n1 RS   1499389952 131072    2.700
09:12:29.956 VLLM::W        388783  nvme1n1 RS   1499390208 131072    2.762
09:12:30.045 python3        388782  nvme1n1 WS   1520209920 131072    0.161
09:12:30.046 python3        388782  nvme1n1 WS   1520210176 131072    0.251
09:12:30.046 python3        388782  nvme1n1 WS   1520210432 131072    0.312
09:12:30.046 python3        388782  nvme1n1 WS   1520210688 131072    0.382
09:12:30.046 python3        388782  nvme1n1 WS   1520210944 131072    0.459
09:12:30.046 python3        388782  nvme1n1 WS   1520211200 131072    0.547
09:12:30.046 python3        388782  nvme1n1 WS   1520211456 131072    0.621
09:12:30.046 python3        388781  nvme1n1 WS   1520214016 131072    0.702
09:12:30.046 python3        388781  nvme1n1 WS   1520214272 131072    0.774
09:12:30.046 python3        388781  nvme1n1 WS   1520214528 131072    0.855
09:12:30.046 python3        388781  nvme1n1 WS   1520214784 131072    0.936
09:12:30.046 python3        388781  nvme1n1 WS   1520215040 131072    1.015
09:12:30.046 python3        388781  nvme1n1 WS   1520215296 131072    1.094
09:12:30.047 python3        388781  nvme1n1 WS   1520215552 131072    1.176
09:12:30.047 python3        388782  nvme1n1 WS   1520211712 131072    1.261
09:12:30.047 python3        388782  nvme1n1 WS   1520211968 131072    1.335
09:12:30.047 python3        388782  nvme1n1 WS   1520212224 131072    1.415
09:12:30.047 python3        388784  nvme1n1 WS   1532338176 131072    1.502
09:12:30.047 python3        388782  nvme1n1 WS   1520212480 131072    1.578
09:12:30.047 python3        388782  nvme1n1 WS   1520212736 131072    1.659
09:12:30.047 python3        388782  nvme1n1 WS   1520212992 131072    1.737
09:12:30.047 python3        388782  nvme1n1 WS   1520213248 131072    1.813
09:12:30.047 python3        388782  nvme1n1 WS   1520213504 131072    1.892
09:12:30.047 python3        388781  nvme1n1 WS   1520215808 131072    1.992
09:12:30.047 python3        388781  nvme1n1 WS   1520216064 131072    2.072
09:12:30.048 python3        388781  nvme1n1 WS   1520216320 131072    2.155
09:12:30.048 python3        388781  nvme1n1 WS   1520216576 126976    2.231
09:12:30.048 python3        388784  nvme1n1 WS   1532338432 131072    2.320
09:12:30.048 python3        388784  nvme1n1 WS   1532338688 131072    2.393
09:12:30.048 python3        388784  nvme1n1 WS   1532338944 131072    2.467
09:12:30.048 python3        388784  nvme1n1 WS   1532339200 131072    2.542
09:12:30.048 python3        388784  nvme1n1 WS   1532339456 131072    2.618
09:12:30.048 python3        388784  nvme1n1 WS   39739392   131072    2.703
09:12:30.048 python3        388784  nvme1n1 WS   39739648   131072    2.771
09:12:30.048 python3        388784  nvme1n1 WS   39739904   131072    2.848
09:12:30.048 python3        388784  nvme1n1 WS   39740160   131072    2.924
09:12:30.048 python3        388784  nvme1n1 WS   39740416   131072    2.999
09:12:30.048 python3        388784  nvme1n1 WS   39740672   131072    3.075
09:12:30.049 python3        388784  nvme1n1 WS   39740928   131072    3.151
09:12:30.049 python3        388783  nvme1n1 WS   1719316480 131072    3.255
09:12:30.049 python3        388783  nvme1n1 WS   1719316736 131072    3.325
09:12:30.049 python3        388783  nvme1n1 WS   1719316992 131072    3.401
09:12:30.049 python3        388783  nvme1n1 WS   1719317248 131072    3.477
09:12:30.049 python3        388783  nvme1n1 WS   1719317504 131072    3.558
09:12:30.049 python3        388783  nvme1n1 WS   1719317760 131072    3.637
09:12:30.049 python3        388783  nvme1n1 WS   1719318016 131072    3.713
09:12:30.049 python3        388784  nvme1n1 WS   1532339712 131072    3.861
09:12:30.049 python3        388782  nvme1n1 WS   1520213760 131072    3.881
09:12:30.049 python3        388782  nvme1n1 WS   1520218112 131072    3.959
09:12:30.049 python3        388782  nvme1n1 WS   1520218368 131072    4.035
09:12:30.050 python3        388784  nvme1n1 WS   39741184   131072    4.108
09:12:30.050 python3        388784  nvme1n1 WS   39741440   131072    4.183
09:12:30.050 python3        388784  nvme1n1 WS   39741696   131072    4.261
09:12:30.050 python3        388784  nvme1n1 WS   39741952   126976    4.337
09:12:30.050 python3        388783  nvme1n1 WS   1719318272 131072    4.422
09:12:30.050 python3        388783  nvme1n1 WS   1719318528 131072    4.499
09:12:30.050 python3        388783  nvme1n1 WS   1719318784 131072    4.574
09:12:30.050 python3        388783  nvme1n1 WS   1719319040 126976    4.652
09:12:30.050 python3        388784  nvme1n1 WS   1532339968 131072    4.746
09:12:30.050 python3        388784  nvme1n1 WS   1532340224 131072    4.817
09:12:30.050 python3        388784  nvme1n1 WS   1532340480 131072    4.889
09:12:30.050 python3        388784  nvme1n1 WS   1532340736 131072    4.966
09:12:30.050 python3        388784  nvme1n1 WS   1532340992 131072    5.040
09:12:30.051 python3        388784  nvme1n1 WS   1532341248 131072    5.118
09:12:30.051 python3        388784  nvme1n1 WS   1532341504 131072    5.193
09:12:30.051 python3        388784  nvme1n1 WS   1532341760 131072    5.270
09:12:30.051 python3        388782  nvme1n1 WS   1569562624 131072    5.357
09:12:30.051 python3        388782  nvme1n1 WS   1569562880 131072    5.430
09:12:30.051 python3        388782  nvme1n1 WS   1569563136 131072    5.512
09:12:30.051 python3        388782  nvme1n1 WS   1569563392 131072    5.584
09:12:30.051 python3        388782  nvme1n1 WS   1569563648 131072    5.661
09:12:30.051 python3        388782  nvme1n1 WS   1569563904 131072    5.734
09:12:30.051 python3        388784  nvme1n1 WS   1532342016 131072    5.814
09:12:30.051 python3        388784  nvme1n1 WS   1532342272 131072    5.891
09:12:30.051 python3        388784  nvme1n1 WS   1532342528 131072    5.973
09:12:30.052 python3        388782  nvme1n1 WS   1569564160 131072    6.056
09:12:30.052 python3        388782  nvme1n1 WS   1569564416 131072    6.127
09:12:30.052 python3        388782  nvme1n1 WS   1569564672 131072    6.204
09:12:30.052 python3        388782  nvme1n1 WS   1569564928 131072    6.278
09:12:30.052 python3        388782  nvme1n1 WS   1569565184 126976    6.353
09:12:30.052 python3        388781  nvme1n1 WS   722595840  131072    6.446
09:12:30.052 python3        388781  nvme1n1 WS   722596096  131072    6.514
09:12:30.052 python3        388781  nvme1n1 WS   722596352  131072    6.588
09:12:30.052 python3        388781  nvme1n1 WS   722596608  131072    6.660
09:12:30.052 python3        388781  nvme1n1 WS   722596864  131072    6.735
09:12:30.052 python3        388781  nvme1n1 WS   722597120  131072    6.810
09:12:30.052 python3        388781  nvme1n1 WS   722597376  131072    6.883
09:12:30.053 python3        388783  nvme1n1 WS   1499394048 131072    7.096
09:12:30.053 python3        388783  nvme1n1 WS   1499394304 131072    7.097
09:12:30.053 python3        388783  nvme1n1 WS   1499394560 131072    7.141
09:12:30.053 python3        388783  nvme1n1 WS   1499394816 131072    7.221
09:12:30.053 python3        388783  nvme1n1 WS   1499395072 131072    7.300
09:12:30.053 python3        388783  nvme1n1 WS   1499395328 131072    7.375
09:12:30.053 python3        388783  nvme1n1 WS   1499395584 131072    7.455
09:12:30.053 python3        388781  nvme1n1 WS   722597632  131072    7.506
09:12:30.053 python3        388781  nvme1n1 WS   722597888  131072    7.583
09:12:30.053 python3        388781  nvme1n1 WS   722598144  131072    7.654
09:12:30.053 python3        388781  nvme1n1 WS   722598400  131072    7.730
09:12:30.053 python3        388781  nvme1n1 WS   722598656  131072    7.806
09:12:30.053 python3        388781  nvme1n1 WS   722598912  131072    7.881
09:12:30.054 python3        388783  nvme1n1 WS   1499395840 131072    7.987
09:12:30.054 python3        388783  nvme1n1 WS   1499396096 131072    8.062
09:12:30.054 python3        388783  nvme1n1 WS   1499396352 131072    8.138
09:12:30.054 python3        388783  nvme1n1 WS   1499396608 131072    8.220
09:12:30.054 python3        388783  nvme1n1 WS   1499396864 131072    8.292
09:12:30.054 python3        388783  nvme1n1 WS   1499397120 131072    8.371
09:12:30.054 python3        388783  nvme1n1 WS   1499397376 131072    8.446
09:12:30.054 python3        388783  nvme1n1 WS   1499397632 131072    8.524
09:12:30.054 python3        388781  nvme1n1 WS   722599168  131072    8.594
09:12:30.054 python3        388781  nvme1n1 WS   722599424  131072    8.671
09:12:30.054 python3        388783  nvme1n1 WS   1499397888 131072    8.746
09:12:30.054 python3        388783  nvme1n1 WS   1499398144 131072    8.823
09:12:30.055 python3        388783  nvme1n1 WS   1499398400 131072    8.904
09:12:30.055 python3        388781  nvme1n1 WS   722599680  131072    8.967
09:12:30.055 python3        388781  nvme1n1 WS   722599936  131072    9.040
09:12:30.055 python3        388781  nvme1n1 WS   722600192  131072    9.113
09:12:30.780 nvme           425709  Unknown N    -1         512       0.034
09:12:31.783 nvme           425723  Unknown N    -1         512       0.080
09:12:32.131 VLLM::W        388783  nvme1n1 RS   1738354688 131072    0.277
09:12:32.131 VLLM::W        388783  nvme1n1 RS   1738354944 131072    0.284
09:12:32.131 VLLM::W        388783  nvme1n1 RS   1738355200 131072    0.287
09:12:32.131 VLLM::W        388783  nvme1n1 RS   1738355712 131072    0.391
09:12:32.131 VLLM::W        388781  nvme1n1 RS   1738346496 131072    0.398
09:12:32.131 VLLM::W        388783  nvme1n1 RS   1738355968 131072    0.418
09:12:32.131 VLLM::W        388783  nvme1n1 RS   1738355456 131072    0.473
09:12:32.131 VLLM::W        388781  nvme1n1 RS   1738347008 131072    0.534
09:12:32.131 VLLM::W        388781  nvme1n1 RS   1738347264 131072    0.576
09:12:32.131 VLLM::W        388783  nvme1n1 RS   1738356224 131072    0.581
09:12:32.131 VLLM::W        388781  nvme1n1 RS   1738346752 131072    0.640
09:12:32.132 VLLM::W        388782  nvme1n1 RS   1736270592 131072    0.703
09:12:32.132 VLLM::W        388781  nvme1n1 RS   1738347520 131072    0.726
09:12:32.132 VLLM::W        388781  nvme1n1 RS   1738348032 131072    0.824
09:12:32.132 VLLM::W        388782  nvme1n1 RS   1736269824 131072    0.839
09:12:32.132 VLLM::W        388782  nvme1n1 RS   1736270848 131072    0.872
09:12:32.132 VLLM::W        388782  nvme1n1 RS   1736270080 131072    0.902
09:12:32.132 VLLM::W        388782  nvme1n1 RS   1736270336 131072    0.912
09:12:32.132 VLLM::W        388781  nvme1n1 RS   1738347776 131072    1.000
09:12:32.132 VLLM::W        388784  nvme1n1 RS   1738457344 131072    1.000
09:12:32.132 VLLM::W        388784  nvme1n1 RS   1738457088 131072    1.029
09:12:32.132 VLLM::W        388782  nvme1n1 RS   1736271104 131072    1.075
09:12:32.132 VLLM::W        388782  nvme1n1 RS   1736271360 131072    1.093
09:12:32.132 VLLM::W        388784  nvme1n1 RS   1738458112 131072    1.126
09:12:32.132 VLLM::W        388784  nvme1n1 RS   1738457600 131072    1.186
09:12:32.132 VLLM::W        388784  nvme1n1 RS   1738458368 131072    1.200
09:12:32.132 VLLM::W        388784  nvme1n1 RS   1738457856 131072    1.216
09:12:32.132 VLLM::W        388784  nvme1n1 RS   1738458624 131072    1.254
09:12:32.132 VLLM::W        388783  nvme1n1 RS   1738356736 131072    1.251
09:12:32.132 VLLM::W        388783  nvme1n1 RS   1738356480 131072    1.316
09:12:32.132 VLLM::W        388781  nvme1n1 RS   1738348288 131072    1.329
09:12:32.132 VLLM::W        388781  nvme1n1 RS   1738348544 131072    1.417
09:12:32.132 VLLM::W        388783  nvme1n1 RS   1738356992 131072    1.424
09:12:32.132 VLLM::W        388783  nvme1n1 RS   1738357248 131072    1.525
09:12:32.132 VLLM::W        388783  nvme1n1 RS   1738357504 131072    1.547
09:12:32.132 VLLM::W        388783  nvme1n1 RS   1738358016 131072    1.555
09:12:32.132 VLLM::W        388783  nvme1n1 RS   1738358272 131072    1.565
09:12:32.133 VLLM::W        388783  nvme1n1 RS   1738357760 131072    1.628
09:12:32.133 VLLM::W        388781  nvme1n1 RS   1738349056 131072    1.669
09:12:32.133 VLLM::W        388781  nvme1n1 RS   1738349312 131072    1.680
09:12:32.133 VLLM::W        388781  nvme1n1 RS   1738348800 131072    1.716
09:12:32.133 VLLM::W        388781  nvme1n1 RS   1738350080 131072    1.728
09:12:32.133 VLLM::W        388781  nvme1n1 RS   1738349568 131072    1.804
09:12:32.133 VLLM::W        388781  nvme1n1 RS   1738349824 131072    1.820
09:12:32.133 VLLM::W        388782  nvme1n1 RS   1736271872 131072    1.834
09:12:32.133 VLLM::W        388782  nvme1n1 RS   1736272128 131072    1.850
09:12:32.133 VLLM::W        388782  nvme1n1 RS   1736271616 131072    1.874
09:12:32.133 VLLM::W        388782  nvme1n1 RS   1736272384 131072    1.954
09:12:32.133 VLLM::W        388782  nvme1n1 RS   1736272640 131072    1.971
09:12:32.133 VLLM::W        388782  nvme1n1 RS   1736272896 131072    1.982
09:12:32.133 VLLM::W        388782  nvme1n1 RS   1736273152 131072    1.992
09:12:32.133 VLLM::W        388782  nvme1n1 RS   1736273408 131072    2.044
09:12:32.133 VLLM::W        388784  nvme1n1 RS   1738458880 131072    2.133
09:12:32.133 VLLM::W        388784  nvme1n1 RS   1738459392 131072    2.151
09:12:32.133 VLLM::W        388784  nvme1n1 RS   1738459136 131072    2.173
09:12:32.133 VLLM::W        388784  nvme1n1 RS   1738459648 131072    2.178
09:12:32.133 VLLM::W        388784  nvme1n1 RS   1738460160 131072    2.232
09:12:32.133 VLLM::W        388784  nvme1n1 RS   1738459904 131072    2.244
09:12:32.133 VLLM::W        388781  nvme1n1 RS   1738448896 131072    2.336
09:12:32.133 VLLM::W        388781  nvme1n1 RS   1738350336 131072    2.354
09:12:32.133 VLLM::W        388783  nvme1n1 RS   1738358784 131072    2.437
09:12:32.133 VLLM::W        388783  nvme1n1 RS   1738358528 131072    2.460
09:12:32.133 VLLM::W        388781  nvme1n1 RS   1738449152 131072    2.467
09:12:32.133 VLLM::W        388784  nvme1n1 RS   1738460416 131072    2.514
09:12:32.133 VLLM::W        388784  nvme1n1 RS   1738460672 131072    2.515
09:12:32.133 VLLM::W        388783  nvme1n1 RS   1738359040 131072    2.559
09:12:32.134 VLLM::W        388784  nvme1n1 RS   1738362880 131072    2.554
09:12:32.134 VLLM::W        388784  nvme1n1 RS   1738363136 131072    2.599
09:12:32.134 VLLM::W        388784  nvme1n1 RS   1738460928 131072    2.618
09:12:32.134 VLLM::W        388782  nvme1n1 RS   1736273664 131072    2.691
09:12:32.134 VLLM::W        388782  nvme1n1 RS   1740091392 131072    2.723
09:12:32.134 VLLM::W        388782  nvme1n1 RS   1740091648 131072    2.733
09:12:32.134 VLLM::W        388781  nvme1n1 RS   1738366976 131072    0.208
09:12:32.134 VLLM::W        388781  nvme1n1 RS   1738367232 131072    0.223
09:12:32.134 VLLM::W        388781  nvme1n1 RS   1738367488 131072    0.258
09:12:32.134 VLLM::W        388781  nvme1n1 RS   1738367744 131072    0.321
09:12:32.134 VLLM::W        388781  nvme1n1 RS   1738368000 131072    0.352
09:12:32.134 VLLM::W        388781  nvme1n1 RS   1738368256 131072    0.376
09:12:32.134 VLLM::W        388781  nvme1n1 RS   1738368512 131072    0.392
09:12:32.134 VLLM::W        388781  nvme1n1 RS   1738368768 131072    0.431
09:12:32.134 VLLM::W        388781  nvme1n1 RS   1738369024 131072    0.449
09:12:32.134 VLLM::W        388781  nvme1n1 RS   1738369280 131072    0.459
09:12:32.134 VLLM::W        388781  nvme1n1 RS   1738369536 131072    0.490
09:12:32.134 VLLM::W        388781  nvme1n1 RS   1738369792 131072    0.528
09:12:32.134 VLLM::W        388781  nvme1n1 RS   1738370048 131072    0.560
09:12:32.134 VLLM::W        388781  nvme1n1 RS   1738370304 131072    0.607
09:12:32.134 VLLM::W        388781  nvme1n1 RS   1738370560 131072    0.618
09:12:32.134 VLLM::W        388783  nvme1n1 RS   1740079104 131072    0.685
09:12:32.134 VLLM::W        388783  nvme1n1 RS   1740079360 131072    0.698
09:12:32.134 VLLM::W        388783  nvme1n1 RS   1740079616 131072    0.801
09:12:32.134 VLLM::W        388783  nvme1n1 RS   1740079872 131072    0.804
09:12:32.135 VLLM::W        388783  nvme1n1 RS   1740080128 131072    0.829
09:12:32.135 VLLM::W        388781  nvme1n1 RS   1739849728 131072    0.888
09:12:32.135 VLLM::W        388781  nvme1n1 RS   1738370816 131072    0.902
09:12:32.135 VLLM::W        388783  nvme1n1 RS   1740080384 131072    0.964
09:12:32.135 VLLM::W        388783  nvme1n1 RS   1740080640 131072    0.985
09:12:32.135 VLLM::W        388781  nvme1n1 RS   1739849984 131072    0.996
09:12:32.135 VLLM::W        388783  nvme1n1 RS   1740080896 131072    1.051
09:12:32.135 VLLM::W        388783  nvme1n1 RS   1740081152 131072    1.073
09:12:32.135 VLLM::W        388783  nvme1n1 RS   1740081408 131072    1.079
09:12:32.135 VLLM::W        388783  nvme1n1 RS   1740081664 131072    1.109
09:12:32.135 VLLM::W        388783  nvme1n1 RS   1740081920 131072    1.171
09:12:32.135 VLLM::W        388783  nvme1n1 RS   1740082176 131072    1.205
09:12:32.135 VLLM::W        388783  nvme1n1 RS   1740082432 131072    1.233
09:12:32.135 VLLM::W        388783  nvme1n1 RS   1740082688 131072    1.243
09:12:32.135 VLLM::W        388783  nvme1n1 RS   1740082944 131072    1.263
09:12:32.135 VLLM::W        388783  nvme1n1 RS   1740185600 131072    1.304
09:12:32.135 VLLM::W        388783  nvme1n1 RS   1740185856 131072    1.311
09:12:32.135 VLLM::W        388784  nvme1n1 RS   1738465536 131072    1.485
09:12:32.135 VLLM::W        388784  nvme1n1 RS   1738465792 131072    1.496
09:12:32.135 VLLM::W        388784  nvme1n1 RS   1738465280 131072    1.505
09:12:32.135 VLLM::W        388784  nvme1n1 RS   1738466560 131072    1.518
09:12:32.135 VLLM::W        388784  nvme1n1 RS   1738466048 131072    1.574
09:12:32.135 VLLM::W        388784  nvme1n1 RS   1738466304 131072    1.591
09:12:32.135 VLLM::W        388784  nvme1n1 RS   1738466816 131072    1.590
09:12:32.135 VLLM::W        388784  nvme1n1 RS   1738467584 131072    1.626
09:12:32.135 VLLM::W        388784  nvme1n1 RS   1738467328 131072    1.649
09:12:32.136 VLLM::W        388784  nvme1n1 RS   1738467072 131072    1.666
09:12:32.136 VLLM::W        388784  nvme1n1 RS   1738468352 131072    1.718
09:12:32.136 VLLM::W        388784  nvme1n1 RS   1738467840 131072    1.768
09:12:32.136 VLLM::W        388784  nvme1n1 RS   1738468096 131072    1.785
09:12:32.136 VLLM::W        388784  nvme1n1 RS   1738468608 131072    1.798
09:12:32.136 VLLM::W        388784  nvme1n1 RS   1738468864 131072    1.805
09:12:32.136 VLLM::W        388784  nvme1n1 RS   1738469120 131072    1.882
09:12:32.136 VLLM::W        388784  nvme1n1 RS   1738469632 131072    1.892
09:12:32.136 VLLM::W        388784  nvme1n1 RS   1738469376 131072    1.907
09:12:32.136 VLLM::W        388782  nvme1n1 RS   1740083456 131072    1.959
09:12:32.136 VLLM::W        388782  nvme1n1 RS   1740083200 131072    1.981
09:12:32.136 VLLM::W        388782  nvme1n1 RS   1740083712 131072    1.983
09:12:32.136 VLLM::W        388782  nvme1n1 RS   1740084224 131072    2.050
09:12:32.136 VLLM::W        388782  nvme1n1 RS   1740083968 131072    2.106
09:12:32.136 VLLM::W        388782  nvme1n1 RS   1740084480 131072    2.117
09:12:32.136 VLLM::W        388782  nvme1n1 RS   1740084736 131072    2.170
09:12:32.136 VLLM::W        388782  nvme1n1 RS   1740085248 131072    2.150
09:12:32.136 VLLM::W        388782  nvme1n1 RS   1740084992 131072    2.198
09:12:32.136 VLLM::W        388782  nvme1n1 RS   1740085504 131072    2.205
09:12:32.136 VLLM::W        388782  nvme1n1 RS   1740085760 131072    2.255
09:12:32.136 VLLM::W        388782  nvme1n1 RS   1740086016 131072    2.251
09:12:32.136 VLLM::W        388782  nvme1n1 RS   1740086528 131072    2.292
09:12:32.136 VLLM::W        388782  nvme1n1 RS   1740086784 131072    2.330
09:12:32.136 VLLM::W        388782  nvme1n1 RS   1740086272 131072    2.369
09:12:32.136 VLLM::W        388782  nvme1n1 RS   1755062272 131072    2.425
09:12:32.136 VLLM::W        388782  nvme1n1 RS   1755062528 131072    2.443
09:12:32.136 VLLM::W        388782  nvme1n1 RS   1740087040 131072    2.457
09:12:32.137 VLLM::W        388781  nvme1n1 RS   1738371072 131072    1.670
09:12:32.137 VLLM::W        388781  nvme1n1 RS   1738371328 131072    1.679
09:12:32.137 VLLM::W        388781  nvme1n1 RS   1738371584 131072    1.796
09:12:32.137 VLLM::W        388781  nvme1n1 RS   1738371840 131072    1.817
09:12:32.137 VLLM::W        388781  nvme1n1 RS   1738372096 131072    1.828
09:12:32.137 VLLM::W        388781  nvme1n1 RS   1738372352 131072    1.859
09:12:32.137 VLLM::W        388781  nvme1n1 RS   1738372608 131072    1.871
09:12:32.137 VLLM::W        388781  nvme1n1 RS   1738373120 131072    1.881
09:12:32.137 VLLM::W        388781  nvme1n1 RS   1738373376 131072    1.936
09:12:32.137 VLLM::W        388781  nvme1n1 RS   1738372864 131072    1.957
09:12:32.137 VLLM::W        388781  nvme1n1 RS   1738373632 131072    1.962
09:12:32.137 VLLM::W        388781  nvme1n1 RS   1738374144 131072    2.030
09:12:32.137 VLLM::W        388781  nvme1n1 RS   1738374400 131072    2.045
09:12:32.137 VLLM::W        388781  nvme1n1 RS   1738374656 131072    2.066
09:12:32.137 VLLM::W        388781  nvme1n1 RS   1738373888 131072    2.093
09:12:32.137 VLLM::W        388781  nvme1n1 RS   1739853824 131072    2.099
09:12:32.137 VLLM::W        388781  nvme1n1 RS   1739854080 131072    2.116
09:12:32.137 VLLM::W        388781  nvme1n1 RS   1738374912 131072    2.154
09:12:32.137 VLLM::W        388783  nvme1n1 RS   1739477248 131072    1.989
09:12:32.137 VLLM::W        388783  nvme1n1 RS   1739476992 131072    1.998
09:12:32.137 VLLM::W        388783  nvme1n1 RS   1739477504 131072    1.992
09:12:32.137 VLLM::W        388783  nvme1n1 RS   1739477760 131072    2.017
09:12:32.137 VLLM::W        388783  nvme1n1 RS   1739478016 131072    2.059
09:12:32.137 VLLM::W        388783  nvme1n1 RS   1739478272 131072    2.081
09:12:32.137 VLLM::W        388783  nvme1n1 RS   1739478528 131072    2.098
09:12:32.137 VLLM::W        388783  nvme1n1 RS   1739478784 131072    2.113
09:12:32.137 VLLM::W        388783  nvme1n1 RS   1739479040 131072    2.144
09:12:32.137 VLLM::W        388783  nvme1n1 RS   1739479296 131072    2.176
09:12:32.138 VLLM::W        388783  nvme1n1 RS   1739479552 131072    2.204
09:12:32.138 VLLM::W        388783  nvme1n1 RS   1739479808 131072    2.235
09:12:32.138 VLLM::W        388783  nvme1n1 RS   1739480064 131072    2.264
09:12:32.138 VLLM::W        388783  nvme1n1 RS   1739480320 131072    2.315
09:12:32.138 VLLM::W        388783  nvme1n1 RS   1739480576 131072    2.326
09:12:32.138 VLLM::W        388783  nvme1n1 RS   1739480832 131072    2.345
09:12:32.138 VLLM::W        388783  nvme1n1 RS   1739481088 131072    2.374
09:12:32.138 VLLM::W        388783  nvme1n1 RS   1739481344 131072    2.411
09:12:32.138 VLLM::W        388784  nvme1n1 RS   1739857920 131072    1.884
09:12:32.138 VLLM::W        388784  nvme1n1 RS   1739858176 131072    1.883
09:12:32.138 VLLM::W        388784  nvme1n1 RS   1739858432 131072    1.892
09:12:32.138 VLLM::W        388784  nvme1n1 RS   1739858688 131072    1.956
09:12:32.138 VLLM::W        388784  nvme1n1 RS   1739858944 131072    1.976
09:12:32.138 VLLM::W        388784  nvme1n1 RS   1739859200 131072    2.016
09:12:32.138 VLLM::W        388784  nvme1n1 RS   1739859456 131072    2.074
09:12:32.138 VLLM::W        388784  nvme1n1 RS   1739859712 131072    2.066
09:12:32.138 VLLM::W        388784  nvme1n1 RS   1739859968 131072    2.078
09:12:32.138 VLLM::W        388784  nvme1n1 RS   1739860224 131072    2.104
09:12:32.138 VLLM::W        388784  nvme1n1 RS   1739860480 131072    2.157
09:12:32.138 VLLM::W        388784  nvme1n1 RS   1739860736 131072    2.167
09:12:32.138 VLLM::W        388784  nvme1n1 RS   1739860992 131072    2.231
09:12:32.138 VLLM::W        388784  nvme1n1 RS   1739861248 131072    2.252
09:12:32.138 VLLM::W        388784  nvme1n1 RS   1739861504 131072    2.257
09:12:32.138 VLLM::W        388784  nvme1n1 RS   1739861760 131072    2.284
09:12:32.138 VLLM::W        388784  nvme1n1 RS   1739862016 131072    2.337
09:12:32.138 VLLM::W        388784  nvme1n1 RS   1739862272 131072    2.348
09:12:32.138 VLLM::W        388782  nvme1n1 RS   1739468800 131072    1.861
09:12:32.139 VLLM::W        388782  nvme1n1 RS   1739469056 131072    1.919
09:12:32.139 VLLM::W        388782  nvme1n1 RS   1739469312 131072    1.924
09:12:32.139 VLLM::W        388782  nvme1n1 RS   1739469568 131072    2.044
09:12:32.139 VLLM::W        388782  nvme1n1 RS   1739470080 131072    2.073
09:12:32.139 VLLM::W        388782  nvme1n1 RS   1739469824 131072    2.086
09:12:32.139 VLLM::W        388782  nvme1n1 RS   1739470336 131072    2.101
09:12:32.139 VLLM::W        388782  nvme1n1 RS   1739470592 131072    2.109
09:12:32.139 VLLM::W        388782  nvme1n1 RS   1739470848 131072    2.131
09:12:32.139 VLLM::W        388782  nvme1n1 RS   1739471104 131072    2.142
09:12:32.139 VLLM::W        388782  nvme1n1 RS   1739471360 131072    2.170
09:12:32.139 VLLM::W        388782  nvme1n1 RS   1739471872 131072    2.234
09:12:32.139 VLLM::W        388782  nvme1n1 RS   1739471616 131072    2.250
09:12:32.139 VLLM::W        388782  nvme1n1 RS   1739472128 131072    2.284
09:12:32.139 VLLM::W        388782  nvme1n1 RS   1739472640 131072    2.337
09:12:32.139 VLLM::W        388782  nvme1n1 RS   1739472384 131072    2.368
09:12:32.139 VLLM::W        388782  nvme1n1 RS   1739472896 131072    2.378
09:12:32.139 VLLM::W        388782  nvme1n1 RS   1739473152 131072    2.390
09:12:32.139 VLLM::W        388781  nvme1n1 RS   1740087296 131072    1.874
09:12:32.139 VLLM::W        388781  nvme1n1 RS   1740087552 131072    1.981
09:12:32.139 VLLM::W        388781  nvme1n1 RS   1740088064 131072    1.988
09:12:32.139 VLLM::W        388781  nvme1n1 RS   1740087808 131072    1.996
09:12:32.139 VLLM::W        388781  nvme1n1 RS   1740088576 131072    2.066
09:12:32.139 VLLM::W        388781  nvme1n1 RS   1740088832 131072    2.079
09:12:32.139 VLLM::W        388781  nvme1n1 RS   1740088320 131072    2.094
09:12:32.139 VLLM::W        388781  nvme1n1 RS   1740089344 131072    2.130
09:12:32.139 VLLM::W        388781  nvme1n1 RS   1740089600 131072    2.150
09:12:32.140 VLLM::W        388781  nvme1n1 RS   1740089088 131072    2.173
09:12:32.140 VLLM::W        388781  nvme1n1 RS   1740089856 131072    2.174
09:12:32.140 VLLM::W        388781  nvme1n1 RS   1740090112 131072    2.214
09:12:32.140 VLLM::W        388781  nvme1n1 RS   1740090624 131072    2.274
09:12:32.140 VLLM::W        388781  nvme1n1 RS   1740090368 131072    2.292
09:12:32.140 VLLM::W        388781  nvme1n1 RS   1740090880 131072    2.300
09:12:32.140 VLLM::W        388781  nvme1n1 RS   1740091136 131072    2.338
09:12:32.140 VLLM::W        388781  nvme1n1 RS   1740275712 131072    2.351
09:12:32.140 VLLM::W        388781  nvme1n1 RS   1740275968 131072    2.424
09:12:32.140 VLLM::W        388783  nvme1n1 RS   1736265728 131072    1.881
09:12:32.140 VLLM::W        388783  nvme1n1 RS   1736266240 131072    1.971
09:12:32.140 VLLM::W        388783  nvme1n1 RS   1736265984 131072    1.994
09:12:32.140 VLLM::W        388783  nvme1n1 RS   1736266496 131072    2.008
09:12:32.140 VLLM::W        388783  nvme1n1 RS   1736266752 131072    2.019
09:12:32.140 VLLM::W        388783  nvme1n1 RS   1736267008 131072    2.047
09:12:32.140 VLLM::W        388783  nvme1n1 RS   1736267776 131072    2.107
09:12:32.140 VLLM::W        388783  nvme1n1 RS   1736267264 131072    2.167
09:12:32.140 VLLM::W        388783  nvme1n1 RS   1736267520 131072    2.145
09:12:32.140 VLLM::W        388783  nvme1n1 RS   1736268032 131072    2.165
09:12:32.140 VLLM::W        388783  nvme1n1 RS   1736268288 131072    2.183
09:12:32.140 VLLM::W        388783  nvme1n1 RS   1736268544 131072    2.193
09:12:32.140 VLLM::W        388783  nvme1n1 RS   1736268800 131072    2.281
09:12:32.140 VLLM::W        388783  nvme1n1 RS   1736269056 131072    2.297
09:12:32.140 VLLM::W        388783  nvme1n1 RS   1736269312 131072    2.303
09:12:32.140 VLLM::W        388783  nvme1n1 RS   1736269568 131072    2.370
09:12:32.140 VLLM::W        388783  nvme1n1 RS   1736298496 131072    2.382
09:12:32.140 VLLM::W        388783  nvme1n1 RS   1736298752 131072    2.393
09:12:32.140 VLLM::W        388784  nvme1n1 RS   1736261632 131072    1.913
09:12:32.141 VLLM::W        388784  nvme1n1 RS   1736261888 131072    1.930
09:12:32.141 VLLM::W        388784  nvme1n1 RS   1736262144 131072    1.960
09:12:32.141 VLLM::W        388784  nvme1n1 RS   1736262400 131072    1.996
09:12:32.141 VLLM::W        388784  nvme1n1 RS   1736262656 131072    2.032
09:12:32.141 VLLM::W        388784  nvme1n1 RS   1736262912 131072    2.094
09:12:32.141 VLLM::W        388784  nvme1n1 RS   1736263168 131072    2.109
09:12:32.141 VLLM::W        388784  nvme1n1 RS   1736263424 131072    2.105
09:12:32.141 VLLM::W        388784  nvme1n1 RS   1736263680 131072    2.132
09:12:32.141 VLLM::W        388784  nvme1n1 RS   1736263936 131072    2.159
09:12:32.141 VLLM::W        388784  nvme1n1 RS   1736264448 131072    2.232
09:12:32.141 VLLM::W        388784  nvme1n1 RS   1736264192 131072    2.259
09:12:32.141 VLLM::W        388784  nvme1n1 RS   1736264704 131072    2.266
09:12:32.141 VLLM::W        388784  nvme1n1 RS   1736264960 131072    2.302
09:12:32.141 VLLM::W        388784  nvme1n1 RS   1736265216 131072    2.328
09:12:32.141 VLLM::W        388784  nvme1n1 RS   1736265472 131072    2.357
09:12:32.141 VLLM::W        388784  nvme1n1 RS   1736294400 131072    2.404
09:12:32.141 VLLM::W        388784  nvme1n1 RS   1736294656 131072    2.432
09:12:32.141 VLLM::W        388782  nvme1n1 RS   1739546624 131072    2.010
09:12:32.141 VLLM::W        388782  nvme1n1 RS   1739546880 131072    2.014
09:12:32.141 VLLM::W        388782  nvme1n1 RS   1739547136 131072    2.018
09:12:32.141 VLLM::W        388782  nvme1n1 RS   1739547392 131072    2.045
09:12:32.141 VLLM::W        388782  nvme1n1 RS   1739547648 131072    2.104
09:12:32.141 VLLM::W        388782  nvme1n1 RS   1739547904 131072    2.136
09:12:32.141 VLLM::W        388782  nvme1n1 RS   1739548160 131072    2.159
09:12:32.141 VLLM::W        388782  nvme1n1 RS   1739548416 131072    2.160
09:12:32.141 VLLM::W        388782  nvme1n1 RS   1739548672 131072    2.172
09:12:32.141 VLLM::W        388782  nvme1n1 RS   1739548928 131072    2.204
09:12:32.142 VLLM::W        388782  nvme1n1 RS   1739549184 131072    2.233
09:12:32.142 VLLM::W        388782  nvme1n1 RS   1739549440 131072    2.274
09:12:32.142 VLLM::W        388782  nvme1n1 RS   1739549696 131072    2.346
09:12:32.142 VLLM::W        388782  nvme1n1 RS   1739549952 131072    2.351
09:12:32.142 VLLM::W        388782  nvme1n1 RS   1739550208 131072    2.379
09:12:32.142 VLLM::W        388782  nvme1n1 RS   1739550464 131072    2.465
09:12:32.142 VLLM::W        388782  nvme1n1 RS   1739485184 131072    2.481
09:12:32.142 VLLM::W        388782  nvme1n1 RS   1739485440 131072    2.492
09:12:32.142 VLLM::W        388781  nvme1n1 RS   1739538432 131072    1.920
09:12:32.142 VLLM::W        388781  nvme1n1 RS   1739538944 131072    1.926
09:12:32.142 VLLM::W        388781  nvme1n1 RS   1739538688 131072    1.952
09:12:32.142 VLLM::W        388781  nvme1n1 RS   1739539200 131072    1.970
09:12:32.142 VLLM::W        388781  nvme1n1 RS   1739539456 131072    1.978
09:12:32.142 VLLM::W        388781  nvme1n1 RS   1739539712 131072    2.077
09:12:32.142 VLLM::W        388781  nvme1n1 RS   1739539968 131072    2.084
09:12:32.142 VLLM::W        388781  nvme1n1 RS   1739540224 131072    2.067
09:12:32.142 VLLM::W        388781  nvme1n1 RS   1739540480 131072    2.097
09:12:32.142 VLLM::W        388781  nvme1n1 RS   1739540736 131072    2.108
09:12:32.142 VLLM::W        388781  nvme1n1 RS   1739540992 131072    2.136
09:12:32.142 VLLM::W        388781  nvme1n1 RS   1739541248 131072    2.169
09:12:32.142 VLLM::W        388781  nvme1n1 RS   1739541504 131072    2.198
09:12:32.142 VLLM::W        388781  nvme1n1 RS   1739541760 131072    2.238
09:12:32.142 VLLM::W        388781  nvme1n1 RS   1739542016 131072    2.268
09:12:32.142 VLLM::W        388781  nvme1n1 RS   1739542272 131072    2.310
09:12:32.142 VLLM::W        388781  nvme1n1 RS   1739542528 131072    2.374
09:12:32.142 VLLM::W        388781  nvme1n1 RS   1739542784 131072    2.381
09:12:32.142 VLLM::W        388783  nvme1n1 RS   21794816   131072    1.891
09:12:32.143 VLLM::W        388783  nvme1n1 RS   21795072   131072    1.919
09:12:32.143 VLLM::W        388783  nvme1n1 RS   21795328   131072    1.944
09:12:32.143 VLLM::W        388783  nvme1n1 RS   21795584   131072    1.982
09:12:32.143 VLLM::W        388783  nvme1n1 RS   21795840   131072    2.047
09:12:32.143 VLLM::W        388783  nvme1n1 RS   21796096   131072    2.072
09:12:32.143 VLLM::W        388783  nvme1n1 RS   21796352   131072    2.108
09:12:32.143 VLLM::W        388783  nvme1n1 RS   21796608   131072    2.091
09:12:32.143 VLLM::W        388783  nvme1n1 RS   21796864   131072    2.138
09:12:32.143 VLLM::W        388783  nvme1n1 RS   21797120   131072    2.149
09:12:32.143 VLLM::W        388783  nvme1n1 RS   21797376   131072    2.178
09:12:32.143 VLLM::W        388783  nvme1n1 RS   21797632   131072    2.222
09:12:32.143 VLLM::W        388783  nvme1n1 RS   21797888   131072    2.251
09:12:32.143 VLLM::W        388783  nvme1n1 RS   21798144   131072    2.289
09:12:32.143 VLLM::W        388783  nvme1n1 RS   21798400   131072    2.316
09:12:32.143 VLLM::W        388783  nvme1n1 RS   21798656   131072    2.351
09:12:32.143 VLLM::W        388783  nvme1n1 RS   730161152  131072    2.380
09:12:32.143 VLLM::W        388783  nvme1n1 RS   730161408  131072    2.413
09:12:32.143 VLLM::W        388784  nvme1n1 RS   1739407360 131072    1.874
09:12:32.143 VLLM::W        388784  nvme1n1 RS   1739407616 131072    1.905
09:12:32.143 VLLM::W        388784  nvme1n1 RS   1739407872 131072    1.938
09:12:32.143 VLLM::W        388784  nvme1n1 RS   1739408128 131072    1.977
09:12:32.143 VLLM::W        388784  nvme1n1 RS   1739408384 131072    2.031
09:12:32.143 VLLM::W        388784  nvme1n1 RS   1739408640 131072    2.055
09:12:32.143 VLLM::W        388784  nvme1n1 RS   1739408896 131072    2.106
09:12:32.143 VLLM::W        388784  nvme1n1 RS   1739409152 131072    2.078
09:12:32.143 VLLM::W        388784  nvme1n1 RS   1739409408 131072    2.107
09:12:32.143 VLLM::W        388784  nvme1n1 RS   1739409664 131072    2.134
09:12:32.144 VLLM::W        388784  nvme1n1 RS   1739409920 131072    2.180
09:12:32.144 VLLM::W        388784  nvme1n1 RS   1739410176 131072    2.206
09:12:32.144 VLLM::W        388784  nvme1n1 RS   1739410432 131072    2.239
09:12:32.144 VLLM::W        388784  nvme1n1 RS   1739410688 131072    2.279
09:12:32.144 VLLM::W        388784  nvme1n1 RS   1739410944 131072    2.307
09:12:32.144 VLLM::W        388784  nvme1n1 RS   1739411200 131072    2.325
09:12:32.144 VLLM::W        388784  nvme1n1 RS   1739411456 131072    2.391
09:12:32.144 VLLM::W        388784  nvme1n1 RS   1739411712 131072    2.402
09:12:32.144 VLLM::W        388782  nvme1n1 RS   1739366400 131072    1.818
09:12:32.144 VLLM::W        388782  nvme1n1 RS   1739366656 131072    1.825
09:12:32.144 VLLM::W        388782  nvme1n1 RS   1739366912 131072    1.860
09:12:32.144 VLLM::W        388782  nvme1n1 RS   1739367168 131072    1.895
09:12:32.144 VLLM::W        388782  nvme1n1 RS   1739367424 131072    1.930
09:12:32.144 VLLM::W        388782  nvme1n1 RS   1739367680 131072    1.967
09:12:32.144 VLLM::W        388782  nvme1n1 RS   1739367936 131072    2.024
09:12:32.144 VLLM::W        388782  nvme1n1 RS   1739368192 131072    2.009
09:12:32.144 VLLM::W        388782  nvme1n1 RS   1739368448 131072    2.020
09:12:32.144 VLLM::W        388782  nvme1n1 RS   1739368704 131072    2.052
09:12:32.144 VLLM::W        388782  nvme1n1 RS   1739368960 131072    2.086
09:12:32.144 VLLM::W        388782  nvme1n1 RS   1739369216 131072    2.123
09:12:32.144 VLLM::W        388782  nvme1n1 RS   1739369472 131072    2.154
09:12:32.144 VLLM::W        388782  nvme1n1 RS   1739369728 131072    2.220
09:12:32.144 VLLM::W        388782  nvme1n1 RS   1739369984 131072    2.230
09:12:32.144 VLLM::W        388782  nvme1n1 RS   1739370240 131072    2.254
09:12:32.144 VLLM::W        388782  nvme1n1 RS   1739370496 131072    2.286
09:12:32.144 VLLM::W        388782  nvme1n1 RS   1739370752 131072    2.315
09:12:32.145 VLLM::W        388781  nvme1n1 RS   1739522304 131072    1.883
09:12:32.145 VLLM::W        388781  nvme1n1 RS   1739522048 131072    1.904
09:12:32.145 VLLM::W        388781  nvme1n1 RS   1739522560 131072    1.907
09:12:32.145 VLLM::W        388781  nvme1n1 RS   1739522816 131072    1.936
09:12:32.145 VLLM::W        388781  nvme1n1 RS   1739523072 131072    1.989
09:12:32.145 VLLM::W        388781  nvme1n1 RS   1739523328 131072    2.021
09:12:32.145 VLLM::W        388781  nvme1n1 RS   1739523584 131072    2.075
09:12:32.145 VLLM::W        388781  nvme1n1 RS   1739523840 131072    2.055
09:12:32.145 VLLM::W        388781  nvme1n1 RS   1739524096 131072    2.067
09:12:32.145 VLLM::W        388781  nvme1n1 RS   1739524352 131072    2.107
09:12:32.145 VLLM::W        388781  nvme1n1 RS   1739524608 131072    2.140
09:12:32.145 VLLM::W        388781  nvme1n1 RS   1739524864 131072    2.166
09:12:32.145 VLLM::W        388781  nvme1n1 RS   1739525376 131072    2.239
09:12:32.145 VLLM::W        388781  nvme1n1 RS   1739525120 131072    2.267
09:12:32.145 VLLM::W        388781  nvme1n1 RS   1739525632 131072    2.274
09:12:32.145 VLLM::W        388781  nvme1n1 RS   1739525888 131072    2.307
09:12:32.145 VLLM::W        388781  nvme1n1 RS   1739526144 131072    2.350
09:12:32.145 VLLM::W        388781  nvme1n1 RS   1739526400 131072    2.357
09:12:32.145 VLLM::W        388783  nvme1n1 RS   1737277696 131072    1.928
09:12:32.145 VLLM::W        388783  nvme1n1 RS   1737277952 131072    1.964
09:12:32.145 VLLM::W        388783  nvme1n1 RS   1737277440 131072    1.983
09:12:32.145 VLLM::W        388783  nvme1n1 RS   1737278208 131072    2.052
09:12:32.145 VLLM::W        388783  nvme1n1 RS   1737278464 131072    2.084
09:12:32.145 VLLM::W        388783  nvme1n1 RS   1737278720 131072    2.088
09:12:32.145 VLLM::W        388783  nvme1n1 RS   1737278976 131072    2.094
09:12:32.145 VLLM::W        388783  nvme1n1 RS   1737279488 131072    2.132
09:12:32.145 VLLM::W        388783  nvme1n1 RS   1737279744 131072    2.149
09:12:32.145 VLLM::W        388783  nvme1n1 RS   1737279232 131072    2.170
09:12:32.146 VLLM::W        388783  nvme1n1 RS   1737280000 131072    2.217
09:12:32.146 VLLM::W        388783  nvme1n1 RS   1737280256 131072    2.234
09:12:32.146 VLLM::W        388783  nvme1n1 RS   1737280512 131072    2.244
09:12:32.146 VLLM::W        388783  nvme1n1 RS   1737280768 131072    2.269
09:12:32.146 VLLM::W        388783  nvme1n1 RS   1737281024 131072    2.305
09:12:32.146 VLLM::W        388783  nvme1n1 RS   1737281280 131072    2.336
09:12:32.146 VLLM::W        388783  nvme1n1 RS   1737281536 131072    2.361
09:12:32.146 VLLM::W        388783  nvme1n1 RS   1737281792 131072    2.394
09:12:32.146 VLLM::W        388784  nvme1n1 RS   1739415552 131072    1.951
09:12:32.146 VLLM::W        388784  nvme1n1 RS   1739415808 131072    1.952
09:12:32.146 VLLM::W        388784  nvme1n1 RS   1739416064 131072    1.972
09:12:32.146 VLLM::W        388784  nvme1n1 RS   1739416320 131072    2.006
09:12:32.146 VLLM::W        388784  nvme1n1 RS   1739416576 131072    2.066
09:12:32.146 VLLM::W        388784  nvme1n1 RS   1739416832 131072    2.093
09:12:32.146 VLLM::W        388784  nvme1n1 RS   1739417088 131072    2.126
09:12:32.146 VLLM::W        388784  nvme1n1 RS   1739417344 131072    2.087
09:12:32.146 VLLM::W        388784  nvme1n1 RS   1739417600 131072    2.117
09:12:32.146 VLLM::W        388784  nvme1n1 RS   1739417856 131072    2.147
09:12:32.146 VLLM::W        388784  nvme1n1 RS   1739418112 131072    2.183
09:12:32.146 VLLM::W        388784  nvme1n1 RS   1739418368 131072    2.212
09:12:32.146 VLLM::W        388784  nvme1n1 RS   1739418624 131072    2.245
09:12:32.146 VLLM::W        388784  nvme1n1 RS   1739418880 131072    2.291
09:12:32.146 VLLM::W        388784  nvme1n1 RS   1739419136 131072    2.323
09:12:32.146 VLLM::W        388784  nvme1n1 RS   1739419392 131072    2.343
09:12:32.146 VLLM::W        388784  nvme1n1 RS   1739419648 131072    2.375
09:12:32.146 VLLM::W        388784  nvme1n1 RS   1739419904 131072    2.403
09:12:32.146 VLLM::W        388782  nvme1n1 RS   1739374592 131072    1.930
09:12:32.147 VLLM::W        388782  nvme1n1 RS   1739374848 131072    1.939
09:12:32.147 VLLM::W        388782  nvme1n1 RS   1739375104 131072    1.977
09:12:32.147 VLLM::W        388782  nvme1n1 RS   1739375360 131072    1.987
09:12:32.147 VLLM::W        388782  nvme1n1 RS   1739375616 131072    2.030
09:12:32.147 VLLM::W        388782  nvme1n1 RS   1739375872 131072    2.061
09:12:32.147 VLLM::W        388782  nvme1n1 RS   1739376128 131072    2.122
09:12:32.147 VLLM::W        388782  nvme1n1 RS   1739376384 131072    2.100
09:12:32.147 VLLM::W        388782  nvme1n1 RS   1739376640 131072    2.136
09:12:32.147 VLLM::W        388782  nvme1n1 RS   1739376896 131072    2.164
09:12:32.147 VLLM::W        388782  nvme1n1 RS   1739377152 131072    2.200
09:12:32.147 VLLM::W        388782  nvme1n1 RS   1739377664 131072    2.261
09:12:32.147 VLLM::W        388782  nvme1n1 RS   1739377408 131072    2.304
09:12:32.147 VLLM::W        388782  nvme1n1 RS   1739377920 131072    2.306
09:12:32.147 VLLM::W        388782  nvme1n1 RS   1739378176 131072    2.334
09:12:32.147 VLLM::W        388782  nvme1n1 RS   1739378688 131072    2.382
09:12:32.147 VLLM::W        388782  nvme1n1 RS   1739378432 131072    2.428
09:12:32.147 VLLM::W        388782  nvme1n1 RS   1739378944 131072    2.436
09:12:32.147 VLLM::W        388781  nvme1n1 RS   1739530240 131072    1.908
09:12:32.147 VLLM::W        388781  nvme1n1 RS   1739530496 131072    1.939
09:12:32.147 VLLM::W        388781  nvme1n1 RS   1739530752 131072    1.962
09:12:32.147 VLLM::W        388781  nvme1n1 RS   1739531008 131072    1.988
09:12:32.147 VLLM::W        388781  nvme1n1 RS   1739531264 131072    2.064
09:12:32.147 VLLM::W        388781  nvme1n1 RS   1739531520 131072    2.085
09:12:32.147 VLLM::W        388781  nvme1n1 RS   1739532032 131072    2.102
09:12:32.147 VLLM::W        388781  nvme1n1 RS   1739531776 131072    2.158
09:12:32.147 VLLM::W        388781  nvme1n1 RS   1739532288 131072    2.133
09:12:32.147 VLLM::W        388781  nvme1n1 RS   1739532544 131072    2.158
09:12:32.147 VLLM::W        388781  nvme1n1 RS   1739532800 131072    2.192
09:12:32.148 VLLM::W        388781  nvme1n1 RS   1739533056 131072    2.220
09:12:32.148 VLLM::W        388781  nvme1n1 RS   1739533312 131072    2.264
09:12:32.148 VLLM::W        388781  nvme1n1 RS   1739533568 131072    2.296
09:12:32.148 VLLM::W        388781  nvme1n1 RS   1739533824 131072    2.331
09:12:32.148 VLLM::W        388781  nvme1n1 RS   1739534080 131072    2.348
09:12:32.148 VLLM::W        388781  nvme1n1 RS   1739534336 131072    2.400
09:12:32.148 VLLM::W        388781  nvme1n1 RS   1739534592 131072    2.412
09:12:32.148 VLLM::W        388783  nvme1n1 RS   1739554816 131072    1.894
09:12:32.148 VLLM::W        388783  nvme1n1 RS   1739555072 131072    1.920
09:12:32.148 VLLM::W        388783  nvme1n1 RS   1739555328 131072    1.956
09:12:32.148 VLLM::W        388783  nvme1n1 RS   1739555584 131072    2.008
09:12:32.148 VLLM::W        388783  nvme1n1 RS   1739555840 131072    2.049
09:12:32.148 VLLM::W        388783  nvme1n1 RS   1739556096 131072    2.059
09:12:32.148 VLLM::W        388783  nvme1n1 RS   1739556352 131072    2.129
09:12:32.148 VLLM::W        388783  nvme1n1 RS   1739556608 131072    2.099
09:12:32.148 VLLM::W        388783  nvme1n1 RS   1739556864 131072    2.110
09:12:32.148 VLLM::W        388783  nvme1n1 RS   1739557120 131072    2.138
09:12:32.148 VLLM::W        388783  nvme1n1 RS   1739557376 131072    2.172
09:12:32.148 VLLM::W        388783  nvme1n1 RS   1739557632 131072    2.206
09:12:32.148 VLLM::W        388783  nvme1n1 RS   1739557888 131072    2.290
09:12:32.148 VLLM::W        388783  nvme1n1 RS   1739558144 131072    2.300
09:12:32.148 VLLM::W        388783  nvme1n1 RS   1739558400 131072    2.325
09:12:32.148 VLLM::W        388783  nvme1n1 RS   1739558656 131072    2.342
09:12:32.148 VLLM::W        388783  nvme1n1 RS   1739558912 131072    2.373
09:12:32.148 VLLM::W        388783  nvme1n1 RS   1739559168 131072    2.407
09:12:32.149 VLLM::W        388784  nvme1n1 RS   1739358208 131072    1.992
09:12:32.149 VLLM::W        388784  nvme1n1 RS   1739358464 131072    1.993
09:12:32.149 VLLM::W        388784  nvme1n1 RS   1739358720 131072    1.990
09:12:32.149 VLLM::W        388784  nvme1n1 RS   1739358976 131072    2.004
09:12:32.149 VLLM::W        388784  nvme1n1 RS   1739359232 131072    2.026
09:12:32.149 VLLM::W        388784  nvme1n1 RS   1739359488 131072    2.040
09:12:32.149 VLLM::W        388784  nvme1n1 RS   1739359744 131072    2.092
09:12:32.149 VLLM::W        388784  nvme1n1 RS   1739360000 131072    2.068
09:12:32.149 VLLM::W        388784  nvme1n1 RS   1739360256 131072    2.100
09:12:32.149 VLLM::W        388784  nvme1n1 RS   1739360512 131072    2.130
09:12:32.149 VLLM::W        388784  nvme1n1 RS   1739360768 131072    2.179
09:12:32.149 VLLM::W        388784  nvme1n1 RS   1739361024 131072    2.205
09:12:32.149 VLLM::W        388784  nvme1n1 RS   1739361280 131072    2.237
09:12:32.149 VLLM::W        388784  nvme1n1 RS   1739361536 131072    2.262
09:12:32.149 VLLM::W        388784  nvme1n1 RS   1739361792 131072    2.312
09:12:32.149 VLLM::W        388784  nvme1n1 RS   1739362048 131072    2.313
09:12:32.149 VLLM::W        388784  nvme1n1 RS   1739362304 131072    2.366
09:12:32.149 VLLM::W        388784  nvme1n1 RS   1739362560 131072    2.400
09:12:32.149 VLLM::W        388782  nvme1n1 RS   1736409088 131072    1.918
09:12:32.149 VLLM::W        388782  nvme1n1 RS   1736409344 131072    1.925
09:12:32.149 VLLM::W        388782  nvme1n1 RS   1736409600 131072    1.956
09:12:32.149 VLLM::W        388782  nvme1n1 RS   1736409856 131072    1.985
09:12:32.149 VLLM::W        388782  nvme1n1 RS   1736410112 131072    2.013
09:12:32.149 VLLM::W        388782  nvme1n1 RS   1736410368 131072    2.081
09:12:32.149 VLLM::W        388782  nvme1n1 RS   1736410624 131072    2.111
09:12:32.149 VLLM::W        388782  nvme1n1 RS   1736410880 131072    2.101
09:12:32.149 VLLM::W        388782  nvme1n1 RS   1736411136 131072    2.095
09:12:32.149 VLLM::W        388782  nvme1n1 RS   1736411392 131072    2.125
09:12:32.149 VLLM::W        388782  nvme1n1 RS   1736411648 131072    2.162
09:12:32.150 VLLM::W        388782  nvme1n1 RS   1736411904 131072    2.204
09:12:32.150 VLLM::W        388782  nvme1n1 RS   1736412160 131072    2.235
09:12:32.150 VLLM::W        388782  nvme1n1 RS   1736412416 131072    2.262
09:12:32.150 VLLM::W        388782  nvme1n1 RS   1736412672 131072    2.303
09:12:32.150 VLLM::W        388782  nvme1n1 RS   1736412928 131072    2.338
09:12:32.150 VLLM::W        388782  nvme1n1 RS   1736413184 131072    2.380
09:12:32.150 VLLM::W        388782  nvme1n1 RS   1736413440 131072    2.390
09:12:32.150 VLLM::W        388781  nvme1n1 RS   722567424  131072    1.928
09:12:32.150 VLLM::W        388781  nvme1n1 RS   722567168  131072    1.942
09:12:32.150 VLLM::W        388781  nvme1n1 RS   722567936  131072    2.006
09:12:32.150 VLLM::W        388781  nvme1n1 RS   722567680  131072    2.021
09:12:32.150 VLLM::W        388781  nvme1n1 RS   722568192  131072    2.022
09:12:32.150 VLLM::W        388781  nvme1n1 RS   722568448  131072    2.089
09:12:32.150 VLLM::W        388781  nvme1n1 RS   722568704  131072    2.096
09:12:32.150 VLLM::W        388781  nvme1n1 RS   722568960  131072    2.108
09:12:32.150 VLLM::W        388781  nvme1n1 RS   722569216  131072    2.102
09:12:32.150 VLLM::W        388781  nvme1n1 RS   722569472  131072    2.143
09:12:32.150 VLLM::W        388781  nvme1n1 RS   722569728  131072    2.169
09:12:32.150 VLLM::W        388781  nvme1n1 RS   722569984  131072    2.204
09:12:32.150 VLLM::W        388781  nvme1n1 RS   722570496  131072    2.314
09:12:32.150 VLLM::W        388781  nvme1n1 RS   722570240  131072    2.326
09:12:32.150 VLLM::W        388781  nvme1n1 RS   722571008  131072    2.364
09:12:32.150 VLLM::W        388781  nvme1n1 RS   722570752  131072    2.392
09:12:32.150 VLLM::W        388781  nvme1n1 RS   722583808  131072    2.449
09:12:32.150 VLLM::W        388781  nvme1n1 RS   722583552  131072    2.461
09:12:32.151 VLLM::W        388783  nvme1n1 RS   730411520  131072    2.096
09:12:32.151 VLLM::W        388783  nvme1n1 RS   730411776  131072    2.097
09:12:32.151 VLLM::W        388783  nvme1n1 RS   730411008  131072    2.108
09:12:32.151 VLLM::W        388783  nvme1n1 RS   730411264  131072    2.124
09:12:32.151 VLLM::W        388783  nvme1n1 RS   730412544  131072    2.172
09:12:32.151 VLLM::W        388783  nvme1n1 RS   730412800  131072    2.155
09:12:32.151 VLLM::W        388783  nvme1n1 RS   730412032  131072    2.208
09:12:32.151 VLLM::W        388783  nvme1n1 RS   730412288  131072    2.214
09:12:32.151 VLLM::W        388783  nvme1n1 RS   730413568  131072    2.288
09:12:32.151 VLLM::W        388783  nvme1n1 RS   730413056  131072    2.310
09:12:32.151 VLLM::W        388783  nvme1n1 RS   730413824  131072    2.321
09:12:32.151 VLLM::W        388783  nvme1n1 RS   730413312  131072    2.341
09:12:32.151 VLLM::W        388783  nvme1n1 RS   730414080  131072    2.405
09:12:32.151 VLLM::W        388783  nvme1n1 RS   730414336  131072    2.422
09:12:32.151 VLLM::W        388783  nvme1n1 RS   730414592  131072    2.439
09:12:32.151 VLLM::W        388783  nvme1n1 RS   730414848  131072    2.435
09:12:32.151 VLLM::W        388783  nvme1n1 RS   730415104  131072    2.539
09:12:32.151 VLLM::W        388783  nvme1n1 RS   730415360  131072    2.556
09:12:32.151 VLLM::W        388784  nvme1n1 RS   39723264   131072    1.972
09:12:32.151 VLLM::W        388784  nvme1n1 RS   39723008   131072    1.987
09:12:32.151 VLLM::W        388784  nvme1n1 RS   39723520   131072    2.014
09:12:32.151 VLLM::W        388784  nvme1n1 RS   39723776   131072    2.066
09:12:32.151 VLLM::W        388784  nvme1n1 RS   39724032   131072    2.076
09:12:32.151 VLLM::W        388784  nvme1n1 RS   39724288   131072    2.120
09:12:32.151 VLLM::W        388784  nvme1n1 RS   39724544   131072    2.182
09:12:32.151 VLLM::W        388784  nvme1n1 RS   39724800   131072    2.151
09:12:32.152 VLLM::W        388784  nvme1n1 RS   39725056   131072    2.217
09:12:32.152 VLLM::W        388784  nvme1n1 RS   39725312   131072    2.227
09:12:32.152 VLLM::W        388784  nvme1n1 RS   39725568   131072    2.270
09:12:32.152 VLLM::W        388784  nvme1n1 RS   39725824   131072    2.317
09:12:32.152 VLLM::W        388784  nvme1n1 RS   39726080   131072    2.380
09:12:32.152 VLLM::W        388784  nvme1n1 RS   39726336   131072    2.386
09:12:32.152 VLLM::W        388784  nvme1n1 RS   39726848   131072    2.398
09:12:32.152 VLLM::W        388784  nvme1n1 RS   39726592   131072    2.467
09:12:32.152 VLLM::W        388784  nvme1n1 RS   39731456   131072    2.492
09:12:32.152 VLLM::W        388784  nvme1n1 RS   39731200   131072    2.563
09:12:32.152 VLLM::W        388782  nvme1n1 RS   722563072  131072    2.080
09:12:32.152 VLLM::W        388782  nvme1n1 RS   722563328  131072    2.088
09:12:32.152 VLLM::W        388782  nvme1n1 RS   722563584  131072    2.143
09:12:32.152 VLLM::W        388782  nvme1n1 RS   722563840  131072    2.155
09:12:32.152 VLLM::W        388782  nvme1n1 RS   722564096  131072    2.172
09:12:32.152 VLLM::W        388782  nvme1n1 RS   722564352  131072    2.183
09:12:32.152 VLLM::W        388782  nvme1n1 RS   722564608  131072    2.250
09:12:32.152 VLLM::W        388782  nvme1n1 RS   722564864  131072    2.235
09:12:32.152 VLLM::W        388782  nvme1n1 RS   722565120  131072    2.284
09:12:32.152 VLLM::W        388782  nvme1n1 RS   722565376  131072    2.291
09:12:32.152 VLLM::W        388782  nvme1n1 RS   722565632  131072    2.303
09:12:32.152 VLLM::W        388782  nvme1n1 RS   722565888  131072    2.343
09:12:32.152 VLLM::W        388782  nvme1n1 RS   722566144  131072    2.360
09:12:32.152 VLLM::W        388782  nvme1n1 RS   722566400  131072    2.371
09:12:32.152 VLLM::W        388782  nvme1n1 RS   722566656  131072    2.409
09:12:32.152 VLLM::W        388782  nvme1n1 RS   722575616  131072    2.474
09:12:32.152 VLLM::W        388782  nvme1n1 RS   722566912  131072    2.487
09:12:32.152 VLLM::W        388782  nvme1n1 RS   722575360  131072    2.497
09:12:32.152 VLLM::W        388781  nvme1n1 RS   1557168128 131072    1.865
09:12:32.153 VLLM::W        388781  nvme1n1 RS   1557168640 131072    1.891
09:12:32.153 VLLM::W        388781  nvme1n1 RS   1557168896 131072    1.962
09:12:32.153 VLLM::W        388781  nvme1n1 RS   1557168384 131072    1.986
09:12:32.153 VLLM::W        388781  nvme1n1 RS   1557169408 131072    2.031
09:12:32.153 VLLM::W        388781  nvme1n1 RS   1557169664 131072    2.045
09:12:32.153 VLLM::W        388781  nvme1n1 RS   1557170176 131072    2.084
09:12:32.153 VLLM::W        388781  nvme1n1 RS   1557169152 131072    2.151
09:12:32.153 VLLM::W        388781  nvme1n1 RS   1557169920 131072    2.123
09:12:32.153 VLLM::W        388781  nvme1n1 RS   1557170432 131072    2.152
09:12:32.153 VLLM::W        388781  nvme1n1 RS   1557170688 131072    2.157
09:12:32.153 VLLM::W        388781  nvme1n1 RS   1557170944 131072    2.189
09:12:32.153 VLLM::W        388781  nvme1n1 RS   1557171200 131072    2.217
09:12:32.153 VLLM::W        388781  nvme1n1 RS   1557171712 131072    2.267
09:12:32.153 VLLM::W        388781  nvme1n1 RS   1557171456 131072    2.309
09:12:32.153 VLLM::W        388781  nvme1n1 RS   1557172224 131072    2.336
09:12:32.153 VLLM::W        388781  nvme1n1 RS   1557171968 131072    2.354
09:12:32.153 VLLM::W        388781  nvme1n1 RS   1557172480 131072    2.460
09:12:32.153 VLLM::W        388783  nvme1n1 RS   1532325888 131072    1.782
09:12:32.153 VLLM::W        388783  nvme1n1 RS   1532326144 131072    1.798
09:12:32.153 VLLM::W        388783  nvme1n1 RS   1532326400 131072    1.834
09:12:32.153 VLLM::W        388783  nvme1n1 RS   1532326656 131072    1.844
09:12:32.153 VLLM::W        388783  nvme1n1 RS   1532327168 131072    1.885
09:12:32.153 VLLM::W        388783  nvme1n1 RS   1532326912 131072    1.933
09:12:32.153 VLLM::W        388783  nvme1n1 RS   1532327680 131072    1.948
09:12:32.153 VLLM::W        388783  nvme1n1 RS   1532327424 131072    2.005
09:12:32.153 VLLM::W        388783  nvme1n1 RS   1532327936 131072    1.997
09:12:32.153 VLLM::W        388783  nvme1n1 RS   1532328192 131072    2.014
09:12:32.154 VLLM::W        388783  nvme1n1 RS   1532328448 131072    2.046
09:12:32.154 VLLM::W        388783  nvme1n1 RS   1532328960 131072    2.098
09:12:32.154 VLLM::W        388783  nvme1n1 RS   1532328704 131072    2.123
09:12:32.154 VLLM::W        388783  nvme1n1 RS   1532329216 131072    2.132
09:12:32.154 VLLM::W        388783  nvme1n1 RS   1532329472 131072    2.177
09:12:32.154 VLLM::W        388783  nvme1n1 RS   1532329728 131072    2.195
09:12:32.154 VLLM::W        388783  nvme1n1 RS   1532334080 131072    2.237
09:12:32.154 VLLM::W        388783  nvme1n1 RS   1532334336 131072    2.248
09:12:32.154 VLLM::W        388784  nvme1n1 RS   722571264  131072    1.761
09:12:32.154 VLLM::W        388784  nvme1n1 RS   722571520  131072    1.762
09:12:32.154 VLLM::W        388784  nvme1n1 RS   722571776  131072    1.786
09:12:32.154 VLLM::W        388784  nvme1n1 RS   722572032  131072    1.813
09:12:32.154 VLLM::W        388784  nvme1n1 RS   722572288  131072    1.882
09:12:32.154 VLLM::W        388784  nvme1n1 RS   722572544  131072    1.894
09:12:32.154 VLLM::W        388784  nvme1n1 RS   722572800  131072    1.943
09:12:32.154 VLLM::W        388784  nvme1n1 RS   722573056  131072    1.943
09:12:32.154 VLLM::W        388784  nvme1n1 RS   722573312  131072    1.955
09:12:32.154 VLLM::W        388784  nvme1n1 RS   722573568  131072    1.976
09:12:32.154 VLLM::W        388784  nvme1n1 RS   722573824  131072    2.013
09:12:32.154 VLLM::W        388784  nvme1n1 RS   722574080  131072    2.040
09:12:32.154 VLLM::W        388784  nvme1n1 RS   722574336  131072    2.081
09:12:32.154 VLLM::W        388784  nvme1n1 RS   722574592  131072    2.113
09:12:32.154 VLLM::W        388784  nvme1n1 RS   722574848  131072    2.153
09:12:32.154 VLLM::W        388784  nvme1n1 RS   722575104  131072    2.176
09:12:32.154 VLLM::W        388784  nvme1n1 RS   722579456  131072    2.224
09:12:32.154 VLLM::W        388784  nvme1n1 RS   722579712  131072    2.236
09:12:32.154 VLLM::W        388782  nvme1n1 RS   39727104   131072    1.885
09:12:32.155 VLLM::W        388782  nvme1n1 RS   39727360   131072    1.943
09:12:32.155 VLLM::W        388782  nvme1n1 RS   39727616   131072    1.965
09:12:32.155 VLLM::W        388782  nvme1n1 RS   39727872   131072    1.976
09:12:32.155 VLLM::W        388782  nvme1n1 RS   39728128   131072    2.013
09:12:32.155 VLLM::W        388782  nvme1n1 RS   39728640   131072    2.088
09:12:32.155 VLLM::W        388782  nvme1n1 RS   39728384   131072    2.121
09:12:32.155 VLLM::W        388782  nvme1n1 RS   39728896   131072    2.089
09:12:32.155 VLLM::W        388782  nvme1n1 RS   39729408   131072    2.148
09:12:32.155 VLLM::W        388782  nvme1n1 RS   39729152   131072    2.214
09:12:32.155 VLLM::W        388782  nvme1n1 RS   39729920   131072    2.233
09:12:32.155 VLLM::W        388782  nvme1n1 RS   39730176   131072    2.243
09:12:32.155 VLLM::W        388782  nvme1n1 RS   39730432   131072    2.280
09:12:32.155 VLLM::W        388782  nvme1n1 RS   39729664   131072    2.301
09:12:32.155 VLLM::W        388782  nvme1n1 RS   39730944   131072    2.334
09:12:32.155 VLLM::W        388782  nvme1n1 RS   39735296   131072    2.366
09:12:32.155 VLLM::W        388782  nvme1n1 RS   39730688   131072    2.413
09:12:32.155 VLLM::W        388781  nvme1n1 RS   722587648  131072    1.793
09:12:32.155 VLLM::W        388781  nvme1n1 RS   722587904  131072    1.806
09:12:32.155 VLLM::W        388782  nvme1n1 RS   39735552   131072    2.523
09:12:32.155 VLLM::W        388781  nvme1n1 RS   722588160  131072    1.837
09:12:32.155 VLLM::W        388781  nvme1n1 RS   722588672  131072    1.878
09:12:32.155 VLLM::W        388781  nvme1n1 RS   722588416  131072    1.912
09:12:32.155 VLLM::W        388781  nvme1n1 RS   722588928  131072    1.980
09:12:32.155 VLLM::W        388781  nvme1n1 RS   722589184  131072    2.039
09:12:32.155 VLLM::W        388781  nvme1n1 RS   722589440  131072    2.015
09:12:32.155 VLLM::W        388781  nvme1n1 RS   722590208  131072    2.074
09:12:32.156 VLLM::W        388781  nvme1n1 RS   722589952  131072    2.097
09:12:32.156 VLLM::W        388781  nvme1n1 RS   722589696  131072    2.110
09:12:32.156 VLLM::W        388781  nvme1n1 RS   722590720  131072    2.152
09:12:32.156 VLLM::W        388781  nvme1n1 RS   722590464  131072    2.243
09:12:32.156 VLLM::W        388781  nvme1n1 RS   722591232  131072    2.250
09:12:32.156 VLLM::W        388781  nvme1n1 RS   722590976  131072    2.316
09:12:32.156 VLLM::W        388781  nvme1n1 RS   722591488  131072    2.307
09:12:32.156 VLLM::W        388781  nvme1n1 RS   722591744  131072    2.394
09:12:32.156 VLLM::W        388781  nvme1n1 RS   722592000  131072    2.406
09:12:32.156 VLLM::W        388783  nvme1n1 RS   1499386368 131072    2.028
09:12:32.156 VLLM::W        388783  nvme1n1 RS   1499386624 131072    2.038
09:12:32.156 VLLM::W        388783  nvme1n1 RS   1499385856 131072    2.068
09:12:32.156 VLLM::W        388783  nvme1n1 RS   1499386112 131072    2.077
09:12:32.156 VLLM::W        388783  nvme1n1 RS   1499387392 131072    2.200
09:12:32.156 VLLM::W        388783  nvme1n1 RS   1499387648 131072    2.176
09:12:32.156 VLLM::W        388783  nvme1n1 RS   1499386880 131072    2.246
09:12:32.156 VLLM::W        388783  nvme1n1 RS   1499387136 131072    2.248
09:12:32.156 VLLM::W        388783  nvme1n1 RS   1499388416 131072    2.226
09:12:32.156 VLLM::W        388783  nvme1n1 RS   1499388672 131072    2.231
09:12:32.156 VLLM::W        388783  nvme1n1 RS   1499387904 131072    2.283
09:12:32.156 VLLM::W        388783  nvme1n1 RS   1499388160 131072    2.293
09:12:32.156 VLLM::W        388783  nvme1n1 RS   1499389440 131072    2.396
09:12:32.156 VLLM::W        388783  nvme1n1 RS   1499389696 131072    2.422
09:12:32.156 VLLM::W        388783  nvme1n1 RS   1499388928 131072    2.454
09:12:32.156 VLLM::W        388783  nvme1n1 RS   1499389184 131072    2.459
09:12:32.157 VLLM::W        388783  nvme1n1 RS   1499389952 131072    2.517
09:12:32.157 VLLM::W        388784  nvme1n1 RS   1735315968 131072    1.993
09:12:32.157 VLLM::W        388784  nvme1n1 RS   1735316224 131072    2.011
09:12:32.157 VLLM::W        388783  nvme1n1 RS   1499390208 131072    2.540
09:12:32.157 VLLM::W        388784  nvme1n1 RS   1735315456 131072    2.072
09:12:32.157 VLLM::W        388784  nvme1n1 RS   1735315712 131072    2.088
09:12:32.157 VLLM::W        388784  nvme1n1 RS   1735316736 131072    2.085
09:12:32.157 VLLM::W        388784  nvme1n1 RS   1735317248 131072    2.161
09:12:32.157 VLLM::W        388784  nvme1n1 RS   1735316480 131072    2.224
09:12:32.157 VLLM::W        388784  nvme1n1 RS   1735318016 131072    2.212
09:12:32.157 VLLM::W        388784  nvme1n1 RS   1735317504 131072    2.233
09:12:32.157 VLLM::W        388784  nvme1n1 RS   1735316992 131072    2.278
09:12:32.157 VLLM::W        388784  nvme1n1 RS   1735318272 131072    2.275
09:12:32.157 VLLM::W        388784  nvme1n1 RS   1735319040 131072    2.342
09:12:32.157 VLLM::W        388784  nvme1n1 RS   1735317760 131072    2.376
09:12:32.157 VLLM::W        388784  nvme1n1 RS   1735319296 131072    2.370
09:12:32.157 VLLM::W        388784  nvme1n1 RS   1735318528 131072    2.409
09:12:32.157 VLLM::W        388784  nvme1n1 RS   1735318784 131072    2.426
09:12:32.157 VLLM::W        388784  nvme1n1 RS   1735319808 131072    2.420
09:12:32.157 VLLM::W        388784  nvme1n1 RS   1735319552 131072    2.489
09:12:32.157 VLLM::W        388782  nvme1n1 RS   1532321792 131072    1.901
09:12:32.157 VLLM::W        388782  nvme1n1 RS   1532322048 131072    1.902
09:12:32.157 VLLM::W        388782  nvme1n1 RS   1532322304 131072    1.911
09:12:32.157 VLLM::W        388782  nvme1n1 RS   1532322560 131072    1.926
09:12:32.157 VLLM::W        388782  nvme1n1 RS   1532322816 131072    1.941
09:12:32.157 VLLM::W        388782  nvme1n1 RS   1532323072 131072    1.951
09:12:32.157 VLLM::W        388782  nvme1n1 RS   1532323584 131072    1.988
09:12:32.157 VLLM::W        388782  nvme1n1 RS   1532323328 131072    2.060
09:12:32.157 VLLM::W        388782  nvme1n1 RS   1532323840 131072    2.056
09:12:32.157 VLLM::W        388782  nvme1n1 RS   1532324096 131072    2.059
09:12:32.157 VLLM::W        388782  nvme1n1 RS   1532324352 131072    2.087
09:12:32.157 VLLM::W        388782  nvme1n1 RS   1532324608 131072    2.112
09:12:32.158 VLLM::W        388782  nvme1n1 RS   1532324864 131072    2.166
09:12:32.158 VLLM::W        388782  nvme1n1 RS   1532325120 131072    2.192
09:12:32.158 VLLM::W        388782  nvme1n1 RS   1532325376 131072    2.218
09:12:32.158 VLLM::W        388782  nvme1n1 RS   1532325632 131072    2.242
09:12:32.158 VLLM::W        388782  nvme1n1 RS   1532329984 131072    2.308
09:12:32.158 VLLM::W        388782  nvme1n1 RS   1532330240 131072    2.314
09:12:32.158 VLLM::W        388781  nvme1n1 RS   722595840  131072    1.743
09:12:32.158 VLLM::W        388781  nvme1n1 RS   722596096  131072    1.774
09:12:32.158 VLLM::W        388781  nvme1n1 RS   722596352  131072    1.806
09:12:32.158 VLLM::W        388781  nvme1n1 RS   722596608  131072    1.850
09:12:32.158 VLLM::W        388781  nvme1n1 RS   722596864  131072    1.890
09:12:32.158 VLLM::W        388781  nvme1n1 RS   722597120  131072    1.940
09:12:32.158 VLLM::W        388781  nvme1n1 RS   722597376  131072    1.965
09:12:32.158 VLLM::W        388781  nvme1n1 RS   722597632  131072    1.982
09:12:32.158 VLLM::W        388781  nvme1n1 RS   722597888  131072    2.027
09:12:32.158 VLLM::W        388781  nvme1n1 RS   722598144  131072    2.038
09:12:32.158 VLLM::W        388781  nvme1n1 RS   722598400  131072    2.067
09:12:32.158 VLLM::W        388781  nvme1n1 RS   722598656  131072    2.188
09:12:32.158 VLLM::W        388781  nvme1n1 RS   722598912  131072    2.199
09:12:32.158 VLLM::W        388781  nvme1n1 RS   722599168  131072    2.225
09:12:32.158 VLLM::W        388781  nvme1n1 RS   722599424  131072    2.296
09:12:32.158 VLLM::W        388781  nvme1n1 RS   722599680  131072    2.298
09:12:32.158 VLLM::W        388781  nvme1n1 RS   722599936  131072    2.382
09:12:32.159 VLLM::W        388781  nvme1n1 RS   722600192  131072    2.395
09:12:32.159 VLLM::W        388783  nvme1n1 RS   1499394048 131072    1.913
09:12:32.159 VLLM::W        388783  nvme1n1 RS   1499394304 131072    1.914
09:12:32.159 VLLM::W        388783  nvme1n1 RS   1499394560 131072    1.935
09:12:32.159 VLLM::W        388783  nvme1n1 RS   1499394816 131072    1.976
09:12:32.159 VLLM::W        388783  nvme1n1 RS   1499395072 131072    2.019
09:12:32.159 VLLM::W        388783  nvme1n1 RS   1499395328 131072    2.071
09:12:32.159 VLLM::W        388783  nvme1n1 RS   1499395840 131072    2.044
09:12:32.159 VLLM::W        388783  nvme1n1 RS   1499396096 131072    2.097
09:12:32.159 VLLM::W        388783  nvme1n1 RS   1499395584 131072    2.216
09:12:32.159 VLLM::W        388783  nvme1n1 RS   1499396352 131072    2.198
09:12:32.159 VLLM::W        388783  nvme1n1 RS   1499396608 131072    2.215
09:12:32.159 VLLM::W        388783  nvme1n1 RS   1499396864 131072    2.226
09:12:32.159 VLLM::W        388783  nvme1n1 RS   1499397120 131072    2.272
09:12:32.159 VLLM::W        388783  nvme1n1 RS   1499397376 131072    2.403
09:12:32.159 VLLM::W        388783  nvme1n1 RS   1499397632 131072    2.432
09:12:32.159 VLLM::W        388783  nvme1n1 RS   1499397888 131072    2.484
09:12:32.159 VLLM::W        388783  nvme1n1 RS   1499398144 131072    2.496
09:12:32.159 VLLM::W        388783  nvme1n1 RS   1499398400 131072    2.530
09:12:32.159 VLLM::W        388784  nvme1n1 RS   1532338176 131072    2.154
09:12:32.159 VLLM::W        388784  nvme1n1 RS   1532338432 131072    2.180
09:12:32.160 VLLM::W        388784  nvme1n1 RS   1532338688 131072    2.217
09:12:32.160 VLLM::W        388784  nvme1n1 RS   1532338944 131072    2.250
09:12:32.160 VLLM::W        388784  nvme1n1 RS   1532339200 131072    2.299
09:12:32.160 VLLM::W        388784  nvme1n1 RS   1532339456 131072    2.325
09:12:32.160 VLLM::W        388784  nvme1n1 RS   1532339712 131072    2.366
09:12:32.160 VLLM::W        388784  nvme1n1 RS   1532340480 131072    2.438
09:12:32.160 VLLM::W        388784  nvme1n1 RS   1532339968 131072    2.470
09:12:32.160 VLLM::W        388784  nvme1n1 RS   1532340224 131072    2.487
09:12:32.160 VLLM::W        388784  nvme1n1 RS   1532340736 131072    2.490
09:12:32.160 VLLM::W        388784  nvme1n1 RS   1532340992 131072    2.543
09:12:32.160 VLLM::W        388784  nvme1n1 RS   1532341248 131072    2.561
09:12:32.160 VLLM::W        388784  nvme1n1 RS   1532341504 131072    2.584
09:12:32.160 VLLM::W        388784  nvme1n1 RS   1532341760 131072    2.589
09:12:32.160 VLLM::W        388784  nvme1n1 RS   1532342272 131072    2.673
09:12:32.160 VLLM::W        388784  nvme1n1 RS   1532342528 131072    2.697
09:12:32.160 VLLM::W        388784  nvme1n1 RS   1532342016 131072    2.710
09:12:32.160 VLLM::W        388782  nvme1n1 RS   1520210176 131072    2.238
09:12:32.160 VLLM::W        388782  nvme1n1 RS   1520210432 131072    2.268
09:12:32.160 VLLM::W        388782  nvme1n1 RS   1520209920 131072    2.310
09:12:32.160 VLLM::W        388782  nvme1n1 RS   1520210688 131072    2.349
09:12:32.160 VLLM::W        388782  nvme1n1 RS   1520211200 131072    2.379
09:12:32.160 VLLM::W        388782  nvme1n1 RS   1520211456 131072    2.444
09:12:32.160 VLLM::W        388782  nvme1n1 RS   1520211968 131072    2.449
09:12:32.160 VLLM::W        388782  nvme1n1 RS   1520210944 131072    2.530
09:12:32.160 VLLM::W        388782  nvme1n1 RS   1520211712 131072    2.486
09:12:32.161 VLLM::W        388782  nvme1n1 RS   1520212736 131072    2.528
09:12:32.161 VLLM::W        388782  nvme1n1 RS   1520212224 131072    2.549
09:12:32.161 VLLM::W        388782  nvme1n1 RS   1520212480 131072    2.576
09:12:32.161 VLLM::W        388782  nvme1n1 RS   1520213248 131072    2.593
09:12:32.161 VLLM::W        388782  nvme1n1 RS   1520212992 131072    2.616
09:12:32.161 VLLM::W        388782  nvme1n1 RS   1520213504 131072    2.625
09:12:32.161 VLLM::W        388782  nvme1n1 RS   1520213760 131072    2.640
09:12:32.161 VLLM::W        388782  nvme1n1 RS   1520218368 131072    2.651
09:12:32.161 VLLM::W        388782  nvme1n1 RS   1520218112 131072    2.665
09:12:32.250 jbd2/nv        752     nvme1n1 WSM  877649168  131072    0.166
09:12:32.250 jbd2/nv        752     nvme1n1 WSM  877649424  126976    0.200
09:12:32.250 jbd2/nv        752     nvme1n1 WSM  877649672  4096      0.031
09:12:32.252 python3        388781  nvme1n1 WS   1532346368 131072    0.145
09:12:32.252 python3        388781  nvme1n1 WS   1532346624 131072    0.218
09:12:32.252 python3        388781  nvme1n1 WS   1532346880 131072    0.312
09:12:32.252 python3        388781  nvme1n1 WS   1532347136 131072    0.400
09:12:32.252 python3        388781  nvme1n1 WS   1532347392 131072    0.479
09:12:32.252 python3        388781  nvme1n1 WS   1532347648 131072    0.536
09:12:32.252 python3        388781  nvme1n1 WS   1532347904 131072    0.624
09:12:32.252 python3        388781  nvme1n1 WS   1532348160 131072    0.664
09:12:32.252 python3        388781  nvme1n1 WS   1532348416 131072    0.755
09:12:32.253 python3        388781  nvme1n1 WS   1532348672 131072    0.826
09:12:32.253 python3        388781  nvme1n1 WS   1532348928 131072    0.903
09:12:32.253 python3        388781  nvme1n1 WS   1532349184 131072    0.983
09:12:32.253 python3        388781  nvme1n1 WS   1532349440 131072    1.063
09:12:32.253 python3        388781  nvme1n1 WS   1532349696 131072    1.145
09:12:32.253 python3        388781  nvme1n1 WS   1532349952 131072    1.227
09:12:32.253 python3        388781  nvme1n1 WS   1532350208 131072    1.283
09:12:32.253 python3        388781  nvme1n1 WS   1532350464 131072    1.362
09:12:32.253 python3        388781  nvme1n1 WS   1532350720 131072    1.444
09:12:32.253 python3        388784  nvme1n1 WS   1569730560 131072    1.453
09:12:32.253 python3        388784  nvme1n1 WS   1569566720 131072    1.519
09:12:32.253 python3        388784  nvme1n1 WS   1569730816 131072    1.592
09:12:32.254 python3        388784  nvme1n1 WS   1569731072 131072    1.671
09:12:32.254 python3        388784  nvme1n1 WS   1569566976 131072    1.757
09:12:32.254 python3        388784  nvme1n1 WS   1569567232 131072    1.838
09:12:32.254 python3        388784  nvme1n1 WS   1569567488 131072    1.921
09:12:32.254 python3        388784  nvme1n1 WS   1569567744 131072    2.000
09:12:32.254 python3        388784  nvme1n1 WS   1569568000 131072    2.078
09:12:32.254 python3        388784  nvme1n1 WS   1569731328 131072    2.161
09:12:32.254 python3        388784  nvme1n1 WS   1569731584 131072    2.236
09:12:32.254 python3        388784  nvme1n1 WS   1569731840 131072    2.308
09:12:32.254 python3        388782  nvme1n1 WS   1569734656 131072    2.403
09:12:32.254 python3        388782  nvme1n1 WS   1569734912 131072    2.472
09:12:32.254 python3        388783  nvme1n1 WS   1499402240 131072    2.552
09:12:32.255 python3        388784  nvme1n1 WS   1569568256 131072    2.619
09:12:32.255 python3        388782  nvme1n1 WS   1569735168 131072    2.707
09:12:32.255 python3        388782  nvme1n1 WS   1569735424 131072    2.782
09:12:32.255 python3        388782  nvme1n1 WS   1569735680 131072    2.859
09:12:32.255 python3        388782  nvme1n1 WS   1569735936 131072    2.932
09:12:32.255 python3        388782  nvme1n1 WS   1569736192 131072    3.020
09:12:32.255 python3        388783  nvme1n1 WS   1499402496 131072    3.103
09:12:32.255 python3        388783  nvme1n1 WS   1499402752 131072    3.177
09:12:32.255 python3        388783  nvme1n1 WS   1499403008 131072    3.249
09:12:32.255 python3        388783  nvme1n1 WS   1499403264 131072    3.330
09:12:32.255 python3        388784  nvme1n1 WS   1569732096 131072    3.412
09:12:32.255 python3        388783  nvme1n1 WS   1499403520 131072    3.477
09:12:32.255 python3        388783  nvme1n1 WS   1499403776 131072    3.555
09:12:32.256 python3        388784  nvme1n1 WS   1569568512 131072    3.636
09:12:32.256 python3        388784  nvme1n1 WS   1569568768 131072    3.711
09:12:32.256 python3        388784  nvme1n1 WS   1569569024 131072    3.789
09:12:32.256 python3        388784  nvme1n1 WS   1569569280 131072    3.866
09:12:32.256 python3        388784  nvme1n1 WS   1569569536 131072    3.944
09:12:32.256 python3        388784  nvme1n1 WS   1569569792 49152     3.973
09:12:32.256 python3        388782  nvme1n1 WS   1569736448 131072    4.059
09:12:32.256 python3        388784  nvme1n1 WS   1569732352 131072    4.133
09:12:32.256 python3        388782  nvme1n1 WS   1569736704 131072    4.215
09:12:32.256 python3        388784  nvme1n1 WS   1569732608 131072    4.272
09:12:32.256 python3        388783  nvme1n1 WS   1569570816 131072    4.360
09:12:32.256 python3        388783  nvme1n1 WS   1569571072 131072    4.429
09:12:32.256 python3        388783  nvme1n1 WS   1569571328 131072    4.505
09:12:32.257 python3        388783  nvme1n1 WS   1569571584 131072    4.582
09:12:32.257 python3        388783  nvme1n1 WS   1569571840 131072    4.662
09:12:32.257 python3        388783  nvme1n1 WS   1569572096 131072    4.741
09:12:32.257 python3        388783  nvme1n1 WS   1569572352 131072    4.817
09:12:32.257 python3        388782  nvme1n1 WS   1529380864 131072    4.921
09:12:32.257 python3        388782  nvme1n1 WS   1529381120 131072    4.992
09:12:32.257 python3        388782  nvme1n1 WS   1529381376 131072    5.063
09:12:32.257 python3        388782  nvme1n1 WS   1529381632 131072    5.133
09:12:32.257 python3        388782  nvme1n1 WS   1569736960 131072    5.241
09:12:32.257 python3        388782  nvme1n1 WS   1569737216 131072    5.311
09:12:32.257 python3        388782  nvme1n1 WS   1569737472 131072    5.386
09:12:32.257 python3        388782  nvme1n1 WS   1569737728 49152     5.415
09:12:32.257 python3        388784  nvme1n1 WS   1569732864 131072    5.501
09:12:32.258 python3        388784  nvme1n1 WS   1569733120 131072    5.577
09:12:32.258 python3        388784  nvme1n1 WS   1569733376 131072    5.652
09:12:32.258 python3        388784  nvme1n1 WS   1569733632 131072    5.727
09:12:32.258 python3        388784  nvme1n1 WS   1569733888 131072    5.804
09:12:32.258 python3        388784  nvme1n1 WS   1569734144 131072    5.880
09:12:32.258 python3        388782  nvme1n1 WS   1529381888 131072    5.954
09:12:32.258 python3        388782  nvme1n1 WS   1529382144 131072    6.028
09:12:32.258 python3        388782  nvme1n1 WS   1529382400 131072    6.103
09:12:32.258 python3        388783  nvme1n1 WS   1499404032 131072    6.260
09:12:32.258 python3        388783  nvme1n1 WS   1499404288 131072    6.302
09:12:32.258 python3        388783  nvme1n1 WS   1499404544 131072    6.342
09:12:32.258 python3        388783  nvme1n1 WS   1499404800 131072    6.415
09:12:32.258 python3        388783  nvme1n1 WS   1499405056 131072    6.491
09:12:32.259 python3        388783  nvme1n1 WS   1499405312 131072    6.568
09:12:32.259 python3        388783  nvme1n1 WS   1499405568 131072    6.648
09:12:32.259 python3        388783  nvme1n1 WS   1499405824 131072    6.747
09:12:32.259 python3        388783  nvme1n1 WS   1569572608 131072    6.850
09:12:32.259 python3        388783  nvme1n1 WS   1569572864 131072    6.921
09:12:32.259 python3        388783  nvme1n1 WS   1569573120 131072    7.000
09:12:32.259 python3        388783  nvme1n1 WS   1569573376 131072    7.079
09:12:32.259 python3        388783  nvme1n1 WS   1569573632 131072    7.155
09:12:32.259 python3        388783  nvme1n1 WS   1569573888 49152     7.183
09:12:32.259 python3        388784  nvme1n1 WS   1569734400 131072    7.365
09:12:32.259 python3        388784  nvme1n1 WS   1569738752 131072    7.391
09:12:32.259 python3        388784  nvme1n1 WS   1569739008 131072    7.436
09:12:32.260 python3        388783  nvme1n1 WS   1499406080 131072    7.494
09:12:32.260 python3        388783  nvme1n1 WS   1499406336 131072    7.572
09:12:32.260 python3        388783  nvme1n1 WS   1499406592 131072    7.652
09:12:32.260 python3        388782  nvme1n1 WS   1529382656 131072    7.724
09:12:32.260 python3        388782  nvme1n1 WS   1529382912 131072    7.798
09:12:32.260 python3        388782  nvme1n1 WS   1529383168 131072    7.877
09:12:32.260 python3        388782  nvme1n1 WS   1529383424 131072    7.952
09:12:32.260 python3        388782  nvme1n1 WS   1529383680 131072    8.024
09:12:32.260 python3        388782  nvme1n1 WS   1529383936 131072    8.100
09:12:32.260 python3        388782  nvme1n1 WS   1529384192 131072    8.173
09:12:32.260 python3        388782  nvme1n1 WS   1529384448 131072    8.245
09:12:32.260 python3        388782  nvme1n1 WS   1529384704 131072    8.302
09:12:32.260 python3        388782  nvme1n1 WS   1529384960 131072    8.380
09:12:32.261 python3        388782  nvme1n1 WS   1529385216 131072    8.456
09:12:32.261 python3        388781  nvme1n1 WS   1569574912 131072    5.828
09:12:32.261 python3        388781  nvme1n1 WS   1569575168 131072    5.894
09:12:32.261 python3        388781  nvme1n1 WS   1569575424 131072    5.972
09:12:32.261 python3        388781  nvme1n1 WS   1569575680 131072    6.048
09:12:32.261 python3        388781  nvme1n1 WS   1569575936 131072    6.123
09:12:32.261 python3        388781  nvme1n1 WS   1569576192 131072    6.202
09:12:32.261 python3        388781  nvme1n1 WS   1569576448 131072    6.277
09:12:32.261 python3        388781  nvme1n1 WS   1569576704 131072    6.333
09:12:32.261 python3        388781  nvme1n1 WS   1569576960 131072    6.407
09:12:32.261 python3        388781  nvme1n1 WS   1569577216 131072    6.480
09:12:32.261 python3        388781  nvme1n1 WS   1569577472 131072    6.554
09:12:32.262 python3        388781  nvme1n1 WS   1569577728 131072    6.628
09:12:32.262 python3        388781  nvme1n1 WS   1569577984 49152     6.658
09:12:32.785 nvme           425740  Unknown N    -1         512       0.102
09:12:33.787 nvme           425744  Unknown N    -1         512       0.027
09:12:34.790 nvme           425754  Unknown N    -1         512       0.092
09:12:35.262 bash           425638  nvme1n1 W    844117696  4096      0.055
09:12:35.679 VLLM::W        388783  nvme1n1 RS   1738354688 131072    0.227
09:12:35.679 VLLM::W        388783  nvme1n1 RS   1738354944 131072    0.227
09:12:35.679 VLLM::W        388783  nvme1n1 RS   1738355200 131072    0.273
09:12:35.679 VLLM::W        388783  nvme1n1 RS   1738355456 131072    0.302
09:12:35.679 VLLM::W        388783  nvme1n1 RS   1738355712 131072    0.334
09:12:35.679 VLLM::W        388783  nvme1n1 RS   1738355968 131072    0.367
09:12:35.679 VLLM::W        388783  nvme1n1 RS   1738356224 131072    0.399
09:12:35.679 VLLM::W        388783  nvme1n1 RS   1738356480 131072    0.394
09:12:35.679 VLLM::W        388783  nvme1n1 RS   1738356736 131072    0.442
09:12:35.679 VLLM::W        388783  nvme1n1 RS   1738356992 131072    0.464
09:12:35.679 VLLM::W        388783  nvme1n1 RS   1738357248 131072    0.506
09:12:35.679 VLLM::W        388783  nvme1n1 RS   1738357504 131072    0.516
09:12:35.680 VLLM::W        388783  nvme1n1 RS   1738358272 131072    0.632
09:12:35.680 VLLM::W        388783  nvme1n1 RS   1738357760 131072    0.664
09:12:35.680 VLLM::W        388783  nvme1n1 RS   1738358016 131072    0.681
09:12:35.680 VLLM::W        388783  nvme1n1 RS   1738358528 131072    0.673
09:12:35.680 VLLM::W        388783  nvme1n1 RS   1738358784 131072    0.717
09:12:35.680 VLLM::W        388783  nvme1n1 RS   1738359040 131072    0.723
09:12:35.680 VLLM::W        388784  nvme1n1 RS   1738457088 131072    0.191
09:12:35.680 VLLM::W        388784  nvme1n1 RS   1738457344 131072    0.235
09:12:35.680 VLLM::W        388784  nvme1n1 RS   1738457600 131072    0.256
09:12:35.680 VLLM::W        388784  nvme1n1 RS   1738457856 131072    0.312
09:12:35.680 VLLM::W        388784  nvme1n1 RS   1738458112 131072    0.317
09:12:35.680 VLLM::W        388784  nvme1n1 RS   1738458368 131072    0.351
09:12:35.680 VLLM::W        388784  nvme1n1 RS   1738458624 131072    0.383
09:12:35.680 VLLM::W        388784  nvme1n1 RS   1738458880 131072    0.387
09:12:35.680 VLLM::W        388784  nvme1n1 RS   1738459136 131072    0.422
09:12:35.680 VLLM::W        388784  nvme1n1 RS   1738459392 131072    0.457
09:12:35.680 VLLM::W        388784  nvme1n1 RS   1738459648 131072    0.488
09:12:35.680 VLLM::W        388784  nvme1n1 RS   1738459904 131072    0.541
09:12:35.680 VLLM::W        388784  nvme1n1 RS   1738460160 131072    0.575
09:12:35.680 VLLM::W        388784  nvme1n1 RS   1738460416 131072    0.608
09:12:35.680 VLLM::W        388784  nvme1n1 RS   1738460672 131072    0.633
09:12:35.680 VLLM::W        388784  nvme1n1 RS   1738362880 131072    0.706
09:12:35.680 VLLM::W        388784  nvme1n1 RS   1738460928 131072    0.735
09:12:35.680 VLLM::W        388784  nvme1n1 RS   1738363136 131072    0.743
09:12:35.681 VLLM::W        388783  nvme1n1 RS   1740079104 131072    0.738
09:12:35.681 VLLM::W        388783  nvme1n1 RS   1740079360 131072    0.743
09:12:35.681 VLLM::W        388783  nvme1n1 RS   1740079872 131072    0.835
09:12:35.681 VLLM::W        388783  nvme1n1 RS   1740079616 131072    0.852
09:12:35.681 VLLM::W        388783  nvme1n1 RS   1740080128 131072    0.931
09:12:35.681 VLLM::W        388783  nvme1n1 RS   1740080640 131072    0.946
09:12:35.681 VLLM::W        388783  nvme1n1 RS   1740080384 131072    0.957
09:12:35.681 VLLM::W        388783  nvme1n1 RS   1740080896 131072    0.982
09:12:35.681 VLLM::W        388783  nvme1n1 RS   1740081408 131072    0.990
09:12:35.681 VLLM::W        388783  nvme1n1 RS   1740081152 131072    1.014
09:12:35.681 VLLM::W        388783  nvme1n1 RS   1740081664 131072    1.020
09:12:35.681 VLLM::W        388783  nvme1n1 RS   1740081920 131072    1.055
09:12:35.681 VLLM::W        388783  nvme1n1 RS   1740082176 131072    1.081
09:12:35.681 VLLM::W        388783  nvme1n1 RS   1740082432 131072    1.122
09:12:35.681 VLLM::W        388783  nvme1n1 RS   1740082688 131072    1.132
09:12:35.681 VLLM::W        388783  nvme1n1 RS   1740082944 131072    1.161
09:12:35.681 VLLM::W        388783  nvme1n1 RS   1740185600 131072    1.188
09:12:35.681 VLLM::W        388783  nvme1n1 RS   1740185856 131072    1.222
09:12:35.681 VLLM::W        388784  nvme1n1 RS   1738465280 131072    0.550
09:12:35.681 VLLM::W        388784  nvme1n1 RS   1738465536 131072    0.568
09:12:35.681 VLLM::W        388784  nvme1n1 RS   1738465792 131072    0.573
09:12:35.681 VLLM::W        388784  nvme1n1 RS   1738466048 131072    0.627
09:12:35.681 VLLM::W        388784  nvme1n1 RS   1738466304 131072    0.640
09:12:35.681 VLLM::W        388784  nvme1n1 RS   1738466560 131072    0.695
09:12:35.681 VLLM::W        388784  nvme1n1 RS   1738466816 131072    0.711
09:12:35.681 VLLM::W        388784  nvme1n1 RS   1738467328 131072    0.760
09:12:35.682 VLLM::W        388784  nvme1n1 RS   1738467072 131072    0.788
09:12:35.682 VLLM::W        388784  nvme1n1 RS   1738467584 131072    0.795
09:12:35.682 VLLM::W        388784  nvme1n1 RS   1738467840 131072    0.861
09:12:35.682 VLLM::W        388784  nvme1n1 RS   1738468096 131072    0.878
09:12:35.682 VLLM::W        388784  nvme1n1 RS   1738468352 131072    0.902
09:12:35.682 VLLM::W        388784  nvme1n1 RS   1738468608 131072    0.926
09:12:35.682 VLLM::W        388784  nvme1n1 RS   1738468864 131072    0.937
09:12:35.682 VLLM::W        388784  nvme1n1 RS   1738469376 131072    1.020
09:12:35.682 VLLM::W        388784  nvme1n1 RS   1738469120 131072    1.048
09:12:35.682 VLLM::W        388784  nvme1n1 RS   1738469632 131072    1.056
09:12:35.682 VLLM::W        388783  nvme1n1 RS   1739477248 131072    0.617
09:12:35.682 VLLM::W        388783  nvme1n1 RS   1739476992 131072    0.629
09:12:35.682 VLLM::W        388783  nvme1n1 RS   1739477504 131072    0.656
09:12:35.682 VLLM::W        388783  nvme1n1 RS   1739477760 131072    0.686
09:12:35.682 VLLM::W        388783  nvme1n1 RS   1739478016 131072    0.733
09:12:35.682 VLLM::W        388783  nvme1n1 RS   1739478272 131072    0.760
09:12:35.682 VLLM::W        388783  nvme1n1 RS   1739478528 131072    0.781
09:12:35.682 VLLM::W        388783  nvme1n1 RS   1739479040 131072    0.825
09:12:35.682 VLLM::W        388783  nvme1n1 RS   1739478784 131072    0.848
09:12:35.682 VLLM::W        388783  nvme1n1 RS   1739479296 131072    0.855
09:12:35.682 VLLM::W        388783  nvme1n1 RS   1739479808 131072    0.904
09:12:35.682 VLLM::W        388783  nvme1n1 RS   1739479552 131072    0.964
09:12:35.682 VLLM::W        388783  nvme1n1 RS   1739480064 131072    0.985
09:12:35.682 VLLM::W        388783  nvme1n1 RS   1739480320 131072    1.000
09:12:35.682 VLLM::W        388783  nvme1n1 RS   1739480832 131072    1.039
09:12:35.682 VLLM::W        388783  nvme1n1 RS   1739481088 131072    1.065
09:12:35.682 VLLM::W        388783  nvme1n1 RS   1739481344 131072    1.096
09:12:35.683 VLLM::W        388784  nvme1n1 RS   1739857920 131072    0.536
09:12:35.683 VLLM::W        388783  nvme1n1 RS   1739480576 131072    1.183
09:12:35.683 VLLM::W        388784  nvme1n1 RS   1739858176 131072    0.563
09:12:35.683 VLLM::W        388784  nvme1n1 RS   1739858432 131072    0.594
09:12:35.683 VLLM::W        388784  nvme1n1 RS   1739858688 131072    0.634
09:12:35.683 VLLM::W        388784  nvme1n1 RS   1739858944 131072    0.671
09:12:35.683 VLLM::W        388784  nvme1n1 RS   1739859200 131072    0.739
09:12:35.683 VLLM::W        388784  nvme1n1 RS   1739859456 131072    0.784
09:12:35.683 VLLM::W        388784  nvme1n1 RS   1739859712 131072    0.782
09:12:35.683 VLLM::W        388784  nvme1n1 RS   1739859968 131072    0.811
09:12:35.683 VLLM::W        388784  nvme1n1 RS   1739860224 131072    0.821
09:12:35.683 VLLM::W        388784  nvme1n1 RS   1739860480 131072    0.863
09:12:35.683 VLLM::W        388784  nvme1n1 RS   1739860736 131072    0.873
09:12:35.683 VLLM::W        388784  nvme1n1 RS   1739860992 131072    0.898
09:12:35.683 VLLM::W        388784  nvme1n1 RS   1739861248 131072    0.953
09:12:35.683 VLLM::W        388784  nvme1n1 RS   1739861504 131072    0.968
09:12:35.683 VLLM::W        388784  nvme1n1 RS   1739861760 131072    1.008
09:12:35.683 VLLM::W        388784  nvme1n1 RS   1739862016 131072    1.044
09:12:35.683 VLLM::W        388784  nvme1n1 RS   1739862272 131072    1.056
09:12:35.683 VLLM::W        388782  nvme1n1 RS   1736269824 131072    0.948
09:12:35.683 VLLM::W        388782  nvme1n1 RS   1736270080 131072    1.031
09:12:35.683 VLLM::W        388782  nvme1n1 RS   1736270336 131072    1.063
09:12:35.683 VLLM::W        388782  nvme1n1 RS   1736270592 131072    1.071
09:12:35.683 VLLM::W        388782  nvme1n1 RS   1736270848 131072    1.102
09:12:35.683 VLLM::W        388782  nvme1n1 RS   1736271104 131072    1.152
09:12:35.683 VLLM::W        388782  nvme1n1 RS   1736271360 131072    1.160
09:12:35.683 VLLM::W        388782  nvme1n1 RS   1736271616 131072    1.186
09:12:35.684 VLLM::W        388782  nvme1n1 RS   1736271872 131072    1.222
09:12:35.684 VLLM::W        388782  nvme1n1 RS   1736272128 131072    1.239
09:12:35.684 VLLM::W        388782  nvme1n1 RS   1736272384 131072    1.245
09:12:35.684 VLLM::W        388782  nvme1n1 RS   1736272640 131072    1.275
09:12:35.684 VLLM::W        388782  nvme1n1 RS   1736272896 131072    1.310
09:12:35.684 VLLM::W        388782  nvme1n1 RS   1736273152 131072    1.352
09:12:35.684 VLLM::W        388782  nvme1n1 RS   1736273408 131072    1.381
09:12:35.684 VLLM::W        388782  nvme1n1 RS   1736273664 131072    1.402
09:12:35.684 VLLM::W        388782  nvme1n1 RS   1740091392 131072    1.436
09:12:35.684 VLLM::W        388782  nvme1n1 RS   1740091648 131072    1.462
09:12:35.684 VLLM::W        388781  nvme1n1 RS   1738346496 131072    1.222
09:12:35.684 VLLM::W        388781  nvme1n1 RS   1738346752 131072    1.228
09:12:35.684 VLLM::W        388783  nvme1n1 RS   1736265728 131072    1.288
09:12:35.684 VLLM::W        388783  nvme1n1 RS   1736265984 131072    1.329
09:12:35.684 VLLM::W        388781  nvme1n1 RS   1738347008 131072    1.354
09:12:35.684 VLLM::W        388781  nvme1n1 RS   1738347264 131072    1.361
09:12:35.684 VLLM::W        388781  nvme1n1 RS   1738347520 131072    1.407
09:12:35.684 VLLM::W        388781  nvme1n1 RS   1738347776 131072    1.451
09:12:35.684 VLLM::W        388781  nvme1n1 RS   1738348032 131072    1.456
09:12:35.684 VLLM::W        388783  nvme1n1 RS   1736266240 131072    1.518
09:12:35.684 VLLM::W        388783  nvme1n1 RS   1736266496 131072    1.548
09:12:35.684 VLLM::W        388783  nvme1n1 RS   1736266752 131072    1.591
09:12:35.684 VLLM::W        388783  nvme1n1 RS   1736267008 131072    1.597
09:12:35.684 VLLM::W        388783  nvme1n1 RS   1736267776 131072    1.690
09:12:35.684 VLLM::W        388783  nvme1n1 RS   1736267520 131072    1.718
09:12:35.684 VLLM::W        388783  nvme1n1 RS   1736268032 131072    1.727
09:12:35.684 VLLM::W        388783  nvme1n1 RS   1736267264 131072    1.784
09:12:35.685 VLLM::W        388781  nvme1n1 RS   1738348288 131072    1.789
09:12:35.685 VLLM::W        388781  nvme1n1 RS   1738348544 131072    1.798
09:12:35.685 VLLM::W        388781  nvme1n1 RS   1738348800 131072    1.835
09:12:35.685 VLLM::W        388781  nvme1n1 RS   1738349056 131072    1.866
09:12:35.685 VLLM::W        388781  nvme1n1 RS   1738349312 131072    1.910
09:12:35.685 VLLM::W        388781  nvme1n1 RS   1738349568 131072    1.920
09:12:35.685 VLLM::W        388783  nvme1n1 RS   1736268288 131072    1.998
09:12:35.685 VLLM::W        388783  nvme1n1 RS   1736268544 131072    2.009
09:12:35.685 VLLM::W        388783  nvme1n1 RS   1736268800 131072    2.093
09:12:35.685 VLLM::W        388783  nvme1n1 RS   1736269056 131072    2.104
09:12:35.685 VLLM::W        388783  nvme1n1 RS   1736269312 131072    2.115
09:12:35.685 VLLM::W        388783  nvme1n1 RS   1736269568 131072    2.177
09:12:35.685 VLLM::W        388783  nvme1n1 RS   1736298496 131072    2.189
09:12:35.685 VLLM::W        388783  nvme1n1 RS   1736298752 131072    2.200
09:12:35.685 VLLM::W        388781  nvme1n1 RS   1738350080 131072    2.309
09:12:35.685 VLLM::W        388781  nvme1n1 RS   1738349824 131072    2.332
09:12:35.685 VLLM::W        388781  nvme1n1 RS   1738350336 131072    2.329
09:12:35.685 VLLM::W        388781  nvme1n1 RS   1738448896 131072    2.382
09:12:35.685 VLLM::W        388781  nvme1n1 RS   1738449152 131072    2.393
09:12:35.685 VLLM::W        388784  nvme1n1 RS   1736261632 131072    1.961
09:12:35.685 VLLM::W        388784  nvme1n1 RS   1736261888 131072    1.965
09:12:35.685 VLLM::W        388784  nvme1n1 RS   1736262144 131072    1.990
09:12:35.685 VLLM::W        388784  nvme1n1 RS   1736262400 131072    2.007
09:12:35.685 VLLM::W        388784  nvme1n1 RS   1736262656 131072    2.062
09:12:35.685 VLLM::W        388784  nvme1n1 RS   1736262912 131072    2.074
09:12:35.685 VLLM::W        388784  nvme1n1 RS   1736263168 131072    2.112
09:12:35.685 VLLM::W        388784  nvme1n1 RS   1736263424 131072    2.110
09:12:35.685 VLLM::W        388784  nvme1n1 RS   1736263680 131072    2.144
09:12:35.686 VLLM::W        388784  nvme1n1 RS   1736263936 131072    2.171
09:12:35.686 VLLM::W        388784  nvme1n1 RS   1736264448 131072    2.253
09:12:35.686 VLLM::W        388784  nvme1n1 RS   1736264192 131072    2.282
09:12:35.686 VLLM::W        388784  nvme1n1 RS   1736264704 131072    2.284
09:12:35.686 VLLM::W        388784  nvme1n1 RS   1736264960 131072    2.313
09:12:35.686 VLLM::W        388784  nvme1n1 RS   1736265216 131072    2.341
09:12:35.686 VLLM::W        388784  nvme1n1 RS   1736265472 131072    2.369
09:12:35.686 VLLM::W        388784  nvme1n1 RS   1736294400 131072    2.407
09:12:35.686 VLLM::W        388784  nvme1n1 RS   1736294656 131072    2.435
09:12:35.686 VLLM::W        388782  nvme1n1 RS   1740083200 131072    1.883
09:12:35.686 VLLM::W        388782  nvme1n1 RS   1740083456 131072    1.918
09:12:35.686 VLLM::W        388782  nvme1n1 RS   1740083712 131072    1.948
09:12:35.686 VLLM::W        388782  nvme1n1 RS   1740083968 131072    2.056
09:12:35.686 VLLM::W        388782  nvme1n1 RS   1740084224 131072    2.063
09:12:35.686 VLLM::W        388782  nvme1n1 RS   1740084480 131072    2.090
09:12:35.686 VLLM::W        388782  nvme1n1 RS   1740084736 131072    2.104
09:12:35.686 VLLM::W        388782  nvme1n1 RS   1740085248 131072    2.129
09:12:35.686 VLLM::W        388782  nvme1n1 RS   1740084992 131072    2.152
09:12:35.686 VLLM::W        388782  nvme1n1 RS   1740085504 131072    2.158
09:12:35.686 VLLM::W        388782  nvme1n1 RS   1740085760 131072    2.188
09:12:35.686 VLLM::W        388782  nvme1n1 RS   1740086016 131072    2.227
09:12:35.686 VLLM::W        388782  nvme1n1 RS   1740086272 131072    2.284
09:12:35.686 VLLM::W        388782  nvme1n1 RS   1740086528 131072    2.296
09:12:35.686 VLLM::W        388782  nvme1n1 RS   1740086784 131072    2.328
09:12:35.686 VLLM::W        388782  nvme1n1 RS   1740087040 131072    2.347
09:12:35.686 VLLM::W        388782  nvme1n1 RS   1755062272 131072    2.382
09:12:35.686 VLLM::W        388782  nvme1n1 RS   1755062528 131072    2.414
09:12:35.687 VLLM::W        388783  nvme1n1 RS   21794816   131072    1.519
09:12:35.687 VLLM::W        388783  nvme1n1 RS   21795328   131072    1.516
09:12:35.687 VLLM::W        388783  nvme1n1 RS   21795584   131072    1.540
09:12:35.687 VLLM::W        388783  nvme1n1 RS   21795072   131072    1.573
09:12:35.687 VLLM::W        388783  nvme1n1 RS   21795840   131072    1.589
09:12:35.687 VLLM::W        388783  nvme1n1 RS   21796352   131072    1.623
09:12:35.687 VLLM::W        388783  nvme1n1 RS   21796608   131072    1.635
09:12:35.687 VLLM::W        388783  nvme1n1 RS   21796096   131072    1.699
09:12:35.687 VLLM::W        388783  nvme1n1 RS   21796864   131072    1.670
09:12:35.687 VLLM::W        388783  nvme1n1 RS   21797120   131072    1.703
09:12:35.687 VLLM::W        388783  nvme1n1 RS   21797376   131072    1.728
09:12:35.687 VLLM::W        388783  nvme1n1 RS   21797632   131072    1.773
09:12:35.687 VLLM::W        388783  nvme1n1 RS   21797888   131072    1.805
09:12:35.687 VLLM::W        388783  nvme1n1 RS   21798144   131072    1.841
09:12:35.687 VLLM::W        388783  nvme1n1 RS   21798400   131072    1.868
09:12:35.687 VLLM::W        388783  nvme1n1 RS   21798656   131072    1.898
09:12:35.687 VLLM::W        388783  nvme1n1 RS   730161152  131072    1.931
09:12:35.687 VLLM::W        388783  nvme1n1 RS   730161408  131072    1.963
09:12:35.687 VLLM::W        388781  nvme1n1 RS   1738366976 131072    1.917
09:12:35.687 VLLM::W        388781  nvme1n1 RS   1738367232 131072    1.925
09:12:35.687 VLLM::W        388781  nvme1n1 RS   1738367488 131072    1.946
09:12:35.687 VLLM::W        388781  nvme1n1 RS   1738367744 131072    1.991
09:12:35.687 VLLM::W        388781  nvme1n1 RS   1738368000 131072    2.023
09:12:35.687 VLLM::W        388781  nvme1n1 RS   1738368256 131072    2.081
09:12:35.687 VLLM::W        388781  nvme1n1 RS   1738368512 131072    2.083
09:12:35.688 VLLM::W        388781  nvme1n1 RS   1738368768 131072    2.144
09:12:35.688 VLLM::W        388781  nvme1n1 RS   1738369024 131072    2.166
09:12:35.688 VLLM::W        388781  nvme1n1 RS   1738369280 131072    2.172
09:12:35.688 VLLM::W        388781  nvme1n1 RS   1738369792 131072    2.242
09:12:35.688 VLLM::W        388781  nvme1n1 RS   1738369536 131072    2.259
09:12:35.688 VLLM::W        388781  nvme1n1 RS   1738370048 131072    2.287
09:12:35.688 VLLM::W        388781  nvme1n1 RS   1738370304 131072    2.321
09:12:35.688 VLLM::W        388781  nvme1n1 RS   1738370560 131072    2.350
09:12:35.688 VLLM::W        388781  nvme1n1 RS   1738370816 131072    2.373
09:12:35.688 VLLM::W        388781  nvme1n1 RS   1739849728 131072    2.412
09:12:35.688 VLLM::W        388781  nvme1n1 RS   1739849984 131072    2.424
09:12:35.688 VLLM::W        388784  nvme1n1 RS   1739407616 131072    1.950
09:12:35.688 VLLM::W        388784  nvme1n1 RS   1739407360 131072    1.978
09:12:35.688 VLLM::W        388784  nvme1n1 RS   1739407872 131072    1.990
09:12:35.688 VLLM::W        388784  nvme1n1 RS   1739408128 131072    2.000
09:12:35.688 VLLM::W        388784  nvme1n1 RS   1739408384 131072    2.035
09:12:35.688 VLLM::W        388784  nvme1n1 RS   1739408640 131072    2.083
09:12:35.688 VLLM::W        388784  nvme1n1 RS   1739408896 131072    2.144
09:12:35.688 VLLM::W        388784  nvme1n1 RS   1739409152 131072    2.115
09:12:35.688 VLLM::W        388784  nvme1n1 RS   1739409408 131072    2.150
09:12:35.688 VLLM::W        388784  nvme1n1 RS   1739409664 131072    2.183
09:12:35.688 VLLM::W        388784  nvme1n1 RS   1739409920 131072    2.214
09:12:35.688 VLLM::W        388784  nvme1n1 RS   1739410176 131072    2.240
09:12:35.688 VLLM::W        388784  nvme1n1 RS   1739410432 131072    2.274
09:12:35.688 VLLM::W        388784  nvme1n1 RS   1739410688 131072    2.367
09:12:35.688 VLLM::W        388784  nvme1n1 RS   1739410944 131072    2.407
09:12:35.688 VLLM::W        388784  nvme1n1 RS   1739411200 131072    2.395
09:12:35.689 VLLM::W        388784  nvme1n1 RS   1739411456 131072    2.427
09:12:35.689 VLLM::W        388784  nvme1n1 RS   1739411712 131072    2.510
09:12:35.689 VLLM::W        388782  nvme1n1 RS   1739469056 131072    1.985
09:12:35.689 VLLM::W        388782  nvme1n1 RS   1739469312 131072    2.001
09:12:35.689 VLLM::W        388782  nvme1n1 RS   1739468800 131072    2.015
09:12:35.689 VLLM::W        388782  nvme1n1 RS   1739469568 131072    2.084
09:12:35.689 VLLM::W        388782  nvme1n1 RS   1739470336 131072    2.148
09:12:35.689 VLLM::W        388782  nvme1n1 RS   1739469824 131072    2.184
09:12:35.689 VLLM::W        388782  nvme1n1 RS   1739470080 131072    2.194
09:12:35.689 VLLM::W        388782  nvme1n1 RS   1739470592 131072    2.189
09:12:35.689 VLLM::W        388782  nvme1n1 RS   1739470848 131072    2.236
09:12:35.689 VLLM::W        388782  nvme1n1 RS   1739471104 131072    2.253
09:12:35.689 VLLM::W        388782  nvme1n1 RS   1739471360 131072    2.271
09:12:35.689 VLLM::W        388782  nvme1n1 RS   1739471616 131072    2.278
09:12:35.689 VLLM::W        388782  nvme1n1 RS   1739471872 131072    2.387
09:12:35.689 VLLM::W        388782  nvme1n1 RS   1739472128 131072    2.399
09:12:35.689 VLLM::W        388782  nvme1n1 RS   1739472384 131072    2.410
09:12:35.689 VLLM::W        388782  nvme1n1 RS   1739472640 131072    2.454
09:12:35.689 VLLM::W        388782  nvme1n1 RS   1739472896 131072    2.477
09:12:35.689 VLLM::W        388782  nvme1n1 RS   1739473152 131072    2.484
09:12:35.689 VLLM::W        388783  nvme1n1 RS   1737277440 131072    1.961
09:12:35.689 VLLM::W        388783  nvme1n1 RS   1737277696 131072    1.964
09:12:35.689 VLLM::W        388783  nvme1n1 RS   1737277952 131072    1.962
09:12:35.689 VLLM::W        388783  nvme1n1 RS   1737278208 131072    1.976
09:12:35.689 VLLM::W        388783  nvme1n1 RS   1737278464 131072    2.092
09:12:35.689 VLLM::W        388783  nvme1n1 RS   1737278720 131072    2.094
09:12:35.689 VLLM::W        388783  nvme1n1 RS   1737278976 131072    2.096
09:12:35.690 VLLM::W        388783  nvme1n1 RS   1737279232 131072    2.119
09:12:35.690 VLLM::W        388783  nvme1n1 RS   1737279488 131072    2.130
09:12:35.690 VLLM::W        388783  nvme1n1 RS   1737279744 131072    2.182
09:12:35.690 VLLM::W        388783  nvme1n1 RS   1737280000 131072    2.198
09:12:35.690 VLLM::W        388783  nvme1n1 RS   1737280256 131072    2.216
09:12:35.690 VLLM::W        388783  nvme1n1 RS   1737280512 131072    2.227
09:12:35.690 VLLM::W        388783  nvme1n1 RS   1737280768 131072    2.336
09:12:35.690 VLLM::W        388783  nvme1n1 RS   1737281024 131072    2.353
09:12:35.690 VLLM::W        388783  nvme1n1 RS   1737281280 131072    2.360
09:12:35.690 VLLM::W        388783  nvme1n1 RS   1737281536 131072    2.370
09:12:35.690 VLLM::W        388783  nvme1n1 RS   1737281792 131072    2.392
09:12:35.690 VLLM::W        388781  nvme1n1 RS   1738371072 131072    1.902
09:12:35.690 VLLM::W        388781  nvme1n1 RS   1738371328 131072    1.932
09:12:35.690 VLLM::W        388781  nvme1n1 RS   1738371584 131072    1.972
09:12:35.690 VLLM::W        388781  nvme1n1 RS   1738371840 131072    2.001
09:12:35.690 VLLM::W        388781  nvme1n1 RS   1738372096 131072    2.066
09:12:35.690 VLLM::W        388781  nvme1n1 RS   1738372352 131072    2.093
09:12:35.690 VLLM::W        388781  nvme1n1 RS   1738372608 131072    2.134
09:12:35.690 VLLM::W        388781  nvme1n1 RS   1738372864 131072    2.131
09:12:35.690 VLLM::W        388781  nvme1n1 RS   1738373120 131072    2.141
09:12:35.690 VLLM::W        388781  nvme1n1 RS   1738373376 131072    2.169
09:12:35.690 VLLM::W        388781  nvme1n1 RS   1738373632 131072    2.218
09:12:35.690 VLLM::W        388781  nvme1n1 RS   1738373888 131072    2.244
09:12:35.690 VLLM::W        388781  nvme1n1 RS   1738374144 131072    2.272
09:12:35.690 VLLM::W        388781  nvme1n1 RS   1738374400 131072    2.306
09:12:35.690 VLLM::W        388781  nvme1n1 RS   1738374656 131072    2.349
09:12:35.690 VLLM::W        388781  nvme1n1 RS   1738374912 131072    2.369
09:12:35.690 VLLM::W        388781  nvme1n1 RS   1739853824 131072    2.400
09:12:35.691 VLLM::W        388781  nvme1n1 RS   1739854080 131072    2.430
09:12:35.691 VLLM::W        388784  nvme1n1 RS   1739415552 131072    1.940
09:12:35.691 VLLM::W        388784  nvme1n1 RS   1739415808 131072    1.950
09:12:35.691 VLLM::W        388784  nvme1n1 RS   1739416064 131072    1.948
09:12:35.691 VLLM::W        388784  nvme1n1 RS   1739416320 131072    1.966
09:12:35.691 VLLM::W        388784  nvme1n1 RS   1739416576 131072    1.984
09:12:35.691 VLLM::W        388784  nvme1n1 RS   1739416832 131072    2.038
09:12:35.691 VLLM::W        388784  nvme1n1 RS   1739417088 131072    2.062
09:12:35.691 VLLM::W        388784  nvme1n1 RS   1739417344 131072    2.039
09:12:35.691 VLLM::W        388784  nvme1n1 RS   1739417600 131072    2.068
09:12:35.691 VLLM::W        388784  nvme1n1 RS   1739417856 131072    2.100
09:12:35.691 VLLM::W        388784  nvme1n1 RS   1739418112 131072    2.204
09:12:35.691 VLLM::W        388784  nvme1n1 RS   1739418368 131072    2.210
09:12:35.691 VLLM::W        388784  nvme1n1 RS   1739419136 131072    2.274
09:12:35.691 VLLM::W        388784  nvme1n1 RS   1739418624 131072    2.300
09:12:35.691 VLLM::W        388784  nvme1n1 RS   1739418880 131072    2.316
09:12:35.691 VLLM::W        388784  nvme1n1 RS   1739419392 131072    2.312
09:12:35.691 VLLM::W        388784  nvme1n1 RS   1739419648 131072    2.412
09:12:35.691 VLLM::W        388784  nvme1n1 RS   1739419904 131072    2.429
09:12:35.691 VLLM::W        388782  nvme1n1 RS   1739547136 131072    1.982
09:12:35.691 VLLM::W        388782  nvme1n1 RS   1739546624 131072    2.010
09:12:35.691 VLLM::W        388782  nvme1n1 RS   1739546880 131072    2.027
09:12:35.691 VLLM::W        388782  nvme1n1 RS   1739547392 131072    2.025
09:12:35.691 VLLM::W        388782  nvme1n1 RS   1739548160 131072    2.081
09:12:35.692 VLLM::W        388782  nvme1n1 RS   1739548416 131072    2.115
09:12:35.692 VLLM::W        388782  nvme1n1 RS   1739547648 131072    2.177
09:12:35.692 VLLM::W        388782  nvme1n1 RS   1739547904 131072    2.194
09:12:35.692 VLLM::W        388782  nvme1n1 RS   1739549184 131072    2.204
09:12:35.692 VLLM::W        388782  nvme1n1 RS   1739549440 131072    2.226
09:12:35.692 VLLM::W        388782  nvme1n1 RS   1739548672 131072    2.249
09:12:35.692 VLLM::W        388782  nvme1n1 RS   1739548928 131072    2.260
09:12:35.692 VLLM::W        388782  nvme1n1 RS   1739549696 131072    2.300
09:12:35.692 VLLM::W        388782  nvme1n1 RS   1739549952 131072    2.339
09:12:35.692 VLLM::W        388782  nvme1n1 RS   1739550208 131072    2.362
09:12:35.692 VLLM::W        388782  nvme1n1 RS   1739550464 131072    2.358
09:12:35.692 VLLM::W        388782  nvme1n1 RS   1739485184 131072    2.386
09:12:35.692 VLLM::W        388783  nvme1n1 RS   1739554816 131072    1.863
09:12:35.692 VLLM::W        388782  nvme1n1 RS   1739485440 131072    2.480
09:12:35.692 VLLM::W        388783  nvme1n1 RS   1739555328 131072    1.923
09:12:35.692 VLLM::W        388783  nvme1n1 RS   1739555072 131072    1.954
09:12:35.692 VLLM::W        388783  nvme1n1 RS   1739555584 131072    1.962
09:12:35.692 VLLM::W        388783  nvme1n1 RS   1739555840 131072    1.993
09:12:35.692 VLLM::W        388783  nvme1n1 RS   1739556352 131072    2.066
09:12:35.692 VLLM::W        388783  nvme1n1 RS   1739556096 131072    2.097
09:12:35.692 VLLM::W        388783  nvme1n1 RS   1739556608 131072    2.087
09:12:35.692 VLLM::W        388783  nvme1n1 RS   1739556864 131072    2.106
09:12:35.692 VLLM::W        388783  nvme1n1 RS   1739557120 131072    2.151
09:12:35.692 VLLM::W        388783  nvme1n1 RS   1739557632 131072    2.193
09:12:35.692 VLLM::W        388783  nvme1n1 RS   1739557376 131072    2.205
09:12:35.692 VLLM::W        388783  nvme1n1 RS   1739558144 131072    2.266
09:12:35.692 VLLM::W        388783  nvme1n1 RS   1739557888 131072    2.294
09:12:35.692 VLLM::W        388783  nvme1n1 RS   1739558400 131072    2.296
09:12:35.692 VLLM::W        388783  nvme1n1 RS   1739558656 131072    2.329
09:12:35.692 VLLM::W        388783  nvme1n1 RS   1739558912 131072    2.365
09:12:35.693 VLLM::W        388783  nvme1n1 RS   1739559168 131072    2.377
09:12:35.693 VLLM::W        388781  nvme1n1 RS   1740087296 131072    1.913
09:12:35.693 VLLM::W        388781  nvme1n1 RS   1740087552 131072    2.016
09:12:35.693 VLLM::W        388781  nvme1n1 RS   1740087808 131072    2.039
09:12:35.693 VLLM::W        388781  nvme1n1 RS   1740088064 131072    2.049
09:12:35.693 VLLM::W        388781  nvme1n1 RS   1740088576 131072    2.131
09:12:35.693 VLLM::W        388781  nvme1n1 RS   1740088320 131072    2.144
09:12:35.693 VLLM::W        388781  nvme1n1 RS   1740088832 131072    2.144
09:12:35.693 VLLM::W        388781  nvme1n1 RS   1740089088 131072    2.179
09:12:35.693 VLLM::W        388781  nvme1n1 RS   1740089344 131072    2.201
09:12:35.693 VLLM::W        388781  nvme1n1 RS   1740089600 131072    2.207
09:12:35.693 VLLM::W        388781  nvme1n1 RS   1740089856 131072    2.239
09:12:35.693 VLLM::W        388781  nvme1n1 RS   1740090112 131072    2.276
09:12:35.693 VLLM::W        388781  nvme1n1 RS   1740090624 131072    2.363
09:12:35.693 VLLM::W        388781  nvme1n1 RS   1740090368 131072    2.386
09:12:35.693 VLLM::W        388781  nvme1n1 RS   1740090880 131072    2.389
09:12:35.693 VLLM::W        388781  nvme1n1 RS   1740091136 131072    2.419
09:12:35.693 VLLM::W        388781  nvme1n1 RS   1740275712 131072    2.429
09:12:35.693 VLLM::W        388781  nvme1n1 RS   1740275968 131072    2.570
09:12:35.693 VLLM::W        388784  nvme1n1 RS   1739358720 131072    1.889
09:12:35.693 VLLM::W        388784  nvme1n1 RS   1739358976 131072    1.911
09:12:35.693 VLLM::W        388784  nvme1n1 RS   1739358208 131072    1.992
09:12:35.693 VLLM::W        388784  nvme1n1 RS   1739358464 131072    2.016
09:12:35.693 VLLM::W        388784  nvme1n1 RS   1739359744 131072    2.032
09:12:35.694 VLLM::W        388784  nvme1n1 RS   1739360000 131072    2.033
09:12:35.694 VLLM::W        388784  nvme1n1 RS   1739359232 131072    2.093
09:12:35.694 VLLM::W        388784  nvme1n1 RS   1739359488 131072    2.100
09:12:35.694 VLLM::W        388784  nvme1n1 RS   1739360768 131072    2.106
09:12:35.694 VLLM::W        388784  nvme1n1 RS   1739360256 131072    2.137
09:12:35.694 VLLM::W        388784  nvme1n1 RS   1739360512 131072    2.149
09:12:35.694 VLLM::W        388784  nvme1n1 RS   1739361024 131072    2.155
09:12:35.694 VLLM::W        388784  nvme1n1 RS   1739361792 131072    2.237
09:12:35.694 VLLM::W        388784  nvme1n1 RS   1739361280 131072    2.259
09:12:35.694 VLLM::W        388784  nvme1n1 RS   1739361536 131072    2.275
09:12:35.694 VLLM::W        388784  nvme1n1 RS   1739362048 131072    2.274
09:12:35.694 VLLM::W        388784  nvme1n1 RS   1739362560 131072    2.322
09:12:35.694 VLLM::W        388784  nvme1n1 RS   1739362304 131072    2.333
09:12:35.694 VLLM::W        388782  nvme1n1 RS   1739366656 131072    1.838
09:12:35.694 VLLM::W        388782  nvme1n1 RS   1739366400 131072    1.862
09:12:35.694 VLLM::W        388782  nvme1n1 RS   1739366912 131072    1.866
09:12:35.694 VLLM::W        388782  nvme1n1 RS   1739367680 131072    1.970
09:12:35.694 VLLM::W        388782  nvme1n1 RS   1739367936 131072    2.028
09:12:35.694 VLLM::W        388782  nvme1n1 RS   1739367168 131072    2.060
09:12:35.694 VLLM::W        388782  nvme1n1 RS   1739367424 131072    2.078
09:12:35.694 VLLM::W        388782  nvme1n1 RS   1739368192 131072    2.059
09:12:35.694 VLLM::W        388782  nvme1n1 RS   1739368448 131072    2.070
09:12:35.694 VLLM::W        388782  nvme1n1 RS   1739368704 131072    2.081
09:12:35.694 VLLM::W        388782  nvme1n1 RS   1739368960 131072    2.125
09:12:35.694 VLLM::W        388782  nvme1n1 RS   1739369216 131072    2.161
09:12:35.694 VLLM::W        388782  nvme1n1 RS   1739369728 131072    2.241
09:12:35.694 VLLM::W        388782  nvme1n1 RS   1739369984 131072    2.263
09:12:35.694 VLLM::W        388782  nvme1n1 RS   1739370240 131072    2.266
09:12:35.694 VLLM::W        388782  nvme1n1 RS   1739369472 131072    2.298
09:12:35.695 VLLM::W        388782  nvme1n1 RS   1739370496 131072    2.342
09:12:35.695 VLLM::W        388782  nvme1n1 RS   1739370752 131072    2.382
09:12:35.695 VLLM::W        388783  nvme1n1 RS   730411008  131072    1.937
09:12:35.695 VLLM::W        388783  nvme1n1 RS   730411264  131072    1.998
09:12:35.695 VLLM::W        388783  nvme1n1 RS   730411520  131072    2.054
09:12:35.695 VLLM::W        388783  nvme1n1 RS   730412032  131072    2.078
09:12:35.695 VLLM::W        388783  nvme1n1 RS   730411776  131072    2.099
09:12:35.695 VLLM::W        388783  nvme1n1 RS   730412288  131072    2.145
09:12:35.695 VLLM::W        388783  nvme1n1 RS   730413056  131072    2.156
09:12:35.695 VLLM::W        388783  nvme1n1 RS   730412544  131072    2.218
09:12:35.695 VLLM::W        388783  nvme1n1 RS   730412800  131072    2.200
09:12:35.695 VLLM::W        388783  nvme1n1 RS   730413312  131072    2.218
09:12:35.695 VLLM::W        388783  nvme1n1 RS   730413568  131072    2.227
09:12:35.695 VLLM::W        388783  nvme1n1 RS   730413824  131072    2.284
09:12:35.695 VLLM::W        388783  nvme1n1 RS   730414080  131072    2.294
09:12:35.695 VLLM::W        388783  nvme1n1 RS   730414336  131072    2.322
09:12:35.695 VLLM::W        388783  nvme1n1 RS   730414592  131072    2.349
09:12:35.695 VLLM::W        388783  nvme1n1 RS   730415104  131072    2.418
09:12:35.695 VLLM::W        388783  nvme1n1 RS   730414848  131072    2.429
09:12:35.695 VLLM::W        388783  nvme1n1 RS   730415360  131072    2.455
09:12:35.695 VLLM::W        388781  nvme1n1 RS   1739538688 131072    1.827
09:12:35.695 VLLM::W        388781  nvme1n1 RS   1739538944 131072    1.855
09:12:35.695 VLLM::W        388781  nvme1n1 RS   1739538432 131072    1.907
09:12:35.695 VLLM::W        388781  nvme1n1 RS   1739539200 131072    1.923
09:12:35.695 VLLM::W        388781  nvme1n1 RS   1739539456 131072    1.943
09:12:35.695 VLLM::W        388781  nvme1n1 RS   1739539712 131072    1.974
09:12:35.695 VLLM::W        388781  nvme1n1 RS   1739539968 131072    2.049
09:12:35.696 VLLM::W        388781  nvme1n1 RS   1739540224 131072    2.028
09:12:35.696 VLLM::W        388781  nvme1n1 RS   1739540480 131072    2.044
09:12:35.696 VLLM::W        388781  nvme1n1 RS   1739540736 131072    2.055
09:12:35.696 VLLM::W        388781  nvme1n1 RS   1739540992 131072    2.116
09:12:35.696 VLLM::W        388781  nvme1n1 RS   1739541248 131072    2.127
09:12:35.696 VLLM::W        388781  nvme1n1 RS   1739541504 131072    2.162
09:12:35.696 VLLM::W        388781  nvme1n1 RS   1739541760 131072    2.187
09:12:35.696 VLLM::W        388781  nvme1n1 RS   1739542016 131072    2.229
09:12:35.696 VLLM::W        388781  nvme1n1 RS   1739542272 131072    2.255
09:12:35.696 VLLM::W        388781  nvme1n1 RS   1739542528 131072    2.291
09:12:35.696 VLLM::W        388781  nvme1n1 RS   1739542784 131072    2.328
09:12:35.696 VLLM::W        388784  nvme1n1 RS   39723008   131072    1.837
09:12:35.696 VLLM::W        388784  nvme1n1 RS   39723264   131072    1.867
09:12:35.696 VLLM::W        388784  nvme1n1 RS   39723776   131072    1.928
09:12:35.696 VLLM::W        388784  nvme1n1 RS   39723520   131072    1.946
09:12:35.696 VLLM::W        388784  nvme1n1 RS   39724288   131072    2.011
09:12:35.696 VLLM::W        388784  nvme1n1 RS   39724032   131072    2.035
09:12:35.696 VLLM::W        388784  nvme1n1 RS   39724544   131072    2.077
09:12:35.696 VLLM::W        388784  nvme1n1 RS   39724800   131072    2.077
09:12:35.696 VLLM::W        388784  nvme1n1 RS   39725312   131072    2.105
09:12:35.696 VLLM::W        388784  nvme1n1 RS   39725056   131072    2.123
09:12:35.696 VLLM::W        388784  nvme1n1 RS   39725824   131072    2.178
09:12:35.696 VLLM::W        388784  nvme1n1 RS   39725568   131072    2.189
09:12:35.696 VLLM::W        388784  nvme1n1 RS   39726336   131072    2.235
09:12:35.696 VLLM::W        388784  nvme1n1 RS   39726080   131072    2.247
09:12:35.696 VLLM::W        388784  nvme1n1 RS   39726848   131072    2.303
09:12:35.696 VLLM::W        388784  nvme1n1 RS   39726592   131072    2.351
09:12:35.697 VLLM::W        388784  nvme1n1 RS   39731456   131072    2.390
09:12:35.697 VLLM::W        388784  nvme1n1 RS   39731200   131072    2.405
09:12:35.697 VLLM::W        388782  nvme1n1 RS   1739375104 131072    1.924
09:12:35.697 VLLM::W        388782  nvme1n1 RS   1739374848 131072    1.950
09:12:35.697 VLLM::W        388782  nvme1n1 RS   1739374592 131072    1.974
09:12:35.697 VLLM::W        388782  nvme1n1 RS   1739375360 131072    1.976
09:12:35.697 VLLM::W        388782  nvme1n1 RS   1739375616 131072    2.018
09:12:35.697 VLLM::W        388782  nvme1n1 RS   1739376128 131072    2.071
09:12:35.697 VLLM::W        388782  nvme1n1 RS   1739375872 131072    2.126
09:12:35.697 VLLM::W        388782  nvme1n1 RS   1739376384 131072    2.096
09:12:35.697 VLLM::W        388782  nvme1n1 RS   1739376640 131072    2.160
09:12:35.697 VLLM::W        388782  nvme1n1 RS   1739377152 131072    2.167
09:12:35.697 VLLM::W        388782  nvme1n1 RS   1739377408 131072    2.206
09:12:35.697 VLLM::W        388782  nvme1n1 RS   1739376896 131072    2.225
09:12:35.697 VLLM::W        388782  nvme1n1 RS   1739377664 131072    2.307
09:12:35.697 VLLM::W        388782  nvme1n1 RS   1739377920 131072    2.329
09:12:35.697 VLLM::W        388782  nvme1n1 RS   1739378176 131072    2.347
09:12:35.697 VLLM::W        388782  nvme1n1 RS   1739378432 131072    2.355
09:12:35.697 VLLM::W        388782  nvme1n1 RS   1739378688 131072    2.376
09:12:35.697 VLLM::W        388782  nvme1n1 RS   1739378944 131072    2.383
09:12:35.697 VLLM::W        388783  nvme1n1 RS   1532325888 131072    2.001
09:12:35.697 VLLM::W        388783  nvme1n1 RS   1532326144 131072    2.015
09:12:35.697 VLLM::W        388783  nvme1n1 RS   1532326400 131072    2.013
09:12:35.697 VLLM::W        388783  nvme1n1 RS   1532326656 131072    2.006
09:12:35.697 VLLM::W        388783  nvme1n1 RS   1532326912 131072    2.073
09:12:35.697 VLLM::W        388783  nvme1n1 RS   1532327168 131072    2.088
09:12:35.697 VLLM::W        388783  nvme1n1 RS   1532327424 131072    2.091
09:12:35.698 VLLM::W        388783  nvme1n1 RS   1532327936 131072    2.122
09:12:35.698 VLLM::W        388783  nvme1n1 RS   1532327680 131072    2.135
09:12:35.698 VLLM::W        388783  nvme1n1 RS   1532328192 131072    2.195
09:12:35.698 VLLM::W        388783  nvme1n1 RS   1532328448 131072    2.200
09:12:35.698 VLLM::W        388783  nvme1n1 RS   1532328704 131072    2.239
09:12:35.698 VLLM::W        388783  nvme1n1 RS   1532328960 131072    2.280
09:12:35.698 VLLM::W        388783  nvme1n1 RS   1532329216 131072    2.290
09:12:35.698 VLLM::W        388783  nvme1n1 RS   1532329472 131072    2.322
09:12:35.698 VLLM::W        388783  nvme1n1 RS   1532329728 131072    2.342
09:12:35.698 VLLM::W        388783  nvme1n1 RS   1532334080 131072    2.380
09:12:35.698 VLLM::W        388783  nvme1n1 RS   1532334336 131072    2.408
09:12:35.698 VLLM::W        388781  nvme1n1 RS   1739522048 131072    1.933
09:12:35.698 VLLM::W        388781  nvme1n1 RS   1739522304 131072    1.960
09:12:35.698 VLLM::W        388781  nvme1n1 RS   1739522560 131072    1.987
09:12:35.698 VLLM::W        388781  nvme1n1 RS   1739522816 131072    2.016
09:12:35.698 VLLM::W        388781  nvme1n1 RS   1739523072 131072    2.085
09:12:35.698 VLLM::W        388781  nvme1n1 RS   1739523328 131072    2.100
09:12:35.698 VLLM::W        388781  nvme1n1 RS   1739523584 131072    2.151
09:12:35.698 VLLM::W        388781  nvme1n1 RS   1739523840 131072    2.132
09:12:35.698 VLLM::W        388781  nvme1n1 RS   1739524096 131072    2.165
09:12:35.698 VLLM::W        388781  nvme1n1 RS   1739524352 131072    2.195
09:12:35.698 VLLM::W        388781  nvme1n1 RS   1739524608 131072    2.244
09:12:35.698 VLLM::W        388781  nvme1n1 RS   1739524864 131072    2.250
09:12:35.698 VLLM::W        388781  nvme1n1 RS   1739525120 131072    2.319
09:12:35.698 VLLM::W        388781  nvme1n1 RS   1739525376 131072    2.325
09:12:35.698 VLLM::W        388781  nvme1n1 RS   1739525632 131072    2.360
09:12:35.698 VLLM::W        388781  nvme1n1 RS   1739525888 131072    2.382
09:12:35.699 VLLM::W        388781  nvme1n1 RS   1739526144 131072    2.425
09:12:35.699 VLLM::W        388781  nvme1n1 RS   1739526400 131072    2.451
09:12:35.699 VLLM::W        388784  nvme1n1 RS   722571264  131072    1.986
09:12:35.699 VLLM::W        388784  nvme1n1 RS   722571520  131072    1.987
09:12:35.699 VLLM::W        388784  nvme1n1 RS   722571776  131072    1.985
09:12:35.699 VLLM::W        388784  nvme1n1 RS   722572032  131072    2.021
09:12:35.699 VLLM::W        388784  nvme1n1 RS   722572288  131072    2.054
09:12:35.699 VLLM::W        388784  nvme1n1 RS   722572544  131072    2.072
09:12:35.699 VLLM::W        388784  nvme1n1 RS   722572800  131072    2.102
09:12:35.699 VLLM::W        388784  nvme1n1 RS   722573056  131072    2.117
09:12:35.699 VLLM::W        388784  nvme1n1 RS   722573312  131072    2.129
09:12:35.699 VLLM::W        388784  nvme1n1 RS   722573568  131072    2.158
09:12:35.699 VLLM::W        388784  nvme1n1 RS   722573824  131072    2.187
09:12:35.699 VLLM::W        388784  nvme1n1 RS   722574080  131072    2.230
09:12:35.699 VLLM::W        388784  nvme1n1 RS   722574336  131072    2.260
09:12:35.699 VLLM::W        388784  nvme1n1 RS   722574592  131072    2.291
09:12:35.699 VLLM::W        388784  nvme1n1 RS   722574848  131072    2.321
09:12:35.699 VLLM::W        388784  nvme1n1 RS   722575104  131072    2.365
09:12:35.699 VLLM::W        388784  nvme1n1 RS   722579456  131072    2.392
09:12:35.699 VLLM::W        388784  nvme1n1 RS   722579712  131072    2.419
09:12:35.699 VLLM::W        388782  nvme1n1 RS   1736409088 131072    1.936
09:12:35.699 VLLM::W        388782  nvme1n1 RS   1736409344 131072    1.965
09:12:35.699 VLLM::W        388782  nvme1n1 RS   1736409600 131072    1.994
09:12:35.699 VLLM::W        388782  nvme1n1 RS   1736409856 131072    2.040
09:12:35.699 VLLM::W        388782  nvme1n1 RS   1736410112 131072    2.070
09:12:35.699 VLLM::W        388782  nvme1n1 RS   1736410368 131072    2.127
09:12:35.699 VLLM::W        388782  nvme1n1 RS   1736410624 131072    2.167
09:12:35.700 VLLM::W        388782  nvme1n1 RS   1736410880 131072    2.152
09:12:35.700 VLLM::W        388782  nvme1n1 RS   1736411136 131072    2.163
09:12:35.700 VLLM::W        388782  nvme1n1 RS   1736411392 131072    2.223
09:12:35.700 VLLM::W        388782  nvme1n1 RS   1736411648 131072    2.248
09:12:35.700 VLLM::W        388782  nvme1n1 RS   1736411904 131072    2.259
09:12:35.700 VLLM::W        388782  nvme1n1 RS   1736412160 131072    2.287
09:12:35.700 VLLM::W        388782  nvme1n1 RS   1736412416 131072    2.316
09:12:35.700 VLLM::W        388782  nvme1n1 RS   1736412672 131072    2.369
09:12:35.700 VLLM::W        388782  nvme1n1 RS   1736412928 131072    2.390
09:12:35.700 VLLM::W        388782  nvme1n1 RS   1736413184 131072    2.418
09:12:35.700 VLLM::W        388782  nvme1n1 RS   1736413440 131072    2.480
09:12:35.700 VLLM::W        388783  nvme1n1 RS   1499385856 131072    1.853
09:12:35.700 VLLM::W        388783  nvme1n1 RS   1499386112 131072    1.880
09:12:35.700 VLLM::W        388783  nvme1n1 RS   1499386368 131072    1.913
09:12:35.700 VLLM::W        388783  nvme1n1 RS   1499386624 131072    1.954
09:12:35.700 VLLM::W        388783  nvme1n1 RS   1499386880 131072    1.996
09:12:35.700 VLLM::W        388783  nvme1n1 RS   1499387136 131072    2.051
09:12:35.700 VLLM::W        388783  nvme1n1 RS   1499387392 131072    2.084
09:12:35.700 VLLM::W        388783  nvme1n1 RS   1499387648 131072    2.075
09:12:35.700 VLLM::W        388783  nvme1n1 RS   1499387904 131072    2.085
09:12:35.700 VLLM::W        388783  nvme1n1 RS   1499388160 131072    2.119
09:12:35.700 VLLM::W        388783  nvme1n1 RS   1499388416 131072    2.147
09:12:35.700 VLLM::W        388783  nvme1n1 RS   1499388672 131072    2.179
09:12:35.700 VLLM::W        388783  nvme1n1 RS   1499388928 131072    2.215
09:12:35.700 VLLM::W        388783  nvme1n1 RS   1499389184 131072    2.261
09:12:35.700 VLLM::W        388783  nvme1n1 RS   1499389440 131072    2.288
09:12:35.700 VLLM::W        388783  nvme1n1 RS   1499389696 131072    2.306
09:12:35.700 VLLM::W        388783  nvme1n1 RS   1499389952 131072    2.340
09:12:35.701 VLLM::W        388783  nvme1n1 RS   1499390208 131072    2.372
09:12:35.701 VLLM::W        388781  nvme1n1 RS   1739530240 131072    1.902
09:12:35.701 VLLM::W        388781  nvme1n1 RS   1739530496 131072    1.930
09:12:35.701 VLLM::W        388781  nvme1n1 RS   1739530752 131072    1.967
09:12:35.701 VLLM::W        388781  nvme1n1 RS   1739531008 131072    2.000
09:12:35.701 VLLM::W        388781  nvme1n1 RS   1739531264 131072    2.058
09:12:35.701 VLLM::W        388781  nvme1n1 RS   1739531520 131072    2.098
09:12:35.701 VLLM::W        388781  nvme1n1 RS   1739531776 131072    2.131
09:12:35.701 VLLM::W        388781  nvme1n1 RS   1739532032 131072    2.108
09:12:35.701 VLLM::W        388781  nvme1n1 RS   1739532288 131072    2.142
09:12:35.701 VLLM::W        388781  nvme1n1 RS   1739532544 131072    2.175
09:12:35.701 VLLM::W        388781  nvme1n1 RS   1739532800 131072    2.204
09:12:35.701 VLLM::W        388781  nvme1n1 RS   1739533312 131072    2.282
09:12:35.701 VLLM::W        388781  nvme1n1 RS   1739533056 131072    2.305
09:12:35.701 VLLM::W        388781  nvme1n1 RS   1739533568 131072    2.313
09:12:35.701 VLLM::W        388781  nvme1n1 RS   1739533824 131072    2.344
09:12:35.701 VLLM::W        388781  nvme1n1 RS   1739534080 131072    2.412
09:12:35.701 VLLM::W        388781  nvme1n1 RS   1739534336 131072    2.430
09:12:35.701 VLLM::W        388781  nvme1n1 RS   1739534592 131072    2.441
09:12:35.701 VLLM::W        388784  nvme1n1 RS   1735315456 131072    1.896
09:12:35.701 VLLM::W        388784  nvme1n1 RS   1735315712 131072    1.912
09:12:35.701 VLLM::W        388784  nvme1n1 RS   1735315968 131072    1.931
09:12:35.701 VLLM::W        388784  nvme1n1 RS   1735316224 131072    1.967
09:12:35.701 VLLM::W        388784  nvme1n1 RS   1735316480 131072    1.974
09:12:35.701 VLLM::W        388784  nvme1n1 RS   1735316736 131072    2.022
09:12:35.701 VLLM::W        388784  nvme1n1 RS   1735316992 131072    2.040
09:12:35.701 VLLM::W        388784  nvme1n1 RS   1735317248 131072    2.034
09:12:35.702 VLLM::W        388784  nvme1n1 RS   1735317760 131072    2.088
09:12:35.702 VLLM::W        388784  nvme1n1 RS   1735317504 131072    2.133
09:12:35.702 VLLM::W        388784  nvme1n1 RS   1735318016 131072    2.141
09:12:35.702 VLLM::W        388784  nvme1n1 RS   1735318272 131072    2.186
09:12:35.702 VLLM::W        388784  nvme1n1 RS   1735318528 131072    2.213
09:12:35.702 VLLM::W        388784  nvme1n1 RS   1735318784 131072    2.243
09:12:35.702 VLLM::W        388784  nvme1n1 RS   1735319040 131072    2.271
09:12:35.702 VLLM::W        388784  nvme1n1 RS   1735319296 131072    2.290
09:12:35.702 VLLM::W        388784  nvme1n1 RS   1735319552 131072    2.325
09:12:35.702 VLLM::W        388782  nvme1n1 RS   722563072  131072    1.866
09:12:35.702 VLLM::W        388784  nvme1n1 RS   1735319808 131072    2.429
09:12:35.702 VLLM::W        388782  nvme1n1 RS   722563328  131072    1.900
09:12:35.702 VLLM::W        388782  nvme1n1 RS   722563584  131072    1.929
09:12:35.702 VLLM::W        388782  nvme1n1 RS   722563840  131072    1.974
09:12:35.702 VLLM::W        388782  nvme1n1 RS   722564096  131072    2.005
09:12:35.702 VLLM::W        388782  nvme1n1 RS   722564352  131072    2.049
09:12:35.702 VLLM::W        388782  nvme1n1 RS   722564608  131072    2.059
09:12:35.702 VLLM::W        388782  nvme1n1 RS   722564864  131072    2.096
09:12:35.702 VLLM::W        388782  nvme1n1 RS   722565120  131072    2.128
09:12:35.702 VLLM::W        388782  nvme1n1 RS   722565376  131072    2.156
09:12:35.702 VLLM::W        388782  nvme1n1 RS   722565632  131072    2.162
09:12:35.702 VLLM::W        388782  nvme1n1 RS   722565888  131072    2.206
09:12:35.702 VLLM::W        388782  nvme1n1 RS   722566144  131072    2.235
09:12:35.702 VLLM::W        388782  nvme1n1 RS   722566400  131072    2.291
09:12:35.702 VLLM::W        388782  nvme1n1 RS   722566656  131072    2.298
09:12:35.702 VLLM::W        388782  nvme1n1 RS   722566912  131072    2.369
09:12:35.703 VLLM::W        388782  nvme1n1 RS   722575360  131072    2.389
09:12:35.703 VLLM::W        388782  nvme1n1 RS   722575616  131072    2.400
09:12:35.703 VLLM::W        388783  nvme1n1 RS   1499394304 131072    1.929
09:12:35.703 VLLM::W        388783  nvme1n1 RS   1499394048 131072    1.940
09:12:35.703 VLLM::W        388783  nvme1n1 RS   1499394560 131072    1.967
09:12:35.703 VLLM::W        388783  nvme1n1 RS   1499394816 131072    2.002
09:12:35.703 VLLM::W        388783  nvme1n1 RS   1499395072 131072    2.066
09:12:35.703 VLLM::W        388783  nvme1n1 RS   1499395328 131072    2.094
09:12:35.703 VLLM::W        388783  nvme1n1 RS   1499395584 131072    2.096
09:12:35.703 VLLM::W        388783  nvme1n1 RS   1499395840 131072    2.089
09:12:35.703 VLLM::W        388783  nvme1n1 RS   1499396096 131072    2.123
09:12:35.703 VLLM::W        388783  nvme1n1 RS   1499396352 131072    2.165
09:12:35.703 VLLM::W        388783  nvme1n1 RS   1499396608 131072    2.203
09:12:35.703 VLLM::W        388783  nvme1n1 RS   1499396864 131072    2.237
09:12:35.703 VLLM::W        388783  nvme1n1 RS   1499397120 131072    2.282
09:12:35.703 VLLM::W        388783  nvme1n1 RS   1499397376 131072    2.319
09:12:35.703 VLLM::W        388783  nvme1n1 RS   1499397632 131072    2.330
09:12:35.703 VLLM::W        388783  nvme1n1 RS   1499397888 131072    2.357
09:12:35.703 VLLM::W        388783  nvme1n1 RS   1499398144 131072    2.388
09:12:35.703 VLLM::W        388783  nvme1n1 RS   1499398400 131072    2.418
09:12:35.703 VLLM::W        388781  nvme1n1 RS   722567168  131072    1.937
09:12:35.703 VLLM::W        388781  nvme1n1 RS   722567424  131072    1.940
09:12:35.703 VLLM::W        388781  nvme1n1 RS   722567680  131072    2.002
09:12:35.703 VLLM::W        388781  nvme1n1 RS   722568192  131072    2.068
09:12:35.703 VLLM::W        388781  nvme1n1 RS   722567936  131072    2.102
09:12:35.703 VLLM::W        388781  nvme1n1 RS   722568704  131072    2.117
09:12:35.703 VLLM::W        388781  nvme1n1 RS   722568448  131072    2.126
09:12:35.704 VLLM::W        388781  nvme1n1 RS   722568960  131072    2.136
09:12:35.704 VLLM::W        388781  nvme1n1 RS   722569216  131072    2.146
09:12:35.704 VLLM::W        388781  nvme1n1 RS   722569472  131072    2.189
09:12:35.704 VLLM::W        388781  nvme1n1 RS   722569728  131072    2.200
09:12:35.704 VLLM::W        388781  nvme1n1 RS   722569984  131072    2.248
09:12:35.704 VLLM::W        388781  nvme1n1 RS   722570240  131072    2.274
09:12:35.704 VLLM::W        388781  nvme1n1 RS   722570496  131072    2.346
09:12:35.704 VLLM::W        388781  nvme1n1 RS   722570752  131072    2.404
09:12:35.704 VLLM::W        388781  nvme1n1 RS   722583552  131072    2.405
09:12:35.704 VLLM::W        388781  nvme1n1 RS   722571008  131072    2.421
09:12:35.704 VLLM::W        388781  nvme1n1 RS   722583808  131072    2.483
09:12:35.704 VLLM::W        388784  nvme1n1 RS   1532338688 131072    1.850
09:12:35.704 VLLM::W        388784  nvme1n1 RS   1532338432 131072    1.866
09:12:35.704 VLLM::W        388784  nvme1n1 RS   1532338176 131072    1.883
09:12:35.704 VLLM::W        388784  nvme1n1 RS   1532338944 131072    1.974
09:12:35.704 VLLM::W        388784  nvme1n1 RS   1532339200 131072    1.986
09:12:35.704 VLLM::W        388784  nvme1n1 RS   1532339456 131072    1.993
09:12:35.704 VLLM::W        388784  nvme1n1 RS   1532339712 131072    2.018
09:12:35.704 VLLM::W        388784  nvme1n1 RS   1532340224 131072    2.055
09:12:35.704 VLLM::W        388784  nvme1n1 RS   1532339968 131072    2.073
09:12:35.704 VLLM::W        388784  nvme1n1 RS   1532340480 131072    2.080
09:12:35.704 VLLM::W        388784  nvme1n1 RS   1532340736 131072    2.148
09:12:35.704 VLLM::W        388784  nvme1n1 RS   1532340992 131072    2.164
09:12:35.704 VLLM::W        388784  nvme1n1 RS   1532341248 131072    2.184
09:12:35.704 VLLM::W        388784  nvme1n1 RS   1532341504 131072    2.195
09:12:35.704 VLLM::W        388784  nvme1n1 RS   1532341760 131072    2.225
09:12:35.704 VLLM::W        388784  nvme1n1 RS   1532342016 131072    2.255
09:12:35.704 VLLM::W        388784  nvme1n1 RS   1532342272 131072    2.287
09:12:35.705 VLLM::W        388784  nvme1n1 RS   1532342528 131072    2.320
09:12:35.705 VLLM::W        388782  nvme1n1 RS   39727104   131072    1.924
09:12:35.705 VLLM::W        388782  nvme1n1 RS   39727360   131072    1.956
09:12:35.705 VLLM::W        388782  nvme1n1 RS   39727616   131072    1.990
09:12:35.705 VLLM::W        388782  nvme1n1 RS   39727872   131072    2.028
09:12:35.705 VLLM::W        388782  nvme1n1 RS   39728128   131072    2.084
09:12:35.705 VLLM::W        388782  nvme1n1 RS   39728384   131072    2.099
09:12:35.705 VLLM::W        388782  nvme1n1 RS   39728640   131072    2.144
09:12:35.705 VLLM::W        388782  nvme1n1 RS   39728896   131072    2.122
09:12:35.705 VLLM::W        388782  nvme1n1 RS   39729152   131072    2.155
09:12:35.705 VLLM::W        388782  nvme1n1 RS   39729408   131072    2.191
09:12:35.705 VLLM::W        388782  nvme1n1 RS   39729664   131072    2.220
09:12:35.705 VLLM::W        388782  nvme1n1 RS   39729920   131072    2.267
09:12:35.705 VLLM::W        388782  nvme1n1 RS   39730176   131072    2.293
09:12:35.705 VLLM::W        388782  nvme1n1 RS   39730432   131072    2.324
09:12:35.705 VLLM::W        388782  nvme1n1 RS   39730688   131072    2.354
09:12:35.705 VLLM::W        388782  nvme1n1 RS   39730944   131072    2.390
09:12:35.705 VLLM::W        388782  nvme1n1 RS   39735296   131072    2.422
09:12:35.705 VLLM::W        388782  nvme1n1 RS   39735552   131072    2.451
09:12:35.705 VLLM::W        388783  nvme1n1 RS   1499402240 131072    2.011
09:12:35.705 VLLM::W        388783  nvme1n1 RS   1499402496 131072    2.011
09:12:35.705 VLLM::W        388783  nvme1n1 RS   1499402752 131072    2.009
09:12:35.705 VLLM::W        388783  nvme1n1 RS   1499403008 131072    2.024
09:12:35.705 VLLM::W        388783  nvme1n1 RS   1499403264 131072    2.060
09:12:35.705 VLLM::W        388783  nvme1n1 RS   1499403520 131072    2.088
09:12:35.705 VLLM::W        388783  nvme1n1 RS   1499403776 131072    2.094
09:12:35.705 VLLM::W        388783  nvme1n1 RS   1499404032 131072    2.085
09:12:35.706 VLLM::W        388783  nvme1n1 RS   1499404288 131072    2.119
09:12:35.706 VLLM::W        388783  nvme1n1 RS   1499404544 131072    2.163
09:12:35.706 VLLM::W        388783  nvme1n1 RS   1499404800 131072    2.190
09:12:35.706 VLLM::W        388783  nvme1n1 RS   1499405056 131072    2.260
09:12:35.706 VLLM::W        388783  nvme1n1 RS   1499405312 131072    2.309
09:12:35.706 VLLM::W        388783  nvme1n1 RS   1499405568 131072    2.319
09:12:35.706 VLLM::W        388783  nvme1n1 RS   1499405824 131072    2.352
09:12:35.706 VLLM::W        388783  nvme1n1 RS   1499406080 131072    2.373
09:12:35.706 VLLM::W        388783  nvme1n1 RS   1499406592 131072    2.421
09:12:35.706 VLLM::W        388783  nvme1n1 RS   1499406336 131072    2.447
09:12:35.706 VLLM::W        388781  nvme1n1 RS   1557168128 131072    1.855
09:12:35.706 VLLM::W        388781  nvme1n1 RS   1557168384 131072    1.946
09:12:35.706 VLLM::W        388781  nvme1n1 RS   1557168640 131072    1.982
09:12:35.706 VLLM::W        388781  nvme1n1 RS   1557168896 131072    2.032
09:12:35.706 VLLM::W        388781  nvme1n1 RS   1557169408 131072    2.047
09:12:35.706 VLLM::W        388781  nvme1n1 RS   1557169152 131072    2.058
09:12:35.706 VLLM::W        388781  nvme1n1 RS   1557169664 131072    2.112
09:12:35.706 VLLM::W        388781  nvme1n1 RS   1557170176 131072    2.150
09:12:35.706 VLLM::W        388781  nvme1n1 RS   1557170432 131072    2.173
09:12:35.706 VLLM::W        388781  nvme1n1 RS   1557170688 131072    2.185
09:12:35.706 VLLM::W        388781  nvme1n1 RS   1557169920 131072    2.202
09:12:35.706 VLLM::W        388781  nvme1n1 RS   1557171200 131072    2.247
09:12:35.706 VLLM::W        388781  nvme1n1 RS   1557170944 131072    2.266
09:12:35.706 VLLM::W        388781  nvme1n1 RS   1557171456 131072    2.273
09:12:35.706 VLLM::W        388781  nvme1n1 RS   1557171712 131072    2.303
09:12:35.706 VLLM::W        388781  nvme1n1 RS   1557171968 131072    2.336
09:12:35.707 VLLM::W        388781  nvme1n1 RS   1557172224 131072    2.385
09:12:35.707 VLLM::W        388781  nvme1n1 RS   1557172480 131072    2.397
09:12:35.707 VLLM::W        388784  nvme1n1 RS   1569730560 131072    1.944
09:12:35.707 VLLM::W        388784  nvme1n1 RS   1569730816 131072    1.970
09:12:35.707 VLLM::W        388784  nvme1n1 RS   1569731072 131072    2.019
09:12:35.707 VLLM::W        388784  nvme1n1 RS   1569731328 131072    2.053
09:12:35.707 VLLM::W        388784  nvme1n1 RS   1569731584 131072    2.083
09:12:35.707 VLLM::W        388784  nvme1n1 RS   1569731840 131072    2.114
09:12:35.707 VLLM::W        388784  nvme1n1 RS   1569732096 131072    2.125
09:12:35.707 VLLM::W        388784  nvme1n1 RS   1569732352 131072    2.118
09:12:35.707 VLLM::W        388784  nvme1n1 RS   1569732608 131072    2.149
09:12:35.707 VLLM::W        388784  nvme1n1 RS   1569732864 131072    2.260
09:12:35.707 VLLM::W        388784  nvme1n1 RS   1569733376 131072    2.279
09:12:35.707 VLLM::W        388784  nvme1n1 RS   1569733120 131072    2.297
09:12:35.707 VLLM::W        388784  nvme1n1 RS   1569733632 131072    2.312
09:12:35.707 VLLM::W        388784  nvme1n1 RS   1569733888 131072    2.323
09:12:35.707 VLLM::W        388784  nvme1n1 RS   1569734144 131072    2.387
09:12:35.707 VLLM::W        388784  nvme1n1 RS   1569734400 131072    2.387
09:12:35.707 VLLM::W        388784  nvme1n1 RS   1569738752 131072    2.437
09:12:35.707 VLLM::W        388784  nvme1n1 RS   1569739008 131072    2.448
09:12:35.707 VLLM::W        388782  nvme1n1 RS   1532321792 131072    1.949
09:12:35.707 VLLM::W        388782  nvme1n1 RS   1532322048 131072    1.976
09:12:35.707 VLLM::W        388782  nvme1n1 RS   1532322304 131072    2.007
09:12:35.707 VLLM::W        388782  nvme1n1 RS   1532322560 131072    2.033
09:12:35.707 VLLM::W        388782  nvme1n1 RS   1532322816 131072    2.066
09:12:35.707 VLLM::W        388782  nvme1n1 RS   1532323072 131072    2.101
09:12:35.707 VLLM::W        388782  nvme1n1 RS   1532323328 131072    2.128
09:12:35.707 VLLM::W        388782  nvme1n1 RS   1532323584 131072    2.126
09:12:35.708 VLLM::W        388782  nvme1n1 RS   1532323840 131072    2.176
09:12:35.708 VLLM::W        388782  nvme1n1 RS   1532324096 131072    2.202
09:12:35.708 VLLM::W        388782  nvme1n1 RS   1532324352 131072    2.232
09:12:35.708 VLLM::W        388782  nvme1n1 RS   1532324608 131072    2.263
09:12:35.708 VLLM::W        388782  nvme1n1 RS   1532324864 131072    2.310
09:12:35.708 VLLM::W        388782  nvme1n1 RS   1532325120 131072    2.339
09:12:35.708 VLLM::W        388782  nvme1n1 RS   1532325376 131072    2.368
09:12:35.708 VLLM::W        388782  nvme1n1 RS   1532325632 131072    2.400
09:12:35.708 VLLM::W        388782  nvme1n1 RS   1532329984 131072    2.440
09:12:35.708 VLLM::W        388782  nvme1n1 RS   1532330240 131072    2.468
09:12:35.708 VLLM::W        388781  nvme1n1 RS   722587648  131072    1.254
09:12:35.708 VLLM::W        388781  nvme1n1 RS   722587904  131072    1.290
09:12:35.708 VLLM::W        388781  nvme1n1 RS   722588160  131072    1.327
09:12:35.708 VLLM::W        388781  nvme1n1 RS   722588416  131072    1.378
09:12:35.708 VLLM::W        388781  nvme1n1 RS   722588672  131072    1.396
09:12:35.708 VLLM::W        388781  nvme1n1 RS   722588928  131072    1.467
09:12:35.708 VLLM::W        388781  nvme1n1 RS   722589184  131072    1.491
09:12:35.708 VLLM::W        388781  nvme1n1 RS   722589440  131072    1.458
09:12:35.708 VLLM::W        388781  nvme1n1 RS   722590208  131072    1.576
09:12:35.708 VLLM::W        388781  nvme1n1 RS   722589696  131072    1.601
09:12:35.708 VLLM::W        388781  nvme1n1 RS   722589952  131072    1.614
09:12:35.708 VLLM::W        388781  nvme1n1 RS   722590464  131072    1.629
09:12:35.708 VLLM::W        388781  nvme1n1 RS   722590720  131072    1.639
09:12:35.708 VLLM::W        388781  nvme1n1 RS   722590976  131072    1.688
09:12:35.708 VLLM::W        388781  nvme1n1 RS   722591232  131072    1.699
09:12:35.709 VLLM::W        388781  nvme1n1 RS   722591488  131072    1.774
09:12:35.709 VLLM::W        388781  nvme1n1 RS   722591744  131072    1.795
09:12:35.709 VLLM::W        388781  nvme1n1 RS   722592000  131072    1.801
09:12:35.709 VLLM::W        388782  nvme1n1 RS   1520210176 131072    0.611
09:12:35.709 VLLM::W        388782  nvme1n1 RS   1520209920 131072    0.638
09:12:35.709 VLLM::W        388782  nvme1n1 RS   1520210432 131072    0.640
09:12:35.709 VLLM::W        388782  nvme1n1 RS   1520210688 131072    0.697
09:12:35.709 VLLM::W        388782  nvme1n1 RS   1520210944 131072    0.760
09:12:35.709 VLLM::W        388782  nvme1n1 RS   1520211200 131072    0.779
09:12:35.709 VLLM::W        388782  nvme1n1 RS   1520211456 131072    0.781
09:12:35.709 VLLM::W        388782  nvme1n1 RS   1520211712 131072    0.822
09:12:35.709 VLLM::W        388782  nvme1n1 RS   1520211968 131072    0.839
09:12:35.709 VLLM::W        388782  nvme1n1 RS   1520212224 131072    0.849
09:12:35.709 VLLM::W        388782  nvme1n1 RS   1520212480 131072    0.879
09:12:35.709 VLLM::W        388782  nvme1n1 RS   1520212736 131072    0.974
09:12:35.709 VLLM::W        388782  nvme1n1 RS   1520213248 131072    0.988
09:12:35.709 VLLM::W        388782  nvme1n1 RS   1520212992 131072    1.016
09:12:35.709 VLLM::W        388782  nvme1n1 RS   1520213504 131072    1.019
09:12:35.709 VLLM::W        388782  nvme1n1 RS   1520213760 131072    1.097
09:12:35.709 VLLM::W        388781  nvme1n1 RS   722595840  131072    0.592
09:12:35.709 VLLM::W        388782  nvme1n1 RS   1520218112 131072    1.179
09:12:35.709 VLLM::W        388782  nvme1n1 RS   1520218368 131072    1.191
09:12:35.709 VLLM::W        388781  nvme1n1 RS   722596352  131072    0.683
09:12:35.709 VLLM::W        388781  nvme1n1 RS   722596096  131072    0.706
09:12:35.709 VLLM::W        388781  nvme1n1 RS   722596608  131072    0.721
09:12:35.709 VLLM::W        388781  nvme1n1 RS   722596864  131072    0.732
09:12:35.709 VLLM::W        388781  nvme1n1 RS   722597376  131072    0.792
09:12:35.709 VLLM::W        388781  nvme1n1 RS   722597120  131072    0.819
09:12:35.710 VLLM::W        388781  nvme1n1 RS   722597632  131072    0.831
09:12:35.710 VLLM::W        388781  nvme1n1 RS   722597888  131072    0.846
09:12:35.710 VLLM::W        388781  nvme1n1 RS   722598144  131072    0.856
09:12:35.710 VLLM::W        388781  nvme1n1 RS   722598400  131072    0.888
09:12:35.710 VLLM::W        388781  nvme1n1 RS   722598656  131072    0.927
09:12:35.710 VLLM::W        388781  nvme1n1 RS   722598912  131072    0.956
09:12:35.710 VLLM::W        388781  nvme1n1 RS   722599168  131072    1.028
09:12:35.710 VLLM::W        388781  nvme1n1 RS   722599424  131072    1.034
09:12:35.710 VLLM::W        388781  nvme1n1 RS   722599936  131072    1.099
09:12:35.710 VLLM::W        388781  nvme1n1 RS   722599680  131072    1.125
09:12:35.710 VLLM::W        388781  nvme1n1 RS   722600192  131072    1.134
09:12:35.710 VLLM::W        388782  nvme1n1 RS   1529380864 131072    0.515
09:12:35.710 VLLM::W        388782  nvme1n1 RS   1529381120 131072    0.541
09:12:35.710 VLLM::W        388782  nvme1n1 RS   1529381376 131072    0.566
09:12:35.710 VLLM::W        388782  nvme1n1 RS   1529381632 131072    0.600
09:12:35.710 VLLM::W        388782  nvme1n1 RS   1529381888 131072    0.646
09:12:35.710 VLLM::W        388782  nvme1n1 RS   1529382144 131072    0.709
09:12:35.710 VLLM::W        388782  nvme1n1 RS   1529382400 131072    0.717
09:12:35.710 VLLM::W        388782  nvme1n1 RS   1529382656 131072    0.754
09:12:35.710 VLLM::W        388782  nvme1n1 RS   1529382912 131072    0.765
09:12:35.710 VLLM::W        388782  nvme1n1 RS   1529383168 131072    0.791
09:12:35.710 VLLM::W        388782  nvme1n1 RS   1529383424 131072    0.838
09:12:35.710 VLLM::W        388782  nvme1n1 RS   1529383680 131072    0.880
09:12:35.710 VLLM::W        388782  nvme1n1 RS   1529383936 131072    0.890
09:12:35.710 VLLM::W        388782  nvme1n1 RS   1529384192 131072    0.917
09:12:35.710 VLLM::W        388782  nvme1n1 RS   1529384448 131072    0.961
09:12:35.711 VLLM::W        388782  nvme1n1 RS   1529384704 131072    1.023
09:12:35.711 VLLM::W        388782  nvme1n1 RS   1529384960 131072    1.090
09:12:35.711 VLLM::W        388782  nvme1n1 RS   1529385216 131072    1.164
09:12:35.711 VLLM::W        388781  nvme1n1 RS   1532346368 131072    0.729
09:12:35.711 VLLM::W        388781  nvme1n1 RS   1532346624 131072    0.755
09:12:35.711 VLLM::W        388781  nvme1n1 RS   1532346880 131072    0.791
09:12:35.711 VLLM::W        388781  nvme1n1 RS   1532347136 131072    0.826
09:12:35.711 VLLM::W        388781  nvme1n1 RS   1532347392 131072    0.866
09:12:35.711 VLLM::W        388781  nvme1n1 RS   1532347648 131072    0.877
09:12:35.711 VLLM::W        388781  nvme1n1 RS   1532347904 131072    0.913
09:12:35.711 VLLM::W        388781  nvme1n1 RS   1532348160 131072    0.913
09:12:35.711 VLLM::W        388781  nvme1n1 RS   1532348416 131072    0.938
09:12:35.711 VLLM::W        388781  nvme1n1 RS   1532348672 131072    0.967
09:12:35.711 VLLM::W        388781  nvme1n1 RS   1532348928 131072    0.992
09:12:35.711 VLLM::W        388781  nvme1n1 RS   1532349184 131072    1.021
09:12:35.711 VLLM::W        388781  nvme1n1 RS   1532349440 131072    1.053
09:12:35.711 VLLM::W        388781  nvme1n1 RS   1532349696 131072    1.098
09:12:35.711 VLLM::W        388781  nvme1n1 RS   1532349952 131072    1.110
09:12:35.711 VLLM::W        388781  nvme1n1 RS   1532350208 131072    1.114
09:12:35.711 VLLM::W        388781  nvme1n1 RS   1532350464 131072    1.131
09:12:35.711 VLLM::W        388781  nvme1n1 RS   1532350720 131072    1.143
09:12:35.793 nvme           425758  Unknown N    -1         512       0.031
09:12:35.826 python3        388781  nvme1n1 WS   1569742848 131072    0.199
09:12:35.826 python3        388781  nvme1n1 WS   1569743104 131072    0.266
09:12:35.826 python3        388781  nvme1n1 WS   1569743360 131072    0.344
09:12:35.826 python3        388781  nvme1n1 WS   1569743616 131072    0.411
09:12:35.826 python3        388781  nvme1n1 WS   1569743872 131072    0.512
09:12:35.826 python3        388781  nvme1n1 WS   1569744128 131072    0.556
09:12:35.826 python3        388784  nvme1n1 WS   1569579008 131072    0.653
09:12:35.827 python3        388781  nvme1n1 WS   1569744384 131072    0.716
09:12:35.827 python3        388784  nvme1n1 WS   1569579264 131072    0.794
09:12:35.827 python3        388784  nvme1n1 WS   1569579520 131072    0.873
09:12:35.827 python3        388784  nvme1n1 WS   1569579776 131072    0.954
09:12:35.827 python3        388784  nvme1n1 WS   1569580032 131072    1.032
09:12:35.827 python3        388784  nvme1n1 WS   1569580288 131072    1.107
09:12:35.827 python3        388784  nvme1n1 WS   1569580544 131072    1.187
09:12:35.827 python3        388781  nvme1n1 WS   1569744640 131072    1.263
09:12:35.827 python3        388781  nvme1n1 WS   1569744896 131072    1.343
09:12:35.827 python3        388781  nvme1n1 WS   1569745152 131072    1.424
09:12:35.827 python3        388781  nvme1n1 WS   1569745408 131072    1.501
09:12:35.827 python3        388781  nvme1n1 WS   1569745664 131072    1.581
09:12:35.828 python3        388781  nvme1n1 WS   1569745920 131072    1.662
09:12:35.828 python3        388781  nvme1n1 WS   1569746176 131072    1.742
09:12:35.828 python3        388781  nvme1n1 WS   1569746432 131072    1.822
09:12:35.828 python3        388784  nvme1n1 WS   1569580800 131072    1.903
09:12:35.828 python3        388784  nvme1n1 WS   1569581056 131072    1.985
09:12:35.828 python3        388784  nvme1n1 WS   1569581312 131072    2.062
09:12:35.828 python3        388781  nvme1n1 WS   1569746688 131072    2.146
09:12:35.828 python3        388783  nvme1n1 WS   1499410432 131072    2.235
09:12:35.828 python3        388784  nvme1n1 WS   1569581568 131072    2.307
09:12:35.828 python3        388781  nvme1n1 WS   1569746944 131072    2.382
09:12:35.828 python3        388781  nvme1n1 WS   1569747200 131072    2.457
09:12:35.828 python3        388783  nvme1n1 WS   1499410688 131072    2.534
09:12:35.828 python3        388783  nvme1n1 WS   1499410944 131072    2.605
09:12:35.829 python3        388784  nvme1n1 WS   1569581824 131072    2.688
09:12:35.829 python3        388784  nvme1n1 WS   1569582080 131072    2.764
09:12:35.829 python3        388784  nvme1n1 WS   1569582336 131072    2.837
09:12:35.829 python3        388784  nvme1n1 WS   1569582592 131072    2.911
09:12:35.829 python3        388784  nvme1n1 WS   1569582848 131072    2.965
09:12:35.829 python3        388784  nvme1n1 WS   1569583104 131072    3.043
09:12:35.829 python3        388784  nvme1n1 WS   1569583360 131072    3.116
09:12:35.829 python3        388783  nvme1n1 WS   1499411200 131072    3.220
09:12:35.829 python3        388783  nvme1n1 WS   1499411456 131072    3.293
09:12:35.829 python3        388783  nvme1n1 WS   1499411712 131072    3.364
09:12:35.829 python3        388783  nvme1n1 WS   1499411968 131072    3.436
09:12:35.829 python3        388782  nvme1n1 WS   1705587712 131072    3.533
09:12:35.829 python3        388782  nvme1n1 WS   1705587968 131072    3.559
09:12:35.830 python3        388782  nvme1n1 WS   1705588224 69632     3.596
09:12:35.830 python3        388783  nvme1n1 WS   1499412224 131072    3.644
09:12:35.830 python3        388783  nvme1n1 WS   1499412480 131072    3.715
09:12:35.830 python3        388783  nvme1n1 WS   1499412736 131072    3.789
09:12:35.830 python3        388783  nvme1n1 WS   1499412992 131072    3.863
09:12:35.830 python3        388783  nvme1n1 WS   1499413248 131072    3.941
09:12:35.830 python3        388782  nvme1n1 WS   1569587200 131072    4.039
09:12:35.830 python3        388782  nvme1n1 WS   1569587456 131072    4.110
09:12:35.830 python3        388782  nvme1n1 WS   1569587712 131072    4.187
09:12:35.830 python3        388782  nvme1n1 WS   1569587968 131072    4.261
09:12:35.830 python3        388782  nvme1n1 WS   1569588224 131072    4.338
09:12:35.830 python3        388783  nvme1n1 WS   1499413504 131072    4.417
09:12:35.830 python3        388783  nvme1n1 WS   1499413760 131072    4.490
09:12:35.831 python3        388783  nvme1n1 WS   1499414016 131072    4.565
09:12:35.831 python3        388782  nvme1n1 WS   1569588480 131072    4.656
09:12:35.831 python3        388782  nvme1n1 WS   1569588736 131072    4.733
09:12:35.831 python3        388782  nvme1n1 WS   1569588992 131072    4.783
09:12:35.831 python3        388782  nvme1n1 WS   1569589248 131072    4.860
09:12:35.831 python3        388784  nvme1n1 WS   1499414528 131072    5.026
09:12:35.831 python3        388784  nvme1n1 WS   1499414784 131072    5.048
09:12:35.831 python3        388784  nvme1n1 WS   1499415040 131072    5.111
09:12:35.831 python3        388784  nvme1n1 WS   1499415296 131072    5.185
09:12:35.831 python3        388784  nvme1n1 WS   1499415552 131072    5.262
09:12:35.831 python3        388784  nvme1n1 WS   1499415808 131072    5.336
09:12:35.831 python3        388784  nvme1n1 WS   1499416064 131072    5.414
09:12:35.832 python3        388782  nvme1n1 WS   1502920704 131072    5.508
09:12:35.832 python3        388782  nvme1n1 WS   1502920960 131072    5.575
09:12:35.832 python3        388782  nvme1n1 WS   1502921216 131072    5.649
09:12:35.832 python3        388783  nvme1n1 WS   1569591296 131072    5.743
09:12:35.832 python3        388783  nvme1n1 WS   1569591552 131072    5.809
09:12:35.832 python3        388783  nvme1n1 WS   721900544  131072    5.893
09:12:35.832 python3        388783  nvme1n1 WS   721900800  131072    5.963
09:12:35.832 python3        388783  nvme1n1 WS   721901056  69632     6.003
09:12:35.832 python3        388782  nvme1n1 WS   1569589504 131072    6.084
09:12:35.832 python3        388782  nvme1n1 WS   1569589760 131072    6.157
09:12:35.832 python3        388782  nvme1n1 WS   1569590016 131072    6.234
09:12:35.832 python3        388782  nvme1n1 WS   1569590272 131072    6.312
09:12:35.832 python3        388782  nvme1n1 WS   1569590528 131072    6.383
09:12:35.833 python3        388782  nvme1n1 WS   1569590784 131072    6.460
09:12:35.833 python3        388782  nvme1n1 WS   1569591040 131072    6.517
09:12:35.833 python3        388782  nvme1n1 WS   1502921472 131072    6.638
09:12:35.833 python3        388782  nvme1n1 WS   1502921728 131072    6.710
09:12:35.833 python3        388782  nvme1n1 WS   1502921984 131072    6.784
09:12:35.833 python3        388782  nvme1n1 WS   1502922240 131072    6.892
09:12:35.833 python3        388783  nvme1n1 WS   1569591808 131072    6.983
09:12:35.833 python3        388783  nvme1n1 WS   1569592064 131072    7.054
09:12:35.833 python3        388783  nvme1n1 WS   1569592320 131072    7.131
09:12:35.833 python3        388783  nvme1n1 WS   1569592576 131072    7.202
09:12:35.833 python3        388783  nvme1n1 WS   1569592832 131072    7.279
09:12:35.833 python3        388783  nvme1n1 WS   1499414272 131072    7.381
09:12:35.833 python3        388783  nvme1n1 WS   1499418624 131072    7.455
09:12:35.834 python3        388783  nvme1n1 WS   1499418880 131072    7.533
09:12:35.834 python3        388781  nvme1n1 WS   1569595392 131072    7.616
09:12:35.834 python3        388781  nvme1n1 WS   1569595648 131072    7.678
09:12:35.834 python3        388781  nvme1n1 WS   1569595904 131072    7.751
09:12:35.834 python3        388781  nvme1n1 WS   1569596160 131072    7.823
09:12:35.834 python3        388784  nvme1n1 WS   1499416320 131072    7.977
09:12:35.834 python3        388784  nvme1n1 WS   1499416576 131072    8.012
09:12:35.834 python3        388784  nvme1n1 WS   1499416832 131072    8.070
09:12:35.834 python3        388784  nvme1n1 WS   1499417088 131072    8.144
09:12:35.834 python3        388784  nvme1n1 WS   1499417344 131072    8.218
09:12:35.834 python3        388784  nvme1n1 WS   1499417600 131072    8.292
09:12:35.834 python3        388784  nvme1n1 WS   1728888832 131072    8.388
09:12:35.835 python3        388784  nvme1n1 WS   1728889088 131072    8.460
09:12:35.835 python3        388784  nvme1n1 WS   1728889344 69632     8.499
09:12:35.835 python3        388784  nvme1n1 WS   1499417856 131072    8.570
09:12:35.835 python3        388784  nvme1n1 WS   1499418112 131072    8.648
09:12:35.835 python3        388784  nvme1n1 WS   1499418368 131072    8.710
09:12:35.835 python3        388784  nvme1n1 WS   1499422720 131072    8.786
09:12:35.835 python3        388784  nvme1n1 WS   1499422976 131072    8.865
09:12:35.835 python3        388781  nvme1n1 WS   1569596416 131072    8.974
09:12:35.835 python3        388781  nvme1n1 WS   1569596672 131072    9.043
09:12:35.835 python3        388781  nvme1n1 WS   1569596928 131072    9.116
09:12:35.835 python3        388782  nvme1n1 WS   1569599488 131072    9.235
09:12:35.835 python3        388782  nvme1n1 WS   1569599744 131072    9.286
09:12:35.835 python3        388782  nvme1n1 WS   1502922496 131072    9.371
09:12:35.836 python3        388782  nvme1n1 WS   1502922752 131072    9.447
09:12:35.836 python3        388782  nvme1n1 WS   1502923008 131072    9.519
09:12:35.836 python3        388782  nvme1n1 WS   1502923264 131072    9.596
09:12:35.836 python3        388782  nvme1n1 WS   1502923520 131072    9.669
09:12:35.836 python3        388782  nvme1n1 WS   1502923776 131072    9.743
09:12:35.836 python3        388782  nvme1n1 WS   1502924032 131072    9.821
09:12:35.836 python3        388782  nvme1n1 WS   1502924288 131072    9.901
09:12:35.836 python3        388783  nvme1n1 WS   1569593088 131072    9.995
09:12:35.836 python3        388783  nvme1n1 WS   1569593344 131072   10.067
09:12:35.836 python3        388783  nvme1n1 WS   1569593600 131072   10.140
09:12:35.836 python3        388783  nvme1n1 WS   1569593856 131072   10.219
09:12:35.836 python3        388783  nvme1n1 WS   1569594112 131072   10.296
09:12:35.836 python3        388783  nvme1n1 WS   1569594368 131072   10.373
09:12:35.837 python3        388783  nvme1n1 WS   1569594624 131072   10.450
09:12:35.837 python3        388781  nvme1n1 WS   1537533952 131072   10.552
09:12:35.837 python3        388781  nvme1n1 WS   1537534208 131072   10.626
09:12:35.837 python3        388781  nvme1n1 WS   1537534464 69632    10.668
09:12:35.837 python3        388783  nvme1n1 WS   1569594880 131072   10.733
09:12:35.837 python3        388783  nvme1n1 WS   1569595136 131072   10.792
09:12:35.837 python3        388783  nvme1n1 WS   1569603584 131072   10.870
09:12:35.837 python3        388783  nvme1n1 WS   1569603840 131072   10.952
09:12:35.837 python3        388782  nvme1n1 WS   1502924544 131072   11.150
09:12:35.837 python3        388782  nvme1n1 WS   1502924800 131072   11.169
09:12:35.837 python3        388782  nvme1n1 WS   1502925056 131072   11.202
09:12:35.837 python3        388781  nvme1n1 WS   1569597184 131072   11.284
09:12:35.838 python3        388781  nvme1n1 WS   1569597440 131072   11.355
09:12:35.838 python3        388781  nvme1n1 WS   1569597696 131072   11.428
09:12:35.838 python3        388781  nvme1n1 WS   1569597952 131072   11.499
09:12:35.838 python3        388781  nvme1n1 WS   1569598208 131072   11.578
09:12:35.838 python3        388781  nvme1n1 WS   1569598464 131072   11.657
09:12:35.838 python3        388781  nvme1n1 WS   1569598720 131072   11.731
09:12:35.838 python3        388781  nvme1n1 WS   1569598976 131072   11.807
09:12:35.838 python3        388781  nvme1n1 WS   1569599232 131072   11.862
09:12:35.838 python3        388781  nvme1n1 WS   1569607680 131072   11.940
09:12:35.838 python3        388781  nvme1n1 WS   1569607936 131072   12.014
09:12:36.513 kworker        422310  nvme0n1 W    12506784   4096      0.970
09:12:36.795 nvme           425772  Unknown N    -1         512       0.036
09:12:37.536 jbd2/nv        752     nvme1n1 WSM  877649680  131072    0.167
09:12:37.536 jbd2/nv        752     nvme1n1 WSM  877649936  57344     0.173
09:12:37.536 jbd2/nv        752     nvme1n1 WSM  877650048  4096      0.030
09:12:37.537 kworker        368996  nvme0n1 W    8128576    4096      1.008
09:12:37.537 kworker        368996  nvme0n1 W    8128648    4096      1.057
09:12:37.537 kworker        368996  nvme0n1 W    8128592    4096      1.065
09:12:37.537 kworker        368996  nvme0n1 W    8128616    4096      1.066
09:12:37.537 kworker        368996  nvme0n1 W    8128632    4096      1.068
09:12:37.537 kworker        368996  nvme0n1 W    8128672    4096      1.069
09:12:37.537 kworker        368996  nvme0n1 W    8128760    32768     1.250
09:12:37.538 kworker        368996  nvme0n1 W    8128856    32768     1.312
09:12:37.540 kworker        368996  nvme0n1 W    8129976    262144    2.390
09:12:37.540 kworker        368996  nvme0n1 W    8131000    262144    2.635
09:12:37.540 kworker        368996  nvme0n1 W    8129464    262144    2.954
09:12:37.540 kworker        368996  nvme0n1 W    8128952    262144    3.142
09:12:37.541 kworker        368996  nvme0n1 W    8132024    262144    3.094
09:12:37.541 kworker        368996  nvme0n1 W    8130488    262144    3.468
09:12:37.541 kworker        368996  nvme0n1 W    8131512    262144    3.730
09:12:37.542 kworker        368996  nvme0n1 W    8132536    262144    4.040
09:12:37.543 kworker        368996  nvme0n1 W    8133560    262144    2.926
09:12:37.543 kworker        368996  nvme0n1 W    8135096    262144    2.592
09:12:37.544 kworker        368996  nvme0n1 W    8134584    262144    3.107
09:12:37.544 kworker        368996  nvme0n1 W    8133048    262144    3.610
09:12:37.544 kworker        368996  nvme0n1 W    8135608    262144    3.211
09:12:37.544 kworker        368996  nvme0n1 W    8136632    163840    2.379
09:12:37.544 kworker        368996  nvme0n1 W    8134072    262144    3.672
09:12:37.545 kworker        368996  nvme0n1 W    8136120    262144    3.199
09:12:37.545 kworker        368996  nvme0n1 W    8137720    131072    1.474
09:12:37.545 kworker        368996  nvme0n1 W    8139000    131072    1.554
09:12:37.546 kworker        368996  nvme0n1 W    8138232    131072    2.134
09:12:37.546 kworker        368996  nvme0n1 W    8139768    262144    2.232
09:12:37.546 kworker        368996  nvme0n1 W    8142176    28672     1.029
09:12:37.546 kworker        368996  nvme0n1 W    8142360    16384     0.767
09:12:37.547 kworker        368996  nvme0n1 W    8140280    262144    2.786
09:12:37.547 kworker        368996  nvme0n1 W    8143376    4096      0.893
09:12:37.547 kworker        368996  nvme0n1 W    8141816    143360    2.027
09:12:37.547 kworker        368996  nvme0n1 W    8140792    262144    3.221
09:12:37.547 kworker        368996  nvme0n1 W    8141304    262144    2.545
09:12:37.548 kworker        368996  nvme0n1 W    8143704    81920     0.907
09:12:37.548 kworker        368996  nvme0n1 W    8142456    262144    2.505
09:12:37.548 kworker        368996  nvme0n1 W    36015752   8192      0.702
09:12:37.549 kworker        368996  nvme0n1 W    36015904   4096      0.432
09:12:37.549 kworker        368996  nvme0n1 W    8142968    196608    2.650
09:12:37.549 kworker        368996  nvme0n1 W    8144632    131072    1.706
09:12:37.549 kworker        368996  nvme0n1 W    8143992    196608    2.210
09:12:37.549 kworker        368996  nvme0n1 W    36016160   8192      0.958
09:12:37.549 kworker        368996  nvme0n1 W    36014720   262144    2.515
09:12:37.550 kworker        368996  nvme0n1 W    36016912   4096      1.007
09:12:37.550 kworker        368996  nvme0n1 W    36017024   16384     0.480
09:12:37.550 kworker        368996  nvme0n1 W    36016928   4096      1.041
09:12:37.550 kworker        368996  nvme0n1 W    36016976   4096      1.043
09:12:37.550 kworker        368996  nvme0n1 W    36015232   196608    2.641
09:12:37.550 kworker        368996  nvme0n1 W    36017216   16384     1.090
09:12:37.551 kworker        368996  nvme0n1 W    7337984    4096      0.982
09:12:37.552 kworker        368996  nvme0n1 W    36016448   229376    2.944
09:12:37.552 kworker        368996  nvme0n1 W    36017280   196608    2.599
09:12:37.798 nvme           425791  Unknown N    -1         512       0.075
09:12:38.800 nvme           425795  Unknown N    -1         512       0.030
09:12:39.739 amoprof        389677  nvme1n1 W    566499424  4096      0.055
