TIMESTAMP    COMM           PID     DISK    T    SECTOR     BYTES   LAT(ms)
21:48:31.024 ib_log_        125932  nvme1n1 WS   1757609984 4096      0.053
21:48:31.056 nvme           1186843 Unknown N    -1         512       0.031
21:48:32.058 nvme           1186904 Unknown N    -1         512       0.031
21:48:32.143 libuv-w        2068    nvme0n1 WS   35580704   4096      0.877
21:48:32.145 jbd2/nv        391     nvme0n1 WSM  4234504    45056     1.289
21:48:32.146 jbd2/nv        391     nvme0n1 WSM  4234592    4096      0.801
21:48:32.502 jbd2/nv        752     nvme1n1 WSM  878173080  131072    0.168
21:48:32.502 jbd2/nv        752     nvme1n1 WSM  878173336  61440     0.179
21:48:32.502 jbd2/nv        752     nvme1n1 WSM  878173456  4096      0.039
21:48:32.800 libuv-w        2068    nvme0n1 WS   35580712   4096      0.934
21:48:32.801 jbd2/nv        391     nvme0n1 WSM  4234600    24576     1.240
21:48:32.802 jbd2/nv        391     nvme0n1 WSM  4234648    4096      0.853
21:48:33.061 nvme           1186908 Unknown N    -1         512       0.030
21:48:33.163 libuv-w        2068    nvme0n1 WS   36108968   4096      0.924
21:48:33.164 jbd2/nv        391     nvme0n1 WSM  4234656    32768     1.129
21:48:33.165 jbd2/nv        391     nvme0n1 WSM  4234720    4096      0.781
21:48:33.378 libuv-w        2068    nvme0n1 WS   35580720   4096      0.920
21:48:33.379 jbd2/nv        391     nvme0n1 WSM  4234728    24576     1.075
21:48:33.380 jbd2/nv        391     nvme0n1 WSM  4234776    4096      0.800
21:48:33.816 VLLM::W        1046589 nvme1n1 RS   575737856  131072    0.276
21:48:33.816 VLLM::W        1046588 nvme1n1 RS   1565323264 131072    0.276
21:48:33.816 VLLM::W        1046589 nvme1n1 RS   575738112  131072    0.311
21:48:33.816 VLLM::W        1046586 nvme1n1 RS   1565462528 131072    0.392
21:48:33.816 VLLM::W        1046588 nvme1n1 RS   1565323520 131072    0.398
21:48:33.816 VLLM::W        1046586 nvme1n1 RS   1565463040 131072    0.448
21:48:33.816 VLLM::W        1046586 nvme1n1 RS   1565462784 131072    0.468
21:48:33.816 VLLM::W        1046586 nvme1n1 RS   1565463296 131072    0.474
21:48:33.816 VLLM::W        1046588 nvme1n1 RS   1565323776 131072    0.570
21:48:33.816 VLLM::W        1046588 nvme1n1 RS   1565324032 131072    0.581
21:48:33.816 VLLM::W        1046588 nvme1n1 RS   1565324288 131072    0.591
21:48:33.816 VLLM::W        1046589 nvme1n1 RS   575738368  131072    0.680
21:48:33.816 VLLM::W        1046589 nvme1n1 RS   575738624  131072    0.689
21:48:33.816 VLLM::W        1046589 nvme1n1 RS   575738880  131072    0.730
21:48:33.816 VLLM::W        1046588 nvme1n1 RS   1565324544 131072    0.837
21:48:33.816 VLLM::W        1046588 nvme1n1 RS   1565324800 131072    0.847
21:48:33.816 VLLM::W        1046589 nvme1n1 RS   575739392  131072    0.876
21:48:33.817 VLLM::W        1046589 nvme1n1 RS   575739136  131072    0.923
21:48:33.817 VLLM::W        1046586 nvme1n1 RS   1565463808 131072    0.973
21:48:33.817 VLLM::W        1046586 nvme1n1 RS   1565464064 131072    0.985
21:48:33.817 VLLM::W        1046586 nvme1n1 RS   1565463552 131072    1.005
21:48:33.817 VLLM::W        1046587 nvme1n1 RS   1565474816 131072    1.073
21:48:33.817 VLLM::W        1046587 nvme1n1 RS   1565475584 131072    1.132
21:48:33.817 VLLM::W        1046587 nvme1n1 RS   1565475072 131072    1.159
21:48:33.817 VLLM::W        1046587 nvme1n1 RS   1565475328 131072    1.181
21:48:33.817 VLLM::W        1046587 nvme1n1 RS   1565475840 131072    1.182
21:48:33.817 VLLM::W        1046587 nvme1n1 RS   1565476096 131072    1.244
21:48:33.817 VLLM::W        1046587 nvme1n1 RS   1565476352 131072    1.254
21:48:33.817 VLLM::W        1046589 nvme1n1 RS   575739904  131072    1.293
21:48:33.817 VLLM::W        1046589 nvme1n1 RS   575739648  131072    1.329
21:48:33.817 VLLM::W        1046588 nvme1n1 RS   1565325056 131072    1.421
21:48:33.817 VLLM::W        1046589 nvme1n1 RS   575740928  131072    1.423
21:48:33.817 VLLM::W        1046589 nvme1n1 RS   575740672  131072    1.454
21:48:33.817 VLLM::W        1046589 nvme1n1 RS   575740160  131072    1.475
21:48:33.817 VLLM::W        1046589 nvme1n1 RS   575740416  131072    1.555
21:48:33.817 VLLM::W        1046588 nvme1n1 RS   1565325568 131072    1.596
21:48:33.817 VLLM::W        1046588 nvme1n1 RS   1565325312 131072    1.641
21:48:33.817 VLLM::W        1046589 nvme1n1 RS   575741184  131072    1.641
21:48:33.817 VLLM::W        1046589 nvme1n1 RS   575741440  131072    1.646
21:48:33.817 VLLM::W        1046588 nvme1n1 RS   1565325824 131072    1.744
21:48:33.817 VLLM::W        1046588 nvme1n1 RS   1565326336 131072    1.763
21:48:33.817 VLLM::W        1046588 nvme1n1 RS   1565326080 131072    1.787
21:48:33.817 VLLM::W        1046588 nvme1n1 RS   1565326592 131072    1.800
21:48:33.817 VLLM::W        1046588 nvme1n1 RS   1565326848 131072    1.805
21:48:33.818 VLLM::W        1046586 nvme1n1 RS   1565464320 131072    1.856
21:48:33.818 VLLM::W        1046586 nvme1n1 RS   1565465088 131072    1.905
21:48:33.818 VLLM::W        1046586 nvme1n1 RS   1565464576 131072    1.933
21:48:33.818 VLLM::W        1046586 nvme1n1 RS   1565464832 131072    1.942
21:48:33.818 VLLM::W        1046586 nvme1n1 RS   1565465344 131072    2.003
21:48:33.818 VLLM::W        1046586 nvme1n1 RS   1565465600 131072    2.025
21:48:33.818 VLLM::W        1046586 nvme1n1 RS   1565465856 131072    2.041
21:48:33.818 VLLM::W        1046586 nvme1n1 RS   1565466112 131072    2.045
21:48:33.818 VLLM::W        1046586 nvme1n1 RS   1565466368 131072    2.118
21:48:33.818 VLLM::W        1046586 nvme1n1 RS   1565483264 131072    2.132
21:48:33.818 VLLM::W        1046586 nvme1n1 RS   1565483008 131072    2.161
21:48:33.818 VLLM::W        1046588 nvme1n1 RS   1565327104 131072    2.198
21:48:33.818 VLLM::W        1046588 nvme1n1 RS   1565458432 131072    2.208
21:48:33.818 VLLM::W        1046588 nvme1n1 RS   1565458688 131072    2.267
21:48:33.818 VLLM::W        1046589 nvme1n1 RS   575741696  131072    2.284
21:48:33.818 VLLM::W        1046589 nvme1n1 RS   575742208  131072    2.341
21:48:33.818 VLLM::W        1046589 nvme1n1 RS   575741952  131072    2.352
21:48:33.818 VLLM::W        1046587 nvme1n1 RS   1565477120 131072    2.529
21:48:33.818 VLLM::W        1046587 nvme1n1 RS   1565476864 131072    2.553
21:48:33.818 VLLM::W        1046587 nvme1n1 RS   1565476608 131072    2.558
21:48:33.818 VLLM::W        1046587 nvme1n1 RS   1565477888 131072    2.581
21:48:33.818 VLLM::W        1046587 nvme1n1 RS   1565477376 131072    2.597
21:48:33.818 VLLM::W        1046587 nvme1n1 RS   1565477632 131072    2.607
21:48:33.818 VLLM::W        1046587 nvme1n1 RS   1565478144 131072    2.712
21:48:33.818 VLLM::W        1046587 nvme1n1 RS   1565478400 131072    2.734
21:48:33.818 VLLM::W        1046587 nvme1n1 RS   1565495552 131072    2.719
21:48:33.819 VLLM::W        1046587 nvme1n1 RS   1565478656 131072    2.767
21:48:33.819 VLLM::W        1046587 nvme1n1 RS   1565495296 131072    2.784
21:48:33.819 VLLM::W        1046586 nvme1n1 RS   844926976  131072    0.493
21:48:33.819 VLLM::W        1046586 nvme1n1 RS   844927744  131072    0.536
21:48:33.819 VLLM::W        1046586 nvme1n1 RS   844928000  131072    0.568
21:48:33.819 VLLM::W        1046586 nvme1n1 RS   844927232  131072    0.624
21:48:33.819 VLLM::W        1046586 nvme1n1 RS   844927488  131072    0.636
21:48:33.819 VLLM::W        1046586 nvme1n1 RS   844928512  131072    0.635
21:48:33.819 VLLM::W        1046586 nvme1n1 RS   844928256  131072    0.675
21:48:33.819 VLLM::W        1046586 nvme1n1 RS   844928768  131072    0.686
21:48:33.819 VLLM::W        1046586 nvme1n1 RS   844929024  131072    0.695
21:48:33.819 VLLM::W        1046586 nvme1n1 RS   844929792  131072    0.768
21:48:33.819 VLLM::W        1046586 nvme1n1 RS   844929280  131072    0.796
21:48:33.819 VLLM::W        1046586 nvme1n1 RS   844929536  131072    0.806
21:48:33.819 VLLM::W        1046586 nvme1n1 RS   844930048  131072    0.814
21:48:33.819 VLLM::W        1046588 nvme1n1 RS   731176960  131072    0.857
21:48:33.819 VLLM::W        1046588 nvme1n1 RS   731177216  131072    0.862
21:48:33.819 VLLM::W        1046588 nvme1n1 RS   731177472  131072    0.905
21:48:33.819 VLLM::W        1046588 nvme1n1 RS   731177728  131072    0.958
21:48:33.819 VLLM::W        1046588 nvme1n1 RS   731177984  131072    0.969
21:48:33.819 VLLM::W        1046586 nvme1n1 RS   844930304  131072    1.030
21:48:33.819 VLLM::W        1046586 nvme1n1 RS   844930560  131072    1.040
21:48:33.819 VLLM::W        1046588 nvme1n1 RS   731178240  131072    1.067
21:48:33.819 VLLM::W        1046588 nvme1n1 RS   731178496  131072    1.103
21:48:33.819 VLLM::W        1046586 nvme1n1 RS   844930816  131072    1.151
21:48:33.819 VLLM::W        1046586 nvme1n1 RS   844931072  131072    1.203
21:48:33.819 VLLM::W        1046586 nvme1n1 RS   844931328  131072    1.240
21:48:33.819 VLLM::W        1046588 nvme1n1 RS   731178752  131072    1.205
21:48:33.819 VLLM::W        1046588 nvme1n1 RS   731179008  131072    1.231
21:48:33.820 VLLM::W        1046588 nvme1n1 RS   731179264  131072    1.292
21:48:33.820 VLLM::W        1046588 nvme1n1 RS   731179520  131072    1.303
21:48:33.820 VLLM::W        1046588 nvme1n1 RS   731179776  131072    1.330
21:48:33.820 VLLM::W        1046589 nvme1n1 RS   1565519872 131072    1.380
21:48:33.820 VLLM::W        1046589 nvme1n1 RS   1565520128 131072    1.412
21:48:33.820 VLLM::W        1046589 nvme1n1 RS   1565520384 131072    1.469
21:48:33.820 VLLM::W        1046589 nvme1n1 RS   1565520640 131072    1.489
21:48:33.820 VLLM::W        1046589 nvme1n1 RS   1565520896 131072    1.499
21:48:33.820 VLLM::W        1046588 nvme1n1 RS   731180032  131072    1.552
21:48:33.820 VLLM::W        1046588 nvme1n1 RS   731180288  131072    1.584
21:48:33.820 VLLM::W        1046588 nvme1n1 RS   731180544  131072    1.608
21:48:33.820 VLLM::W        1046589 nvme1n1 RS   1565521152 131072    1.656
21:48:33.820 VLLM::W        1046589 nvme1n1 RS   1565521408 131072    1.666
21:48:33.820 VLLM::W        1046588 nvme1n1 RS   731180800  131072    1.780
21:48:33.820 VLLM::W        1046588 nvme1n1 RS   731250688  131072    1.796
21:48:33.820 VLLM::W        1046588 nvme1n1 RS   731250944  131072    1.807
21:48:33.820 VLLM::W        1046589 nvme1n1 RS   1565521664 131072    1.857
21:48:33.820 VLLM::W        1046589 nvme1n1 RS   1565522176 131072    1.870
21:48:33.820 VLLM::W        1046589 nvme1n1 RS   1565521920 131072    1.899
21:48:33.820 VLLM::W        1046589 nvme1n1 RS   1565522432 131072    1.907
21:48:33.820 VLLM::W        1046589 nvme1n1 RS   1565522688 131072    1.939
21:48:33.820 VLLM::W        1046589 nvme1n1 RS   1565522944 131072    1.964
21:48:33.820 VLLM::W        1046589 nvme1n1 RS   1565523200 131072    1.980
21:48:33.820 VLLM::W        1046589 nvme1n1 RS   1565523456 131072    2.031
21:48:33.820 VLLM::W        1046589 nvme1n1 RS   1565523712 131072    2.055
21:48:33.820 VLLM::W        1046589 nvme1n1 RS   1565536256 131072    2.076
21:48:33.820 VLLM::W        1046589 nvme1n1 RS   1565536512 131072    2.093
21:48:33.821 VLLM::W        1046587 nvme1n1 RS   1565499392 131072    1.285
21:48:33.821 VLLM::W        1046587 nvme1n1 RS   1565499648 131072    1.290
21:48:33.821 VLLM::W        1046587 nvme1n1 RS   1565499904 131072    1.300
21:48:33.821 VLLM::W        1046587 nvme1n1 RS   1565500160 131072    1.325
21:48:33.821 VLLM::W        1046587 nvme1n1 RS   1565500416 131072    1.398
21:48:33.821 VLLM::W        1046587 nvme1n1 RS   1565500672 131072    1.413
21:48:33.821 VLLM::W        1046587 nvme1n1 RS   1565500928 131072    1.455
21:48:33.821 VLLM::W        1046587 nvme1n1 RS   1565501184 131072    1.455
21:48:33.821 VLLM::W        1046587 nvme1n1 RS   1565501696 131072    1.492
21:48:33.821 VLLM::W        1046587 nvme1n1 RS   1565501952 131072    1.524
21:48:33.821 VLLM::W        1046587 nvme1n1 RS   1565501440 131072    1.545
21:48:33.821 VLLM::W        1046587 nvme1n1 RS   1565502464 131072    1.592
21:48:33.821 VLLM::W        1046587 nvme1n1 RS   1565502208 131072    1.609
21:48:33.821 VLLM::W        1046587 nvme1n1 RS   1565502976 131072    1.663
21:48:33.821 VLLM::W        1046587 nvme1n1 RS   1565503232 131072    1.687
21:48:33.821 VLLM::W        1046587 nvme1n1 RS   1565502720 131072    1.719
21:48:33.821 VLLM::W        1046587 nvme1n1 RS   1565511680 131072    1.791
21:48:33.821 VLLM::W        1046587 nvme1n1 RS   1565511936 131072    1.803
21:48:33.821 VLLM::W        1046586 nvme1n1 RS   1565466624 131072    1.641
21:48:33.821 VLLM::W        1046586 nvme1n1 RS   1565466880 131072    1.673
21:48:33.821 VLLM::W        1046586 nvme1n1 RS   1565467136 131072    1.683
21:48:33.821 VLLM::W        1046586 nvme1n1 RS   1565467392 131072    1.717
21:48:33.821 VLLM::W        1046586 nvme1n1 RS   1565467648 131072    1.744
21:48:33.821 VLLM::W        1046586 nvme1n1 RS   1565467904 131072    1.782
21:48:33.821 VLLM::W        1046586 nvme1n1 RS   1565468160 131072    1.801
21:48:33.821 VLLM::W        1046586 nvme1n1 RS   1565468416 131072    1.828
21:48:33.821 VLLM::W        1046586 nvme1n1 RS   1565468672 131072    1.851
21:48:33.821 VLLM::W        1046586 nvme1n1 RS   1565468928 131072    1.858
21:48:33.822 VLLM::W        1046586 nvme1n1 RS   1565469184 131072    1.883
21:48:33.822 VLLM::W        1046586 nvme1n1 RS   1565469440 131072    1.910
21:48:33.822 VLLM::W        1046586 nvme1n1 RS   1565469696 131072    1.944
21:48:33.822 VLLM::W        1046586 nvme1n1 RS   1565469952 131072    1.974
21:48:33.822 VLLM::W        1046586 nvme1n1 RS   1565470208 131072    2.006
21:48:33.822 VLLM::W        1046586 nvme1n1 RS   1565470464 131072    2.053
21:48:33.822 VLLM::W        1046586 nvme1n1 RS   1565487104 131072    2.064
21:48:33.822 VLLM::W        1046586 nvme1n1 RS   1565487360 131072    2.100
21:48:33.822 VLLM::W        1046588 nvme1n1 RS   731181056  131072    1.670
21:48:33.822 VLLM::W        1046588 nvme1n1 RS   731181312  131072    1.671
21:48:33.822 VLLM::W        1046588 nvme1n1 RS   731181568  131072    1.674
21:48:33.822 VLLM::W        1046588 nvme1n1 RS   731181824  131072    1.682
21:48:33.822 VLLM::W        1046588 nvme1n1 RS   731182080  131072    1.747
21:48:33.822 VLLM::W        1046588 nvme1n1 RS   731182336  131072    1.756
21:48:33.822 VLLM::W        1046588 nvme1n1 RS   731182592  131072    1.785
21:48:33.822 VLLM::W        1046588 nvme1n1 RS   731182848  131072    1.797
21:48:33.822 VLLM::W        1046588 nvme1n1 RS   731183104  131072    1.808
21:48:33.822 VLLM::W        1046588 nvme1n1 RS   731183360  131072    1.914
21:48:33.822 VLLM::W        1046588 nvme1n1 RS   731183616  131072    1.925
21:48:33.822 VLLM::W        1046588 nvme1n1 RS   731183872  131072    1.948
21:48:33.822 VLLM::W        1046588 nvme1n1 RS   731184128  131072    1.959
21:48:33.822 VLLM::W        1046588 nvme1n1 RS   731184384  131072    2.005
21:48:33.822 VLLM::W        1046588 nvme1n1 RS   731184640  131072    2.015
21:48:33.822 VLLM::W        1046588 nvme1n1 RS   731184896  131072    2.037
21:48:33.822 VLLM::W        1046588 nvme1n1 RS   1565470720 131072    2.089
21:48:33.822 VLLM::W        1046588 nvme1n1 RS   1565470976 131072    2.094
21:48:33.822 VLLM::W        1046589 nvme1n1 RS   1581850624 131072    1.888
21:48:33.823 VLLM::W        1046589 nvme1n1 RS   1581850880 131072    2.010
21:48:33.823 VLLM::W        1046589 nvme1n1 RS   1581851392 131072    2.019
21:48:33.823 VLLM::W        1046589 nvme1n1 RS   1581851136 131072    2.037
21:48:33.823 VLLM::W        1046589 nvme1n1 RS   1581851648 131072    2.050
21:48:33.823 VLLM::W        1046589 nvme1n1 RS   1581851904 131072    2.079
21:48:33.823 VLLM::W        1046589 nvme1n1 RS   1581852160 131072    2.089
21:48:33.823 VLLM::W        1046589 nvme1n1 RS   1581852416 131072    2.071
21:48:33.823 VLLM::W        1046589 nvme1n1 RS   1581852672 131072    2.110
21:48:33.823 VLLM::W        1046589 nvme1n1 RS   1581852928 131072    2.139
21:48:33.823 VLLM::W        1046589 nvme1n1 RS   1581853184 131072    2.167
21:48:33.823 VLLM::W        1046589 nvme1n1 RS   1581853440 131072    2.204
21:48:33.823 VLLM::W        1046589 nvme1n1 RS   1581853696 131072    2.245
21:48:33.823 VLLM::W        1046589 nvme1n1 RS   1581853952 131072    2.273
21:48:33.823 VLLM::W        1046589 nvme1n1 RS   1581854208 131072    2.302
21:48:33.823 VLLM::W        1046589 nvme1n1 RS   1581854464 131072    2.330
21:48:33.823 VLLM::W        1046589 nvme1n1 RS   1581854720 131072    2.358
21:48:33.823 VLLM::W        1046589 nvme1n1 RS   1581854976 131072    2.393
21:48:33.823 VLLM::W        1046587 nvme1n1 RS   844935168  131072    1.837
21:48:33.823 VLLM::W        1046587 nvme1n1 RS   844935424  131072    1.855
21:48:33.823 VLLM::W        1046587 nvme1n1 RS   844935680  131072    1.871
21:48:33.823 VLLM::W        1046587 nvme1n1 RS   844935936  131072    1.906
21:48:33.823 VLLM::W        1046587 nvme1n1 RS   844936192  131072    1.944
21:48:33.823 VLLM::W        1046587 nvme1n1 RS   844936448  131072    1.981
21:48:33.823 VLLM::W        1046587 nvme1n1 RS   844936704  131072    1.992
21:48:33.823 VLLM::W        1046587 nvme1n1 RS   844936960  131072    1.981
21:48:33.823 VLLM::W        1046587 nvme1n1 RS   844937216  131072    2.013
21:48:33.823 VLLM::W        1046587 nvme1n1 RS   844937472  131072    2.054
21:48:33.824 VLLM::W        1046587 nvme1n1 RS   844937728  131072    2.086
21:48:33.824 VLLM::W        1046587 nvme1n1 RS   844937984  131072    2.114
21:48:33.824 VLLM::W        1046587 nvme1n1 RS   844938240  131072    2.152
21:48:33.824 VLLM::W        1046587 nvme1n1 RS   844938496  131072    2.178
21:48:33.824 VLLM::W        1046587 nvme1n1 RS   844938752  131072    2.214
21:48:33.824 VLLM::W        1046587 nvme1n1 RS   844939008  131072    2.231
21:48:33.824 VLLM::W        1046587 nvme1n1 RS   844939264  131072    2.270
21:48:33.824 VLLM::W        1046587 nvme1n1 RS   844939520  131072    2.335
21:48:33.824 VLLM::W        1046586 nvme1n1 RS   1565478912 131072    1.375
21:48:33.824 VLLM::W        1046586 nvme1n1 RS   1565479168 131072    1.431
21:48:33.824 VLLM::W        1046586 nvme1n1 RS   1565479424 131072    1.457
21:48:33.824 VLLM::W        1046586 nvme1n1 RS   1565479680 131072    1.486
21:48:33.824 VLLM::W        1046586 nvme1n1 RS   1565479936 131072    1.496
21:48:33.824 VLLM::W        1046586 nvme1n1 RS   1565480192 131072    1.539
21:48:33.824 VLLM::W        1046586 nvme1n1 RS   1565480448 131072    1.593
21:48:33.824 VLLM::W        1046586 nvme1n1 RS   1565480960 131072    1.611
21:48:33.824 VLLM::W        1046586 nvme1n1 RS   1565480704 131072    1.630
21:48:33.824 VLLM::W        1046586 nvme1n1 RS   1565481216 131072    1.636
21:48:33.824 VLLM::W        1046586 nvme1n1 RS   1565481472 131072    1.708
21:48:33.824 VLLM::W        1046586 nvme1n1 RS   1565481728 131072    1.720
21:48:33.824 VLLM::W        1046586 nvme1n1 RS   1565481984 131072    1.739
21:48:33.824 VLLM::W        1046586 nvme1n1 RS   1565482240 131072    1.749
21:48:33.824 VLLM::W        1046586 nvme1n1 RS   1565482496 131072    1.774
21:48:33.824 VLLM::W        1046586 nvme1n1 RS   1565491200 131072    1.843
21:48:33.824 VLLM::W        1046586 nvme1n1 RS   1565482752 131072    1.865
21:48:33.825 VLLM::W        1046586 nvme1n1 RS   1565491456 131072    1.956
21:48:33.825 VLLM::W        1046588 nvme1n1 RS   1565515776 131072    1.425
21:48:33.825 VLLM::W        1046588 nvme1n1 RS   1565516032 131072    1.425
21:48:33.825 VLLM::W        1046588 nvme1n1 RS   1565516544 131072    1.446
21:48:33.825 VLLM::W        1046588 nvme1n1 RS   1565516800 131072    1.495
21:48:33.825 VLLM::W        1046588 nvme1n1 RS   1565516288 131072    1.522
21:48:33.825 VLLM::W        1046588 nvme1n1 RS   1565517056 131072    1.524
21:48:33.825 VLLM::W        1046588 nvme1n1 RS   1565517568 131072    1.542
21:48:33.825 VLLM::W        1046588 nvme1n1 RS   1565517824 131072    1.605
21:48:33.825 VLLM::W        1046588 nvme1n1 RS   1565517312 131072    1.678
21:48:33.825 VLLM::W        1046588 nvme1n1 RS   1565518080 131072    1.636
21:48:33.825 VLLM::W        1046588 nvme1n1 RS   1565518592 131072    1.680
21:48:33.825 VLLM::W        1046588 nvme1n1 RS   1565518336 131072    1.692
21:48:33.825 VLLM::W        1046588 nvme1n1 RS   1565518848 131072    1.716
21:48:33.825 VLLM::W        1046588 nvme1n1 RS   1565519104 131072    1.767
21:48:33.825 VLLM::W        1046588 nvme1n1 RS   1565519360 131072    1.772
21:48:33.825 VLLM::W        1046588 nvme1n1 RS   1565524224 131072    1.874
21:48:33.825 VLLM::W        1046588 nvme1n1 RS   1565519616 131072    1.899
21:48:33.825 VLLM::W        1046588 nvme1n1 RS   1565523968 131072    1.912
21:48:33.825 VLLM::W        1046589 nvme1n1 RS   1685999616 131072    1.374
21:48:33.825 VLLM::W        1046589 nvme1n1 RS   1685999872 131072    1.397
21:48:33.825 VLLM::W        1046589 nvme1n1 RS   1686000128 131072    1.422
21:48:33.825 VLLM::W        1046589 nvme1n1 RS   1686000384 131072    1.481
21:48:33.825 VLLM::W        1046589 nvme1n1 RS   1686000640 131072    1.492
21:48:33.825 VLLM::W        1046589 nvme1n1 RS   1686000896 131072    1.525
21:48:33.825 VLLM::W        1046589 nvme1n1 RS   1686001152 131072    1.568
21:48:33.825 VLLM::W        1046589 nvme1n1 RS   1686001408 131072    1.557
21:48:33.825 VLLM::W        1046589 nvme1n1 RS   1686001664 131072    1.609
21:48:33.825 VLLM::W        1046589 nvme1n1 RS   1686001920 131072    1.628
21:48:33.826 VLLM::W        1046589 nvme1n1 RS   1686002176 131072    1.638
21:48:33.826 VLLM::W        1046589 nvme1n1 RS   1686002432 131072    1.667
21:48:33.826 VLLM::W        1046589 nvme1n1 RS   1686002688 131072    1.707
21:48:33.826 VLLM::W        1046589 nvme1n1 RS   1686002944 131072    1.735
21:48:33.826 VLLM::W        1046589 nvme1n1 RS   1686003200 131072    1.773
21:48:33.826 VLLM::W        1046589 nvme1n1 RS   1686003456 131072    1.790
21:48:33.826 VLLM::W        1046589 nvme1n1 RS   1686003712 131072    1.827
21:48:33.826 VLLM::W        1046589 nvme1n1 RS   1686003968 131072    1.855
21:48:33.826 VLLM::W        1046587 nvme1n1 RS   1565503488 131072    1.872
21:48:33.826 VLLM::W        1046587 nvme1n1 RS   1565503744 131072    1.882
21:48:33.826 VLLM::W        1046587 nvme1n1 RS   1565504000 131072    1.911
21:48:33.826 VLLM::W        1046587 nvme1n1 RS   1565504256 131072    1.943
21:48:33.826 VLLM::W        1046587 nvme1n1 RS   1565504512 131072    2.006
21:48:33.826 VLLM::W        1046587 nvme1n1 RS   1565504768 131072    2.033
21:48:33.826 VLLM::W        1046587 nvme1n1 RS   1565505280 131072    2.038
21:48:33.826 VLLM::W        1046587 nvme1n1 RS   1565505024 131072    2.111
21:48:33.826 VLLM::W        1046587 nvme1n1 RS   1565505536 131072    2.071
21:48:33.826 VLLM::W        1046587 nvme1n1 RS   1565505792 131072    2.103
21:48:33.826 VLLM::W        1046587 nvme1n1 RS   1565506304 131072    2.166
21:48:33.826 VLLM::W        1046587 nvme1n1 RS   1565506048 131072    2.182
21:48:33.826 VLLM::W        1046587 nvme1n1 RS   1565506560 131072    2.206
21:48:33.826 VLLM::W        1046587 nvme1n1 RS   1565507072 131072    2.268
21:48:33.826 VLLM::W        1046587 nvme1n1 RS   1565506816 131072    2.279
21:48:33.826 VLLM::W        1046587 nvme1n1 RS   1565507328 131072    2.310
21:48:33.826 VLLM::W        1046587 nvme1n1 RS   1565507840 131072    2.361
21:48:33.826 VLLM::W        1046587 nvme1n1 RS   1565507584 131072    2.377
21:48:33.827 VLLM::W        1046586 nvme1n1 RS   1583140864 131072    1.831
21:48:33.827 VLLM::W        1046586 nvme1n1 RS   1583141376 131072    1.863
21:48:33.827 VLLM::W        1046586 nvme1n1 RS   1583141120 131072    1.874
21:48:33.827 VLLM::W        1046586 nvme1n1 RS   1583141632 131072    1.896
21:48:33.827 VLLM::W        1046586 nvme1n1 RS   1583141888 131072    1.962
21:48:33.827 VLLM::W        1046586 nvme1n1 RS   1583142144 131072    1.967
21:48:33.827 VLLM::W        1046586 nvme1n1 RS   1583142400 131072    2.017
21:48:33.827 VLLM::W        1046586 nvme1n1 RS   1583142656 131072    1.981
21:48:33.827 VLLM::W        1046586 nvme1n1 RS   1583142912 131072    2.039
21:48:33.827 VLLM::W        1046586 nvme1n1 RS   1583143168 131072    2.050
21:48:33.827 VLLM::W        1046586 nvme1n1 RS   1583143424 131072    2.096
21:48:33.827 VLLM::W        1046586 nvme1n1 RS   1583143680 131072    2.135
21:48:33.827 VLLM::W        1046586 nvme1n1 RS   1583143936 131072    2.173
21:48:33.827 VLLM::W        1046586 nvme1n1 RS   1583144192 131072    2.184
21:48:33.827 VLLM::W        1046586 nvme1n1 RS   1583144448 131072    2.219
21:48:33.827 VLLM::W        1046586 nvme1n1 RS   1583144704 131072    2.267
21:48:33.827 VLLM::W        1046586 nvme1n1 RS   1583157248 131072    2.277
21:48:33.827 VLLM::W        1046586 nvme1n1 RS   1583157504 131072    2.319
21:48:33.827 VLLM::W        1046588 nvme1n1 RS   1583153152 131072    1.876
21:48:33.827 VLLM::W        1046588 nvme1n1 RS   1583153408 131072    1.877
21:48:33.827 VLLM::W        1046588 nvme1n1 RS   1583153664 131072    1.891
21:48:33.827 VLLM::W        1046588 nvme1n1 RS   1583153920 131072    1.914
21:48:33.827 VLLM::W        1046588 nvme1n1 RS   1583154176 131072    1.963
21:48:33.827 VLLM::W        1046588 nvme1n1 RS   1583154432 131072    1.987
21:48:33.827 VLLM::W        1046588 nvme1n1 RS   1583154688 131072    2.034
21:48:33.827 VLLM::W        1046588 nvme1n1 RS   1583154944 131072    2.071
21:48:33.827 VLLM::W        1046588 nvme1n1 RS   1583155456 131072    2.082
21:48:33.828 VLLM::W        1046588 nvme1n1 RS   1583155712 131072    2.093
21:48:33.828 VLLM::W        1046588 nvme1n1 RS   1583155968 131072    2.137
21:48:33.828 VLLM::W        1046588 nvme1n1 RS   1583155200 131072    2.155
21:48:33.828 VLLM::W        1046588 nvme1n1 RS   1583156480 131072    2.200
21:48:33.828 VLLM::W        1046588 nvme1n1 RS   1583156224 131072    2.224
21:48:33.828 VLLM::W        1046588 nvme1n1 RS   1583156736 131072    2.231
21:48:33.828 VLLM::W        1046588 nvme1n1 RS   1583156992 131072    2.252
21:48:33.828 VLLM::W        1046588 nvme1n1 RS   1583173632 131072    2.328
21:48:33.828 VLLM::W        1046588 nvme1n1 RS   1583173888 131072    2.334
21:48:33.828 VLLM::W        1046589 nvme1n1 RS   1583132928 131072    1.924
21:48:33.828 VLLM::W        1046589 nvme1n1 RS   1583132672 131072    1.939
21:48:33.828 VLLM::W        1046589 nvme1n1 RS   1583133184 131072    1.991
21:48:33.828 VLLM::W        1046589 nvme1n1 RS   1583133440 131072    2.009
21:48:33.828 VLLM::W        1046589 nvme1n1 RS   1583133696 131072    2.025
21:48:33.828 VLLM::W        1046589 nvme1n1 RS   1583133952 131072    2.049
21:48:33.828 VLLM::W        1046589 nvme1n1 RS   1583134208 131072    2.090
21:48:33.828 VLLM::W        1046589 nvme1n1 RS   1583134464 131072    2.062
21:48:33.828 VLLM::W        1046589 nvme1n1 RS   1583134720 131072    2.098
21:48:33.828 VLLM::W        1046589 nvme1n1 RS   1583134976 131072    2.162
21:48:33.828 VLLM::W        1046589 nvme1n1 RS   1583135232 131072    2.172
21:48:33.828 VLLM::W        1046589 nvme1n1 RS   1583135488 131072    2.216
21:48:33.828 VLLM::W        1046589 nvme1n1 RS   1583135744 131072    2.227
21:48:33.828 VLLM::W        1046589 nvme1n1 RS   1583136256 131072    2.304
21:48:33.828 VLLM::W        1046589 nvme1n1 RS   1583136000 131072    2.324
21:48:33.828 VLLM::W        1046589 nvme1n1 RS   1583136512 131072    2.320
21:48:33.828 VLLM::W        1046589 nvme1n1 RS   1583136768 131072    2.345
21:48:33.828 VLLM::W        1046589 nvme1n1 RS   1583137024 131072    2.418
21:48:33.829 VLLM::W        1046587 nvme1n1 RS   1583161600 131072    1.924
21:48:33.829 VLLM::W        1046587 nvme1n1 RS   1583161344 131072    1.939
21:48:33.829 VLLM::W        1046587 nvme1n1 RS   1583162112 131072    2.011
21:48:33.829 VLLM::W        1046587 nvme1n1 RS   1583162368 131072    2.023
21:48:33.829 VLLM::W        1046587 nvme1n1 RS   1583161856 131072    2.065
21:48:33.829 VLLM::W        1046587 nvme1n1 RS   1583162624 131072    2.078
21:48:33.829 VLLM::W        1046587 nvme1n1 RS   1583162880 131072    2.088
21:48:33.829 VLLM::W        1046587 nvme1n1 RS   1583163392 131072    2.112
21:48:33.829 VLLM::W        1046587 nvme1n1 RS   1583163136 131072    2.128
21:48:33.829 VLLM::W        1046587 nvme1n1 RS   1583163648 131072    2.154
21:48:33.829 VLLM::W        1046587 nvme1n1 RS   1583163904 131072    2.179
21:48:33.829 VLLM::W        1046587 nvme1n1 RS   1583164160 131072    2.212
21:48:33.829 VLLM::W        1046587 nvme1n1 RS   1583164416 131072    2.238
21:48:33.829 VLLM::W        1046587 nvme1n1 RS   1583164672 131072    2.273
21:48:33.829 VLLM::W        1046587 nvme1n1 RS   1583164928 131072    2.303
21:48:33.829 VLLM::W        1046587 nvme1n1 RS   1583165184 131072    2.328
21:48:33.829 VLLM::W        1046587 nvme1n1 RS   1583177728 131072    2.365
21:48:33.829 VLLM::W        1046587 nvme1n1 RS   1583177984 131072    2.457
21:48:33.829 VLLM::W        1046586 nvme1n1 RS   1583456256 131072    2.005
21:48:33.829 VLLM::W        1046586 nvme1n1 RS   1583457024 131072    2.018
21:48:33.829 VLLM::W        1046586 nvme1n1 RS   1583456512 131072    2.044
21:48:33.829 VLLM::W        1046586 nvme1n1 RS   1583457280 131072    2.067
21:48:33.829 VLLM::W        1046586 nvme1n1 RS   1583456768 131072    2.091
21:48:33.829 VLLM::W        1046586 nvme1n1 RS   1583458048 131072    2.096
21:48:33.829 VLLM::W        1046586 nvme1n1 RS   1583458304 131072    2.103
21:48:33.829 VLLM::W        1046586 nvme1n1 RS   1583457536 131072    2.213
21:48:33.830 VLLM::W        1046586 nvme1n1 RS   1583457792 131072    2.223
21:48:33.830 VLLM::W        1046586 nvme1n1 RS   1583459072 131072    2.234
21:48:33.830 VLLM::W        1046586 nvme1n1 RS   1583459328 131072    2.251
21:48:33.830 VLLM::W        1046586 nvme1n1 RS   1583458560 131072    2.286
21:48:33.830 VLLM::W        1046586 nvme1n1 RS   1583458816 131072    2.291
21:48:33.830 VLLM::W        1046586 nvme1n1 RS   1583460096 131072    2.376
21:48:33.830 VLLM::W        1046586 nvme1n1 RS   1583459584 131072    2.414
21:48:33.830 VLLM::W        1046586 nvme1n1 RS   1583459840 131072    2.424
21:48:33.830 VLLM::W        1046586 nvme1n1 RS   1583476992 131072    2.443
21:48:33.830 VLLM::W        1046586 nvme1n1 RS   1583476736 131072    2.480
21:48:33.830 VLLM::W        1046588 nvme1n1 RS   1583493376 131072    1.919
21:48:33.830 VLLM::W        1046588 nvme1n1 RS   1583493632 131072    1.953
21:48:33.830 VLLM::W        1046588 nvme1n1 RS   1583494400 131072    1.981
21:48:33.830 VLLM::W        1046588 nvme1n1 RS   1583493120 131072    2.018
21:48:33.830 VLLM::W        1046588 nvme1n1 RS   1583494656 131072    2.009
21:48:33.830 VLLM::W        1046588 nvme1n1 RS   1583494912 131072    2.025
21:48:33.830 VLLM::W        1046588 nvme1n1 RS   1583493888 131072    2.099
21:48:33.830 VLLM::W        1046588 nvme1n1 RS   1583494144 131072    2.121
21:48:33.830 VLLM::W        1046588 nvme1n1 RS   1583495168 131072    2.080
21:48:33.830 VLLM::W        1046588 nvme1n1 RS   1583495936 131072    2.143
21:48:33.830 VLLM::W        1046588 nvme1n1 RS   1583495424 131072    2.175
21:48:33.830 VLLM::W        1046588 nvme1n1 RS   1583495680 131072    2.187
21:48:33.830 VLLM::W        1046588 nvme1n1 RS   1583496192 131072    2.193
21:48:33.830 VLLM::W        1046588 nvme1n1 RS   1583496448 131072    2.218
21:48:33.830 VLLM::W        1046588 nvme1n1 RS   1583496704 131072    2.256
21:48:33.830 VLLM::W        1046588 nvme1n1 RS   1583496960 131072    2.254
21:48:33.830 VLLM::W        1046588 nvme1n1 RS   1583505664 131072    2.346
21:48:33.830 VLLM::W        1046588 nvme1n1 RS   1583505408 131072    2.368
21:48:33.830 VLLM::W        1046589 nvme1n1 RS   1583448064 131072    1.868
21:48:33.831 VLLM::W        1046589 nvme1n1 RS   1583448320 131072    1.914
21:48:33.831 VLLM::W        1046589 nvme1n1 RS   1583448576 131072    1.925
21:48:33.831 VLLM::W        1046589 nvme1n1 RS   1583448832 131072    1.953
21:48:33.831 VLLM::W        1046589 nvme1n1 RS   1583449088 131072    1.996
21:48:33.831 VLLM::W        1046589 nvme1n1 RS   1583449344 131072    2.021
21:48:33.831 VLLM::W        1046589 nvme1n1 RS   1583449600 131072    2.063
21:48:33.831 VLLM::W        1046589 nvme1n1 RS   1583449856 131072    2.062
21:48:33.831 VLLM::W        1046589 nvme1n1 RS   1583450112 131072    2.115
21:48:33.831 VLLM::W        1046589 nvme1n1 RS   1583450368 131072    2.121
21:48:33.831 VLLM::W        1046589 nvme1n1 RS   1583450624 131072    2.151
21:48:33.831 VLLM::W        1046589 nvme1n1 RS   1583450880 131072    2.181
21:48:33.831 VLLM::W        1046589 nvme1n1 RS   1583451136 131072    2.235
21:48:33.831 VLLM::W        1046589 nvme1n1 RS   1583451392 131072    2.274
21:48:33.831 VLLM::W        1046589 nvme1n1 RS   1583451648 131072    2.284
21:48:33.831 VLLM::W        1046589 nvme1n1 RS   1583451904 131072    2.310
21:48:33.831 VLLM::W        1046589 nvme1n1 RS   1583460352 131072    2.342
21:48:33.831 VLLM::W        1046589 nvme1n1 RS   1583460608 131072    2.387
21:48:33.831 VLLM::W        1046587 nvme1n1 RS   1583452416 131072    1.880
21:48:33.831 VLLM::W        1046587 nvme1n1 RS   1583452160 131072    1.903
21:48:33.831 VLLM::W        1046587 nvme1n1 RS   1583452672 131072    1.909
21:48:33.831 VLLM::W        1046587 nvme1n1 RS   1583452928 131072    1.947
21:48:33.831 VLLM::W        1046587 nvme1n1 RS   1583453184 131072    1.989
21:48:33.831 VLLM::W        1046587 nvme1n1 RS   1583453440 131072    2.017
21:48:33.831 VLLM::W        1046587 nvme1n1 RS   1583453696 131072    2.054
21:48:33.831 VLLM::W        1046587 nvme1n1 RS   1583453952 131072    2.059
21:48:33.831 VLLM::W        1046587 nvme1n1 RS   1583454208 131072    2.069
21:48:33.831 VLLM::W        1046587 nvme1n1 RS   1583454464 131072    2.096
21:48:33.832 VLLM::W        1046587 nvme1n1 RS   1583454720 131072    2.136
21:48:33.832 VLLM::W        1046587 nvme1n1 RS   1583454976 131072    2.165
21:48:33.832 VLLM::W        1046587 nvme1n1 RS   1583455232 131072    2.190
21:48:33.832 VLLM::W        1046587 nvme1n1 RS   1583455488 131072    2.226
21:48:33.832 VLLM::W        1046587 nvme1n1 RS   1583455744 131072    2.256
21:48:33.832 VLLM::W        1046587 nvme1n1 RS   1583456000 131072    2.286
21:48:33.832 VLLM::W        1046587 nvme1n1 RS   1583468544 131072    2.381
21:48:33.832 VLLM::W        1046587 nvme1n1 RS   1583468800 131072    2.391
21:48:33.832 VLLM::W        1046586 nvme1n1 RS   1583480832 131072    1.862
21:48:33.832 VLLM::W        1046586 nvme1n1 RS   1583481088 131072    1.882
21:48:33.832 VLLM::W        1046586 nvme1n1 RS   1583481344 131072    1.897
21:48:33.832 VLLM::W        1046586 nvme1n1 RS   1583481600 131072    1.907
21:48:33.832 VLLM::W        1046586 nvme1n1 RS   1583481856 131072    2.006
21:48:33.832 VLLM::W        1046586 nvme1n1 RS   1583482112 131072    2.025
21:48:33.832 VLLM::W        1046586 nvme1n1 RS   1583482880 131072    2.026
21:48:33.832 VLLM::W        1046586 nvme1n1 RS   1583482368 131072    2.099
21:48:33.832 VLLM::W        1046586 nvme1n1 RS   1583482624 131072    2.065
21:48:33.832 VLLM::W        1046586 nvme1n1 RS   1583483136 131072    2.072
21:48:33.832 VLLM::W        1046586 nvme1n1 RS   1583483904 131072    2.145
21:48:33.832 VLLM::W        1046586 nvme1n1 RS   1583483392 131072    2.177
21:48:33.832 VLLM::W        1046586 nvme1n1 RS   1583483648 131072    2.194
21:48:33.832 VLLM::W        1046586 nvme1n1 RS   1583484160 131072    2.207
21:48:33.832 VLLM::W        1046586 nvme1n1 RS   1583484416 131072    2.218
21:48:33.832 VLLM::W        1046586 nvme1n1 RS   1583484672 131072    2.236
21:48:33.832 VLLM::W        1046586 nvme1n1 RS   1583497216 131072    2.329
21:48:33.832 VLLM::W        1046586 nvme1n1 RS   1583497472 131072    2.335
21:48:33.833 VLLM::W        1046588 nvme1n1 RS   1583472640 131072    1.937
21:48:33.833 VLLM::W        1046588 nvme1n1 RS   1583472896 131072    1.937
21:48:33.833 VLLM::W        1046588 nvme1n1 RS   1583473152 131072    1.934
21:48:33.833 VLLM::W        1046588 nvme1n1 RS   1583473408 131072    1.932
21:48:33.833 VLLM::W        1046588 nvme1n1 RS   1583473664 131072    1.956
21:48:33.833 VLLM::W        1046588 nvme1n1 RS   1583473920 131072    2.006
21:48:33.833 VLLM::W        1046588 nvme1n1 RS   1583474432 131072    2.027
21:48:33.833 VLLM::W        1046588 nvme1n1 RS   1583474176 131072    2.096
21:48:33.833 VLLM::W        1046588 nvme1n1 RS   1583474688 131072    2.059
21:48:33.833 VLLM::W        1046588 nvme1n1 RS   1583474944 131072    2.107
21:48:33.833 VLLM::W        1046588 nvme1n1 RS   1583475200 131072    2.111
21:48:33.833 VLLM::W        1046588 nvme1n1 RS   1583475456 131072    2.159
21:48:33.833 VLLM::W        1046588 nvme1n1 RS   1583475712 131072    2.186
21:48:33.833 VLLM::W        1046588 nvme1n1 RS   1583475968 131072    2.226
21:48:33.833 VLLM::W        1046588 nvme1n1 RS   1583476224 131072    2.231
21:48:33.833 VLLM::W        1046588 nvme1n1 RS   1583489024 131072    2.321
21:48:33.833 VLLM::W        1046588 nvme1n1 RS   1583489280 131072    2.334
21:48:33.833 VLLM::W        1046588 nvme1n1 RS   1583476480 131072    2.353
21:48:33.833 VLLM::W        1046589 nvme1n1 RS   1583464704 131072    1.919
21:48:33.833 VLLM::W        1046589 nvme1n1 RS   1583464448 131072    1.942
21:48:33.833 VLLM::W        1046589 nvme1n1 RS   1583464960 131072    1.942
21:48:33.833 VLLM::W        1046589 nvme1n1 RS   1583465216 131072    1.985
21:48:33.833 VLLM::W        1046589 nvme1n1 RS   1583465472 131072    2.016
21:48:33.833 VLLM::W        1046589 nvme1n1 RS   1583465728 131072    2.069
21:48:33.833 VLLM::W        1046589 nvme1n1 RS   1583465984 131072    2.079
21:48:33.833 VLLM::W        1046589 nvme1n1 RS   1583466240 131072    2.060
21:48:33.833 VLLM::W        1046589 nvme1n1 RS   1583466496 131072    2.101
21:48:33.833 VLLM::W        1046589 nvme1n1 RS   1583466752 131072    2.131
21:48:33.834 VLLM::W        1046589 nvme1n1 RS   1583467264 131072    2.191
21:48:33.834 VLLM::W        1046589 nvme1n1 RS   1583467008 131072    2.219
21:48:33.834 VLLM::W        1046589 nvme1n1 RS   1583467520 131072    2.222
21:48:33.834 VLLM::W        1046589 nvme1n1 RS   1583467776 131072    2.247
21:48:33.834 VLLM::W        1046589 nvme1n1 RS   1583468032 131072    2.311
21:48:33.834 VLLM::W        1046589 nvme1n1 RS   1583484928 131072    2.341
21:48:33.834 VLLM::W        1046589 nvme1n1 RS   1583468288 131072    2.358
21:48:33.834 VLLM::W        1046587 nvme1n1 RS   57798656   131072    1.850
21:48:33.834 VLLM::W        1046589 nvme1n1 RS   1583485184 131072    2.430
21:48:33.834 VLLM::W        1046587 nvme1n1 RS   57798912   131072    1.906
21:48:33.834 VLLM::W        1046587 nvme1n1 RS   57799168   131072    1.956
21:48:33.834 VLLM::W        1046587 nvme1n1 RS   57799424   131072    1.954
21:48:33.834 VLLM::W        1046587 nvme1n1 RS   57799680   131072    1.991
21:48:33.834 VLLM::W        1046587 nvme1n1 RS   57799936   131072    2.058
21:48:33.834 VLLM::W        1046587 nvme1n1 RS   57800192   131072    2.072
21:48:33.834 VLLM::W        1046587 nvme1n1 RS   57800448   131072    2.074
21:48:33.834 VLLM::W        1046587 nvme1n1 RS   57800704   131072    2.099
21:48:33.834 VLLM::W        1046587 nvme1n1 RS   57800960   131072    2.108
21:48:33.834 VLLM::W        1046587 nvme1n1 RS   57801216   131072    2.140
21:48:33.834 VLLM::W        1046587 nvme1n1 RS   57801472   131072    2.165
21:48:33.834 VLLM::W        1046587 nvme1n1 RS   57801728   131072    2.192
21:48:33.834 VLLM::W        1046587 nvme1n1 RS   57801984   131072    2.234
21:48:33.834 VLLM::W        1046587 nvme1n1 RS   57802240   131072    2.260
21:48:33.834 VLLM::W        1046587 nvme1n1 RS   57802496   131072    2.326
21:48:33.834 VLLM::W        1046587 nvme1n1 RS   57806848   131072    2.337
21:48:33.834 VLLM::W        1046587 nvme1n1 RS   57807104   131072    2.367
21:48:33.835 VLLM::W        1046586 nvme1n1 RS   57786624   131072    1.899
21:48:33.835 VLLM::W        1046586 nvme1n1 RS   57786368   131072    1.927
21:48:33.835 VLLM::W        1046586 nvme1n1 RS   57786880   131072    1.929
21:48:33.835 VLLM::W        1046586 nvme1n1 RS   57787136   131072    2.025
21:48:33.835 VLLM::W        1046586 nvme1n1 RS   57787392   131072    2.035
21:48:33.835 VLLM::W        1046586 nvme1n1 RS   57787648   131072    2.103
21:48:33.835 VLLM::W        1046586 nvme1n1 RS   57787904   131072    2.115
21:48:33.835 VLLM::W        1046586 nvme1n1 RS   57788160   131072    2.086
21:48:33.835 VLLM::W        1046586 nvme1n1 RS   57788416   131072    2.096
21:48:33.835 VLLM::W        1046586 nvme1n1 RS   57789184   131072    2.192
21:48:33.835 VLLM::W        1046586 nvme1n1 RS   57788672   131072    2.219
21:48:33.835 VLLM::W        1046586 nvme1n1 RS   57788928   131072    2.236
21:48:33.835 VLLM::W        1046586 nvme1n1 RS   57789440   131072    2.238
21:48:33.835 VLLM::W        1046586 nvme1n1 RS   57789696   131072    2.279
21:48:33.835 VLLM::W        1046586 nvme1n1 RS   57789952   131072    2.342
21:48:33.835 VLLM::W        1046586 nvme1n1 RS   57790208   131072    2.364
21:48:33.835 VLLM::W        1046586 nvme1n1 RS   57794560   131072    2.386
21:48:33.835 VLLM::W        1046586 nvme1n1 RS   57794816   131072    2.392
21:48:33.835 VLLM::W        1046588 nvme1n1 RS   57782784   131072    1.978
21:48:33.835 VLLM::W        1046588 nvme1n1 RS   57782272   131072    1.989
21:48:33.835 VLLM::W        1046588 nvme1n1 RS   57782528   131072    1.986
21:48:33.835 VLLM::W        1046588 nvme1n1 RS   57783040   131072    1.986
21:48:33.835 VLLM::W        1046588 nvme1n1 RS   57783296   131072    1.999
21:48:33.835 VLLM::W        1046588 nvme1n1 RS   57783552   131072    2.019
21:48:33.835 VLLM::W        1046588 nvme1n1 RS   57783808   131072    2.054
21:48:33.835 VLLM::W        1046588 nvme1n1 RS   57784064   131072    2.069
21:48:33.835 VLLM::W        1046588 nvme1n1 RS   57784320   131072    2.086
21:48:33.835 VLLM::W        1046588 nvme1n1 RS   57784576   131072    2.091
21:48:33.836 VLLM::W        1046588 nvme1n1 RS   57784832   131072    2.128
21:48:33.836 VLLM::W        1046588 nvme1n1 RS   57785088   131072    2.189
21:48:33.836 VLLM::W        1046588 nvme1n1 RS   57785344   131072    2.208
21:48:33.836 VLLM::W        1046588 nvme1n1 RS   57785600   131072    2.218
21:48:33.836 VLLM::W        1046588 nvme1n1 RS   57785856   131072    2.256
21:48:33.836 VLLM::W        1046588 nvme1n1 RS   57786112   131072    2.272
21:48:33.836 VLLM::W        1046588 nvme1n1 RS   57790464   131072    2.327
21:48:33.836 VLLM::W        1046588 nvme1n1 RS   57790720   131072    2.338
21:48:33.836 VLLM::W        1046589 nvme1n1 RS   1583513600 131072    1.880
21:48:33.836 VLLM::W        1046589 nvme1n1 RS   1583513856 131072    1.896
21:48:33.836 VLLM::W        1046589 nvme1n1 RS   1583514112 131072    1.906
21:48:33.836 VLLM::W        1046589 nvme1n1 RS   1583514368 131072    1.935
21:48:33.836 VLLM::W        1046589 nvme1n1 RS   1583514624 131072    1.991
21:48:33.836 VLLM::W        1046589 nvme1n1 RS   1583514880 131072    2.000
21:48:33.836 VLLM::W        1046589 nvme1n1 RS   1583515136 131072    2.053
21:48:33.836 VLLM::W        1046589 nvme1n1 RS   1583515392 131072    2.042
21:48:33.836 VLLM::W        1046589 nvme1n1 RS   1583515648 131072    2.055
21:48:33.836 VLLM::W        1046589 nvme1n1 RS   1583515904 131072    2.083
21:48:33.836 VLLM::W        1046589 nvme1n1 RS   1583516160 131072    2.111
21:48:33.836 VLLM::W        1046589 nvme1n1 RS   1583516672 131072    2.200
21:48:33.836 VLLM::W        1046589 nvme1n1 RS   1583516928 131072    2.237
21:48:33.836 VLLM::W        1046589 nvme1n1 RS   1583516416 131072    2.257
21:48:33.836 VLLM::W        1046589 nvme1n1 RS   1583517184 131072    2.297
21:48:33.836 VLLM::W        1046589 nvme1n1 RS   1583517440 131072    2.306
21:48:33.836 VLLM::W        1046589 nvme1n1 RS   1583525888 131072    2.316
21:48:33.836 VLLM::W        1046589 nvme1n1 RS   1583526144 131072    2.338
21:48:33.836 VLLM::W        1046587 nvme1n1 RS   1583529984 131072    1.906
21:48:33.837 VLLM::W        1046587 nvme1n1 RS   1583530240 131072    1.932
21:48:33.837 VLLM::W        1046587 nvme1n1 RS   1583530496 131072    2.000
21:48:33.837 VLLM::W        1046587 nvme1n1 RS   1583530752 131072    2.033
21:48:33.837 VLLM::W        1046587 nvme1n1 RS   1583531008 131072    2.054
21:48:33.837 VLLM::W        1046587 nvme1n1 RS   1583531264 131072    2.063
21:48:33.837 VLLM::W        1046587 nvme1n1 RS   1583531520 131072    2.099
21:48:33.837 VLLM::W        1046587 nvme1n1 RS   1583532032 131072    2.110
21:48:33.837 VLLM::W        1046587 nvme1n1 RS   1583531776 131072    2.126
21:48:33.837 VLLM::W        1046587 nvme1n1 RS   1583532544 131072    2.174
21:48:33.837 VLLM::W        1046587 nvme1n1 RS   1583532288 131072    2.205
21:48:33.837 VLLM::W        1046587 nvme1n1 RS   1583533312 131072    2.294
21:48:33.837 VLLM::W        1046587 nvme1n1 RS   1583532800 131072    2.320
21:48:33.837 VLLM::W        1046587 nvme1n1 RS   1583533056 131072    2.332
21:48:33.837 VLLM::W        1046587 nvme1n1 RS   1583533568 131072    2.354
21:48:33.837 VLLM::W        1046587 nvme1n1 RS   1583533824 131072    2.353
21:48:33.837 VLLM::W        1046587 nvme1n1 RS   1583542272 131072    2.381
21:48:33.837 VLLM::W        1046587 nvme1n1 RS   1583542528 131072    2.412
21:48:33.837 VLLM::W        1046586 nvme1n1 RS   1583517696 131072    2.016
21:48:33.837 VLLM::W        1046586 nvme1n1 RS   1583517952 131072    2.017
21:48:33.837 VLLM::W        1046586 nvme1n1 RS   1583518208 131072    2.014
21:48:33.837 VLLM::W        1046586 nvme1n1 RS   1583518464 131072    2.012
21:48:33.837 VLLM::W        1046586 nvme1n1 RS   1583518720 131072    2.054
21:48:33.837 VLLM::W        1046586 nvme1n1 RS   1583518976 131072    2.067
21:48:33.837 VLLM::W        1046586 nvme1n1 RS   1583519232 131072    2.115
21:48:33.837 VLLM::W        1046586 nvme1n1 RS   1583519488 131072    2.074
21:48:33.837 VLLM::W        1046586 nvme1n1 RS   1583519744 131072    2.133
21:48:33.837 VLLM::W        1046586 nvme1n1 RS   1583520000 131072    2.137
21:48:33.838 VLLM::W        1046586 nvme1n1 RS   1583520256 131072    2.187
21:48:33.838 VLLM::W        1046586 nvme1n1 RS   1583520512 131072    2.212
21:48:33.838 VLLM::W        1046586 nvme1n1 RS   1583520768 131072    2.222
21:48:33.838 VLLM::W        1046586 nvme1n1 RS   1583521024 131072    2.250
21:48:33.838 VLLM::W        1046586 nvme1n1 RS   1583521280 131072    2.287
21:48:33.838 VLLM::W        1046586 nvme1n1 RS   1583521536 131072    2.308
21:48:33.838 VLLM::W        1046586 nvme1n1 RS   1583538176 131072    2.377
21:48:33.838 VLLM::W        1046586 nvme1n1 RS   1583538432 131072    2.388
21:48:33.838 VLLM::W        1046588 nvme1n1 RS   1583501312 131072    1.940
21:48:33.838 VLLM::W        1046588 nvme1n1 RS   1583501568 131072    1.941
21:48:33.838 VLLM::W        1046588 nvme1n1 RS   1583501824 131072    1.951
21:48:33.838 VLLM::W        1046588 nvme1n1 RS   1583502080 131072    1.980
21:48:33.838 VLLM::W        1046588 nvme1n1 RS   1583502336 131072    2.028
21:48:33.838 VLLM::W        1046588 nvme1n1 RS   1583502592 131072    2.041
21:48:33.838 VLLM::W        1046588 nvme1n1 RS   1583502848 131072    2.067
21:48:33.838 VLLM::W        1046588 nvme1n1 RS   1583503104 131072    2.077
21:48:33.838 VLLM::W        1046588 nvme1n1 RS   1583503360 131072    2.095
21:48:33.838 VLLM::W        1046588 nvme1n1 RS   1583503616 131072    2.105
21:48:33.838 VLLM::W        1046588 nvme1n1 RS   1583503872 131072    2.132
21:48:33.838 VLLM::W        1046588 nvme1n1 RS   1583504128 131072    2.176
21:48:33.838 VLLM::W        1046588 nvme1n1 RS   1583504640 131072    2.238
21:48:33.838 VLLM::W        1046588 nvme1n1 RS   1583504384 131072    2.251
21:48:33.838 VLLM::W        1046588 nvme1n1 RS   1583505152 131072    2.346
21:48:33.838 VLLM::W        1046588 nvme1n1 RS   1583509504 131072    2.366
21:48:33.838 VLLM::W        1046588 nvme1n1 RS   1583504896 131072    2.406
21:48:33.838 VLLM::W        1046588 nvme1n1 RS   1583509760 131072    2.407
21:48:33.838 VLLM::W        1046589 nvme1n1 RS   57802752   131072    1.916
21:48:33.839 VLLM::W        1046589 nvme1n1 RS   57803008   131072    1.941
21:48:33.839 VLLM::W        1046589 nvme1n1 RS   57803520   131072    1.996
21:48:33.839 VLLM::W        1046589 nvme1n1 RS   57803776   131072    2.043
21:48:33.839 VLLM::W        1046589 nvme1n1 RS   57803264   131072    2.067
21:48:33.839 VLLM::W        1046589 nvme1n1 RS   57804032   131072    2.072
21:48:33.839 VLLM::W        1046589 nvme1n1 RS   57804544   131072    2.081
21:48:33.839 VLLM::W        1046589 nvme1n1 RS   57804288   131072    2.153
21:48:33.839 VLLM::W        1046589 nvme1n1 RS   57805056   131072    2.177
21:48:33.839 VLLM::W        1046589 nvme1n1 RS   57804800   131072    2.200
21:48:33.839 VLLM::W        1046589 nvme1n1 RS   57805312   131072    2.213
21:48:33.839 VLLM::W        1046589 nvme1n1 RS   57805568   131072    2.223
21:48:33.839 VLLM::W        1046589 nvme1n1 RS   57805824   131072    2.251
21:48:33.839 VLLM::W        1046589 nvme1n1 RS   57806080   131072    2.279
21:48:33.839 VLLM::W        1046589 nvme1n1 RS   57806336   131072    2.313
21:48:33.839 VLLM::W        1046589 nvme1n1 RS   57806592   131072    2.335
21:48:33.839 VLLM::W        1046589 nvme1n1 RS   57810944   131072    2.380
21:48:33.839 VLLM::W        1046589 nvme1n1 RS   57811200   131072    2.408
21:48:33.839 VLLM::W        1046587 nvme1n1 RS   1583521792 131072    1.892
21:48:33.839 VLLM::W        1046587 nvme1n1 RS   1583522048 131072    1.937
21:48:33.839 VLLM::W        1046587 nvme1n1 RS   1583522304 131072    1.972
21:48:33.839 VLLM::W        1046587 nvme1n1 RS   1583522560 131072    2.021
21:48:33.839 VLLM::W        1046587 nvme1n1 RS   1583522816 131072    2.031
21:48:33.839 VLLM::W        1046587 nvme1n1 RS   1583523072 131072    2.102
21:48:33.839 VLLM::W        1046587 nvme1n1 RS   1583523328 131072    2.107
21:48:33.839 VLLM::W        1046587 nvme1n1 RS   1583523584 131072    2.095
21:48:33.839 VLLM::W        1046587 nvme1n1 RS   1583524096 131072    2.153
21:48:33.839 VLLM::W        1046587 nvme1n1 RS   1583523840 131072    2.169
21:48:33.839 VLLM::W        1046587 nvme1n1 RS   1583524352 131072    2.194
21:48:33.840 VLLM::W        1046587 nvme1n1 RS   1583524608 131072    2.224
21:48:33.840 VLLM::W        1046587 nvme1n1 RS   1583524864 131072    2.297
21:48:33.840 VLLM::W        1046587 nvme1n1 RS   1583525120 131072    2.319
21:48:33.840 VLLM::W        1046587 nvme1n1 RS   1583525376 131072    2.325
21:48:33.840 VLLM::W        1046587 nvme1n1 RS   1583525632 131072    2.369
21:48:33.840 VLLM::W        1046587 nvme1n1 RS   1583534336 131072    2.421
21:48:33.840 VLLM::W        1046587 nvme1n1 RS   1583534080 131072    2.437
21:48:33.840 VLLM::W        1046586 nvme1n1 RS   1583771904 131072    1.908
21:48:33.840 VLLM::W        1046586 nvme1n1 RS   1583771648 131072    1.929
21:48:33.840 VLLM::W        1046586 nvme1n1 RS   1583772160 131072    1.936
21:48:33.840 VLLM::W        1046586 nvme1n1 RS   1583772416 131072    1.962
21:48:33.840 VLLM::W        1046586 nvme1n1 RS   1583772672 131072    2.017
21:48:33.840 VLLM::W        1046586 nvme1n1 RS   1583772928 131072    2.029
21:48:33.840 VLLM::W        1046586 nvme1n1 RS   1583773184 131072    2.068
21:48:33.840 VLLM::W        1046586 nvme1n1 RS   1583773440 131072    2.056
21:48:33.840 VLLM::W        1046586 nvme1n1 RS   1583773696 131072    2.086
21:48:33.840 VLLM::W        1046586 nvme1n1 RS   1583773952 131072    2.111
21:48:33.840 VLLM::W        1046586 nvme1n1 RS   1583774208 131072    2.141
21:48:33.840 VLLM::W        1046586 nvme1n1 RS   1583774464 131072    2.186
21:48:33.840 VLLM::W        1046586 nvme1n1 RS   1583774720 131072    2.243
21:48:33.840 VLLM::W        1046586 nvme1n1 RS   1583774976 131072    2.269
21:48:33.840 VLLM::W        1046586 nvme1n1 RS   1583775232 131072    2.296
21:48:33.840 VLLM::W        1046586 nvme1n1 RS   1583788032 131072    2.366
21:48:33.840 VLLM::W        1046586 nvme1n1 RS   1583775488 131072    2.392
21:48:33.840 VLLM::W        1046586 nvme1n1 RS   1583788288 131072    2.405
21:48:33.841 VLLM::W        1046588 nvme1n1 RS   1583767552 131072    1.857
21:48:33.841 VLLM::W        1046588 nvme1n1 RS   1583768064 131072    1.869
21:48:33.841 VLLM::W        1046588 nvme1n1 RS   1583768320 131072    1.912
21:48:33.841 VLLM::W        1046588 nvme1n1 RS   1583767808 131072    1.943
21:48:33.841 VLLM::W        1046588 nvme1n1 RS   1583768576 131072    1.954
21:48:33.841 VLLM::W        1046588 nvme1n1 RS   1583769088 131072    2.026
21:48:33.841 VLLM::W        1046588 nvme1n1 RS   1583768832 131072    2.050
21:48:33.841 VLLM::W        1046588 nvme1n1 RS   1583769344 131072    2.035
21:48:33.841 VLLM::W        1046588 nvme1n1 RS   1583769600 131072    2.048
21:48:33.841 VLLM::W        1046588 nvme1n1 RS   1583770112 131072    2.105
21:48:33.841 VLLM::W        1046588 nvme1n1 RS   1583770368 131072    2.134
21:48:33.841 VLLM::W        1046588 nvme1n1 RS   1583769856 131072    2.182
21:48:33.841 VLLM::W        1046588 nvme1n1 RS   1583771136 131072    2.240
21:48:33.841 VLLM::W        1046588 nvme1n1 RS   1583770624 131072    2.266
21:48:33.841 VLLM::W        1046588 nvme1n1 RS   1583770880 131072    2.276
21:48:33.841 VLLM::W        1046588 nvme1n1 RS   1583771392 131072    2.305
21:48:33.841 VLLM::W        1046588 nvme1n1 RS   1583902720 131072    2.316
21:48:33.841 VLLM::W        1046588 nvme1n1 RS   1583902976 131072    2.417
21:48:33.841 VLLM::W        1046589 nvme1n1 RS   1583776000 131072    1.969
21:48:33.841 VLLM::W        1046589 nvme1n1 RS   1583775744 131072    1.992
21:48:33.841 VLLM::W        1046589 nvme1n1 RS   1583776256 131072    1.993
21:48:33.841 VLLM::W        1046589 nvme1n1 RS   1583776512 131072    2.070
21:48:33.841 VLLM::W        1046589 nvme1n1 RS   1583776768 131072    2.087
21:48:33.841 VLLM::W        1046589 nvme1n1 RS   1583777024 131072    2.093
21:48:33.841 VLLM::W        1046589 nvme1n1 RS   1583777280 131072    2.169
21:48:33.841 VLLM::W        1046589 nvme1n1 RS   1583777792 131072    2.130
21:48:33.841 VLLM::W        1046589 nvme1n1 RS   1583778048 131072    2.172
21:48:33.841 VLLM::W        1046589 nvme1n1 RS   1583777536 131072    2.186
21:48:33.842 VLLM::W        1046589 nvme1n1 RS   1583778304 131072    2.259
21:48:33.842 VLLM::W        1046589 nvme1n1 RS   1583778816 131072    2.273
21:48:33.842 VLLM::W        1046589 nvme1n1 RS   1583779072 131072    2.312
21:48:33.842 VLLM::W        1046589 nvme1n1 RS   1583778560 131072    2.331
21:48:33.842 VLLM::W        1046589 nvme1n1 RS   1583779328 131072    2.390
21:48:33.842 VLLM::W        1046589 nvme1n1 RS   1583779584 131072    2.376
21:48:33.842 VLLM::W        1046589 nvme1n1 RS   1583800320 131072    2.387
21:48:33.842 VLLM::W        1046587 nvme1n1 RS   1583792128 131072    1.889
21:48:33.842 VLLM::W        1046589 nvme1n1 RS   1583800576 131072    2.489
21:48:33.842 VLLM::W        1046587 nvme1n1 RS   1583792384 131072    1.949
21:48:33.842 VLLM::W        1046587 nvme1n1 RS   1583792640 131072    1.973
21:48:33.842 VLLM::W        1046587 nvme1n1 RS   1583792896 131072    1.983
21:48:33.842 VLLM::W        1046587 nvme1n1 RS   1583793152 131072    2.049
21:48:33.842 VLLM::W        1046587 nvme1n1 RS   1583793408 131072    2.072
21:48:33.842 VLLM::W        1046587 nvme1n1 RS   1583793664 131072    2.090
21:48:33.842 VLLM::W        1046587 nvme1n1 RS   1583793920 131072    2.118
21:48:33.842 VLLM::W        1046587 nvme1n1 RS   1583794432 131072    2.136
21:48:33.842 VLLM::W        1046587 nvme1n1 RS   1583794176 131072    2.148
21:48:33.842 VLLM::W        1046587 nvme1n1 RS   1583794688 131072    2.231
21:48:33.842 VLLM::W        1046587 nvme1n1 RS   1583794944 131072    2.253
21:48:33.842 VLLM::W        1046587 nvme1n1 RS   1583795200 131072    2.258
21:48:33.842 VLLM::W        1046587 nvme1n1 RS   1583795712 131072    2.309
21:48:33.842 VLLM::W        1046587 nvme1n1 RS   1583795456 131072    2.331
21:48:33.842 VLLM::W        1046587 nvme1n1 RS   1583795968 131072    2.328
21:48:33.842 VLLM::W        1046587 nvme1n1 RS   1583828992 131072    2.375
21:48:33.842 VLLM::W        1046587 nvme1n1 RS   1583829248 131072    2.414
21:48:33.842 VLLM::W        1046586 nvme1n1 RS   1583804416 131072    1.903
21:48:33.843 VLLM::W        1046586 nvme1n1 RS   1583804672 131072    1.939
21:48:33.843 VLLM::W        1046586 nvme1n1 RS   1583804928 131072    1.948
21:48:33.843 VLLM::W        1046586 nvme1n1 RS   1583805184 131072    1.987
21:48:33.843 VLLM::W        1046586 nvme1n1 RS   1583805440 131072    2.083
21:48:33.843 VLLM::W        1046586 nvme1n1 RS   1583805696 131072    2.101
21:48:33.843 VLLM::W        1046586 nvme1n1 RS   1583805952 131072    2.106
21:48:33.843 VLLM::W        1046586 nvme1n1 RS   1583806208 131072    2.119
21:48:33.843 VLLM::W        1046586 nvme1n1 RS   1583806464 131072    2.129
21:48:33.843 VLLM::W        1046586 nvme1n1 RS   1583806720 131072    2.157
21:48:33.843 VLLM::W        1046586 nvme1n1 RS   1583806976 131072    2.192
21:48:33.843 VLLM::W        1046586 nvme1n1 RS   1583807232 131072    2.228
21:48:33.843 VLLM::W        1046586 nvme1n1 RS   1583807488 131072    2.261
21:48:33.843 VLLM::W        1046586 nvme1n1 RS   1583807744 131072    2.293
21:48:33.843 VLLM::W        1046586 nvme1n1 RS   1583808000 131072    2.327
21:48:33.843 VLLM::W        1046586 nvme1n1 RS   1583841280 131072    2.377
21:48:33.843 VLLM::W        1046586 nvme1n1 RS   1583841536 131072    2.422
21:48:33.843 VLLM::W        1046586 nvme1n1 RS   1583808256 131072    2.440
21:48:33.843 VLLM::W        1046588 nvme1n1 RS   1583824896 131072    1.920
21:48:33.843 VLLM::W        1046588 nvme1n1 RS   1583825664 131072    1.939
21:48:33.843 VLLM::W        1046588 nvme1n1 RS   1583825152 131072    1.951
21:48:33.843 VLLM::W        1046588 nvme1n1 RS   1583825408 131072    1.949
21:48:33.843 VLLM::W        1046588 nvme1n1 RS   1583825920 131072    1.957
21:48:33.843 VLLM::W        1046588 nvme1n1 RS   1583826176 131072    2.047
21:48:33.843 VLLM::W        1046588 nvme1n1 RS   1583826432 131072    2.060
21:48:33.843 VLLM::W        1046588 nvme1n1 RS   1583826688 131072    2.038
21:48:33.843 VLLM::W        1046588 nvme1n1 RS   1583826944 131072    2.050
21:48:33.844 VLLM::W        1046588 nvme1n1 RS   1583827712 131072    2.135
21:48:33.844 VLLM::W        1046588 nvme1n1 RS   1583827200 131072    2.160
21:48:33.844 VLLM::W        1046588 nvme1n1 RS   1583827456 131072    2.171
21:48:33.844 VLLM::W        1046588 nvme1n1 RS   1583827968 131072    2.199
21:48:33.844 VLLM::W        1046588 nvme1n1 RS   1583828224 131072    2.269
21:48:33.844 VLLM::W        1046588 nvme1n1 RS   1583828480 131072    2.279
21:48:33.844 VLLM::W        1046589 nvme1n1 RS   1583783936 131072    1.783
21:48:33.844 VLLM::W        1046588 nvme1n1 RS   1583828736 131072    2.356
21:48:33.844 VLLM::W        1046589 nvme1n1 RS   1583784448 131072    1.877
21:48:33.844 VLLM::W        1046588 nvme1n1 RS   1583853568 131072    2.469
21:48:33.844 VLLM::W        1046589 nvme1n1 RS   1583784704 131072    1.921
21:48:33.844 VLLM::W        1046589 nvme1n1 RS   1583784192 131072    1.941
21:48:33.844 VLLM::W        1046588 nvme1n1 RS   1583853824 131072    2.573
21:48:33.844 VLLM::W        1046589 nvme1n1 RS   1583785216 131072    2.021
21:48:33.844 VLLM::W        1046589 nvme1n1 RS   1583785472 131072    2.034
21:48:33.844 VLLM::W        1046589 nvme1n1 RS   1583784960 131072    2.052
21:48:33.844 VLLM::W        1046589 nvme1n1 RS   1583785728 131072    2.089
21:48:33.844 VLLM::W        1046589 nvme1n1 RS   1583785984 131072    2.107
21:48:33.844 VLLM::W        1046589 nvme1n1 RS   1583786240 131072    2.117
21:48:33.844 VLLM::W        1046589 nvme1n1 RS   1583786496 131072    2.170
21:48:33.844 VLLM::W        1046589 nvme1n1 RS   1583786752 131072    2.181
21:48:33.844 VLLM::W        1046589 nvme1n1 RS   1583787008 131072    2.235
21:48:33.844 VLLM::W        1046589 nvme1n1 RS   1583787264 131072    2.259
21:48:33.844 VLLM::W        1046589 nvme1n1 RS   1583787520 131072    2.265
21:48:33.844 VLLM::W        1046589 nvme1n1 RS   1583787776 131072    2.291
21:48:33.844 VLLM::W        1046589 nvme1n1 RS   1583820800 131072    2.325
21:48:33.844 VLLM::W        1046589 nvme1n1 RS   1583821056 131072    2.398
21:48:33.844 VLLM::W        1046587 nvme1n1 RS   1583779840 131072    1.912
21:48:33.844 VLLM::W        1046587 nvme1n1 RS   1583780096 131072    1.921
21:48:33.845 VLLM::W        1046587 nvme1n1 RS   1583780352 131072    1.949
21:48:33.845 VLLM::W        1046587 nvme1n1 RS   1583780608 131072    1.979
21:48:33.845 VLLM::W        1046587 nvme1n1 RS   1583780864 131072    2.019
21:48:33.845 VLLM::W        1046587 nvme1n1 RS   1583781120 131072    2.093
21:48:33.845 VLLM::W        1046587 nvme1n1 RS   1583781376 131072    2.105
21:48:33.845 VLLM::W        1046587 nvme1n1 RS   1583781888 131072    2.120
21:48:33.845 VLLM::W        1046587 nvme1n1 RS   1583781632 131072    2.159
21:48:33.845 VLLM::W        1046587 nvme1n1 RS   1583782144 131072    2.169
21:48:33.845 VLLM::W        1046587 nvme1n1 RS   1583782400 131072    2.213
21:48:33.845 VLLM::W        1046587 nvme1n1 RS   1583782656 131072    2.240
21:48:33.845 VLLM::W        1046587 nvme1n1 RS   1583782912 131072    2.269
21:48:33.845 VLLM::W        1046587 nvme1n1 RS   1583783168 131072    2.307
21:48:33.845 VLLM::W        1046587 nvme1n1 RS   1583783424 131072    2.330
21:48:33.845 VLLM::W        1046587 nvme1n1 RS   1583783680 131072    2.349
21:48:33.845 VLLM::W        1046587 nvme1n1 RS   1583816704 131072    2.386
21:48:33.845 VLLM::W        1046587 nvme1n1 RS   1583816960 131072    2.418
21:48:33.845 VLLM::W        1046586 nvme1n1 RS   1583833088 131072    1.895
21:48:33.845 VLLM::W        1046586 nvme1n1 RS   1583833344 131072    1.932
21:48:33.845 VLLM::W        1046586 nvme1n1 RS   1583833600 131072    1.976
21:48:33.845 VLLM::W        1046586 nvme1n1 RS   1583833856 131072    1.996
21:48:33.845 VLLM::W        1046586 nvme1n1 RS   1583834112 131072    2.040
21:48:33.845 VLLM::W        1046586 nvme1n1 RS   1583834368 131072    2.094
21:48:33.845 VLLM::W        1046586 nvme1n1 RS   1583834624 131072    2.106
21:48:33.845 VLLM::W        1046586 nvme1n1 RS   1583834880 131072    2.086
21:48:33.845 VLLM::W        1046586 nvme1n1 RS   1583835392 131072    2.167
21:48:33.845 VLLM::W        1046586 nvme1n1 RS   1583835136 131072    2.190
21:48:33.845 VLLM::W        1046586 nvme1n1 RS   1583835648 131072    2.176
21:48:33.846 VLLM::W        1046586 nvme1n1 RS   1583835904 131072    2.232
21:48:33.846 VLLM::W        1046586 nvme1n1 RS   1583836160 131072    2.260
21:48:33.846 VLLM::W        1046586 nvme1n1 RS   1583836416 131072    2.291
21:48:33.846 VLLM::W        1046586 nvme1n1 RS   1583836672 131072    2.319
21:48:33.846 VLLM::W        1046586 nvme1n1 RS   1583836928 131072    2.371
21:48:33.846 VLLM::W        1046586 nvme1n1 RS   1583857920 131072    2.403
21:48:33.846 VLLM::W        1046586 nvme1n1 RS   1583857664 131072    2.418
21:48:33.846 VLLM::W        1046588 nvme1n1 RS   1583812864 131072    1.739
21:48:33.846 VLLM::W        1046588 nvme1n1 RS   1583812608 131072    1.747
21:48:33.846 VLLM::W        1046588 nvme1n1 RS   1583813120 131072    1.760
21:48:33.846 VLLM::W        1046588 nvme1n1 RS   1583813376 131072    1.805
21:48:33.846 VLLM::W        1046588 nvme1n1 RS   1583813632 131072    1.814
21:48:33.846 VLLM::W        1046588 nvme1n1 RS   1583813888 131072    1.859
21:48:33.846 VLLM::W        1046588 nvme1n1 RS   1583814144 131072    1.863
21:48:33.846 VLLM::W        1046588 nvme1n1 RS   1583814656 131072    1.888
21:48:33.846 VLLM::W        1046588 nvme1n1 RS   1583814400 131072    1.912
21:48:33.846 VLLM::W        1046588 nvme1n1 RS   1583814912 131072    1.933
21:48:33.846 VLLM::W        1046588 nvme1n1 RS   1583815168 131072    1.944
21:48:33.846 VLLM::W        1046588 nvme1n1 RS   1583815424 131072    1.972
21:48:33.846 VLLM::W        1046588 nvme1n1 RS   1583815680 131072    2.040
21:48:33.846 VLLM::W        1046588 nvme1n1 RS   1583815936 131072    2.059
21:48:33.846 VLLM::W        1046588 nvme1n1 RS   1583816192 131072    2.070
21:48:33.846 VLLM::W        1046588 nvme1n1 RS   1583816448 131072    2.103
21:48:33.846 VLLM::W        1046588 nvme1n1 RS   1583849472 131072    2.157
21:48:33.846 VLLM::W        1046588 nvme1n1 RS   1583849728 131072    2.169
21:48:33.846 VLLM::W        1046589 nvme1n1 RS   1583808512 131072    1.893
21:48:33.847 VLLM::W        1046589 nvme1n1 RS   1583808768 131072    1.925
21:48:33.847 VLLM::W        1046589 nvme1n1 RS   1583809024 131072    1.959
21:48:33.847 VLLM::W        1046589 nvme1n1 RS   1583809280 131072    1.998
21:48:33.847 VLLM::W        1046589 nvme1n1 RS   1583809536 131072    2.011
21:48:33.847 VLLM::W        1046589 nvme1n1 RS   1583809792 131072    2.055
21:48:33.847 VLLM::W        1046589 nvme1n1 RS   1583810048 131072    2.115
21:48:33.847 VLLM::W        1046589 nvme1n1 RS   1583810304 131072    2.085
21:48:33.847 VLLM::W        1046589 nvme1n1 RS   1583810560 131072    2.118
21:48:33.847 VLLM::W        1046589 nvme1n1 RS   1583810816 131072    2.159
21:48:33.847 VLLM::W        1046589 nvme1n1 RS   1583811072 131072    2.187
21:48:33.847 VLLM::W        1046589 nvme1n1 RS   1583811328 131072    2.215
21:48:33.847 VLLM::W        1046589 nvme1n1 RS   1583811584 131072    2.264
21:48:33.847 VLLM::W        1046589 nvme1n1 RS   1583811840 131072    2.301
21:48:33.847 VLLM::W        1046589 nvme1n1 RS   1583812096 131072    2.341
21:48:33.847 VLLM::W        1046589 nvme1n1 RS   1583812352 131072    2.343
21:48:33.847 VLLM::W        1046589 nvme1n1 RS   1583845376 131072    2.379
21:48:33.847 VLLM::W        1046589 nvme1n1 RS   1583845632 131072    2.410
21:48:33.847 VLLM::W        1046587 nvme1n1 RS   1583796224 131072    1.923
21:48:33.847 VLLM::W        1046587 nvme1n1 RS   1583796480 131072    1.953
21:48:33.847 VLLM::W        1046587 nvme1n1 RS   1583796736 131072    1.983
21:48:33.847 VLLM::W        1046587 nvme1n1 RS   1583796992 131072    2.041
21:48:33.847 VLLM::W        1046587 nvme1n1 RS   1583797248 131072    2.052
21:48:33.847 VLLM::W        1046587 nvme1n1 RS   1583797504 131072    2.114
21:48:33.847 VLLM::W        1046587 nvme1n1 RS   1583797760 131072    2.124
21:48:33.847 VLLM::W        1046587 nvme1n1 RS   1583798016 131072    2.145
21:48:33.847 VLLM::W        1046587 nvme1n1 RS   1583798272 131072    2.156
21:48:33.848 VLLM::W        1046587 nvme1n1 RS   1583798784 131072    2.250
21:48:33.848 VLLM::W        1046587 nvme1n1 RS   1583798528 131072    2.272
21:48:33.848 VLLM::W        1046587 nvme1n1 RS   1583799040 131072    2.292
21:48:33.848 VLLM::W        1046587 nvme1n1 RS   1583799296 131072    2.298
21:48:33.848 VLLM::W        1046587 nvme1n1 RS   1583799552 131072    2.358
21:48:33.848 VLLM::W        1046587 nvme1n1 RS   1583799808 131072    2.392
21:48:33.848 VLLM::W        1046587 nvme1n1 RS   1583800064 131072    2.408
21:48:33.848 VLLM::W        1046587 nvme1n1 RS   1583837184 131072    2.438
21:48:33.848 VLLM::W        1046586 nvme1n1 RS   1584046080 131072    1.928
21:48:33.848 VLLM::W        1046586 nvme1n1 RS   1584046336 131072    1.950
21:48:33.848 VLLM::W        1046587 nvme1n1 RS   1583837440 131072    2.552
21:48:33.848 VLLM::W        1046586 nvme1n1 RS   1584046848 131072    2.016
21:48:33.848 VLLM::W        1046586 nvme1n1 RS   1584046592 131072    2.059
21:48:33.848 VLLM::W        1046586 nvme1n1 RS   1584047104 131072    2.065
21:48:33.848 VLLM::W        1046586 nvme1n1 RS   1584047360 131072    2.099
21:48:33.848 VLLM::W        1046586 nvme1n1 RS   1584047616 131072    2.137
21:48:33.848 VLLM::W        1046586 nvme1n1 RS   1584047872 131072    2.146
21:48:33.848 VLLM::W        1046586 nvme1n1 RS   1584048384 131072    2.191
21:48:33.848 VLLM::W        1046586 nvme1n1 RS   1584048128 131072    2.219
21:48:33.848 VLLM::W        1046586 nvme1n1 RS   1584048640 131072    2.222
21:48:33.848 VLLM::W        1046586 nvme1n1 RS   1584048896 131072    2.246
21:48:33.848 VLLM::W        1046586 nvme1n1 RS   1584049408 131072    2.305
21:48:33.848 VLLM::W        1046586 nvme1n1 RS   1584049152 131072    2.316
21:48:33.848 VLLM::W        1046586 nvme1n1 RS   1584049664 131072    2.371
21:48:33.848 VLLM::W        1046586 nvme1n1 RS   1584049920 131072    2.373
21:48:33.848 VLLM::W        1046586 nvme1n1 RS   1584091136 131072    2.406
21:48:33.848 VLLM::W        1046586 nvme1n1 RS   1584091392 131072    2.485
21:48:33.849 VLLM::W        1046588 nvme1n1 RS   1584050432 131072    1.909
21:48:33.849 VLLM::W        1046588 nvme1n1 RS   1584050176 131072    1.956
21:48:33.849 VLLM::W        1046588 nvme1n1 RS   1584050944 131072    1.970
21:48:33.849 VLLM::W        1046588 nvme1n1 RS   1584050688 131072    2.048
21:48:33.849 VLLM::W        1046588 nvme1n1 RS   1584051456 131072    2.065
21:48:33.849 VLLM::W        1046588 nvme1n1 RS   1584051712 131072    2.078
21:48:33.849 VLLM::W        1046588 nvme1n1 RS   1584051200 131072    2.117
21:48:33.849 VLLM::W        1046588 nvme1n1 RS   1584051968 131072    2.157
21:48:33.849 VLLM::W        1046588 nvme1n1 RS   1584052224 131072    2.167
21:48:33.849 VLLM::W        1046588 nvme1n1 RS   1584052480 131072    2.184
21:48:33.849 VLLM::W        1046588 nvme1n1 RS   1584052736 131072    2.205
21:48:33.849 VLLM::W        1046588 nvme1n1 RS   1584052992 131072    2.210
21:48:33.849 VLLM::W        1046588 nvme1n1 RS   1584053248 131072    2.240
21:48:33.849 VLLM::W        1046588 nvme1n1 RS   1584053504 131072    2.274
21:48:33.849 VLLM::W        1046588 nvme1n1 RS   1584053760 131072    2.284
21:48:33.849 VLLM::W        1046588 nvme1n1 RS   1584054016 131072    2.358
21:48:33.849 VLLM::W        1046588 nvme1n1 RS   1584082944 131072    2.376
21:48:33.849 VLLM::W        1046588 nvme1n1 RS   1584083200 131072    2.389
21:48:33.849 VLLM::W        1046589 nvme1n1 RS   1584062464 131072    2.003
21:48:33.849 VLLM::W        1046589 nvme1n1 RS   1584062976 131072    2.021
21:48:33.849 VLLM::W        1046589 nvme1n1 RS   1584062720 131072    2.038
21:48:33.849 VLLM::W        1046589 nvme1n1 RS   1584063232 131072    2.054
21:48:33.849 VLLM::W        1046589 nvme1n1 RS   1584063488 131072    2.074
21:48:33.849 VLLM::W        1046589 nvme1n1 RS   1584063744 131072    2.124
21:48:33.849 VLLM::W        1046589 nvme1n1 RS   1584064000 131072    2.139
21:48:33.849 VLLM::W        1046589 nvme1n1 RS   1584064256 131072    2.149
21:48:33.849 VLLM::W        1046589 nvme1n1 RS   1584064512 131072    2.174
21:48:33.849 VLLM::W        1046589 nvme1n1 RS   1584064768 131072    2.202
21:48:33.850 VLLM::W        1046589 nvme1n1 RS   1584065024 131072    2.230
21:48:33.850 VLLM::W        1046589 nvme1n1 RS   1584065280 131072    2.256
21:48:33.850 VLLM::W        1046589 nvme1n1 RS   1584065536 131072    2.309
21:48:33.850 VLLM::W        1046589 nvme1n1 RS   1584065792 131072    2.350
21:48:33.850 VLLM::W        1046589 nvme1n1 RS   1584066048 131072    2.357
21:48:33.850 VLLM::W        1046589 nvme1n1 RS   1584066304 131072    2.409
21:48:33.850 VLLM::W        1046589 nvme1n1 RS   1584087040 131072    2.421
21:48:33.850 VLLM::W        1046589 nvme1n1 RS   1584087296 131072    2.459
21:48:33.850 VLLM::W        1046587 nvme1n1 RS   57917440   131072    1.824
21:48:33.850 VLLM::W        1046587 nvme1n1 RS   57917696   131072    1.848
21:48:33.850 VLLM::W        1046587 nvme1n1 RS   57917952   131072    1.884
21:48:33.850 VLLM::W        1046587 nvme1n1 RS   57918208   131072    1.930
21:48:33.850 VLLM::W        1046587 nvme1n1 RS   57918464   131072    1.975
21:48:33.850 VLLM::W        1046587 nvme1n1 RS   57918720   131072    2.009
21:48:33.850 VLLM::W        1046587 nvme1n1 RS   57918976   131072    2.021
21:48:33.850 VLLM::W        1046587 nvme1n1 RS   57919232   131072    2.012
21:48:33.850 VLLM::W        1046587 nvme1n1 RS   57919488   131072    2.043
21:48:33.850 VLLM::W        1046587 nvme1n1 RS   57919744   131072    2.076
21:48:33.850 VLLM::W        1046587 nvme1n1 RS   57920000   131072    2.111
21:48:33.850 VLLM::W        1046587 nvme1n1 RS   57920256   131072    2.139
21:48:33.850 VLLM::W        1046587 nvme1n1 RS   57920512   131072    2.176
21:48:33.850 VLLM::W        1046587 nvme1n1 RS   57920768   131072    2.205
21:48:33.850 VLLM::W        1046587 nvme1n1 RS   57921024   131072    2.244
21:48:33.850 VLLM::W        1046587 nvme1n1 RS   57921280   131072    2.272
21:48:33.850 VLLM::W        1046587 nvme1n1 RS   57921536   131072    2.302
21:48:33.850 VLLM::W        1046586 nvme1n1 RS   57942016   131072    1.867
21:48:33.851 VLLM::W        1046587 nvme1n1 RS   57921792   131072    2.426
21:48:33.851 VLLM::W        1046586 nvme1n1 RS   57942272   131072    1.917
21:48:33.851 VLLM::W        1046586 nvme1n1 RS   57942784   131072    1.976
21:48:33.851 VLLM::W        1046586 nvme1n1 RS   57942528   131072    2.004
21:48:33.851 VLLM::W        1046586 nvme1n1 RS   57943040   131072    2.007
21:48:33.851 VLLM::W        1046586 nvme1n1 RS   57943296   131072    2.076
21:48:33.851 VLLM::W        1046586 nvme1n1 RS   57943552   131072    2.088
21:48:33.851 VLLM::W        1046586 nvme1n1 RS   57944064   131072    2.127
21:48:33.851 VLLM::W        1046586 nvme1n1 RS   57943808   131072    2.145
21:48:33.851 VLLM::W        1046586 nvme1n1 RS   57944320   131072    2.152
21:48:33.851 VLLM::W        1046586 nvme1n1 RS   57944576   131072    2.180
21:48:33.851 VLLM::W        1046586 nvme1n1 RS   57944832   131072    2.214
21:48:33.851 VLLM::W        1046586 nvme1n1 RS   57945088   131072    2.267
21:48:33.851 VLLM::W        1046586 nvme1n1 RS   57945344   131072    2.277
21:48:33.851 VLLM::W        1046586 nvme1n1 RS   57945600   131072    2.308
21:48:33.851 VLLM::W        1046586 nvme1n1 RS   57945856   131072    2.338
21:48:33.851 VLLM::W        1046586 nvme1n1 RS   57946112   131072    2.391
21:48:33.851 VLLM::W        1046586 nvme1n1 RS   57946368   131072    2.424
21:48:33.851 VLLM::W        1046588 nvme1n1 RS   1584070912 131072    1.919
21:48:33.851 VLLM::W        1046588 nvme1n1 RS   1584070656 131072    1.947
21:48:33.851 VLLM::W        1046588 nvme1n1 RS   1584071168 131072    1.948
21:48:33.851 VLLM::W        1046588 nvme1n1 RS   1584071424 131072    1.987
21:48:33.851 VLLM::W        1046588 nvme1n1 RS   1584071680 131072    2.095
21:48:33.851 VLLM::W        1046588 nvme1n1 RS   1584071936 131072    2.101
21:48:33.851 VLLM::W        1046588 nvme1n1 RS   1584072192 131072    2.117
21:48:33.851 VLLM::W        1046588 nvme1n1 RS   1584072448 131072    2.078
21:48:33.851 VLLM::W        1046588 nvme1n1 RS   1584072704 131072    2.120
21:48:33.851 VLLM::W        1046588 nvme1n1 RS   1584072960 131072    2.131
21:48:33.851 VLLM::W        1046588 nvme1n1 RS   1584073216 131072    2.163
21:48:33.852 VLLM::W        1046588 nvme1n1 RS   1584073472 131072    2.201
21:48:33.852 VLLM::W        1046588 nvme1n1 RS   1584073728 131072    2.231
21:48:33.852 VLLM::W        1046588 nvme1n1 RS   1584073984 131072    2.268
21:48:33.852 VLLM::W        1046588 nvme1n1 RS   1584074240 131072    2.334
21:48:33.852 VLLM::W        1046588 nvme1n1 RS   1584074496 131072    2.331
21:48:33.852 VLLM::W        1046588 nvme1n1 RS   1584095232 131072    2.372
21:48:33.852 VLLM::W        1046588 nvme1n1 RS   1584095488 131072    2.383
21:48:33.852 VLLM::W        1046589 nvme1n1 RS   1584078848 131072    1.933
21:48:33.852 VLLM::W        1046589 nvme1n1 RS   1584079104 131072    1.971
21:48:33.852 VLLM::W        1046589 nvme1n1 RS   1584079360 131072    1.981
21:48:33.852 VLLM::W        1046589 nvme1n1 RS   1584079616 131072    2.013
21:48:33.852 VLLM::W        1046589 nvme1n1 RS   1584079872 131072    2.066
21:48:33.852 VLLM::W        1046589 nvme1n1 RS   1584080128 131072    2.078
21:48:33.852 VLLM::W        1046589 nvme1n1 RS   1584080384 131072    2.110
21:48:33.852 VLLM::W        1046589 nvme1n1 RS   1584080640 131072    2.141
21:48:33.852 VLLM::W        1046589 nvme1n1 RS   1584080896 131072    2.171
21:48:33.852 VLLM::W        1046589 nvme1n1 RS   1584081152 131072    2.183
21:48:33.852 VLLM::W        1046589 nvme1n1 RS   1584081408 131072    2.210
21:48:33.852 VLLM::W        1046589 nvme1n1 RS   1584081664 131072    2.239
21:48:33.852 VLLM::W        1046589 nvme1n1 RS   1584081920 131072    2.272
21:48:33.852 VLLM::W        1046589 nvme1n1 RS   1584082176 131072    2.304
21:48:33.852 VLLM::W        1046589 nvme1n1 RS   1584082432 131072    2.338
21:48:33.852 VLLM::W        1046589 nvme1n1 RS   1584082688 131072    2.362
21:48:33.852 VLLM::W        1046589 nvme1n1 RS   1584103424 131072    2.396
21:48:33.852 VLLM::W        1046589 nvme1n1 RS   1584103680 131072    2.451
21:48:33.852 VLLM::W        1046587 nvme1n1 RS   1584066560 131072    1.857
21:48:33.853 VLLM::W        1046587 nvme1n1 RS   1584066816 131072    1.866
21:48:33.853 VLLM::W        1046587 nvme1n1 RS   1584067072 131072    1.896
21:48:33.853 VLLM::W        1046587 nvme1n1 RS   1584067328 131072    1.924
21:48:33.853 VLLM::W        1046587 nvme1n1 RS   1584067584 131072    1.987
21:48:33.853 VLLM::W        1046587 nvme1n1 RS   1584067840 131072    2.023
21:48:33.853 VLLM::W        1046587 nvme1n1 RS   1584068096 131072    2.037
21:48:33.853 VLLM::W        1046587 nvme1n1 RS   1584068352 131072    2.057
21:48:33.853 VLLM::W        1046587 nvme1n1 RS   1584068608 131072    2.087
21:48:33.853 VLLM::W        1046587 nvme1n1 RS   1584068864 131072    2.126
21:48:33.853 VLLM::W        1046587 nvme1n1 RS   1584069120 131072    2.136
21:48:33.853 VLLM::W        1046587 nvme1n1 RS   1584069376 131072    2.229
21:48:33.853 VLLM::W        1046587 nvme1n1 RS   1584069632 131072    2.247
21:48:33.853 VLLM::W        1046587 nvme1n1 RS   1584069888 131072    2.267
21:48:33.853 VLLM::W        1046587 nvme1n1 RS   1584070144 131072    2.278
21:48:33.853 VLLM::W        1046587 nvme1n1 RS   1584070400 131072    2.300
21:48:33.853 VLLM::W        1046587 nvme1n1 RS   1584099328 131072    2.336
21:48:33.853 VLLM::W        1046587 nvme1n1 RS   1584099584 131072    2.372
21:48:33.853 VLLM::W        1046586 nvme1n1 RS   1584328704 131072    1.948
21:48:33.853 VLLM::W        1046586 nvme1n1 RS   1584328960 131072    1.982
21:48:33.853 VLLM::W        1046586 nvme1n1 RS   1584329216 131072    2.003
21:48:33.853 VLLM::W        1046586 nvme1n1 RS   1584329728 131072    2.057
21:48:33.853 VLLM::W        1046586 nvme1n1 RS   1584329984 131072    2.104
21:48:33.853 VLLM::W        1046586 nvme1n1 RS   1584330240 131072    2.117
21:48:33.853 VLLM::W        1046586 nvme1n1 RS   1584329472 131072    2.138
21:48:33.853 VLLM::W        1046586 nvme1n1 RS   1584330496 131072    2.120
21:48:33.853 VLLM::W        1046586 nvme1n1 RS   1584331008 131072    2.161
21:48:33.853 VLLM::W        1046586 nvme1n1 RS   1584331264 131072    2.189
21:48:33.854 VLLM::W        1046586 nvme1n1 RS   1584331520 131072    2.229
21:48:33.854 VLLM::W        1046586 nvme1n1 RS   1584330752 131072    2.267
21:48:33.854 VLLM::W        1046586 nvme1n1 RS   1584332032 131072    2.298
21:48:33.854 VLLM::W        1046586 nvme1n1 RS   1584332288 131072    2.338
21:48:33.854 VLLM::W        1046586 nvme1n1 RS   1584331776 131072    2.357
21:48:33.854 VLLM::W        1046586 nvme1n1 RS   1584431104 131072    2.383
21:48:33.854 VLLM::W        1046586 nvme1n1 RS   1584332544 131072    2.410
21:48:33.854 VLLM::W        1046586 nvme1n1 RS   1584431360 131072    2.418
21:48:33.854 VLLM::W        1046588 nvme1n1 RS   1584410624 131072    1.892
21:48:33.854 VLLM::W        1046588 nvme1n1 RS   1584411136 131072    1.958
21:48:33.854 VLLM::W        1046588 nvme1n1 RS   1584410880 131072    1.993
21:48:33.854 VLLM::W        1046588 nvme1n1 RS   1584411392 131072    2.006
21:48:33.854 VLLM::W        1046588 nvme1n1 RS   1584411648 131072    2.056
21:48:33.854 VLLM::W        1046588 nvme1n1 RS   1584411904 131072    2.080
21:48:33.854 VLLM::W        1046588 nvme1n1 RS   1584412160 131072    2.084
21:48:33.854 VLLM::W        1046588 nvme1n1 RS   1584412416 131072    2.051
21:48:33.854 VLLM::W        1046588 nvme1n1 RS   1584412672 131072    2.133
21:48:33.854 VLLM::W        1046588 nvme1n1 RS   1584412928 131072    2.149
21:48:33.854 VLLM::W        1046588 nvme1n1 RS   1584413184 131072    2.159
21:48:33.854 VLLM::W        1046588 nvme1n1 RS   1584413440 131072    2.187
21:48:33.854 VLLM::W        1046588 nvme1n1 RS   1584413696 131072    2.219
21:48:33.854 VLLM::W        1046588 nvme1n1 RS   1584413952 131072    2.253
21:48:33.854 VLLM::W        1046588 nvme1n1 RS   1584414208 131072    2.287
21:48:33.854 VLLM::W        1046588 nvme1n1 RS   1584414464 131072    2.327
21:48:33.854 VLLM::W        1046588 nvme1n1 RS   1584435200 131072    2.370
21:48:33.854 VLLM::W        1046588 nvme1n1 RS   1584435456 131072    2.374
21:48:33.855 VLLM::W        1046589 nvme1n1 RS   1584312576 131072    1.960
21:48:33.855 VLLM::W        1046589 nvme1n1 RS   1584312320 131072    1.978
21:48:33.855 VLLM::W        1046589 nvme1n1 RS   1584312832 131072    1.984
21:48:33.855 VLLM::W        1046589 nvme1n1 RS   1584313088 131072    2.079
21:48:33.855 VLLM::W        1046589 nvme1n1 RS   1584313344 131072    2.109
21:48:33.855 VLLM::W        1046589 nvme1n1 RS   1584313600 131072    2.116
21:48:33.855 VLLM::W        1046589 nvme1n1 RS   1584313856 131072    2.132
21:48:33.855 VLLM::W        1046589 nvme1n1 RS   1584314112 131072    2.104
21:48:33.855 VLLM::W        1046589 nvme1n1 RS   1584314368 131072    2.133
21:48:33.855 VLLM::W        1046589 nvme1n1 RS   1584314624 131072    2.179
21:48:33.855 VLLM::W        1046589 nvme1n1 RS   1584314880 131072    2.221
21:48:33.855 VLLM::W        1046589 nvme1n1 RS   1584315136 131072    2.232
21:48:33.855 VLLM::W        1046589 nvme1n1 RS   1584315392 131072    2.269
21:48:33.855 VLLM::W        1046589 nvme1n1 RS   1584315648 131072    2.312
21:48:33.855 VLLM::W        1046589 nvme1n1 RS   1584315904 131072    2.358
21:48:33.855 VLLM::W        1046589 nvme1n1 RS   1584316160 131072    2.359
21:48:33.855 VLLM::W        1046589 nvme1n1 RS   1584320512 131072    2.398
21:48:33.855 VLLM::W        1046589 nvme1n1 RS   1584320768 131072    2.428
21:48:33.855 VLLM::W        1046587 nvme1n1 RS   1584660480 131072    1.911
21:48:33.855 VLLM::W        1046587 nvme1n1 RS   1584660736 131072    1.944
21:48:33.855 VLLM::W        1046587 nvme1n1 RS   1584660992 131072    1.981
21:48:33.855 VLLM::W        1046587 nvme1n1 RS   1584661248 131072    2.032
21:48:33.855 VLLM::W        1046587 nvme1n1 RS   1584661504 131072    2.088
21:48:33.855 VLLM::W        1046587 nvme1n1 RS   1584661760 131072    2.111
21:48:33.855 VLLM::W        1046587 nvme1n1 RS   1584662016 131072    2.123
21:48:33.855 VLLM::W        1046587 nvme1n1 RS   1584662272 131072    2.126
21:48:33.855 VLLM::W        1046587 nvme1n1 RS   1584662528 131072    2.159
21:48:33.855 VLLM::W        1046587 nvme1n1 RS   1584662784 131072    2.187
21:48:33.856 VLLM::W        1046587 nvme1n1 RS   1584663040 131072    2.250
21:48:33.856 VLLM::W        1046587 nvme1n1 RS   1584663296 131072    2.304
21:48:33.856 VLLM::W        1046587 nvme1n1 RS   1584663552 131072    2.330
21:48:33.856 VLLM::W        1046587 nvme1n1 RS   1584663808 131072    2.359
21:48:33.856 VLLM::W        1046587 nvme1n1 RS   1584664064 131072    2.389
21:48:33.856 VLLM::W        1046587 nvme1n1 RS   1584664576 131072    2.411
21:48:33.856 VLLM::W        1046587 nvme1n1 RS   1584664832 131072    2.459
21:48:33.856 VLLM::W        1046587 nvme1n1 RS   1584664320 131072    2.477
21:48:33.856 VLLM::W        1046586 nvme1n1 RS   1584316672 131072    1.943
21:48:33.856 VLLM::W        1046586 nvme1n1 RS   1584316416 131072    1.954
21:48:33.856 VLLM::W        1046586 nvme1n1 RS   1584316928 131072    1.983
21:48:33.856 VLLM::W        1046586 nvme1n1 RS   1584317184 131072    2.013
21:48:33.856 VLLM::W        1046586 nvme1n1 RS   1584317696 131072    2.096
21:48:33.856 VLLM::W        1046586 nvme1n1 RS   1584317440 131072    2.130
21:48:33.856 VLLM::W        1046586 nvme1n1 RS   1584317952 131072    2.136
21:48:33.856 VLLM::W        1046586 nvme1n1 RS   1584318208 131072    2.132
21:48:33.856 VLLM::W        1046586 nvme1n1 RS   1584318464 131072    2.176
21:48:33.856 VLLM::W        1046586 nvme1n1 RS   1584318720 131072    2.232
21:48:33.856 VLLM::W        1046586 nvme1n1 RS   1584318976 131072    2.285
21:48:33.856 VLLM::W        1046586 nvme1n1 RS   1584319232 131072    2.296
21:48:33.856 VLLM::W        1046586 nvme1n1 RS   1584319488 131072    2.399
21:48:33.856 VLLM::W        1046586 nvme1n1 RS   1584320000 131072    2.408
21:48:33.856 VLLM::W        1046586 nvme1n1 RS   1584320256 131072    2.423
21:48:33.856 VLLM::W        1046586 nvme1n1 RS   1584319744 131072    2.489
21:48:33.856 VLLM::W        1046586 nvme1n1 RS   1584414976 131072    2.474
21:48:33.857 VLLM::W        1046588 nvme1n1 RS   1584427520 131072    1.960
21:48:33.857 VLLM::W        1046588 nvme1n1 RS   1584427776 131072    1.999
21:48:33.857 VLLM::W        1046586 nvme1n1 RS   1584414720 131072    2.612
21:48:33.857 VLLM::W        1046588 nvme1n1 RS   1584427008 131072    2.067
21:48:33.857 VLLM::W        1046588 nvme1n1 RS   1584427264 131072    2.075
21:48:33.857 VLLM::W        1046588 nvme1n1 RS   1584428800 131072    2.113
21:48:33.857 VLLM::W        1046588 nvme1n1 RS   1584428032 131072    2.183
21:48:33.857 VLLM::W        1046588 nvme1n1 RS   1584428288 131072    2.190
21:48:33.857 VLLM::W        1046588 nvme1n1 RS   1584429056 131072    2.202
21:48:33.857 VLLM::W        1046588 nvme1n1 RS   1584429312 131072    2.218
21:48:33.857 VLLM::W        1046588 nvme1n1 RS   1584428544 131072    2.272
21:48:33.857 VLLM::W        1046588 nvme1n1 RS   1584429824 131072    2.301
21:48:33.857 VLLM::W        1046588 nvme1n1 RS   1584430080 131072    2.317
21:48:33.857 VLLM::W        1046588 nvme1n1 RS   1584429568 131072    2.339
21:48:33.857 VLLM::W        1046588 nvme1n1 RS   1584430336 131072    2.346
21:48:33.857 VLLM::W        1046588 nvme1n1 RS   1584430848 131072    2.384
21:48:33.857 VLLM::W        1046588 nvme1n1 RS   1584430592 131072    2.479
21:48:33.857 VLLM::W        1046588 nvme1n1 RS   1584443648 131072    2.483
21:48:33.857 VLLM::W        1046589 nvme1n1 RS   1584418816 131072    1.950
21:48:33.857 VLLM::W        1046588 nvme1n1 RS   1584443392 131072    2.561
21:48:33.857 VLLM::W        1046589 nvme1n1 RS   1584419328 131072    2.013
21:48:33.857 VLLM::W        1046589 nvme1n1 RS   1584419072 131072    2.111
21:48:33.857 VLLM::W        1046589 nvme1n1 RS   1584420352 131072    2.133
21:48:33.857 VLLM::W        1046589 nvme1n1 RS   1584419840 131072    2.163
21:48:33.857 VLLM::W        1046589 nvme1n1 RS   1584419584 131072    2.183
21:48:33.857 VLLM::W        1046589 nvme1n1 RS   1584420096 131072    2.264
21:48:33.858 VLLM::W        1046589 nvme1n1 RS   1584420608 131072    2.231
21:48:33.858 VLLM::W        1046589 nvme1n1 RS   1584421632 131072    2.292
21:48:33.858 VLLM::W        1046589 nvme1n1 RS   1584420864 131072    2.375
21:48:33.858 VLLM::W        1046589 nvme1n1 RS   1584421120 131072    2.386
21:48:33.858 VLLM::W        1046589 nvme1n1 RS   1584421376 131072    2.398
21:48:33.858 VLLM::W        1046589 nvme1n1 RS   1584422400 131072    2.436
21:48:33.858 VLLM::W        1046589 nvme1n1 RS   1584421888 131072    2.466
21:48:33.858 VLLM::W        1046589 nvme1n1 RS   1584422144 131072    2.479
21:48:33.858 VLLM::W        1046589 nvme1n1 RS   1584422656 131072    2.460
21:48:33.858 VLLM::W        1046587 nvme1n1 RS   1584324608 131072    1.950
21:48:33.858 VLLM::W        1046589 nvme1n1 RS   1584439296 131072    2.577
21:48:33.858 VLLM::W        1046589 nvme1n1 RS   1584439552 131072    2.590
21:48:33.858 VLLM::W        1046587 nvme1n1 RS   1584325376 131072    2.033
21:48:33.858 VLLM::W        1046587 nvme1n1 RS   1584325632 131072    2.044
21:48:33.858 VLLM::W        1046587 nvme1n1 RS   1584324864 131072    2.091
21:48:33.858 VLLM::W        1046587 nvme1n1 RS   1584325120 131072    2.101
21:48:33.858 VLLM::W        1046587 nvme1n1 RS   1584325888 131072    2.128
21:48:33.858 VLLM::W        1046587 nvme1n1 RS   1584326144 131072    2.143
21:48:33.858 VLLM::W        1046587 nvme1n1 RS   1584326656 131072    2.170
21:48:33.858 VLLM::W        1046587 nvme1n1 RS   1584326912 131072    2.200
21:48:33.858 VLLM::W        1046587 nvme1n1 RS   1584326400 131072    2.225
21:48:33.858 VLLM::W        1046587 nvme1n1 RS   1584327168 131072    2.281
21:48:33.858 VLLM::W        1046587 nvme1n1 RS   1584327424 131072    2.292
21:48:33.858 VLLM::W        1046587 nvme1n1 RS   1584327680 131072    2.348
21:48:33.858 VLLM::W        1046587 nvme1n1 RS   1584327936 131072    2.370
21:48:33.858 VLLM::W        1046587 nvme1n1 RS   1584328192 131072    2.387
21:48:33.858 VLLM::W        1046587 nvme1n1 RS   1584328448 131072    2.394
21:48:33.858 VLLM::W        1046587 nvme1n1 RS   1584422912 131072    2.417
21:48:33.858 VLLM::W        1046587 nvme1n1 RS   1584423168 131072    2.429
21:48:33.859 VLLM::W        1046586 nvme1n1 RS   1584713984 131072    1.796
21:48:33.859 VLLM::W        1046586 nvme1n1 RS   1584713728 131072    1.812
21:48:33.859 VLLM::W        1046586 nvme1n1 RS   1584714240 131072    1.835
21:48:33.859 VLLM::W        1046586 nvme1n1 RS   1584714496 131072    1.873
21:48:33.859 VLLM::W        1046586 nvme1n1 RS   1584714752 131072    1.930
21:48:33.859 VLLM::W        1046586 nvme1n1 RS   1584715008 131072    1.953
21:48:33.859 VLLM::W        1046586 nvme1n1 RS   1584715264 131072    1.964
21:48:33.859 VLLM::W        1046586 nvme1n1 RS   1584715520 131072    2.041
21:48:33.859 VLLM::W        1046586 nvme1n1 RS   1584716032 131072    2.061
21:48:33.859 VLLM::W        1046586 nvme1n1 RS   1584715776 131072    2.078
21:48:33.859 VLLM::W        1046586 nvme1n1 RS   1584716288 131072    2.087
21:48:33.859 VLLM::W        1046586 nvme1n1 RS   1584716544 131072    2.114
21:48:33.859 VLLM::W        1046586 nvme1n1 RS   1584716800 131072    2.144
21:48:33.859 VLLM::W        1046586 nvme1n1 RS   1584717056 131072    2.192
21:48:33.859 VLLM::W        1046586 nvme1n1 RS   1584717312 131072    2.203
21:48:33.859 VLLM::W        1046586 nvme1n1 RS   1584717568 131072    2.307
21:48:33.859 VLLM::W        1046586 nvme1n1 RS   1584730112 131072    2.325
21:48:33.859 VLLM::W        1046586 nvme1n1 RS   1584730368 131072    2.336
21:48:33.859 VLLM::W        1046588 nvme1n1 RS   1584754944 131072    1.824
21:48:33.859 VLLM::W        1046588 nvme1n1 RS   1584754688 131072    1.841
21:48:33.859 VLLM::W        1046588 nvme1n1 RS   1584755200 131072    1.897
21:48:33.859 VLLM::W        1046588 nvme1n1 RS   1584755456 131072    1.928
21:48:33.859 VLLM::W        1046588 nvme1n1 RS   1584755712 131072    1.960
21:48:33.859 VLLM::W        1046588 nvme1n1 RS   1584755968 131072    1.982
21:48:33.859 VLLM::W        1046588 nvme1n1 RS   1584756224 131072    1.993
21:48:33.859 VLLM::W        1046588 nvme1n1 RS   1584756992 131072    2.022
21:48:33.860 VLLM::W        1046588 nvme1n1 RS   1584756480 131072    2.086
21:48:33.860 VLLM::W        1046588 nvme1n1 RS   1584757248 131072    2.092
21:48:33.860 VLLM::W        1046588 nvme1n1 RS   1584756736 131072    2.111
21:48:33.860 VLLM::W        1046588 nvme1n1 RS   1584758016 131072    2.164
21:48:33.860 VLLM::W        1046588 nvme1n1 RS   1584758272 131072    2.207
21:48:33.860 VLLM::W        1046588 nvme1n1 RS   1584757504 131072    2.240
21:48:33.860 VLLM::W        1046588 nvme1n1 RS   1584757760 131072    2.245
21:48:33.860 VLLM::W        1046588 nvme1n1 RS   1584758528 131072    2.296
21:48:33.860 VLLM::W        1046588 nvme1n1 RS   1584775424 131072    2.306
21:48:33.860 VLLM::W        1046588 nvme1n1 RS   1584775168 131072    2.330
21:48:33.860 VLLM::W        1046589 nvme1n1 RS   1584717824 131072    1.769
21:48:33.860 VLLM::W        1046589 nvme1n1 RS   1584718592 131072    1.866
21:48:33.860 VLLM::W        1046589 nvme1n1 RS   1584718080 131072    1.892
21:48:33.860 VLLM::W        1046589 nvme1n1 RS   1584718336 131072    1.910
21:48:33.860 VLLM::W        1046589 nvme1n1 RS   1584718848 131072    1.914
21:48:33.860 VLLM::W        1046589 nvme1n1 RS   1584719104 131072    1.976
21:48:33.860 VLLM::W        1046589 nvme1n1 RS   1584719360 131072    2.009
21:48:33.860 VLLM::W        1046589 nvme1n1 RS   1584719616 131072    2.012
21:48:33.860 VLLM::W        1046589 nvme1n1 RS   1584719872 131072    2.031
21:48:33.860 VLLM::W        1046589 nvme1n1 RS   1584720128 131072    2.047
21:48:33.860 VLLM::W        1046589 nvme1n1 RS   1584720384 131072    2.059
21:48:33.860 VLLM::W        1046589 nvme1n1 RS   1584720640 131072    2.116
21:48:33.860 VLLM::W        1046589 nvme1n1 RS   1584720896 131072    2.204
21:48:33.860 VLLM::W        1046589 nvme1n1 RS   1584721408 131072    2.220
21:48:33.860 VLLM::W        1046589 nvme1n1 RS   1584721152 131072    2.235
21:48:33.860 VLLM::W        1046589 nvme1n1 RS   1584721664 131072    2.256
21:48:33.860 VLLM::W        1046589 nvme1n1 RS   1584738304 131072    2.267
21:48:33.860 VLLM::W        1046589 nvme1n1 RS   1584738560 131072    2.333
21:48:33.861 VLLM::W        1046587 nvme1n1 RS   316141824  131072    1.957
21:48:33.861 VLLM::W        1046587 nvme1n1 RS   316141568  131072    1.978
21:48:33.861 VLLM::W        1046587 nvme1n1 RS   316142080  131072    1.980
21:48:33.861 VLLM::W        1046587 nvme1n1 RS   316142592  131072    2.070
21:48:33.861 VLLM::W        1046587 nvme1n1 RS   316142336  131072    2.099
21:48:33.861 VLLM::W        1046587 nvme1n1 RS   316142848  131072    2.122
21:48:33.861 VLLM::W        1046587 nvme1n1 RS   316143104  131072    2.140
21:48:33.861 VLLM::W        1046587 nvme1n1 RS   316143360  131072    2.158
21:48:33.861 VLLM::W        1046587 nvme1n1 RS   316143616  131072    2.186
21:48:33.861 VLLM::W        1046587 nvme1n1 RS   316143872  131072    2.216
21:48:33.861 VLLM::W        1046587 nvme1n1 RS   316144128  131072    2.255
21:48:33.861 VLLM::W        1046587 nvme1n1 RS   316144384  131072    2.277
21:48:33.861 VLLM::W        1046587 nvme1n1 RS   316144640  131072    2.283
21:48:33.861 VLLM::W        1046587 nvme1n1 RS   316145152  131072    2.362
21:48:33.861 VLLM::W        1046587 nvme1n1 RS   316144896  131072    2.373
21:48:33.861 VLLM::W        1046587 nvme1n1 RS   316145408  131072    2.419
21:48:33.861 VLLM::W        1046587 nvme1n1 RS   316145664  131072    2.430
21:48:33.861 VLLM::W        1046587 nvme1n1 RS   316145920  131072    2.510
21:48:33.861 VLLM::W        1046586 nvme1n1 RS   1584734208 131072    1.901
21:48:33.861 VLLM::W        1046586 nvme1n1 RS   1584734464 131072    1.913
21:48:33.861 VLLM::W        1046586 nvme1n1 RS   1584734720 131072    2.032
21:48:33.861 VLLM::W        1046586 nvme1n1 RS   1584735232 131072    2.047
21:48:33.861 VLLM::W        1046586 nvme1n1 RS   1584734976 131072    2.060
21:48:33.861 VLLM::W        1046586 nvme1n1 RS   1584735488 131072    2.074
21:48:33.861 VLLM::W        1046586 nvme1n1 RS   1584735744 131072    2.119
21:48:33.861 VLLM::W        1046586 nvme1n1 RS   1584736256 131072    2.098
21:48:33.861 VLLM::W        1046586 nvme1n1 RS   1584736512 131072    2.142
21:48:33.861 VLLM::W        1046586 nvme1n1 RS   1584736000 131072    2.161
21:48:33.862 VLLM::W        1046586 nvme1n1 RS   1584737024 131072    2.223
21:48:33.862 VLLM::W        1046586 nvme1n1 RS   1584737536 131072    2.257
21:48:33.862 VLLM::W        1046586 nvme1n1 RS   1584736768 131072    2.305
21:48:33.862 VLLM::W        1046586 nvme1n1 RS   1584737792 131072    2.336
21:48:33.862 VLLM::W        1046586 nvme1n1 RS   1584738048 131072    2.349
21:48:33.862 VLLM::W        1046586 nvme1n1 RS   1584737280 131072    2.381
21:48:33.862 VLLM::W        1046586 nvme1n1 RS   1584758784 131072    2.392
21:48:33.862 VLLM::W        1046588 nvme1n1 RS   1584742912 131072    1.900
21:48:33.862 VLLM::W        1046586 nvme1n1 RS   1584759040 131072    2.527
21:48:33.862 VLLM::W        1046588 nvme1n1 RS   1584742400 131072    1.973
21:48:33.862 VLLM::W        1046588 nvme1n1 RS   1584742656 131072    1.993
21:48:33.862 VLLM::W        1046588 nvme1n1 RS   1584743168 131072    2.005
21:48:33.862 VLLM::W        1046588 nvme1n1 RS   1584743936 131072    2.010
21:48:33.862 VLLM::W        1046588 nvme1n1 RS   1584743424 131072    2.120
21:48:33.862 VLLM::W        1046588 nvme1n1 RS   1584743680 131072    2.137
21:48:33.862 VLLM::W        1046588 nvme1n1 RS   1584744192 131072    2.117
21:48:33.862 VLLM::W        1046588 nvme1n1 RS   1584744448 131072    2.134
21:48:33.862 VLLM::W        1046588 nvme1n1 RS   1584744960 131072    2.138
21:48:33.862 VLLM::W        1046588 nvme1n1 RS   1584744704 131072    2.209
21:48:33.862 VLLM::W        1046588 nvme1n1 RS   1584745216 131072    2.214
21:48:33.862 VLLM::W        1046588 nvme1n1 RS   1584745984 131072    2.249
21:48:33.862 VLLM::W        1046588 nvme1n1 RS   1584745728 131072    2.266
21:48:33.862 VLLM::W        1046588 nvme1n1 RS   1584745472 131072    2.300
21:48:33.862 VLLM::W        1046588 nvme1n1 RS   1584746240 131072    2.316
21:48:33.862 VLLM::W        1046588 nvme1n1 RS   1584771072 131072    2.351
21:48:33.862 VLLM::W        1046589 nvme1n1 RS   1584721920 131072    1.869
21:48:33.863 VLLM::W        1046588 nvme1n1 RS   1584771328 131072    2.451
21:48:33.863 VLLM::W        1046589 nvme1n1 RS   1584722432 131072    1.976
21:48:33.863 VLLM::W        1046589 nvme1n1 RS   1584722688 131072    2.000
21:48:33.863 VLLM::W        1046589 nvme1n1 RS   1584722176 131072    2.018
21:48:33.863 VLLM::W        1046589 nvme1n1 RS   1584723456 131072    2.067
21:48:33.863 VLLM::W        1046589 nvme1n1 RS   1584723968 131072    2.117
21:48:33.863 VLLM::W        1046589 nvme1n1 RS   1584722944 131072    2.204
21:48:33.863 VLLM::W        1046589 nvme1n1 RS   1584723200 131072    2.221
21:48:33.863 VLLM::W        1046589 nvme1n1 RS   1584724224 131072    2.197
21:48:33.863 VLLM::W        1046589 nvme1n1 RS   1584723712 131072    2.212
21:48:33.863 VLLM::W        1046589 nvme1n1 RS   1584725248 131072    2.287
21:48:33.863 VLLM::W        1046589 nvme1n1 RS   1584725760 131072    2.347
21:48:33.863 VLLM::W        1046589 nvme1n1 RS   1584724480 131072    2.389
21:48:33.863 VLLM::W        1046589 nvme1n1 RS   1584725504 131072    2.388
21:48:33.863 VLLM::W        1046589 nvme1n1 RS   1584724736 131072    2.448
21:48:33.863 VLLM::W        1046589 nvme1n1 RS   1584724992 131072    2.466
21:48:33.863 VLLM::W        1046589 nvme1n1 RS   1584746496 131072    2.475
21:48:33.863 VLLM::W        1046587 nvme1n1 RS   1584762880 131072    1.934
21:48:33.863 VLLM::W        1046589 nvme1n1 RS   1584746752 131072    2.524
21:48:33.863 VLLM::W        1046587 nvme1n1 RS   1584763648 131072    1.964
21:48:33.863 VLLM::W        1046587 nvme1n1 RS   1584763136 131072    1.992
21:48:33.863 VLLM::W        1046587 nvme1n1 RS   1584763904 131072    1.994
21:48:33.863 VLLM::W        1046587 nvme1n1 RS   1584763392 131072    2.040
21:48:33.863 VLLM::W        1046587 nvme1n1 RS   1584764160 131072    2.062
21:48:33.863 VLLM::W        1046587 nvme1n1 RS   1584764672 131072    2.076
21:48:33.863 VLLM::W        1046587 nvme1n1 RS   1584764416 131072    2.134
21:48:33.863 VLLM::W        1046587 nvme1n1 RS   1584764928 131072    2.108
21:48:33.863 VLLM::W        1046587 nvme1n1 RS   1584765184 131072    2.143
21:48:33.863 VLLM::W        1046587 nvme1n1 RS   1584765440 131072    2.171
21:48:33.864 VLLM::W        1046587 nvme1n1 RS   1584765696 131072    2.208
21:48:33.864 VLLM::W        1046587 nvme1n1 RS   1584765952 131072    2.237
21:48:33.864 VLLM::W        1046587 nvme1n1 RS   1584766208 131072    2.275
21:48:33.864 VLLM::W        1046587 nvme1n1 RS   1584766464 131072    2.328
21:48:33.864 VLLM::W        1046587 nvme1n1 RS   1584766720 131072    2.329
21:48:33.864 VLLM::W        1046587 nvme1n1 RS   1584779264 131072    2.379
21:48:33.864 VLLM::W        1046587 nvme1n1 RS   1584779520 131072    2.391
21:48:33.914 libuv-w        2068    nvme0n1 WS   37220856   4096      0.845
21:48:33.914 libuv-w        2068    nvme0n1 WS   15387608   4096      0.971
21:48:33.915 jbd2/nv        391     nvme0n1 WSM  4234784    45056     1.266
21:48:33.916 jbd2/nv        391     nvme0n1 WSM  4234872    4096      0.747
21:48:33.917 jbd2/nv        391     nvme0n1 WSM  4234880    8192      0.881
21:48:33.918 jbd2/nv        391     nvme0n1 WSM  4234896    4096      0.843
21:48:34.063 nvme           1186922 Unknown N    -1         512       0.035
21:48:34.443 libuv-w        2068    nvme0n1 WS   36108976   4096      0.873
21:48:34.445 jbd2/nv        391     nvme0n1 WSM  4234904    40960     1.263
21:48:34.446 jbd2/nv        391     nvme0n1 WSM  4234984    4096      0.758
21:48:34.549 python3        1046587 nvme1n1 WS   1585152000 131072    0.195
21:48:34.549 python3        1046587 nvme1n1 WS   1585152256 131072    0.295
21:48:34.550 python3        1046587 nvme1n1 WS   1585152512 131072    0.360
21:48:34.550 python3        1046587 nvme1n1 WS   1585152768 131072    0.426
21:48:34.550 python3        1046587 nvme1n1 WS   1585153024 131072    0.521
21:48:34.550 python3        1046587 nvme1n1 WS   1585153280 131072    0.612
21:48:34.550 python3        1046587 nvme1n1 WS   1585153536 131072    0.641
21:48:34.550 python3        1046588 nvme1n1 WS   1585156096 131072    0.747
21:48:34.550 python3        1046588 nvme1n1 WS   1585156352 131072    0.785
21:48:34.550 python3        1046588 nvme1n1 WS   1585156608 131072    0.861
21:48:34.550 python3        1046588 nvme1n1 WS   1585156864 131072    0.946
21:48:34.550 python3        1046588 nvme1n1 WS   1585157120 131072    1.019
21:48:34.550 python3        1046588 nvme1n1 WS   1585157376 131072    1.093
21:48:34.550 python3        1046586 nvme1n1 WS   1585160192 131072    1.187
21:48:34.551 python3        1046588 nvme1n1 WS   1585157632 131072    1.257
21:48:34.551 python3        1046586 nvme1n1 WS   1585160448 131072    1.348
21:48:34.551 python3        1046586 nvme1n1 WS   1585160704 131072    1.419
21:48:34.551 python3        1046586 nvme1n1 WS   1585160960 131072    1.502
21:48:34.551 python3        1046587 nvme1n1 WS   1585153792 131072    1.583
21:48:34.551 python3        1046587 nvme1n1 WS   1585154048 131072    1.670
21:48:34.551 python3        1046587 nvme1n1 WS   1585154304 131072    1.742
21:48:34.551 python3        1046587 nvme1n1 WS   1585154560 131072    1.819
21:48:34.551 python3        1046587 nvme1n1 WS   1585154816 131072    1.900
21:48:34.551 python3        1046587 nvme1n1 WS   1585155072 131072    1.977
21:48:34.551 python3        1046587 nvme1n1 WS   1585155328 131072    2.058
21:48:34.551 python3        1046587 nvme1n1 WS   1585155584 131072    2.137
21:48:34.551 python3        1046586 nvme1n1 WS   1585161216 131072    2.236
21:48:34.552 python3        1046586 nvme1n1 WS   1585161472 131072    2.315
21:48:34.552 python3        1046586 nvme1n1 WS   1585161728 131072    2.393
21:48:34.552 python3        1046588 nvme1n1 WS   1585157888 131072    2.452
21:48:34.552 python3        1046588 nvme1n1 WS   1585158144 131072    2.528
21:48:34.552 python3        1046588 nvme1n1 WS   1585158400 131072    2.602
21:48:34.552 python3        1046588 nvme1n1 WS   1585158656 131072    2.678
21:48:34.552 python3        1046588 nvme1n1 WS   1585158912 131072    2.751
21:48:34.552 python3        1046588 nvme1n1 WS   1585159168 131072    2.822
21:48:34.552 python3        1046588 nvme1n1 WS   1585159424 131072    2.894
21:48:34.552 python3        1046588 nvme1n1 WS   1585159680 131072    2.969
21:48:34.552 python3        1046587 nvme1n1 WS   1585155840 131072    3.064
21:48:34.552 python3        1046587 nvme1n1 WS   1585164288 131072    3.136
21:48:34.553 python3        1046587 nvme1n1 WS   1585164544 131072    3.213
21:48:34.553 python3        1046586 nvme1n1 WS   1585161984 131072    3.303
21:48:34.553 python3        1046586 nvme1n1 WS   1585162240 131072    3.364
21:48:34.553 python3        1046586 nvme1n1 WS   1585162496 131072    3.438
21:48:34.553 python3        1046586 nvme1n1 WS   1585162752 131072    3.511
21:48:34.553 python3        1046586 nvme1n1 WS   1585163008 131072    3.587
21:48:34.553 python3        1046586 nvme1n1 WS   1585163264 131072    3.661
21:48:34.553 python3        1046586 nvme1n1 WS   1585163520 131072    3.734
21:48:34.553 python3        1046586 nvme1n1 WS   1585163776 131072    3.809
21:48:34.553 python3        1046587 nvme1n1 WS   316149760  131072    3.902
21:48:34.553 python3        1046587 nvme1n1 WS   316150016  131072    3.972
21:48:34.553 python3        1046587 nvme1n1 WS   316150272  131072    4.045
21:48:34.553 python3        1046587 nvme1n1 WS   316150528  131072    4.116
21:48:34.554 python3        1046587 nvme1n1 WS   316150784  131072    4.192
21:48:34.554 python3        1046587 nvme1n1 WS   316151040  131072    4.268
21:48:34.554 python3        1046588 nvme1n1 WS   1585159936 131072    4.350
21:48:34.554 python3        1046588 nvme1n1 WS   1585168384 131072    4.423
21:48:34.554 python3        1046588 nvme1n1 WS   1585168640 131072    4.498
21:48:34.554 python3        1046587 nvme1n1 WS   316151296  131072    4.575
21:48:34.554 python3        1046586 nvme1n1 WS   1585164032 131072    4.647
21:48:34.554 python3        1046586 nvme1n1 WS   1585176576 131072    4.721
21:48:34.554 python3        1046586 nvme1n1 WS   1585176832 131072    4.795
21:48:34.554 python3        1046589 nvme1n1 WS   1585172480 131072    4.915
21:48:34.554 python3        1046589 nvme1n1 WS   1585172736 131072    4.946
21:48:34.554 python3        1046589 nvme1n1 WS   1585172992 131072    5.011
21:48:34.554 python3        1046589 nvme1n1 WS   1585173248 131072    5.086
21:48:34.555 python3        1046589 nvme1n1 WS   1585173504 131072    5.161
21:48:34.555 python3        1046589 nvme1n1 WS   1585173760 131072    5.235
21:48:34.555 python3        1046589 nvme1n1 WS   1585174016 131072    5.308
21:48:34.555 python3        1046587 nvme1n1 WS   316151552  131072    5.389
21:48:34.555 python3        1046587 nvme1n1 WS   316151808  131072    5.462
21:48:34.555 python3        1046587 nvme1n1 WS   316152064  131072    5.535
21:48:34.555 python3        1046587 nvme1n1 WS   316152320  131072    5.613
21:48:34.555 python3        1046587 nvme1n1 WS   316152576  131072    5.683
21:48:34.555 python3        1046587 nvme1n1 WS   316152832  131072    5.758
21:48:34.555 python3        1046587 nvme1n1 WS   316153088  131072    5.832
21:48:34.555 python3        1046587 nvme1n1 WS   316153344  131072    5.908
21:48:34.555 python3        1046589 nvme1n1 WS   1585174272 131072    5.968
21:48:34.555 python3        1046589 nvme1n1 WS   1585174528 131072    6.041
21:48:34.556 python3        1046589 nvme1n1 WS   1585174784 131072    6.113
21:48:34.556 python3        1046589 nvme1n1 WS   1585175040 131072    6.187
21:48:34.556 python3        1046589 nvme1n1 WS   1585175296 131072    6.261
21:48:34.556 python3        1046589 nvme1n1 WS   1585175552 131072    6.337
21:48:34.556 python3        1046589 nvme1n1 WS   1585175808 131072    6.408
21:48:34.556 python3        1046589 nvme1n1 WS   1585176064 131072    6.482
21:48:34.556 python3        1046589 nvme1n1 WS   1585176320 131072    6.538
21:48:34.556 python3        1046589 nvme1n1 WS   316153856  131072    6.673
21:48:34.556 python3        1046589 nvme1n1 WS   316154112  131072    6.737
21:48:34.556 python3        1046589 nvme1n1 WS   316154368  131072    6.809
21:48:34.556 python3        1046589 nvme1n1 WS   316154624  131072    6.880
21:48:34.556 python3        1046589 nvme1n1 WS   316154880  131072    6.953
21:48:34.556 python3        1046589 nvme1n1 WS   316155136  131072    7.027
21:48:34.557 python3        1046589 nvme1n1 WS   316155392  131072    7.100
21:48:34.557 python3        1046587 nvme1n1 WS   316153600  131072    7.236
21:48:34.557 python3        1046587 nvme1n1 WS   316157952  131072    7.310
21:48:34.557 python3        1046587 nvme1n1 WS   316158208  131072    7.384
21:48:34.557 python3        1046588 nvme1n1 WS   315973632  131072    7.470
21:48:34.557 python3        1046588 nvme1n1 WS   315973888  131072    7.538
21:48:34.557 python3        1046588 nvme1n1 WS   315974144  131072    7.609
21:48:34.557 python3        1046588 nvme1n1 WS   315974400  131072    7.680
21:48:34.557 python3        1046588 nvme1n1 WS   315974656  131072    7.751
21:48:34.557 python3        1046588 nvme1n1 WS   315974912  131072    7.824
21:48:34.557 python3        1046588 nvme1n1 WS   315975168  131072    7.896
21:48:34.557 python3        1046587 nvme1n1 WS   58044416   131072    7.981
21:48:34.558 python3        1046587 nvme1n1 WS   58044672   131072    8.049
21:48:34.558 python3        1046589 nvme1n1 WS   1585180672 131072    8.175
21:48:34.558 python3        1046589 nvme1n1 WS   1585180928 131072    8.201
21:48:34.558 python3        1046587 nvme1n1 WS   58044928   131072    8.278
21:48:34.558 python3        1046587 nvme1n1 WS   58045184   131072    8.350
21:48:34.558 python3        1046587 nvme1n1 WS   58045440   131072    8.425
21:48:34.558 python3        1046587 nvme1n1 WS   58045696   131072    8.502
21:48:34.558 python3        1046587 nvme1n1 WS   58045952   131072    8.572
21:48:34.558 python3        1046587 nvme1n1 WS   58046208   131072    8.609
21:48:34.558 python3        1046587 nvme1n1 WS   58046464   131072    8.680
21:48:34.558 python3        1046587 nvme1n1 WS   58046720   131072    8.756
21:48:34.558 python3        1046589 nvme1n1 WS   316155648  131072    8.871
21:48:34.558 python3        1046589 nvme1n1 WS   316155904  131072    8.939
21:48:34.559 python3        1046589 nvme1n1 WS   316156160  131072    9.013
21:48:34.559 python3        1046589 nvme1n1 WS   316156416  131072    9.092
21:48:34.559 python3        1046589 nvme1n1 WS   316156672  131072    9.156
21:48:34.559 python3        1046589 nvme1n1 WS   316156928  131072    9.228
21:48:34.559 python3        1046589 nvme1n1 WS   316157184  131072    9.301
21:48:34.559 python3        1046587 nvme1n1 WS   58048512   131072    9.415
21:48:34.559 python3        1046587 nvme1n1 WS   58048768   131072    9.482
21:48:34.559 python3        1046587 nvme1n1 WS   58049024   131072    9.558
21:48:34.559 python3        1046587 nvme1n1 WS   58049280   131072    9.630
21:48:34.559 python3        1046587 nvme1n1 WS   58049536   131072    9.703
21:48:34.559 python3        1046587 nvme1n1 WS   58049792   131072    9.781
21:48:34.559 python3        1046587 nvme1n1 WS   58050048   131072    9.850
21:48:34.559 python3        1046588 nvme1n1 WS   315975424  131072    9.949
21:48:34.560 python3        1046588 nvme1n1 WS   315975680  131072   10.022
21:48:34.560 python3        1046588 nvme1n1 WS   315975936  131072   10.093
21:48:34.560 python3        1046588 nvme1n1 WS   315976192  131072   10.169
21:48:34.560 python3        1046588 nvme1n1 WS   315976448  131072   10.242
21:48:34.560 python3        1046587 nvme1n1 WS   58046976   131072   10.317
21:48:34.560 python3        1046587 nvme1n1 WS   58047232   131072   10.400
21:48:34.560 python3        1046587 nvme1n1 WS   58047488   131072   10.464
21:48:34.560 python3        1046587 nvme1n1 WS   58047744   131072   10.538
21:48:34.560 python3        1046587 nvme1n1 WS   58048000   131072   10.613
21:48:34.560 python3        1046587 nvme1n1 WS   58048256   131072   10.667
21:48:34.560 python3        1046587 nvme1n1 WS   58052608   131072   10.745
21:48:34.560 python3        1046587 nvme1n1 WS   58052864   131072   10.822
21:48:34.560 python3        1046588 nvme1n1 WS   315976704  131072   10.944
21:48:34.561 python3        1046588 nvme1n1 WS   315976960  131072   11.015
21:48:34.561 python3        1046588 nvme1n1 WS   315977216  131072   11.087
21:48:34.561 python3        1046588 nvme1n1 WS   315977472  131072   11.143
21:48:34.561 python3        1046589 nvme1n1 WS   1584988160 131072   11.223
21:48:34.561 python3        1046588 nvme1n1 WS   315977728  131072   11.297
21:48:34.561 python3        1046589 nvme1n1 WS   1584988416 131072   11.373
21:48:34.561 python3        1046588 nvme1n1 WS   315977984  131072   11.450
21:48:34.561 python3        1046589 nvme1n1 WS   1584988672 131072   11.526
21:48:34.561 python3        1046589 nvme1n1 WS   1584988928 131072   11.598
21:48:34.561 python3        1046589 nvme1n1 WS   1584989184 131072   11.675
21:48:34.561 python3        1046589 nvme1n1 WS   1584989440 131072   11.753
21:48:34.561 python3        1046589 nvme1n1 WS   316157440  131072   11.899
21:48:34.562 python3        1046589 nvme1n1 WS   316157696  131072   11.969
21:48:34.562 python3        1046589 nvme1n1 WS   316162048  131072   12.038
21:48:34.562 python3        1046589 nvme1n1 WS   316162304  131072   12.108
21:48:34.562 python3        1046587 nvme1n1 WS   58050304   131072   12.209
21:48:34.562 python3        1046587 nvme1n1 WS   58050560   131072   12.282
21:48:34.562 python3        1046587 nvme1n1 WS   58050816   131072   12.351
21:48:34.562 python3        1046587 nvme1n1 WS   58051072   131072   12.426
21:48:34.562 python3        1046587 nvme1n1 WS   58051328   131072   12.499
21:48:34.562 python3        1046587 nvme1n1 WS   58051584   131072   12.574
21:48:34.562 python3        1046587 nvme1n1 WS   58051840   131072   12.645
21:48:34.562 python3        1046587 nvme1n1 WS   58052096   131072   12.723
21:48:34.563 python3        1046586 nvme1n1 WS   1584992256 131072   12.882
21:48:34.563 python3        1046586 nvme1n1 WS   1584992512 131072   12.902
21:48:34.563 python3        1046586 nvme1n1 WS   1584992768 131072   12.965
21:48:34.563 python3        1046586 nvme1n1 WS   1584993024 131072   13.043
21:48:34.563 python3        1046586 nvme1n1 WS   1584993280 131072   13.117
21:48:34.563 python3        1046586 nvme1n1 WS   1584993536 131072   13.190
21:48:34.563 python3        1046586 nvme1n1 WS   1584993792 131072   13.271
21:48:34.563 python3        1046589 nvme1n1 WS   1584989696 131072   13.350
21:48:34.563 python3        1046587 nvme1n1 WS   58052352   131072   13.417
21:48:34.563 python3        1046587 nvme1n1 WS   58060800   131072   13.490
21:48:34.563 python3        1046587 nvme1n1 WS   58061056   131072   13.566
21:48:34.563 python3        1046588 nvme1n1 WS   1584996352 131072   13.654
21:48:34.563 python3        1046588 nvme1n1 WS   1584996608 131072   13.722
21:48:34.563 python3        1046588 nvme1n1 WS   1584996864 131072   13.799
21:48:34.564 python3        1046588 nvme1n1 WS   1584997120 131072   13.875
21:48:34.564 python3        1046588 nvme1n1 WS   1584997376 131072   13.953
21:48:34.564 python3        1046588 nvme1n1 WS   1584997632 131072   14.025
21:48:34.564 python3        1046586 nvme1n1 WS   1585004544 131072   14.109
21:48:34.564 python3        1046588 nvme1n1 WS   1585000448 131072   14.188
21:48:34.564 python3        1046588 nvme1n1 WS   1585000704 131072   14.255
21:48:34.564 python3        1046588 nvme1n1 WS   1585000960 131072   14.331
21:48:34.564 python3        1046588 nvme1n1 WS   1585001216 131072   14.406
21:48:34.564 python3        1046588 nvme1n1 WS   1585001472 131072   14.482
21:48:34.564 python3        1046588 nvme1n1 WS   1585001728 131072   14.557
21:48:34.564 python3        1046588 nvme1n1 WS   1585001984 131072   14.632
21:48:34.564 python3        1046588 nvme1n1 WS   1585002240 131072   14.669
21:48:34.564 python3        1046588 nvme1n1 WS   1584997888 131072   14.813
21:48:34.565 python3        1046588 nvme1n1 WS   1584998144 131072   14.854
21:48:34.565 python3        1046588 nvme1n1 WS   1584998400 131072   14.928
21:48:34.565 python3        1046588 nvme1n1 WS   1584998656 131072   15.005
21:48:34.565 python3        1046588 nvme1n1 WS   1584998912 131072   15.079
21:48:34.565 python3        1046588 nvme1n1 WS   1584999168 131072   15.155
21:48:34.565 python3        1046588 nvme1n1 WS   1584999424 131072   15.233
21:48:34.565 python3        1046588 nvme1n1 WS   1584999680 131072   15.311
21:48:34.565 python3        1046588 nvme1n1 WS   1584999936 131072   15.390
21:48:34.565 python3        1046586 nvme1n1 WS   1585004800 131072   15.587
21:48:34.565 python3        1046586 nvme1n1 WS   1585005056 131072   15.616
21:48:34.565 python3        1046586 nvme1n1 WS   1585005312 131072   15.688
21:48:34.565 python3        1046586 nvme1n1 WS   1585005568 131072   15.762
21:48:34.566 python3        1046586 nvme1n1 WS   1585005824 131072   15.835
21:48:34.566 python3        1046586 nvme1n1 WS   1585006080 131072   15.915
21:48:34.566 python3        1046586 nvme1n1 WS   1585006336 131072   15.951
21:48:34.566 python3        1046589 nvme1n1 WS   1584989952 131072   16.088
21:48:34.566 python3        1046589 nvme1n1 WS   1584990208 131072   16.164
21:48:34.566 python3        1046589 nvme1n1 WS   1584990464 131072   16.243
21:48:34.566 python3        1046589 nvme1n1 WS   1584990720 131072   16.315
21:48:34.566 python3        1046589 nvme1n1 WS   1584990976 131072   16.393
21:48:34.566 python3        1046589 nvme1n1 WS   1584991232 131072   16.472
21:48:34.566 python3        1046589 nvme1n1 WS   1584991488 131072   16.545
21:48:34.566 python3        1046589 nvme1n1 WS   1584991744 131072   16.618
21:48:34.566 python3        1046589 nvme1n1 WS   1584992000 131072   16.676
21:48:34.566 python3        1046589 nvme1n1 WS   1585008640 131072   16.784
21:48:34.567 python3        1046589 nvme1n1 WS   1585008896 131072   16.861
21:48:34.567 python3        1046586 nvme1n1 WS   1584994048 131072   17.083
21:48:34.567 python3        1046586 nvme1n1 WS   1584994304 131072   17.103
21:48:34.567 python3        1046586 nvme1n1 WS   1584994560 131072   17.137
21:48:34.567 python3        1046586 nvme1n1 WS   1584994816 131072   17.213
21:48:34.567 python3        1046586 nvme1n1 WS   1584995072 131072   17.291
21:48:34.567 python3        1046586 nvme1n1 WS   1584995328 131072   17.367
21:48:34.567 python3        1046586 nvme1n1 WS   1584995584 131072   17.445
21:48:34.567 python3        1046586 nvme1n1 WS   1584995840 131072   17.516
21:48:34.567 python3        1046586 nvme1n1 WS   1584996096 131072   17.575
21:48:34.567 python3        1046586 nvme1n1 WS   1585012736 131072   17.652
21:48:34.567 python3        1046586 nvme1n1 WS   1585012992 131072   17.735
21:48:34.568 python3        1046589 nvme1n1 WS   58056704   131072   17.853
21:48:34.568 python3        1046589 nvme1n1 WS   58056960   131072   17.916
21:48:34.568 python3        1046589 nvme1n1 WS   58057216   131072   17.988
21:48:34.568 python3        1046589 nvme1n1 WS   58057472   131072   18.057
21:48:34.568 python3        1046589 nvme1n1 WS   58057728   131072   18.127
21:48:34.568 python3        1046589 nvme1n1 WS   58057984   131072   18.197
21:48:34.568 python3        1046589 nvme1n1 WS   58058240   131072   18.267
21:48:34.568 python3        1046589 nvme1n1 WS   58058496   131072   18.285
21:48:34.568 python3        1046589 nvme1n1 WS   58058752   131072   18.365
21:48:34.568 python3        1046589 nvme1n1 WS   58059008   131072   18.431
21:48:34.568 python3        1046589 nvme1n1 WS   58059264   131072   18.518
21:48:34.568 python3        1046589 nvme1n1 WS   58059520   131072   18.566
21:48:34.569 python3        1046588 nvme1n1 WS   1585002496 131072   18.781
21:48:34.569 python3        1046588 nvme1n1 WS   1585002752 131072   18.904
21:48:34.569 python3        1046588 nvme1n1 WS   1585003008 131072   19.028
21:48:34.569 python3        1046588 nvme1n1 WS   1585003264 131072   19.155
21:48:34.569 python3        1046588 nvme1n1 WS   1585003520 131072   19.285
21:48:34.569 python3        1046588 nvme1n1 WS   1585003776 131072   19.425
21:48:34.569 python3        1046588 nvme1n1 WS   1585004032 131072   19.558
21:48:34.569 python3        1046588 nvme1n1 WS   1585004288 131072   19.673
21:48:34.570 python3        1046588 nvme1n1 WS   1585418240 131072   19.803
21:48:34.570 python3        1046588 nvme1n1 WS   1585418496 131072   19.923
21:48:34.570 python3        1046586 nvme1n1 WS   1585006592 131072   20.116
21:48:34.570 python3        1046586 nvme1n1 WS   1585006848 131072   20.138
21:48:34.570 python3        1046586 nvme1n1 WS   1585007104 131072   20.217
21:48:34.570 python3        1046586 nvme1n1 WS   1585007360 131072   20.293
21:48:34.570 python3        1046586 nvme1n1 WS   1585007616 131072   20.368
21:48:34.570 python3        1046586 nvme1n1 WS   1585007872 131072   20.445
21:48:34.570 python3        1046586 nvme1n1 WS   1585008128 131072   20.521
21:48:34.570 python3        1046586 nvme1n1 WS   1585008384 131072   20.582
21:48:34.570 python3        1046586 nvme1n1 WS   1585020928 131072   20.660
21:48:34.571 python3        1046586 nvme1n1 WS   1585021184 131072   20.734
21:48:34.571 python3        1046588 nvme1n1 WS   1585000192 131072   20.854
21:48:34.571 python3        1046588 nvme1n1 WS   1585016832 131072   20.923
21:48:34.571 python3        1046588 nvme1n1 WS   1585017088 131072   21.005
21:48:34.571 python3        1046586 nvme1n1 WS   58064896   131072   21.087
21:48:34.571 python3        1046586 nvme1n1 WS   58065152   131072   21.149
21:48:34.571 python3        1046586 nvme1n1 WS   58065408   131072   21.221
21:48:34.571 python3        1046586 nvme1n1 WS   58065664   131072   21.292
21:48:34.571 python3        1046586 nvme1n1 WS   58065920   131072   21.366
21:48:34.571 python3        1046586 nvme1n1 WS   58066176   131072   21.447
21:48:34.571 python3        1046586 nvme1n1 WS   58066432   131072   21.515
21:48:34.571 python3        1046586 nvme1n1 WS   58066688   131072   21.539
21:48:34.571 python3        1046586 nvme1n1 WS   58066944   131072   21.612
21:48:34.572 python3        1046586 nvme1n1 WS   58067200   131072   21.683
21:48:34.572 python3        1046586 nvme1n1 WS   58067456   131072   21.753
21:48:34.572 python3        1046586 nvme1n1 WS   58067712   131072   21.827
21:48:34.572 python3        1046589 nvme1n1 WS   58059776   131072   21.948
21:48:34.572 python3        1046589 nvme1n1 WS   58060032   131072   22.021
21:48:34.572 python3        1046589 nvme1n1 WS   58060288   131072   22.131
21:48:34.572 python3        1046589 nvme1n1 WS   58060544   131072   22.174
21:48:34.572 python3        1046586 nvme1n1 WS   58067968   131072   22.261
21:48:34.572 python3        1046586 nvme1n1 WS   58068224   131072   22.337
21:48:34.572 python3        1046586 nvme1n1 WS   58068480   131072   22.416
21:48:34.572 python3        1046586 nvme1n1 WS   58068736   131072   22.461
21:48:34.572 python3        1046586 nvme1n1 WS   58073088   131072   22.536
21:48:34.573 python3        1046586 nvme1n1 WS   58073344   131072   22.613
21:48:34.573 python3        1046589 nvme1n1 WS   58068992   131072   22.736
21:48:34.573 python3        1046589 nvme1n1 WS   58069248   131072   22.815
21:48:34.573 python3        1046587 nvme1n1 WS   58077184   131072   19.551
21:48:34.573 python3        1046587 nvme1n1 WS   58077440   131072   19.621
21:48:34.573 python3        1046587 nvme1n1 WS   58077696   131072   19.692
21:48:34.573 python3        1046587 nvme1n1 WS   58077952   131072   19.770
21:48:34.573 python3        1046587 nvme1n1 WS   58078208   131072   19.849
21:48:34.573 python3        1046587 nvme1n1 WS   58078464   131072   19.928
21:48:34.573 python3        1046587 nvme1n1 WS   58078720   131072   20.003
21:48:34.573 python3        1046587 nvme1n1 WS   58078976   131072   20.040
21:48:34.573 python3        1046587 nvme1n1 WS   58079232   131072   20.114
21:48:34.573 python3        1046587 nvme1n1 WS   58079488   131072   20.187
21:48:34.574 python3        1046587 nvme1n1 WS   58079744   131072   20.262
21:48:34.574 python3        1046587 nvme1n1 WS   58080000   131072   20.335
21:48:34.574 python3        1046587 nvme1n1 WS   58080256   131072   20.410
21:48:34.574 python3        1046587 nvme1n1 WS   58080512   131072   20.485
21:48:34.574 python3        1046587 nvme1n1 WS   58080768   131072   20.560
21:48:34.574 python3        1046587 nvme1n1 WS   58081024   131072   20.620
21:48:34.574 python3        1046587 nvme1n1 WS   58081280   131072   20.699
21:48:34.574 python3        1046587 nvme1n1 WS   58081536   131072   20.773
21:48:34.574 python3        1046588 nvme1n1 WS   58085376   131072   19.081
21:48:34.574 python3        1046588 nvme1n1 WS   58085632   131072   19.112
21:48:34.574 python3        1046588 nvme1n1 WS   58085888   131072   19.188
21:48:34.574 python3        1046588 nvme1n1 WS   58086144   131072   19.266
21:48:34.575 python3        1046588 nvme1n1 WS   58086400   131072   19.338
21:48:34.575 python3        1046588 nvme1n1 WS   58086656   131072   19.414
21:48:34.575 python3        1046588 nvme1n1 WS   58086912   131072   19.487
21:48:34.575 python3        1046588 nvme1n1 WS   58087168   131072   19.529
21:48:34.575 python3        1046588 nvme1n1 WS   58087424   131072   19.618
21:48:34.575 python3        1046588 nvme1n1 WS   58087680   131072   19.668
21:48:34.575 python3        1046588 nvme1n1 WS   58087936   131072   19.742
21:48:34.575 python3        1046588 nvme1n1 WS   58088192   131072   19.816
21:48:34.575 python3        1046588 nvme1n1 WS   58088448   131072   19.892
21:48:34.575 python3        1046588 nvme1n1 WS   58088704   131072   19.971
21:48:34.575 python3        1046588 nvme1n1 WS   58088960   131072   20.043
21:48:34.575 python3        1046588 nvme1n1 WS   58089216   131072   20.084
21:48:34.575 python3        1046588 nvme1n1 WS   58089472   131072   20.165
21:48:34.576 python3        1046588 nvme1n1 WS   58089728   131072   20.293
21:48:34.576 python3        1046586 nvme1n1 WS   1585025024 131072   20.439
21:48:34.576 python3        1046586 nvme1n1 WS   1585025280 131072   20.559
21:48:34.576 python3        1046586 nvme1n1 WS   1585025536 131072   20.696
21:48:34.576 python3        1046586 nvme1n1 WS   1585025792 131072   20.836
21:48:34.576 python3        1046586 nvme1n1 WS   1585026048 131072   20.977
21:48:34.576 python3        1046586 nvme1n1 WS   1585026304 131072   21.117
21:48:34.577 python3        1046586 nvme1n1 WS   1585026560 131072   21.262
21:48:34.577 python3        1046586 nvme1n1 WS   1585026816 131072   21.364
21:48:34.577 python3        1046586 nvme1n1 WS   1585027072 131072   21.506
21:48:34.577 python3        1046586 nvme1n1 WS   1585027328 131072   21.647
21:48:34.577 python3        1046586 nvme1n1 WS   1585027584 131072   21.776
21:48:34.577 python3        1046586 nvme1n1 WS   1585027840 131072   21.904
21:48:34.577 python3        1046586 nvme1n1 WS   1585028096 131072   22.013
21:48:34.577 python3        1046586 nvme1n1 WS   1585028352 131072   22.089
21:48:34.578 python3        1046586 nvme1n1 WS   1585028608 131072   22.168
21:48:34.578 python3        1046586 nvme1n1 WS   1585028864 131072   22.231
21:48:34.578 python3        1046586 nvme1n1 WS   1585029120 131072   22.344
21:48:34.578 python3        1046586 nvme1n1 WS   1585029376 131072   22.421
21:48:34.578 python3        1046587 nvme1n1 WS   58093568   131072   20.291
21:48:34.578 python3        1046587 nvme1n1 WS   58093824   131072   20.362
21:48:34.578 python3        1046587 nvme1n1 WS   58094080   131072   20.437
21:48:34.578 python3        1046587 nvme1n1 WS   58094336   131072   20.509
21:48:34.578 python3        1046587 nvme1n1 WS   58094592   131072   20.589
21:48:34.578 python3        1046587 nvme1n1 WS   58094848   131072   20.667
21:48:34.578 python3        1046587 nvme1n1 WS   58095104   131072   20.743
21:48:34.578 python3        1046587 nvme1n1 WS   58095360   131072   20.788
21:48:34.579 python3        1046587 nvme1n1 WS   58095616   131072   20.899
21:48:34.579 python3        1046587 nvme1n1 WS   58095872   131072   21.023
21:48:34.579 python3        1046587 nvme1n1 WS   58096128   131072   21.149
21:48:34.579 python3        1046587 nvme1n1 WS   58096384   131072   21.280
21:48:34.579 python3        1046587 nvme1n1 WS   58096640   131072   21.390
21:48:34.579 python3        1046587 nvme1n1 WS   58096896   131072   21.471
21:48:34.579 python3        1046587 nvme1n1 WS   58097152   131072   21.551
21:48:34.579 python3        1046587 nvme1n1 WS   58097408   131072   21.606
21:48:34.579 python3        1046587 nvme1n1 WS   58097664   131072   21.681
21:48:34.580 python3        1046587 nvme1n1 WS   58097920   131072   21.756
21:48:34.580 python3        1046589 nvme1n1 WS   1585033216 131072   21.011
21:48:34.580 python3        1046589 nvme1n1 WS   1585033472 131072   21.081
21:48:34.580 python3        1046589 nvme1n1 WS   1585033728 131072   21.153
21:48:34.580 python3        1046589 nvme1n1 WS   1585033984 131072   21.224
21:48:34.580 python3        1046589 nvme1n1 WS   1585034240 131072   21.300
21:48:34.580 python3        1046589 nvme1n1 WS   1585034496 131072   21.378
21:48:34.580 python3        1046589 nvme1n1 WS   1585034752 131072   21.449
21:48:34.580 python3        1046589 nvme1n1 WS   1585035008 131072   21.477
21:48:34.580 python3        1046589 nvme1n1 WS   1585035264 131072   21.555
21:48:34.580 python3        1046589 nvme1n1 WS   1585035520 131072   21.629
21:48:34.580 python3        1046589 nvme1n1 WS   1585035776 131072   21.702
21:48:34.580 python3        1046589 nvme1n1 WS   1585036032 131072   21.773
21:48:34.581 python3        1046589 nvme1n1 WS   1585036288 131072   21.850
21:48:34.581 python3        1046589 nvme1n1 WS   1585036544 131072   21.920
21:48:34.581 python3        1046589 nvme1n1 WS   1585036800 131072   21.994
21:48:34.581 python3        1046589 nvme1n1 WS   1585037056 131072   22.044
21:48:34.581 python3        1046589 nvme1n1 WS   1585037312 131072   22.115
21:48:34.581 python3        1046589 nvme1n1 WS   1585037568 131072   22.184
21:48:34.581 python3        1046587 nvme1n1 WS   1585041408 131072   19.802
21:48:34.581 python3        1046587 nvme1n1 WS   1585041664 131072   19.874
21:48:34.581 python3        1046587 nvme1n1 WS   1585041920 131072   19.956
21:48:34.581 python3        1046587 nvme1n1 WS   1585042176 131072   20.034
21:48:34.581 python3        1046587 nvme1n1 WS   1585042432 131072   20.108
21:48:34.581 python3        1046587 nvme1n1 WS   1585042688 131072   20.185
21:48:34.582 python3        1046587 nvme1n1 WS   1585042944 131072   20.267
21:48:34.582 python3        1046587 nvme1n1 WS   1585043200 131072   20.305
21:48:34.582 python3        1046587 nvme1n1 WS   1585043456 131072   20.384
21:48:34.582 python3        1046587 nvme1n1 WS   1585043712 131072   20.460
21:48:34.582 python3        1046587 nvme1n1 WS   1585043968 131072   20.526
21:48:34.582 python3        1046587 nvme1n1 WS   1585044224 131072   20.651
21:48:34.582 python3        1046587 nvme1n1 WS   1585044480 131072   20.777
21:48:34.582 python3        1046587 nvme1n1 WS   1585044736 131072   20.900
21:48:34.582 python3        1046587 nvme1n1 WS   1585044992 131072   21.028
21:48:34.582 python3        1046587 nvme1n1 WS   1585045248 24576    21.050
21:48:34.582 python3        1046588 nvme1n1 WS   1585045504 131072   20.739
21:48:34.583 python3        1046588 nvme1n1 WS   1585045760 131072   20.859
21:48:34.583 python3        1046588 nvme1n1 WS   1585046016 131072   20.992
21:48:34.583 python3        1046588 nvme1n1 WS   1585046272 131072   21.117
21:48:34.583 python3        1046588 nvme1n1 WS   1585046528 131072   21.229
21:48:34.583 python3        1046588 nvme1n1 WS   1585046784 131072   21.305
21:48:34.583 python3        1046588 nvme1n1 WS   1585047040 131072   21.383
21:48:34.583 python3        1046588 nvme1n1 WS   1585047296 131072   21.426
21:48:34.583 python3        1046588 nvme1n1 WS   1585047552 131072   21.537
21:48:34.583 python3        1046588 nvme1n1 WS   1585047808 131072   21.610
21:48:34.584 python3        1046588 nvme1n1 WS   1585048064 131072   21.684
21:48:34.584 python3        1046588 nvme1n1 WS   1585048320 131072   21.762
21:48:34.584 python3        1046588 nvme1n1 WS   1585048576 131072   21.837
21:48:34.584 python3        1046588 nvme1n1 WS   1585048832 131072   21.912
21:48:34.584 python3        1046588 nvme1n1 WS   1585049088 131072   21.990
21:48:34.584 python3        1046588 nvme1n1 WS   1585049344 131072   22.051
21:48:34.584 python3        1046588 nvme1n1 WS   1585049600 131072   22.126
21:48:34.584 python3        1046588 nvme1n1 WS   1585049856 131072   22.205
21:48:34.584 python3        1046589 nvme1n1 WS   315981824  131072   21.685
21:48:34.584 python3        1046589 nvme1n1 WS   315982080  131072   21.756
21:48:34.584 python3        1046589 nvme1n1 WS   315982336  131072   21.828
21:48:34.584 python3        1046589 nvme1n1 WS   315982592  131072   21.907
21:48:34.584 python3        1046589 nvme1n1 WS   315982848  131072   21.980
21:48:34.585 python3        1046589 nvme1n1 WS   315983104  131072   22.055
21:48:34.585 python3        1046589 nvme1n1 WS   315983360  131072   22.129
21:48:34.585 python3        1046589 nvme1n1 WS   315983616  131072   22.166
21:48:34.585 python3        1046589 nvme1n1 WS   315983872  131072   22.244
21:48:34.585 python3        1046589 nvme1n1 WS   315984128  131072   22.324
21:48:34.585 python3        1046589 nvme1n1 WS   315984384  131072   22.415
21:48:34.585 python3        1046589 nvme1n1 WS   315984640  131072   22.539
21:48:34.585 python3        1046589 nvme1n1 WS   315984896  131072   22.663
21:48:34.585 python3        1046589 nvme1n1 WS   315985152  131072   22.789
21:48:34.585 python3        1046589 nvme1n1 WS   315985408  131072   22.918
21:48:34.586 python3        1046589 nvme1n1 WS   315985664  131072   23.039
21:48:34.586 python3        1046589 nvme1n1 WS   315985920  131072   23.173
21:48:34.586 python3        1046589 nvme1n1 WS   315986176  131072   23.301
21:48:34.586 python3        1046589 nvme1n1 WS   1585053696 131072   18.626
21:48:34.586 python3        1046589 nvme1n1 WS   1585053952 131072   18.701
21:48:34.586 python3        1046589 nvme1n1 WS   1585054208 131072   18.779
21:48:34.586 python3        1046589 nvme1n1 WS   1585054464 131072   18.857
21:48:34.586 python3        1046589 nvme1n1 WS   1585054720 131072   18.933
21:48:34.586 python3        1046589 nvme1n1 WS   1585054976 131072   19.009
21:48:34.587 python3        1046589 nvme1n1 WS   1585055232 131072   19.086
21:48:34.587 python3        1046589 nvme1n1 WS   1585055488 131072   19.128
21:48:34.587 python3        1046589 nvme1n1 WS   1585055744 131072   19.202
21:48:34.587 python3        1046589 nvme1n1 WS   1585056000 131072   19.280
21:48:34.587 python3        1046589 nvme1n1 WS   1585056256 131072   19.356
21:48:34.587 python3        1046589 nvme1n1 WS   1585056512 131072   19.431
21:48:34.587 python3        1046589 nvme1n1 WS   1585056768 131072   19.506
21:48:34.587 python3        1046589 nvme1n1 WS   1585057024 131072   19.584
21:48:34.587 python3        1046589 nvme1n1 WS   1585057280 131072   19.660
21:48:34.587 python3        1046589 nvme1n1 WS   1585057536 24576    19.684
21:48:34.587 python3        1046586 nvme1n1 WS   1585057792 131072   19.193
21:48:34.587 python3        1046586 nvme1n1 WS   1585058048 131072   19.292
21:48:34.588 python3        1046586 nvme1n1 WS   1585058304 131072   19.419
21:48:34.588 python3        1046586 nvme1n1 WS   1585058560 131072   19.543
21:48:34.588 python3        1046586 nvme1n1 WS   1585058816 131072   19.667
21:48:34.588 python3        1046586 nvme1n1 WS   1585059072 131072   19.742
21:48:34.588 python3        1046586 nvme1n1 WS   1585059328 131072   19.816
21:48:34.588 python3        1046586 nvme1n1 WS   1585059584 131072   19.842
21:48:34.588 python3        1046586 nvme1n1 WS   1585059840 131072   19.918
21:48:34.588 python3        1046586 nvme1n1 WS   1585060096 131072   19.993
21:48:34.588 python3        1046586 nvme1n1 WS   1585060352 131072   20.066
21:48:34.588 python3        1046586 nvme1n1 WS   1585060608 131072   20.146
21:48:34.589 python3        1046586 nvme1n1 WS   1585060864 131072   20.255
21:48:34.589 python3        1046586 nvme1n1 WS   1585061120 131072   20.379
21:48:34.589 python3        1046586 nvme1n1 WS   1585061376 131072   20.502
21:48:34.589 python3        1046586 nvme1n1 WS   1585061632 131072   20.601
21:48:34.589 python3        1046586 nvme1n1 WS   1585061888 131072   20.723
21:48:34.589 python3        1046586 nvme1n1 WS   1585062144 131072   20.850
21:48:34.589 python3        1046588 nvme1n1 WS   1585065984 131072   18.660
21:48:34.589 python3        1046588 nvme1n1 WS   1585066240 131072   18.734
21:48:34.590 python3        1046588 nvme1n1 WS   1585066496 131072   18.874
21:48:34.590 python3        1046588 nvme1n1 WS   1585066752 131072   19.015
21:48:34.590 python3        1046588 nvme1n1 WS   1585067008 131072   19.158
21:48:34.590 python3        1046588 nvme1n1 WS   1585067264 131072   19.301
21:48:34.590 python3        1046588 nvme1n1 WS   1585067520 131072   19.442
21:48:34.590 python3        1046588 nvme1n1 WS   1585067776 131072   19.547
21:48:34.590 python3        1046588 nvme1n1 WS   1585068032 131072   19.666
21:48:34.591 python3        1046588 nvme1n1 WS   1585068288 131072   19.748
21:48:34.591 python3        1046588 nvme1n1 WS   1585068544 131072   19.826
21:48:34.591 python3        1046588 nvme1n1 WS   1585068800 131072   19.906
21:48:34.591 python3        1046588 nvme1n1 WS   1585069056 131072   19.979
21:48:34.591 python3        1046588 nvme1n1 WS   1585069312 131072   20.056
21:48:34.591 python3        1046588 nvme1n1 WS   1585069568 131072   20.134
21:48:34.591 python3        1046588 nvme1n1 WS   1585069824 24576    20.149
21:48:34.591 python3        1046586 nvme1n1 WS   1585070080 131072   19.858
21:48:34.591 python3        1046586 nvme1n1 WS   1585070336 131072   19.933
21:48:34.591 python3        1046586 nvme1n1 WS   1585070592 131072   20.005
21:48:34.591 python3        1046586 nvme1n1 WS   1585070848 131072   20.084
21:48:34.591 python3        1046586 nvme1n1 WS   1585071104 131072   20.160
21:48:34.591 python3        1046586 nvme1n1 WS   1585071360 131072   20.237
21:48:34.592 python3        1046586 nvme1n1 WS   1585071616 131072   20.322
21:48:34.592 python3        1046586 nvme1n1 WS   1585071872 131072   20.354
21:48:34.592 python3        1046586 nvme1n1 WS   1585072128 131072   20.431
21:48:34.592 python3        1046586 nvme1n1 WS   1585072384 131072   20.506
21:48:34.592 python3        1046586 nvme1n1 WS   1585072640 131072   20.582
21:48:34.592 python3        1046586 nvme1n1 WS   1585072896 131072   20.664
21:48:34.592 python3        1046586 nvme1n1 WS   1585073152 131072   20.728
21:48:34.592 python3        1046586 nvme1n1 WS   1585073408 131072   20.816
21:48:34.592 python3        1046586 nvme1n1 WS   1585073664 131072   20.942
21:48:34.592 python3        1046586 nvme1n1 WS   1585073920 24576    20.965
21:48:34.973 libuv-w        2068    nvme0n1 WS   37220864   4096      0.863
21:48:34.975 jbd2/nv        391     nvme0n1 WSM  4234992    24576     1.070
21:48:34.975 jbd2/nv        391     nvme0n1 WSM  4235040    4096      0.768
21:48:35.065 nvme           1186938 Unknown N    -1         512       0.038
21:48:35.421 libuv-w        2068    nvme0n1 WS   15387616   4096      0.971
21:48:35.423 jbd2/nv        391     nvme0n1 WSM  4235048    40960     1.228
21:48:35.424 jbd2/nv        391     nvme0n1 WSM  4235128    4096      0.715
21:48:35.625 ib_log_        125949  nvme1n1 WS   1755850424 4096      0.068
21:48:35.625 ib_log_        125949  nvme1n1 WS   1755850424 4096      0.032
21:48:35.626 connect        125949  nvme1n1 WS   1738223312 8192      0.040
21:48:35.626 jbd2/nv        752     nvme1n1 WSM  878173464  131072    0.146
21:48:35.626 jbd2/nv        752     nvme1n1 WSM  878173720  118784    0.165
21:48:35.626 jbd2/nv        752     nvme1n1 WSM  878173952  4096      0.031
21:48:35.626 ib_log_        125949  nvme1n1 WS   1755850424 4096      0.030
21:48:35.627 ib_log_        125949  nvme1n1 WS   1755850424 4096      0.031
21:48:35.627 ib_log_        125949  nvme1n1 WS   1755850432 8192      0.031
21:48:35.628 jbd2/nv        752     nvme1n1 WSM  878173960  12288     0.037
21:48:35.628 jbd2/nv        752     nvme1n1 WSM  878173984  4096      0.028
21:48:35.628 jbd2/nv        752     nvme1n1 WSM  878173992  20480     0.043
21:48:35.628 jbd2/nv        752     nvme1n1 WSM  878174032  4096      0.028
21:48:35.628 connect        125949  nvme1n1 WS   1733606912 114688    0.131
21:48:35.628 jbd2/nv        752     nvme1n1 WSM  878174040  16384     0.039
21:48:35.628 jbd2/nv        752     nvme1n1 WSM  878174072  4096      0.026
21:48:35.628 connect        125949  nvme1n1 WS   1753733600 16384     0.042
21:48:35.628 jbd2/nv        752     nvme1n1 WSM  878174080  24576     0.047
21:48:35.628 jbd2/nv        752     nvme1n1 WSM  878174128  4096      0.028
21:48:35.628 ib_log_        125949  nvme1n1 WS   1755850440 4096      0.029
21:48:35.629 ib_log_        125949  nvme1n1 WS   1755850440 4096      0.031
21:48:35.629 ib_log_        125949  nvme1n1 WS   1755850448 8192      0.032
21:48:35.629 jbd2/nv        752     nvme1n1 WSM  878174136  8192      0.030
21:48:35.629 jbd2/nv        752     nvme1n1 WSM  878174152  4096      0.031
21:48:35.629 ib_log_        125949  nvme1n1 WS   1755850448 4096      0.029
21:48:35.630 ib_log_        125949  nvme1n1 WS   1755850448 8192      0.033
21:48:35.631 ib_log_        125949  nvme1n1 WS   1755850456 12288     0.039
21:48:35.631 jbd2/nv        752     nvme1n1 WSM  878174160  8192      0.031
21:48:35.631 jbd2/nv        752     nvme1n1 WSM  878174176  4096      0.026
21:48:35.631 ib_log_        125949  nvme1n1 WS   1755850464 4096      0.028
21:48:35.632 connect        125949  nvme1n1 WS   1738223320 4096      0.032
21:48:35.632 jbd2/nv        752     nvme1n1 WSM  878174184  8192      0.036
21:48:35.632 jbd2/nv        752     nvme1n1 WSM  878174200  4096      0.027
21:48:35.632 ib_log_        125949  nvme1n1 WS   1755850464 4096      0.028
21:48:35.633 ib_log_        125949  nvme1n1 WS   1755850464 8192      0.035
21:48:35.633 connect        125949  nvme1n1 WS   1738223320 4096      0.034
21:48:35.633 jbd2/nv        752     nvme1n1 WSM  878174208  12288     0.038
21:48:35.633 jbd2/nv        752     nvme1n1 WSM  878174232  4096      0.026
21:48:35.634 ib_log_        125949  nvme1n1 WS   1755850472 4096      0.035
21:48:35.688 ib_log_        125949  nvme1n1 WS   1755850472 4096      0.051
21:48:35.688 ib_log_        125949  nvme1n1 WS   1755850480 8192      0.032
21:48:35.688 jbd2/nv        752     nvme1n1 WSM  878174240  8192      0.040
21:48:35.688 jbd2/nv        752     nvme1n1 WSM  878174256  4096      0.029
21:48:35.689 ib_log_        125949  nvme1n1 WS   1755850480 4096      0.030
21:48:35.783 libuv-w        2068    nvme0n1 WS   36108984   4096      0.909
21:48:35.785 jbd2/nv        391     nvme0n1 WSM  4235136    81920     1.570
21:48:35.786 jbd2/nv        391     nvme0n1 WSM  4235296    4096      0.801
21:48:35.797 ib_log_        125949  nvme1n1 WS   1755850480 4096      0.045
21:48:36.058 libuv-w        2068    nvme0n1 WS   35580728   4096      1.030
21:48:36.059 jbd2/nv        391     nvme0n1 WSM  4235304    32768     1.214
21:48:36.060 jbd2/nv        391     nvme0n1 WSM  4235368    4096      0.830
21:48:36.068 nvme           1187051 Unknown N    -1         512       0.035
21:48:36.241 VLLM::W        1046588 nvme1n1 RS   1565323264 131072    0.227
21:48:36.241 VLLM::W        1046588 nvme1n1 RS   1565323520 131072    0.228
21:48:36.241 VLLM::W        1046588 nvme1n1 RS   1565323776 131072    0.249
21:48:36.241 VLLM::W        1046588 nvme1n1 RS   1565324032 131072    0.281
21:48:36.241 VLLM::W        1046588 nvme1n1 RS   1565324288 131072    0.325
21:48:36.241 VLLM::W        1046588 nvme1n1 RS   1565324544 131072    0.362
21:48:36.241 VLLM::W        1046588 nvme1n1 RS   1565324800 131072    0.389
21:48:36.241 VLLM::W        1046588 nvme1n1 RS   1565325056 131072    0.415
21:48:36.241 VLLM::W        1046588 nvme1n1 RS   1565325312 131072    0.425
21:48:36.241 VLLM::W        1046588 nvme1n1 RS   1565325568 131072    0.448
21:48:36.241 VLLM::W        1046588 nvme1n1 RS   1565325824 131072    0.484
21:48:36.241 VLLM::W        1046588 nvme1n1 RS   1565326080 131072    0.514
21:48:36.241 VLLM::W        1046588 nvme1n1 RS   1565326336 131072    0.548
21:48:36.241 VLLM::W        1046588 nvme1n1 RS   1565326592 131072    0.595
21:48:36.241 VLLM::W        1046588 nvme1n1 RS   1565326848 131072    0.605
21:48:36.241 VLLM::W        1046588 nvme1n1 RS   1565327104 131072    0.651
21:48:36.241 VLLM::W        1046588 nvme1n1 RS   1565458432 131072    0.686
21:48:36.241 VLLM::W        1046588 nvme1n1 RS   1565458688 131072    0.696
21:48:36.241 VLLM::W        1046586 nvme1n1 RS   1565462528 131072    0.197
21:48:36.241 VLLM::W        1046586 nvme1n1 RS   1565462784 131072    0.220
21:48:36.241 VLLM::W        1046586 nvme1n1 RS   1565463040 131072    0.256
21:48:36.242 VLLM::W        1046586 nvme1n1 RS   1565463296 131072    0.295
21:48:36.242 VLLM::W        1046586 nvme1n1 RS   1565463552 131072    0.330
21:48:36.242 VLLM::W        1046586 nvme1n1 RS   1565463808 131072    0.381
21:48:36.242 VLLM::W        1046586 nvme1n1 RS   1565464064 131072    0.390
21:48:36.242 VLLM::W        1046586 nvme1n1 RS   1565464320 131072    0.431
21:48:36.242 VLLM::W        1046586 nvme1n1 RS   1565464576 131072    0.449
21:48:36.242 VLLM::W        1046586 nvme1n1 RS   1565464832 131072    0.460
21:48:36.242 VLLM::W        1046586 nvme1n1 RS   1565465088 131072    0.487
21:48:36.242 VLLM::W        1046586 nvme1n1 RS   1565465856 131072    0.604
21:48:36.242 VLLM::W        1046586 nvme1n1 RS   1565465344 131072    0.630
21:48:36.242 VLLM::W        1046586 nvme1n1 RS   1565465600 131072    0.646
21:48:36.242 VLLM::W        1046586 nvme1n1 RS   1565466112 131072    0.650
21:48:36.242 VLLM::W        1046586 nvme1n1 RS   1565466368 131072    0.703
21:48:36.242 VLLM::W        1046586 nvme1n1 RS   1565483008 131072    0.720
21:48:36.242 VLLM::W        1046586 nvme1n1 RS   1565483264 131072    0.730
21:48:36.242 VLLM::W        1046586 nvme1n1 RS   844926976  131072    0.182
21:48:36.242 VLLM::W        1046586 nvme1n1 RS   844927232  131072    0.203
21:48:36.242 VLLM::W        1046586 nvme1n1 RS   844927488  131072    0.241
21:48:36.243 VLLM::W        1046586 nvme1n1 RS   844927744  131072    0.283
21:48:36.243 VLLM::W        1046586 nvme1n1 RS   844928000  131072    0.315
21:48:36.243 VLLM::W        1046586 nvme1n1 RS   844928256  131072    0.361
21:48:36.243 VLLM::W        1046586 nvme1n1 RS   844928512  131072    0.372
21:48:36.243 VLLM::W        1046586 nvme1n1 RS   844928768  131072    0.433
21:48:36.243 VLLM::W        1046586 nvme1n1 RS   844929024  131072    0.451
21:48:36.243 VLLM::W        1046586 nvme1n1 RS   844929280  131072    0.470
21:48:36.243 VLLM::W        1046586 nvme1n1 RS   844929536  131072    0.488
21:48:36.243 VLLM::W        1046586 nvme1n1 RS   844929792  131072    0.524
21:48:36.243 VLLM::W        1046586 nvme1n1 RS   844930048  131072    0.549
21:48:36.243 VLLM::W        1046586 nvme1n1 RS   844930304  131072    0.585
21:48:36.243 VLLM::W        1046586 nvme1n1 RS   844930560  131072    0.623
21:48:36.243 VLLM::W        1046586 nvme1n1 RS   844930816  131072    0.647
21:48:36.243 VLLM::W        1046586 nvme1n1 RS   844931072  131072    0.680
21:48:36.243 VLLM::W        1046586 nvme1n1 RS   844931328  131072    0.708
21:48:36.243 VLLM::W        1046588 nvme1n1 RS   731176960  131072    0.471
21:48:36.243 VLLM::W        1046588 nvme1n1 RS   731177216  131072    0.470
21:48:36.243 VLLM::W        1046588 nvme1n1 RS   731177984  131072    0.539
21:48:36.243 VLLM::W        1046588 nvme1n1 RS   731178240  131072    0.600
21:48:36.243 VLLM::W        1046588 nvme1n1 RS   731177472  131072    0.636
21:48:36.243 VLLM::W        1046588 nvme1n1 RS   731177728  131072    0.649
21:48:36.243 VLLM::W        1046588 nvme1n1 RS   731178496  131072    0.694
21:48:36.243 VLLM::W        1046588 nvme1n1 RS   731178752  131072    0.659
21:48:36.243 VLLM::W        1046588 nvme1n1 RS   731179008  131072    0.669
21:48:36.244 VLLM::W        1046588 nvme1n1 RS   731179520  131072    0.737
21:48:36.244 VLLM::W        1046588 nvme1n1 RS   731179264  131072    0.760
21:48:36.244 VLLM::W        1046588 nvme1n1 RS   731179776  131072    0.766
21:48:36.244 VLLM::W        1046588 nvme1n1 RS   731180544  131072    0.842
21:48:36.244 VLLM::W        1046588 nvme1n1 RS   731180288  131072    0.875
21:48:36.244 VLLM::W        1046588 nvme1n1 RS   731180032  131072    0.894
21:48:36.244 VLLM::W        1046588 nvme1n1 RS   731250944  131072    0.964
21:48:36.244 VLLM::W        1046588 nvme1n1 RS   731180800  131072    0.980
21:48:36.244 VLLM::W        1046588 nvme1n1 RS   731250688  131072    0.993
21:48:36.244 VLLM::W        1046586 nvme1n1 RS   1565466624 131072    0.632
21:48:36.244 VLLM::W        1046586 nvme1n1 RS   1565466880 131072    0.640
21:48:36.244 VLLM::W        1046586 nvme1n1 RS   1565467136 131072    0.679
21:48:36.244 VLLM::W        1046586 nvme1n1 RS   1565467392 131072    0.703
21:48:36.244 VLLM::W        1046586 nvme1n1 RS   1565467648 131072    0.721
21:48:36.244 VLLM::W        1046586 nvme1n1 RS   1565467904 131072    0.740
21:48:36.244 VLLM::W        1046586 nvme1n1 RS   1565468160 131072    0.816
21:48:36.244 VLLM::W        1046586 nvme1n1 RS   1565468416 131072    0.793
21:48:36.244 VLLM::W        1046586 nvme1n1 RS   1565468672 131072    0.823
21:48:36.244 VLLM::W        1046586 nvme1n1 RS   1565468928 131072    0.833
21:48:36.244 VLLM::W        1046586 nvme1n1 RS   1565469440 131072    0.894
21:48:36.244 VLLM::W        1046586 nvme1n1 RS   1565469184 131072    0.918
21:48:36.244 VLLM::W        1046586 nvme1n1 RS   1565469696 131072    0.924
21:48:36.244 VLLM::W        1046586 nvme1n1 RS   1565469952 131072    0.968
21:48:36.244 VLLM::W        1046586 nvme1n1 RS   1565470208 131072    0.978
21:48:36.244 VLLM::W        1046586 nvme1n1 RS   1565470464 131072    1.004
21:48:36.244 VLLM::W        1046586 nvme1n1 RS   1565487104 131072    1.032
21:48:36.244 VLLM::W        1046586 nvme1n1 RS   1565487360 131072    1.059
21:48:36.244 VLLM::W        1046587 nvme1n1 RS   1565474816 131072    0.851
21:48:36.245 VLLM::W        1046587 nvme1n1 RS   1565475072 131072    0.863
21:48:36.245 VLLM::W        1046587 nvme1n1 RS   1565475328 131072    0.872
21:48:36.245 VLLM::W        1046587 nvme1n1 RS   1565475584 131072    0.905
21:48:36.245 VLLM::W        1046587 nvme1n1 RS   1565475840 131072    0.944
21:48:36.245 VLLM::W        1046587 nvme1n1 RS   1565476096 131072    0.979
21:48:36.245 VLLM::W        1046587 nvme1n1 RS   1565476352 131072    1.034
21:48:36.245 VLLM::W        1046587 nvme1n1 RS   1565476608 131072    0.996
21:48:36.245 VLLM::W        1046587 nvme1n1 RS   1565476864 131072    1.023
21:48:36.245 VLLM::W        1046587 nvme1n1 RS   1565477120 131072    1.060
21:48:36.245 VLLM::W        1046587 nvme1n1 RS   1565477376 131072    1.088
21:48:36.245 VLLM::W        1046587 nvme1n1 RS   1565477632 131072    1.113
21:48:36.245 VLLM::W        1046587 nvme1n1 RS   1565477888 131072    1.174
21:48:36.245 VLLM::W        1046587 nvme1n1 RS   1565478144 131072    1.184
21:48:36.245 VLLM::W        1046587 nvme1n1 RS   1565478400 131072    1.214
21:48:36.245 VLLM::W        1046587 nvme1n1 RS   1565478656 131072    1.247
21:48:36.245 VLLM::W        1046587 nvme1n1 RS   1565495296 131072    1.288
21:48:36.245 VLLM::W        1046587 nvme1n1 RS   1565495552 131072    1.299
21:48:36.245 VLLM::W        1046588 nvme1n1 RS   731181056  131072    1.200
21:48:36.245 VLLM::W        1046588 nvme1n1 RS   731181312  131072    1.212
21:48:36.245 VLLM::W        1046588 nvme1n1 RS   731181568  131072    1.224
21:48:36.245 VLLM::W        1046588 nvme1n1 RS   731181824  131072    1.233
21:48:36.245 VLLM::W        1046588 nvme1n1 RS   731182080  131072    1.285
21:48:36.245 VLLM::W        1046588 nvme1n1 RS   731182592  131072    1.347
21:48:36.245 VLLM::W        1046588 nvme1n1 RS   731182336  131072    1.363
21:48:36.245 VLLM::W        1046588 nvme1n1 RS   731183104  131072    1.374
21:48:36.245 VLLM::W        1046588 nvme1n1 RS   731182848  131072    1.387
21:48:36.246 VLLM::W        1046588 nvme1n1 RS   731183360  131072    1.440
21:48:36.246 VLLM::W        1046588 nvme1n1 RS   731183616  131072    1.457
21:48:36.246 VLLM::W        1046588 nvme1n1 RS   731183872  131072    1.467
21:48:36.246 VLLM::W        1046588 nvme1n1 RS   731184384  131072    1.519
21:48:36.246 VLLM::W        1046588 nvme1n1 RS   731184128  131072    1.582
21:48:36.246 VLLM::W        1046588 nvme1n1 RS   731184640  131072    1.577
21:48:36.246 VLLM::W        1046588 nvme1n1 RS   731184896  131072    1.572
21:48:36.246 VLLM::W        1046588 nvme1n1 RS   1565470976 131072    1.633
21:48:36.246 VLLM::W        1046588 nvme1n1 RS   1565470720 131072    1.656
21:48:36.246 VLLM::W        1046586 nvme1n1 RS   1565478912 131072    1.228
21:48:36.246 VLLM::W        1046586 nvme1n1 RS   1565479168 131072    1.254
21:48:36.246 VLLM::W        1046586 nvme1n1 RS   1565479680 131072    1.329
21:48:36.246 VLLM::W        1046586 nvme1n1 RS   1565479424 131072    1.355
21:48:36.246 VLLM::W        1046586 nvme1n1 RS   1565479936 131072    1.370
21:48:36.246 VLLM::W        1046586 nvme1n1 RS   1565480192 131072    1.404
21:48:36.246 VLLM::W        1046586 nvme1n1 RS   1565480448 131072    1.469
21:48:36.246 VLLM::W        1046586 nvme1n1 RS   1565480960 131072    1.470
21:48:36.246 VLLM::W        1046586 nvme1n1 RS   1565480704 131072    1.494
21:48:36.246 VLLM::W        1046586 nvme1n1 RS   1565481216 131072    1.501
21:48:36.246 VLLM::W        1046586 nvme1n1 RS   1565481472 131072    1.574
21:48:36.246 VLLM::W        1046586 nvme1n1 RS   1565481728 131072    1.586
21:48:36.246 VLLM::W        1046586 nvme1n1 RS   1565481984 131072    1.608
21:48:36.246 VLLM::W        1046586 nvme1n1 RS   1565482240 131072    1.614
21:48:36.246 VLLM::W        1046586 nvme1n1 RS   1565482496 131072    1.648
21:48:36.246 VLLM::W        1046586 nvme1n1 RS   1565482752 131072    1.677
21:48:36.246 VLLM::W        1046586 nvme1n1 RS   1565491200 131072    1.712
21:48:36.246 VLLM::W        1046586 nvme1n1 RS   1565491456 131072    1.751
21:48:36.246 VLLM::W        1046587 nvme1n1 RS   1565499392 131072    1.215
21:48:36.247 VLLM::W        1046587 nvme1n1 RS   1565499648 131072    1.252
21:48:36.247 VLLM::W        1046587 nvme1n1 RS   1565499904 131072    1.287
21:48:36.247 VLLM::W        1046587 nvme1n1 RS   1565500160 131072    1.297
21:48:36.247 VLLM::W        1046587 nvme1n1 RS   1565500672 131072    1.379
21:48:36.247 VLLM::W        1046587 nvme1n1 RS   1565500416 131072    1.396
21:48:36.247 VLLM::W        1046587 nvme1n1 RS   1565500928 131072    1.452
21:48:36.247 VLLM::W        1046589 nvme1n1 RS   575737856  131072    1.464
21:48:36.247 VLLM::W        1046589 nvme1n1 RS   575738112  131072    1.534
21:48:36.247 VLLM::W        1046589 nvme1n1 RS   575738368  131072    1.550
21:48:36.247 VLLM::W        1046589 nvme1n1 RS   575738624  131072    1.559
21:48:36.247 VLLM::W        1046589 nvme1n1 RS   575738880  131072    1.633
21:48:36.247 VLLM::W        1046589 nvme1n1 RS   575739136  131072    1.648
21:48:36.247 VLLM::W        1046589 nvme1n1 RS   575739392  131072    1.666
21:48:36.247 VLLM::W        1046587 nvme1n1 RS   1565501184 131072    1.741
21:48:36.247 VLLM::W        1046587 nvme1n1 RS   1565501952 131072    1.772
21:48:36.247 VLLM::W        1046587 nvme1n1 RS   1565502208 131072    1.811
21:48:36.247 VLLM::W        1046587 nvme1n1 RS   1565501440 131072    1.841
21:48:36.247 VLLM::W        1046587 nvme1n1 RS   1565501696 131072    1.851
21:48:36.247 VLLM::W        1046587 nvme1n1 RS   1565502464 131072    1.934
21:48:36.247 VLLM::W        1046587 nvme1n1 RS   1565502720 131072    2.031
21:48:36.247 VLLM::W        1046587 nvme1n1 RS   1565502976 131072    2.048
21:48:36.247 VLLM::W        1046587 nvme1n1 RS   1565511680 131072    2.048
21:48:36.247 VLLM::W        1046587 nvme1n1 RS   1565503232 131072    2.060
21:48:36.247 VLLM::W        1046589 nvme1n1 RS   575739648  131072    2.123
21:48:36.247 VLLM::W        1046589 nvme1n1 RS   575739904  131072    2.139
21:48:36.248 VLLM::W        1046589 nvme1n1 RS   575740160  131072    2.156
21:48:36.248 VLLM::W        1046589 nvme1n1 RS   575740416  131072    2.160
21:48:36.248 VLLM::W        1046589 nvme1n1 RS   575741184  131072    2.214
21:48:36.248 VLLM::W        1046589 nvme1n1 RS   575740672  131072    2.282
21:48:36.248 VLLM::W        1046589 nvme1n1 RS   575741440  131072    2.272
21:48:36.248 VLLM::W        1046587 nvme1n1 RS   1565511936 131072    2.364
21:48:36.248 VLLM::W        1046589 nvme1n1 RS   575742208  131072    2.358
21:48:36.248 VLLM::W        1046589 nvme1n1 RS   575740928  131072    2.406
21:48:36.248 VLLM::W        1046588 nvme1n1 RS   1565516032 131072    1.921
21:48:36.248 VLLM::W        1046588 nvme1n1 RS   1565516288 131072    1.958
21:48:36.248 VLLM::W        1046589 nvme1n1 RS   575741696  131072    2.499
21:48:36.248 VLLM::W        1046589 nvme1n1 RS   575741952  131072    2.514
21:48:36.248 VLLM::W        1046588 nvme1n1 RS   1565517056 131072    2.050
21:48:36.248 VLLM::W        1046588 nvme1n1 RS   1565515776 131072    2.094
21:48:36.248 VLLM::W        1046588 nvme1n1 RS   1565517312 131072    2.099
21:48:36.248 VLLM::W        1046588 nvme1n1 RS   1565516544 131072    2.130
21:48:36.248 VLLM::W        1046588 nvme1n1 RS   1565516800 131072    2.140
21:48:36.248 VLLM::W        1046588 nvme1n1 RS   1565518080 131072    2.114
21:48:36.248 VLLM::W        1046588 nvme1n1 RS   1565517568 131072    2.136
21:48:36.248 VLLM::W        1046588 nvme1n1 RS   1565517824 131072    2.153
21:48:36.248 VLLM::W        1046588 nvme1n1 RS   1565518336 131072    2.177
21:48:36.248 VLLM::W        1046588 nvme1n1 RS   1565518592 131072    2.179
21:48:36.248 VLLM::W        1046588 nvme1n1 RS   1565518848 131072    2.210
21:48:36.248 VLLM::W        1046588 nvme1n1 RS   1565519104 131072    2.261
21:48:36.248 VLLM::W        1046588 nvme1n1 RS   1565519360 131072    2.268
21:48:36.248 VLLM::W        1046588 nvme1n1 RS   1565519616 131072    2.328
21:48:36.248 VLLM::W        1046588 nvme1n1 RS   1565523968 131072    2.337
21:48:36.248 VLLM::W        1046588 nvme1n1 RS   1565524224 131072    2.359
21:48:36.248 VLLM::W        1046587 nvme1n1 RS   844935168  131072    0.583
21:48:36.248 VLLM::W        1046587 nvme1n1 RS   844935424  131072    0.611
21:48:36.249 VLLM::W        1046587 nvme1n1 RS   844935680  131072    0.641
21:48:36.249 VLLM::W        1046587 nvme1n1 RS   844935936  131072    0.680
21:48:36.249 VLLM::W        1046587 nvme1n1 RS   844936192  131072    0.715
21:48:36.249 VLLM::W        1046587 nvme1n1 RS   844936448  131072    0.742
21:48:36.249 VLLM::W        1046587 nvme1n1 RS   844936704  131072    0.772
21:48:36.249 VLLM::W        1046587 nvme1n1 RS   844936960  131072    0.766
21:48:36.249 VLLM::W        1046587 nvme1n1 RS   844937216  131072    0.782
21:48:36.249 VLLM::W        1046587 nvme1n1 RS   844937472  131072    0.814
21:48:36.249 VLLM::W        1046587 nvme1n1 RS   844937728  131072    0.851
21:48:36.249 VLLM::W        1046587 nvme1n1 RS   844937984  131072    0.878
21:48:36.249 VLLM::W        1046587 nvme1n1 RS   844938240  131072    0.917
21:48:36.249 VLLM::W        1046587 nvme1n1 RS   844938496  131072    0.946
21:48:36.249 VLLM::W        1046587 nvme1n1 RS   844938752  131072    0.979
21:48:36.249 VLLM::W        1046587 nvme1n1 RS   844939008  131072    1.002
21:48:36.249 VLLM::W        1046587 nvme1n1 RS   844939264  131072    1.041
21:48:36.249 VLLM::W        1046587 nvme1n1 RS   844939520  131072    1.077
21:48:36.249 VLLM::W        1046589 nvme1n1 RS   1565519872 131072    0.972
21:48:36.249 VLLM::W        1046589 nvme1n1 RS   1565520128 131072    0.985
21:48:36.249 VLLM::W        1046589 nvme1n1 RS   1565520384 131072    1.020
21:48:36.249 VLLM::W        1046589 nvme1n1 RS   1565520640 131072    1.048
21:48:36.249 VLLM::W        1046589 nvme1n1 RS   1565520896 131072    1.099
21:48:36.249 VLLM::W        1046589 nvme1n1 RS   1565521152 131072    1.176
21:48:36.249 VLLM::W        1046589 nvme1n1 RS   1565521408 131072    1.191
21:48:36.249 VLLM::W        1046589 nvme1n1 RS   1565521664 131072    1.165
21:48:36.249 VLLM::W        1046589 nvme1n1 RS   1565521920 131072    1.185
21:48:36.249 VLLM::W        1046589 nvme1n1 RS   1565522176 131072    1.186
21:48:36.249 VLLM::W        1046589 nvme1n1 RS   1565522432 131072    1.219
21:48:36.250 VLLM::W        1046589 nvme1n1 RS   1565522688 131072    1.249
21:48:36.250 VLLM::W        1046589 nvme1n1 RS   1565522944 131072    1.281
21:48:36.250 VLLM::W        1046589 nvme1n1 RS   1565523200 131072    1.321
21:48:36.250 VLLM::W        1046589 nvme1n1 RS   1565523456 131072    1.352
21:48:36.250 VLLM::W        1046589 nvme1n1 RS   1565523712 131072    1.380
21:48:36.250 VLLM::W        1046589 nvme1n1 RS   1565536256 131072    1.419
21:48:36.250 VLLM::W        1046589 nvme1n1 RS   1565536512 131072    1.473
21:48:36.250 VLLM::W        1046587 nvme1n1 RS   1565504000 131072    0.616
21:48:36.250 VLLM::W        1046587 nvme1n1 RS   1565503488 131072    0.645
21:48:36.250 VLLM::W        1046587 nvme1n1 RS   1565503744 131072    0.650
21:48:36.250 VLLM::W        1046587 nvme1n1 RS   1565504256 131072    0.744
21:48:36.250 VLLM::W        1046587 nvme1n1 RS   1565504512 131072    0.755
21:48:36.250 VLLM::W        1046587 nvme1n1 RS   1565505280 131072    0.757
21:48:36.250 VLLM::W        1046587 nvme1n1 RS   1565504768 131072    0.835
21:48:36.250 VLLM::W        1046587 nvme1n1 RS   1565505024 131072    0.857
21:48:36.250 VLLM::W        1046587 nvme1n1 RS   1565505536 131072    0.835
21:48:36.250 VLLM::W        1046587 nvme1n1 RS   1565505792 131072    0.836
21:48:36.250 VLLM::W        1046587 nvme1n1 RS   1565506304 131072    0.907
21:48:36.250 VLLM::W        1046587 nvme1n1 RS   1565506048 131072    0.918
21:48:36.250 VLLM::W        1046587 nvme1n1 RS   1565506560 131072    0.959
21:48:36.250 VLLM::W        1046587 nvme1n1 RS   1565506816 131072    0.999
21:48:36.250 VLLM::W        1046587 nvme1n1 RS   1565507072 131072    1.004
21:48:36.250 VLLM::W        1046587 nvme1n1 RS   1565507328 131072    1.014
21:48:36.250 VLLM::W        1046587 nvme1n1 RS   1565507584 131072    1.085
21:48:36.250 VLLM::W        1046587 nvme1n1 RS   1565507840 131072    1.096
21:48:36.251 VLLM::W        1046589 nvme1n1 RS   1581851392 131072    0.578
21:48:36.251 VLLM::W        1046589 nvme1n1 RS   1581850624 131072    0.602
21:48:36.251 VLLM::W        1046589 nvme1n1 RS   1581850880 131072    0.695
21:48:36.251 VLLM::W        1046589 nvme1n1 RS   1581851136 131072    0.711
21:48:36.251 VLLM::W        1046589 nvme1n1 RS   1581851648 131072    0.730
21:48:36.251 VLLM::W        1046589 nvme1n1 RS   1581852416 131072    0.680
21:48:36.251 VLLM::W        1046589 nvme1n1 RS   1581852672 131072    0.720
21:48:36.251 VLLM::W        1046589 nvme1n1 RS   1581851904 131072    0.847
21:48:36.251 VLLM::W        1046589 nvme1n1 RS   1581852160 131072    0.868
21:48:36.251 VLLM::W        1046589 nvme1n1 RS   1581853440 131072    0.815
21:48:36.251 VLLM::W        1046589 nvme1n1 RS   1581853696 131072    0.836
21:48:36.251 VLLM::W        1046589 nvme1n1 RS   1581852928 131072    0.874
21:48:36.251 VLLM::W        1046589 nvme1n1 RS   1581853184 131072    0.879
21:48:36.251 VLLM::W        1046589 nvme1n1 RS   1581854464 131072    0.910
21:48:36.251 VLLM::W        1046589 nvme1n1 RS   1581853952 131072    0.955
21:48:36.251 VLLM::W        1046589 nvme1n1 RS   1581854208 131072    0.971
21:48:36.251 VLLM::W        1046589 nvme1n1 RS   1581854720 131072    0.967
21:48:36.251 VLLM::W        1046589 nvme1n1 RS   1581854976 131072    0.977
21:48:36.251 VLLM::W        1046589 nvme1n1 RS   1685999616 131072    0.201
21:48:36.251 VLLM::W        1046589 nvme1n1 RS   1685999872 131072    0.197
21:48:36.251 VLLM::W        1046589 nvme1n1 RS   1686000128 131072    0.234
21:48:36.252 VLLM::W        1046589 nvme1n1 RS   1686000384 131072    0.268
21:48:36.252 VLLM::W        1046589 nvme1n1 RS   1686000640 131072    0.308
21:48:36.252 VLLM::W        1046589 nvme1n1 RS   1686000896 131072    0.342
21:48:36.252 VLLM::W        1046589 nvme1n1 RS   1686001152 131072    0.368
21:48:36.252 VLLM::W        1046589 nvme1n1 RS   1686001408 131072    0.355
21:48:36.252 VLLM::W        1046589 nvme1n1 RS   1686001920 131072    0.429
21:48:36.252 VLLM::W        1046589 nvme1n1 RS   1686001664 131072    0.458
21:48:36.252 VLLM::W        1046589 nvme1n1 RS   1686002176 131072    0.459
21:48:36.252 VLLM::W        1046589 nvme1n1 RS   1686002432 131072    0.484
21:48:36.252 VLLM::W        1046589 nvme1n1 RS   1686002688 131072    0.520
21:48:36.252 VLLM::W        1046589 nvme1n1 RS   1686002944 131072    0.556
21:48:36.252 VLLM::W        1046589 nvme1n1 RS   1686003200 131072    0.589
21:48:36.252 VLLM::W        1046589 nvme1n1 RS   1686003456 131072    0.609
21:48:36.252 VLLM::W        1046589 nvme1n1 RS   1686003712 131072    0.639
21:48:36.252 VLLM::W        1046589 nvme1n1 RS   1686003968 131072    0.665
21:48:36.331 libuv-w        2068    nvme0n1 WS   36639176   4096      0.972
21:48:36.332 jbd2/nv        391     nvme0n1 WSM  4235376    40960     1.213
21:48:36.333 jbd2/nv        391     nvme0n1 WSM  4235456    4096      0.789
21:48:36.484 ib_pg_f        125949  nvme1n1 WS   1756372992 131072    0.179
21:48:36.484 ib_pg_f        125949  nvme1n1 WS   1756373248 131072    0.239
21:48:36.484 ib_pg_f        125949  nvme1n1 WS   1756373504 131072    0.314
21:48:36.484 ib_pg_f        125949  nvme1n1 WS   1756373760 131072    0.394
21:48:36.485 ib_pg_f        125949  nvme1n1 WS   1756374016 131072    0.470
21:48:36.485 ib_pg_f        125949  nvme1n1 WS   1756374272 131072    0.547
21:48:36.485 ib_pg_f        125949  nvme1n1 WS   1756374528 131072    0.626
21:48:36.485 ib_pg_f        125949  nvme1n1 WS   1756374784 98304     0.687
21:48:36.485 ib_pg_f        125949  nvme1n1 WS   1756556960 16384     0.050
21:48:36.485 ib_pg_f        125949  nvme1n1 WS   1756912896 16384     0.056
21:48:36.485 ib_pg_f        125949  nvme1n1 WS   1756912928 16384     0.059
21:48:36.485 ib_pg_f        125949  nvme1n1 WS   1731135392 16384     0.061
21:48:36.485 ib_pg_f        125949  nvme1n1 WS   1757763168 16384     0.082
21:48:36.485 ib_pg_f        125949  nvme1n1 WS   1553551456 16384     0.078
21:48:36.485 ib_pg_f        125949  nvme1n1 WS   1553551488 16384     0.083
21:48:36.485 ib_pg_f        125949  nvme1n1 WS   1553551520 16384     0.085
21:48:36.485 ib_pg_f        125949  nvme1n1 WS   1756545088 16384     0.085
21:48:36.485 ib_pg_f        125949  nvme1n1 WS   1757763200 16384     0.093
21:48:36.485 ib_pg_f        125949  nvme1n1 WS   1755742624 16384     0.097
21:48:36.485 ib_pg_f        125949  nvme1n1 WS   1755745248 16384     0.093
21:48:36.485 ib_pg_f        125949  nvme1n1 WS   1553552000 16384     0.075
21:48:36.485 ib_pg_f        125949  nvme1n1 WS   1553552032 16384     0.072
21:48:36.485 ib_pg_f        125949  nvme1n1 WS   1553552064 16384     0.071
21:48:36.485 ib_pg_f        125949  nvme1n1 WS   1553552096 16384     0.064
21:48:36.485 ib_pg_f        125949  nvme1n1 WS   1553552128 16384     0.063
21:48:36.485 ib_pg_f        125949  nvme1n1 WS   1553552192 16384     0.063
21:48:36.485 ib_pg_f        125949  nvme1n1 WS   1553552224 16384     0.075
21:48:36.485 ib_pg_f        125949  nvme1n1 WS   1553552256 16384     0.074
21:48:36.485 ib_pg_f        125949  nvme1n1 WS   1553701632 16384     0.080
21:48:36.485 ib_pg_f        125949  nvme1n1 WS   1755745280 16384     0.078
21:48:36.485 ib_pg_f        125949  nvme1n1 WS   1755745312 16384     0.084
21:48:36.485 ib_pg_f        125949  nvme1n1 WS   1553691616 16384     0.083
21:48:36.485 ib_pg_f        125949  nvme1n1 WS   1755745088 16384     0.087
21:48:36.485 ib_pg_f        125949  nvme1n1 WS   1755744256 16384     0.091
21:48:36.485 ib_pg_f        125949  nvme1n1 WS   1553691744 16384     0.096
21:48:36.485 ib_pg_f        125949  nvme1n1 WS   1524265440 16384     0.087
21:48:36.485 ib_pg_f        125949  nvme1n1 WS   1527903872 16384     0.086
21:48:36.485 ib_pg_f        125949  nvme1n1 WS   1553692000 16384     0.085
21:48:36.485 ib_pg_f        125949  nvme1n1 WS   1553690976 16384     0.081
21:48:36.485 ib_pg_f        125949  nvme1n1 WS   1553691136 16384     0.084
21:48:36.485 ib_pg_f        125949  nvme1n1 WS   1734883552 16384     0.080
21:48:36.485 ib_pg_f        125949  nvme1n1 WS   1756556992 16384     0.085
21:48:36.485 ib_pg_f        125949  nvme1n1 WS   1731135456 16384     0.088
21:48:36.485 ib_pg_f        125949  nvme1n1 WS   1733606944 16384     0.049
21:48:36.485 ib_pg_f        125949  nvme1n1 WS   1753733600 16384     0.051
21:48:36.485 ib_pg_f        125949  nvme1n1 WS   1733606976 16384     0.065
21:48:36.485 ib_pg_f        125949  nvme1n1 WS   1733607008 16384     0.069
21:48:36.485 ib_pg_f        125949  nvme1n1 WS   1757763232 16384     0.076
21:48:36.485 ib_pg_f        125949  nvme1n1 WS   1733607040 16384     0.082
21:48:36.485 ib_pg_f        125949  nvme1n1 WS   1756557024 16384     0.088
21:48:36.485 ib_pg_f        125949  nvme1n1 WS   1553552352 16384     0.084
21:48:36.485 ib_pg_f        125949  nvme1n1 WS   1553552384 16384     0.087
21:48:36.485 ib_pg_f        125949  nvme1n1 WS   1553552288 16384     0.088
21:48:36.485 ib_pg_f        125949  nvme1n1 WS   1553552320 16384     0.094
21:48:36.485 ib_pg_f        125949  nvme1n1 WS   1757763264 16384     0.096
21:48:36.485 ib_pg_f        125949  nvme1n1 WS   1755217736 16384     0.099
21:48:36.485 ib_pg_f        125949  nvme1n1 WS   1757027808 16384     0.099
21:48:36.486 ib_pg_f        125949  nvme1n1 WS   1553701600 16384     0.104
21:48:36.486 ib_pg_f        125949  nvme1n1 WS   1756912352 16384     0.098
21:48:36.486 ib_pg_f        125949  nvme1n1 WS   1756545120 16384     0.098
21:48:36.486 ib_pg_f        125949  nvme1n1 WS   1757763296 16384     0.104
21:48:36.486 ib_pg_f        125949  nvme1n1 WS   1757786144 16384     0.108
21:48:36.486 ib_pg_f        125949  nvme1n1 WS   1756553440 16384     0.108
21:48:36.486 ib_pg_f        125949  nvme1n1 WS   1731137696 16384     0.109
21:48:36.486 ib_pg_f        125949  nvme1n1 WS   1756559360 16384     0.111
21:48:36.486 ib_pg_f        125949  nvme1n1 WS   1731136320 16384     0.114
21:48:36.486 ib_pg_f        125949  nvme1n1 WS   1756545216 16384     0.117
21:48:36.486 ib_pg_f        125949  nvme1n1 WS   1757763328 16384     0.121
21:48:36.486 ib_pg_f        125949  nvme1n1 WS   1740155424 16384     0.123
21:48:36.486 ib_pg_f        125949  nvme1n1 WS   1734883488 16384     0.127
21:48:36.622 python3        1046587 nvme1n1 WS   1585074176 131072    0.176
21:48:36.622 python3        1046587 nvme1n1 WS   1585074432 131072    0.244
21:48:36.622 python3        1046587 nvme1n1 WS   1585074688 131072    0.372
21:48:36.622 python3        1046587 nvme1n1 WS   1585074944 131072    0.434
21:48:36.622 python3        1046587 nvme1n1 WS   1585075200 131072    0.473
21:48:36.623 python3        1046587 nvme1n1 WS   1585075456 131072    0.573
21:48:36.623 python3        1046587 nvme1n1 WS   1585075712 131072    0.645
21:48:36.623 python3        1046586 nvme1n1 WS   1585078272 131072    0.668
21:48:36.623 python3        1046587 nvme1n1 WS   1585075968 131072    0.735
21:48:36.623 python3        1046587 nvme1n1 WS   1585076224 131072    0.810
21:48:36.623 python3        1046586 nvme1n1 WS   1585078528 131072    0.894
21:48:36.623 python3        1046586 nvme1n1 WS   1585078784 131072    0.991
21:48:36.623 python3        1046586 nvme1n1 WS   1585079040 131072    1.051
21:48:36.623 python3        1046587 nvme1n1 WS   1585076480 131072    1.144
21:48:36.623 python3        1046587 nvme1n1 WS   1585076736 131072    1.218
21:48:36.623 python3        1046587 nvme1n1 WS   1585076992 131072    1.305
21:48:36.623 python3        1046587 nvme1n1 WS   1585077248 131072    1.377
21:48:36.623 python3        1046586 nvme1n1 WS   1585079296 131072    1.467
21:48:36.624 python3        1046586 nvme1n1 WS   1585079552 131072    1.546
21:48:36.624 python3        1046586 nvme1n1 WS   1585079808 131072    1.628
21:48:36.624 python3        1046587 nvme1n1 WS   1585077504 131072    1.713
21:48:36.624 python3        1046587 nvme1n1 WS   1585077760 131072    1.792
21:48:36.624 python3        1046589 nvme1n1 WS   1585082368 131072    1.879
21:48:36.624 python3        1046589 nvme1n1 WS   1585082624 131072    1.949
21:48:36.624 python3        1046589 nvme1n1 WS   1585082880 131072    2.025
21:48:36.624 python3        1046589 nvme1n1 WS   1585083136 131072    2.105
21:48:36.624 python3        1046589 nvme1n1 WS   1585083392 131072    2.183
21:48:36.624 python3        1046589 nvme1n1 WS   1585083648 131072    2.257
21:48:36.624 python3        1046589 nvme1n1 WS   1585083904 131072    2.329
21:48:36.625 python3        1046587 nvme1n1 WS   1585078016 131072    2.427
21:48:36.625 python3        1046587 nvme1n1 WS   1585098752 131072    2.492
21:48:36.625 python3        1046587 nvme1n1 WS   1585099008 131072    2.566
21:48:36.625 python3        1046586 nvme1n1 WS   1585080064 131072    2.636
21:48:36.625 python3        1046586 nvme1n1 WS   1585080320 131072    2.709
21:48:36.625 python3        1046586 nvme1n1 WS   1585080576 131072    2.785
21:48:36.625 python3        1046586 nvme1n1 WS   1585080832 131072    2.860
21:48:36.625 python3        1046586 nvme1n1 WS   1585081088 131072    2.930
21:48:36.625 python3        1046586 nvme1n1 WS   1585081344 131072    3.004
21:48:36.625 python3        1046586 nvme1n1 WS   1585081600 131072    3.078
21:48:36.625 python3        1046586 nvme1n1 WS   1585081856 131072    3.151
21:48:36.625 python3        1046587 nvme1n1 WS   1585086464 131072    3.257
21:48:36.625 python3        1046587 nvme1n1 WS   1585086720 131072    3.317
21:48:36.625 python3        1046587 nvme1n1 WS   1585086976 131072    3.390
21:48:36.626 python3        1046587 nvme1n1 WS   1585087232 131072    3.462
21:48:36.626 python3        1046587 nvme1n1 WS   1585087488 131072    3.533
21:48:36.626 python3        1046588 nvme1n1 WS   1585422336 131072    3.630
21:48:36.626 python3        1046588 nvme1n1 WS   1585422592 131072    3.697
21:48:36.626 python3        1046588 nvme1n1 WS   1585422848 131072    3.770
21:48:36.626 python3        1046588 nvme1n1 WS   1585423104 131072    3.854
21:48:36.626 python3        1046586 nvme1n1 WS   1585094656 131072    3.990
21:48:36.626 python3        1046586 nvme1n1 WS   1585094912 131072    4.010
21:48:36.626 python3        1046586 nvme1n1 WS   1585095168 131072    4.084
21:48:36.626 python3        1046588 nvme1n1 WS   1585090560 131072    4.177
21:48:36.626 python3        1046588 nvme1n1 WS   1585090816 131072    4.245
21:48:36.626 python3        1046586 nvme1n1 WS   1585095424 131072    4.314
21:48:36.627 libuv-w        2068    nvme0n1 WS   36639184   4096      0.914
21:48:36.627 python3        1046586 nvme1n1 WS   1585095680 131072    4.387
21:48:36.627 python3        1046586 nvme1n1 WS   1585095936 131072    4.464
21:48:36.627 python3        1046586 nvme1n1 WS   1585096192 131072    4.536
21:48:36.627 python3        1046588 nvme1n1 WS   1585091072 131072    4.627
21:48:36.627 python3        1046588 nvme1n1 WS   1585091328 131072    4.697
21:48:36.627 python3        1046588 nvme1n1 WS   1585091584 131072    4.768
21:48:36.627 python3        1046588 nvme1n1 WS   1585091840 131072    4.838
21:48:36.627 python3        1046588 nvme1n1 WS   1585092096 131072    4.910
21:48:36.627 python3        1046587 nvme1n1 WS   1585087744 131072    5.008
21:48:36.627 python3        1046587 nvme1n1 WS   1585088000 131072    5.082
21:48:36.627 python3        1046588 nvme1n1 WS   1585423360 131072    5.169
21:48:36.627 python3        1046588 nvme1n1 WS   1585423616 131072    5.241
21:48:36.627 python3        1046588 nvme1n1 WS   1585423872 131072    5.319
21:48:36.628 python3        1046589 nvme1n1 WS   1585102848 131072    5.412
21:48:36.628 python3        1046589 nvme1n1 WS   1585103104 131072    5.485
21:48:36.628 python3        1046589 nvme1n1 WS   1585103360 131072    5.560
21:48:36.628 jbd2/nv        391     nvme0n1 WSM  4235464    28672     1.130
21:48:36.628 python3        1046589 nvme1n1 WS   1585103616 131072    5.632
21:48:36.628 python3        1046589 nvme1n1 WS   1585103872 131072    5.706
21:48:36.628 python3        1046589 nvme1n1 WS   1585104128 131072    5.782
21:48:36.628 python3        1046589 nvme1n1 WS   1585104384 131072    5.861
21:48:36.628 python3        1046586 nvme1n1 WS   1585082112 131072    5.961
21:48:36.628 python3        1046586 nvme1n1 WS   1585111040 131072    6.032
21:48:36.628 python3        1046586 nvme1n1 WS   1585111296 131072    6.108
21:48:36.628 python3        1046589 nvme1n1 WS   1585084160 131072    6.204
21:48:36.628 python3        1046589 nvme1n1 WS   1585084416 131072    6.273
21:48:36.628 python3        1046589 nvme1n1 WS   1585084672 131072    6.348
21:48:36.629 jbd2/nv        391     nvme0n1 WSM  4235520    4096      0.790
21:48:36.629 python3        1046589 nvme1n1 WS   1585084928 131072    6.424
21:48:36.629 python3        1046589 nvme1n1 WS   1585085184 131072    6.494
21:48:36.629 python3        1046589 nvme1n1 WS   1585085440 131072    6.569
21:48:36.629 python3        1046589 nvme1n1 WS   1585106944 131072    6.665
21:48:36.629 python3        1046589 nvme1n1 WS   1585107200 131072    6.733
21:48:36.629 python3        1046589 nvme1n1 WS   1585107456 131072    6.806
21:48:36.629 python3        1046589 nvme1n1 WS   1585107712 131072    6.886
21:48:36.629 python3        1046589 nvme1n1 WS   1585107968 131072    6.963
21:48:36.629 python3        1046589 nvme1n1 WS   1585085696 131072    7.079
21:48:36.629 python3        1046589 nvme1n1 WS   1585085952 131072    7.151
21:48:36.629 python3        1046589 nvme1n1 WS   1585086208 131072    7.196
21:48:36.629 python3        1046589 nvme1n1 WS   1585426432 131072    7.267
21:48:36.630 python3        1046589 nvme1n1 WS   1585426688 131072    7.343
21:48:36.630 python3        1046589 nvme1n1 WS   1585108224 131072    7.472
21:48:36.630 python3        1046589 nvme1n1 WS   1585108480 131072    7.547
21:48:36.630 python3        1046589 nvme1n1 WS   1585108736 131072    7.599
21:48:36.630 python3        1046589 nvme1n1 WS   1585108992 131072    7.677
21:48:36.630 python3        1046589 nvme1n1 WS   1585109248 131072    7.752
21:48:36.630 python3        1046589 nvme1n1 WS   1585109504 131072    7.827
21:48:36.630 python3        1046589 nvme1n1 WS   1585109760 131072    7.902
21:48:36.630 python3        1046589 nvme1n1 WS   1585110016 122880    7.972
21:48:36.630 python3        1046586 nvme1n1 WS   1585096448 131072    8.099
21:48:36.630 python3        1046586 nvme1n1 WS   1585096704 131072    8.175
21:48:36.630 python3        1046586 nvme1n1 WS   1585096960 131072    8.249
21:48:36.631 python3        1046586 nvme1n1 WS   1585097216 131072    8.326
21:48:36.631 python3        1046586 nvme1n1 WS   1585097472 131072    8.402
21:48:36.631 python3        1046586 nvme1n1 WS   1585097728 131072    8.479
21:48:36.631 python3        1046586 nvme1n1 WS   1585097984 131072    8.555
21:48:36.631 python3        1046586 nvme1n1 WS   1585098240 131072    8.632
21:48:36.631 python3        1046586 nvme1n1 WS   1585098496 131072    8.691
21:48:36.631 python3        1046588 nvme1n1 WS   1585092352 131072    8.819
21:48:36.631 python3        1046588 nvme1n1 WS   1585092608 131072    8.892
21:48:36.631 python3        1046588 nvme1n1 WS   1585092864 131072    8.962
21:48:36.631 python3        1046588 nvme1n1 WS   1585093120 131072    9.039
21:48:36.631 python3        1046588 nvme1n1 WS   1585093376 131072    9.115
21:48:36.631 python3        1046588 nvme1n1 WS   1585093632 122880    9.187
21:48:36.631 python3        1046588 nvme1n1 WS   1585424128 131072    9.294
21:48:36.632 python3        1046588 nvme1n1 WS   1585424384 131072    9.366
21:48:36.632 python3        1046588 nvme1n1 WS   1585424640 131072    9.440
21:48:36.632 python3        1046588 nvme1n1 WS   1585424896 131072    9.517
21:48:36.632 python3        1046588 nvme1n1 WS   1585425152 131072    9.593
21:48:36.632 python3        1046588 nvme1n1 WS   1585425408 131072    9.667
21:48:36.632 python3        1046588 nvme1n1 WS   1585425664 131072    9.747
21:48:36.632 python3        1046588 nvme1n1 WS   1585425920 131072    9.813
21:48:36.632 python3        1046587 nvme1n1 WS   1585088256 131072    9.929
21:48:36.632 python3        1046587 nvme1n1 WS   1585088512 131072   10.001
21:48:36.632 python3        1046587 nvme1n1 WS   1585088768 131072   10.075
21:48:36.632 python3        1046587 nvme1n1 WS   1585089024 131072   10.151
21:48:36.632 python3        1046587 nvme1n1 WS   1585089280 131072   10.225
21:48:36.633 python3        1046587 nvme1n1 WS   1585089536 131072   10.305
21:48:36.633 python3        1046587 nvme1n1 WS   1585089792 131072   10.381
21:48:36.633 python3        1046587 nvme1n1 WS   1585090048 131072   10.462
21:48:36.633 python3        1046589 nvme1n1 WS   1585104640 131072   10.565
21:48:36.633 python3        1046589 nvme1n1 WS   1585104896 131072   10.641
21:48:36.633 python3        1046589 nvme1n1 WS   1585105152 131072   10.718
21:48:36.633 python3        1046589 nvme1n1 WS   1585105408 131072   10.795
21:48:36.633 python3        1046589 nvme1n1 WS   1585105664 131072   10.871
21:48:36.633 python3        1046589 nvme1n1 WS   1585105920 131072   10.946
21:48:36.633 python3        1046589 nvme1n1 WS   1585106176 131072   11.018
21:48:36.633 python3        1046589 nvme1n1 WS   1585106432 131072   11.094
21:48:36.633 python3        1046587 nvme1n1 WS   1585115136 131072   11.187
21:48:36.633 python3        1046587 nvme1n1 WS   1585115392 131072   11.257
21:48:36.634 python3        1046586 nvme1n1 WS   1585381376 131072   11.335
21:48:36.634 python3        1046586 nvme1n1 WS   1585381632 131072   11.409
21:48:36.634 python3        1046587 nvme1n1 WS   1585115648 131072   11.492
21:48:36.634 python3        1046587 nvme1n1 WS   1585115904 131072   11.568
21:48:36.634 python3        1046587 nvme1n1 WS   1585116160 131072   11.641
21:48:36.634 python3        1046587 nvme1n1 WS   1585116416 131072   11.736
21:48:36.634 python3        1046587 nvme1n1 WS   1585116672 131072   11.803
21:48:36.634 python3        1046587 nvme1n1 WS   1585116928 131072   11.850
21:48:36.634 python3        1046587 nvme1n1 WS   1585117184 131072   11.951
21:48:36.634 python3        1046587 nvme1n1 WS   1585117440 131072   12.029
21:48:36.634 python3        1046587 nvme1n1 WS   1585117696 131072   12.106
21:48:36.634 python3        1046587 nvme1n1 WS   1585117952 131072   12.181
21:48:36.635 python3        1046587 nvme1n1 WS   1585118208 122880   12.254
21:48:36.635 python3        1046587 nvme1n1 WS   1585090304 131072   12.383
21:48:36.635 python3        1046587 nvme1n1 WS   1585389568 131072   12.463
21:48:36.635 python3        1046587 nvme1n1 WS   1585389824 131072   12.541
21:48:36.635 python3        1046588 nvme1n1 WS   58101760   131072   12.696
21:48:36.635 python3        1046588 nvme1n1 WS   58102016   131072   12.731
21:48:36.635 python3        1046588 nvme1n1 WS   58102272   131072   12.786
21:48:36.635 python3        1046588 nvme1n1 WS   58102528   131072   12.863
21:48:36.635 python3        1046588 nvme1n1 WS   58102784   131072   12.940
21:48:36.635 python3        1046588 nvme1n1 WS   58103040   131072   13.016
21:48:36.635 python3        1046588 nvme1n1 WS   58103296   131072   13.093
21:48:36.635 python3        1046588 nvme1n1 WS   1585426176 131072   13.198
21:48:36.636 python3        1046588 nvme1n1 WS   1585393664 131072   13.273
21:48:36.636 python3        1046588 nvme1n1 WS   1585393920 131072   13.349
21:48:36.636 python3        1046589 nvme1n1 WS   1585106688 131072   13.434
21:48:36.636 python3        1046589 nvme1n1 WS   1585709056 131072   13.509
21:48:36.636 python3        1046589 nvme1n1 WS   1585709312 131072   13.584
21:48:36.636 python3        1046586 nvme1n1 WS   1585385472 131072   13.657
21:48:36.636 python3        1046586 nvme1n1 WS   1585385728 131072   13.730
21:48:36.636 python3        1046586 nvme1n1 WS   1585385984 131072   13.802
21:48:36.636 python3        1046586 nvme1n1 WS   1585386240 131072   13.879
21:48:36.636 python3        1046586 nvme1n1 WS   1585386496 131072   13.958
21:48:36.636 python3        1046586 nvme1n1 WS   1585386752 131072   14.036
21:48:36.636 python3        1046586 nvme1n1 WS   1585387008 131072   14.115
21:48:36.637 python3        1046588 nvme1n1 WS   58103552   131072   14.177
21:48:36.637 python3        1046588 nvme1n1 WS   58103808   131072   14.252
21:48:36.637 python3        1046588 nvme1n1 WS   58104064   131072   14.331
21:48:36.637 python3        1046588 nvme1n1 WS   58104320   131072   14.405
21:48:36.637 python3        1046588 nvme1n1 WS   58104576   131072   14.483
21:48:36.637 python3        1046588 nvme1n1 WS   58104832   131072   14.565
21:48:36.637 python3        1046588 nvme1n1 WS   58105088   131072   14.648
21:48:36.637 python3        1046588 nvme1n1 WS   58105344   131072   14.721
21:48:36.637 python3        1046588 nvme1n1 WS   58105600   131072   14.783
21:48:36.637 python3        1046588 nvme1n1 WS   58105856   131072   14.862
21:48:36.637 python3        1046588 nvme1n1 WS   58106112   131072   14.942
21:48:36.637 python3        1046586 nvme1n1 WS   1585387264 131072   15.067
21:48:36.637 python3        1046586 nvme1n1 WS   1585387520 131072   15.143
21:48:36.638 python3        1046586 nvme1n1 WS   1585387776 131072   15.224
21:48:36.638 python3        1046586 nvme1n1 WS   1585388032 131072   15.298
21:48:36.638 python3        1046586 nvme1n1 WS   1585388288 131072   15.376
21:48:36.638 python3        1046586 nvme1n1 WS   1585388544 122880   15.449
21:48:36.925 ib_log_        125949  nvme1n1 WS   1755850480 4096      0.054
21:48:36.925 ib_log_        125949  nvme1n1 WS   1755846912 4096      0.035
21:48:36.933 libuv-w        2068    nvme0n1 WS   35573960   4096      0.881
21:48:36.934 jbd2/nv        391     nvme0n1 WSM  4235528    28672     1.077
21:48:36.935 jbd2/nv        391     nvme0n1 WSM  4235584    4096      0.763
21:48:37.071 nvme           1187056 Unknown N    -1         512       0.036
21:48:37.237 libuv-w        2068    nvme0n1 WS   35573968   4096      0.911
21:48:37.238 jbd2/nv        391     nvme0n1 WSM  4235592    24576     1.133
21:48:37.239 jbd2/nv        391     nvme0n1 WSM  4235640    4096      0.882
21:48:37.544 libuv-w        2068    nvme0n1 WS   37220872   4096      0.891
21:48:37.545 jbd2/nv        391     nvme0n1 WSM  4235648    32768     1.193
21:48:37.546 jbd2/nv        391     nvme0n1 WSM  4235712    4096      0.798
21:48:37.841 libuv-w        2068    nvme0n1 WS   37220880   4096      0.937
21:48:37.842 jbd2/nv        391     nvme0n1 WSM  4235720    20480     1.021
21:48:37.843 jbd2/nv        391     nvme0n1 WSM  4235760    4096      0.857
21:48:38.073 nvme           1187072 Unknown N    -1         512       0.031
21:48:38.137 libuv-w        2068    nvme0n1 WS   36108992   4096      0.918
21:48:38.138 jbd2/nv        391     nvme0n1 WSM  4235768    28672     1.116
21:48:38.139 jbd2/nv        391     nvme0n1 WSM  4235824    4096      0.760
21:48:38.447 libuv-w        2068    nvme0n1 WS   37220888   4096      0.876
21:48:38.448 jbd2/nv        391     nvme0n1 WSM  4235832    28672     1.236
21:48:38.449 jbd2/nv        391     nvme0n1 WSM  4235888    4096      0.856
21:48:38.484 ib_pg_f        125949  nvme1n1 WS   1755252736 16384     0.066
21:48:38.484 ib_pg_f        125949  nvme1n1 WS   1755217704 16384     0.043
21:48:38.689 kworker        1186244 nvme1n1 W    1534058984 126976    0.192
21:48:38.689 kworker        1186244 nvme1n1 W    1534059232 131072    0.258
21:48:38.689 kworker        1186244 nvme1n1 W    1534059488 126976    0.339
21:48:38.689 kworker        1186244 nvme1n1 W    1534059736 90112     0.388
21:48:38.689 kworker        1186244 nvme1n1 W    1520386888 131072    0.470
21:48:38.689 kworker        1186244 nvme1n1 W    1520387144 61440     0.508
21:48:38.689 kworker        1186244 nvme1n1 W    1534059912 32768     0.529
21:48:38.689 kworker        1186244 nvme1n1 W    1551391440 131072    0.609
21:48:38.689 kworker        1186244 nvme1n1 W    1551391696 90112     0.361
21:48:38.689 kworker        1186244 nvme1n1 W    1734854312 77824     0.410
21:48:38.689 kworker        1186244 nvme1n1 W    1534059976 40960     0.229
21:48:38.689 kworker        1186244 nvme1n1 W    1520275136 131072    0.308
21:48:38.689 kworker        1186244 nvme1n1 W    1520275392 32768     0.330
21:48:38.690 kworker        1186244 nvme1n1 W    1520303536 131072    0.407
21:48:38.690 kworker        1186244 nvme1n1 W    1520303792 8192      0.283
21:48:38.690 kworker        1186244 nvme1n1 W    1499105840 131072    0.364
21:48:38.690 kworker        1186244 nvme1n1 W    1499106096 4096      0.295
21:48:38.769 libuv-w        2068    nvme0n1 WS   35573976   4096      1.035
21:48:38.770 jbd2/nv        391     nvme0n1 WSM  4235896    36864     1.136
21:48:38.771 jbd2/nv        391     nvme0n1 WSM  4235968    4096      0.827
21:48:38.926 ib_log_        125949  nvme1n1 WS   1755846912 4096      0.043
21:48:39.075 nvme           1187090 Unknown N    -1         512       0.032
21:48:39.092 libuv-w        2068    nvme0n1 WS   36639192   4096      0.891
21:48:39.094 jbd2/nv        391     nvme0n1 WSM  4235976    36864     1.227
21:48:39.095 jbd2/nv        391     nvme0n1 WSM  4236048    4096      0.788
21:48:39.406 libuv-w        2068    nvme0n1 WS   37220896   4096      1.006
21:48:39.408 jbd2/nv        391     nvme0n1 WSM  4236056    28672     1.118
21:48:39.408 jbd2/nv        391     nvme0n1 WSM  4236112    4096      0.783
21:48:39.441 VLLM::W        1046588 nvme1n1 RS   1565323264 131072    0.227
21:48:39.441 VLLM::W        1046588 nvme1n1 RS   1565323520 131072    0.228
21:48:39.441 VLLM::W        1046588 nvme1n1 RS   1565323776 131072    0.252
21:48:39.441 VLLM::W        1046588 nvme1n1 RS   1565324032 131072    0.283
21:48:39.441 VLLM::W        1046588 nvme1n1 RS   1565324288 131072    0.331
21:48:39.441 VLLM::W        1046588 nvme1n1 RS   1565324544 131072    0.365
21:48:39.441 VLLM::W        1046588 nvme1n1 RS   1565324800 131072    0.399
21:48:39.441 VLLM::W        1046588 nvme1n1 RS   1565325056 131072    0.427
21:48:39.441 VLLM::W        1046588 nvme1n1 RS   1565325312 131072    0.438
21:48:39.441 VLLM::W        1046588 nvme1n1 RS   1565325568 131072    0.461
21:48:39.441 VLLM::W        1046588 nvme1n1 RS   1565325824 131072    0.493
21:48:39.441 VLLM::W        1046588 nvme1n1 RS   1565326080 131072    0.529
21:48:39.441 VLLM::W        1046588 nvme1n1 RS   1565326336 131072    0.562
21:48:39.441 VLLM::W        1046588 nvme1n1 RS   1565326592 131072    0.595
21:48:39.441 VLLM::W        1046588 nvme1n1 RS   1565326848 131072    0.620
21:48:39.442 VLLM::W        1046588 nvme1n1 RS   1565327104 131072    0.670
21:48:39.442 VLLM::W        1046588 nvme1n1 RS   1565458432 131072    0.687
21:48:39.442 VLLM::W        1046588 nvme1n1 RS   1565458688 131072    0.697
21:48:39.442 VLLM::W        1046588 nvme1n1 RS   731176960  131072    0.194
21:48:39.442 VLLM::W        1046588 nvme1n1 RS   731177216  131072    0.199
21:48:39.442 VLLM::W        1046588 nvme1n1 RS   731177472  131072    0.253
21:48:39.442 VLLM::W        1046588 nvme1n1 RS   731177728  131072    0.290
21:48:39.442 VLLM::W        1046588 nvme1n1 RS   731177984  131072    0.324
21:48:39.442 VLLM::W        1046588 nvme1n1 RS   731178240  131072    0.365
21:48:39.442 VLLM::W        1046588 nvme1n1 RS   731178496  131072    0.375
21:48:39.442 VLLM::W        1046588 nvme1n1 RS   731178752  131072    0.389
21:48:39.442 VLLM::W        1046588 nvme1n1 RS   731179008  131072    0.432
21:48:39.442 VLLM::W        1046588 nvme1n1 RS   731179264  131072    0.506
21:48:39.442 VLLM::W        1046588 nvme1n1 RS   731179520  131072    0.521
21:48:39.442 VLLM::W        1046588 nvme1n1 RS   731179776  131072    0.527
21:48:39.442 VLLM::W        1046588 nvme1n1 RS   731180288  131072    0.582
21:48:39.442 VLLM::W        1046588 nvme1n1 RS   731180544  131072    0.620
21:48:39.442 VLLM::W        1046588 nvme1n1 RS   731180032  131072    0.640
21:48:39.443 VLLM::W        1046588 nvme1n1 RS   731180800  131072    0.681
21:48:39.443 VLLM::W        1046588 nvme1n1 RS   731250688  131072    0.697
21:48:39.443 VLLM::W        1046588 nvme1n1 RS   731250944  131072    0.708
21:48:39.443 VLLM::W        1046588 nvme1n1 RS   731181056  131072    0.179
21:48:39.443 VLLM::W        1046588 nvme1n1 RS   731181312  131072    0.202
21:48:39.443 VLLM::W        1046588 nvme1n1 RS   731181568  131072    0.239
21:48:39.443 VLLM::W        1046588 nvme1n1 RS   731181824  131072    0.266
21:48:39.443 VLLM::W        1046588 nvme1n1 RS   731182336  131072    0.376
21:48:39.443 VLLM::W        1046588 nvme1n1 RS   731182080  131072    0.395
21:48:39.443 VLLM::W        1046588 nvme1n1 RS   731182592  131072    0.415
21:48:39.443 VLLM::W        1046588 nvme1n1 RS   731182848  131072    0.388
21:48:39.443 VLLM::W        1046588 nvme1n1 RS   731183104  131072    0.398
21:48:39.443 VLLM::W        1046588 nvme1n1 RS   731183872  131072    0.523
21:48:39.443 VLLM::W        1046588 nvme1n1 RS   731183360  131072    0.553
21:48:39.443 VLLM::W        1046588 nvme1n1 RS   731183616  131072    0.565
21:48:39.443 VLLM::W        1046588 nvme1n1 RS   731184128  131072    0.571
21:48:39.443 VLLM::W        1046588 nvme1n1 RS   731184896  131072    0.645
21:48:39.443 VLLM::W        1046588 nvme1n1 RS   731184384  131072    0.680
21:48:39.444 VLLM::W        1046588 nvme1n1 RS   731184640  131072    0.701
21:48:39.444 VLLM::W        1046588 nvme1n1 RS   1565470720 131072    0.702
21:48:39.444 VLLM::W        1046588 nvme1n1 RS   1565470976 131072    0.707
21:48:39.444 VLLM::W        1046588 nvme1n1 RS   1565515776 131072    0.178
21:48:39.444 VLLM::W        1046588 nvme1n1 RS   1565516032 131072    0.199
21:48:39.444 VLLM::W        1046588 nvme1n1 RS   1565516288 131072    0.232
21:48:39.444 VLLM::W        1046588 nvme1n1 RS   1565516544 131072    0.268
21:48:39.444 VLLM::W        1046588 nvme1n1 RS   1565516800 131072    0.302
21:48:39.444 VLLM::W        1046588 nvme1n1 RS   1565517056 131072    0.338
21:48:39.444 VLLM::W        1046588 nvme1n1 RS   1565517312 131072    0.403
21:48:39.444 VLLM::W        1046588 nvme1n1 RS   1565517568 131072    0.366
21:48:39.444 VLLM::W        1046588 nvme1n1 RS   1565517824 131072    0.402
21:48:39.444 VLLM::W        1046588 nvme1n1 RS   1565518080 131072    0.435
21:48:39.444 VLLM::W        1046588 nvme1n1 RS   1565518336 131072    0.472
21:48:39.444 VLLM::W        1046588 nvme1n1 RS   1565518592 131072    0.534
21:48:39.444 VLLM::W        1046588 nvme1n1 RS   1565518848 131072    0.569
21:48:39.444 VLLM::W        1046588 nvme1n1 RS   1565519104 131072    0.613
21:48:39.444 VLLM::W        1046588 nvme1n1 RS   1565519360 131072    0.631
21:48:39.444 VLLM::W        1046588 nvme1n1 RS   1565519616 131072    0.705
21:48:39.445 VLLM::W        1046588 nvme1n1 RS   1565523968 131072    0.710
21:48:39.445 VLLM::W        1046588 nvme1n1 RS   1565524224 131072    0.728
21:48:39.445 VLLM::W        1046587 nvme1n1 RS   1565474816 131072    0.191
21:48:39.445 VLLM::W        1046587 nvme1n1 RS   1565475072 131072    0.207
21:48:39.445 VLLM::W        1046587 nvme1n1 RS   1565475328 131072    0.249
21:48:39.445 VLLM::W        1046587 nvme1n1 RS   1565475584 131072    0.285
21:48:39.445 VLLM::W        1046587 nvme1n1 RS   1565475840 131072    0.323
21:48:39.445 VLLM::W        1046587 nvme1n1 RS   1565476096 131072    0.359
21:48:39.445 VLLM::W        1046587 nvme1n1 RS   1565476352 131072    0.396
21:48:39.445 VLLM::W        1046587 nvme1n1 RS   1565476608 131072    0.386
21:48:39.445 VLLM::W        1046587 nvme1n1 RS   1565476864 131072    0.426
21:48:39.445 VLLM::W        1046587 nvme1n1 RS   1565477120 131072    0.458
21:48:39.445 VLLM::W        1046587 nvme1n1 RS   1565477376 131072    0.497
21:48:39.445 VLLM::W        1046587 nvme1n1 RS   1565477632 131072    0.552
21:48:39.445 VLLM::W        1046587 nvme1n1 RS   1565477888 131072    0.561
21:48:39.445 VLLM::W        1046587 nvme1n1 RS   1565478144 131072    0.607
21:48:39.445 VLLM::W        1046587 nvme1n1 RS   1565478400 131072    0.617
21:48:39.445 VLLM::W        1046587 nvme1n1 RS   1565478656 131072    0.642
21:48:39.445 VLLM::W        1046587 nvme1n1 RS   1565495296 131072    0.702
21:48:39.445 VLLM::W        1046587 nvme1n1 RS   1565495552 131072    0.713
21:48:39.445 VLLM::W        1046588 nvme1n1 RS   57958400   131072    0.604
21:48:39.445 VLLM::W        1046588 nvme1n1 RS   57958656   131072    0.617
21:48:39.445 VLLM::W        1046588 nvme1n1 RS   57958912   131072    0.627
21:48:39.445 VLLM::W        1046588 nvme1n1 RS   57959168   131072    0.727
21:48:39.445 VLLM::W        1046588 nvme1n1 RS   57959424   131072    0.739
21:48:39.445 VLLM::W        1046588 nvme1n1 RS   57959680   131072    0.750
21:48:39.445 VLLM::W        1046588 nvme1n1 RS   57959936   131072    0.781
21:48:39.446 VLLM::W        1046588 nvme1n1 RS   57960448   131072    0.803
21:48:39.446 VLLM::W        1046588 nvme1n1 RS   57960704   131072    0.845
21:48:39.446 VLLM::W        1046588 nvme1n1 RS   57960192   131072    0.860
21:48:39.446 VLLM::W        1046588 nvme1n1 RS   57961472   131072    0.942
21:48:39.446 VLLM::W        1046588 nvme1n1 RS   57960960   131072    0.965
21:48:39.446 VLLM::W        1046588 nvme1n1 RS   57961216   131072    0.986
21:48:39.446 VLLM::W        1046588 nvme1n1 RS   57961728   131072    0.999
21:48:39.446 VLLM::W        1046588 nvme1n1 RS   57961984   131072    1.009
21:48:39.446 VLLM::W        1046588 nvme1n1 RS   57975040   131072    1.086
21:48:39.446 VLLM::W        1046588 nvme1n1 RS   57962240   131072    1.107
21:48:39.446 VLLM::W        1046588 nvme1n1 RS   57974784   131072    1.118
21:48:39.446 VLLM::W        1046586 nvme1n1 RS   1565462784 131072    1.116
21:48:39.446 VLLM::W        1046586 nvme1n1 RS   1565462528 131072    1.155
21:48:39.446 VLLM::W        1046586 nvme1n1 RS   1565463040 131072    1.159
21:48:39.446 VLLM::W        1046586 nvme1n1 RS   1565463552 131072    1.245
21:48:39.446 VLLM::W        1046586 nvme1n1 RS   1565463296 131072    1.269
21:48:39.446 VLLM::W        1046586 nvme1n1 RS   1565463808 131072    1.272
21:48:39.446 VLLM::W        1046586 nvme1n1 RS   1565464064 131072    1.273
21:48:39.446 VLLM::W        1046586 nvme1n1 RS   1565464320 131072    1.302
21:48:39.446 VLLM::W        1046586 nvme1n1 RS   1565464576 131072    1.312
21:48:39.446 VLLM::W        1046586 nvme1n1 RS   1565464832 131072    1.342
21:48:39.446 VLLM::W        1046586 nvme1n1 RS   1565465088 131072    1.352
21:48:39.446 VLLM::W        1046586 nvme1n1 RS   1565465344 131072    1.461
21:48:39.446 VLLM::W        1046586 nvme1n1 RS   1565465600 131072    1.486
21:48:39.446 VLLM::W        1046586 nvme1n1 RS   1565465856 131072    1.493
21:48:39.446 VLLM::W        1046586 nvme1n1 RS   1565466112 131072    1.500
21:48:39.447 VLLM::W        1046586 nvme1n1 RS   1565483008 131072    1.572
21:48:39.447 VLLM::W        1046586 nvme1n1 RS   1565466368 131072    1.595
21:48:39.447 VLLM::W        1046586 nvme1n1 RS   1565483264 131072    1.602
21:48:39.447 VLLM::W        1046589 nvme1n1 RS   575738112  131072    0.744
21:48:39.447 VLLM::W        1046589 nvme1n1 RS   575737856  131072    0.763
21:48:39.447 VLLM::W        1046589 nvme1n1 RS   575738368  131072    0.761
21:48:39.447 VLLM::W        1046589 nvme1n1 RS   575738624  131072    0.850
21:48:39.447 VLLM::W        1046589 nvme1n1 RS   575739136  131072    0.874
21:48:39.447 VLLM::W        1046589 nvme1n1 RS   575739392  131072    0.885
21:48:39.447 VLLM::W        1046589 nvme1n1 RS   575738880  131072    0.908
21:48:39.447 VLLM::W        1046589 nvme1n1 RS   575739648  131072    0.875
21:48:39.447 VLLM::W        1046589 nvme1n1 RS   575739904  131072    0.884
21:48:39.447 VLLM::W        1046589 nvme1n1 RS   575740160  131072    0.905
21:48:39.447 VLLM::W        1046589 nvme1n1 RS   575740672  131072    0.966
21:48:39.447 VLLM::W        1046589 nvme1n1 RS   575740416  131072    0.989
21:48:39.447 VLLM::W        1046589 nvme1n1 RS   575740928  131072    0.996
21:48:39.447 VLLM::W        1046589 nvme1n1 RS   575741184  131072    1.025
21:48:39.447 VLLM::W        1046589 nvme1n1 RS   575741440  131072    1.062
21:48:39.447 VLLM::W        1046589 nvme1n1 RS   575741696  131072    1.104
21:48:39.447 VLLM::W        1046589 nvme1n1 RS   575741952  131072    1.115
21:48:39.447 VLLM::W        1046588 nvme1n1 RS   1584504832 131072    1.170
21:48:39.447 VLLM::W        1046588 nvme1n1 RS   1584505344 131072    1.259
21:48:39.447 VLLM::W        1046589 nvme1n1 RS   575742208  131072    1.277
21:48:39.447 VLLM::W        1046588 nvme1n1 RS   1584505088 131072    1.310
21:48:39.447 VLLM::W        1046588 nvme1n1 RS   1584506112 131072    1.355
21:48:39.447 VLLM::W        1046588 nvme1n1 RS   1584505600 131072    1.402
21:48:39.447 VLLM::W        1046588 nvme1n1 RS   1584505856 131072    1.413
21:48:39.447 VLLM::W        1046588 nvme1n1 RS   1584506368 131072    1.419
21:48:39.448 VLLM::W        1046588 nvme1n1 RS   1584506624 131072    1.417
21:48:39.448 VLLM::W        1046588 nvme1n1 RS   1584506880 131072    1.427
21:48:39.448 VLLM::W        1046588 nvme1n1 RS   1584507136 131072    1.473
21:48:39.448 VLLM::W        1046588 nvme1n1 RS   1584507392 131072    1.484
21:48:39.448 VLLM::W        1046588 nvme1n1 RS   1584507648 131072    1.541
21:48:39.448 VLLM::W        1046588 nvme1n1 RS   1584507904 131072    1.576
21:48:39.448 VLLM::W        1046588 nvme1n1 RS   1584508160 131072    1.586
21:48:39.448 VLLM::W        1046588 nvme1n1 RS   1584508416 131072    1.616
21:48:39.448 VLLM::W        1046588 nvme1n1 RS   1584508672 131072    1.648
21:48:39.448 VLLM::W        1046588 nvme1n1 RS   1584541696 131072    1.675
21:48:39.448 VLLM::W        1046587 nvme1n1 RS   1565499392 131072    1.683
21:48:39.448 VLLM::W        1046588 nvme1n1 RS   1584541952 131072    1.797
21:48:39.448 VLLM::W        1046587 nvme1n1 RS   1565499648 131072    1.706
21:48:39.448 VLLM::W        1046587 nvme1n1 RS   1565499904 131072    1.737
21:48:39.448 VLLM::W        1046587 nvme1n1 RS   1565500160 131072    1.748
21:48:39.448 VLLM::W        1046587 nvme1n1 RS   1565500416 131072    1.800
21:48:39.448 VLLM::W        1046587 nvme1n1 RS   1565500672 131072    1.832
21:48:39.448 VLLM::W        1046587 nvme1n1 RS   1565500928 131072    1.860
21:48:39.448 VLLM::W        1046587 nvme1n1 RS   1565501184 131072    1.893
21:48:39.448 VLLM::W        1046587 nvme1n1 RS   1565501952 131072    1.950
21:48:39.448 VLLM::W        1046587 nvme1n1 RS   1565501440 131072    2.018
21:48:39.448 VLLM::W        1046587 nvme1n1 RS   1565501696 131072    2.030
21:48:39.448 VLLM::W        1046587 nvme1n1 RS   1565502208 131072    2.031
21:48:39.448 VLLM::W        1046587 nvme1n1 RS   1565502464 131072    2.056
21:48:39.448 VLLM::W        1046587 nvme1n1 RS   1565503232 131072    2.097
21:48:39.448 VLLM::W        1046587 nvme1n1 RS   1565502720 131072    2.136
21:48:39.449 VLLM::W        1046587 nvme1n1 RS   1565502976 131072    2.147
21:48:39.449 VLLM::W        1046587 nvme1n1 RS   1565511680 131072    2.160
21:48:39.449 VLLM::W        1046586 nvme1n1 RS   844926976  131072    1.959
21:48:39.449 VLLM::W        1046587 nvme1n1 RS   1565511936 131072    2.305
21:48:39.449 VLLM::W        1046586 nvme1n1 RS   844927744  131072    1.963
21:48:39.449 VLLM::W        1046586 nvme1n1 RS   844928000  131072    1.997
21:48:39.449 VLLM::W        1046586 nvme1n1 RS   844927232  131072    2.056
21:48:39.449 VLLM::W        1046586 nvme1n1 RS   844927488  131072    2.073
21:48:39.449 VLLM::W        1046586 nvme1n1 RS   844928512  131072    2.073
21:48:39.449 VLLM::W        1046586 nvme1n1 RS   844928768  131072    2.106
21:48:39.449 VLLM::W        1046586 nvme1n1 RS   844929024  131072    2.107
21:48:39.449 VLLM::W        1046586 nvme1n1 RS   844928256  131072    2.196
21:48:39.449 VLLM::W        1046586 nvme1n1 RS   844929792  131072    2.171
21:48:39.449 VLLM::W        1046586 nvme1n1 RS   844929280  131072    2.231
21:48:39.449 VLLM::W        1046586 nvme1n1 RS   844930048  131072    2.236
21:48:39.449 VLLM::W        1046586 nvme1n1 RS   844929536  131072    2.256
21:48:39.449 VLLM::W        1046586 nvme1n1 RS   844930304  131072    2.286
21:48:39.449 VLLM::W        1046586 nvme1n1 RS   844930560  131072    2.308
21:48:39.449 VLLM::W        1046586 nvme1n1 RS   844930816  131072    2.301
21:48:39.449 VLLM::W        1046586 nvme1n1 RS   844931072  131072    2.336
21:48:39.449 VLLM::W        1046586 nvme1n1 RS   844931328  131072    2.365
21:48:39.449 VLLM::W        1046589 nvme1n1 RS   1565519872 131072    1.716
21:48:39.449 VLLM::W        1046589 nvme1n1 RS   1565520128 131072    1.745
21:48:39.449 VLLM::W        1046589 nvme1n1 RS   1565520384 131072    1.780
21:48:39.449 VLLM::W        1046589 nvme1n1 RS   1565520640 131072    1.811
21:48:39.449 VLLM::W        1046589 nvme1n1 RS   1565520896 131072    1.840
21:48:39.449 VLLM::W        1046589 nvme1n1 RS   1565521152 131072    1.873
21:48:39.450 VLLM::W        1046589 nvme1n1 RS   1565521664 131072    1.902
21:48:39.450 VLLM::W        1046589 nvme1n1 RS   1565521408 131072    1.974
21:48:39.450 VLLM::W        1046589 nvme1n1 RS   1565521920 131072    1.926
21:48:39.450 VLLM::W        1046589 nvme1n1 RS   1565522176 131072    1.948
21:48:39.450 VLLM::W        1046589 nvme1n1 RS   1565522432 131072    1.978
21:48:39.450 VLLM::W        1046589 nvme1n1 RS   1565522688 131072    2.002
21:48:39.450 VLLM::W        1046589 nvme1n1 RS   1565522944 131072    2.032
21:48:39.450 VLLM::W        1046589 nvme1n1 RS   1565523200 131072    2.073
21:48:39.450 VLLM::W        1046589 nvme1n1 RS   1565523456 131072    2.108
21:48:39.450 VLLM::W        1046589 nvme1n1 RS   1565523712 131072    2.134
21:48:39.450 VLLM::W        1046589 nvme1n1 RS   1565536256 131072    2.170
21:48:39.450 VLLM::W        1046589 nvme1n1 RS   1565536512 131072    2.216
21:48:39.450 VLLM::W        1046588 nvme1n1 RS   1584500736 131072    1.748
21:48:39.450 VLLM::W        1046588 nvme1n1 RS   1584501248 131072    1.784
21:48:39.450 VLLM::W        1046588 nvme1n1 RS   1584501504 131072    1.820
21:48:39.450 VLLM::W        1046588 nvme1n1 RS   1584500992 131072    1.848
21:48:39.450 VLLM::W        1046588 nvme1n1 RS   1584501760 131072    1.850
21:48:39.450 VLLM::W        1046588 nvme1n1 RS   1584502016 131072    1.901
21:48:39.450 VLLM::W        1046588 nvme1n1 RS   1584502272 131072    1.922
21:48:39.450 VLLM::W        1046588 nvme1n1 RS   1584502784 131072    1.979
21:48:39.450 VLLM::W        1046588 nvme1n1 RS   1584503040 131072    1.995
21:48:39.450 VLLM::W        1046588 nvme1n1 RS   1584502528 131072    2.011
21:48:39.450 VLLM::W        1046588 nvme1n1 RS   1584503808 131072    2.077
21:48:39.450 VLLM::W        1046588 nvme1n1 RS   1584503296 131072    2.104
21:48:39.450 VLLM::W        1046588 nvme1n1 RS   1584503552 131072    2.121
21:48:39.450 VLLM::W        1046588 nvme1n1 RS   1584504064 131072    2.141
21:48:39.450 VLLM::W        1046588 nvme1n1 RS   1584504320 131072    2.157
21:48:39.450 VLLM::W        1046588 nvme1n1 RS   1584504576 131072    2.154
21:48:39.450 VLLM::W        1046588 nvme1n1 RS   1584537600 131072    2.185
21:48:39.451 VLLM::W        1046588 nvme1n1 RS   1584537856 131072    2.218
21:48:39.451 VLLM::W        1046587 nvme1n1 RS   844935168  131072    1.731
21:48:39.451 VLLM::W        1046587 nvme1n1 RS   844935424  131072    1.760
21:48:39.451 VLLM::W        1046587 nvme1n1 RS   844935680  131072    1.805
21:48:39.451 VLLM::W        1046587 nvme1n1 RS   844935936  131072    1.836
21:48:39.451 VLLM::W        1046587 nvme1n1 RS   844936192  131072    1.873
21:48:39.451 VLLM::W        1046587 nvme1n1 RS   844936448  131072    1.904
21:48:39.451 VLLM::W        1046587 nvme1n1 RS   844936704  131072    1.963
21:48:39.451 VLLM::W        1046587 nvme1n1 RS   844936960  131072    1.923
21:48:39.451 VLLM::W        1046587 nvme1n1 RS   844937216  131072    1.951
21:48:39.451 VLLM::W        1046587 nvme1n1 RS   844937472  131072    1.983
21:48:39.451 VLLM::W        1046587 nvme1n1 RS   844937728  131072    2.020
21:48:39.451 VLLM::W        1046587 nvme1n1 RS   844937984  131072    2.049
21:48:39.451 VLLM::W        1046587 nvme1n1 RS   844938240  131072    2.095
21:48:39.451 VLLM::W        1046587 nvme1n1 RS   844938496  131072    2.121
21:48:39.451 VLLM::W        1046587 nvme1n1 RS   844938752  131072    2.153
21:48:39.451 VLLM::W        1046587 nvme1n1 RS   844939008  131072    2.176
21:48:39.451 VLLM::W        1046587 nvme1n1 RS   844939264  131072    2.211
21:48:39.451 VLLM::W        1046587 nvme1n1 RS   844939520  131072    2.292
21:48:39.451 VLLM::W        1046586 nvme1n1 RS   1565466880 131072    1.900
21:48:39.451 VLLM::W        1046586 nvme1n1 RS   1565466624 131072    1.929
21:48:39.451 VLLM::W        1046586 nvme1n1 RS   1565467136 131072    1.929
21:48:39.451 VLLM::W        1046586 nvme1n1 RS   1565467392 131072    2.003
21:48:39.451 VLLM::W        1046586 nvme1n1 RS   1565467648 131072    2.025
21:48:39.451 VLLM::W        1046586 nvme1n1 RS   1565467904 131072    2.050
21:48:39.451 VLLM::W        1046586 nvme1n1 RS   1565468160 131072    2.062
21:48:39.452 VLLM::W        1046586 nvme1n1 RS   1565468672 131072    2.087
21:48:39.452 VLLM::W        1046586 nvme1n1 RS   1565468416 131072    2.119
21:48:39.452 VLLM::W        1046586 nvme1n1 RS   1565468928 131072    2.125
21:48:39.452 VLLM::W        1046586 nvme1n1 RS   1565469184 131072    2.145
21:48:39.452 VLLM::W        1046586 nvme1n1 RS   1565469440 131072    2.224
21:48:39.452 VLLM::W        1046586 nvme1n1 RS   1565469952 131072    2.261
21:48:39.452 VLLM::W        1046586 nvme1n1 RS   1565469696 131072    2.287
21:48:39.452 VLLM::W        1046586 nvme1n1 RS   1565470208 131072    2.289
21:48:39.452 VLLM::W        1046586 nvme1n1 RS   1565487104 131072    2.327
21:48:39.452 VLLM::W        1046586 nvme1n1 RS   1565487360 131072    2.365
21:48:39.452 VLLM::W        1046586 nvme1n1 RS   1565470464 131072    2.399
21:48:39.452 VLLM::W        1046589 nvme1n1 RS   1581850624 131072    1.929
21:48:39.452 VLLM::W        1046589 nvme1n1 RS   1581851392 131072    1.937
21:48:39.452 VLLM::W        1046589 nvme1n1 RS   1581851136 131072    1.955
21:48:39.452 VLLM::W        1046589 nvme1n1 RS   1581851648 131072    1.961
21:48:39.452 VLLM::W        1046589 nvme1n1 RS   1581852416 131072    2.019
21:48:39.452 VLLM::W        1046589 nvme1n1 RS   1581852160 131072    2.094
21:48:39.452 VLLM::W        1046589 nvme1n1 RS   1581850880 131072    2.121
21:48:39.452 VLLM::W        1046589 nvme1n1 RS   1581852672 131072    2.064
21:48:39.452 VLLM::W        1046589 nvme1n1 RS   1581851904 131072    2.134
21:48:39.452 VLLM::W        1046589 nvme1n1 RS   1581853184 131072    2.139
21:48:39.452 VLLM::W        1046589 nvme1n1 RS   1581853440 131072    2.158
21:48:39.452 VLLM::W        1046589 nvme1n1 RS   1581853696 131072    2.168
21:48:39.452 VLLM::W        1046589 nvme1n1 RS   1581852928 131072    2.215
21:48:39.452 VLLM::W        1046589 nvme1n1 RS   1581853952 131072    2.289
21:48:39.452 VLLM::W        1046589 nvme1n1 RS   1581854208 131072    2.306
21:48:39.453 VLLM::W        1046589 nvme1n1 RS   1581854464 131072    2.308
21:48:39.453 VLLM::W        1046589 nvme1n1 RS   1581854720 131072    2.330
21:48:39.453 VLLM::W        1046589 nvme1n1 RS   1581854976 131072    2.336
21:48:39.453 VLLM::W        1046588 nvme1n1 RS   1584529408 131072    1.959
21:48:39.453 VLLM::W        1046588 nvme1n1 RS   1584529664 131072    1.960
21:48:39.453 VLLM::W        1046588 nvme1n1 RS   1584529920 131072    1.976
21:48:39.453 VLLM::W        1046588 nvme1n1 RS   1584530176 131072    2.018
21:48:39.453 VLLM::W        1046588 nvme1n1 RS   1584530432 131072    2.023
21:48:39.453 VLLM::W        1046588 nvme1n1 RS   1584530688 131072    2.124
21:48:39.453 VLLM::W        1046588 nvme1n1 RS   1584530944 131072    2.168
21:48:39.453 VLLM::W        1046588 nvme1n1 RS   1584531200 131072    2.140
21:48:39.453 VLLM::W        1046588 nvme1n1 RS   1584531456 131072    2.151
21:48:39.453 VLLM::W        1046588 nvme1n1 RS   1584531712 131072    2.180
21:48:39.453 VLLM::W        1046588 nvme1n1 RS   1584531968 131072    2.191
21:48:39.453 VLLM::W        1046588 nvme1n1 RS   1584532224 131072    2.218
21:48:39.453 VLLM::W        1046588 nvme1n1 RS   1584532480 131072    2.258
21:48:39.453 VLLM::W        1046588 nvme1n1 RS   1584532736 131072    2.286
21:48:39.453 VLLM::W        1046588 nvme1n1 RS   1584532992 131072    2.317
21:48:39.453 VLLM::W        1046588 nvme1n1 RS   1584533248 131072    2.339
21:48:39.453 VLLM::W        1046588 nvme1n1 RS   1584562176 131072    2.373
21:48:39.453 VLLM::W        1046588 nvme1n1 RS   1584562432 131072    2.407
21:48:39.453 VLLM::W        1046587 nvme1n1 RS   1565503488 131072    1.833
21:48:39.453 VLLM::W        1046587 nvme1n1 RS   1565503744 131072    1.859
21:48:39.453 VLLM::W        1046587 nvme1n1 RS   1565504000 131072    1.887
21:48:39.453 VLLM::W        1046587 nvme1n1 RS   1565504256 131072    1.917
21:48:39.453 VLLM::W        1046587 nvme1n1 RS   1565504512 131072    1.948
21:48:39.453 VLLM::W        1046587 nvme1n1 RS   1565504768 131072    2.013
21:48:39.453 VLLM::W        1046587 nvme1n1 RS   1565505024 131072    2.028
21:48:39.454 VLLM::W        1046587 nvme1n1 RS   1565505280 131072    2.037
21:48:39.454 VLLM::W        1046587 nvme1n1 RS   1565505536 131072    2.047
21:48:39.454 VLLM::W        1046587 nvme1n1 RS   1565506048 131072    2.116
21:48:39.454 VLLM::W        1046587 nvme1n1 RS   1565506304 131072    2.152
21:48:39.454 VLLM::W        1046587 nvme1n1 RS   1565506560 131072    2.173
21:48:39.454 VLLM::W        1046587 nvme1n1 RS   1565505792 131072    2.223
21:48:39.454 VLLM::W        1046587 nvme1n1 RS   1565506816 131072    2.223
21:48:39.454 VLLM::W        1046587 nvme1n1 RS   1565507072 131072    2.248
21:48:39.454 VLLM::W        1046587 nvme1n1 RS   1565507584 131072    2.297
21:48:39.454 VLLM::W        1046587 nvme1n1 RS   1565507328 131072    2.314
21:48:39.454 VLLM::W        1046587 nvme1n1 RS   1565507840 131072    2.382
21:48:39.454 VLLM::W        1046586 nvme1n1 RS   1565479168 131072    1.895
21:48:39.454 VLLM::W        1046586 nvme1n1 RS   1565479424 131072    1.905
21:48:39.454 VLLM::W        1046586 nvme1n1 RS   1565478912 131072    1.961
21:48:39.454 VLLM::W        1046586 nvme1n1 RS   1565479680 131072    2.034
21:48:39.454 VLLM::W        1046586 nvme1n1 RS   1565480192 131072    2.064
21:48:39.454 VLLM::W        1046586 nvme1n1 RS   1565479936 131072    2.076
21:48:39.454 VLLM::W        1046586 nvme1n1 RS   1565480448 131072    2.091
21:48:39.454 VLLM::W        1046586 nvme1n1 RS   1565480960 131072    2.092
21:48:39.454 VLLM::W        1046586 nvme1n1 RS   1565480704 131072    2.110
21:48:39.454 VLLM::W        1046586 nvme1n1 RS   1565481216 131072    2.138
21:48:39.454 VLLM::W        1046586 nvme1n1 RS   1565481472 131072    2.168
21:48:39.454 VLLM::W        1046586 nvme1n1 RS   1565481728 131072    2.188
21:48:39.454 VLLM::W        1046586 nvme1n1 RS   1565481984 131072    2.206
21:48:39.454 VLLM::W        1046586 nvme1n1 RS   1565482240 131072    2.241
21:48:39.454 VLLM::W        1046586 nvme1n1 RS   1565482496 131072    2.275
21:48:39.454 VLLM::W        1046586 nvme1n1 RS   1565482752 131072    2.291
21:48:39.454 VLLM::W        1046586 nvme1n1 RS   1565491200 131072    2.329
21:48:39.455 VLLM::W        1046586 nvme1n1 RS   1565491456 131072    2.368
21:48:39.455 VLLM::W        1046588 nvme1n1 RS   58036224   131072    1.246
21:48:39.455 VLLM::W        1046588 nvme1n1 RS   58036480   131072    1.253
21:48:39.455 VLLM::W        1046588 nvme1n1 RS   58036736   131072    1.276
21:48:39.455 VLLM::W        1046588 nvme1n1 RS   58036992   131072    1.286
21:48:39.455 VLLM::W        1046588 nvme1n1 RS   58037248   131072    1.327
21:48:39.455 VLLM::W        1046588 nvme1n1 RS   58037504   131072    1.382
21:48:39.455 VLLM::W        1046588 nvme1n1 RS   58037760   131072    1.397
21:48:39.455 VLLM::W        1046588 nvme1n1 RS   58038272   131072    1.408
21:48:39.455 VLLM::W        1046588 nvme1n1 RS   58038016   131072    1.420
21:48:39.455 VLLM::W        1046588 nvme1n1 RS   58038528   131072    1.441
21:48:39.455 VLLM::W        1046588 nvme1n1 RS   58038784   131072    1.475
21:48:39.455 VLLM::W        1046588 nvme1n1 RS   58039040   131072    1.516
21:48:39.455 VLLM::W        1046588 nvme1n1 RS   58039296   131072    1.545
21:48:39.455 VLLM::W        1046588 nvme1n1 RS   58039552   131072    1.576
21:48:39.455 VLLM::W        1046588 nvme1n1 RS   58039808   131072    1.604
21:48:39.455 VLLM::W        1046588 nvme1n1 RS   58040064   131072    1.627
21:48:39.455 VLLM::W        1046588 nvme1n1 RS   58040320   131072    1.661
21:48:39.455 VLLM::W        1046588 nvme1n1 RS   58040576   131072    1.690
21:48:39.455 VLLM::W        1046587 nvme1n1 RS   1584173056 131072    1.200
21:48:39.455 VLLM::W        1046587 nvme1n1 RS   1584173312 131072    1.208
21:48:39.455 VLLM::W        1046587 nvme1n1 RS   1584173568 131072    1.238
21:48:39.455 VLLM::W        1046587 nvme1n1 RS   1584173824 131072    1.285
21:48:39.455 VLLM::W        1046587 nvme1n1 RS   1584174080 131072    1.302
21:48:39.455 VLLM::W        1046587 nvme1n1 RS   1584174336 131072    1.342
21:48:39.455 VLLM::W        1046587 nvme1n1 RS   1584174592 131072    1.401
21:48:39.456 VLLM::W        1046587 nvme1n1 RS   1584174848 131072    1.372
21:48:39.456 VLLM::W        1046587 nvme1n1 RS   1584175104 131072    1.397
21:48:39.456 VLLM::W        1046587 nvme1n1 RS   1584175360 131072    1.447
21:48:39.456 VLLM::W        1046587 nvme1n1 RS   1584175616 131072    1.457
21:48:39.456 VLLM::W        1046587 nvme1n1 RS   1584175872 131072    1.488
21:48:39.456 VLLM::W        1046587 nvme1n1 RS   1584176128 131072    1.521
21:48:39.456 VLLM::W        1046587 nvme1n1 RS   1584176384 131072    1.556
21:48:39.456 VLLM::W        1046587 nvme1n1 RS   1584176640 131072    1.586
21:48:39.456 VLLM::W        1046587 nvme1n1 RS   1584176896 131072    1.636
21:48:39.456 VLLM::W        1046587 nvme1n1 RS   1584185344 131072    1.647
21:48:39.456 VLLM::W        1046587 nvme1n1 RS   1584185600 131072    1.703
21:48:39.456 VLLM::W        1046589 nvme1n1 RS   1685999616 131072    1.702
21:48:39.456 VLLM::W        1046589 nvme1n1 RS   1685999872 131072    1.707
21:48:39.456 VLLM::W        1046589 nvme1n1 RS   1686000128 131072    1.743
21:48:39.456 VLLM::W        1046589 nvme1n1 RS   1686000384 131072    1.774
21:48:39.456 VLLM::W        1046589 nvme1n1 RS   1686000640 131072    1.821
21:48:39.456 VLLM::W        1046589 nvme1n1 RS   1686000896 131072    1.850
21:48:39.456 VLLM::W        1046589 nvme1n1 RS   1686001152 131072    1.854
21:48:39.456 VLLM::W        1046589 nvme1n1 RS   1686001408 131072    1.847
21:48:39.456 VLLM::W        1046589 nvme1n1 RS   1686001664 131072    1.896
21:48:39.456 VLLM::W        1046589 nvme1n1 RS   1686001920 131072    1.906
21:48:39.456 VLLM::W        1046589 nvme1n1 RS   1686002176 131072    1.931
21:48:39.456 VLLM::W        1046589 nvme1n1 RS   1686002432 131072    1.959
21:48:39.456 VLLM::W        1046589 nvme1n1 RS   1686002688 131072    1.991
21:48:39.456 VLLM::W        1046589 nvme1n1 RS   1686002944 131072    2.028
21:48:39.456 VLLM::W        1046589 nvme1n1 RS   1686003200 131072    2.057
21:48:39.456 VLLM::W        1046589 nvme1n1 RS   1686003456 131072    2.071
21:48:39.456 VLLM::W        1046589 nvme1n1 RS   1686003712 131072    2.109
21:48:39.457 VLLM::W        1046589 nvme1n1 RS   1686003968 131072    2.141
21:48:39.457 VLLM::W        1046586 nvme1n1 RS   57966592   131072    1.907
21:48:39.457 VLLM::W        1046586 nvme1n1 RS   57966848   131072    1.934
21:48:39.457 VLLM::W        1046586 nvme1n1 RS   57967104   131072    1.965
21:48:39.457 VLLM::W        1046586 nvme1n1 RS   57967360   131072    1.992
21:48:39.457 VLLM::W        1046586 nvme1n1 RS   57967616   131072    2.023
21:48:39.457 VLLM::W        1046586 nvme1n1 RS   57967872   131072    2.083
21:48:39.457 VLLM::W        1046586 nvme1n1 RS   57968128   131072    2.085
21:48:39.457 VLLM::W        1046586 nvme1n1 RS   57968384   131072    2.074
21:48:39.457 VLLM::W        1046586 nvme1n1 RS   57968640   131072    2.113
21:48:39.457 VLLM::W        1046586 nvme1n1 RS   57968896   131072    2.145
21:48:39.457 VLLM::W        1046586 nvme1n1 RS   57969152   131072    2.173
21:48:39.457 VLLM::W        1046586 nvme1n1 RS   57969408   131072    2.202
21:48:39.457 VLLM::W        1046586 nvme1n1 RS   57969664   131072    2.279
21:48:39.457 VLLM::W        1046586 nvme1n1 RS   57969920   131072    2.284
21:48:39.457 VLLM::W        1046586 nvme1n1 RS   57970176   131072    2.317
21:48:39.457 VLLM::W        1046586 nvme1n1 RS   57970432   131072    2.375
21:48:39.457 VLLM::W        1046586 nvme1n1 RS   58261504   131072    2.397
21:48:39.457 VLLM::W        1046586 nvme1n1 RS   58261760   131072    2.403
21:48:39.457 VLLM::W        1046588 nvme1n1 RS   1584816384 131072    1.948
21:48:39.457 VLLM::W        1046588 nvme1n1 RS   1584816640 131072    1.949
21:48:39.457 VLLM::W        1046588 nvme1n1 RS   1584816128 131072    1.977
21:48:39.457 VLLM::W        1046588 nvme1n1 RS   1584816896 131072    1.967
21:48:39.457 VLLM::W        1046588 nvme1n1 RS   1584817152 131072    2.023
21:48:39.457 VLLM::W        1046588 nvme1n1 RS   1584817408 131072    2.050
21:48:39.457 VLLM::W        1046588 nvme1n1 RS   1584817664 131072    2.077
21:48:39.458 VLLM::W        1046588 nvme1n1 RS   1584817920 131072    2.077
21:48:39.458 VLLM::W        1046588 nvme1n1 RS   1584818176 131072    2.110
21:48:39.458 VLLM::W        1046588 nvme1n1 RS   1584818432 131072    2.156
21:48:39.458 VLLM::W        1046588 nvme1n1 RS   1584818688 131072    2.178
21:48:39.458 VLLM::W        1046588 nvme1n1 RS   1584818944 131072    2.188
21:48:39.458 VLLM::W        1046588 nvme1n1 RS   1584819200 131072    2.228
21:48:39.458 VLLM::W        1046588 nvme1n1 RS   1584819456 131072    2.301
21:48:39.458 VLLM::W        1046588 nvme1n1 RS   1584819712 131072    2.322
21:48:39.458 VLLM::W        1046588 nvme1n1 RS   1584819968 131072    2.323
21:48:39.458 VLLM::W        1046588 nvme1n1 RS   1584824320 131072    2.350
21:48:39.458 VLLM::W        1046588 nvme1n1 RS   1584824576 131072    2.477
21:48:39.458 VLLM::W        1046587 nvme1n1 RS   57995776   131072    1.922
21:48:39.458 VLLM::W        1046587 nvme1n1 RS   57996032   131072    1.929
21:48:39.458 VLLM::W        1046587 nvme1n1 RS   57995264   131072    1.984
21:48:39.458 VLLM::W        1046587 nvme1n1 RS   57995520   131072    1.992
21:48:39.458 VLLM::W        1046587 nvme1n1 RS   57996800   131072    2.066
21:48:39.458 VLLM::W        1046587 nvme1n1 RS   57997056   131072    2.046
21:48:39.458 VLLM::W        1046587 nvme1n1 RS   57996544   131072    2.137
21:48:39.458 VLLM::W        1046587 nvme1n1 RS   57996288   131072    2.148
21:48:39.458 VLLM::W        1046587 nvme1n1 RS   57997824   131072    2.151
21:48:39.458 VLLM::W        1046587 nvme1n1 RS   57997568   131072    2.170
21:48:39.458 VLLM::W        1046587 nvme1n1 RS   57997312   131072    2.210
21:48:39.458 VLLM::W        1046587 nvme1n1 RS   57998080   131072    2.235
21:48:39.458 VLLM::W        1046587 nvme1n1 RS   57998592   131072    2.253
21:48:39.458 VLLM::W        1046587 nvme1n1 RS   57998848   131072    2.262
21:48:39.458 VLLM::W        1046587 nvme1n1 RS   57999104   131072    2.276
21:48:39.458 VLLM::W        1046587 nvme1n1 RS   57998336   131072    2.329
21:48:39.459 VLLM::W        1046587 nvme1n1 RS   57999616   131072    2.354
21:48:39.459 VLLM::W        1046587 nvme1n1 RS   57999360   131072    2.370
21:48:39.459 VLLM::W        1046589 nvme1n1 RS   1584177152 131072    1.851
21:48:39.459 VLLM::W        1046589 nvme1n1 RS   1584177408 131072    1.904
21:48:39.459 VLLM::W        1046589 nvme1n1 RS   1584177664 131072    1.912
21:48:39.459 VLLM::W        1046589 nvme1n1 RS   1584177920 131072    1.942
21:48:39.459 VLLM::W        1046589 nvme1n1 RS   1584178176 131072    1.989
21:48:39.459 VLLM::W        1046589 nvme1n1 RS   1584178432 131072    2.021
21:48:39.459 VLLM::W        1046589 nvme1n1 RS   1584178688 131072    2.043
21:48:39.459 VLLM::W        1046589 nvme1n1 RS   1584178944 131072    2.102
21:48:39.459 VLLM::W        1046589 nvme1n1 RS   1584179200 131072    2.118
21:48:39.459 VLLM::W        1046589 nvme1n1 RS   1584179456 131072    2.130
21:48:39.459 VLLM::W        1046589 nvme1n1 RS   1584179712 131072    2.152
21:48:39.459 VLLM::W        1046589 nvme1n1 RS   1584179968 131072    2.162
21:48:39.459 VLLM::W        1046589 nvme1n1 RS   1584180224 131072    2.223
21:48:39.459 VLLM::W        1046589 nvme1n1 RS   1584180480 131072    2.232
21:48:39.459 VLLM::W        1046589 nvme1n1 RS   1584180736 131072    2.258
21:48:39.459 VLLM::W        1046589 nvme1n1 RS   1584180992 131072    2.300
21:48:39.459 VLLM::W        1046589 nvme1n1 RS   1584193536 131072    2.339
21:48:39.459 VLLM::W        1046589 nvme1n1 RS   1584193792 131072    2.348
21:48:39.459 VLLM::W        1046586 nvme1n1 RS   58003456   131072    1.054
21:48:39.459 VLLM::W        1046586 nvme1n1 RS   58003712   131072    1.069
21:48:39.459 VLLM::W        1046586 nvme1n1 RS   58003968   131072    1.095
21:48:39.459 VLLM::W        1046586 nvme1n1 RS   58004224   131072    1.110
21:48:39.459 VLLM::W        1046586 nvme1n1 RS   58004480   131072    1.153
21:48:39.459 VLLM::W        1046586 nvme1n1 RS   58004736   131072    1.179
21:48:39.459 VLLM::W        1046586 nvme1n1 RS   58004992   131072    1.240
21:48:39.459 VLLM::W        1046586 nvme1n1 RS   58005248   131072    1.205
21:48:39.460 VLLM::W        1046586 nvme1n1 RS   58005504   131072    1.237
21:48:39.460 VLLM::W        1046586 nvme1n1 RS   58005760   131072    1.274
21:48:39.460 VLLM::W        1046586 nvme1n1 RS   58006016   131072    1.306
21:48:39.460 VLLM::W        1046586 nvme1n1 RS   58006272   131072    1.351
21:48:39.460 VLLM::W        1046586 nvme1n1 RS   58006528   131072    1.398
21:48:39.460 VLLM::W        1046586 nvme1n1 RS   58006784   131072    1.408
21:48:39.460 VLLM::W        1046586 nvme1n1 RS   58007040   131072    1.435
21:48:39.460 VLLM::W        1046586 nvme1n1 RS   58007552   131072    1.491
21:48:39.460 VLLM::W        1046586 nvme1n1 RS   58007808   131072    1.521
21:48:39.460 VLLM::W        1046586 nvme1n1 RS   58007296   131072    1.569
21:48:39.460 VLLM::W        1046587 nvme1n1 RS   1584508928 131072    1.228
21:48:39.460 VLLM::W        1046587 nvme1n1 RS   1584509184 131072    1.252
21:48:39.460 VLLM::W        1046587 nvme1n1 RS   1584509440 131072    1.287
21:48:39.460 VLLM::W        1046587 nvme1n1 RS   1584509696 131072    1.311
21:48:39.460 VLLM::W        1046587 nvme1n1 RS   1584509952 131072    1.363
21:48:39.460 VLLM::W        1046587 nvme1n1 RS   1584510208 131072    1.378
21:48:39.460 VLLM::W        1046587 nvme1n1 RS   1584510464 131072    1.412
21:48:39.460 VLLM::W        1046587 nvme1n1 RS   1584510720 131072    1.436
21:48:39.460 VLLM::W        1046587 nvme1n1 RS   1584510976 131072    1.464
21:48:39.460 VLLM::W        1046587 nvme1n1 RS   1584511232 131072    1.474
21:48:39.460 VLLM::W        1046587 nvme1n1 RS   1584511488 131072    1.505
21:48:39.460 VLLM::W        1046587 nvme1n1 RS   1584511744 131072    1.533
21:48:39.460 VLLM::W        1046587 nvme1n1 RS   1584512000 131072    1.578
21:48:39.460 VLLM::W        1046587 nvme1n1 RS   1584512256 131072    1.621
21:48:39.460 VLLM::W        1046587 nvme1n1 RS   1584512512 131072    1.631
21:48:39.460 VLLM::W        1046587 nvme1n1 RS   1584512768 131072    1.689
21:48:39.460 VLLM::W        1046587 nvme1n1 RS   1584545792 131072    1.700
21:48:39.461 VLLM::W        1046587 nvme1n1 RS   1584546048 131072    1.725
21:48:39.461 VLLM::W        1046589 nvme1n1 RS   1584513280 131072    1.180
21:48:39.461 VLLM::W        1046589 nvme1n1 RS   1584513024 131072    1.204
21:48:39.461 VLLM::W        1046589 nvme1n1 RS   1584513536 131072    1.205
21:48:39.461 VLLM::W        1046589 nvme1n1 RS   1584514048 131072    1.287
21:48:39.461 VLLM::W        1046589 nvme1n1 RS   1584513792 131072    1.313
21:48:39.461 VLLM::W        1046589 nvme1n1 RS   1584514304 131072    1.332
21:48:39.461 VLLM::W        1046589 nvme1n1 RS   1584514560 131072    1.348
21:48:39.461 VLLM::W        1046589 nvme1n1 RS   1584514816 131072    1.388
21:48:39.461 VLLM::W        1046589 nvme1n1 RS   1584515328 131072    1.403
21:48:39.461 VLLM::W        1046589 nvme1n1 RS   1584515072 131072    1.424
21:48:39.461 VLLM::W        1046589 nvme1n1 RS   1584515584 131072    1.426
21:48:39.461 VLLM::W        1046589 nvme1n1 RS   1584515840 131072    1.456
21:48:39.461 VLLM::W        1046589 nvme1n1 RS   1584516352 131072    1.533
21:48:39.461 VLLM::W        1046589 nvme1n1 RS   1584516096 131072    1.561
21:48:39.461 VLLM::W        1046589 nvme1n1 RS   1584516608 131072    1.574
21:48:39.461 VLLM::W        1046589 nvme1n1 RS   1584516864 131072    1.567
21:48:39.461 VLLM::W        1046589 nvme1n1 RS   1584677120 131072    1.634
21:48:39.461 VLLM::W        1046589 nvme1n1 RS   1584676864 131072    1.645
21:48:39.461 VLLM::W        1046586 nvme1n1 RS   58011648   131072    1.175
21:48:39.461 VLLM::W        1046586 nvme1n1 RS   58011904   131072    1.205
21:48:39.461 VLLM::W        1046586 nvme1n1 RS   58012160   131072    1.238
21:48:39.461 VLLM::W        1046586 nvme1n1 RS   58012672   131072    1.293
21:48:39.461 VLLM::W        1046586 nvme1n1 RS   58012416   131072    1.355
21:48:39.461 VLLM::W        1046586 nvme1n1 RS   58012928   131072    1.357
21:48:39.461 VLLM::W        1046586 nvme1n1 RS   58013184   131072    1.394
21:48:39.462 VLLM::W        1046586 nvme1n1 RS   58013696   131072    1.407
21:48:39.462 VLLM::W        1046586 nvme1n1 RS   58013440   131072    1.426
21:48:39.462 VLLM::W        1046586 nvme1n1 RS   58013952   131072    1.443
21:48:39.462 VLLM::W        1046586 nvme1n1 RS   58014208   131072    1.454
21:48:39.462 VLLM::W        1046586 nvme1n1 RS   58014464   131072    1.492
21:48:39.462 VLLM::W        1046586 nvme1n1 RS   58014720   131072    1.520
21:48:39.462 VLLM::W        1046586 nvme1n1 RS   58014976   131072    1.553
21:48:39.462 VLLM::W        1046586 nvme1n1 RS   58015232   131072    1.594
21:48:39.462 VLLM::W        1046586 nvme1n1 RS   58015488   131072    1.615
21:48:39.462 VLLM::W        1046586 nvme1n1 RS   58015744   131072    1.663
21:48:39.462 VLLM::W        1046586 nvme1n1 RS   58016000   131072    1.675
21:48:39.462 VLLM::W        1046587 nvme1n1 RS   1584517120 131072    1.258
21:48:39.462 VLLM::W        1046587 nvme1n1 RS   1584517376 131072    1.284
21:48:39.462 VLLM::W        1046587 nvme1n1 RS   1584517632 131072    1.314
21:48:39.462 VLLM::W        1046587 nvme1n1 RS   1584517888 131072    1.369
21:48:39.462 VLLM::W        1046587 nvme1n1 RS   1584518144 131072    1.380
21:48:39.462 VLLM::W        1046587 nvme1n1 RS   1584518400 131072    1.433
21:48:39.462 VLLM::W        1046587 nvme1n1 RS   1584518656 131072    1.443
21:48:39.462 VLLM::W        1046587 nvme1n1 RS   1584518912 131072    1.457
21:48:39.462 VLLM::W        1046587 nvme1n1 RS   1584519168 131072    1.478
21:48:39.462 VLLM::W        1046587 nvme1n1 RS   1584519424 131072    1.489
21:48:39.462 VLLM::W        1046587 nvme1n1 RS   1584519680 131072    1.518
21:48:39.462 VLLM::W        1046587 nvme1n1 RS   1584519936 131072    1.554
21:48:39.462 VLLM::W        1046587 nvme1n1 RS   1584520192 131072    1.595
21:48:39.462 VLLM::W        1046587 nvme1n1 RS   1584520448 131072    1.623
21:48:39.462 VLLM::W        1046587 nvme1n1 RS   1584520704 131072    1.653
21:48:39.462 VLLM::W        1046587 nvme1n1 RS   1584520960 131072    1.676
21:48:39.462 VLLM::W        1046587 nvme1n1 RS   1584558080 131072    1.712
21:48:39.462 VLLM::W        1046587 nvme1n1 RS   1584558336 131072    1.741
21:48:39.463 VLLM::W        1046589 nvme1n1 RS   1584496896 131072    1.223
21:48:39.463 VLLM::W        1046589 nvme1n1 RS   1584496640 131072    1.238
21:48:39.463 VLLM::W        1046589 nvme1n1 RS   1584497152 131072    1.256
21:48:39.463 VLLM::W        1046589 nvme1n1 RS   1584497408 131072    1.282
21:48:39.463 VLLM::W        1046589 nvme1n1 RS   1584497664 131072    1.315
21:48:39.463 VLLM::W        1046589 nvme1n1 RS   1584497920 131072    1.362
21:48:39.463 VLLM::W        1046589 nvme1n1 RS   1584498176 131072    1.371
21:48:39.463 VLLM::W        1046589 nvme1n1 RS   1584498432 131072    1.375
21:48:39.463 VLLM::W        1046589 nvme1n1 RS   1584498944 131072    1.445
21:48:39.463 VLLM::W        1046589 nvme1n1 RS   1584498688 131072    1.468
21:48:39.463 VLLM::W        1046589 nvme1n1 RS   1584499200 131072    1.475
21:48:39.463 VLLM::W        1046589 nvme1n1 RS   1584499456 131072    1.531
21:48:39.463 VLLM::W        1046589 nvme1n1 RS   1584499712 131072    1.542
21:48:39.463 VLLM::W        1046589 nvme1n1 RS   1584499968 131072    1.566
21:48:39.463 VLLM::W        1046589 nvme1n1 RS   1584500224 131072    1.593
21:48:39.463 VLLM::W        1046589 nvme1n1 RS   1584500480 131072    1.660
21:48:39.463 VLLM::W        1046589 nvme1n1 RS   1584533504 131072    1.671
21:48:39.463 VLLM::W        1046589 nvme1n1 RS   1584533760 131072    1.703
21:48:39.463 VLLM::W        1046586 nvme1n1 RS   1584680960 131072    1.300
21:48:39.463 VLLM::W        1046586 nvme1n1 RS   1584681216 131072    1.315
21:48:39.463 VLLM::W        1046586 nvme1n1 RS   1584681472 131072    1.336
21:48:39.463 VLLM::W        1046586 nvme1n1 RS   1584681728 131072    1.353
21:48:39.463 VLLM::W        1046586 nvme1n1 RS   1584681984 131072    1.374
21:48:39.463 VLLM::W        1046586 nvme1n1 RS   1584682240 131072    1.404
21:48:39.463 VLLM::W        1046586 nvme1n1 RS   1584682496 131072    1.474
21:48:39.464 VLLM::W        1046586 nvme1n1 RS   1584683008 131072    1.485
21:48:39.464 VLLM::W        1046586 nvme1n1 RS   1584683264 131072    1.512
21:48:39.464 VLLM::W        1046586 nvme1n1 RS   1584682752 131072    1.532
21:48:39.464 VLLM::W        1046586 nvme1n1 RS   1584684032 131072    1.585
21:48:39.464 VLLM::W        1046586 nvme1n1 RS   1584684288 131072    1.628
21:48:39.464 VLLM::W        1046586 nvme1n1 RS   1584683520 131072    1.657
21:48:39.464 VLLM::W        1046586 nvme1n1 RS   1584683776 131072    1.663
21:48:39.464 VLLM::W        1046586 nvme1n1 RS   1584685056 131072    1.720
21:48:39.464 VLLM::W        1046586 nvme1n1 RS   1584685312 131072    1.747
21:48:39.464 VLLM::W        1046586 nvme1n1 RS   1584684544 131072    1.818
21:48:39.464 VLLM::W        1046586 nvme1n1 RS   1584684800 131072    1.828
21:48:39.464 VLLM::W        1046589 nvme1n1 RS   1584550144 131072    0.520
21:48:39.464 VLLM::W        1046589 nvme1n1 RS   1584550400 131072    0.559
21:48:39.464 VLLM::W        1046589 nvme1n1 RS   1584549888 131072    0.572
21:48:39.464 VLLM::W        1046589 nvme1n1 RS   1584551168 131072    0.638
21:48:39.464 VLLM::W        1046589 nvme1n1 RS   1584551424 131072    0.684
21:48:39.464 VLLM::W        1046589 nvme1n1 RS   1584550656 131072    0.714
21:48:39.464 VLLM::W        1046589 nvme1n1 RS   1584550912 131072    0.716
21:48:39.464 VLLM::W        1046589 nvme1n1 RS   1584551680 131072    0.720
21:48:39.464 VLLM::W        1046589 nvme1n1 RS   1584551936 131072    0.728
21:48:39.464 VLLM::W        1046587 nvme1n1 RS   1584803840 131072    0.774
21:48:39.464 VLLM::W        1046587 nvme1n1 RS   1584804352 131072    0.785
21:48:39.464 VLLM::W        1046587 nvme1n1 RS   1584804096 131072    0.802
21:48:39.464 VLLM::W        1046589 nvme1n1 RS   1584552192 131072    0.833
21:48:39.464 VLLM::W        1046589 nvme1n1 RS   1584552448 131072    0.862
21:48:39.464 VLLM::W        1046589 nvme1n1 RS   1584552704 131072    0.961
21:48:39.465 VLLM::W        1046587 nvme1n1 RS   1584804864 131072    1.037
21:48:39.465 VLLM::W        1046589 nvme1n1 RS   1584553216 131072    1.045
21:48:39.465 VLLM::W        1046589 nvme1n1 RS   1584553472 131072    1.081
21:48:39.465 VLLM::W        1046587 nvme1n1 RS   1584804608 131072    1.102
21:48:39.465 VLLM::W        1046589 nvme1n1 RS   1584552960 131072    1.125
21:48:39.465 VLLM::W        1046587 nvme1n1 RS   1584805376 131072    1.178
21:48:39.465 VLLM::W        1046589 nvme1n1 RS   1584566528 131072    1.230
21:48:39.465 VLLM::W        1046589 nvme1n1 RS   1584553728 131072    1.251
21:48:39.465 VLLM::W        1046587 nvme1n1 RS   1584805632 131072    1.269
21:48:39.465 VLLM::W        1046587 nvme1n1 RS   1584805888 131072    1.287
21:48:39.465 VLLM::W        1046587 nvme1n1 RS   1584805120 131072    1.351
21:48:39.465 VLLM::W        1046587 nvme1n1 RS   1584806400 131072    1.384
21:48:39.465 VLLM::W        1046587 nvme1n1 RS   1584806144 131072    1.403
21:48:39.465 VLLM::W        1046589 nvme1n1 RS   1584566272 131072    1.449
21:48:39.465 VLLM::W        1046587 nvme1n1 RS   1584806912 131072    1.476
21:48:39.465 VLLM::W        1046587 nvme1n1 RS   1584807424 131072    1.484
21:48:39.465 VLLM::W        1046587 nvme1n1 RS   1584806656 131072    1.532
21:48:39.465 VLLM::W        1046587 nvme1n1 RS   1584807168 131072    1.557
21:48:39.465 VLLM::W        1046587 nvme1n1 RS   1584807680 131072    1.608
21:48:39.465 VLLM::W        1046587 nvme1n1 RS   1584820224 131072    1.630
21:48:39.465 VLLM::W        1046587 nvme1n1 RS   1584820480 131072    1.639
21:48:39.465 VLLM::W        1046586 nvme1n1 RS   58020352   131072    1.250
21:48:39.465 VLLM::W        1046586 nvme1n1 RS   58019840   131072    1.267
21:48:39.465 VLLM::W        1046586 nvme1n1 RS   58020608   131072    1.297
21:48:39.465 VLLM::W        1046586 nvme1n1 RS   58020864   131072    1.360
21:48:39.465 VLLM::W        1046586 nvme1n1 RS   58020096   131072    1.374
21:48:39.465 VLLM::W        1046586 nvme1n1 RS   58021376   131072    1.363
21:48:39.466 VLLM::W        1046586 nvme1n1 RS   58021888   131072    1.384
21:48:39.466 VLLM::W        1046586 nvme1n1 RS   58021120   131072    1.446
21:48:39.466 VLLM::W        1046586 nvme1n1 RS   58021632   131072    1.451
21:48:39.466 VLLM::W        1046586 nvme1n1 RS   58022144   131072    1.459
21:48:39.466 VLLM::W        1046586 nvme1n1 RS   58022656   131072    1.526
21:48:39.466 VLLM::W        1046586 nvme1n1 RS   58022400   131072    1.555
21:48:39.466 VLLM::W        1046586 nvme1n1 RS   58022912   131072    1.569
21:48:39.466 VLLM::W        1046586 nvme1n1 RS   58023168   131072    1.586
21:48:39.466 VLLM::W        1046586 nvme1n1 RS   58023424   131072    1.599
21:48:39.466 VLLM::W        1046586 nvme1n1 RS   58023680   131072    1.597
21:48:39.466 VLLM::W        1046586 nvme1n1 RS   58028032   131072    1.685
21:48:39.466 VLLM::W        1046586 nvme1n1 RS   58028288   131072    1.703
21:48:39.466 VLLM::W        1046589 nvme1n1 RS   58023936   131072    0.738
21:48:39.466 VLLM::W        1046589 nvme1n1 RS   58024192   131072    0.776
21:48:39.466 VLLM::W        1046589 nvme1n1 RS   58024448   131072    0.822
21:48:39.466 VLLM::W        1046589 nvme1n1 RS   58024704   131072    0.832
21:48:39.466 VLLM::W        1046589 nvme1n1 RS   58024960   131072    0.901
21:48:39.466 VLLM::W        1046589 nvme1n1 RS   58025216   131072    0.913
21:48:39.466 VLLM::W        1046589 nvme1n1 RS   58025472   131072    1.003
21:48:39.466 VLLM::W        1046589 nvme1n1 RS   58025728   131072    0.967
21:48:39.466 VLLM::W        1046589 nvme1n1 RS   58025984   131072    0.976
21:48:39.466 VLLM::W        1046589 nvme1n1 RS   58026240   131072    1.028
21:48:39.466 VLLM::W        1046589 nvme1n1 RS   58026496   131072    1.046
21:48:39.466 VLLM::W        1046589 nvme1n1 RS   58026752   131072    1.057
21:48:39.466 VLLM::W        1046589 nvme1n1 RS   58027008   131072    1.067
21:48:39.466 VLLM::W        1046589 nvme1n1 RS   58027264   131072    1.150
21:48:39.466 VLLM::W        1046589 nvme1n1 RS   58027776   131072    1.162
21:48:39.466 VLLM::W        1046589 nvme1n1 RS   58032128   131072    1.201
21:48:39.466 VLLM::W        1046589 nvme1n1 RS   58027520   131072    1.228
21:48:39.467 VLLM::W        1046589 nvme1n1 RS   58032384   131072    1.236
21:48:39.467 VLLM::W        1046587 nvme1n1 RS   1584795648 131072    1.205
21:48:39.467 VLLM::W        1046587 nvme1n1 RS   1584795904 131072    1.257
21:48:39.467 VLLM::W        1046587 nvme1n1 RS   1584796160 131072    1.296
21:48:39.467 VLLM::W        1046587 nvme1n1 RS   1584796416 131072    1.348
21:48:39.467 VLLM::W        1046587 nvme1n1 RS   1584796672 131072    1.360
21:48:39.467 VLLM::W        1046587 nvme1n1 RS   1584796928 131072    1.362
21:48:39.467 VLLM::W        1046587 nvme1n1 RS   1584797184 131072    1.426
21:48:39.467 VLLM::W        1046587 nvme1n1 RS   1584797696 131072    1.407
21:48:39.467 VLLM::W        1046587 nvme1n1 RS   1584797952 131072    1.416
21:48:39.467 VLLM::W        1046587 nvme1n1 RS   1584798208 131072    1.466
21:48:39.467 VLLM::W        1046587 nvme1n1 RS   1584797440 131072    1.489
21:48:39.467 VLLM::W        1046587 nvme1n1 RS   1584798720 131072    1.533
21:48:39.467 VLLM::W        1046587 nvme1n1 RS   1584798464 131072    1.578
21:48:39.467 VLLM::W        1046587 nvme1n1 RS   1584798976 131072    1.586
21:48:39.467 VLLM::W        1046587 nvme1n1 RS   1584799232 131072    1.616
21:48:39.467 VLLM::W        1046587 nvme1n1 RS   1584799488 131072    1.641
21:48:39.467 VLLM::W        1046587 nvme1n1 RS   1584807936 131072    1.675
21:48:39.467 VLLM::W        1046587 nvme1n1 RS   1584808192 131072    1.703
21:48:39.467 VLLM::W        1046586 nvme1n1 RS   1584787456 131072    1.205
21:48:39.467 VLLM::W        1046586 nvme1n1 RS   1584787968 131072    1.247
21:48:39.467 VLLM::W        1046586 nvme1n1 RS   1584788224 131072    1.298
21:48:39.467 VLLM::W        1046586 nvme1n1 RS   1584787712 131072    1.317
21:48:39.467 VLLM::W        1046586 nvme1n1 RS   1584788480 131072    1.368
21:48:39.467 VLLM::W        1046586 nvme1n1 RS   1584788736 131072    1.387
21:48:39.467 VLLM::W        1046586 nvme1n1 RS   1584788992 131072    1.398
21:48:39.467 VLLM::W        1046586 nvme1n1 RS   1584789248 131072    1.392
21:48:39.467 VLLM::W        1046586 nvme1n1 RS   1584789504 131072    1.433
21:48:39.468 VLLM::W        1046586 nvme1n1 RS   1584789760 131072    1.461
21:48:39.468 VLLM::W        1046586 nvme1n1 RS   1584790016 131072    1.503
21:48:39.468 VLLM::W        1046586 nvme1n1 RS   1584790272 131072    1.540
21:48:39.468 VLLM::W        1046586 nvme1n1 RS   1584790528 131072    1.593
21:48:39.468 VLLM::W        1046586 nvme1n1 RS   1584790784 131072    1.604
21:48:39.468 VLLM::W        1046586 nvme1n1 RS   1584791040 131072    1.660
21:48:39.468 VLLM::W        1046586 nvme1n1 RS   1584791296 131072    1.656
21:48:39.468 VLLM::W        1046586 nvme1n1 RS   1584799744 131072    1.693
21:48:39.468 VLLM::W        1046586 nvme1n1 RS   1584800000 131072    1.792
21:48:39.468 VLLM::W        1046589 nvme1n1 RS   1584791552 131072    1.245
21:48:39.468 VLLM::W        1046589 nvme1n1 RS   1584791808 131072    1.256
21:48:39.468 VLLM::W        1046589 nvme1n1 RS   1584792064 131072    1.262
21:48:39.468 VLLM::W        1046589 nvme1n1 RS   1584792576 131072    1.311
21:48:39.468 VLLM::W        1046589 nvme1n1 RS   1584792320 131072    1.360
21:48:39.468 VLLM::W        1046589 nvme1n1 RS   1584792832 131072    1.380
21:48:39.468 VLLM::W        1046589 nvme1n1 RS   1584793088 131072    1.390
21:48:39.468 VLLM::W        1046589 nvme1n1 RS   1584793600 131072    1.383
21:48:39.468 VLLM::W        1046589 nvme1n1 RS   1584793344 131072    1.417
21:48:39.468 VLLM::W        1046589 nvme1n1 RS   1584794112 131072    1.449
21:48:39.468 VLLM::W        1046589 nvme1n1 RS   1584793856 131072    1.481
21:48:39.468 VLLM::W        1046589 nvme1n1 RS   1584794624 131072    1.540
21:48:39.468 VLLM::W        1046589 nvme1n1 RS   1584794368 131072    1.575
21:48:39.468 VLLM::W        1046589 nvme1n1 RS   1584794880 131072    1.598
21:48:39.468 VLLM::W        1046589 nvme1n1 RS   1584795392 131072    1.621
21:48:39.469 VLLM::W        1046589 nvme1n1 RS   1584795136 131072    1.713
21:48:39.469 VLLM::W        1046589 nvme1n1 RS   1584812032 131072    1.704
21:48:39.469 VLLM::W        1046589 nvme1n1 RS   1584812288 131072    1.709
21:48:39.745 libuv-w        2068    nvme0n1 WS   35573984   4096      0.858
21:48:39.747 jbd2/nv        391     nvme0n1 WSM  4236120    28672     1.078
21:48:39.747 jbd2/nv        391     nvme0n1 WSM  4236176    4096      0.764
21:48:39.788 python3        1046588 nvme1n1 WS   1585397760 131072    0.178
21:48:39.788 python3        1046588 nvme1n1 WS   1585398016 131072    0.241
21:48:39.789 python3        1046588 nvme1n1 WS   1585398272 131072    0.334
21:48:39.789 python3        1046588 nvme1n1 WS   1585398528 131072    0.422
21:48:39.789 python3        1046588 nvme1n1 WS   1585398784 131072    0.493
21:48:39.789 python3        1046588 nvme1n1 WS   1585399040 131072    0.555
21:48:39.789 python3        1046588 nvme1n1 WS   1585399296 131072    0.638
21:48:39.789 python3        1046588 nvme1n1 WS   1585399552 131072    0.674
21:48:39.789 python3        1046588 nvme1n1 WS   1585399808 131072    0.750
21:48:39.789 python3        1046588 nvme1n1 WS   1585400064 131072    0.832
21:48:39.789 python3        1046588 nvme1n1 WS   1585400320 131072    0.908
21:48:39.789 python3        1046588 nvme1n1 WS   1585400576 131072    0.986
21:48:39.789 python3        1046588 nvme1n1 WS   1585400832 131072    1.064
21:48:39.789 python3        1046588 nvme1n1 WS   1585401088 131072    1.145
21:48:39.790 python3        1046588 nvme1n1 WS   1585401344 131072    1.226
21:48:39.790 python3        1046588 nvme1n1 WS   1585401600 131072    1.288
21:48:39.790 python3        1046588 nvme1n1 WS   1585184768 131072    1.365
21:48:39.790 python3        1046588 nvme1n1 WS   1585185024 131072    1.442
21:48:39.790 python3        1046589 nvme1n1 WS   1585405952 131072    1.535
21:48:39.790 python3        1046587 nvme1n1 WS   1585401856 131072    1.610
21:48:39.790 python3        1046587 nvme1n1 WS   1585402112 131072    1.683
21:48:39.790 python3        1046587 nvme1n1 WS   1585402368 131072    1.763
21:48:39.790 python3        1046587 nvme1n1 WS   1585402624 131072    1.844
21:48:39.790 python3        1046589 nvme1n1 WS   1585406208 131072    1.937
21:48:39.790 python3        1046589 nvme1n1 WS   1585406464 131072    2.015
21:48:39.790 python3        1046589 nvme1n1 WS   1585406720 131072    2.099
21:48:39.791 python3        1046587 nvme1n1 WS   1585402880 131072    2.178
21:48:39.791 python3        1046587 nvme1n1 WS   1585403136 131072    2.259
21:48:39.791 python3        1046589 nvme1n1 WS   1585406976 131072    2.341
21:48:39.791 python3        1046589 nvme1n1 WS   1585407232 131072    2.415
21:48:39.791 python3        1046589 nvme1n1 WS   1585407488 131072    2.489
21:48:39.791 python3        1046586 nvme1n1 WS   1585410048 131072    2.637
21:48:39.791 python3        1046586 nvme1n1 WS   1585410304 131072    2.656
21:48:39.791 python3        1046586 nvme1n1 WS   1585410560 131072    2.715
21:48:39.791 python3        1046586 nvme1n1 WS   1585410816 131072    2.787
21:48:39.791 python3        1046587 nvme1n1 WS   1585403392 131072    2.877
21:48:39.791 python3        1046586 nvme1n1 WS   1585411072 131072    2.940
21:48:39.791 python3        1046586 nvme1n1 WS   1585411328 131072    3.014
21:48:39.792 python3        1046586 nvme1n1 WS   1585411584 131072    3.086
21:48:39.792 python3        1046589 nvme1n1 WS   1585407744 131072    3.152
21:48:39.792 python3        1046589 nvme1n1 WS   1585408000 131072    3.230
21:48:39.792 python3        1046589 nvme1n1 WS   1585408256 131072    3.302
21:48:39.792 python3        1046589 nvme1n1 WS   1585408512 131072    3.379
21:48:39.792 python3        1046587 nvme1n1 WS   1585403648 131072    3.461
21:48:39.792 python3        1046586 nvme1n1 WS   1585188864 131072    3.548
21:48:39.792 python3        1046589 nvme1n1 WS   1585408768 131072    3.616
21:48:39.792 python3        1046589 nvme1n1 WS   1585409024 131072    3.694
21:48:39.792 python3        1046589 nvme1n1 WS   1585409280 131072    3.771
21:48:39.792 python3        1046589 nvme1n1 WS   1585409536 81920     3.817
21:48:39.792 python3        1046587 nvme1n1 WS   1585403904 131072    3.907
21:48:39.792 python3        1046587 nvme1n1 WS   1585404160 131072    3.988
21:48:39.793 python3        1046587 nvme1n1 WS   1585404416 131072    4.055
21:48:39.793 python3        1046587 nvme1n1 WS   1585404672 131072    4.127
21:48:39.793 python3        1046587 nvme1n1 WS   1585404928 131072    4.205
21:48:39.793 python3        1046587 nvme1n1 WS   1585405184 131072    4.281
21:48:39.793 python3        1046587 nvme1n1 WS   1585405440 131072    4.355
21:48:39.793 python3        1046588 nvme1n1 WS   1585192960 131072    4.514
21:48:39.793 python3        1046588 nvme1n1 WS   1585193216 131072    4.542
21:48:39.793 python3        1046588 nvme1n1 WS   1585193472 131072    4.614
21:48:39.793 python3        1046588 nvme1n1 WS   1585193728 131072    4.690
21:48:39.793 python3        1046588 nvme1n1 WS   1585193984 131072    4.766
21:48:39.793 python3        1046588 nvme1n1 WS   1585194240 131072    4.845
21:48:39.793 python3        1046588 nvme1n1 WS   1585194496 131072    4.918
21:48:39.793 python3        1046586 nvme1n1 WS   1585189120 131072    5.032
21:48:39.794 python3        1046586 nvme1n1 WS   1585189376 131072    5.103
21:48:39.794 python3        1046586 nvme1n1 WS   1585189632 131072    5.174
21:48:39.794 python3        1046586 nvme1n1 WS   1585189888 131072    5.245
21:48:39.794 python3        1046586 nvme1n1 WS   1585190144 131072    5.318
21:48:39.794 python3        1046586 nvme1n1 WS   1585190400 131072    5.393
21:48:39.794 python3        1046586 nvme1n1 WS   1585411840 131072    5.551
21:48:39.794 python3        1046586 nvme1n1 WS   1585412096 131072    5.574
21:48:39.794 python3        1046586 nvme1n1 WS   1585412352 131072    5.636
21:48:39.794 python3        1046586 nvme1n1 WS   1585412608 131072    5.714
21:48:39.794 python3        1046586 nvme1n1 WS   1585412864 131072    5.795
21:48:39.794 python3        1046586 nvme1n1 WS   1585413120 131072    5.868
21:48:39.794 python3        1046586 nvme1n1 WS   1585413376 131072    5.942
21:48:39.795 python3        1046589 nvme1n1 WS   1585197056 131072    6.049
21:48:39.795 python3        1046589 nvme1n1 WS   1585197312 131072    6.118
21:48:39.795 python3        1046589 nvme1n1 WS   1585197568 131072    6.196
21:48:39.795 python3        1046589 nvme1n1 WS   1585197824 131072    6.269
21:48:39.795 python3        1046589 nvme1n1 WS   1585198080 131072    6.348
21:48:39.795 python3        1046589 nvme1n1 WS   1585198336 131072    6.429
21:48:39.795 python3        1046589 nvme1n1 WS   1585198592 131072    6.503
21:48:39.795 python3        1046586 nvme1n1 WS   1585413632 131072    6.582
21:48:39.795 python3        1046586 nvme1n1 WS   1585413888 131072    6.640
21:48:39.795 python3        1046586 nvme1n1 WS   1585209344 131072    6.718
21:48:39.795 python3        1046586 nvme1n1 WS   1585209600 131072    6.798
21:48:39.795 python3        1046587 nvme1n1 WS   1585405696 131072    6.906
21:48:39.795 python3        1046587 nvme1n1 WS   1585205248 131072    6.980
21:48:39.796 python3        1046587 nvme1n1 WS   1585205504 131072    7.078
21:48:39.796 python3        1046588 nvme1n1 WS   1585194752 131072    7.156
21:48:39.796 python3        1046588 nvme1n1 WS   1585195008 131072    7.232
21:48:39.796 python3        1046588 nvme1n1 WS   1585195264 131072    7.307
21:48:39.796 python3        1046588 nvme1n1 WS   1585195520 131072    7.385
21:48:39.796 python3        1046588 nvme1n1 WS   1585195776 131072    7.463
21:48:39.796 python3        1046588 nvme1n1 WS   1585196032 131072    7.539
21:48:39.796 python3        1046588 nvme1n1 WS   1585196288 131072    7.618
21:48:39.796 python3        1046588 nvme1n1 WS   1585196544 81920     7.667
21:48:39.796 python3        1046586 nvme1n1 WS   1585190656 131072    7.769
21:48:39.796 python3        1046586 nvme1n1 WS   1585190912 131072    7.840
21:48:39.796 python3        1046586 nvme1n1 WS   1585191168 131072    7.913
21:48:39.797 python3        1046586 nvme1n1 WS   1585191424 131072    7.988
21:48:39.797 python3        1046586 nvme1n1 WS   1585191680 131072    8.068
21:48:39.797 python3        1046587 nvme1n1 WS   1585201152 131072    8.214
21:48:39.797 python3        1046587 nvme1n1 WS   1585201408 131072    8.239
21:48:39.797 python3        1046587 nvme1n1 WS   1585201664 131072    8.315
21:48:39.797 python3        1046587 nvme1n1 WS   1585201920 131072    8.389
21:48:39.797 python3        1046587 nvme1n1 WS   1585202176 131072    8.467
21:48:39.797 python3        1046587 nvme1n1 WS   1585202432 131072    8.541
21:48:39.797 python3        1046589 nvme1n1 WS   1585198848 131072    8.645
21:48:39.797 python3        1046589 nvme1n1 WS   1585199104 131072    8.723
21:48:39.797 python3        1046589 nvme1n1 WS   1585199360 131072    8.799
21:48:39.797 python3        1046589 nvme1n1 WS   1585199616 131072    8.878
21:48:39.798 python3        1046589 nvme1n1 WS   1585199872 131072    8.957
21:48:39.798 python3        1046589 nvme1n1 WS   1585200128 131072    9.033
21:48:39.798 python3        1046587 nvme1n1 WS   1585202688 131072    9.112
21:48:39.798 python3        1046586 nvme1n1 WS   1585191936 131072    9.200
21:48:39.798 python3        1046586 nvme1n1 WS   1585192192 131072    9.271
21:48:39.798 python3        1046586 nvme1n1 WS   1585192448 81920     9.318
21:48:39.798 python3        1046589 nvme1n1 WS   1585200384 131072    9.403
21:48:39.798 python3        1046589 nvme1n1 WS   1585200640 131072    9.478
21:48:39.798 python3        1046589 nvme1n1 WS   1585200896 131072    9.540
21:48:39.798 python3        1046589 nvme1n1 WS   1585213440 131072    9.617
21:48:39.798 python3        1046589 nvme1n1 WS   1585213696 131072    9.696
21:48:39.798 python3        1046587 nvme1n1 WS   1585202944 131072    9.775
21:48:39.798 python3        1046587 nvme1n1 WS   1585203200 131072    9.857
21:48:39.799 python3        1046587 nvme1n1 WS   1585203456 131072    9.934
21:48:39.799 python3        1046587 nvme1n1 WS   1585203712 131072   10.013
21:48:39.799 python3        1046587 nvme1n1 WS   1585203968 131072   10.091
21:48:39.799 python3        1046587 nvme1n1 WS   1585204224 131072   10.170
21:48:39.799 python3        1046587 nvme1n1 WS   1585204480 131072   10.246
21:48:39.799 python3        1046587 nvme1n1 WS   1585204736 81920    10.295
21:48:40.068 libuv-w        2068    nvme0n1 WS   35573992   4096      0.924
21:48:40.069 jbd2/nv        391     nvme0n1 WSM  4236184    24576     1.127
21:48:40.070 jbd2/nv        391     nvme0n1 WSM  4236232    4096      0.802
21:48:40.078 nvme           1187112 Unknown N    -1         512       0.033
21:48:40.384 libuv-w        2068    nvme0n1 WS   36639200   4096      0.890
21:48:40.385 jbd2/nv        391     nvme0n1 WSM  4236240    32768     1.109
21:48:40.386 jbd2/nv        391     nvme0n1 WSM  4236304    4096      0.880
21:48:40.661 libuv-w        2068    nvme0n1 WS   15391464   4096      0.885
21:48:40.662 jbd2/nv        391     nvme0n1 WSM  4236312    28672     1.104
21:48:40.663 jbd2/nv        391     nvme0n1 WSM  4236368    4096      0.818
21:48:40.737 kworker        1186241 nvme0n1 W    7210712    4096      0.849
21:48:40.737 kworker        1186241 nvme0n1 W    15399256   4096      0.914
21:48:40.737 kworker        1186241 nvme0n1 W    34613544   4096      0.924
21:48:40.737 kworker        1186241 nvme0n1 W    15399272   4096      0.925
21:48:40.979 libuv-w        2068    nvme0n1 WS   35574000   4096      0.990
21:48:40.980 jbd2/nv        391     nvme0n1 WSM  4236376    45056     1.279
21:48:40.981 jbd2/nv        391     nvme0n1 WSM  4236464    4096      0.741
21:48:41.059 jbd2/nv        752     nvme1n1 WSM  878174264  131072    0.168
21:48:41.059 jbd2/nv        752     nvme1n1 WSM  878174520  131072    0.190
21:48:41.059 jbd2/nv        752     nvme1n1 WSM  878174776  16384     0.191
21:48:41.059 jbd2/nv        752     nvme1n1 WSM  878174808  4096      0.030
21:48:41.063 amoprof        1047622 nvme1n1 W    579406552  4096      0.039
