TIMESTAMP    COMM           PID     DISK    T    SECTOR     BYTES   LAT(ms)
12:58:22.657 nvme           2459418 Unknown N    -1         512       0.036
12:58:23.673 nvme           2459484 Unknown N    -1         512       0.035
12:58:24.690 nvme           2459494 Unknown N    -1         512       0.033
12:58:25.057 kworker        2456217 nvme1n1 W    625912544  4096      0.114
12:58:25.057 kworker        2456217 nvme1n1 W    625795032  4096      0.130
12:58:25.057 kworker        2456217 nvme1n1 W    629425040  126976    0.180
12:58:25.057 kworker        2456217 nvme1n1 W    629425288  131072    0.258
12:58:25.057 kworker        2456217 nvme1n1 W    629425544  122880    0.331
12:58:25.057 kworker        2456217 nvme1n1 W    629425784  49152     0.361
12:58:25.057 kworker        2456217 nvme1n1 W    731035944  73728     0.404
12:58:25.057 kworker        2456217 nvme1n1 W    629425880  122880    0.480
12:58:25.057 kworker        2456217 nvme1n1 W    629426120  114688    0.156
12:58:25.057 kworker        2456217 nvme1n1 W    629426344  45056     0.181
12:58:25.058 kworker        2456217 nvme1n1 W    730451416  69632     0.222
12:58:25.058 kworker        2456217 nvme1n1 W    629426432  118784    0.293
12:58:25.058 kworker        2456217 nvme1n1 W    730451552  69632     0.336
12:58:25.058 kworker        2456217 nvme1n1 W    731036088  102400    0.399
12:58:25.058 kworker        2456217 nvme1n1 W    629426664  57344     0.431
12:58:25.058 kworker        2456217 nvme1n1 W    731036288  94208     0.122
12:58:25.058 kworker        2456217 nvme1n1 W    629426776  86016     0.173
12:58:25.058 kworker        2456217 nvme1n1 W    629426944  126976    0.249
12:58:25.058 kworker        2456217 nvme1n1 W    629427192  114688    0.320
12:58:25.058 kworker        2456217 nvme1n1 W    629427416  122880    0.399
12:58:25.707 nvme           2459499 Unknown N    -1         512       0.040
12:58:26.082 kworker        2456217 nvme1n1 WM   72         4096      0.118
12:58:26.082 kworker        2456217 nvme1n1 WM   408        4096      0.130
12:58:26.082 kworker        2456217 nvme1n1 WM   424        4096      0.133
12:58:26.082 kworker        2456217 nvme1n1 WM   480        4096      0.136
12:58:26.082 kworker        2456217 nvme1n1 WM   568        8192      0.148
12:58:26.082 kworker        2456217 nvme1n1 WM   632        4096      0.150
12:58:26.082 kworker        2456217 nvme1n1 WM   736        4096      0.150
12:58:26.082 kworker        2456217 nvme1n1 WM   800        4096      0.151
12:58:26.082 kworker        2456217 nvme1n1 WM   832        4096      0.151
12:58:26.082 kworker        2456217 nvme1n1 WM   146800696  4096      0.152
12:58:26.082 kworker        2456217 nvme1n1 WM   461373728  4096      0.155
12:58:26.082 kworker        2456217 nvme1n1 WM   624951328  4096      0.156
12:58:26.082 kworker        2456217 nvme1n1 WM   624951400  4096      0.157
12:58:26.082 kworker        2456217 nvme1n1 WM   843055152  4096      0.152
12:58:26.082 kworker        2456217 nvme1n1 WM   629147880  69632     0.170
12:58:26.082 kworker        2456217 nvme1n1 WM   629148048  49152     0.199
12:58:26.082 kworker        2456217 nvme1n1 WM   843055216  4096      0.089
12:58:26.082 kworker        2456217 nvme1n1 WM   880803888  4096      0.091
12:58:26.082 kworker        2456217 nvme1n1 WM   880803952  4096      0.094
12:58:26.082 kworker        2456217 nvme1n1 WM   1174405144 4096      0.092
12:58:26.082 kworker        2456217 nvme1n1 WM   1191182368 4096      0.095
12:58:26.082 kworker        2456217 nvme1n1 WM   1276768528 4096      0.096
12:58:26.082 kworker        2456217 nvme1n1 WM   1276768704 4096      0.096
12:58:26.082 kworker        2456217 nvme1n1 WM   1276768744 4096      0.099
12:58:26.082 kworker        2456217 nvme1n1 WM   1276768888 4096      0.101
12:58:26.082 kworker        2456217 nvme1n1 WM   1276769840 4096      0.101
12:58:26.082 kworker        2456217 nvme1n1 WM   1276771048 4096      0.103
12:58:26.082 kworker        2456217 nvme1n1 WM   906013976  131072    0.189
12:58:26.082 kworker        2456217 nvme1n1 WM   906014232  69632     0.233
12:58:26.082 kworker        2456217 nvme1n1 WM   1002438728 28672     0.252
12:58:26.082 kworker        2456217 nvme1n1 WM   1006632968 61440     0.286
12:58:26.082 kworker        2456217 nvme1n1 WM   1010827272 12288     0.299
12:58:26.082 kworker        2456217 nvme1n1 WM   1276771064 4096      0.075
12:58:26.082 kworker        2456217 nvme1n1 WM   1276771192 4096      0.084
12:58:26.082 kworker        2456217 nvme1n1 WM   1276771488 4096      0.085
12:58:26.082 kworker        2456217 nvme1n1 WM   1276772080 4096      0.085
12:58:26.082 kworker        2456217 nvme1n1 WM   1276772176 4096      0.087
12:58:26.082 kworker        2456217 nvme1n1 WM   1276772192 4096      0.086
12:58:26.082 kworker        2456217 nvme1n1 WM   1279127632 4096      0.090
12:58:26.082 kworker        2456217 nvme1n1 WM   1279127680 8192      0.090
12:58:26.082 kworker        2456217 nvme1n1 WM   1279127744 4096      0.096
12:58:26.082 kworker        2456217 nvme1n1 WM   1279128000 4096      0.097
12:58:26.082 kworker        2456217 nvme1n1 WM   1279128104 4096      0.102
12:58:26.083 kworker        2456217 nvme1n1 WM   1279128120 4096      0.102
12:58:26.083 kworker        2456217 nvme1n1 WM   1279128136 4096      0.102
12:58:26.083 kworker        2456217 nvme1n1 WM   1279128272 4096      0.105
12:58:26.083 kworker        2456217 nvme1n1 WM   1279128328 4096      0.079
12:58:26.083 kworker        2456217 nvme1n1 WM   1279128520 4096      0.080
12:58:26.083 kworker        2456217 nvme1n1 WM   1279128728 4096      0.089
12:58:26.083 kworker        2456217 nvme1n1 WM   1279128760 4096      0.092
12:58:26.083 kworker        2456217 nvme1n1 WM   1279128776 4096      0.095
12:58:26.083 kworker        2456217 nvme1n1 WM   1279129184 4096      0.097
12:58:26.083 kworker        2456217 nvme1n1 WM   1279129264 4096      0.105
12:58:26.083 kworker        2456217 nvme1n1 WM   1279129848 4096      0.106
12:58:26.083 kworker        2456217 nvme1n1 WM   1279130608 4096      0.111
12:58:26.083 kworker        2456217 nvme1n1 WM   1279130760 8192      0.111
12:58:26.083 kworker        2456217 nvme1n1 WM   1279130824 4096      0.115
12:58:26.083 kworker        2456217 nvme1n1 WM   1279130960 4096      0.118
12:58:26.083 kworker        2456217 nvme1n1 WM   1279130992 4096      0.120
12:58:26.083 kworker        2456217 nvme1n1 WM   1279131008 4096      0.120
12:58:26.083 kworker        2456217 nvme1n1 WM   1279131440 4096      0.120
12:58:26.083 kworker        2456217 nvme1n1 WM   1279258616 4096      0.121
12:58:26.083 kworker        2456217 nvme1n1 WM   1279258984 4096      0.083
12:58:26.083 kworker        2456217 nvme1n1 WM   1279259424 4096      0.089
12:58:26.083 kworker        2456217 nvme1n1 WM   1279259440 4096      0.100
12:58:26.083 kworker        2456217 nvme1n1 WM   1279259656 4096      0.104
12:58:26.083 kworker        2456217 nvme1n1 WM   1279259672 4096      0.105
12:58:26.083 kworker        2456217 nvme1n1 WM   1279259688 4096      0.108
12:58:26.083 kworker        2456217 nvme1n1 WM   1279260088 4096      0.108
12:58:26.083 kworker        2456217 nvme1n1 WM   1279260736 4096      0.112
12:58:26.083 kworker        2456217 nvme1n1 WM   1279261304 4096      0.120
12:58:26.083 kworker        2456217 nvme1n1 WM   1279261464 4096      0.121
12:58:26.083 kworker        2456217 nvme1n1 WM   1279261688 8192      0.122
12:58:26.083 kworker        2456217 nvme1n1 WM   1279262352 4096      0.123
12:58:26.083 kworker        2456217 nvme1n1 WM   1279262368 4096      0.124
12:58:26.083 kworker        2456217 nvme1n1 WM   1279651744 8192      0.125
12:58:26.083 kworker        2456217 nvme1n1 WM   1279651768 4096      0.127
12:58:26.083 kworker        2456217 nvme1n1 WM   1279651904 4096      0.127
12:58:26.083 kworker        2456217 nvme1n1 WM   1279651920 4096      0.076
12:58:26.083 kworker        2456217 nvme1n1 WM   1279652072 4096      0.083
12:58:26.083 kworker        2456217 nvme1n1 WM   1279652088 8192      0.105
12:58:26.083 kworker        2456217 nvme1n1 WM   1279652112 4096      0.108
12:58:26.083 kworker        2456217 nvme1n1 WM   1279652184 4096      0.111
12:58:26.083 kworker        2456217 nvme1n1 WM   1279652320 4096      0.115
12:58:26.083 kworker        2456217 nvme1n1 WM   1279652344 4096      0.117
12:58:26.083 kworker        2456217 nvme1n1 WM   1279652560 4096      0.118
12:58:26.083 kworker        2456217 nvme1n1 WM   1279653120 4096      0.122
12:58:26.083 kworker        2456217 nvme1n1 WM   1279653184 4096      0.123
12:58:26.083 kworker        2456217 nvme1n1 WM   1279653376 8192      0.129
12:58:26.083 kworker        2456217 nvme1n1 WM   1279653432 4096      0.130
12:58:26.083 kworker        2456217 nvme1n1 WM   1279654152 4096      0.131
12:58:26.083 kworker        2456217 nvme1n1 WM   1279654304 4096      0.131
12:58:26.083 kworker        2456217 nvme1n1 WM   1279654400 4096      0.132
12:58:26.083 kworker        2456217 nvme1n1 WM   1279654416 4096      0.133
12:58:26.083 kworker        2456217 nvme1n1 WM   1279654552 4096      0.076
12:58:26.083 kworker        2456217 nvme1n1 WM   1279654744 4096      0.080
12:58:26.083 kworker        2456217 nvme1n1 WM   1279654960 4096      0.104
12:58:26.083 kworker        2456217 nvme1n1 WM   1279654976 4096      0.108
12:58:26.083 kworker        2456217 nvme1n1 WM   1279654992 4096      0.109
12:58:26.083 kworker        2456217 nvme1n1 WM   1279655144 4096      0.111
12:58:26.083 kworker        2456217 nvme1n1 WM   1279655176 4096      0.113
12:58:26.083 kworker        2456217 nvme1n1 WM   1279655208 4096      0.114
12:58:26.083 kworker        2456217 nvme1n1 WM   1279655392 4096      0.117
12:58:26.083 kworker        2456217 nvme1n1 WM   1279655608 4096      0.117
12:58:26.083 kworker        2456217 nvme1n1 WM   1279655624 4096      0.119
12:58:26.083 kworker        2456217 nvme1n1 WM   1279655840 4096      0.124
12:58:26.083 kworker        2456217 nvme1n1 WM   1279655856 4096      0.124
12:58:26.083 kworker        2456217 nvme1n1 WM   1279783264 8192      0.124
12:58:26.083 kworker        2456217 nvme1n1 WM   1279783288 4096      0.125
12:58:26.084 kworker        2456217 nvme1n1 WM   1279783384 4096      0.125
12:58:26.084 kworker        2456217 nvme1n1 WM   1279783632 4096      0.080
12:58:26.084 kworker        2456217 nvme1n1 WM   1279783760 4096      0.083
12:58:26.084 kworker        2456217 nvme1n1 WM   1279783968 4096      0.086
12:58:26.084 kworker        2456217 nvme1n1 WM   1279783992 4096      0.087
12:58:26.084 kworker        2456217 nvme1n1 WM   1279784200 4096      0.092
12:58:26.084 kworker        2456217 nvme1n1 WM   1279784216 4096      0.093
12:58:26.084 kworker        2456217 nvme1n1 WM   1279784352 4096      0.098
12:58:26.084 kworker        2456217 nvme1n1 WM   1279784432 4096      0.099
12:58:26.084 kworker        2456217 nvme1n1 WM   1279784712 4096      0.106
12:58:26.084 kworker        2456217 nvme1n1 WM   1279784832 4096      0.108
12:58:26.084 kworker        2456217 nvme1n1 WM   1279784864 8192      0.118
12:58:26.084 kworker        2456217 nvme1n1 WM   1279785560 4096      0.120
12:58:26.084 kworker        2456217 nvme1n1 WM   1279785760 4096      0.120
12:58:26.084 kworker        2456217 nvme1n1 WM   1279785792 4096      0.121
12:58:26.084 kworker        2456217 nvme1n1 WM   1279785808 4096      0.121
12:58:26.084 kworker        2456217 nvme1n1 WM   1279785840 4096      0.122
12:58:26.084 kworker        2456217 nvme1n1 WM   1279786016 4096      0.075
12:58:26.084 kworker        2456217 nvme1n1 WM   1279786200 4096      0.079
12:58:26.084 kworker        2456217 nvme1n1 WM   1279786336 4096      0.085
12:58:26.084 kworker        2456217 nvme1n1 WM   1279786568 4096      0.086
12:58:26.084 kworker        2456217 nvme1n1 WM   1282011296 4096      0.091
12:58:26.084 kworker        2456217 nvme1n1 WM   1282011504 4096      0.097
12:58:26.084 kworker        2456217 nvme1n1 WM   1282011520 4096      0.106
12:58:26.084 kworker        2456217 nvme1n1 WM   1282011640 4096      0.107
12:58:26.084 kworker        2456217 nvme1n1 WM   1282011656 8192      0.112
12:58:26.084 kworker        2456217 nvme1n1 WM   1282011680 4096      0.113
12:58:26.084 kworker        2456217 nvme1n1 WM   1282011872 4096      0.115
12:58:26.084 kworker        2456217 nvme1n1 WM   1282012200 4096      0.116
12:58:26.084 kworker        2456217 nvme1n1 WM   1282012216 4096      0.116
12:58:26.084 kworker        2456217 nvme1n1 WM   1282012336 4096      0.124
12:58:26.084 kworker        2456217 nvme1n1 WM   1282012400 4096      0.124
12:58:26.084 kworker        2456217 nvme1n1 WM   1282012632 4096      0.125
12:58:26.084 kworker        2456217 nvme1n1 WM   1282012824 8192      0.083
12:58:26.084 kworker        2456217 nvme1n1 WM   1282013144 4096      0.092
12:58:26.084 kworker        2456217 nvme1n1 WM   1282013328 4096      0.107
12:58:26.084 kworker        2456217 nvme1n1 WM   1282013344 4096      0.119
12:58:26.084 kworker        2456217 nvme1n1 WM   1282013360 4096      0.120
12:58:26.084 kworker        2456217 nvme1n1 WM   1282013376 4096      0.120
12:58:26.084 kworker        2456217 nvme1n1 WM   1282013496 4096      0.120
12:58:26.084 kworker        2456217 nvme1n1 WM   1282013512 4096      0.121
12:58:26.084 kworker        2456217 nvme1n1 WM   1282013576 4096      0.121
12:58:26.084 kworker        2456217 nvme1n1 WM   1282013712 4096      0.122
12:58:26.084 kworker        2456217 nvme1n1 WM   1282013856 4096      0.123
12:58:26.084 kworker        2456217 nvme1n1 WM   1282014024 4096      0.124
12:58:26.084 kworker        2456217 nvme1n1 WM   1282014040 4096      0.126
12:58:26.084 kworker        2456217 nvme1n1 WM   1282014176 4096      0.132
12:58:26.084 kworker        2456217 nvme1n1 WM   1282014208 4096      0.134
12:58:26.084 kworker        2456217 nvme1n1 WM   1282014752 4096      0.135
12:58:26.084 kworker        2456217 nvme1n1 WM   1282014840 4096      0.074
12:58:26.084 kworker        2456217 nvme1n1 WM   1282014880 4096      0.077
12:58:26.084 kworker        2456217 nvme1n1 WM   1282015016 4096      0.083
12:58:26.084 kworker        2456217 nvme1n1 WM   1282015056 4096      0.086
12:58:26.084 kworker        2456217 nvme1n1 WM   1282015072 4096      0.087
12:58:26.084 kworker        2456217 nvme1n1 WM   1282273264 4096      0.095
12:58:26.084 kworker        2456217 nvme1n1 WM   1282273416 4096      0.100
12:58:26.084 kworker        2456217 nvme1n1 WM   1282273488 4096      0.102
12:58:26.084 kworker        2456217 nvme1n1 WM   1282273504 4096      0.103
12:58:26.084 kworker        2456217 nvme1n1 WM   1282273672 4096      0.111
12:58:26.084 kworker        2456217 nvme1n1 WM   1282273688 4096      0.115
12:58:26.084 kworker        2456217 nvme1n1 WM   1282273704 4096      0.115
12:58:26.084 kworker        2456217 nvme1n1 WM   1282273736 4096      0.116
12:58:26.084 kworker        2456217 nvme1n1 WM   1282273936 4096      0.116
12:58:26.084 kworker        2456217 nvme1n1 WM   1282274056 4096      0.117
12:58:26.084 kworker        2456217 nvme1n1 WM   1282274072 4096      0.118
12:58:26.084 kworker        2456217 nvme1n1 WM   1282274104 8192      0.076
12:58:26.084 kworker        2456217 nvme1n1 WM   1282274184 4096      0.081
12:58:26.084 kworker        2456217 nvme1n1 WM   1282274320 8192      0.087
12:58:26.084 kworker        2456217 nvme1n1 WM   1282274568 4096      0.089
12:58:26.084 kworker        2456217 nvme1n1 WM   1282275568 4096      0.090
12:58:26.084 kworker        2456217 nvme1n1 WM   1282275648 4096      0.095
12:58:26.084 kworker        2456217 nvme1n1 WM   1282275736 4096      0.104
12:58:26.084 kworker        2456217 nvme1n1 WM   1282275768 4096      0.110
12:58:26.084 kworker        2456217 nvme1n1 WM   1282275848 4096      0.110
12:58:26.084 kworker        2456217 nvme1n1 WM   1282275864 4096      0.111
12:58:26.084 kworker        2456217 nvme1n1 WM   1282276080 4096      0.115
12:58:26.084 kworker        2456217 nvme1n1 WM   1282276096 4096      0.119
12:58:26.084 kworker        2456217 nvme1n1 WM   1282276240 4096      0.121
12:58:26.084 kworker        2456217 nvme1n1 WM   1282276560 4096      0.122
12:58:26.084 kworker        2456217 nvme1n1 WM   1282276576 4096      0.123
12:58:26.084 kworker        2456217 nvme1n1 WM   1282276680 4096      0.124
12:58:26.085 kworker        2456217 nvme1n1 WM   1282276696 4096      0.074
12:58:26.085 kworker        2456217 nvme1n1 WM   1282276792 4096      0.079
12:58:26.085 kworker        2456217 nvme1n1 WM   1282276896 4096      0.080
12:58:26.085 kworker        2456217 nvme1n1 WM   1282276912 4096      0.095
12:58:26.085 kworker        2456217 nvme1n1 WM   1282277008 4096      0.103
12:58:26.085 kworker        2456217 nvme1n1 WM   1282277040 4096      0.106
12:58:26.085 kworker        2456217 nvme1n1 WM   1282277208 4096      0.107
12:58:26.085 kworker        2456217 nvme1n1 WM   1282277224 4096      0.108
12:58:26.085 kworker        2456217 nvme1n1 WM   1282929240 4096      0.112
12:58:26.085 kworker        2456217 nvme1n1 WM   1282929648 4096      0.117
12:58:26.085 kworker        2456217 nvme1n1 WM   1282929664 4096      0.119
12:58:26.085 kworker        2456217 nvme1n1 WM   1282929816 4096      0.120
12:58:26.085 kworker        2456217 nvme1n1 WM   1282929896 4096      0.121
12:58:26.085 kworker        2456217 nvme1n1 WM   1282929912 4096      0.121
12:58:26.085 kworker        2456217 nvme1n1 WM   1283060024 4096      0.122
12:58:26.085 kworker        2456217 nvme1n1 WM   1283060040 4096      0.123
12:58:26.085 kworker        2456217 nvme1n1 WM   1283060072 4096      0.072
12:58:26.085 kworker        2456217 nvme1n1 WM   1283060088 4096      0.073
12:58:26.085 kworker        2456217 nvme1n1 WM   1283060448 4096      0.084
12:58:26.085 kworker        2456217 nvme1n1 WM   1283060864 4096      0.084
12:58:26.085 kworker        2456217 nvme1n1 WM   1283060880 4096      0.087
12:58:26.085 kworker        2456217 nvme1n1 WM   1283060928 4096      0.087
12:58:26.085 kworker        2456217 nvme1n1 WM   1283061048 4096      0.092
12:58:26.085 kworker        2456217 nvme1n1 WM   1283061160 4096      0.094
12:58:26.085 kworker        2456217 nvme1n1 WM   1283061448 4096      0.097
12:58:26.085 kworker        2456217 nvme1n1 WM   1283062432 4096      0.099
12:58:26.085 kworker        2456217 nvme1n1 WM   1283062536 4096      0.103
12:58:26.085 kworker        2456217 nvme1n1 WM   1283062568 4096      0.104
12:58:26.085 kworker        2456217 nvme1n1 WM   1283062760 4096      0.110
12:58:26.085 kworker        2456217 nvme1n1 WM   1283063648 4096      0.111
12:58:26.085 kworker        2456217 nvme1n1 WM   1283063664 4096      0.112
12:58:26.085 kworker        2456217 nvme1n1 WM   1283063680 4096      0.113
12:58:26.085 kworker        2456217 nvme1n1 WM   1283321936 4096      0.073
12:58:26.085 kworker        2456217 nvme1n1 WM   1283321952 4096      0.074
12:58:26.085 kworker        2456217 nvme1n1 WM   1283321968 4096      0.081
12:58:26.085 kworker        2456217 nvme1n1 WM   1283322224 4096      0.082
12:58:26.085 kworker        2456217 nvme1n1 WM   1283322288 4096      0.082
12:58:26.085 kworker        2456217 nvme1n1 WM   1283322392 4096      0.087
12:58:26.085 kworker        2456217 nvme1n1 WM   1283322408 4096      0.096
12:58:26.085 kworker        2456217 nvme1n1 WM   1283322432 4096      0.098
12:58:26.085 kworker        2456217 nvme1n1 WM   1283322680 4096      0.101
12:58:26.085 kworker        2456217 nvme1n1 WM   1283322744 4096      0.103
12:58:26.085 kworker        2456217 nvme1n1 WM   1283322848 4096      0.113
12:58:26.085 kworker        2456217 nvme1n1 WM   1283322864 4096      0.114
12:58:26.085 kworker        2456217 nvme1n1 WM   1283323592 4096      0.115
12:58:26.085 kworker        2456217 nvme1n1 WM   1283323744 4096      0.116
12:58:26.085 kworker        2456217 nvme1n1 WM   1283323912 4096      0.117
12:58:26.085 kworker        2456217 nvme1n1 WM   1283324880 4096      0.119
12:58:26.085 kworker        2456217 nvme1n1 WM   1283324896 4096      0.072
12:58:26.085 kworker        2456217 nvme1n1 WM   1283325360 4096      0.073
12:58:26.085 kworker        2456217 nvme1n1 WM   1283325512 4096      0.077
12:58:26.085 kworker        2456217 nvme1n1 WM   1283325800 4096      0.078
12:58:26.085 kworker        2456217 nvme1n1 WM   1283453040 8192      0.083
12:58:26.085 kworker        2456217 nvme1n1 WM   1283453144 4096      0.087
12:58:26.085 kworker        2456217 nvme1n1 WM   1283453248 4096      0.097
12:58:26.085 kworker        2456217 nvme1n1 WM   1283453272 4096      0.099
12:58:26.085 kworker        2456217 nvme1n1 WM   1283453672 4096      0.104
12:58:26.085 kworker        2456217 nvme1n1 WM   1283454432 4096      0.105
12:58:26.085 kworker        2456217 nvme1n1 WM   1283454584 4096      0.109
12:58:26.085 kworker        2456217 nvme1n1 WM   1283454920 4096      0.113
12:58:26.085 kworker        2456217 nvme1n1 WM   1283454952 4096      0.115
12:58:26.085 kworker        2456217 nvme1n1 WM   1283455176 4096      0.116
12:58:26.085 kworker        2456217 nvme1n1 WM   1283455336 4096      0.117
12:58:26.085 kworker        2456217 nvme1n1 WM   1283455440 4096      0.118
12:58:26.085 kworker        2456217 nvme1n1 WM   1283455640 4096      0.071
12:58:26.085 kworker        2456217 nvme1n1 WM   1283455688 4096      0.077
12:58:26.085 kworker        2456217 nvme1n1 WM   1283455776 4096      0.078
12:58:26.085 kworker        2456217 nvme1n1 WM   1283456120 4096      0.079
12:58:26.085 kworker        2456217 nvme1n1 WM   1283456232 4096      0.091
12:58:26.085 kworker        2456217 nvme1n1 WM   1283456328 4096      0.092
12:58:26.085 kworker        2456217 nvme1n1 WM   1283456480 4096      0.095
12:58:26.085 kworker        2456217 nvme1n1 WM   1283456616 4096      0.098
12:58:26.085 kworker        2456217 nvme1n1 WM   1283456720 4096      0.099
12:58:26.085 kworker        2456217 nvme1n1 WM   1283456904 4096      0.110
12:58:26.085 kworker        2456217 nvme1n1 WM   1283846096 4096      0.112
12:58:26.085 kworker        2456217 nvme1n1 WM   1283846256 4096      0.114
12:58:26.085 kworker        2456217 nvme1n1 WM   1283846576 4096      0.115
12:58:26.085 kworker        2456217 nvme1n1 WM   1283846912 4096      0.116
12:58:26.086 kworker        2456217 nvme1n1 WM   1283846928 4096      0.117
12:58:26.086 kworker        2456217 nvme1n1 WM   1283847072 4096      0.118
12:58:26.086 kworker        2456217 nvme1n1 WM   1283847368 4096      0.069
12:58:26.086 kworker        2456217 nvme1n1 WM   1283847384 4096      0.069
12:58:26.086 kworker        2456217 nvme1n1 WM   1283847400 4096      0.074
12:58:26.086 kworker        2456217 nvme1n1 WM   1283847600 4096      0.077
12:58:26.086 kworker        2456217 nvme1n1 WM   1283847744 4096      0.085
12:58:26.086 kworker        2456217 nvme1n1 WM   1283847816 4096      0.087
12:58:26.086 kworker        2456217 nvme1n1 WM   1283848080 4096      0.088
12:58:26.086 kworker        2456217 nvme1n1 WM   1283848096 4096      0.098
12:58:26.086 kworker        2456217 nvme1n1 WM   1283848112 4096      0.102
12:58:26.086 kworker        2456217 nvme1n1 WM   1283848144 4096      0.103
12:58:26.086 kworker        2456217 nvme1n1 WM   1283848392 4096      0.107
12:58:26.086 kworker        2456217 nvme1n1 WM   1283848744 4096      0.111
12:58:26.086 kworker        2456217 nvme1n1 WM   1283848800 4096      0.112
12:58:26.086 kworker        2456217 nvme1n1 WM   1283848960 4096      0.113
12:58:26.086 kworker        2456217 nvme1n1 WM   1283849200 4096      0.114
12:58:26.086 kworker        2456217 nvme1n1 WM   1283849392 4096      0.116
12:58:26.086 kworker        2456217 nvme1n1 WM   1283849608 4096      0.071
12:58:26.086 kworker        2456217 nvme1n1 WM   1283850064 8192      0.077
12:58:26.086 kworker        2456217 nvme1n1 WM   1283977296 4096      0.083
12:58:26.086 kworker        2456217 nvme1n1 WM   1283977552 8192      0.090
12:58:26.086 kworker        2456217 nvme1n1 WM   1283977680 4096      0.095
12:58:26.086 kworker        2456217 nvme1n1 WM   1283977952 4096      0.096
12:58:26.086 kworker        2456217 nvme1n1 WM   1283978024 4096      0.103
12:58:26.086 kworker        2456217 nvme1n1 WM   1283978040 4096      0.107
12:58:26.086 kworker        2456217 nvme1n1 WM   1283978136 4096      0.110
12:58:26.086 kworker        2456217 nvme1n1 WM   1283978320 4096      0.111
12:58:26.086 kworker        2456217 nvme1n1 WM   1283978360 4096      0.115
12:58:26.086 kworker        2456217 nvme1n1 WM   1283978504 4096      0.120
12:58:26.086 kworker        2456217 nvme1n1 WM   1283978520 4096      0.121
12:58:26.086 kworker        2456217 nvme1n1 WM   1283978648 4096      0.122
12:58:26.086 kworker        2456217 nvme1n1 WM   1283978760 4096      0.123
12:58:26.086 kworker        2456217 nvme1n1 WM   1283978960 4096      0.124
12:58:26.086 kworker        2456217 nvme1n1 WM   1283978976 8192      0.073
12:58:26.086 kworker        2456217 nvme1n1 WM   1283979088 4096      0.074
12:58:26.086 kworker        2456217 nvme1n1 WM   1283979264 4096      0.080
12:58:26.086 kworker        2456217 nvme1n1 WM   1283979376 4096      0.082
12:58:26.086 kworker        2456217 nvme1n1 WM   1283979424 4096      0.085
12:58:26.086 kworker        2456217 nvme1n1 WM   1283979440 4096      0.093
12:58:26.086 kworker        2456217 nvme1n1 WM   1283979520 4096      0.096
12:58:26.086 kworker        2456217 nvme1n1 WM   1283979616 4096      0.099
12:58:26.086 kworker        2456217 nvme1n1 WM   1283979704 4096      0.108
12:58:26.086 kworker        2456217 nvme1n1 WM   1283979856 4096      0.112
12:58:26.086 kworker        2456217 nvme1n1 WM   1283980400 4096      0.114
12:58:26.086 kworker        2456217 nvme1n1 WM   1283980496 4096      0.115
12:58:26.086 kworker        2456217 nvme1n1 WM   1283980736 4096      0.116
12:58:26.086 kworker        2456217 nvme1n1 WM   1283980800 4096      0.118
12:58:26.086 kworker        2456217 nvme1n1 WM   1283981128 4096      0.121
12:58:26.086 kworker        2456217 nvme1n1 WM   1283981304 4096      0.123
12:58:26.086 kworker        2456217 nvme1n1 WM   1284108216 4096      0.070
12:58:26.086 kworker        2456217 nvme1n1 WM   1284108328 4096      0.070
12:58:26.086 kworker        2456217 nvme1n1 WM   1284108408 4096      0.074
12:58:26.086 kworker        2456217 nvme1n1 WM   1284108616 4096      0.075
12:58:26.086 kworker        2456217 nvme1n1 WM   1284108760 4096      0.083
12:58:26.086 kworker        2456217 nvme1n1 WM   1284108920 4096      0.086
12:58:26.086 kworker        2456217 nvme1n1 WM   1284108952 4096      0.097
12:58:26.086 kworker        2456217 nvme1n1 WM   1284109112 4096      0.099
12:58:26.086 kworker        2456217 nvme1n1 WM   1284109128 4096      0.104
12:58:26.086 kworker        2456217 nvme1n1 WM   1284109144 4096      0.105
12:58:26.086 kworker        2456217 nvme1n1 WM   1284109192 4096      0.109
12:58:26.086 kworker        2456217 nvme1n1 WM   1284109208 4096      0.110
12:58:26.086 kworker        2456217 nvme1n1 WM   1284109352 4096      0.115
12:58:26.086 kworker        2456217 nvme1n1 WM   1284109616 4096      0.116
12:58:26.086 kworker        2456217 nvme1n1 WM   1284109632 4096      0.117
12:58:26.086 kworker        2456217 nvme1n1 WM   1284109648 4096      0.118
12:58:26.086 kworker        2456217 nvme1n1 WM   1284110560 4096      0.068
12:58:26.086 kworker        2456217 nvme1n1 WM   1284110752 4096      0.069
12:58:26.086 kworker        2456217 nvme1n1 WM   1284110928 4096      0.074
12:58:26.086 kworker        2456217 nvme1n1 WM   1284110944 4096      0.077
12:58:26.086 kworker        2456217 nvme1n1 WM   1284110960 4096      0.083
12:58:26.086 kworker        2456217 nvme1n1 WM   1284111040 4096      0.087
12:58:26.086 kworker        2456217 nvme1n1 WM   1284111400 4096      0.090
12:58:26.086 kworker        2456217 nvme1n1 WM   1284111472 4096      0.097
12:58:26.086 kworker        2456217 nvme1n1 WM   1284111488 4096      0.100
12:58:26.086 kworker        2456217 nvme1n1 WM   1284111584 4096      0.101
12:58:26.086 kworker        2456217 nvme1n1 WM   1284111600 4096      0.106
12:58:26.086 kworker        2456217 nvme1n1 WM   1284111904 4096      0.112
12:58:26.086 kworker        2456217 nvme1n1 WM   1284111936 4096      0.113
12:58:26.086 kworker        2456217 nvme1n1 WM   1284111968 4096      0.114
12:58:26.086 kworker        2456217 nvme1n1 WM   1284112064 4096      0.116
12:58:26.086 kworker        2456217 nvme1n1 WM   1284112144 4096      0.117
12:58:26.086 kworker        2456217 nvme1n1 WM   1284112344 4096      0.069
12:58:26.086 kworker        2456217 nvme1n1 WM   1284112360 4096      0.070
12:58:26.086 kworker        2456217 nvme1n1 WM   1284239768 4096      0.075
12:58:26.086 kworker        2456217 nvme1n1 WM   1284239816 4096      0.076
12:58:26.086 kworker        2456217 nvme1n1 WM   1284239928 4096      0.084
12:58:26.086 kworker        2456217 nvme1n1 WM   1284240168 4096      0.088
12:58:26.087 kworker        2456217 nvme1n1 WM   1284240184 4096      0.097
12:58:26.087 kworker        2456217 nvme1n1 WM   1284240224 8192      0.099
12:58:26.087 kworker        2456217 nvme1n1 WM   1284240264 4096      0.104
12:58:26.087 kworker        2456217 nvme1n1 WM   1284240312 4096      0.106
12:58:26.087 kworker        2456217 nvme1n1 WM   1284240488 4096      0.113
12:58:26.087 kworker        2456217 nvme1n1 WM   1284240536 4096      0.115
12:58:26.087 kworker        2456217 nvme1n1 WM   1284240712 4096      0.116
12:58:26.087 kworker        2456217 nvme1n1 WM   1284240760 4096      0.117
12:58:26.087 kworker        2456217 nvme1n1 WM   1284240904 4096      0.118
12:58:26.087 kworker        2456217 nvme1n1 WM   1284240928 4096      0.120
12:58:26.087 kworker        2456217 nvme1n1 WM   1284241024 4096      0.068
12:58:26.087 kworker        2456217 nvme1n1 WM   1284241144 4096      0.068
12:58:26.087 kworker        2456217 nvme1n1 WM   1284241360 4096      0.075
12:58:26.087 kworker        2456217 nvme1n1 WM   1284241576 8192      0.076
12:58:26.087 kworker        2456217 nvme1n1 WM   1284241600 4096      0.085
12:58:26.087 kworker        2456217 nvme1n1 WM   1284242952 4096      0.086
12:58:26.087 kworker        2456217 nvme1n1 WM   1284243064 4096      0.095
12:58:26.087 kworker        2456217 nvme1n1 WM   1284243144 4096      0.096
12:58:26.087 kworker        2456217 nvme1n1 WM   1284370592 4096      0.105
12:58:26.087 kworker        2456217 nvme1n1 WM   1284370608 4096      0.110
12:58:26.087 kworker        2456217 nvme1n1 WM   1284370720 4096      0.113
12:58:26.087 kworker        2456217 nvme1n1 WM   1284370976 4096      0.114
12:58:26.087 kworker        2456217 nvme1n1 WM   1284371024 4096      0.115
12:58:26.087 kworker        2456217 nvme1n1 WM   1284371192 4096      0.119
12:58:26.087 kworker        2456217 nvme1n1 WM   1284371336 4096      0.121
12:58:26.087 kworker        2456217 nvme1n1 WM   1284371360 4096      0.122
12:58:26.087 kworker        2456217 nvme1n1 WM   1284371552 4096      0.069
12:58:26.087 kworker        2456217 nvme1n1 WM   1284371776 4096      0.070
12:58:26.087 kworker        2456217 nvme1n1 WM   1284371888 4096      0.077
12:58:26.087 kworker        2456217 nvme1n1 WM   1284371920 4096      0.078
12:58:26.087 kworker        2456217 nvme1n1 WM   1284372016 4096      0.079
12:58:26.087 kworker        2456217 nvme1n1 WM   1284372240 4096      0.080
12:58:26.087 kworker        2456217 nvme1n1 WM   1284373008 4096      0.088
12:58:26.087 kworker        2456217 nvme1n1 WM   1284373104 4096      0.094
12:58:26.087 kworker        2456217 nvme1n1 WM   1284373152 4096      0.102
12:58:26.087 kworker        2456217 nvme1n1 WM   1284373200 4096      0.106
12:58:26.087 kworker        2456217 nvme1n1 WM   1284373344 4096      0.110
12:58:26.087 kworker        2456217 nvme1n1 WM   1284373360 4096      0.111
12:58:26.087 kworker        2456217 nvme1n1 WM   1284373376 8192      0.112
12:58:26.087 kworker        2456217 nvme1n1 WM   1284373976 4096      0.116
12:58:26.087 kworker        2456217 nvme1n1 WM   1284374072 4096      0.118
12:58:26.087 kworker        2456217 nvme1n1 WM   1284374168 4096      0.119
12:58:26.087 kworker        2456217 nvme1n1 WM   1284501840 4096      0.069
12:58:26.087 kworker        2456217 nvme1n1 WM   1284501872 4096      0.070
12:58:26.087 kworker        2456217 nvme1n1 WM   1284501952 4096      0.076
12:58:26.087 kworker        2456217 nvme1n1 WM   1284502304 4096      0.079
12:58:26.087 kworker        2456217 nvme1n1 WM   1284502320 4096      0.080
12:58:26.087 kworker        2456217 nvme1n1 WM   1284502376 4096      0.088
12:58:26.087 kworker        2456217 nvme1n1 WM   1284502408 4096      0.089
12:58:26.087 kworker        2456217 nvme1n1 WM   1284502424 4096      0.093
12:58:26.087 kworker        2456217 nvme1n1 WM   1284502456 4096      0.099
12:58:26.087 kworker        2456217 nvme1n1 WM   1284502600 4096      0.103
12:58:26.087 kworker        2456217 nvme1n1 WM   1284503152 8192      0.107
12:58:26.087 kworker        2456217 nvme1n1 WM   1284503224 4096      0.112
12:58:26.087 kworker        2456217 nvme1n1 WM   1284503336 4096      0.122
12:58:26.087 kworker        2456217 nvme1n1 WM   1284503400 4096      0.124
12:58:26.087 kworker        2456217 nvme1n1 WM   1284503432 4096      0.125
12:58:26.087 kworker        2456217 nvme1n1 WM   1284503592 4096      0.127
12:58:26.087 kworker        2456217 nvme1n1 WM   1284503608 4096      0.070
12:58:26.087 kworker        2456217 nvme1n1 WM   1284503816 4096      0.073
12:58:26.087 kworker        2456217 nvme1n1 WM   1284503832 4096      0.078
12:58:26.087 kworker        2456217 nvme1n1 WM   1284503928 4096      0.080
12:58:26.087 kworker        2456217 nvme1n1 WM   1284504208 4096      0.081
12:58:26.087 kworker        2456217 nvme1n1 WM   1284504384 4096      0.086
12:58:26.087 kworker        2456217 nvme1n1 WM   1284504400 4096      0.094
12:58:26.087 kworker        2456217 nvme1n1 WM   1284504512 4096      0.096
12:58:26.087 kworker        2456217 nvme1n1 WM   1284505264 4096      0.101
12:58:26.087 kworker        2456217 nvme1n1 WM   1284632712 4096      0.103
12:58:26.087 kworker        2456217 nvme1n1 WM   1284632736 4096      0.107
12:58:26.087 kworker        2456217 nvme1n1 WM   1284632824 4096      0.111
12:58:26.087 kworker        2456217 nvme1n1 WM   1284633272 4096      0.113
12:58:26.087 kworker        2456217 nvme1n1 WM   1284633464 4096      0.114
12:58:26.087 kworker        2456217 nvme1n1 WM   1284633480 4096      0.116
12:58:26.087 kworker        2456217 nvme1n1 WM   1284633528 4096      0.117
12:58:26.087 kworker        2456217 nvme1n1 WM   1284633624 4096      0.076
12:58:26.087 kworker        2456217 nvme1n1 WM   1284633896 4096      0.080
12:58:26.087 kworker        2456217 nvme1n1 WM   1284634024 4096      0.096
12:58:26.087 kworker        2456217 nvme1n1 WM   1284634040 4096      0.099
12:58:26.087 kworker        2456217 nvme1n1 WM   1284634360 4096      0.100
12:58:26.087 kworker        2456217 nvme1n1 WM   1284634520 4096      0.105
12:58:26.087 kworker        2456217 nvme1n1 WM   1284634552 8192      0.105
12:58:26.087 kworker        2456217 nvme1n1 WM   1284635032 4096      0.109
12:58:26.087 kworker        2456217 nvme1n1 WM   1284635264 4096      0.116
12:58:26.087 kworker        2456217 nvme1n1 WM   1284635424 8192      0.118
12:58:26.087 kworker        2456217 nvme1n1 WM   1284635480 4096      0.127
12:58:26.087 kworker        2456217 nvme1n1 WM   1284635944 4096      0.128
12:58:26.087 kworker        2456217 nvme1n1 WM   1284635960 4096      0.129
12:58:26.087 kworker        2456217 nvme1n1 WM   1284636048 4096      0.130
12:58:26.087 kworker        2456217 nvme1n1 WM   1284636176 4096      0.131
12:58:26.087 kworker        2456217 nvme1n1 WM   1284636192 4096      0.134
12:58:26.088 kworker        2456217 nvme1n1 WM   1284636304 4096      0.091
12:58:26.088 kworker        2456217 nvme1n1 WM   1284636336 4096      0.101
12:58:26.088 kworker        2456217 nvme1n1 WM   1284636376 4096      0.102
12:58:26.088 kworker        2456217 nvme1n1 WM   1284636408 4096      0.102
12:58:26.088 kworker        2456217 nvme1n1 WM   1284636512 4096      0.104
12:58:26.088 kworker        2456217 nvme1n1 WM   1284636560 4096      0.106
12:58:26.088 kworker        2456217 nvme1n1 WM   1284636592 4096      0.115
12:58:26.088 kworker        2456217 nvme1n1 WM   1284764136 4096      0.116
12:58:26.088 kworker        2456217 nvme1n1 WM   1284764320 4096      0.116
12:58:26.088 kworker        2456217 nvme1n1 WM   1284764496 4096      0.117
12:58:26.088 kworker        2456217 nvme1n1 WM   1284764632 4096      0.118
12:58:26.088 kworker        2456217 nvme1n1 WM   1284764832 4096      0.120
12:58:26.088 kworker        2456217 nvme1n1 WM   1284765296 4096      0.121
12:58:26.088 kworker        2456217 nvme1n1 WM   1284765784 4096      0.122
12:58:26.088 kworker        2456217 nvme1n1 WM   1284765816 4096      0.123
12:58:26.088 kworker        2456217 nvme1n1 WM   1284766016 4096      0.123
12:58:26.088 kworker        2456217 nvme1n1 WM   1284766200 4096      0.082
12:58:26.088 kworker        2456217 nvme1n1 WM   1284766216 4096      0.087
12:58:26.088 kworker        2456217 nvme1n1 WM   1284766232 4096      0.093
12:58:26.088 kworker        2456217 nvme1n1 WM   1284766360 4096      0.093
12:58:26.088 kworker        2456217 nvme1n1 WM   1284766536 4096      0.096
12:58:26.088 kworker        2456217 nvme1n1 WM   1284766552 4096      0.096
12:58:26.088 kworker        2456217 nvme1n1 WM   1284766728 8192      0.101
12:58:26.088 kworker        2456217 nvme1n1 WM   1284766984 8192      0.105
12:58:26.088 kworker        2456217 nvme1n1 WM   1284767024 4096      0.106
12:58:26.088 kworker        2456217 nvme1n1 WM   1284767368 4096      0.112
12:58:26.088 kworker        2456217 nvme1n1 WM   1284767432 4096      0.114
12:58:26.088 kworker        2456217 nvme1n1 WM   1285156976 4096      0.117
12:58:26.088 kworker        2456217 nvme1n1 WM   1285157296 4096      0.118
12:58:26.088 kworker        2456217 nvme1n1 WM   1285157840 4096      0.119
12:58:26.088 kworker        2456217 nvme1n1 WM   1285157968 4096      0.123
12:58:26.088 kworker        2456217 nvme1n1 WM   1285158152 4096      0.124
12:58:26.088 kworker        2456217 nvme1n1 WM   1285158192 4096      0.084
12:58:26.088 kworker        2456217 nvme1n1 WM   1285158504 4096      0.088
12:58:26.088 kworker        2456217 nvme1n1 WM   1285158664 4096      0.089
12:58:26.088 kworker        2456217 nvme1n1 WM   1285158680 4096      0.091
12:58:26.088 kworker        2456217 nvme1n1 WM   1285158728 4096      0.092
12:58:26.088 kworker        2456217 nvme1n1 WM   1285158864 4096      0.098
12:58:26.088 kworker        2456217 nvme1n1 WM   1285159080 4096      0.100
12:58:26.088 kworker        2456217 nvme1n1 WM   1285159112 4096      0.100
12:58:26.088 kworker        2456217 nvme1n1 WM   1285159344 4096      0.101
12:58:26.088 kworker        2456217 nvme1n1 WM   1285159432 4096      0.102
12:58:26.088 kworker        2456217 nvme1n1 WM   1285159568 4096      0.107
12:58:26.088 kworker        2456217 nvme1n1 WM   1285159800 4096      0.110
12:58:26.088 kworker        2456217 nvme1n1 WM   1285159984 4096      0.111
12:58:26.088 kworker        2456217 nvme1n1 WM   1285160808 4096      0.112
12:58:26.088 kworker        2456217 nvme1n1 WM   1288041264 4096      0.114
12:58:26.088 kworker        2456217 nvme1n1 WM   1288041480 4096      0.116
12:58:26.088 kworker        2456217 nvme1n1 WM   1288041496 4096      0.084
12:58:26.088 kworker        2456217 nvme1n1 WM   1288041656 4096      0.085
12:58:26.088 kworker        2456217 nvme1n1 WM   1288041832 4096      0.086
12:58:26.088 kworker        2456217 nvme1n1 WM   1288042152 4096      0.089
12:58:26.088 kworker        2456217 nvme1n1 WM   1288042168 4096      0.091
12:58:26.088 kworker        2456217 nvme1n1 WM   1288042248 4096      0.093
12:58:26.088 kworker        2456217 nvme1n1 WM   1288042280 4096      0.096
12:58:26.088 kworker        2456217 nvme1n1 WM   1288042704 4096      0.098
12:58:26.088 kworker        2456217 nvme1n1 WM   1288044224 4096      0.098
12:58:26.088 kworker        2456217 nvme1n1 WM   1288302928 8192      0.103
12:58:26.088 kworker        2456217 nvme1n1 WM   1288302976 4096      0.104
12:58:26.088 kworker        2456217 nvme1n1 WM   1288303928 4096      0.107
12:58:26.088 kworker        2456217 nvme1n1 WM   1288304080 4096      0.114
12:58:26.088 kworker        2456217 nvme1n1 WM   1288304208 4096      0.115
12:58:26.088 kworker        2456217 nvme1n1 WM   1288304320 4096      0.116
12:58:26.088 kworker        2456217 nvme1n1 WM   1288304496 4096      0.117
12:58:26.088 kworker        2456217 nvme1n1 WM   1288304592 4096      0.075
12:58:26.088 kworker        2456217 nvme1n1 WM   1288304976 4096      0.077
12:58:26.088 kworker        2456217 nvme1n1 WM   1288305072 4096      0.083
12:58:26.088 kworker        2456217 nvme1n1 WM   1288305584 4096      0.084
12:58:26.088 kworker        2456217 nvme1n1 WM   1288305880 4096      0.084
12:58:26.088 kworker        2456217 nvme1n1 WM   1288305896 4096      0.085
12:58:26.088 kworker        2456217 nvme1n1 WM   1288306048 4096      0.088
12:58:26.088 kworker        2456217 nvme1n1 WM   1288306128 4096      0.092
12:58:26.088 kworker        2456217 nvme1n1 WM   1288306216 4096      0.095
12:58:26.088 kworker        2456217 nvme1n1 WM   1288306256 4096      0.097
12:58:26.088 kworker        2456217 nvme1n1 WM   1288306272 4096      0.102
12:58:26.088 kworker        2456217 nvme1n1 WM   1288306288 4096      0.107
12:58:26.088 kworker        2456217 nvme1n1 WM   1288306496 4096      0.110
12:58:26.088 kworker        2456217 nvme1n1 WM   1288306552 8192      0.112
12:58:26.088 kworker        2456217 nvme1n1 WM   1288433752 4096      0.116
12:58:26.088 kworker        2456217 nvme1n1 WM   1288433848 4096      0.117
12:58:26.089 kworker        2456217 nvme1n1 WM   1288433936 4096      0.076
12:58:26.089 kworker        2456217 nvme1n1 WM   1288433976 4096      0.081
12:58:26.089 kworker        2456217 nvme1n1 WM   1288434088 4096      0.091
12:58:26.089 kworker        2456217 nvme1n1 WM   1288434408 4096      0.092
12:58:26.089 kworker        2456217 nvme1n1 WM   1288434440 4096      0.095
12:58:26.089 kworker        2456217 nvme1n1 WM   1288434568 4096      0.097
12:58:26.089 kworker        2456217 nvme1n1 WM   1288434632 4096      0.098
12:58:26.089 kworker        2456217 nvme1n1 WM   1288434680 4096      0.105
12:58:26.089 kworker        2456217 nvme1n1 WM   1288434696 4096      0.108
12:58:26.089 kworker        2456217 nvme1n1 WM   1288435832 4096      0.109
12:58:26.089 kworker        2456217 nvme1n1 WM   1288435928 4096      0.116
12:58:26.089 kworker        2456217 nvme1n1 WM   1288436264 4096      0.117
12:58:26.089 kworker        2456217 nvme1n1 WM   1288436504 4096      0.119
12:58:26.089 kworker        2456217 nvme1n1 WM   1288436520 4096      0.120
12:58:26.089 kworker        2456217 nvme1n1 WM   1288436664 4096      0.124
12:58:26.089 kworker        2456217 nvme1n1 WM   1288436800 4096      0.125
12:58:26.089 kworker        2456217 nvme1n1 WM   1288436920 4096      0.099
12:58:26.089 kworker        2456217 nvme1n1 WM   1288437328 4096      0.119
12:58:26.089 kworker        2456217 nvme1n1 WM   1288437344 4096      0.119
12:58:26.089 kworker        2456217 nvme1n1 WM   1288437360 4096      0.119
12:58:26.089 kworker        2456217 nvme1n1 WM   1288437472 4096      0.120
12:58:26.089 kworker        2456217 nvme1n1 WM   1288565032 4096      0.119
12:58:26.089 kworker        2456217 nvme1n1 WM   1288565576 4096      0.129
12:58:26.089 kworker        2456217 nvme1n1 WM   1288565736 4096      0.130
12:58:26.089 kworker        2456217 nvme1n1 WM   1288565848 4096      0.130
12:58:26.089 kworker        2456217 nvme1n1 WM   1288566064 8192      0.130
12:58:26.089 kworker        2456217 nvme1n1 WM   1288566600 4096      0.134
12:58:26.089 kworker        2456217 nvme1n1 WM   1288567192 4096      0.135
12:58:26.089 kworker        2456217 nvme1n1 WM   1288567336 4096      0.136
12:58:26.089 kworker        2456217 nvme1n1 WM   1288567560 4096      0.137
12:58:26.089 kworker        2456217 nvme1n1 WM   1288567592 4096      0.138
12:58:26.089 kworker        2456217 nvme1n1 WM   1288567608 4096      0.139
12:58:26.089 kworker        2456217 nvme1n1 WM   1288567624 4096      0.091
12:58:26.089 kworker        2456217 nvme1n1 WM   1288567640 4096      0.099
12:58:26.089 kworker        2456217 nvme1n1 WM   1288568008 4096      0.105
12:58:26.089 kworker        2456217 nvme1n1 WM   1288568040 4096      0.106
12:58:26.089 kworker        2456217 nvme1n1 WM   1288568136 4096      0.117
12:58:26.089 kworker        2456217 nvme1n1 WM   1288568464 4096      0.120
12:58:26.089 kworker        2456217 nvme1n1 WM   1288568792 4096      0.121
12:58:26.089 kworker        2456217 nvme1n1 WM   1288695760 4096      0.122
12:58:26.089 kworker        2456217 nvme1n1 WM   1288696368 4096      0.123
12:58:26.089 kworker        2456217 nvme1n1 WM   1288696384 4096      0.124
12:58:26.089 kworker        2456217 nvme1n1 WM   1288696528 8192      0.126
12:58:26.089 kworker        2456217 nvme1n1 WM   1288696640 4096      0.127
12:58:26.089 kworker        2456217 nvme1n1 WM   1288696672 4096      0.128
12:58:26.089 kworker        2456217 nvme1n1 WM   1288697072 4096      0.129
12:58:26.089 kworker        2456217 nvme1n1 WM   1288697216 4096      0.130
12:58:26.089 kworker        2456217 nvme1n1 WM   1288697296 4096      0.133
12:58:26.089 kworker        2456217 nvme1n1 WM   1288697424 4096      0.079
12:58:26.089 kworker        2456217 nvme1n1 WM   1288697744 4096      0.085
12:58:26.089 kworker        2456217 nvme1n1 WM   1288697768 4096      0.093
12:58:26.089 kworker        2456217 nvme1n1 WM   1288697800 4096      0.094
12:58:26.089 kworker        2456217 nvme1n1 WM   1288697832 4096      0.097
12:58:26.089 kworker        2456217 nvme1n1 WM   1288697928 4096      0.100
12:58:26.089 kworker        2456217 nvme1n1 WM   1288698312 4096      0.101
12:58:26.089 kworker        2456217 nvme1n1 WM   1288698328 4096      0.105
12:58:26.089 kworker        2456217 nvme1n1 WM   1288698424 4096      0.106
12:58:26.089 kworker        2456217 nvme1n1 WM   1288698800 4096      0.113
12:58:26.089 kworker        2456217 nvme1n1 WM   1288699024 4096      0.117
12:58:26.089 kworker        2456217 nvme1n1 WM   1288699040 4096      0.119
12:58:26.089 kworker        2456217 nvme1n1 WM   1288699600 4096      0.119
12:58:26.089 kworker        2456217 nvme1n1 WM   1288699840 4096      0.120
12:58:26.089 kworker        2456217 nvme1n1 WM   1288699872 4096      0.120
12:58:26.089 kworker        2456217 nvme1n1 WM   1288826984 4096      0.121
12:58:26.090 kworker        2456217 nvme1n1 WM   1288827464 4096      0.084
12:58:26.090 kworker        2456217 nvme1n1 WM   1288827480 4096      0.091
12:58:26.090 kworker        2456217 nvme1n1 WM   1288827512 4096      0.096
12:58:26.090 kworker        2456217 nvme1n1 WM   1288827528 4096      0.098
12:58:26.090 kworker        2456217 nvme1n1 WM   1288827744 4096      0.099
12:58:26.090 kworker        2456217 nvme1n1 WM   1288827768 4096      0.104
12:58:26.090 kworker        2456217 nvme1n1 WM   1288828400 8192      0.112
12:58:26.090 kworker        2456217 nvme1n1 WM   1288829056 8192      0.117
12:58:26.090 kworker        2456217 nvme1n1 WM   1288829256 4096      0.118
12:58:26.090 kworker        2456217 nvme1n1 WM   1288829536 4096      0.120
12:58:26.090 kworker        2456217 nvme1n1 WM   1288829728 4096      0.128
12:58:26.090 kworker        2456217 nvme1n1 WM   1288829832 4096      0.130
12:58:26.090 kworker        2456217 nvme1n1 WM   1288829952 4096      0.134
12:58:26.090 kworker        2456217 nvme1n1 WM   1288829968 4096      0.135
12:58:26.090 kworker        2456217 nvme1n1 WM   1288830128 4096      0.135
12:58:26.090 kworker        2456217 nvme1n1 WM   1288828624 16384     0.145
12:58:26.090 kworker        2456217 nvme1n1 WM   1288830144 8192      0.097
12:58:26.090 kworker        2456217 nvme1n1 WM   1288830248 4096      0.115
12:58:26.090 kworker        2456217 nvme1n1 WM   1288830400 4096      0.118
12:58:26.090 kworker        2456217 nvme1n1 WM   1288830416 4096      0.121
12:58:26.090 kworker        2456217 nvme1n1 WM   1288830432 4096      0.123
12:58:26.090 kworker        2456217 nvme1n1 WM   1288830632 4096      0.136
12:58:26.090 kworker        2456217 nvme1n1 WM   1288830720 4096      0.137
12:58:26.090 kworker        2456217 nvme1n1 WM   1288830736 4096      0.138
12:58:26.090 kworker        2456217 nvme1n1 WM   1288830752 4096      0.139
12:58:26.090 kworker        2456217 nvme1n1 WM   1288830768 4096      0.140
12:58:26.090 kworker        2456217 nvme1n1 WM   1288830784 4096      0.142
12:58:26.090 kworker        2456217 nvme1n1 WM   1288830880 4096      0.143
12:58:26.090 kworker        2456217 nvme1n1 WM   1288830896 4096      0.144
12:58:26.090 kworker        2456217 nvme1n1 WM   1288957928 4096      0.145
12:58:26.090 kworker        2456217 nvme1n1 WM   1288958080 4096      0.146
12:58:26.090 kworker        2456217 nvme1n1 WM   1288958216 4096      0.147
12:58:26.090 kworker        2456217 nvme1n1 WM   1288958360 8192      0.058
12:58:26.090 kworker        2456217 nvme1n1 WM   1288958416 4096      0.066
12:58:26.090 kworker        2456217 nvme1n1 WM   1288958432 4096      0.080
12:58:26.090 kworker        2456217 nvme1n1 WM   1288958448 4096      0.081
12:58:26.090 kworker        2456217 nvme1n1 WM   1321205864 4096      0.082
12:58:26.090 kworker        2456217 nvme1n1 WM   1488531592 4096      0.083
12:58:26.090 kworker        2456217 nvme1n1 WM   1530921024 4096      0.086
12:58:26.090 kworker        2456217 nvme1n1 WM   1660944480 4096      0.087
12:58:26.090 kworker        2456217 nvme1n1 WM   1736441952 4096      0.088
12:58:26.113 python3        2290920 nvme1n1 WS   1012830208 131072    0.160
12:58:26.113 python3        2290920 nvme1n1 WS   1012830464 131072    0.220
12:58:26.115 python3        2290920 nvme1n1 WS   1012830720 131072    0.316
12:58:26.115 python3        2290920 nvme1n1 WS   1012830976 131072    0.377
12:58:26.115 python3        2290920 nvme1n1 WS   1012831232 131072    0.461
12:58:26.115 python3        2290920 nvme1n1 WS   1012831488 131072    0.550
12:58:26.115 python3        2290920 nvme1n1 WS   1012831744 131072    0.638
12:58:26.115 python3        2290920 nvme1n1 WS   1012832000 131072    0.675
12:58:26.115 python3        2290920 nvme1n1 WS   1012832256 131072    0.754
12:58:26.115 python3        2290920 nvme1n1 WS   1012832512 131072    0.835
12:58:26.115 python3        2290920 nvme1n1 WS   1012832768 131072    0.915
12:58:26.115 python3        2290920 nvme1n1 WS   1012833024 131072    0.998
12:58:26.115 python3        2290920 nvme1n1 WS   1012833280 131072    1.069
12:58:26.115 python3        2290920 nvme1n1 WS   1012833536 131072    1.149
12:58:26.115 python3        2290920 nvme1n1 WS   1012833792 131072    1.227
12:58:26.115 python3        2290920 nvme1n1 WS   1012834048 131072    1.286
12:58:26.115 python3        2290920 nvme1n1 WS   1012834304 131072    1.362
12:58:26.115 python3        2290920 nvme1n1 WS   1012834560 131072    1.442
12:58:26.115 python3        2290920 nvme1n1 WS   1012838400 131072    1.423
12:58:26.115 python3        2290920 nvme1n1 WS   1012838656 131072    1.499
12:58:26.115 python3        2290920 nvme1n1 WS   1012838912 131072    1.576
12:58:26.115 python3        2290920 nvme1n1 WS   1012839168 131072    1.658
12:58:26.115 python3        2290920 nvme1n1 WS   1012839424 131072    1.737
12:58:26.115 python3        2290920 nvme1n1 WS   1012839680 131072    1.816
12:58:26.115 python3        2290920 nvme1n1 WS   1012839936 131072    1.906
12:58:26.115 python3        2290920 nvme1n1 WS   1012840192 131072    1.940
12:58:26.116 python3        2290920 nvme1n1 WS   1012840448 131072    2.019
12:58:26.116 python3        2290920 nvme1n1 WS   1012840704 131072    2.103
12:58:26.116 python3        2290920 nvme1n1 WS   1012840960 131072    2.179
12:58:26.116 python3        2290920 nvme1n1 WS   1012841216 131072    2.243
12:58:26.116 python3        2290920 nvme1n1 WS   1012841472 131072    2.302
12:58:26.116 python3        2290920 nvme1n1 WS   1012841728 131072    2.378
12:58:26.116 python3        2290920 nvme1n1 WS   1012841984 131072    2.460
12:58:26.116 python3        2290920 nvme1n1 WS   1012842240 131072    2.502
12:58:26.116 python3        2290920 nvme1n1 WS   1012846592 131072    2.565
12:58:26.116 python3        2290920 nvme1n1 WS   1012846848 131072    2.636
12:58:26.116 python3        2290920 nvme1n1 WS   1012842496 131072    2.709
12:58:26.116 python3        2290920 nvme1n1 WS   1012842752 131072    2.777
12:58:26.116 python3        2290920 nvme1n1 WS   1012843008 131072    2.853
12:58:26.117 python3        2290920 nvme1n1 WS   1012843264 131072    2.924
12:58:26.117 python3        2290920 nvme1n1 WS   1012843520 131072    2.995
12:58:26.117 python3        2290920 nvme1n1 WS   1012843776 131072    3.069
12:58:26.117 python3        2290920 nvme1n1 WS   1012844032 131072    3.144
12:58:26.117 python3        2290920 nvme1n1 WS   1012844288 131072    3.198
12:58:26.117 python3        2290920 nvme1n1 WS   1012844544 131072    3.270
12:58:26.117 python3        2290920 nvme1n1 WS   1012844800 131072    3.349
12:58:26.117 python3        2290920 nvme1n1 WS   1012845056 131072    3.419
12:58:26.117 python3        2290920 nvme1n1 WS   1012845312 131072    3.493
12:58:26.117 python3        2290920 nvme1n1 WS   1012845568 131072    3.568
12:58:26.117 python3        2290920 nvme1n1 WS   1012845824 131072    3.643
12:58:26.117 python3        2290920 nvme1n1 WS   1012846080 131072    3.717
12:58:26.117 python3        2290920 nvme1n1 WS   1012846336 131072    3.764
12:58:26.118 python3        2290920 nvme1n1 WS   1012854784 131072    3.836
12:58:26.118 python3        2290920 nvme1n1 WS   1012855040 131072    3.914
12:58:26.118 python3        2290920 nvme1n1 WS   1012850688 131072    3.991
12:58:26.118 python3        2290920 nvme1n1 WS   1012850944 131072    4.054
12:58:26.118 python3        2290920 nvme1n1 WS   1012851200 131072    4.136
12:58:26.118 python3        2290920 nvme1n1 WS   1012851456 131072    4.198
12:58:26.118 python3        2290920 nvme1n1 WS   1012851712 131072    4.272
12:58:26.118 python3        2290920 nvme1n1 WS   1012851968 131072    4.346
12:58:26.118 python3        2290920 nvme1n1 WS   1012852224 131072    4.419
12:58:26.118 python3        2290920 nvme1n1 WS   1012852480 131072    4.468
12:58:26.118 python3        2290920 nvme1n1 WS   1012852736 131072    4.539
12:58:26.118 python3        2290920 nvme1n1 WS   1012852992 131072    4.612
12:58:26.118 python3        2290920 nvme1n1 WS   1012853248 131072    4.688
12:58:26.119 python3        2290920 nvme1n1 WS   1012853504 131072    4.762
12:58:26.119 python3        2290920 nvme1n1 WS   1012853760 131072    4.844
12:58:26.119 python3        2290920 nvme1n1 WS   1012854016 131072    4.915
12:58:26.119 python3        2290920 nvme1n1 WS   1012854272 131072    4.989
12:58:26.119 python3        2290920 nvme1n1 WS   1012854528 131072    5.036
12:58:26.119 python3        2290920 nvme1n1 WS   1012858880 131072    5.114
12:58:26.119 python3        2290920 nvme1n1 WS   1012859136 131072    5.185
12:58:26.119 python3        2290922 nvme1n1 WS   1012862976 131072    4.910
12:58:26.119 python3        2290922 nvme1n1 WS   1012863232 131072    4.982
12:58:26.119 python3        2290922 nvme1n1 WS   1012863488 131072    5.052
12:58:26.119 python3        2290922 nvme1n1 WS   1012863744 131072    5.125
12:58:26.119 python3        2290922 nvme1n1 WS   1012864000 131072    5.202
12:58:26.119 python3        2290922 nvme1n1 WS   1012864256 131072    5.274
12:58:26.120 python3        2290922 nvme1n1 WS   1012864512 131072    5.346
12:58:26.120 python3        2290922 nvme1n1 WS   1012864768 131072    5.399
12:58:26.120 python3        2290922 nvme1n1 WS   1012865024 131072    5.474
12:58:26.120 python3        2290922 nvme1n1 WS   1012865280 131072    5.546
12:58:26.120 python3        2290922 nvme1n1 WS   1012865536 131072    5.618
12:58:26.120 python3        2290922 nvme1n1 WS   1012865792 131072    5.691
12:58:26.120 python3        2290922 nvme1n1 WS   1012866048 131072    5.769
12:58:26.120 python3        2290922 nvme1n1 WS   1012866304 131072    5.839
12:58:26.120 python3        2290922 nvme1n1 WS   1012866560 131072    5.947
12:58:26.120 python3        2290922 nvme1n1 WS   1012866816 131072    6.000
12:58:26.120 python3        2290922 nvme1n1 WS   1012867072 131072    6.074
12:58:26.120 python3        2290922 nvme1n1 WS   1012867328 131072    6.151
12:58:26.121 python3        2290922 nvme1n1 WS   1012871168 131072    5.475
12:58:26.121 python3        2290922 nvme1n1 WS   1012871424 131072    5.541
12:58:26.121 python3        2290922 nvme1n1 WS   1012871680 131072    5.619
12:58:26.121 python3        2290922 nvme1n1 WS   1012871936 131072    5.686
12:58:26.121 python3        2290922 nvme1n1 WS   1012872192 131072    5.760
12:58:26.121 python3        2290922 nvme1n1 WS   1012872448 131072    5.831
12:58:26.121 python3        2290922 nvme1n1 WS   1012872704 131072    5.907
12:58:26.121 python3        2290922 nvme1n1 WS   1012872960 131072    5.951
12:58:26.121 python3        2290922 nvme1n1 WS   1012873216 131072    6.025
12:58:26.121 python3        2290922 nvme1n1 WS   1012873472 131072    6.101
12:58:26.121 python3        2290922 nvme1n1 WS   1012873728 131072    6.172
12:58:26.121 python3        2290922 nvme1n1 WS   1012873984 131072    6.248
12:58:26.121 python3        2290922 nvme1n1 WS   1012874240 131072    6.316
12:58:26.122 python3        2290922 nvme1n1 WS   1012874496 131072    6.390
12:58:26.122 python3        2290922 nvme1n1 WS   1012874752 131072    6.468
12:58:26.122 python3        2290922 nvme1n1 WS   1012875008 131072    6.520
12:58:26.122 python3        2290922 nvme1n1 WS   1012875264 131072    6.594
12:58:26.122 python3        2290922 nvme1n1 WS   1012875520 131072    6.675
12:58:26.122 python3        2290923 nvme1n1 WS   1012879360 131072    6.661
12:58:26.122 python3        2290923 nvme1n1 WS   1012879616 131072    6.726
12:58:26.122 python3        2290923 nvme1n1 WS   1012879872 131072    6.805
12:58:26.122 python3        2290923 nvme1n1 WS   1012880128 131072    6.877
12:58:26.122 python3        2290923 nvme1n1 WS   1012880384 131072    6.952
12:58:26.122 python3        2290923 nvme1n1 WS   1012880640 131072    7.025
12:58:26.122 python3        2290923 nvme1n1 WS   1012880896 131072    7.100
12:58:26.122 python3        2290923 nvme1n1 WS   1012881152 131072    7.151
12:58:26.123 python3        2290923 nvme1n1 WS   1012881408 131072    7.224
12:58:26.123 python3        2290923 nvme1n1 WS   1012881664 131072    7.303
12:58:26.123 python3        2290923 nvme1n1 WS   1012881920 131072    7.379
12:58:26.123 python3        2290923 nvme1n1 WS   1012882176 131072    7.459
12:58:26.123 python3        2290923 nvme1n1 WS   1012882432 131072    7.538
12:58:26.123 python3        2290923 nvme1n1 WS   1012882688 131072    7.615
12:58:26.123 python3        2290923 nvme1n1 WS   1012882944 131072    7.688
12:58:26.123 python3        2290923 nvme1n1 WS   1012883200 131072    7.743
12:58:26.123 python3        2290923 nvme1n1 WS   1012887552 131072    7.817
12:58:26.123 python3        2290923 nvme1n1 WS   1012887808 131072    7.895
12:58:26.123 python3        2290921 nvme1n1 WS   1012883456 131072    7.965
12:58:26.123 python3        2290921 nvme1n1 WS   1012883712 131072    8.035
12:58:26.124 python3        2290921 nvme1n1 WS   1012883968 131072    8.110
12:58:26.124 python3        2290921 nvme1n1 WS   1012884224 131072    8.181
12:58:26.124 python3        2290921 nvme1n1 WS   1012884480 131072    8.257
12:58:26.124 python3        2290921 nvme1n1 WS   1012884736 131072    8.330
12:58:26.124 python3        2290921 nvme1n1 WS   1012884992 131072    8.404
12:58:26.124 python3        2290921 nvme1n1 WS   1012885248 131072    8.451
12:58:26.124 python3        2290921 nvme1n1 WS   1012885504 131072    8.522
12:58:26.124 python3        2290921 nvme1n1 WS   1012885760 131072    8.598
12:58:26.124 python3        2290921 nvme1n1 WS   1012886016 131072    8.670
12:58:26.124 python3        2290921 nvme1n1 WS   1012886272 131072    8.748
12:58:26.124 python3        2290921 nvme1n1 WS   1012886528 131072    8.824
12:58:26.124 python3        2290921 nvme1n1 WS   1012886784 131072    8.894
12:58:26.124 python3        2290921 nvme1n1 WS   1012887040 131072    8.972
12:58:26.125 python3        2290923 nvme1n1 WS   1012891648 131072    9.061
12:58:26.125 python3        2290923 nvme1n1 WS   1012891904 131072    9.127
12:58:26.125 python3        2290923 nvme1n1 WS   1012892160 131072    9.201
12:58:26.125 python3        2290923 nvme1n1 WS   1012892416 131072    9.280
12:58:26.125 python3        2290923 nvme1n1 WS   1012892672 131072    9.353
12:58:26.125 python3        2290923 nvme1n1 WS   1012892928 131072    9.427
12:58:26.125 python3        2290923 nvme1n1 WS   1012893184 131072    9.503
12:58:26.125 python3        2290921 nvme1n1 WS   1012887296 131072    9.618
12:58:26.125 python3        2290921 nvme1n1 WS   1012895744 131072    9.687
12:58:26.125 python3        2290921 nvme1n1 WS   1012896000 131072    9.765
12:58:26.125 python3        2290923 nvme1n1 WS   1012893440 131072    9.825
12:58:26.125 python3        2290923 nvme1n1 WS   1012893696 131072    9.901
12:58:26.126 python3        2290923 nvme1n1 WS   1012893952 131072    9.979
12:58:26.126 python3        2290923 nvme1n1 WS   1012894208 131072   10.054
12:58:26.126 python3        2290923 nvme1n1 WS   1012894464 131072   10.128
12:58:26.126 python3        2290923 nvme1n1 WS   1012894720 131072   10.204
12:58:26.126 python3        2290923 nvme1n1 WS   1012894976 131072   10.279
12:58:26.126 python3        2290923 nvme1n1 WS   1012895232 131072   10.360
12:58:26.127 python3        2290923 nvme1n1 WS   1012895488 131072   10.421
12:58:26.127 python3        2290923 nvme1n1 WS   1012903936 131072   10.497
12:58:26.127 python3        2290923 nvme1n1 WS   1012904192 131072   10.573
12:58:26.127 python3        2290921 nvme1n1 WS   1012899840 131072   10.634
12:58:26.127 python3        2290921 nvme1n1 WS   1012900096 131072   10.703
12:58:26.127 python3        2290921 nvme1n1 WS   1012900352 131072   10.777
12:58:26.127 python3        2290921 nvme1n1 WS   1012900608 131072   10.850
12:58:26.127 python3        2290921 nvme1n1 WS   1012900864 131072   10.929
12:58:26.127 python3        2290921 nvme1n1 WS   1012901120 131072   11.005
12:58:26.127 python3        2290921 nvme1n1 WS   1012901376 131072   11.086
12:58:26.127 python3        2290921 nvme1n1 WS   1012901632 131072   11.129
12:58:26.127 python3        2290921 nvme1n1 WS   1012901888 131072   11.204
12:58:26.127 python3        2290921 nvme1n1 WS   1012902144 131072   11.280
12:58:26.127 python3        2290921 nvme1n1 WS   1012902400 131072   11.360
12:58:26.127 python3        2290921 nvme1n1 WS   1012902656 131072   11.436
12:58:26.127 python3        2290921 nvme1n1 WS   1012902912 131072   11.516
12:58:26.127 python3        2290921 nvme1n1 WS   1012903168 131072   11.592
12:58:26.127 python3        2290921 nvme1n1 WS   1012903424 131072   11.666
12:58:26.127 python3        2290921 nvme1n1 WS   1012903680 131072   11.716
12:58:26.128 python3        2290921 nvme1n1 WS   1012908032 131072   11.794
12:58:26.128 python3        2290921 nvme1n1 WS   1012908288 131072   11.867
12:58:26.128 python3        2290920 nvme1n1 WS   1012912128 131072   11.822
12:58:26.128 python3        2290920 nvme1n1 WS   1012912384 131072   11.902
12:58:26.128 python3        2290920 nvme1n1 WS   1012912640 131072   11.957
12:58:26.128 python3        2290920 nvme1n1 WS   1012912896 131072   12.032
12:58:26.128 python3        2290920 nvme1n1 WS   1012913152 131072   12.106
12:58:26.128 python3        2290920 nvme1n1 WS   1012913408 131072   12.182
12:58:26.128 python3        2290920 nvme1n1 WS   1012913664 131072   12.254
12:58:26.128 python3        2290920 nvme1n1 WS   1012913920 131072   12.303
12:58:26.128 python3        2290920 nvme1n1 WS   1012914176 131072   12.379
12:58:26.128 python3        2290920 nvme1n1 WS   1012914432 131072   12.456
12:58:26.128 python3        2290920 nvme1n1 WS   1012914688 131072   12.533
12:58:26.129 python3        2290920 nvme1n1 WS   1012914944 131072   12.609
12:58:26.129 python3        2290920 nvme1n1 WS   1012915200 131072   12.681
12:58:26.129 python3        2290920 nvme1n1 WS   1012915456 131072   12.762
12:58:26.129 python3        2290920 nvme1n1 WS   1012915712 131072   12.833
12:58:26.129 python3        2290921 nvme1n1 WS   1012916224 131072   12.916
12:58:26.129 python3        2290921 nvme1n1 WS   1012916480 131072   12.991
12:58:26.129 python3        2290921 nvme1n1 WS   1012916736 131072   13.065
12:58:26.129 python3        2290921 nvme1n1 WS   1012916992 131072   13.116
12:58:26.129 python3        2290921 nvme1n1 WS   1012917248 131072   13.194
12:58:26.129 python3        2290921 nvme1n1 WS   1012917504 131072   13.276
12:58:26.129 python3        2290921 nvme1n1 WS   1012917760 131072   13.352
12:58:26.129 python3        2290920 nvme1n1 WS   1012915968 131072   13.428
12:58:26.129 python3        2290920 nvme1n1 WS   1012920320 131072   13.503
12:58:26.130 python3        2290920 nvme1n1 WS   1012920576 131072   13.577
12:58:26.130 python3        2290921 nvme1n1 WS   1012918016 131072   13.637
12:58:26.130 python3        2290921 nvme1n1 WS   1012918272 131072   13.714
12:58:26.130 python3        2290921 nvme1n1 WS   1012918528 131072   13.790
12:58:26.130 python3        2290921 nvme1n1 WS   1012918784 131072   13.862
12:58:26.130 python3        2290921 nvme1n1 WS   1012919040 131072   13.937
12:58:26.130 python3        2290921 nvme1n1 WS   1012919296 131072   14.045
12:58:26.130 python3        2290921 nvme1n1 WS   1012919552 131072   14.117
12:58:26.130 python3        2290921 nvme1n1 WS   1012919808 131072   14.194
12:58:26.130 python3        2290921 nvme1n1 WS   1012920064 131072   14.249
12:58:26.130 python3        2290921 nvme1n1 WS   1012924416 131072   14.325
12:58:26.130 python3        2290921 nvme1n1 WS   1012924672 131072   14.406
12:58:26.131 python3        2290921 nvme1n1 WS   1012928512 131072   14.335
12:58:26.131 python3        2290921 nvme1n1 WS   1012928768 131072   14.408
12:58:26.131 python3        2290921 nvme1n1 WS   1012929024 131072   14.482
12:58:26.131 python3        2290921 nvme1n1 WS   1012929280 131072   14.556
12:58:26.131 python3        2290921 nvme1n1 WS   1012929536 131072   14.632
12:58:26.131 python3        2290921 nvme1n1 WS   1012929792 131072   14.716
12:58:26.131 python3        2290921 nvme1n1 WS   1012930048 131072   14.783
12:58:26.131 python3        2290921 nvme1n1 WS   1012930304 131072   14.834
12:58:26.131 python3        2290921 nvme1n1 WS   1012930560 131072   14.907
12:58:26.131 python3        2290921 nvme1n1 WS   1012930816 131072   14.984
12:58:26.131 python3        2290921 nvme1n1 WS   1012931072 131072   15.064
12:58:26.131 python3        2290921 nvme1n1 WS   1012931328 131072   15.139
12:58:26.132 python3        2290923 nvme1n1 WS   1012932608 131072   15.224
12:58:26.132 python3        2290923 nvme1n1 WS   1012932864 131072   15.293
12:58:26.132 python3        2290921 nvme1n1 WS   1012931584 131072   15.375
12:58:26.132 python3        2290923 nvme1n1 WS   1013186560 131072   15.454
12:58:26.132 python3        2290921 nvme1n1 WS   1012931840 131072   15.529
12:58:26.132 python3        2290921 nvme1n1 WS   1012932096 131072   15.599
12:58:26.132 python3        2290923 nvme1n1 WS   1012933120 131072   15.680
12:58:26.132 python3        2290923 nvme1n1 WS   1012933376 131072   15.756
12:58:26.132 python3        2290923 nvme1n1 WS   1013186816 131072   15.843
12:58:26.132 python3        2290923 nvme1n1 WS   1013187072 131072   15.917
12:58:26.132 python3        2290923 nvme1n1 WS   1012933632 131072   15.993
12:58:26.132 python3        2290923 nvme1n1 WS   1012933888 131072   16.066
12:58:26.132 python3        2290923 nvme1n1 WS   1012934144 131072   16.141
12:58:26.133 python3        2290923 nvme1n1 WS   1013187328 131072   16.228
12:58:26.133 python3        2290923 nvme1n1 WS   1013187584 131072   16.304
12:58:26.133 python3        2290923 nvme1n1 WS   1013187840 131072   16.375
12:58:26.133 python3        2290923 nvme1n1 WS   1013188096 131072   16.451
12:58:26.133 python3        2290921 nvme1n1 WS   1012932352 131072   16.520
12:58:26.133 python3        2290921 nvme1n1 WS   1012940800 131072   16.595
12:58:26.133 python3        2290921 nvme1n1 WS   1012941056 131072   16.671
12:58:26.133 python3        2290923 nvme1n1 WS   1012934400 131072   16.737
12:58:26.133 python3        2290923 nvme1n1 WS   1012934656 131072   16.813
12:58:26.133 python3        2290923 nvme1n1 WS   1012934912 131072   16.890
12:58:26.133 python3        2290923 nvme1n1 WS   1013188352 131072   16.973
12:58:26.133 python3        2290923 nvme1n1 WS   1013188608 131072   17.045
12:58:26.134 python3        2290922 nvme1n1 WS   1012936704 131072   17.137
12:58:26.134 python3        2290922 nvme1n1 WS   1012936960 131072   17.206
12:58:26.134 python3        2290922 nvme1n1 WS   1012937216 131072   17.279
12:58:26.134 python3        2290922 nvme1n1 WS   1012937472 131072   17.356
12:58:26.134 python3        2290922 nvme1n1 WS   1012937728 131072   17.433
12:58:26.134 python3        2290922 nvme1n1 WS   1012937984 131072   17.507
12:58:26.134 python3        2290923 nvme1n1 WS   1013188864 131072   17.599
12:58:26.134 python3        2290923 nvme1n1 WS   1013189120 131072   17.673
12:58:26.134 python3        2290923 nvme1n1 WS   1013189376 131072   17.750
12:58:26.134 python3        2290923 nvme1n1 WS   1013189632 131072   17.819
12:58:26.134 python3        2290923 nvme1n1 WS   1012935168 131072   17.914
12:58:26.134 python3        2290923 nvme1n1 WS   1012935424 131072   17.989
12:58:26.134 python3        2290923 nvme1n1 WS   1012935680 131072   18.064
12:58:26.135 python3        2290923 nvme1n1 WS   1012935936 131072   18.142
12:58:26.135 python3        2290923 nvme1n1 WS   1012936192 131072   18.217
12:58:26.135 python3        2290923 nvme1n1 WS   1013189888 131072   18.301
12:58:26.135 python3        2290923 nvme1n1 WS   1013190144 131072   18.373
12:58:26.135 python3        2290922 nvme1n1 WS   1012938240 131072   18.464
12:58:26.135 python3        2290923 nvme1n1 WS   1012936448 131072   18.508
12:58:26.135 python3        2290923 nvme1n1 WS   1013190400 131072   18.616
12:58:26.135 python3        2290923 nvme1n1 WS   1013190656 131072   18.692
12:58:26.135 python3        2290923 nvme1n1 WS   1013190912 131072   18.770
12:58:26.135 python3        2290923 nvme1n1 WS   1012944896 131072   18.856
12:58:26.135 python3        2290923 nvme1n1 WS   1012945152 131072   18.934
12:58:26.135 python3        2290922 nvme1n1 WS   1012938496 131072   19.020
12:58:26.136 python3        2290922 nvme1n1 WS   1012938752 131072   19.086
12:58:26.136 python3        2290922 nvme1n1 WS   1012939008 131072   19.156
12:58:26.136 python3        2290922 nvme1n1 WS   1012939264 131072   19.229
12:58:26.136 python3        2290922 nvme1n1 WS   1012939520 131072   19.302
12:58:26.136 python3        2290922 nvme1n1 WS   1012939776 131072   19.378
12:58:26.136 python3        2290922 nvme1n1 WS   1012940032 131072   19.451
12:58:26.136 python3        2290922 nvme1n1 WS   1012940288 131072   19.525
12:58:26.136 python3        2290922 nvme1n1 WS   1012948992 131072   19.593
12:58:26.136 python3        2290922 nvme1n1 WS   1012949248 131072   19.665
12:58:26.136 python3        2290922 nvme1n1 WS   1012949504 131072   19.742
12:58:26.136 python3        2290922 nvme1n1 WS   1012949760 131072   19.822
12:58:26.136 python3        2290922 nvme1n1 WS   1012950016 131072   19.901
12:58:26.136 python3        2290922 nvme1n1 WS   1012950272 131072   19.970
12:58:26.137 python3        2290922 nvme1n1 WS   1012950528 131072   20.057
12:58:26.137 python3        2290922 nvme1n1 WS   1012950784 131072   20.088
12:58:26.137 python3        2290922 nvme1n1 WS   1012951040 131072   20.164
12:58:26.137 python3        2290922 nvme1n1 WS   1012951296 131072   20.236
12:58:26.137 python3        2290922 nvme1n1 WS   1012951552 131072   20.310
12:58:26.137 python3        2290922 nvme1n1 WS   1012951808 131072   20.383
12:58:26.137 python3        2290922 nvme1n1 WS   1012940544 131072   20.538
12:58:26.137 python3        2290922 nvme1n1 WS   1012953088 131072   20.615
12:58:26.137 python3        2290922 nvme1n1 WS   1012953344 131072   20.690
12:58:26.137 python3        2290922 nvme1n1 WS   1012952064 131072   20.701
12:58:26.137 python3        2290922 nvme1n1 WS   1012952320 131072   20.784
12:58:26.137 python3        2290922 nvme1n1 WS   1012952576 131072   20.848
12:58:26.138 python3        2290922 nvme1n1 WS   1012952832 131072   20.924
12:58:26.138 python3        2290922 nvme1n1 WS   1012957184 131072   20.976
12:58:26.138 python3        2290922 nvme1n1 WS   1012957440 131072   21.054
12:58:26.138 python3        2290920 nvme1n1 WS   1012961280 131072   19.498
12:58:26.138 python3        2290920 nvme1n1 WS   1012961536 131072   19.569
12:58:26.138 python3        2290920 nvme1n1 WS   1012961792 131072   19.646
12:58:26.138 python3        2290920 nvme1n1 WS   1012962048 131072   19.719
12:58:26.138 python3        2290920 nvme1n1 WS   1012962304 131072   19.800
12:58:26.138 python3        2290920 nvme1n1 WS   1012962560 131072   19.880
12:58:26.138 python3        2290920 nvme1n1 WS   1012962816 131072   19.959
12:58:26.138 python3        2290920 nvme1n1 WS   1012963072 131072   20.008
12:58:26.138 python3        2290920 nvme1n1 WS   1012963328 131072   20.083
12:58:26.138 python3        2290920 nvme1n1 WS   1012963584 131072   20.158
12:58:26.139 python3        2290920 nvme1n1 WS   1012963840 131072   20.236
12:58:26.139 python3        2290920 nvme1n1 WS   1012964096 131072   20.314
12:58:26.139 python3        2290920 nvme1n1 WS   1012964352 131072   20.390
12:58:26.139 python3        2290920 nvme1n1 WS   1012964608 131072   20.463
12:58:26.139 python3        2290920 nvme1n1 WS   1012964864 131072   20.538
12:58:26.139 python3        2290920 nvme1n1 WS   1012965120 131072   20.591
12:58:26.139 python3        2290920 nvme1n1 WS   1012969472 131072   20.664
12:58:26.139 python3        2290920 nvme1n1 WS   1012969728 131072   20.737
12:58:26.139 python3        2290920 nvme1n1 WS   1012965376 131072   20.803
12:58:26.139 python3        2290920 nvme1n1 WS   1012965632 131072   20.874
12:58:26.139 python3        2290920 nvme1n1 WS   1012965888 131072   20.948
12:58:26.139 python3        2290920 nvme1n1 WS   1012966144 131072   21.026
12:58:26.139 python3        2290920 nvme1n1 WS   1012966400 131072   21.100
12:58:26.140 python3        2290920 nvme1n1 WS   1012966656 131072   21.173
12:58:26.140 python3        2290920 nvme1n1 WS   1012966912 131072   21.251
12:58:26.140 python3        2290920 nvme1n1 WS   1012967168 131072   21.301
12:58:26.140 python3        2290920 nvme1n1 WS   1012967424 131072   21.379
12:58:26.140 python3        2290920 nvme1n1 WS   1012967680 131072   21.453
12:58:26.140 python3        2290920 nvme1n1 WS   1012967936 131072   21.559
12:58:26.140 python3        2290920 nvme1n1 WS   1012968192 131072   21.632
12:58:26.140 python3        2290920 nvme1n1 WS   1012968448 131072   21.708
12:58:26.140 python3        2290920 nvme1n1 WS   1012968704 131072   21.786
12:58:26.140 python3        2290920 nvme1n1 WS   1012968960 131072   21.857
12:58:26.140 python3        2290920 nvme1n1 WS   1012969216 131072   21.912
12:58:26.140 python3        2290920 nvme1n1 WS   1012973568 131072   21.990
12:58:26.141 python3        2290920 nvme1n1 WS   1012973824 131072   22.065
12:58:26.141 python3        2290920 nvme1n1 WS   1012977664 131072   20.950
12:58:26.141 python3        2290920 nvme1n1 WS   1012977920 131072   21.025
12:58:26.141 python3        2290920 nvme1n1 WS   1012978176 131072   21.101
12:58:26.141 python3        2290920 nvme1n1 WS   1012978432 131072   21.179
12:58:26.141 python3        2290920 nvme1n1 WS   1012978688 131072   21.268
12:58:26.141 python3        2290920 nvme1n1 WS   1012978944 131072   21.332
12:58:26.141 python3        2290920 nvme1n1 WS   1012979200 131072   21.411
12:58:26.141 python3        2290920 nvme1n1 WS   1012979456 131072   21.466
12:58:26.141 python3        2290920 nvme1n1 WS   1012979712 131072   21.547
12:58:26.142 python3        2290920 nvme1n1 WS   1012979968 131072   21.623
12:58:26.142 python3        2290920 nvme1n1 WS   1012980224 131072   21.705
12:58:26.142 python3        2290920 nvme1n1 WS   1012980480 131072   21.780
12:58:26.142 python3        2290920 nvme1n1 WS   1012980736 131072   21.856
12:58:26.142 python3        2290920 nvme1n1 WS   1012980992 131072   21.931
12:58:26.142 python3        2290922 nvme1n1 WS   1012985856 131072   20.409
12:58:26.142 python3        2290922 nvme1n1 WS   1012986112 131072   20.477
12:58:26.142 python3        2290922 nvme1n1 WS   1012986368 131072   20.552
12:58:26.142 python3        2290922 nvme1n1 WS   1012986624 131072   20.626
12:58:26.142 python3        2290922 nvme1n1 WS   1012986880 131072   20.698
12:58:26.142 python3        2290922 nvme1n1 WS   1012987136 131072   20.771
12:58:26.142 python3        2290922 nvme1n1 WS   1012987392 131072   20.844
12:58:26.142 python3        2290922 nvme1n1 WS   1012987648 131072   20.890
12:58:26.142 python3        2290922 nvme1n1 WS   1012987904 131072   20.969
12:58:26.142 python3        2290922 nvme1n1 WS   1012988160 131072   21.042
12:58:26.143 python3        2290922 nvme1n1 WS   1012988416 131072   21.117
12:58:26.143 python3        2290922 nvme1n1 WS   1012988672 131072   21.194
12:58:26.143 python3        2290920 nvme1n1 WS   1012981248 131072   22.966
12:58:26.143 python3        2290920 nvme1n1 WS   1012981504 131072   23.037
12:58:26.143 python3        2290920 nvme1n1 WS   1012981760 131072   23.111
12:58:26.143 python3        2290920 nvme1n1 WS   1012982016 131072   23.187
12:58:26.143 python3        2290922 nvme1n1 WS   1012988928 131072   21.594
12:58:26.143 python3        2290922 nvme1n1 WS   1012989184 131072   21.674
12:58:26.143 python3        2290922 nvme1n1 WS   1012989440 131072   21.756
12:58:26.143 python3        2290922 nvme1n1 WS   1012989696 131072   21.816
12:58:26.143 python3        2290922 nvme1n1 WS   1012989952 131072   21.894
12:58:26.143 python3        2290922 nvme1n1 WS   1012990208 131072   21.973
12:58:26.144 python3        2290922 nvme1n1 WS   1012994048 131072   20.902
12:58:26.144 python3        2290922 nvme1n1 WS   1012994304 131072   20.967
12:58:26.144 python3        2290922 nvme1n1 WS   1012994560 131072   21.045
12:58:26.144 python3        2290922 nvme1n1 WS   1012994816 131072   21.116
12:58:26.144 python3        2290922 nvme1n1 WS   1012995072 131072   21.190
12:58:26.144 python3        2290922 nvme1n1 WS   1012995328 131072   21.265
12:58:26.144 python3        2290922 nvme1n1 WS   1012995584 131072   21.342
12:58:26.144 python3        2290922 nvme1n1 WS   1012995840 131072   21.398
12:58:26.144 python3        2290922 nvme1n1 WS   1012996096 131072   21.479
12:58:26.144 python3        2290922 nvme1n1 WS   1012996352 131072   21.551
12:58:26.144 python3        2290922 nvme1n1 WS   1012996608 131072   21.624
12:58:26.144 python3        2290922 nvme1n1 WS   1012996864 131072   21.697
12:58:26.144 python3        2290922 nvme1n1 WS   1012997120 131072   21.772
12:58:26.145 python3        2290922 nvme1n1 WS   1012997376 131072   21.837
12:58:26.145 python3        2290922 nvme1n1 WS   1012997632 131072   21.910
12:58:26.145 python3        2290922 nvme1n1 WS   1012997888 131072   21.972
12:58:26.145 python3        2290922 nvme1n1 WS   1012998144 131072   22.046
12:58:26.145 python3        2290922 nvme1n1 WS   1012998400 131072   22.122
12:58:26.145 python3        2290923 nvme1n1 WS   1013002240 131072   20.182
12:58:26.145 python3        2290923 nvme1n1 WS   1013002496 131072   20.263
12:58:26.145 python3        2290923 nvme1n1 WS   1013002752 131072   20.370
12:58:26.145 python3        2290923 nvme1n1 WS   1013003008 131072   20.439
12:58:26.145 python3        2290923 nvme1n1 WS   1013003264 131072   20.543
12:58:26.145 python3        2290923 nvme1n1 WS   1013003520 131072   20.618
12:58:26.146 python3        2290923 nvme1n1 WS   1013003776 131072   20.696
12:58:26.146 python3        2290923 nvme1n1 WS   1013004032 131072   20.742
12:58:26.146 python3        2290923 nvme1n1 WS   1013004288 131072   20.821
12:58:26.146 python3        2290923 nvme1n1 WS   1013004544 131072   20.895
12:58:26.146 python3        2290923 nvme1n1 WS   1013004800 131072   20.980
12:58:26.146 python3        2290923 nvme1n1 WS   1013005056 131072   21.059
12:58:26.146 python3        2290923 nvme1n1 WS   1013005312 131072   21.135
12:58:26.146 python3        2290923 nvme1n1 WS   1013005568 131072   21.209
12:58:26.146 python3        2290923 nvme1n1 WS   1013005824 131072   21.287
12:58:26.146 python3        2290923 nvme1n1 WS   1013006080 131072   21.341
12:58:26.146 python3        2290923 nvme1n1 WS   1013006336 131072   21.423
12:58:26.146 python3        2290923 nvme1n1 WS   1013006592 131072   21.499
12:58:26.147 python3        2290921 nvme1n1 WS   1013010432 131072   19.034
12:58:26.147 python3        2290921 nvme1n1 WS   1013010688 131072   19.096
12:58:26.147 python3        2290921 nvme1n1 WS   1013010944 131072   19.178
12:58:26.147 python3        2290921 nvme1n1 WS   1013011200 131072   19.255
12:58:26.147 python3        2290921 nvme1n1 WS   1013011456 131072   19.332
12:58:26.147 python3        2290921 nvme1n1 WS   1013011712 131072   19.409
12:58:26.147 python3        2290921 nvme1n1 WS   1013011968 131072   19.480
12:58:26.147 python3        2290923 nvme1n1 WS   1013014528 131072   19.551
12:58:26.147 python3        2290923 nvme1n1 WS   1013014784 131072   19.622
12:58:26.147 python3        2290923 nvme1n1 WS   1013015040 131072   19.697
12:58:26.147 python3        2290923 nvme1n1 WS   1013015296 131072   19.776
12:58:26.147 python3        2290923 nvme1n1 WS   1013015552 131072   19.850
12:58:26.147 python3        2290923 nvme1n1 WS   1013015808 131072   19.928
12:58:26.148 python3        2290923 nvme1n1 WS   1013016064 131072   20.003
12:58:26.148 python3        2290923 nvme1n1 WS   1013016320 131072   20.053
12:58:26.148 python3        2290923 nvme1n1 WS   1013016576 131072   20.129
12:58:26.148 python3        2290923 nvme1n1 WS   1013016832 131072   20.205
12:58:26.148 python3        2290923 nvme1n1 WS   1013017088 131072   20.281
12:58:26.148 python3        2290923 nvme1n1 WS   1013017344 131072   20.361
12:58:26.148 python3        2290923 nvme1n1 WS   1013017600 131072   20.436
12:58:26.148 python3        2290921 nvme1n1 WS   1013012224 131072   20.572
12:58:26.148 python3        2290921 nvme1n1 WS   1013012480 131072   20.643
12:58:26.148 python3        2290921 nvme1n1 WS   1013012736 131072   20.720
12:58:26.148 python3        2290921 nvme1n1 WS   1013012992 131072   20.798
12:58:26.148 python3        2290921 nvme1n1 WS   1013013248 131072   20.873
12:58:26.149 python3        2290921 nvme1n1 WS   1013013504 131072   20.946
12:58:26.149 python3        2290921 nvme1n1 WS   1013013760 131072   21.020
12:58:26.149 python3        2290921 nvme1n1 WS   1013014016 131072   21.093
12:58:26.149 python3        2290921 nvme1n1 WS   1013014272 131072   21.140
12:58:26.149 python3        2290921 nvme1n1 WS   1013018624 131072   21.214
12:58:26.149 python3        2290921 nvme1n1 WS   1013018880 131072   21.293
12:58:26.149 python3        2290923 nvme1n1 WS   1013017856 131072   21.379
12:58:26.149 python3        2290923 nvme1n1 WS   1013018112 131072   21.455
12:58:26.149 python3        2290923 nvme1n1 WS   1013018368 131072   21.504
12:58:26.149 python3        2290923 nvme1n1 WS   1013022720 131072   21.586
12:58:26.149 python3        2290923 nvme1n1 WS   1013022976 131072   21.670
12:58:26.149 python3        2290921 nvme1n1 WS   1013026816 131072   20.463
12:58:26.150 python3        2290921 nvme1n1 WS   1013027072 131072   20.588
12:58:26.150 python3        2290921 nvme1n1 WS   1013027328 131072   20.712
12:58:26.150 python3        2290921 nvme1n1 WS   1013027584 131072   20.815
12:58:26.150 python3        2290921 nvme1n1 WS   1013027840 131072   20.926
12:58:26.150 python3        2290921 nvme1n1 WS   1013028096 131072   21.007
12:58:26.150 python3        2290921 nvme1n1 WS   1013028352 131072   21.075
12:58:26.150 python3        2290921 nvme1n1 WS   1013028608 131072   21.122
12:58:26.150 python3        2290921 nvme1n1 WS   1013028864 131072   21.230
12:58:26.150 python3        2290921 nvme1n1 WS   1013029120 131072   21.302
12:58:26.150 python3        2290921 nvme1n1 WS   1013029376 131072   21.383
12:58:26.150 python3        2290921 nvme1n1 WS   1013029632 131072   21.450
12:58:26.151 python3        2290921 nvme1n1 WS   1013029888 131072   21.576
12:58:26.151 python3        2290921 nvme1n1 WS   1013030144 131072   21.705
12:58:26.151 python3        2290921 nvme1n1 WS   1013030400 131072   21.830
12:58:26.151 python3        2290921 nvme1n1 WS   1013030656 131072   21.938
12:58:26.151 python3        2290921 nvme1n1 WS   1013030912 131072   22.063
12:58:26.151 python3        2290921 nvme1n1 WS   1013031168 131072   22.190
12:58:26.151 python3        2290921 nvme1n1 WS   1013035008 131072   19.802
12:58:26.152 python3        2290921 nvme1n1 WS   1013035264 131072   19.921
12:58:26.152 python3        2290921 nvme1n1 WS   1013035520 131072   20.029
12:58:26.152 python3        2290921 nvme1n1 WS   1013035776 131072   20.126
12:58:26.152 python3        2290921 nvme1n1 WS   1013036032 131072   20.234
12:58:26.152 python3        2290921 nvme1n1 WS   1013036288 131072   20.313
12:58:26.152 python3        2290921 nvme1n1 WS   1013036544 131072   20.389
12:58:26.152 python3        2290921 nvme1n1 WS   1013036800 131072   20.433
12:58:26.152 python3        2290921 nvme1n1 WS   1013037056 131072   20.509
12:58:26.152 python3        2290921 nvme1n1 WS   1013037312 131072   20.592
12:58:26.152 python3        2290921 nvme1n1 WS   1013037568 131072   20.676
12:58:26.152 python3        2290921 nvme1n1 WS   1013037824 131072   20.752
12:58:26.153 python3        2290921 nvme1n1 WS   1013038080 131072   20.825
12:58:26.153 python3        2290921 nvme1n1 WS   1013038336 131072   20.899
12:58:26.153 python3        2290921 nvme1n1 WS   1013038592 131072   20.971
12:58:26.153 python3        2290921 nvme1n1 WS   1013038848 131072   21.027
12:58:26.153 python3        2290921 nvme1n1 WS   1013039104 131072   21.101
12:58:26.153 python3        2290921 nvme1n1 WS   1013039360 131072   21.172
12:58:26.153 python3        2290920 nvme1n1 WS   1013043200 131072   21.136
12:58:26.153 python3        2290920 nvme1n1 WS   1013043456 131072   21.195
12:58:26.153 python3        2290920 nvme1n1 WS   1013043712 131072   21.277
12:58:26.153 python3        2290920 nvme1n1 WS   1013043968 131072   21.346
12:58:26.153 python3        2290920 nvme1n1 WS   1013044224 131072   21.416
12:58:26.153 python3        2290920 nvme1n1 WS   1013044480 131072   21.493
12:58:26.153 python3        2290920 nvme1n1 WS   1013044736 131072   21.555
12:58:26.154 python3        2290920 nvme1n1 WS   1013044992 131072   21.586
12:58:26.154 python3        2290920 nvme1n1 WS   1013045248 131072   21.670
12:58:26.154 python3        2290920 nvme1n1 WS   1013045504 131072   21.798
12:58:26.154 python3        2290920 nvme1n1 WS   1013045760 131072   21.930
12:58:26.154 python3        2290920 nvme1n1 WS   1013046016 131072   22.011
12:58:26.154 python3        2290920 nvme1n1 WS   1013046272 131072   22.083
12:58:26.154 python3        2290920 nvme1n1 WS   1013046528 131072   22.154
12:58:26.154 python3        2290920 nvme1n1 WS   1013046784 131072   22.236
12:58:26.154 python3        2290920 nvme1n1 WS   1013047040 131072   22.294
12:58:26.154 python3        2290920 nvme1n1 WS   1013047296 131072   22.371
12:58:26.154 python3        2290920 nvme1n1 WS   1013047552 131072   22.439
12:58:26.155 python3        2290921 nvme1n1 WS   1013051392 131072   20.433
12:58:26.155 python3        2290921 nvme1n1 WS   1013051648 131072   20.508
12:58:26.155 python3        2290921 nvme1n1 WS   1013051904 131072   20.592
12:58:26.155 python3        2290921 nvme1n1 WS   1013052160 131072   20.674
12:58:26.155 python3        2290921 nvme1n1 WS   1013052416 131072   20.745
12:58:26.155 python3        2290921 nvme1n1 WS   1013052672 131072   20.819
12:58:26.155 python3        2290921 nvme1n1 WS   1013052928 131072   20.899
12:58:26.155 python3        2290921 nvme1n1 WS   1013053184 131072   20.996
12:58:26.155 python3        2290921 nvme1n1 WS   1013053440 131072   21.130
12:58:26.155 python3        2290921 nvme1n1 WS   1013053696 131072   21.220
12:58:26.155 python3        2290921 nvme1n1 WS   1013053952 131072   21.294
12:58:26.156 python3        2290921 nvme1n1 WS   1013054208 131072   21.371
12:58:26.156 python3        2290921 nvme1n1 WS   1013054464 131072   21.446
12:58:26.156 python3        2290921 nvme1n1 WS   1013054720 131072   21.526
12:58:26.156 python3        2290921 nvme1n1 WS   1013054976 131072   21.600
12:58:26.156 python3        2290921 nvme1n1 WS   1013055232 131072   21.654
12:58:26.156 python3        2290921 nvme1n1 WS   1013055488 131072   21.765
12:58:26.156 python3        2290921 nvme1n1 WS   1013055744 131072   21.842
12:58:26.156 python3        2290923 nvme1n1 WS   1013059584 131072   19.771
12:58:26.156 python3        2290923 nvme1n1 WS   1013059840 131072   19.838
12:58:26.156 python3        2290923 nvme1n1 WS   1013060096 131072   19.918
12:58:26.156 python3        2290923 nvme1n1 WS   1013060352 131072   19.991
12:58:26.156 python3        2290923 nvme1n1 WS   1013060608 131072   20.071
12:58:26.157 python3        2290923 nvme1n1 WS   1013060864 131072   20.157
12:58:26.157 python3        2290923 nvme1n1 WS   1013061120 131072   20.285
12:58:26.157 python3        2290923 nvme1n1 WS   1013061376 131072   20.388
12:58:26.157 python3        2290923 nvme1n1 WS   1013061632 131072   20.514
12:58:26.157 python3        2290923 nvme1n1 WS   1013061888 131072   20.591
12:58:26.157 python3        2290923 nvme1n1 WS   1013062144 131072   20.670
12:58:26.157 python3        2290923 nvme1n1 WS   1013062400 131072   20.743
12:58:26.157 python3        2290923 nvme1n1 WS   1013062656 131072   20.823
12:58:26.157 python3        2290923 nvme1n1 WS   1013062912 131072   20.952
12:58:26.157 python3        2290923 nvme1n1 WS   1013063168 131072   21.078
12:58:26.158 python3        2290923 nvme1n1 WS   1013063424 131072   21.184
12:58:26.158 python3        2290923 nvme1n1 WS   1013063680 131072   21.311
12:58:26.158 python3        2290923 nvme1n1 WS   1013063936 131072   21.436
12:58:26.158 python3        2290923 nvme1n1 WS   1013067776 131072   20.735
12:58:26.158 python3        2290923 nvme1n1 WS   1013068032 131072   20.862
12:58:26.158 python3        2290923 nvme1n1 WS   1013068288 131072   20.992
12:58:26.158 python3        2290923 nvme1n1 WS   1013068544 131072   21.129
12:58:26.159 python3        2290923 nvme1n1 WS   1013068800 131072   21.258
12:58:26.159 python3        2290923 nvme1n1 WS   1013069056 131072   21.345
12:58:26.159 python3        2290923 nvme1n1 WS   1013069312 131072   21.419
12:58:26.159 python3        2290923 nvme1n1 WS   1013069568 131072   21.464
12:58:26.159 python3        2290923 nvme1n1 WS   1013069824 131072   21.541
12:58:26.159 python3        2290923 nvme1n1 WS   1013070080 131072   21.619
12:58:26.159 python3        2290923 nvme1n1 WS   1013070336 131072   21.689
12:58:26.159 python3        2290923 nvme1n1 WS   1013070592 131072   21.766
12:58:26.159 python3        2290923 nvme1n1 WS   1013070848 131072   21.844
12:58:26.159 python3        2290923 nvme1n1 WS   1013071104 131072   21.922
12:58:26.159 python3        2290923 nvme1n1 WS   1013071360 131072   22.044
12:58:26.160 python3        2290923 nvme1n1 WS   1013071616 131072   22.153
12:58:26.160 python3        2290923 nvme1n1 WS   1013071872 131072   22.274
12:58:26.160 python3        2290923 nvme1n1 WS   1013072128 131072   22.399
12:58:26.160 python3        2290922 nvme1n1 WS   1013075968 131072   21.240
12:58:26.160 python3        2290922 nvme1n1 WS   1013076224 131072   21.366
12:58:26.160 python3        2290922 nvme1n1 WS   1013076480 131072   21.491
12:58:26.160 python3        2290922 nvme1n1 WS   1013076736 131072   21.616
12:58:26.160 python3        2290922 nvme1n1 WS   1013076992 131072   21.715
12:58:26.161 python3        2290922 nvme1n1 WS   1013077248 131072   21.792
12:58:26.161 python3        2290922 nvme1n1 WS   1013077504 131072   21.867
12:58:26.161 python3        2290922 nvme1n1 WS   1013077760 131072   21.915
12:58:26.161 python3        2290922 nvme1n1 WS   1013078016 131072   21.992
12:58:26.161 python3        2290922 nvme1n1 WS   1013078272 131072   22.065
12:58:26.161 python3        2290922 nvme1n1 WS   1013078528 131072   22.142
12:58:26.161 python3        2290922 nvme1n1 WS   1013078784 131072   22.227
12:58:26.161 python3        2290922 nvme1n1 WS   1013079040 131072   22.298
12:58:26.161 python3        2290922 nvme1n1 WS   1013079296 131072   22.358
12:58:26.161 python3        2290922 nvme1n1 WS   1013079552 131072   22.471
12:58:26.161 python3        2290922 nvme1n1 WS   1013079808 131072   22.559
12:58:26.161 python3        2290922 nvme1n1 WS   1013080064 131072   22.639
12:58:26.162 python3        2290922 nvme1n1 WS   1013080320 131072   22.715
12:58:26.162 python3        2290922 nvme1n1 WS   1013084160 131072   22.452
12:58:26.162 python3        2290922 nvme1n1 WS   1013084416 131072   22.520
12:58:26.162 python3        2290922 nvme1n1 WS   1013084672 131072   22.590
12:58:26.162 python3        2290922 nvme1n1 WS   1013084928 131072   22.662
12:58:26.162 python3        2290922 nvme1n1 WS   1013085184 131072   22.733
12:58:26.162 python3        2290922 nvme1n1 WS   1013085440 131072   22.809
12:58:26.162 python3        2290922 nvme1n1 WS   1013085696 131072   22.920
12:58:26.162 python3        2290922 nvme1n1 WS   1013085952 131072   22.971
12:58:26.162 python3        2290922 nvme1n1 WS   1013086208 131072   23.046
12:58:26.162 python3        2290922 nvme1n1 WS   1013086464 131072   23.122
12:58:26.162 python3        2290922 nvme1n1 WS   1013086720 131072   23.197
12:58:26.163 python3        2290922 nvme1n1 WS   1013086976 131072   23.275
12:58:26.163 python3        2290922 nvme1n1 WS   1013087232 131072   23.351
12:58:26.163 python3        2290922 nvme1n1 WS   1013087488 131072   23.429
12:58:26.163 python3        2290922 nvme1n1 WS   1013087744 131072   23.508
12:58:26.163 python3        2290922 nvme1n1 WS   1013088000 131072   23.556
12:58:26.163 python3        2290922 nvme1n1 WS   1013088256 131072   23.631
12:58:26.163 python3        2290922 nvme1n1 WS   1013088512 131072   23.708
12:58:26.163 python3        2290920 nvme1n1 WS   1013092352 131072   21.622
12:58:26.163 python3        2290920 nvme1n1 WS   1013092608 131072   21.689
12:58:26.163 python3        2290920 nvme1n1 WS   1013092864 131072   21.767
12:58:26.163 python3        2290920 nvme1n1 WS   1013093120 131072   21.841
12:58:26.163 python3        2290920 nvme1n1 WS   1013093376 131072   21.916
12:58:26.163 python3        2290920 nvme1n1 WS   1013093632 131072   21.988
12:58:26.164 python3        2290920 nvme1n1 WS   1013093888 131072   22.063
12:58:26.164 python3        2290920 nvme1n1 WS   1013094144 131072   22.108
12:58:26.164 python3        2290920 nvme1n1 WS   1013094400 131072   22.184
12:58:26.164 python3        2290920 nvme1n1 WS   1013094656 131072   22.263
12:58:26.164 python3        2290920 nvme1n1 WS   1013094912 131072   22.324
12:58:26.164 python3        2290920 nvme1n1 WS   1013095168 131072   22.411
12:58:26.164 python3        2290920 nvme1n1 WS   1013095424 131072   22.537
12:58:26.164 python3        2290920 nvme1n1 WS   1013095680 131072   22.661
12:58:26.164 python3        2290920 nvme1n1 WS   1013095936 131072   22.787
12:58:26.164 python3        2290920 nvme1n1 WS   1013096192 131072   22.897
12:58:26.165 python3        2290920 nvme1n1 WS   1013096448 131072   23.041
12:58:26.165 python3        2290920 nvme1n1 WS   1013096704 131072   23.180
12:58:26.165 python3        2290920 nvme1n1 WS   1013100544 131072   22.575
12:58:26.165 python3        2290920 nvme1n1 WS   1013100800 131072   22.696
12:58:26.165 python3        2290920 nvme1n1 WS   1013101056 131072   22.822
12:58:26.165 python3        2290920 nvme1n1 WS   1013101312 131072   22.927
12:58:26.165 python3        2290920 nvme1n1 WS   1013101568 131072   23.003
12:58:26.166 python3        2290920 nvme1n1 WS   1013101824 131072   23.075
12:58:26.166 python3        2290920 nvme1n1 WS   1013102080 131072   23.152
12:58:26.166 python3        2290920 nvme1n1 WS   1013102336 131072   23.201
12:58:26.166 python3        2290920 nvme1n1 WS   1013102592 131072   23.279
12:58:26.166 python3        2290920 nvme1n1 WS   1013102848 131072   23.356
12:58:26.166 python3        2290920 nvme1n1 WS   1013103104 131072   23.429
12:58:26.166 python3        2290920 nvme1n1 WS   1013103360 131072   23.513
12:58:26.166 python3        2290920 nvme1n1 WS   1013103616 131072   23.628
12:58:26.166 python3        2290920 nvme1n1 WS   1013103872 131072   23.750
12:58:26.166 python3        2290920 nvme1n1 WS   1013104128 131072   23.880
12:58:26.166 python3        2290920 nvme1n1 WS   1013104384 131072   23.984
12:58:26.167 python3        2290920 nvme1n1 WS   1013104640 131072   24.109
12:58:26.167 python3        2290920 nvme1n1 WS   1013104896 131072   24.234
12:58:26.167 python3        2290920 nvme1n1 WS   1013108736 131072   22.856
12:58:26.167 python3        2290920 nvme1n1 WS   1013108992 131072   22.920
12:58:26.167 python3        2290920 nvme1n1 WS   1013109248 131072   22.992
12:58:26.167 python3        2290920 nvme1n1 WS   1013109504 131072   23.066
12:58:26.167 python3        2290920 nvme1n1 WS   1013109760 131072   23.145
12:58:26.167 python3        2290920 nvme1n1 WS   1013110016 131072   23.221
12:58:26.167 python3        2290920 nvme1n1 WS   1013110272 131072   23.300
12:58:26.167 python3        2290920 nvme1n1 WS   1013110528 131072   23.311
12:58:26.167 python3        2290920 nvme1n1 WS   1013110784 131072   23.372
12:58:26.168 python3        2290920 nvme1n1 WS   1013111040 131072   23.438
12:58:26.168 python3        2290920 nvme1n1 WS   1013111296 131072   23.565
12:58:26.168 python3        2290920 nvme1n1 WS   1013111552 131072   23.692
12:58:26.168 python3        2290920 nvme1n1 WS   1013111808 131072   23.819
12:58:26.168 python3        2290920 nvme1n1 WS   1013112064 131072   23.928
12:58:26.168 python3        2290920 nvme1n1 WS   1013112320 131072   24.039
12:58:26.168 python3        2290920 nvme1n1 WS   1013112576 131072   24.097
12:58:26.168 python3        2290922 nvme1n1 WS   1013116928 131072   23.929
12:58:26.168 python3        2290922 nvme1n1 WS   1013117184 131072   23.997
12:58:26.168 python3        2290922 nvme1n1 WS   1013117440 131072   24.074
12:58:26.168 python3        2290922 nvme1n1 WS   1013117696 131072   24.152
12:58:26.169 python3        2290922 nvme1n1 WS   1013117952 131072   24.226
12:58:26.169 python3        2290922 nvme1n1 WS   1013118208 131072   24.298
12:58:26.169 python3        2290922 nvme1n1 WS   1013118464 131072   24.370
12:58:26.169 python3        2290922 nvme1n1 WS   1013118720 131072   24.421
12:58:26.169 python3        2290922 nvme1n1 WS   1013118976 131072   24.488
12:58:26.169 python3        2290922 nvme1n1 WS   1013119232 131072   24.592
12:58:26.169 python3        2290922 nvme1n1 WS   1013119488 131072   24.672
12:58:26.169 python3        2290922 nvme1n1 WS   1013119744 131072   24.726
12:58:26.169 python3        2290920 nvme1n1 WS   1013112832 131072   25.157
12:58:26.169 python3        2290920 nvme1n1 WS   1013113088 131072   25.221
12:58:26.169 python3        2290922 nvme1n1 WS   1013120000 131072   24.962
12:58:26.169 python3        2290922 nvme1n1 WS   1013120256 131072   25.043
12:58:26.170 python3        2290922 nvme1n1 WS   1013120512 131072   25.122
12:58:26.170 python3        2290922 nvme1n1 WS   1013120768 131072   25.177
12:58:26.170 python3        2290922 nvme1n1 WS   1013121024 131072   25.253
12:58:26.170 python3        2290922 nvme1n1 WS   1013121280 131072   25.332
12:58:26.170 python3        2290922 nvme1n1 WS   1013125120 131072   23.513
12:58:26.170 python3        2290922 nvme1n1 WS   1013125376 131072   23.587
12:58:26.170 python3        2290922 nvme1n1 WS   1013125632 131072   23.663
12:58:26.170 python3        2290922 nvme1n1 WS   1013125888 131072   23.738
12:58:26.170 python3        2290922 nvme1n1 WS   1013126144 131072   23.819
12:58:26.170 python3        2290922 nvme1n1 WS   1013126400 131072   23.892
12:58:26.170 python3        2290922 nvme1n1 WS   1013126656 131072   23.972
12:58:26.170 python3        2290922 nvme1n1 WS   1013126912 131072   24.016
12:58:26.170 python3        2290922 nvme1n1 WS   1013127168 131072   24.113
12:58:26.171 python3        2290922 nvme1n1 WS   1013127424 131072   24.242
12:58:26.171 python3        2290922 nvme1n1 WS   1013127680 131072   24.369
12:58:26.171 python3        2290922 nvme1n1 WS   1013127936 131072   24.495
12:58:26.171 python3        2290922 nvme1n1 WS   1013128192 131072   24.625
12:58:26.171 python3        2290922 nvme1n1 WS   1013128448 131072   24.767
12:58:26.171 python3        2290922 nvme1n1 WS   1013128704 131072   24.909
12:58:26.171 python3        2290922 nvme1n1 WS   1013128960 131072   25.038
12:58:26.172 python3        2290923 nvme1n1 WS   1013133312 131072   24.250
12:58:26.172 python3        2290923 nvme1n1 WS   1013133568 131072   24.377
12:58:26.172 python3        2290923 nvme1n1 WS   1013133824 131072   24.477
12:58:26.172 python3        2290923 nvme1n1 WS   1013134080 131072   24.550
12:58:26.172 python3        2290923 nvme1n1 WS   1013134336 131072   24.630
12:58:26.172 python3        2290923 nvme1n1 WS   1013134592 131072   24.706
12:58:26.172 python3        2290923 nvme1n1 WS   1013134848 131072   24.782
12:58:26.172 python3        2290923 nvme1n1 WS   1013135104 131072   24.836
12:58:26.172 python3        2290923 nvme1n1 WS   1013135360 131072   24.913
12:58:26.172 python3        2290923 nvme1n1 WS   1013135616 131072   24.991
12:58:26.172 python3        2290923 nvme1n1 WS   1013135872 131072   25.071
12:58:26.173 python3        2290923 nvme1n1 WS   1013136128 131072   25.152
12:58:26.173 python3        2290922 nvme1n1 WS   1013129216 131072   26.248
12:58:26.173 python3        2290922 nvme1n1 WS   1013129472 131072   26.326
12:58:26.173 python3        2290923 nvme1n1 WS   1013136384 131072   25.398
12:58:26.173 python3        2290923 nvme1n1 WS   1013136640 131072   25.468
12:58:26.173 python3        2290923 nvme1n1 WS   1013136896 131072   25.543
12:58:26.173 python3        2290923 nvme1n1 WS   1013137152 131072   25.600
12:58:26.173 python3        2290923 nvme1n1 WS   1013137408 131072   25.678
12:58:26.173 python3        2290923 nvme1n1 WS   1013137664 131072   25.753
12:58:26.173 python3        2290921 nvme1n1 WS   1013141504 131072   23.498
12:58:26.173 python3        2290921 nvme1n1 WS   1013141760 131072   23.600
12:58:26.174 python3        2290921 nvme1n1 WS   1013142016 131072   23.717
12:58:26.174 python3        2290921 nvme1n1 WS   1013142272 131072   23.797
12:58:26.174 python3        2290921 nvme1n1 WS   1013142528 131072   23.957
12:58:26.174 python3        2290921 nvme1n1 WS   1013142784 131072   24.077
12:58:26.174 python3        2290921 nvme1n1 WS   1013143040 131072   24.203
12:58:26.174 python3        2290921 nvme1n1 WS   1013143296 131072   24.300
12:58:26.174 python3        2290921 nvme1n1 WS   1013143552 131072   24.425
12:58:26.174 python3        2290921 nvme1n1 WS   1013143808 131072   24.555
12:58:26.175 python3        2290921 nvme1n1 WS   1013144064 131072   24.693
12:58:26.175 python3        2290921 nvme1n1 WS   1013144320 131072   24.829
12:58:26.175 python3        2290923 nvme1n1 WS   1013149696 131072   24.755
12:58:26.175 python3        2290923 nvme1n1 WS   1013149952 131072   24.877
12:58:26.175 python3        2290923 nvme1n1 WS   1013150208 131072   24.991
12:58:26.175 python3        2290923 nvme1n1 WS   1013150464 131072   25.066
12:58:26.175 python3        2290921 nvme1n1 WS   1013144576 131072   25.385
12:58:26.175 python3        2290921 nvme1n1 WS   1013144832 131072   25.465
12:58:26.175 python3        2290921 nvme1n1 WS   1013145088 131072   25.539
12:58:26.176 python3        2290921 nvme1n1 WS   1013145344 131072   25.588
12:58:26.176 python3        2290921 nvme1n1 WS   1013145600 131072   25.664
12:58:26.176 python3        2290921 nvme1n1 WS   1013145856 131072   25.740
12:58:26.176 python3        2290923 nvme1n1 WS   1013150720 131072   25.636
12:58:26.176 python3        2290923 nvme1n1 WS   1013150976 131072   25.708
12:58:26.176 python3        2290923 nvme1n1 WS   1013151232 131072   25.781
12:58:26.176 python3        2290923 nvme1n1 WS   1013151488 131072   25.831
12:58:26.176 python3        2290923 nvme1n1 WS   1013151744 131072   25.903
12:58:26.176 python3        2290923 nvme1n1 WS   1013152000 131072   25.974
12:58:26.176 python3        2290923 nvme1n1 WS   1013152256 131072   26.048
12:58:26.176 python3        2290923 nvme1n1 WS   1013152512 131072   26.123
12:58:26.176 python3        2290923 nvme1n1 WS   1013152768 131072   26.201
12:58:26.176 python3        2290923 nvme1n1 WS   1013153024 131072   26.277
12:58:26.177 python3        2290923 nvme1n1 WS   1013153280 131072   26.349
12:58:26.177 python3        2290923 nvme1n1 WS   1013153536 131072   26.405
12:58:26.177 python3        2290923 nvme1n1 WS   1013153792 131072   26.495
12:58:26.177 python3        2290923 nvme1n1 WS   1013154048 131072   26.562
12:58:26.177 python3        2290921 nvme1n1 WS   1013157888 131072   24.601
12:58:26.177 python3        2290921 nvme1n1 WS   1013158144 131072   24.704
12:58:26.177 python3        2290921 nvme1n1 WS   1013158400 131072   24.826
12:58:26.177 python3        2290921 nvme1n1 WS   1013158656 131072   24.954
12:58:26.177 python3        2290921 nvme1n1 WS   1013158912 131072   25.074
12:58:26.177 python3        2290921 nvme1n1 WS   1013159168 131072   25.199
12:58:26.178 python3        2290921 nvme1n1 WS   1013159424 131072   25.331
12:58:26.178 python3        2290921 nvme1n1 WS   1013159680 131072   25.446
12:58:26.178 python3        2290921 nvme1n1 WS   1013159936 131072   25.588
12:58:26.178 python3        2290921 nvme1n1 WS   1013160192 131072   25.727
12:58:26.178 python3        2290921 nvme1n1 WS   1013160448 131072   25.868
12:58:26.178 python3        2290921 nvme1n1 WS   1013160704 131072   25.994
12:58:26.178 python3        2290921 nvme1n1 WS   1013160960 131072   26.121
12:58:26.179 python3        2290921 nvme1n1 WS   1013161216 131072   26.202
12:58:26.179 python3        2290921 nvme1n1 WS   1013161472 131072   26.278
12:58:26.179 python3        2290921 nvme1n1 WS   1013161728 131072   26.333
12:58:26.179 python3        2290921 nvme1n1 WS   1013161984 131072   26.411
12:58:26.179 python3        2290921 nvme1n1 WS   1013162240 131072   26.492
12:58:26.179 python3        2290921 nvme1n1 WS   1013166080 131072   24.794
12:58:26.179 python3        2290921 nvme1n1 WS   1013166336 131072   24.867
12:58:26.179 python3        2290921 nvme1n1 WS   1013166592 131072   24.940
12:58:26.179 python3        2290921 nvme1n1 WS   1013166848 131072   25.028
12:58:26.179 python3        2290921 nvme1n1 WS   1013167104 131072   25.095
12:58:26.179 python3        2290921 nvme1n1 WS   1013167360 131072   25.178
12:58:26.179 python3        2290921 nvme1n1 WS   1013167616 131072   25.255
12:58:26.180 python3        2290921 nvme1n1 WS   1013167872 131072   25.307
12:58:26.180 python3        2290921 nvme1n1 WS   1013168128 131072   25.383
12:58:26.180 python3        2290921 nvme1n1 WS   1013168384 131072   25.458
12:58:26.180 python3        2290921 nvme1n1 WS   1013168640 131072   25.531
12:58:26.180 python3        2290921 nvme1n1 WS   1013168896 131072   25.604
12:58:26.180 python3        2290921 nvme1n1 WS   1013169152 131072   25.719
12:58:26.180 python3        2290921 nvme1n1 WS   1013169408 131072   25.784
12:58:26.180 python3        2290921 nvme1n1 WS   1013169664 131072   25.858
12:58:26.180 python3        2290921 nvme1n1 WS   1013169920 131072   25.917
12:58:26.180 python3        2290921 nvme1n1 WS   1013170176 131072   25.992
12:58:26.180 python3        2290921 nvme1n1 WS   1013170432 131072   26.067
12:58:26.180 python3        2290920 nvme1n1 WS   1013174272 131072   24.721
12:58:26.180 python3        2290920 nvme1n1 WS   1013174528 131072   24.785
12:58:26.181 python3        2290920 nvme1n1 WS   1013174784 131072   24.872
12:58:26.181 python3        2290920 nvme1n1 WS   1013175040 131072   24.999
12:58:26.181 python3        2290920 nvme1n1 WS   1013175296 131072   25.127
12:58:26.181 python3        2290920 nvme1n1 WS   1013175552 131072   25.251
12:58:26.181 python3        2290920 nvme1n1 WS   1013175808 131072   25.383
12:58:26.181 python3        2290920 nvme1n1 WS   1013176064 131072   25.505
12:58:26.181 python3        2290920 nvme1n1 WS   1013176320 131072   25.642
12:58:26.182 python3        2290920 nvme1n1 WS   1013176576 131072   25.782
12:58:26.182 python3        2290920 nvme1n1 WS   1013176832 131072   25.912
12:58:26.182 python3        2290920 nvme1n1 WS   1013177088 131072   26.029
12:58:26.182 python3        2290920 nvme1n1 WS   1013177344 131072   26.111
12:58:26.182 python3        2290920 nvme1n1 WS   1013177600 131072   26.194
12:58:26.182 python3        2290920 nvme1n1 WS   1013177856 131072   26.268
12:58:26.182 python3        2290920 nvme1n1 WS   1013178112 131072   26.333
12:58:26.182 python3        2290920 nvme1n1 WS   1013178368 131072   26.409
12:58:26.182 python3        2290920 nvme1n1 WS   1013178624 131072   26.490
12:58:26.182 python3        2290921 nvme1n1 WS   1013182464 131072   24.964
12:58:26.182 python3        2290921 nvme1n1 WS   1013182720 131072   25.038
12:58:26.183 python3        2290921 nvme1n1 WS   1013182976 131072   25.119
12:58:26.183 python3        2290921 nvme1n1 WS   1013183232 131072   25.189
12:58:26.183 python3        2290921 nvme1n1 WS   1013183488 131072   25.263
12:58:26.183 python3        2290921 nvme1n1 WS   1013183744 131072   25.342
12:58:26.183 python3        2290921 nvme1n1 WS   1013184000 131072   25.419
12:58:26.183 python3        2290921 nvme1n1 WS   1013184256 131072   25.473
12:58:26.183 python3        2290921 nvme1n1 WS   1013184512 131072   25.553
12:58:26.183 python3        2290921 nvme1n1 WS   1013184768 131072   25.630
12:58:26.183 python3        2290921 nvme1n1 WS   1013185024 131072   25.704
12:58:26.183 python3        2290921 nvme1n1 WS   1013185280 131072   25.775
12:58:26.183 python3        2290921 nvme1n1 WS   1013185536 131072   25.855
12:58:26.183 python3        2290921 nvme1n1 WS   1013185792 131072   25.931
12:58:26.184 python3        2290921 nvme1n1 WS   1013186048 131072   26.008
12:58:26.184 python3        2290921 nvme1n1 WS   1013186304 131072   26.054
12:58:26.184 python3        2290921 nvme1n1 WS   1013194752 131072   26.172
12:58:26.184 python3        2290921 nvme1n1 WS   1013195008 131072   26.299
12:58:26.184 python3        2290923 nvme1n1 WS   1013198848 131072   25.072
12:58:26.184 python3        2290923 nvme1n1 WS   1013199104 131072   25.194
12:58:26.184 python3        2290923 nvme1n1 WS   1013199360 131072   25.319
12:58:26.184 python3        2290923 nvme1n1 WS   1013199616 131072   25.445
12:58:26.184 python3        2290923 nvme1n1 WS   1013199872 131072   25.575
12:58:26.185 python3        2290923 nvme1n1 WS   1013200128 131072   25.698
12:58:26.185 python3        2290923 nvme1n1 WS   1013200384 131072   25.832
12:58:26.185 python3        2290923 nvme1n1 WS   1013200640 131072   25.861
12:58:26.185 python3        2290923 nvme1n1 WS   1013200896 131072   25.934
12:58:26.185 python3        2290923 nvme1n1 WS   1013201152 131072   26.010
12:58:26.185 python3        2290923 nvme1n1 WS   1013207040 131072   24.023
12:58:26.185 python3        2290923 nvme1n1 WS   1013207296 131072   24.094
12:58:26.185 python3        2290923 nvme1n1 WS   1013207552 131072   24.173
12:58:26.185 python3        2290923 nvme1n1 WS   1013207808 131072   24.250
12:58:26.185 python3        2290923 nvme1n1 WS   1013208064 131072   24.325
12:58:26.186 python3        2290923 nvme1n1 WS   1013208320 131072   24.401
12:58:26.186 python3        2290923 nvme1n1 WS   1013208576 131072   24.473
12:58:26.186 python3        2290923 nvme1n1 WS   1013208832 131072   24.515
12:58:26.186 python3        2290923 nvme1n1 WS   1013209088 131072   24.596
12:58:26.186 python3        2290923 nvme1n1 WS   1013209344 131072   24.668
12:58:26.186 python3        2290923 nvme1n1 WS   1013209600 131072   24.780
12:58:26.186 python3        2290923 nvme1n1 WS   1013209856 131072   24.857
12:58:26.186 python3        2290923 nvme1n1 WS   1013201408 131072   27.096
12:58:26.186 python3        2290923 nvme1n1 WS   1013201664 131072   27.168
12:58:26.186 python3        2290923 nvme1n1 WS   1013201920 131072   27.248
12:58:26.186 python3        2290923 nvme1n1 WS   1013202176 131072   27.322
12:58:26.186 python3        2290923 nvme1n1 WS   1013210112 131072   25.269
12:58:26.187 python3        2290923 nvme1n1 WS   1013210368 131072   25.346
12:58:26.187 python3        2290923 nvme1n1 WS   1013210624 131072   25.420
12:58:26.187 python3        2290923 nvme1n1 WS   1013210880 131072   25.479
12:58:26.187 python3        2290923 nvme1n1 WS   1013211136 131072   25.560
12:58:26.187 python3        2290923 nvme1n1 WS   1013211392 131072   25.688
12:58:26.187 python3        2290923 nvme1n1 WS   1013202432 131072   27.984
12:58:26.187 python3        2290923 nvme1n1 WS   1013202688 131072   28.096
12:58:26.187 python3        2290923 nvme1n1 WS   1013202944 131072   28.213
12:58:26.187 python3        2290923 nvme1n1 WS   1013203200 131072   28.343
12:58:26.188 python3        2290922 nvme1n1 WS   1013215232 131072   24.669
12:58:26.188 python3        2290922 nvme1n1 WS   1013215488 131072   24.808
12:58:26.188 python3        2290922 nvme1n1 WS   1013215744 131072   24.944
12:58:26.188 python3        2290922 nvme1n1 WS   1013216000 131072   25.085
12:58:26.188 python3        2290922 nvme1n1 WS   1013216256 131072   25.211
12:58:26.188 python3        2290922 nvme1n1 WS   1013216512 131072   25.319
12:58:26.188 python3        2290922 nvme1n1 WS   1013216768 131072   25.396
12:58:26.188 python3        2290922 nvme1n1 WS   1013217024 131072   25.443
12:58:26.188 python3        2290922 nvme1n1 WS   1013217280 131072   25.518
12:58:26.189 python3        2290922 nvme1n1 WS   1013217536 131072   25.595
12:58:26.189 python3        2290922 nvme1n1 WS   1013217792 131072   25.668
12:58:26.189 python3        2290922 nvme1n1 WS   1013218048 131072   25.741
12:58:26.189 python3        2290922 nvme1n1 WS   1013218304 131072   25.818
12:58:26.189 python3        2290922 nvme1n1 WS   1013218560 131072   25.871
12:58:26.189 python3        2290922 nvme1n1 WS   1013218816 131072   25.952
12:58:26.189 python3        2290922 nvme1n1 WS   1013219072 131072   26.008
12:58:26.189 python3        2290922 nvme1n1 WS   1013219328 131072   26.082
12:58:26.189 python3        2290922 nvme1n1 WS   1013219584 131072   26.161
12:58:26.189 python3        2290922 nvme1n1 WS   1013223424 131072   25.325
12:58:26.189 python3        2290922 nvme1n1 WS   1013223680 131072   25.396
12:58:26.189 python3        2290922 nvme1n1 WS   1013223936 131072   25.475
12:58:26.189 python3        2290922 nvme1n1 WS   1013224192 131072   25.550
12:58:26.190 python3        2290922 nvme1n1 WS   1013224448 131072   25.626
12:58:26.190 python3        2290922 nvme1n1 WS   1013224704 131072   25.700
12:58:26.190 python3        2290922 nvme1n1 WS   1013224960 131072   25.783
12:58:26.190 python3        2290922 nvme1n1 WS   1013225216 131072   25.799
12:58:26.190 python3        2290922 nvme1n1 WS   1013225472 131072   25.882
12:58:26.190 python3        2290922 nvme1n1 WS   1013225728 131072   25.967
12:58:26.190 python3        2290922 nvme1n1 WS   1013225984 131072   26.066
12:58:26.190 python3        2290922 nvme1n1 WS   1013226240 131072   26.155
12:58:26.190 python3        2290922 nvme1n1 WS   1013226496 131072   26.234
12:58:26.190 python3        2290922 nvme1n1 WS   1013226752 131072   26.346
12:58:26.191 python3        2290920 nvme1n1 WS   1013231616 131072   24.859
12:58:26.191 python3        2290920 nvme1n1 WS   1013231872 131072   24.979
12:58:26.191 python3        2290920 nvme1n1 WS   1013232128 131072   25.104
12:58:26.191 python3        2290920 nvme1n1 WS   1013232384 131072   25.230
12:58:26.191 python3        2290920 nvme1n1 WS   1013232640 131072   25.362
12:58:26.191 python3        2290920 nvme1n1 WS   1013232896 131072   25.500
12:58:26.191 python3        2290920 nvme1n1 WS   1013233152 131072   25.645
12:58:26.191 python3        2290920 nvme1n1 WS   1013233408 131072   25.759
12:58:26.192 python3        2290920 nvme1n1 WS   1013233664 131072   25.906
12:58:26.192 python3        2290920 nvme1n1 WS   1013233920 131072   26.041
12:58:26.192 python3        2290920 nvme1n1 WS   1013234176 131072   26.167
12:58:26.192 python3        2290920 nvme1n1 WS   1013234432 131072   26.259
12:58:26.192 python3        2290922 nvme1n1 WS   1013227008 131072   28.029
12:58:26.192 python3        2290922 nvme1n1 WS   1013227264 131072   28.076
12:58:26.192 python3        2290922 nvme1n1 WS   1013227520 131072   28.190
12:58:26.192 python3        2290922 nvme1n1 WS   1013227776 131072   28.262
12:58:26.192 python3        2290920 nvme1n1 WS   1013234688 131072   26.683
12:58:26.192 python3        2290920 nvme1n1 WS   1013234944 131072   26.762
12:58:26.193 python3        2290920 nvme1n1 WS   1013235200 131072   26.842
12:58:26.193 python3        2290920 nvme1n1 WS   1013235456 131072   26.900
12:58:26.193 python3        2290920 nvme1n1 WS   1013235712 131072   26.979
12:58:26.193 python3        2290920 nvme1n1 WS   1013235968 131072   27.055
12:58:26.193 python3        2290920 nvme1n1 WS   1013239808 131072   25.373
12:58:26.193 python3        2290920 nvme1n1 WS   1013240064 131072   25.443
12:58:26.193 python3        2290920 nvme1n1 WS   1013240320 131072   25.518
12:58:26.193 python3        2290920 nvme1n1 WS   1013240576 131072   25.597
12:58:26.193 python3        2290920 nvme1n1 WS   1013240832 131072   25.674
12:58:26.193 python3        2290920 nvme1n1 WS   1013241088 131072   25.749
12:58:26.193 python3        2290920 nvme1n1 WS   1013241344 131072   25.827
12:58:26.193 python3        2290920 nvme1n1 WS   1013241600 131072   25.868
12:58:26.194 python3        2290920 nvme1n1 WS   1013241856 131072   25.943
12:58:26.194 python3        2290920 nvme1n1 WS   1013242112 131072   26.022
12:58:26.194 python3        2290920 nvme1n1 WS   1013242368 131072   26.132
12:58:26.194 python3        2290920 nvme1n1 WS   1013242624 131072   26.256
12:58:26.194 python3        2290920 nvme1n1 WS   1013242880 131072   26.380
12:58:26.194 python3        2290920 nvme1n1 WS   1013243136 131072   26.491
12:58:26.194 python3        2290920 nvme1n1 WS   1013243392 131072   26.565
12:58:26.194 python3        2290920 nvme1n1 WS   1013243648 131072   26.626
12:58:26.194 python3        2290920 nvme1n1 WS   1013243904 131072   26.704
12:58:26.194 python3        2290920 nvme1n1 WS   1013244160 131072   26.782
12:58:26.195 python3        2290920 nvme1n1 WS   1013248000 131072   23.770
12:58:26.195 python3        2290920 nvme1n1 WS   1013248256 131072   23.888
12:58:26.195 python3        2290920 nvme1n1 WS   1013248512 131072   23.971
12:58:26.195 python3        2290920 nvme1n1 WS   1013248768 131072   24.050
12:58:26.195 python3        2290920 nvme1n1 WS   1013249024 131072   24.119
12:58:26.195 python3        2290920 nvme1n1 WS   1013249280 131072   24.196
12:58:26.195 python3        2290920 nvme1n1 WS   1013249536 131072   24.277
12:58:26.195 python3        2290920 nvme1n1 WS   1013249792 131072   24.327
12:58:26.195 python3        2290920 nvme1n1 WS   1013250048 131072   24.399
12:58:26.195 python3        2290920 nvme1n1 WS   1013250304 131072   24.479
12:58:26.195 python3        2290920 nvme1n1 WS   1013250560 131072   24.586
12:58:26.196 python3        2290920 nvme1n1 WS   1013250816 131072   24.711
12:58:26.196 python3        2290920 nvme1n1 WS   1013251072 131072   24.836
12:58:26.196 python3        2290920 nvme1n1 WS   1013251328 131072   24.920
12:58:26.196 python3        2290920 nvme1n1 WS   1013251584 131072   24.995
12:58:26.196 python3        2290920 nvme1n1 WS   1013251840 131072   25.047
12:58:26.196 python3        2290920 nvme1n1 WS   1013252096 131072   25.126
12:58:26.196 python3        2290922 nvme1n1 WS   1013256192 131072   25.127
12:58:26.196 python3        2290922 nvme1n1 WS   1013256448 131072   25.198
12:58:26.196 python3        2290922 nvme1n1 WS   1013256704 131072   25.280
12:58:26.196 python3        2290922 nvme1n1 WS   1013256960 131072   25.353
12:58:26.196 python3        2290920 nvme1n1 WS   1013252352 131072   25.526
12:58:26.196 python3        2290922 nvme1n1 WS   1013257216 131072   25.502
12:58:26.197 python3        2290922 nvme1n1 WS   1013257472 131072   25.576
12:58:26.197 python3        2290922 nvme1n1 WS   1013257728 131072   25.640
12:58:26.197 python3        2290922 nvme1n1 WS   1013257984 131072   25.688
12:58:26.197 python3        2290922 nvme1n1 WS   1013258240 131072   25.811
12:58:26.197 python3        2290922 nvme1n1 WS   1013258496 131072   25.935
12:58:26.197 python3        2290922 nvme1n1 WS   1013258752 131072   26.064
12:58:26.197 python3        2290922 nvme1n1 WS   1013259008 131072   26.183
12:58:26.197 python3        2290922 nvme1n1 WS   1013259264 131072   26.311
12:58:26.197 python3        2290922 nvme1n1 WS   1013259520 131072   26.452
12:58:26.198 python3        2290922 nvme1n1 WS   1013259776 131072   26.594
12:58:26.198 python3        2290922 nvme1n1 WS   1013260032 131072   26.714
12:58:26.198 python3        2290922 nvme1n1 WS   1013260288 131072   26.856
12:58:26.198 python3        2290922 nvme1n1 WS   1013260544 131072   26.999
12:58:26.198 python3        2290922 nvme1n1 WS   1013264384 131072   24.582
12:58:26.198 python3        2290922 nvme1n1 WS   1013264640 131072   24.728
12:58:26.199 python3        2290922 nvme1n1 WS   1013264896 131072   24.863
12:58:26.199 python3        2290922 nvme1n1 WS   1013265152 131072   24.995
12:58:26.199 python3        2290922 nvme1n1 WS   1013265408 131072   25.097
12:58:26.199 python3        2290922 nvme1n1 WS   1013265664 131072   25.166
12:58:26.199 python3        2290922 nvme1n1 WS   1013265920 131072   25.244
12:58:26.199 python3        2290922 nvme1n1 WS   1013266176 131072   25.296
12:58:26.199 python3        2290922 nvme1n1 WS   1013266432 131072   25.375
12:58:26.199 python3        2290922 nvme1n1 WS   1013266688 131072   25.450
12:58:26.199 python3        2290922 nvme1n1 WS   1013266944 131072   25.527
12:58:26.199 python3        2290922 nvme1n1 WS   1013267200 131072   25.607
12:58:26.199 python3        2290922 nvme1n1 WS   1013267456 131072   25.683
12:58:26.199 python3        2290922 nvme1n1 WS   1013267712 131072   25.760
12:58:26.200 python3        2290922 nvme1n1 WS   1013267968 131072   25.838
12:58:26.200 python3        2290922 nvme1n1 WS   1013268224 131072   25.900
12:58:26.200 python3        2290923 nvme1n1 WS   1013272576 131072   24.947
12:58:26.200 python3        2290923 nvme1n1 WS   1013272832 131072   25.016
12:58:26.200 python3        2290923 nvme1n1 WS   1013273088 131072   25.090
12:58:26.200 python3        2290923 nvme1n1 WS   1013273344 131072   25.167
12:58:26.200 python3        2290923 nvme1n1 WS   1013273600 131072   25.246
12:58:26.200 python3        2290923 nvme1n1 WS   1013273856 131072   25.323
12:58:26.200 python3        2290923 nvme1n1 WS   1013274112 131072   25.406
12:58:26.200 python3        2290923 nvme1n1 WS   1013274368 131072   25.467
12:58:26.200 python3        2290923 nvme1n1 WS   1013274624 131072   25.550
12:58:26.200 python3        2290923 nvme1n1 WS   1013274880 131072   25.622
12:58:26.201 python3        2290923 nvme1n1 WS   1013275136 131072   25.750
12:58:26.201 python3        2290923 nvme1n1 WS   1013275392 131072   25.877
12:58:26.201 python3        2290922 nvme1n1 WS   1013268480 131072   27.095
12:58:26.201 python3        2290922 nvme1n1 WS   1013268736 131072   27.221
12:58:26.201 python3        2290923 nvme1n1 WS   1013275648 131072   26.266
12:58:26.201 python3        2290923 nvme1n1 WS   1013275904 131072   26.381
12:58:26.201 python3        2290923 nvme1n1 WS   1013276160 131072   26.459
12:58:26.201 python3        2290923 nvme1n1 WS   1013276416 131072   26.526
12:58:26.201 python3        2290923 nvme1n1 WS   1013276672 131072   26.605
12:58:26.202 python3        2290923 nvme1n1 WS   1013276928 131072   26.684
12:58:26.202 python3        2290921 nvme1n1 WS   1013280768 131072   24.912
12:58:26.202 python3        2290921 nvme1n1 WS   1013281024 131072   24.987
12:58:26.202 python3        2290921 nvme1n1 WS   1013281280 131072   25.066
12:58:26.202 python3        2290921 nvme1n1 WS   1013281536 131072   25.139
12:58:26.202 python3        2290921 nvme1n1 WS   1013281792 131072   25.212
12:58:26.202 python3        2290921 nvme1n1 WS   1013282048 131072   25.294
12:58:26.202 python3        2290921 nvme1n1 WS   1013282304 131072   25.367
12:58:26.202 python3        2290921 nvme1n1 WS   1013282560 131072   25.402
12:58:26.202 python3        2290921 nvme1n1 WS   1013282816 131072   25.480
12:58:26.202 python3        2290921 nvme1n1 WS   1013283072 131072   25.555
12:58:26.202 python3        2290921 nvme1n1 WS   1013283328 131072   25.616
12:58:26.203 python3        2290921 nvme1n1 WS   1013283584 131072   25.678
12:58:26.203 python3        2290923 nvme1n1 WS   1013288960 131072   25.003
12:58:26.203 python3        2290923 nvme1n1 WS   1013289216 131072   25.084
12:58:26.203 python3        2290923 nvme1n1 WS   1013289472 131072   25.180
12:58:26.203 python3        2290923 nvme1n1 WS   1013289728 131072   25.260
12:58:26.203 python3        2290921 nvme1n1 WS   1013283840 131072   26.133
12:58:26.203 python3        2290921 nvme1n1 WS   1013284096 131072   26.206
12:58:26.203 python3        2290921 nvme1n1 WS   1013284352 131072   26.285
12:58:26.203 python3        2290921 nvme1n1 WS   1013284608 131072   26.368
12:58:26.203 python3        2290921 nvme1n1 WS   1013284864 131072   26.446
12:58:26.204 python3        2290921 nvme1n1 WS   1013285120 131072   26.526
12:58:26.204 python3        2290923 nvme1n1 WS   1013289984 131072   25.850
12:58:26.204 python3        2290923 nvme1n1 WS   1013290240 131072   25.973
12:58:26.204 python3        2290923 nvme1n1 WS   1013290496 131072   26.102
12:58:26.204 python3        2290923 nvme1n1 WS   1013290752 131072   26.209
12:58:26.204 python3        2290923 nvme1n1 WS   1013291008 131072   26.370
12:58:26.204 python3        2290923 nvme1n1 WS   1013291264 131072   26.499
12:58:26.204 python3        2290923 nvme1n1 WS   1013291520 131072   26.641
12:58:26.204 python3        2290923 nvme1n1 WS   1013291776 131072   26.783
12:58:26.205 python3        2290923 nvme1n1 WS   1013292032 131072   26.926
12:58:26.205 python3        2290923 nvme1n1 WS   1013292288 131072   27.058
12:58:26.205 python3        2290923 nvme1n1 WS   1013292544 131072   27.148
12:58:26.205 python3        2290923 nvme1n1 WS   1013292800 131072   27.220
12:58:26.205 python3        2290923 nvme1n1 WS   1013293056 131072   27.301
12:58:26.205 python3        2290923 nvme1n1 WS   1013293312 131072   27.376
12:58:26.205 python3        2290921 nvme1n1 WS   1013297152 131072   25.337
12:58:26.205 python3        2290921 nvme1n1 WS   1013297408 131072   25.416
12:58:26.205 python3        2290921 nvme1n1 WS   1013297664 131072   25.498
12:58:26.205 python3        2290921 nvme1n1 WS   1013297920 131072   25.572
12:58:26.205 python3        2290921 nvme1n1 WS   1013298176 131072   25.649
12:58:26.206 python3        2290921 nvme1n1 WS   1013298432 131072   25.732
12:58:26.206 python3        2290921 nvme1n1 WS   1013298688 131072   25.805
12:58:26.206 python3        2290921 nvme1n1 WS   1013298944 131072   25.867
12:58:26.206 python3        2290921 nvme1n1 WS   1013299200 131072   25.944
12:58:26.206 python3        2290921 nvme1n1 WS   1013299456 131072   26.017
12:58:26.206 python3        2290921 nvme1n1 WS   1013299712 131072   26.093
12:58:26.206 python3        2290921 nvme1n1 WS   1013299968 131072   26.168
12:58:26.206 python3        2290921 nvme1n1 WS   1013300224 131072   26.248
12:58:26.206 python3        2290921 nvme1n1 WS   1013300480 131072   26.333
12:58:26.206 python3        2290921 nvme1n1 WS   1013300736 131072   26.433
12:58:26.206 python3        2290921 nvme1n1 WS   1013300992 131072   26.501
12:58:26.206 python3        2290921 nvme1n1 WS   1013301248 131072   26.583
12:58:26.207 python3        2290921 nvme1n1 WS   1013301504 131072   26.661
12:58:26.207 python3        2290921 nvme1n1 WS   1013305344 131072   24.318
12:58:26.207 python3        2290921 nvme1n1 WS   1013305600 131072   24.438
12:58:26.207 python3        2290921 nvme1n1 WS   1013305856 131072   24.563
12:58:26.207 python3        2290921 nvme1n1 WS   1013306112 131072   24.687
12:58:26.207 python3        2290921 nvme1n1 WS   1013306368 131072   24.811
12:58:26.207 python3        2290921 nvme1n1 WS   1013306624 131072   24.937
12:58:26.207 python3        2290921 nvme1n1 WS   1013306880 131072   25.070
12:58:26.208 python3        2290921 nvme1n1 WS   1013307136 131072   25.186
12:58:26.208 python3        2290921 nvme1n1 WS   1013307392 131072   25.325
12:58:26.208 python3        2290921 nvme1n1 WS   1013307648 131072   25.467
12:58:26.208 python3        2290921 nvme1n1 WS   1013307904 131072   25.605
12:58:26.208 python3        2290921 nvme1n1 WS   1013308160 131072   25.734
12:58:26.208 python3        2290921 nvme1n1 WS   1013308416 131072   25.824
12:58:26.208 python3        2290921 nvme1n1 WS   1013308672 131072   25.895
12:58:26.208 python3        2290921 nvme1n1 WS   1013308928 131072   25.972
12:58:26.208 python3        2290921 nvme1n1 WS   1013309184 131072   26.029
12:58:26.209 python3        2290920 nvme1n1 WS   1013313536 131072   25.331
12:58:26.209 python3        2290920 nvme1n1 WS   1013313792 131072   25.402
12:58:26.209 python3        2290920 nvme1n1 WS   1013314048 131072   25.485
12:58:26.209 python3        2290920 nvme1n1 WS   1013314304 131072   25.560
12:58:26.209 python3        2290920 nvme1n1 WS   1013314560 131072   25.634
12:58:26.209 python3        2290920 nvme1n1 WS   1013314816 131072   25.713
12:58:26.209 python3        2290920 nvme1n1 WS   1013315072 131072   25.789
12:58:26.209 python3        2290920 nvme1n1 WS   1013315328 131072   25.832
12:58:26.209 python3        2290920 nvme1n1 WS   1013315584 131072   25.910
12:58:26.209 python3        2290920 nvme1n1 WS   1013315840 131072   25.983
12:58:26.209 python3        2290920 nvme1n1 WS   1013316096 131072   26.058
12:58:26.209 python3        2290920 nvme1n1 WS   1013316352 131072   26.139
12:58:26.210 python3        2290921 nvme1n1 WS   1013309440 131072   27.102
12:58:26.210 python3        2290921 nvme1n1 WS   1013309696 131072   27.226
12:58:26.210 python3        2290920 nvme1n1 WS   1013316608 131072   26.508
12:58:26.210 python3        2290920 nvme1n1 WS   1013316864 131072   26.588
12:58:26.210 python3        2290920 nvme1n1 WS   1013317120 131072   26.665
12:58:26.210 python3        2290920 nvme1n1 WS   1013317376 131072   26.728
12:58:26.210 python3        2290920 nvme1n1 WS   1013317632 131072   26.835
12:58:26.210 python3        2290920 nvme1n1 WS   1013317888 131072   26.916
12:58:26.210 python3        2290921 nvme1n1 WS   1013321728 131072   25.226
12:58:26.210 python3        2290921 nvme1n1 WS   1013321984 131072   25.286
12:58:26.210 python3        2290921 nvme1n1 WS   1013322240 131072   25.393
12:58:26.211 python3        2290921 nvme1n1 WS   1013322496 131072   25.520
12:58:26.211 python3        2290921 nvme1n1 WS   1013322752 131072   25.647
12:58:26.211 python3        2290921 nvme1n1 WS   1013323008 131072   25.772
12:58:26.211 python3        2290921 nvme1n1 WS   1013323264 131072   25.904
12:58:26.211 python3        2290921 nvme1n1 WS   1013323520 131072   26.024
12:58:26.211 python3        2290921 nvme1n1 WS   1013323776 131072   26.156
12:58:26.211 python3        2290921 nvme1n1 WS   1013324032 131072   26.291
12:58:26.212 python3        2290921 nvme1n1 WS   1013324288 131072   26.420
12:58:26.212 python3        2290921 nvme1n1 WS   1013324544 131072   26.517
12:58:26.212 python3        2290921 nvme1n1 WS   1013324800 131072   26.596
12:58:26.212 python3        2290921 nvme1n1 WS   1013325056 131072   26.678
12:58:26.212 python3        2290921 nvme1n1 WS   1013325312 131072   26.764
12:58:26.212 python3        2290921 nvme1n1 WS   1013325568 131072   26.832
12:58:26.212 python3        2290921 nvme1n1 WS   1013325824 131072   26.891
12:58:26.212 python3        2290921 nvme1n1 WS   1013326080 131072   26.970
12:58:26.212 python3        2290923 nvme1n1 WS   1013329920 131072   24.121
12:58:26.212 python3        2290923 nvme1n1 WS   1013330176 131072   24.196
12:58:26.212 python3        2290923 nvme1n1 WS   1013330432 131072   24.270
12:58:26.212 python3        2290923 nvme1n1 WS   1013330688 131072   24.342
12:58:26.213 python3        2290923 nvme1n1 WS   1013330944 131072   24.420
12:58:26.213 python3        2290923 nvme1n1 WS   1013331200 131072   24.499
12:58:26.213 python3        2290923 nvme1n1 WS   1013331456 131072   24.574
12:58:26.213 python3        2290923 nvme1n1 WS   1013331712 131072   24.626
12:58:26.213 python3        2290923 nvme1n1 WS   1013331968 131072   24.700
12:58:26.213 python3        2290923 nvme1n1 WS   1013332224 131072   24.776
12:58:26.213 python3        2290923 nvme1n1 WS   1013332480 131072   24.851
12:58:26.213 python3        2290923 nvme1n1 WS   1013332736 131072   24.925
12:58:26.213 python3        2290923 nvme1n1 WS   1013332992 131072   25.005
12:58:26.213 python3        2290923 nvme1n1 WS   1013333248 131072   25.051
12:58:26.213 python3        2290923 nvme1n1 WS   1013333504 131072   25.124
12:58:26.213 python3        2290923 nvme1n1 WS   1013333760 131072   25.187
12:58:26.213 python3        2290923 nvme1n1 WS   1013338112 131072   25.020
12:58:26.214 python3        2290923 nvme1n1 WS   1013338368 131072   25.076
12:58:26.214 python3        2290923 nvme1n1 WS   1013338624 131072   25.137
12:58:26.214 python3        2290923 nvme1n1 WS   1013338880 131072   25.247
12:58:26.214 python3        2290923 nvme1n1 WS   1013339136 131072   25.371
12:58:26.214 python3        2290923 nvme1n1 WS   1013339392 131072   25.502
12:58:26.214 python3        2290923 nvme1n1 WS   1013339648 131072   25.640
12:58:26.214 python3        2290923 nvme1n1 WS   1013339904 131072   25.758
12:58:26.214 python3        2290923 nvme1n1 WS   1013340160 131072   25.898
12:58:26.215 python3        2290923 nvme1n1 WS   1013340416 131072   26.037
12:58:26.215 python3        2290923 nvme1n1 WS   1013340672 131072   26.177
12:58:26.215 python3        2290923 nvme1n1 WS   1013340928 131072   26.318
12:58:26.215 python3        2290923 nvme1n1 WS   1013334016 131072   26.771
12:58:26.215 python3        2290923 nvme1n1 WS   1013334272 131072   26.915
12:58:26.215 python3        2290923 nvme1n1 WS   1013341184 131072   26.747
12:58:26.215 python3        2290923 nvme1n1 WS   1013341440 131072   26.857
12:58:26.215 python3        2290923 nvme1n1 WS   1013341696 131072   26.929
12:58:26.216 python3        2290923 nvme1n1 WS   1013341952 131072   26.990
12:58:26.216 python3        2290923 nvme1n1 WS   1013342208 131072   27.067
12:58:26.216 python3        2290923 nvme1n1 WS   1013342464 131072   27.152
12:58:26.216 python3        2290922 nvme1n1 WS   1013346304 131072   25.264
12:58:26.216 python3        2290922 nvme1n1 WS   1013346560 131072   25.340
12:58:26.216 python3        2290922 nvme1n1 WS   1013346816 131072   25.425
12:58:26.216 python3        2290922 nvme1n1 WS   1013347072 131072   25.493
12:58:26.216 python3        2290922 nvme1n1 WS   1013347328 131072   25.573
12:58:26.216 python3        2290922 nvme1n1 WS   1013347584 131072   25.651
12:58:26.216 python3        2290922 nvme1n1 WS   1013347840 131072   25.761
12:58:26.216 python3        2290922 nvme1n1 WS   1013348096 131072   25.812
12:58:26.216 python3        2290922 nvme1n1 WS   1013348352 131072   25.886
12:58:26.217 python3        2290922 nvme1n1 WS   1013348608 131072   25.967
12:58:26.217 python3        2290922 nvme1n1 WS   1013348864 131072   26.028
12:58:26.217 python3        2290922 nvme1n1 WS   1013349120 131072   26.109
12:58:26.217 python3        2290922 nvme1n1 WS   1013349376 131072   26.218
12:58:26.217 python3        2290922 nvme1n1 WS   1013349632 131072   26.292
12:58:26.217 python3        2290922 nvme1n1 WS   1013349888 131072   26.419
12:58:26.217 python3        2290922 nvme1n1 WS   1013350144 131072   26.529
12:58:26.217 python3        2290922 nvme1n1 WS   1013350400 131072   26.653
12:58:26.217 python3        2290922 nvme1n1 WS   1013350656 131072   26.781
12:58:26.218 python3        2290922 nvme1n1 WS   1013354496 131072   24.411
12:58:26.218 python3        2290922 nvme1n1 WS   1013354752 131072   24.552
12:58:26.218 python3        2290922 nvme1n1 WS   1013355008 131072   24.695
12:58:26.218 python3        2290922 nvme1n1 WS   1013355264 131072   24.835
12:58:26.218 python3        2290922 nvme1n1 WS   1013355520 131072   24.967
12:58:26.218 python3        2290922 nvme1n1 WS   1013355776 131072   25.096
12:58:26.218 python3        2290922 nvme1n1 WS   1013356032 131072   25.211
12:58:26.218 python3        2290922 nvme1n1 WS   1013356288 131072   25.265
12:58:26.219 python3        2290922 nvme1n1 WS   1013356544 131072   25.345
12:58:26.219 python3        2290922 nvme1n1 WS   1013356800 131072   25.421
12:58:26.219 python3        2290922 nvme1n1 WS   1013357056 131072   25.505
12:58:26.219 python3        2290922 nvme1n1 WS   1013357312 131072   25.586
12:58:26.219 python3        2290922 nvme1n1 WS   1013357568 131072   25.663
12:58:26.219 python3        2290922 nvme1n1 WS   1013357824 131072   25.747
12:58:26.219 python3        2290920 nvme1n1 WS   1013362688 131072   25.270
12:58:26.219 python3        2290920 nvme1n1 WS   1013362944 131072   25.343
12:58:26.219 python3        2290920 nvme1n1 WS   1013363200 131072   25.422
12:58:26.219 python3        2290920 nvme1n1 WS   1013363456 131072   25.501
12:58:26.219 python3        2290920 nvme1n1 WS   1013363712 131072   25.577
12:58:26.219 python3        2290920 nvme1n1 WS   1013363968 131072   25.653
12:58:26.220 python3        2290920 nvme1n1 WS   1013364224 131072   25.731
12:58:26.220 python3        2290920 nvme1n1 WS   1013364480 131072   25.774
12:58:26.220 python3        2290920 nvme1n1 WS   1013364736 131072   25.856
12:58:26.220 python3        2290920 nvme1n1 WS   1013364992 131072   25.935
12:58:26.220 python3        2290920 nvme1n1 WS   1013365248 131072   26.012
12:58:26.220 python3        2290920 nvme1n1 WS   1013365504 131072   26.083
12:58:26.220 python3        2290922 nvme1n1 WS   1013358080 131072   26.782
12:58:26.220 python3        2290922 nvme1n1 WS   1013358336 131072   26.838
12:58:26.220 python3        2290922 nvme1n1 WS   1013358592 131072   26.918
12:58:26.220 python3        2290922 nvme1n1 WS   1013358848 131072   26.991
12:58:26.220 python3        2290920 nvme1n1 WS   1013365760 131072   26.486
12:58:26.221 python3        2290920 nvme1n1 WS   1013366016 131072   26.545
12:58:26.221 python3        2290920 nvme1n1 WS   1013366272 131072   26.607
12:58:26.221 python3        2290920 nvme1n1 WS   1013366528 131072   26.651
12:58:26.221 python3        2290920 nvme1n1 WS   1013366784 131072   26.712
12:58:26.221 python3        2290920 nvme1n1 WS   1013367040 131072   26.793
12:58:26.221 python3        2290920 nvme1n1 WS   1013370880 131072   24.736
12:58:26.221 python3        2290920 nvme1n1 WS   1013371136 131072   24.870
12:58:26.221 python3        2290920 nvme1n1 WS   1013371392 131072   25.010
12:58:26.221 python3        2290920 nvme1n1 WS   1013371648 131072   25.150
12:58:26.221 python3        2290920 nvme1n1 WS   1013371904 131072   25.292
12:58:26.222 python3        2290920 nvme1n1 WS   1013372160 131072   25.433
12:58:26.222 python3        2290920 nvme1n1 WS   1013372416 131072   25.574
12:58:26.222 python3        2290920 nvme1n1 WS   1013372672 131072   25.689
12:58:26.222 python3        2290920 nvme1n1 WS   1013372928 131072   25.834
12:58:26.222 python3        2290920 nvme1n1 WS   1013373184 131072   25.968
12:58:26.222 python3        2290920 nvme1n1 WS   1013373440 131072   26.072
12:58:26.222 python3        2290920 nvme1n1 WS   1013373696 131072   26.153
12:58:26.222 python3        2290920 nvme1n1 WS   1013373952 131072   26.231
12:58:26.222 python3        2290920 nvme1n1 WS   1013374208 131072   26.313
12:58:26.223 python3        2290920 nvme1n1 WS   1013374464 131072   26.430
12:58:26.223 python3        2290920 nvme1n1 WS   1013374720 131072   26.493
12:58:26.223 python3        2290920 nvme1n1 WS   1013379072 131072   25.384
12:58:26.223 python3        2290920 nvme1n1 WS   1013379328 131072   25.459
12:58:26.223 python3        2290920 nvme1n1 WS   1013379584 131072   25.536
12:58:26.223 python3        2290920 nvme1n1 WS   1013379840 131072   25.611
12:58:26.223 python3        2290920 nvme1n1 WS   1013380096 131072   25.691
12:58:26.223 python3        2290920 nvme1n1 WS   1013380352 131072   25.765
12:58:26.223 python3        2290920 nvme1n1 WS   1013380608 131072   25.839
12:58:26.223 python3        2290920 nvme1n1 WS   1013380864 131072   25.885
12:58:26.223 python3        2290920 nvme1n1 WS   1013381120 131072   25.961
12:58:26.223 python3        2290920 nvme1n1 WS   1013381376 131072   26.034
12:58:26.224 python3        2290920 nvme1n1 WS   1013381632 131072   26.105
12:58:26.224 python3        2290920 nvme1n1 WS   1013381888 131072   26.187
12:58:26.224 python3        2290920 nvme1n1 WS   1013374976 131072   27.544
12:58:26.224 python3        2290920 nvme1n1 WS   1013375232 131072   27.670
12:58:26.224 python3        2290920 nvme1n1 WS   1013382144 131072   26.526
12:58:26.224 python3        2290920 nvme1n1 WS   1013382400 131072   26.649
12:58:26.224 python3        2290920 nvme1n1 WS   1013382656 131072   26.777
12:58:26.224 python3        2290920 nvme1n1 WS   1013382912 131072   26.884
12:58:26.225 python3        2290920 nvme1n1 WS   1013383168 131072   27.024
12:58:26.225 python3        2290920 nvme1n1 WS   1013383424 131072   27.168
12:58:26.225 python3        2290922 nvme1n1 WS   1013387264 131072   25.760
12:58:26.225 python3        2290922 nvme1n1 WS   1013387520 131072   25.881
12:58:26.225 python3        2290922 nvme1n1 WS   1013387776 131072   25.993
12:58:26.225 python3        2290922 nvme1n1 WS   1013388032 131072   26.070
12:58:26.225 python3        2290922 nvme1n1 WS   1013388288 131072   26.141
12:58:26.225 python3        2290922 nvme1n1 WS   1013388544 131072   26.217
12:58:26.225 python3        2290922 nvme1n1 WS   1013388800 131072   26.289
12:58:26.226 python3        2290922 nvme1n1 WS   1013389056 131072   26.337
12:58:26.226 python3        2290922 nvme1n1 WS   1013389312 131072   26.409
12:58:26.226 python3        2290922 nvme1n1 WS   1013389568 131072   26.484
12:58:26.226 python3        2290922 nvme1n1 WS   1013389824 131072   26.563
12:58:26.226 python3        2290922 nvme1n1 WS   1013390080 131072   26.642
12:58:26.226 python3        2290922 nvme1n1 WS   1013390336 131072   26.713
12:58:26.226 python3        2290922 nvme1n1 WS   1013390592 131072   26.782
12:58:26.226 python3        2290922 nvme1n1 WS   1013390848 131072   26.857
12:58:26.226 python3        2290922 nvme1n1 WS   1013391104 131072   26.919
12:58:26.226 python3        2290922 nvme1n1 WS   1013391360 131072   27.007
12:58:26.226 python3        2290922 nvme1n1 WS   1013391616 131072   27.136
12:58:26.226 python3        2290922 nvme1n1 WS   1013395456 131072   24.598
12:58:26.227 python3        2290922 nvme1n1 WS   1013395712 131072   24.723
12:58:26.227 python3        2290922 nvme1n1 WS   1013395968 131072   24.827
12:58:26.227 python3        2290922 nvme1n1 WS   1013396224 131072   24.904
12:58:26.227 python3        2290922 nvme1n1 WS   1013396480 131072   25.021
12:58:26.227 python3        2290922 nvme1n1 WS   1013396736 131072   25.147
12:58:26.227 python3        2290922 nvme1n1 WS   1013396992 131072   25.270
12:58:26.227 python3        2290922 nvme1n1 WS   1013397248 131072   25.368
12:58:26.227 python3        2290922 nvme1n1 WS   1013397504 131072   25.491
12:58:26.227 python3        2290922 nvme1n1 WS   1013397760 131072   25.570
12:58:26.228 python3        2290922 nvme1n1 WS   1013398016 131072   25.645
12:58:26.228 python3        2290922 nvme1n1 WS   1013398272 131072   25.722
12:58:26.228 python3        2290922 nvme1n1 WS   1013398528 131072   25.799
12:58:26.228 python3        2290922 nvme1n1 WS   1013398784 131072   25.874
12:58:26.228 python3        2290922 nvme1n1 WS   1013399040 131072   25.953
12:58:26.228 python3        2290922 nvme1n1 WS   1013399296 131072   25.992
12:58:26.228 python3        2290923 nvme1n1 WS   1013403648 131072   25.430
12:58:26.228 python3        2290923 nvme1n1 WS   1013403904 131072   25.499
12:58:26.228 python3        2290923 nvme1n1 WS   1013404160 131072   25.574
12:58:26.228 python3        2290923 nvme1n1 WS   1013404416 131072   25.647
12:58:26.228 python3        2290923 nvme1n1 WS   1013404672 131072   25.728
12:58:26.228 python3        2290923 nvme1n1 WS   1013404928 131072   25.806
12:58:26.229 python3        2290923 nvme1n1 WS   1013405184 131072   25.964
12:58:26.229 python3        2290923 nvme1n1 WS   1013405440 131072   26.056
12:58:26.229 python3        2290923 nvme1n1 WS   1013405696 131072   26.181
12:58:26.229 python3        2290923 nvme1n1 WS   1013405952 131072   26.288
12:58:26.229 python3        2290923 nvme1n1 WS   1013406208 131072   26.373
12:58:26.229 python3        2290923 nvme1n1 WS   1013406464 131072   26.456
12:58:26.229 python3        2290922 nvme1n1 WS   1013399552 131072   27.262
12:58:26.229 python3        2290922 nvme1n1 WS   1013399808 131072   27.344
12:58:26.229 python3        2290923 nvme1n1 WS   1013406720 131072   26.698
12:58:26.229 python3        2290923 nvme1n1 WS   1013406976 131072   26.774
12:58:26.230 python3        2290923 nvme1n1 WS   1013407232 131072   26.853
12:58:26.230 python3        2290923 nvme1n1 WS   1013407488 131072   26.911
12:58:26.230 python3        2290923 nvme1n1 WS   1013407744 131072   26.988
12:58:26.230 python3        2290923 nvme1n1 WS   1013408000 131072   27.064
12:58:26.230 python3        2290921 nvme1n1 WS   1013411840 131072   25.722
12:58:26.230 python3        2290921 nvme1n1 WS   1013412096 131072   25.794
12:58:26.230 python3        2290921 nvme1n1 WS   1013412352 131072   25.869
12:58:26.230 python3        2290921 nvme1n1 WS   1013412608 131072   25.940
12:58:26.230 python3        2290921 nvme1n1 WS   1013412864 131072   26.014
12:58:26.230 python3        2290921 nvme1n1 WS   1013413120 131072   26.086
12:58:26.230 python3        2290921 nvme1n1 WS   1013413376 131072   26.169
12:58:26.231 python3        2290921 nvme1n1 WS   1013413632 131072   26.201
12:58:26.231 python3        2290921 nvme1n1 WS   1013413888 131072   26.319
12:58:26.231 python3        2290921 nvme1n1 WS   1013414144 131072   26.446
12:58:26.231 python3        2290921 nvme1n1 WS   1013414400 131072   26.571
12:58:26.231 python3        2290921 nvme1n1 WS   1013414656 131072   26.704
12:58:26.231 python3        2290923 nvme1n1 WS   1013420032 131072   25.401
12:58:26.231 python3        2290923 nvme1n1 WS   1013420288 131072   25.538
12:58:26.231 python3        2290923 nvme1n1 WS   1013420544 131072   25.678
12:58:26.232 python3        2290923 nvme1n1 WS   1013420800 131072   25.822
12:58:26.232 python3        2290921 nvme1n1 WS   1013414912 131072   27.409
12:58:26.232 python3        2290921 nvme1n1 WS   1013415168 131072   27.549
12:58:26.232 python3        2290921 nvme1n1 WS   1013415424 131072   27.674
12:58:26.232 python3        2290921 nvme1n1 WS   1013415680 131072   27.739
12:58:26.232 python3        2290921 nvme1n1 WS   1013415936 131072   27.816
12:58:26.232 python3        2290921 nvme1n1 WS   1013416192 131072   27.892
12:58:26.232 python3        2290923 nvme1n1 WS   1013421056 131072   26.571
12:58:26.232 python3        2290923 nvme1n1 WS   1013421312 131072   26.642
12:58:26.232 python3        2290923 nvme1n1 WS   1013421568 131072   26.722
12:58:26.233 python3        2290923 nvme1n1 WS   1013421824 131072   26.773
12:58:26.233 python3        2290923 nvme1n1 WS   1013422080 131072   26.849
12:58:26.233 python3        2290923 nvme1n1 WS   1013422336 131072   26.929
12:58:26.233 python3        2290923 nvme1n1 WS   1013422592 131072   27.005
12:58:26.233 python3        2290923 nvme1n1 WS   1013422848 131072   27.082
12:58:26.233 python3        2290923 nvme1n1 WS   1013423104 131072   27.159
12:58:26.233 python3        2290923 nvme1n1 WS   1013423360 131072   27.230
12:58:26.233 python3        2290923 nvme1n1 WS   1013423616 131072   27.308
12:58:26.233 python3        2290923 nvme1n1 WS   1013423872 131072   27.371
12:58:26.233 python3        2290923 nvme1n1 WS   1013424128 131072   27.432
12:58:26.233 python3        2290923 nvme1n1 WS   1013424384 131072   27.498
12:58:26.233 python3        2290921 nvme1n1 WS   1013428224 131072   26.020
12:58:26.234 python3        2290921 nvme1n1 WS   1013428480 131072   26.148
12:58:26.234 python3        2290921 nvme1n1 WS   1013428736 131072   26.277
12:58:26.234 python3        2290921 nvme1n1 WS   1013428992 131072   26.366
12:58:26.234 python3        2290921 nvme1n1 WS   1013429248 131072   26.429
12:58:26.234 python3        2290921 nvme1n1 WS   1013429504 131072   26.555
12:58:26.234 python3        2290921 nvme1n1 WS   1013429760 131072   26.680
12:58:26.234 python3        2290921 nvme1n1 WS   1013430016 131072   26.786
12:58:26.234 python3        2290921 nvme1n1 WS   1013430272 131072   26.912
12:58:26.234 python3        2290921 nvme1n1 WS   1013430528 131072   27.039
12:58:26.235 python3        2290921 nvme1n1 WS   1013430784 131072   27.166
12:58:26.235 python3        2290921 nvme1n1 WS   1013431040 131072   27.257
12:58:26.235 python3        2290921 nvme1n1 WS   1013431296 131072   27.367
12:58:26.235 python3        2290921 nvme1n1 WS   1013431552 131072   27.437
12:58:26.235 python3        2290921 nvme1n1 WS   1013431808 131072   27.516
12:58:26.235 python3        2290921 nvme1n1 WS   1013432064 131072   27.578
12:58:26.235 python3        2290921 nvme1n1 WS   1013432320 131072   27.659
12:58:26.235 python3        2290921 nvme1n1 WS   1013432576 131072   27.742
12:58:26.235 python3        2290921 nvme1n1 WS   1013436416 131072   25.189
12:58:26.235 python3        2290921 nvme1n1 WS   1013436672 131072   25.258
12:58:26.235 python3        2290921 nvme1n1 WS   1013436928 131072   25.333
12:58:26.236 python3        2290921 nvme1n1 WS   1013437184 131072   25.414
12:58:26.236 python3        2290921 nvme1n1 WS   1013437440 131072   25.492
12:58:26.236 python3        2290921 nvme1n1 WS   1013437696 131072   25.619
12:58:26.236 python3        2290921 nvme1n1 WS   1013437952 131072   25.744
12:58:26.236 python3        2290921 nvme1n1 WS   1013438208 131072   25.844
12:58:26.236 python3        2290921 nvme1n1 WS   1013438464 131072   25.973
12:58:26.236 python3        2290921 nvme1n1 WS   1013438720 131072   26.056
12:58:26.236 python3        2290921 nvme1n1 WS   1013438976 131072   26.149
12:58:26.236 python3        2290921 nvme1n1 WS   1013439232 131072   26.231
12:58:26.237 python3        2290920 nvme1n1 WS   1013444608 131072   25.807
12:58:26.237 python3        2290920 nvme1n1 WS   1013444864 131072   25.874
12:58:26.237 python3        2290920 nvme1n1 WS   1013445120 131072   25.950
12:58:26.237 python3        2290920 nvme1n1 WS   1013445376 131072   26.031
12:58:26.237 python3        2290921 nvme1n1 WS   1013439488 131072   26.630
12:58:26.237 python3        2290921 nvme1n1 WS   1013439744 131072   26.709
12:58:26.237 python3        2290921 nvme1n1 WS   1013440000 131072   26.790
12:58:26.237 python3        2290921 nvme1n1 WS   1013440256 131072   26.901
12:58:26.237 python3        2290921 nvme1n1 WS   1013440512 131072   27.029
12:58:26.237 python3        2290921 nvme1n1 WS   1013440768 131072   27.156
12:58:26.238 python3        2290920 nvme1n1 WS   1013445632 131072   26.794
12:58:26.238 python3        2290920 nvme1n1 WS   1013445888 131072   26.918
12:58:26.238 python3        2290920 nvme1n1 WS   1013446144 131072   27.049
12:58:26.238 python3        2290920 nvme1n1 WS   1013446400 131072   27.167
12:58:26.238 python3        2290920 nvme1n1 WS   1013446656 131072   27.309
12:58:26.238 python3        2290920 nvme1n1 WS   1013446912 131072   27.450
12:58:26.238 python3        2290920 nvme1n1 WS   1013447168 131072   27.591
12:58:26.238 python3        2290920 nvme1n1 WS   1013447424 131072   27.734
12:58:26.239 python3        2290920 nvme1n1 WS   1013447680 131072   27.876
12:58:26.239 python3        2290920 nvme1n1 WS   1013447936 131072   28.018
12:58:26.239 python3        2290920 nvme1n1 WS   1013448192 131072   28.160
12:58:26.239 python3        2290920 nvme1n1 WS   1013448448 131072   28.290
12:58:26.239 python3        2290921 nvme1n1 WS   1013452800 131072   26.642
12:58:26.239 python3        2290921 nvme1n1 WS   1013453056 131072   26.747
12:58:26.239 python3        2290921 nvme1n1 WS   1013453312 131072   26.830
12:58:26.239 python3        2290921 nvme1n1 WS   1013453568 131072   26.909
12:58:26.240 python3        2290920 nvme1n1 WS   1013448704 131072   28.790
12:58:26.240 python3        2290920 nvme1n1 WS   1013448960 131072   28.867
12:58:26.240 python3        2290921 nvme1n1 WS   1013453824 131072   27.154
12:58:26.240 python3        2290921 nvme1n1 WS   1013454080 131072   27.237
12:58:26.240 python3        2290921 nvme1n1 WS   1013454336 131072   27.313
12:58:26.240 python3        2290921 nvme1n1 WS   1013454592 131072   27.364
12:58:26.240 python3        2290921 nvme1n1 WS   1013454848 131072   27.442
12:58:26.240 python3        2290921 nvme1n1 WS   1013455104 131072   27.525
12:58:26.240 python3        2290921 nvme1n1 WS   1013455360 131072   27.599
12:58:26.240 python3        2290921 nvme1n1 WS   1013455616 131072   27.673
12:58:26.240 python3        2290921 nvme1n1 WS   1013455872 131072   27.752
12:58:26.240 python3        2290921 nvme1n1 WS   1013456128 131072   27.826
12:58:26.241 python3        2290921 nvme1n1 WS   1013456384 131072   27.899
12:58:26.241 python3        2290921 nvme1n1 WS   1013456640 131072   27.969
12:58:26.241 python3        2290921 nvme1n1 WS   1013456896 131072   28.030
12:58:26.241 python3        2290921 nvme1n1 WS   1013457152 131072   28.155
12:58:26.241 python3        2290923 nvme1n1 WS   1013460992 131072   25.371
12:58:26.241 python3        2290923 nvme1n1 WS   1013461248 131072   25.486
12:58:26.241 python3        2290923 nvme1n1 WS   1013461504 131072   25.643
12:58:26.241 python3        2290923 nvme1n1 WS   1013461760 131072   25.771
12:58:26.242 python3        2290923 nvme1n1 WS   1013462016 131072   25.898
12:58:26.242 python3        2290923 nvme1n1 WS   1013462272 131072   26.022
12:58:26.242 python3        2290923 nvme1n1 WS   1013462528 131072   26.158
12:58:26.242 python3        2290923 nvme1n1 WS   1013462784 131072   26.258
12:58:26.242 python3        2290923 nvme1n1 WS   1013463040 131072   26.383
12:58:26.242 python3        2290923 nvme1n1 WS   1013463296 131072   26.513
12:58:26.242 python3        2290923 nvme1n1 WS   1013463552 131072   26.641
12:58:26.242 python3        2290923 nvme1n1 WS   1013463808 131072   26.735
12:58:26.242 python3        2290923 nvme1n1 WS   1013469184 131072   26.208
12:58:26.243 python3        2290923 nvme1n1 WS   1013469440 131072   26.275
12:58:26.243 python3        2290923 nvme1n1 WS   1013469696 131072   26.348
12:58:26.243 python3        2290923 nvme1n1 WS   1013469952 131072   26.425
12:58:26.243 python3        2290923 nvme1n1 WS   1013464064 131072   27.138
12:58:26.243 python3        2290923 nvme1n1 WS   1013464320 131072   27.212
12:58:26.243 python3        2290923 nvme1n1 WS   1013464576 131072   27.291
12:58:26.243 python3        2290923 nvme1n1 WS   1013464832 131072   27.358
12:58:26.243 python3        2290923 nvme1n1 WS   1013465088 131072   27.431
12:58:26.243 python3        2290923 nvme1n1 WS   1013465344 131072   27.515
12:58:26.243 python3        2290923 nvme1n1 WS   1013470208 131072   26.980
12:58:26.243 python3        2290923 nvme1n1 WS   1013470464 131072   27.055
12:58:26.244 python3        2290923 nvme1n1 WS   1013470720 131072   27.131
12:58:26.244 python3        2290923 nvme1n1 WS   1013470976 131072   27.178
12:58:26.244 python3        2290923 nvme1n1 WS   1013471232 131072   27.257
12:58:26.244 python3        2290923 nvme1n1 WS   1013471488 131072   27.337
12:58:26.244 python3        2290923 nvme1n1 WS   1013471744 131072   27.415
12:58:26.244 python3        2290923 nvme1n1 WS   1013472000 131072   27.488
12:58:26.244 python3        2290923 nvme1n1 WS   1013472256 131072   27.559
12:58:26.244 python3        2290923 nvme1n1 WS   1013472512 131072   27.632
12:58:26.244 python3        2290923 nvme1n1 WS   1013472768 131072   27.709
12:58:26.244 python3        2290923 nvme1n1 WS   1013473024 131072   27.773
12:58:26.244 python3        2290922 nvme1n1 WS   1013477376 131072   26.337
12:58:26.244 python3        2290922 nvme1n1 WS   1013477632 131072   26.394
12:58:26.244 python3        2290922 nvme1n1 WS   1013477888 131072   26.509
12:58:26.245 python3        2290922 nvme1n1 WS   1013478144 131072   26.633
12:58:26.245 python3        2290923 nvme1n1 WS   1013473280 131072   28.279
12:58:26.245 python3        2290923 nvme1n1 WS   1013473536 131072   28.408
12:58:26.245 python3        2290922 nvme1n1 WS   1013478400 131072   27.020
12:58:26.245 python3        2290922 nvme1n1 WS   1013478656 131072   27.149
12:58:26.245 python3        2290922 nvme1n1 WS   1013478912 131072   27.237
12:58:26.245 python3        2290922 nvme1n1 WS   1013479168 131072   27.295
12:58:26.245 python3        2290922 nvme1n1 WS   1013479424 131072   27.375
12:58:26.245 python3        2290922 nvme1n1 WS   1013479680 131072   27.453
12:58:26.246 python3        2290922 nvme1n1 WS   1013479936 131072   27.550
12:58:26.246 python3        2290922 nvme1n1 WS   1013480192 131072   27.657
12:58:26.246 python3        2290922 nvme1n1 WS   1013480448 131072   27.766
12:58:26.246 python3        2290922 nvme1n1 WS   1013480704 131072   27.827
12:58:26.246 python3        2290922 nvme1n1 WS   1013480960 131072   27.915
12:58:26.246 python3        2290922 nvme1n1 WS   1013481216 131072   27.986
12:58:26.246 python3        2290922 nvme1n1 WS   1013481472 131072   28.064
12:58:26.246 python3        2290922 nvme1n1 WS   1013481728 131072   28.144
12:58:26.246 python3        2290922 nvme1n1 WS   1013485568 131072   25.326
12:58:26.246 python3        2290922 nvme1n1 WS   1013485824 131072   25.401
12:58:26.246 python3        2290922 nvme1n1 WS   1013486080 131072   25.475
12:58:26.247 python3        2290922 nvme1n1 WS   1013486336 131072   25.553
12:58:26.247 python3        2290922 nvme1n1 WS   1013486592 131072   25.616
12:58:26.247 python3        2290922 nvme1n1 WS   1013486848 131072   25.693
12:58:26.247 python3        2290922 nvme1n1 WS   1013487104 131072   25.772
12:58:26.247 python3        2290922 nvme1n1 WS   1013487360 131072   25.782
12:58:26.247 python3        2290922 nvme1n1 WS   1013487616 131072   25.851
12:58:26.247 python3        2290922 nvme1n1 WS   1013487872 131072   25.933
12:58:26.247 python3        2290922 nvme1n1 WS   1013488128 131072   26.082
12:58:26.247 python3        2290922 nvme1n1 WS   1013488384 131072   26.161
12:58:26.247 python3        2290920 nvme1n1 WS   1013493760 131072   25.879
12:58:26.247 python3        2290920 nvme1n1 WS   1013494016 131072   25.985
12:58:26.247 python3        2290920 nvme1n1 WS   1013494272 131072   26.113
12:58:26.248 python3        2290920 nvme1n1 WS   1013494528 131072   26.237
12:58:26.248 python3        2290922 nvme1n1 WS   1013488640 131072   26.749
12:58:26.248 python3        2290922 nvme1n1 WS   1013488896 131072   26.874
12:58:26.248 python3        2290922 nvme1n1 WS   1013489152 131072   27.005
12:58:26.248 python3        2290922 nvme1n1 WS   1013489408 131072   27.125
12:58:26.248 python3        2290922 nvme1n1 WS   1013489664 131072   27.266
12:58:26.248 python3        2290922 nvme1n1 WS   1013489920 131072   27.409
12:58:26.249 python3        2290920 nvme1n1 WS   1013494784 131072   27.206
12:58:26.249 python3        2290920 nvme1n1 WS   1013495040 131072   27.343
12:58:26.249 python3        2290920 nvme1n1 WS   1013495296 131072   27.467
12:58:26.249 python3        2290920 nvme1n1 WS   1013495552 131072   27.508
12:58:26.249 python3        2290920 nvme1n1 WS   1013495808 131072   27.591
12:58:26.249 python3        2290920 nvme1n1 WS   1013496064 131072   27.667
12:58:26.249 python3        2290920 nvme1n1 WS   1013496320 131072   27.746
12:58:26.249 python3        2290920 nvme1n1 WS   1013496576 131072   27.819
12:58:26.249 python3        2290920 nvme1n1 WS   1013496832 131072   27.903
12:58:26.249 python3        2290920 nvme1n1 WS   1013497088 131072   27.971
12:58:26.250 python3        2290920 nvme1n1 WS   1013497344 131072   28.053
12:58:26.250 python3        2290920 nvme1n1 WS   1013497600 131072   28.118
12:58:26.250 python3        2290920 nvme1n1 WS   1013497856 131072   28.195
12:58:26.250 python3        2290920 nvme1n1 WS   1013498112 131072   28.273
12:58:26.250 python3        2290920 nvme1n1 WS   1013501952 131072   25.201
12:58:26.250 python3        2290920 nvme1n1 WS   1013502208 131072   25.266
12:58:26.250 python3        2290920 nvme1n1 WS   1013502464 131072   25.342
12:58:26.250 python3        2290920 nvme1n1 WS   1013502720 131072   25.420
12:58:26.250 python3        2290920 nvme1n1 WS   1013502976 131072   25.483
12:58:26.250 python3        2290920 nvme1n1 WS   1013503232 131072   25.544
12:58:26.250 python3        2290920 nvme1n1 WS   1013503488 131072   25.650
12:58:26.250 python3        2290920 nvme1n1 WS   1013503744 131072   25.748
12:58:26.251 python3        2290920 nvme1n1 WS   1013504000 131072   25.872
12:58:26.251 python3        2290920 nvme1n1 WS   1013504256 131072   25.998
12:58:26.251 python3        2290920 nvme1n1 WS   1013504512 131072   26.122
12:58:26.251 python3        2290920 nvme1n1 WS   1013504768 131072   26.250
12:58:26.251 python3        2290920 nvme1n1 WS   1013505024 131072   26.377
12:58:26.251 python3        2290920 nvme1n1 WS   1013505280 131072   26.499
12:58:26.251 python3        2290920 nvme1n1 WS   1013505536 131072   26.611
12:58:26.252 python3        2290920 nvme1n1 WS   1013505792 131072   26.716
12:58:26.252 python3        2290920 nvme1n1 WS   1013506048 131072   26.845
12:58:26.252 python3        2290920 nvme1n1 WS   1013506304 131072   26.974
12:58:26.252 python3        2290920 nvme1n1 WS   1013510144 131072   26.475
12:58:26.252 python3        2290920 nvme1n1 WS   1013510400 131072   26.576
12:58:26.252 python3        2290920 nvme1n1 WS   1013510656 131072   26.656
12:58:26.252 python3        2290920 nvme1n1 WS   1013510912 131072   26.737
12:58:26.252 python3        2290920 nvme1n1 WS   1013511168 131072   26.817
12:58:26.252 python3        2290920 nvme1n1 WS   1013511424 131072   26.897
12:58:26.252 python3        2290920 nvme1n1 WS   1013511680 131072   26.976
12:58:26.252 python3        2290920 nvme1n1 WS   1013511936 131072   27.022
12:58:26.253 python3        2290920 nvme1n1 WS   1013512192 131072   27.099
12:58:26.253 python3        2290920 nvme1n1 WS   1013512448 131072   27.182
12:58:26.253 python3        2290920 nvme1n1 WS   1013512704 131072   27.291
12:58:26.253 python3        2290920 nvme1n1 WS   1013512960 131072   27.413
12:58:26.253 python3        2290920 nvme1n1 WS   1013513216 131072   27.538
12:58:26.253 python3        2290920 nvme1n1 WS   1013513472 131072   27.660
12:58:26.253 python3        2290920 nvme1n1 WS   1013513728 131072   27.787
12:58:26.253 python3        2290920 nvme1n1 WS   1013513984 131072   27.884
12:58:26.253 python3        2290920 nvme1n1 WS   1013514240 131072   27.964
12:58:26.254 python3        2290920 nvme1n1 WS   1013514496 131072   28.039
12:58:26.254 python3        2290922 nvme1n1 WS   1013518336 131072   26.723
12:58:26.254 python3        2290922 nvme1n1 WS   1013518592 131072   26.786
12:58:26.254 python3        2290922 nvme1n1 WS   1013518848 131072   26.859
12:58:26.254 python3        2290922 nvme1n1 WS   1013519104 131072   26.942
12:58:26.254 python3        2290922 nvme1n1 WS   1013519360 131072   27.044
12:58:26.254 python3        2290922 nvme1n1 WS   1013519616 131072   27.123
12:58:26.254 python3        2290922 nvme1n1 WS   1013519872 131072   27.204
12:58:26.254 python3        2290922 nvme1n1 WS   1013520128 131072   27.254
12:58:26.254 python3        2290922 nvme1n1 WS   1013520384 131072   27.330
12:58:26.254 python3        2290922 nvme1n1 WS   1013520640 131072   27.408
12:58:26.255 python3        2290922 nvme1n1 WS   1013520896 131072   27.470
12:58:26.255 python3        2290922 nvme1n1 WS   1013521152 131072   27.594
12:58:26.255 python3        2290922 nvme1n1 WS   1013521408 131072   27.718
12:58:26.255 python3        2290922 nvme1n1 WS   1013521664 131072   27.838
12:58:26.255 python3        2290922 nvme1n1 WS   1013521920 131072   27.963
12:58:26.255 python3        2290922 nvme1n1 WS   1013522176 131072   28.079
12:58:26.255 python3        2290922 nvme1n1 WS   1013522432 131072   28.216
12:58:26.255 python3        2290922 nvme1n1 WS   1013522688 131072   28.361
12:58:26.256 python3        2290922 nvme1n1 WS   1013526528 131072   25.473
12:58:26.256 python3        2290922 nvme1n1 WS   1013526784 131072   25.609
12:58:26.256 python3        2290922 nvme1n1 WS   1013527040 131072   25.751
12:58:26.256 python3        2290922 nvme1n1 WS   1013527296 131072   25.894
12:58:26.256 python3        2290922 nvme1n1 WS   1013527552 131072   26.035
12:58:26.256 python3        2290922 nvme1n1 WS   1013527808 131072   26.172
12:58:26.256 python3        2290922 nvme1n1 WS   1013528064 131072   26.292
12:58:26.257 python3        2290922 nvme1n1 WS   1013528320 131072   26.345
12:58:26.257 python3        2290922 nvme1n1 WS   1013528576 131072   26.424
12:58:26.257 python3        2290922 nvme1n1 WS   1013528832 131072   26.507
12:58:26.257 python3        2290922 nvme1n1 WS   1013529088 131072   26.585
12:58:26.257 python3        2290922 nvme1n1 WS   1013529344 131072   26.661
12:58:26.257 python3        2290923 nvme1n1 WS   1013534720 131072   26.523
12:58:26.257 python3        2290923 nvme1n1 WS   1013534976 131072   26.597
12:58:26.257 python3        2290923 nvme1n1 WS   1013535232 131072   26.675
12:58:26.257 python3        2290923 nvme1n1 WS   1013535488 131072   26.754
12:58:26.257 python3        2290922 nvme1n1 WS   1013529600 131072   27.070
12:58:26.257 python3        2290922 nvme1n1 WS   1013529856 131072   27.150
12:58:26.257 python3        2290922 nvme1n1 WS   1013530112 131072   27.230
12:58:26.258 python3        2290922 nvme1n1 WS   1013530368 131072   27.291
12:58:26.258 python3        2290922 nvme1n1 WS   1013530624 131072   27.367
12:58:26.258 python3        2290922 nvme1n1 WS   1013530880 131072   27.451
12:58:26.258 python3        2290923 nvme1n1 WS   1013535744 131072   27.360
12:58:26.258 python3        2290923 nvme1n1 WS   1013536000 131072   27.482
12:58:26.258 python3        2290923 nvme1n1 WS   1013536256 131072   27.609
12:58:26.258 python3        2290923 nvme1n1 WS   1013536512 131072   27.700
12:58:26.258 python3        2290923 nvme1n1 WS   1013536768 131072   27.824
12:58:26.258 python3        2290923 nvme1n1 WS   1013537024 131072   27.949
12:58:26.259 python3        2290923 nvme1n1 WS   1013537280 131072   28.075
12:58:26.259 python3        2290923 nvme1n1 WS   1013537536 131072   28.201
12:58:26.259 python3        2290923 nvme1n1 WS   1013537792 131072   28.329
12:58:26.259 python3        2290923 nvme1n1 WS   1013538048 131072   28.455
12:58:26.259 python3        2290923 nvme1n1 WS   1013538304 131072   28.582
12:58:26.259 python3        2290923 nvme1n1 WS   1013538560 131072   28.689
12:58:26.259 python3        2290921 nvme1n1 WS   1013542912 131072   26.507
12:58:26.259 python3        2290921 nvme1n1 WS   1013543168 131072   26.579
12:58:26.259 python3        2290921 nvme1n1 WS   1013543424 131072   26.653
12:58:26.260 python3        2290921 nvme1n1 WS   1013543680 131072   26.726
12:58:26.260 python3        2290923 nvme1n1 WS   1013538816 131072   29.093
12:58:26.260 python3        2290923 nvme1n1 WS   1013539072 131072   29.173
12:58:26.260 python3        2290921 nvme1n1 WS   1013543936 131072   26.964
12:58:26.260 python3        2290921 nvme1n1 WS   1013544192 131072   27.038
12:58:26.260 python3        2290921 nvme1n1 WS   1013544448 131072   27.119
12:58:26.260 python3        2290921 nvme1n1 WS   1013544704 131072   27.166
12:58:26.260 python3        2290921 nvme1n1 WS   1013544960 131072   27.272
12:58:26.260 python3        2290921 nvme1n1 WS   1013545216 131072   27.354
12:58:26.260 python3        2290921 nvme1n1 WS   1013545472 131072   27.452
12:58:26.260 python3        2290921 nvme1n1 WS   1013545728 131072   27.575
12:58:26.261 python3        2290921 nvme1n1 WS   1013545984 131072   27.692
12:58:26.261 python3        2290921 nvme1n1 WS   1013546240 131072   27.766
12:58:26.261 python3        2290921 nvme1n1 WS   1013546496 131072   27.845
12:58:26.261 python3        2290921 nvme1n1 WS   1013546752 131072   27.904
12:58:26.261 python3        2290921 nvme1n1 WS   1013547008 131072   27.978
12:58:26.261 python3        2290921 nvme1n1 WS   1013547264 131072   28.056
12:58:26.261 python3        2290923 nvme1n1 WS   1013551104 131072   27.104
12:58:26.261 python3        2290923 nvme1n1 WS   1013551360 131072   27.194
12:58:26.261 python3        2290923 nvme1n1 WS   1013551616 131072   27.255
12:58:26.261 python3        2290923 nvme1n1 WS   1013551872 131072   27.337
12:58:26.261 python3        2290923 nvme1n1 WS   1013552128 131072   27.416
12:58:26.261 python3        2290923 nvme1n1 WS   1013552384 131072   27.496
12:58:26.262 python3        2290923 nvme1n1 WS   1013552640 131072   27.559
12:58:26.262 python3        2290923 nvme1n1 WS   1013552896 131072   27.613
12:58:26.262 python3        2290923 nvme1n1 WS   1013553152 131072   27.739
12:58:26.262 python3        2290923 nvme1n1 WS   1013553408 131072   27.860
12:58:26.262 python3        2290923 nvme1n1 WS   1013553664 131072   27.987
12:58:26.262 python3        2290923 nvme1n1 WS   1013553920 131072   28.115
12:58:26.262 python3        2290923 nvme1n1 WS   1013554176 131072   28.257
12:58:26.262 python3        2290923 nvme1n1 WS   1013554432 131072   28.396
12:58:26.263 python3        2290921 nvme1n1 WS   1013559296 131072   26.664
12:58:26.263 python3        2290921 nvme1n1 WS   1013559552 131072   26.801
12:58:26.263 python3        2290921 nvme1n1 WS   1013559808 131072   26.920
12:58:26.263 python3        2290921 nvme1n1 WS   1013560064 131072   27.064
12:58:26.263 python3        2290923 nvme1n1 WS   1013554688 131072   29.118
12:58:26.263 python3        2290923 nvme1n1 WS   1013554944 131072   29.241
12:58:26.263 python3        2290923 nvme1n1 WS   1013555200 131072   29.383
12:58:26.264 python3        2290923 nvme1n1 WS   1013555456 131072   29.519
12:58:26.264 python3        2290921 nvme1n1 WS   1013560320 131072   27.749
12:58:26.264 python3        2290921 nvme1n1 WS   1013560576 131072   27.823
12:58:26.264 python3        2290921 nvme1n1 WS   1013560832 131072   27.900
12:58:26.264 python3        2290921 nvme1n1 WS   1013561088 131072   27.949
12:58:26.264 python3        2290921 nvme1n1 WS   1013561344 131072   28.029
12:58:26.264 python3        2290921 nvme1n1 WS   1013561600 131072   28.107
12:58:26.264 python3        2290921 nvme1n1 WS   1013561856 131072   28.185
12:58:26.264 python3        2290921 nvme1n1 WS   1013562112 131072   28.267
12:58:26.264 python3        2290921 nvme1n1 WS   1013562368 131072   28.339
12:58:26.264 python3        2290921 nvme1n1 WS   1013562624 131072   28.413
12:58:26.265 python3        2290921 nvme1n1 WS   1013562880 131072   28.494
12:58:26.265 python3        2290921 nvme1n1 WS   1013563136 131072   28.549
12:58:26.265 python3        2290921 nvme1n1 WS   1013567488 131072   26.631
12:58:26.265 python3        2290921 nvme1n1 WS   1013567744 131072   26.699
12:58:26.265 python3        2290921 nvme1n1 WS   1013568000 131072   26.772
12:58:26.265 python3        2290921 nvme1n1 WS   1013568256 131072   26.848
12:58:26.265 python3        2290921 nvme1n1 WS   1013563392 131072   28.938
12:58:26.265 python3        2290921 nvme1n1 WS   1013563648 131072   29.016
12:58:26.265 python3        2290921 nvme1n1 WS   1013568512 131072   27.071
12:58:26.265 python3        2290921 nvme1n1 WS   1013568768 131072   27.156
12:58:26.265 python3        2290921 nvme1n1 WS   1013569024 131072   27.283
12:58:26.266 python3        2290921 nvme1n1 WS   1013569280 131072   27.386
12:58:26.266 python3        2290921 nvme1n1 WS   1013569536 131072   27.514
12:58:26.266 python3        2290921 nvme1n1 WS   1013569792 131072   27.641
12:58:26.266 python3        2290921 nvme1n1 WS   1013570048 131072   27.782
12:58:26.266 python3        2290921 nvme1n1 WS   1013570304 131072   27.923
12:58:26.266 python3        2290921 nvme1n1 WS   1013570560 131072   28.061
12:58:26.266 python3        2290921 nvme1n1 WS   1013570816 131072   28.204
12:58:26.267 python3        2290921 nvme1n1 WS   1013571072 131072   28.343
12:58:26.267 python3        2290921 nvme1n1 WS   1013571328 131072   28.454
12:58:26.267 python3        2290920 nvme1n1 WS   1013575680 131072   26.566
12:58:26.267 python3        2290920 nvme1n1 WS   1013575936 131072   26.643
12:58:26.267 python3        2290920 nvme1n1 WS   1013576192 131072   26.722
12:58:26.267 python3        2290920 nvme1n1 WS   1013576448 131072   26.799
12:58:26.267 python3        2290921 nvme1n1 WS   1013571584 131072   28.930
12:58:26.267 python3        2290921 nvme1n1 WS   1013571840 131072   29.008
12:58:26.267 python3        2290921 nvme1n1 WS   1013583872 131072   25.952
12:58:26.267 python3        2290921 nvme1n1 WS   1013584128 131072   26.023
12:58:26.267 python3        2290921 nvme1n1 WS   1013584384 131072   26.103
12:58:26.268 python3        2290921 nvme1n1 WS   1013584640 131072   26.176
12:58:26.268 python3        2290921 nvme1n1 WS   1013584896 131072   26.254
12:58:26.268 python3        2290921 nvme1n1 WS   1013585152 131072   26.330
12:58:26.268 python3        2290921 nvme1n1 WS   1013585408 131072   26.393
12:58:26.268 python3        2290921 nvme1n1 WS   1013585664 131072   26.478
12:58:26.268 python3        2290921 nvme1n1 WS   1013585920 131072   26.578
12:58:26.268 python3        2290921 nvme1n1 WS   1013586176 131072   26.655
12:58:26.268 python3        2290921 nvme1n1 WS   1013586432 131072   26.733
12:58:26.268 python3        2290921 nvme1n1 WS   1013586688 131072   26.815
12:58:26.268 python3        2290920 nvme1n1 WS   1013576704 131072   28.052
12:58:26.268 python3        2290920 nvme1n1 WS   1013576960 131072   28.125
12:58:26.268 python3        2290920 nvme1n1 WS   1013577216 131072   28.208
12:58:26.269 python3        2290920 nvme1n1 WS   1013577472 131072   28.307
12:58:26.269 python3        2290921 nvme1n1 WS   1013586944 131072   27.325
12:58:26.269 python3        2290921 nvme1n1 WS   1013587200 131072   27.449
12:58:26.269 python3        2290921 nvme1n1 WS   1013587456 131072   27.577
12:58:26.269 python3        2290921 nvme1n1 WS   1013587712 131072   27.686
12:58:26.269 python3        2290921 nvme1n1 WS   1013587968 131072   27.813
12:58:26.269 python3        2290921 nvme1n1 WS   1013588224 131072   27.943
12:58:26.269 python3        2290920 nvme1n1 WS   1013577728 131072   29.173
12:58:26.270 python3        2290920 nvme1n1 WS   1013577984 131072   29.250
12:58:26.270 python3        2290920 nvme1n1 WS   1013578240 131072   29.329
12:58:26.270 python3        2290920 nvme1n1 WS   1013578496 131072   29.410
12:58:26.270 python3        2290920 nvme1n1 WS   1013578752 131072   29.483
12:58:26.270 python3        2290920 nvme1n1 WS   1013579008 131072   29.556
12:58:26.270 python3        2290920 nvme1n1 WS   1013579264 131072   29.636
12:58:26.270 python3        2290920 nvme1n1 WS   1013579520 131072   29.695
12:58:26.270 python3        2290920 nvme1n1 WS   1013579776 131072   29.810
12:58:26.270 python3        2290920 nvme1n1 WS   1013580032 131072   29.936
12:58:26.270 python3        2290923 nvme1n1 WS   1013592064 131072   26.543
12:58:26.271 python3        2290923 nvme1n1 WS   1013592320 131072   26.665
12:58:26.271 python3        2290923 nvme1n1 WS   1013592576 131072   26.784
12:58:26.271 python3        2290923 nvme1n1 WS   1013592832 131072   26.868
12:58:26.271 python3        2290923 nvme1n1 WS   1013593088 131072   26.947
12:58:26.271 python3        2290923 nvme1n1 WS   1013593344 131072   27.024
12:58:26.271 python3        2290923 nvme1n1 WS   1013593600 131072   27.110
12:58:26.271 python3        2290923 nvme1n1 WS   1013593856 131072   27.159
12:58:26.271 python3        2290923 nvme1n1 WS   1013594112 131072   27.235
12:58:26.271 python3        2290923 nvme1n1 WS   1013594368 131072   27.305
12:58:26.271 python3        2290923 nvme1n1 WS   1013594624 131072   27.380
12:58:26.271 python3        2290923 nvme1n1 WS   1013594880 131072   27.457
12:58:26.271 python3        2290923 nvme1n1 WS   1013595136 131072   27.535
12:58:26.272 python3        2290923 nvme1n1 WS   1013595392 131072   27.611
12:58:26.272 python3        2290923 nvme1n1 WS   1013595648 131072   27.685
12:58:26.272 python3        2290923 nvme1n1 WS   1013595904 131072   27.734
12:58:26.272 python3        2290923 nvme1n1 WS   1013600256 131072   26.331
12:58:26.272 python3        2290923 nvme1n1 WS   1013600512 131072   26.396
12:58:26.272 python3        2290923 nvme1n1 WS   1013600768 131072   26.477
12:58:26.272 python3        2290923 nvme1n1 WS   1013601024 131072   26.567
12:58:26.272 python3        2290923 nvme1n1 WS   1013601280 131072   26.691
12:58:26.272 python3        2290923 nvme1n1 WS   1013601536 131072   26.816
12:58:26.272 python3        2290923 nvme1n1 WS   1013601792 131072   26.940
12:58:26.273 python3        2290923 nvme1n1 WS   1013602048 131072   27.039
12:58:26.273 python3        2290923 nvme1n1 WS   1013602304 131072   27.207
12:58:26.273 python3        2290923 nvme1n1 WS   1013602560 131072   27.345
12:58:26.273 python3        2290923 nvme1n1 WS   1013602816 131072   27.487
12:58:26.273 python3        2290923 nvme1n1 WS   1013603072 131072   27.629
12:58:26.273 python3        2290923 nvme1n1 WS   1013596160 131072   29.339
12:58:26.273 python3        2290923 nvme1n1 WS   1013596416 131072   29.469
12:58:26.274 python3        2290922 nvme1n1 WS   1013608448 131072   26.720
12:58:26.274 python3        2290922 nvme1n1 WS   1013608704 131072   26.788
12:58:26.274 python3        2290923 nvme1n1 WS   1013603328 131072   28.153
12:58:26.274 python3        2290923 nvme1n1 WS   1013603584 131072   28.223
12:58:26.274 python3        2290923 nvme1n1 WS   1013603840 131072   28.302
12:58:26.274 python3        2290923 nvme1n1 WS   1013604096 131072   28.366
12:58:26.274 python3        2290923 nvme1n1 WS   1013604352 131072   28.450
12:58:26.274 python3        2290923 nvme1n1 WS   1013604608 131072   28.526
12:58:26.274 python3        2290922 nvme1n1 WS   1013608960 131072   27.354
12:58:26.274 python3        2290922 nvme1n1 WS   1013609216 131072   27.428
12:58:26.274 python3        2290922 nvme1n1 WS   1013609472 131072   27.510
12:58:26.274 python3        2290922 nvme1n1 WS   1013609728 131072   27.583
12:58:26.275 python3        2290922 nvme1n1 WS   1013609984 131072   27.662
12:58:26.275 python3        2290922 nvme1n1 WS   1013610240 131072   27.708
12:58:26.275 python3        2290922 nvme1n1 WS   1013610496 131072   27.782
12:58:26.275 python3        2290922 nvme1n1 WS   1013610752 131072   27.863
12:58:26.275 python3        2290922 nvme1n1 WS   1013611008 131072   27.925
12:58:26.275 python3        2290922 nvme1n1 WS   1013611264 131072   27.985
12:58:26.275 python3        2290922 nvme1n1 WS   1013611520 131072   28.044
12:58:26.275 python3        2290922 nvme1n1 WS   1013611776 131072   28.106
12:58:26.275 python3        2290922 nvme1n1 WS   1013616640 131072   26.067
12:58:26.275 python3        2290922 nvme1n1 WS   1013616896 131072   26.151
12:58:26.275 python3        2290922 nvme1n1 WS   1013617152 131072   26.279
12:58:26.276 python3        2290922 nvme1n1 WS   1013617408 131072   26.412
12:58:26.276 python3        2290922 nvme1n1 WS   1013612032 131072   28.660
12:58:26.276 python3        2290922 nvme1n1 WS   1013612288 131072   28.770
12:58:26.276 python3        2290922 nvme1n1 WS   1013612544 131072   28.897
12:58:26.276 python3        2290922 nvme1n1 WS   1013612800 131072   29.037
12:58:26.276 python3        2290922 nvme1n1 WS   1013617664 131072   27.067
12:58:26.276 python3        2290922 nvme1n1 WS   1013617920 131072   27.195
12:58:26.276 python3        2290922 nvme1n1 WS   1013618176 131072   27.314
12:58:26.276 python3        2290922 nvme1n1 WS   1013618432 131072   27.367
12:58:26.276 python3        2290922 nvme1n1 WS   1013618688 131072   27.441
12:58:26.277 python3        2290922 nvme1n1 WS   1013618944 131072   27.514
12:58:26.277 python3        2290922 nvme1n1 WS   1013619200 131072   27.591
12:58:26.277 python3        2290922 nvme1n1 WS   1013619456 131072   27.677
12:58:26.277 python3        2290922 nvme1n1 WS   1013619712 131072   27.757
12:58:26.277 python3        2290922 nvme1n1 WS   1013619968 131072   27.835
12:58:26.277 python3        2290922 nvme1n1 WS   1013620224 131072   27.911
12:58:26.277 python3        2290922 nvme1n1 WS   1013620480 131072   27.979
12:58:26.277 python3        2290922 nvme1n1 WS   1013620736 131072   28.047
12:58:26.277 python3        2290922 nvme1n1 WS   1013620992 131072   28.174
12:58:26.277 python3        2290920 nvme1n1 WS   1013624832 131072   27.117
12:58:26.278 python3        2290920 nvme1n1 WS   1013625088 131072   27.242
12:58:26.278 python3        2290920 nvme1n1 WS   1013625344 131072   27.369
12:58:26.278 python3        2290920 nvme1n1 WS   1013625600 131072   27.465
12:58:26.278 python3        2290920 nvme1n1 WS   1013625856 131072   27.522
12:58:26.278 python3        2290920 nvme1n1 WS   1013626112 131072   27.584
12:58:26.278 python3        2290920 nvme1n1 WS   1013626368 131072   27.700
12:58:26.278 python3        2290920 nvme1n1 WS   1013626624 131072   27.792
12:58:26.278 python3        2290920 nvme1n1 WS   1013626880 131072   27.891
12:58:26.278 python3        2290920 nvme1n1 WS   1013627136 131072   27.971
12:58:26.278 python3        2290920 nvme1n1 WS   1013627392 131072   28.035
12:58:26.278 python3        2290920 nvme1n1 WS   1013627648 131072   28.091
12:58:26.278 python3        2290920 nvme1n1 WS   1013627904 131072   28.167
12:58:26.279 python3        2290920 nvme1n1 WS   1013628160 131072   28.232
12:58:26.279 python3        2290920 nvme1n1 WS   1013628416 131072   28.392
12:58:26.279 python3        2290920 nvme1n1 WS   1013628672 131072   28.508
12:58:26.279 python3        2290920 nvme1n1 WS   1013628928 131072   28.633
12:58:26.279 python3        2290920 nvme1n1 WS   1013629184 131072   28.760
12:58:26.279 python3        2290920 nvme1n1 WS   1013633024 131072   26.981
12:58:26.279 python3        2290920 nvme1n1 WS   1013633280 131072   27.117
12:58:26.280 python3        2290920 nvme1n1 WS   1013633536 131072   27.256
12:58:26.280 python3        2290920 nvme1n1 WS   1013633792 131072   27.401
12:58:26.280 python3        2290920 nvme1n1 WS   1013634048 131072   27.541
12:58:26.280 python3        2290920 nvme1n1 WS   1013634304 131072   27.679
12:58:26.280 python3        2290920 nvme1n1 WS   1013634560 131072   27.823
12:58:26.280 python3        2290920 nvme1n1 WS   1013634816 131072   27.937
12:58:26.280 python3        2290920 nvme1n1 WS   1013635072 131072   28.084
12:58:26.281 python3        2290920 nvme1n1 WS   1013635328 131072   28.219
12:58:26.281 python3        2290920 nvme1n1 WS   1013635584 131072   28.349
12:58:26.281 python3        2290920 nvme1n1 WS   1013635840 131072   28.451
12:58:26.281 python3        2290920 nvme1n1 WS   1013636096 131072   28.535
12:58:26.281 python3        2290920 nvme1n1 WS   1013636352 131072   28.626
12:58:26.281 python3        2290920 nvme1n1 WS   1013636608 131072   28.694
12:58:26.281 python3        2290920 nvme1n1 WS   1013636864 131072   28.760
12:58:26.281 python3        2290920 nvme1n1 WS   1013637120 131072   28.840
12:58:26.281 python3        2290920 nvme1n1 WS   1013637376 131072   28.920
12:58:26.281 python3        2290920 nvme1n1 WS   1013641216 131072   27.163
12:58:26.281 python3        2290920 nvme1n1 WS   1013641472 131072   27.239
12:58:26.282 python3        2290920 nvme1n1 WS   1013641728 131072   27.320
12:58:26.282 python3        2290920 nvme1n1 WS   1013641984 131072   27.400
12:58:26.282 python3        2290920 nvme1n1 WS   1013642240 131072   27.474
12:58:26.282 python3        2290920 nvme1n1 WS   1013642496 131072   27.550
12:58:26.282 python3        2290920 nvme1n1 WS   1013642752 131072   27.627
12:58:26.282 python3        2290920 nvme1n1 WS   1013643008 131072   27.667
12:58:26.282 python3        2290920 nvme1n1 WS   1013643264 131072   27.738
12:58:26.282 python3        2290920 nvme1n1 WS   1013643520 131072   27.820
12:58:26.282 python3        2290920 nvme1n1 WS   1013643776 131072   27.934
12:58:26.282 python3        2290920 nvme1n1 WS   1013644032 131072   28.016
12:58:26.282 python3        2290920 nvme1n1 WS   1013644288 131072   28.099
12:58:26.282 python3        2290920 nvme1n1 WS   1013644544 131072   28.159
12:58:26.283 python3        2290920 nvme1n1 WS   1013644800 131072   28.221
12:58:26.283 python3        2290920 nvme1n1 WS   1013645056 131072   28.261
12:58:26.283 python3        2290920 nvme1n1 WS   1013645312 131072   28.323
12:58:26.283 python3        2290920 nvme1n1 WS   1013645568 131072   28.387
12:58:26.283 python3        2290922 nvme1n1 WS   1013649408 131072   26.723
12:58:26.283 python3        2290922 nvme1n1 WS   1013649664 131072   26.832
12:58:26.283 python3        2290922 nvme1n1 WS   1013649920 131072   26.972
12:58:26.283 python3        2290922 nvme1n1 WS   1013650176 131072   27.113
12:58:26.283 python3        2290922 nvme1n1 WS   1013650432 131072   27.253
12:58:26.283 python3        2290922 nvme1n1 WS   1013650688 131072   27.382
12:58:26.284 python3        2290922 nvme1n1 WS   1013650944 131072   27.522
12:58:26.284 python3        2290922 nvme1n1 WS   1013651200 131072   27.594
12:58:26.284 python3        2290922 nvme1n1 WS   1013651456 131072   27.674
12:58:26.284 python3        2290922 nvme1n1 WS   1013651712 131072   27.749
12:58:26.284 python3        2290922 nvme1n1 WS   1013651968 131072   27.828
12:58:26.284 python3        2290922 nvme1n1 WS   1013652224 131072   27.906
12:58:26.284 python3        2290922 nvme1n1 WS   1013657600 131072   25.737
12:58:26.284 python3        2290922 nvme1n1 WS   1013657856 131072   25.798
12:58:26.284 python3        2290922 nvme1n1 WS   1013658112 131072   25.870
12:58:26.284 python3        2290922 nvme1n1 WS   1013658368 131072   25.950
12:58:26.284 python3        2290922 nvme1n1 WS   1013658624 131072   26.009
12:58:26.284 python3        2290922 nvme1n1 WS   1013658880 131072   26.072
12:58:26.285 python3        2290922 nvme1n1 WS   1013659136 131072   26.197
12:58:26.285 python3        2290922 nvme1n1 WS   1013659392 131072   26.296
12:58:26.285 python3        2290922 nvme1n1 WS   1013659648 131072   26.425
12:58:26.285 python3        2290922 nvme1n1 WS   1013659904 131072   26.525
12:58:26.285 python3        2290922 nvme1n1 WS   1013660160 131072   26.688
12:58:26.285 python3        2290922 nvme1n1 WS   1013660416 131072   26.810
12:58:26.285 python3        2290922 nvme1n1 WS   1013652480 131072   29.261
12:58:26.285 python3        2290922 nvme1n1 WS   1013652736 131072   29.339
12:58:26.286 python3        2290922 nvme1n1 WS   1013652992 131072   29.417
12:58:26.286 python3        2290922 nvme1n1 WS   1013653248 131072   29.481
12:58:26.286 python3        2290922 nvme1n1 WS   1013660672 131072   27.293
12:58:26.286 python3        2290922 nvme1n1 WS   1013660928 131072   27.419
12:58:26.286 python3        2290922 nvme1n1 WS   1013661184 131072   27.545
12:58:26.286 python3        2290922 nvme1n1 WS   1013661440 131072   27.650
12:58:26.286 python3        2290922 nvme1n1 WS   1013661696 131072   27.776
12:58:26.286 python3        2290922 nvme1n1 WS   1013661952 131072   27.905
12:58:26.287 python3        2290922 nvme1n1 WS   1013653504 131072   30.371
12:58:26.287 python3        2290922 nvme1n1 WS   1013653760 131072   30.505
12:58:26.287 python3        2290923 nvme1n1 WS   1013665792 131072   26.315
12:58:26.287 python3        2290923 nvme1n1 WS   1013666048 131072   26.395
12:58:26.287 python3        2290923 nvme1n1 WS   1013666304 131072   26.475
12:58:26.287 python3        2290923 nvme1n1 WS   1013666560 131072   26.554
12:58:26.287 python3        2290923 nvme1n1 WS   1013666816 131072   26.662
12:58:26.287 python3        2290923 nvme1n1 WS   1013667072 131072   26.736
12:58:26.287 python3        2290923 nvme1n1 WS   1013667328 131072   26.816
12:58:26.287 python3        2290923 nvme1n1 WS   1013667584 131072   26.868
12:58:26.287 python3        2290923 nvme1n1 WS   1013667840 131072   26.950
12:58:26.288 python3        2290923 nvme1n1 WS   1013668096 131072   27.029
12:58:26.288 python3        2290923 nvme1n1 WS   1013668352 131072   27.136
12:58:26.288 python3        2290923 nvme1n1 WS   1013668608 131072   27.245
12:58:26.288 python3        2290923 nvme1n1 WS   1013668864 131072   27.329
12:58:26.288 python3        2290923 nvme1n1 WS   1013669120 131072   27.408
12:58:26.288 python3        2290921 nvme1n1 WS   1013673984 131072   26.138
12:58:26.288 python3        2290921 nvme1n1 WS   1013674240 131072   26.209
12:58:26.288 python3        2290921 nvme1n1 WS   1013674496 131072   26.287
12:58:26.288 python3        2290921 nvme1n1 WS   1013674752 131072   26.365
12:58:26.288 python3        2290921 nvme1n1 WS   1013675008 131072   26.446
12:58:26.288 python3        2290921 nvme1n1 WS   1013675264 131072   26.514
12:58:26.289 python3        2290921 nvme1n1 WS   1013675520 131072   26.591
12:58:26.289 python3        2290921 nvme1n1 WS   1013675776 131072   26.624
12:58:26.289 python3        2290921 nvme1n1 WS   1013676032 131072   26.696
12:58:26.289 python3        2290921 nvme1n1 WS   1013676288 131072   26.777
12:58:26.289 python3        2290921 nvme1n1 WS   1013676544 131072   26.859
12:58:26.289 python3        2290921 nvme1n1 WS   1013676800 131072   26.950
12:58:26.289 python3        2290923 nvme1n1 WS   1013669376 131072   28.524
12:58:26.289 python3        2290923 nvme1n1 WS   1013669632 131072   28.633
12:58:26.289 python3        2290923 nvme1n1 WS   1013669888 131072   28.758
12:58:26.290 python3        2290923 nvme1n1 WS   1013670144 131072   28.884
12:58:26.290 python3        2290921 nvme1n1 WS   1013677056 131072   27.601
12:58:26.290 python3        2290921 nvme1n1 WS   1013677312 131072   27.734
12:58:26.290 python3        2290921 nvme1n1 WS   1013677568 131072   27.876
12:58:26.290 python3        2290921 nvme1n1 WS   1013677824 131072   27.993
12:58:26.290 python3        2290921 nvme1n1 WS   1013678080 131072   28.137
12:58:26.290 python3        2290921 nvme1n1 WS   1013678336 131072   28.279
12:58:26.290 python3        2290923 nvme1n1 WS   1013682176 131072   26.092
12:58:26.291 python3        2290923 nvme1n1 WS   1013682432 131072   26.229
12:58:26.291 python3        2290923 nvme1n1 WS   1013682688 131072   26.371
12:58:26.291 python3        2290923 nvme1n1 WS   1013682944 131072   26.498
12:58:26.291 python3        2290923 nvme1n1 WS   1013683200 131072   26.629
12:58:26.291 python3        2290923 nvme1n1 WS   1013683456 131072   26.732
12:58:26.291 python3        2290923 nvme1n1 WS   1013683712 131072   26.807
12:58:26.291 python3        2290923 nvme1n1 WS   1013683968 131072   26.855
12:58:26.291 python3        2290923 nvme1n1 WS   1013684224 131072   26.930
12:58:26.291 python3        2290923 nvme1n1 WS   1013684480 131072   27.002
12:58:26.292 python3        2290923 nvme1n1 WS   1013684736 131072   27.081
12:58:26.292 python3        2290923 nvme1n1 WS   1013684992 131072   27.162
12:58:26.292 python3        2290923 nvme1n1 WS   1013685248 131072   27.274
12:58:26.292 python3        2290923 nvme1n1 WS   1013685504 131072   27.350
12:58:26.292 python3        2290923 nvme1n1 WS   1013685760 131072   27.426
12:58:26.292 python3        2290923 nvme1n1 WS   1013686016 131072   27.485
12:58:26.292 python3        2290921 nvme1n1 WS   1013690368 131072   26.376
12:58:26.292 python3        2290921 nvme1n1 WS   1013690624 131072   26.448
12:58:26.292 python3        2290921 nvme1n1 WS   1013690880 131072   26.521
12:58:26.292 python3        2290921 nvme1n1 WS   1013691136 131072   26.597
12:58:26.292 python3        2290921 nvme1n1 WS   1013691392 131072   26.673
12:58:26.292 python3        2290921 nvme1n1 WS   1013691648 131072   26.754
12:58:26.293 python3        2290921 nvme1n1 WS   1013691904 131072   26.851
12:58:26.293 python3        2290921 nvme1n1 WS   1013692160 131072   26.953
12:58:26.293 python3        2290921 nvme1n1 WS   1013692416 131072   27.044
12:58:26.293 python3        2290921 nvme1n1 WS   1013692672 131072   27.162
12:58:26.293 python3        2290921 nvme1n1 WS   1013692928 131072   27.289
12:58:26.293 python3        2290921 nvme1n1 WS   1013693184 131072   27.413
12:58:26.293 python3        2290923 nvme1n1 WS   1013686272 131072   28.813
12:58:26.293 python3        2290923 nvme1n1 WS   1013686528 131072   28.937
12:58:26.294 python3        2290921 nvme1n1 WS   1013693440 131072   27.801
12:58:26.294 python3        2290921 nvme1n1 WS   1013693696 131072   27.928
12:58:26.294 python3        2290921 nvme1n1 WS   1013693952 131072   28.024
12:58:26.294 python3        2290921 nvme1n1 WS   1013694208 131072   28.079
12:58:26.294 python3        2290921 nvme1n1 WS   1013694464 131072   28.155
12:58:26.294 python3        2290921 nvme1n1 WS   1013694720 131072   28.236
12:58:26.294 python3        2290921 nvme1n1 WS   1013698560 131072   26.257
12:58:26.294 python3        2290921 nvme1n1 WS   1013698816 131072   26.330
12:58:26.294 python3        2290921 nvme1n1 WS   1013699072 131072   26.402
12:58:26.294 python3        2290921 nvme1n1 WS   1013699328 131072   26.479
12:58:26.295 python3        2290921 nvme1n1 WS   1013699584 131072   26.553
12:58:26.295 python3        2290921 nvme1n1 WS   1013699840 131072   26.632
12:58:26.295 python3        2290921 nvme1n1 WS   1013700096 131072   26.707
12:58:26.295 python3        2290921 nvme1n1 WS   1013700352 131072   26.764
12:58:26.295 python3        2290921 nvme1n1 WS   1013700608 131072   26.840
12:58:26.295 python3        2290921 nvme1n1 WS   1013700864 131072   26.919
12:58:26.295 python3        2290921 nvme1n1 WS   1013701120 131072   26.981
12:58:26.295 python3        2290921 nvme1n1 WS   1013701376 131072   27.041
12:58:26.295 python3        2290921 nvme1n1 WS   1013701632 131072   27.146
12:58:26.295 python3        2290921 nvme1n1 WS   1013701888 131072   27.274
12:58:26.295 python3        2290921 nvme1n1 WS   1013702144 131072   27.398
12:58:26.295 python3        2290921 nvme1n1 WS   1013702400 131072   27.482
12:58:26.296 python3        2290921 nvme1n1 WS   1013702656 131072   27.582
12:58:26.296 python3        2290921 nvme1n1 WS   1013702912 131072   27.665
12:58:26.296 python3        2290921 nvme1n1 WS   1013706752 131072   25.639
12:58:26.296 python3        2290921 nvme1n1 WS   1013707008 131072   25.716
12:58:26.296 python3        2290921 nvme1n1 WS   1013707264 131072   25.789
12:58:26.296 python3        2290921 nvme1n1 WS   1013707520 131072   25.869
12:58:26.296 python3        2290921 nvme1n1 WS   1013707776 131072   25.979
12:58:26.296 python3        2290921 nvme1n1 WS   1013708032 131072   26.103
12:58:26.296 python3        2290921 nvme1n1 WS   1013708288 131072   26.230
12:58:26.297 python3        2290921 nvme1n1 WS   1013708544 131072   26.323
12:58:26.297 python3        2290921 nvme1n1 WS   1013708800 131072   26.447
12:58:26.297 python3        2290921 nvme1n1 WS   1013709056 131072   26.578
12:58:26.297 python3        2290921 nvme1n1 WS   1013709312 131072   26.717
12:58:26.297 python3        2290921 nvme1n1 WS   1013709568 131072   26.858
12:58:26.297 python3        2290920 nvme1n1 WS   1013714944 131072   26.110
12:58:26.297 python3        2290920 nvme1n1 WS   1013715200 131072   26.246
12:58:26.297 python3        2290920 nvme1n1 WS   1013715456 131072   26.387
12:58:26.298 python3        2290920 nvme1n1 WS   1013715712 131072   26.527
12:58:26.298 python3        2290921 nvme1n1 WS   1013709824 131072   27.583
12:58:26.298 python3        2290921 nvme1n1 WS   1013710080 131072   27.723
12:58:26.298 python3        2290921 nvme1n1 WS   1013710336 131072   27.854
12:58:26.298 python3        2290921 nvme1n1 WS   1013710592 131072   27.949
12:58:26.298 python3        2290921 nvme1n1 WS   1013710848 131072   28.086
12:58:26.298 python3        2290921 nvme1n1 WS   1013711104 131072   28.159
12:58:26.298 python3        2290920 nvme1n1 WS   1013715968 131072   27.370
12:58:26.299 python3        2290920 nvme1n1 WS   1013716224 131072   27.447
12:58:26.299 python3        2290920 nvme1n1 WS   1013716480 131072   27.525
12:58:26.299 python3        2290920 nvme1n1 WS   1013716736 131072   27.566
12:58:26.299 python3        2290920 nvme1n1 WS   1013716992 131072   27.646
12:58:26.299 python3        2290920 nvme1n1 WS   1013717248 131072   27.726
12:58:26.299 python3        2290920 nvme1n1 WS   1013717504 131072   27.801
12:58:26.299 python3        2290920 nvme1n1 WS   1013717760 131072   27.878
12:58:26.299 python3        2290920 nvme1n1 WS   1013718016 131072   27.950
12:58:26.299 python3        2290920 nvme1n1 WS   1013718272 131072   28.030
12:58:26.299 python3        2290920 nvme1n1 WS   1013718528 131072   28.105
12:58:26.299 python3        2290920 nvme1n1 WS   1013718784 131072   28.163
12:58:26.299 python3        2290920 nvme1n1 WS   1013719040 131072   28.235
12:58:26.300 python3        2290920 nvme1n1 WS   1013719296 131072   28.320
12:58:26.300 python3        2290923 nvme1n1 WS   1013723136 131072   25.486
12:58:26.300 python3        2290923 nvme1n1 WS   1013723392 131072   25.611
12:58:26.300 python3        2290923 nvme1n1 WS   1013723648 131072   25.736
12:58:26.300 python3        2290923 nvme1n1 WS   1013723904 131072   25.860
12:58:26.300 python3        2290923 nvme1n1 WS   1013724160 131072   25.985
12:58:26.300 python3        2290923 nvme1n1 WS   1013724416 131072   26.115
12:58:26.300 python3        2290923 nvme1n1 WS   1013724672 131072   26.257
12:58:26.301 python3        2290923 nvme1n1 WS   1013724928 131072   26.367
12:58:26.301 python3        2290923 nvme1n1 WS   1013725184 131072   26.507
12:58:26.301 python3        2290923 nvme1n1 WS   1013725440 131072   26.649
12:58:26.301 python3        2290923 nvme1n1 WS   1013725696 131072   26.788
12:58:26.301 python3        2290923 nvme1n1 WS   1013725952 131072   26.912
12:58:26.301 python3        2290923 nvme1n1 WS   1013726208 131072   27.036
12:58:26.301 python3        2290923 nvme1n1 WS   1013726464 131072   27.118
12:58:26.301 python3        2290923 nvme1n1 WS   1013726720 131072   27.196
12:58:26.301 python3        2290923 nvme1n1 WS   1013726976 131072   27.253
12:58:26.302 python3        2290923 nvme1n1 WS   1013731328 131072   26.861
12:58:26.302 python3        2290923 nvme1n1 WS   1013731584 131072   26.930
12:58:26.302 python3        2290923 nvme1n1 WS   1013731840 131072   27.008
12:58:26.302 python3        2290923 nvme1n1 WS   1013732096 131072   27.088
12:58:26.302 python3        2290923 nvme1n1 WS   1013732352 131072   27.166
12:58:26.302 python3        2290923 nvme1n1 WS   1013732608 131072   27.242
12:58:26.302 python3        2290923 nvme1n1 WS   1013732864 131072   27.318
12:58:26.302 python3        2290923 nvme1n1 WS   1013733120 131072   27.366
12:58:26.302 python3        2290923 nvme1n1 WS   1013733376 131072   27.442
12:58:26.302 python3        2290923 nvme1n1 WS   1013733632 131072   27.519
12:58:26.302 python3        2290923 nvme1n1 WS   1013733888 131072   27.592
12:58:26.302 python3        2290923 nvme1n1 WS   1013734144 131072   27.668
12:58:26.303 python3        2290923 nvme1n1 WS   1013727232 131072   28.298
12:58:26.303 python3        2290923 nvme1n1 WS   1013727488 131072   28.372
12:58:26.303 python3        2290922 nvme1n1 WS   1013739520 131072   26.039
12:58:26.303 python3        2290922 nvme1n1 WS   1013739776 131072   26.113
12:58:26.303 python3        2290923 nvme1n1 WS   1013734400 131072   28.064
12:58:26.303 python3        2290923 nvme1n1 WS   1013734656 131072   28.138
12:58:26.303 python3        2290923 nvme1n1 WS   1013734912 131072   28.215
12:58:26.303 python3        2290923 nvme1n1 WS   1013735168 131072   28.274
12:58:26.303 python3        2290923 nvme1n1 WS   1013735424 131072   28.356
12:58:26.303 python3        2290923 nvme1n1 WS   1013735680 131072   28.419
12:58:26.303 python3        2290922 nvme1n1 WS   1013740032 131072   26.641
12:58:26.303 python3        2290922 nvme1n1 WS   1013740288 131072   26.715
12:58:26.303 python3        2290922 nvme1n1 WS   1013740544 131072   26.840
12:58:26.304 python3        2290922 nvme1n1 WS   1013740800 131072   26.968
12:58:26.304 python3        2290922 nvme1n1 WS   1013741056 131072   27.090
12:58:26.304 python3        2290922 nvme1n1 WS   1013741312 131072   27.200
12:58:26.304 python3        2290922 nvme1n1 WS   1013741568 131072   27.340
12:58:26.304 python3        2290922 nvme1n1 WS   1013741824 131072   27.481
12:58:26.304 python3        2290922 nvme1n1 WS   1013742080 131072   27.654
12:58:26.305 python3        2290922 nvme1n1 WS   1013742336 131072   27.776
12:58:26.305 python3        2290922 nvme1n1 WS   1013742592 131072   27.175
12:58:26.305 python3        2290922 nvme1n1 WS   1013742848 131072   27.317
12:58:26.305 python3        2290922 nvme1n1 WS   1013743104 131072   27.458
12:58:26.305 python3        2290922 nvme1n1 WS   1013743360 131072   27.571
12:58:26.305 python3        2290922 nvme1n1 WS   1013743616 131072   27.711
12:58:26.305 python3        2290922 nvme1n1 WS   1013743872 131072   27.825
12:58:26.305 python3        2290922 nvme1n1 WS   1013747712 131072   27.428
12:58:26.306 python3        2290922 nvme1n1 WS   1013747968 131072   27.509
12:58:26.306 python3        2290922 nvme1n1 WS   1013748224 131072   27.585
12:58:26.306 python3        2290922 nvme1n1 WS   1013748480 131072   27.663
12:58:26.306 python3        2290922 nvme1n1 WS   1013748736 131072   27.744
12:58:26.306 python3        2290922 nvme1n1 WS   1013748992 131072   27.827
12:58:26.306 python3        2290922 nvme1n1 WS   1013749248 131072   27.909
12:58:26.306 python3        2290922 nvme1n1 WS   1013749504 131072   27.953
12:58:26.306 python3        2290922 nvme1n1 WS   1013749760 131072   27.371
12:58:26.306 python3        2290922 nvme1n1 WS   1013750016 131072   27.444
12:58:26.306 python3        2290922 nvme1n1 WS   1013750272 131072   27.519
12:58:26.306 python3        2290922 nvme1n1 WS   1013750528 131072   27.594
12:58:26.306 python3        2290920 nvme1n1 WS   1013755904 131072   26.609
12:58:26.307 python3        2290920 nvme1n1 WS   1013756160 131072   26.673
12:58:26.307 python3        2290920 nvme1n1 WS   1013756416 131072   26.755
12:58:26.307 python3        2290920 nvme1n1 WS   1013756672 131072   26.814
12:58:26.307 python3        2290922 nvme1n1 WS   1013750784 131072   27.999
12:58:26.307 python3        2290922 nvme1n1 WS   1013751040 131072   28.125
12:58:26.307 python3        2290922 nvme1n1 WS   1013751296 131072   28.251
12:58:26.307 python3        2290922 nvme1n1 WS   1013751552 131072   28.333
12:58:26.307 python3        2290922 nvme1n1 WS   1013751808 131072   27.355
12:58:26.307 python3        2290922 nvme1n1 WS   1013752064 131072   27.493
12:58:26.308 python3        2290920 nvme1n1 WS   1013756928 131072   27.728
12:58:26.308 python3        2290920 nvme1n1 WS   1013757184 131072   27.867
12:58:26.308 python3        2290920 nvme1n1 WS   1013757440 131072   28.008
12:58:26.308 python3        2290920 nvme1n1 WS   1013757696 131072   28.111
12:58:26.308 python3        2290920 nvme1n1 WS   1013757952 131072   28.242
12:58:26.308 python3        2290920 nvme1n1 WS   1013758208 131072   28.359
12:58:26.308 python3        2290920 nvme1n1 WS   1013758464 131072   28.440
12:58:26.308 python3        2290920 nvme1n1 WS   1013758720 131072   28.514
12:58:26.309 python3        2290920 nvme1n1 WS   1013758976 131072   28.589
12:58:26.309 python3        2290920 nvme1n1 WS   1013759232 131072   28.661
12:58:26.309 python3        2290920 nvme1n1 WS   1013759488 131072   28.736
12:58:26.309 python3        2290920 nvme1n1 WS   1013759744 131072   28.796
12:58:26.309 python3        2290920 nvme1n1 WS   1013764096 131072   26.890
12:58:26.309 python3        2290920 nvme1n1 WS   1013764352 131072   26.961
12:58:26.309 python3        2290920 nvme1n1 WS   1013764608 131072   27.039
12:58:26.309 python3        2290920 nvme1n1 WS   1013764864 131072   27.101
12:58:26.309 python3        2290920 nvme1n1 WS   1013760000 131072   29.209
12:58:26.309 python3        2290920 nvme1n1 WS   1013760256 131072   29.272
12:58:26.309 python3        2290920 nvme1n1 WS   1013772288 131072   25.909
12:58:26.309 python3        2290920 nvme1n1 WS   1013772544 131072   25.975
12:58:26.309 python3        2290920 nvme1n1 WS   1013772800 131072   26.052
12:58:26.310 python3        2290920 nvme1n1 WS   1013773056 131072   26.128
12:58:26.310 python3        2290920 nvme1n1 WS   1013773312 131072   26.204
12:58:26.310 python3        2290920 nvme1n1 WS   1013773568 131072   26.281
12:58:26.310 python3        2290920 nvme1n1 WS   1013773824 131072   26.358
12:58:26.310 python3        2290920 nvme1n1 WS   1013774080 131072   26.408
12:58:26.310 python3        2290920 nvme1n1 WS   1013774336 131072   26.493
12:58:26.310 python3        2290920 nvme1n1 WS   1013774592 131072   26.550
12:58:26.310 python3        2290920 nvme1n1 WS   1013774848 131072   26.654
12:58:26.310 python3        2290920 nvme1n1 WS   1013775104 131072   26.779
12:58:26.310 python3        2290920 nvme1n1 WS   1013765120 131072   28.402
12:58:26.311 python3        2290920 nvme1n1 WS   1013765376 131072   28.524
12:58:26.311 python3        2290920 nvme1n1 WS   1013765632 131072   28.686
12:58:26.311 python3        2290920 nvme1n1 WS   1013765888 131072   28.790
12:58:26.311 python3        2290920 nvme1n1 WS   1013775360 131072   27.422
12:58:26.311 python3        2290920 nvme1n1 WS   1013775616 131072   27.499
12:58:26.311 python3        2290920 nvme1n1 WS   1013775872 131072   27.580
12:58:26.311 python3        2290920 nvme1n1 WS   1013776128 131072   27.638
12:58:26.311 python3        2290920 nvme1n1 WS   1013776384 131072   27.717
12:58:26.311 python3        2290920 nvme1n1 WS   1013776640 131072   27.791
12:58:26.311 python3        2290920 nvme1n1 WS   1013766144 131072   29.360
12:58:26.311 python3        2290920 nvme1n1 WS   1013766400 131072   29.435
12:58:26.312 python3        2290920 nvme1n1 WS   1013766656 131072   29.515
12:58:26.312 python3        2290920 nvme1n1 WS   1013766912 131072   29.595
12:58:26.312 python3        2290920 nvme1n1 WS   1013767168 131072   29.671
12:58:26.312 python3        2290920 nvme1n1 WS   1013767424 131072   29.746
12:58:26.312 python3        2290920 nvme1n1 WS   1013767680 131072   29.823
12:58:26.312 python3        2290920 nvme1n1 WS   1013767936 131072   29.883
12:58:26.312 python3        2290920 nvme1n1 WS   1013768192 131072   29.956
12:58:26.312 python3        2290920 nvme1n1 WS   1013768448 131072   30.034
12:58:26.312 python3        2290922 nvme1n1 WS   1013780480 131072   24.585
12:58:26.312 python3        2290922 nvme1n1 WS   1013780736 131072   24.659
12:58:26.312 python3        2290922 nvme1n1 WS   1013780992 131072   24.732
12:58:26.312 python3        2290922 nvme1n1 WS   1013781248 131072   24.809
12:58:26.313 python3        2290922 nvme1n1 WS   1013781504 131072   24.886
12:58:26.313 python3        2290922 nvme1n1 WS   1013781760 131072   24.963
12:58:26.313 python3        2290922 nvme1n1 WS   1013782016 131072   25.039
12:58:26.313 python3        2290922 nvme1n1 WS   1013782272 131072   25.086
12:58:26.313 python3        2290922 nvme1n1 WS   1013782528 131072   25.162
12:58:26.313 python3        2290922 nvme1n1 WS   1013782784 131072   25.245
12:58:26.313 python3        2290922 nvme1n1 WS   1013783040 131072   25.323
12:58:26.313 python3        2290922 nvme1n1 WS   1013783296 131072   25.399
12:58:26.313 python3        2290922 nvme1n1 WS   1013783552 131072   25.479
12:58:26.313 python3        2290922 nvme1n1 WS   1013783808 131072   25.541
12:58:26.313 python3        2290922 nvme1n1 WS   1013784064 131072   25.606
12:58:26.313 python3        2290922 nvme1n1 WS   1013784320 131072   25.717
12:58:26.314 python3        2290922 nvme1n1 WS   1013784576 131072   25.843
12:58:26.314 python3        2290922 nvme1n1 WS   1013784832 131072   25.971
12:58:26.314 python3        2290922 nvme1n1 WS   1013788672 131072   25.930
12:58:26.314 python3        2290922 nvme1n1 WS   1013788928 131072   26.067
12:58:26.314 python3        2290922 nvme1n1 WS   1013789184 131072   26.205
12:58:26.314 python3        2290922 nvme1n1 WS   1013789440 131072   26.345
12:58:26.314 python3        2290922 nvme1n1 WS   1013789696 131072   26.487
12:58:26.315 python3        2290922 nvme1n1 WS   1013789952 131072   26.630
12:58:26.315 python3        2290922 nvme1n1 WS   1013790208 131072   26.738
12:58:26.315 python3        2290922 nvme1n1 WS   1013790464 131072   26.854
12:58:26.315 python3        2290922 nvme1n1 WS   1013790720 131072   26.981
12:58:26.315 python3        2290922 nvme1n1 WS   1013790976 131072   27.098
12:58:26.315 python3        2290922 nvme1n1 WS   1013791232 131072   27.185
12:58:26.315 python3        2290922 nvme1n1 WS   1013791488 131072   27.260
12:58:26.315 python3        2290922 nvme1n1 WS   1013791744 131072   27.336
12:58:26.315 python3        2290922 nvme1n1 WS   1013792000 131072   27.411
12:58:26.316 python3        2290922 nvme1n1 WS   1013792256 131072   27.491
12:58:26.316 python3        2290922 nvme1n1 WS   1013792512 131072   27.553
12:58:26.316 python3        2290923 nvme1n1 WS   1013796864 131072   25.514
12:58:26.316 python3        2290923 nvme1n1 WS   1013797120 131072   25.582
12:58:26.316 python3        2290923 nvme1n1 WS   1013797376 131072   25.666
12:58:26.316 python3        2290923 nvme1n1 WS   1013797632 131072   25.737
12:58:26.316 python3        2290923 nvme1n1 WS   1013797888 131072   25.814
12:58:26.316 python3        2290923 nvme1n1 WS   1013798144 131072   25.896
12:58:26.316 python3        2290923 nvme1n1 WS   1013798400 131072   25.967
12:58:26.316 python3        2290923 nvme1n1 WS   1013798656 131072   26.022
12:58:26.316 python3        2290923 nvme1n1 WS   1013798912 131072   26.098
12:58:26.316 python3        2290923 nvme1n1 WS   1013799168 131072   26.170
12:58:26.317 python3        2290923 nvme1n1 WS   1013799424 131072   26.278
12:58:26.317 python3        2290923 nvme1n1 WS   1013799680 131072   26.358
12:58:26.317 python3        2290922 nvme1n1 WS   1013792768 131072   28.662
12:58:26.317 python3        2290922 nvme1n1 WS   1013793024 131072   28.789
12:58:26.317 python3        2290921 nvme1n1 WS   1013805056 131072   26.063
12:58:26.317 python3        2290921 nvme1n1 WS   1013805312 131072   26.182
12:58:26.317 python3        2290921 nvme1n1 WS   1013805568 131072   26.307
12:58:26.317 python3        2290921 nvme1n1 WS   1013805824 131072   26.433
12:58:26.318 python3        2290921 nvme1n1 WS   1013806080 131072   26.564
12:58:26.318 python3        2290921 nvme1n1 WS   1013806336 131072   26.643
12:58:26.318 python3        2290921 nvme1n1 WS   1013806592 131072   26.727
12:58:26.318 python3        2290921 nvme1n1 WS   1013806848 131072   26.776
12:58:26.318 python3        2290921 nvme1n1 WS   1013807104 131072   26.855
12:58:26.318 python3        2290921 nvme1n1 WS   1013807360 131072   26.935
12:58:26.318 python3        2290921 nvme1n1 WS   1013807616 131072   27.016
12:58:26.318 python3        2290921 nvme1n1 WS   1013807872 131072   27.094
12:58:26.318 python3        2290923 nvme1n1 WS   1013799936 131072   27.922
12:58:26.318 python3        2290923 nvme1n1 WS   1013800192 131072   27.998
12:58:26.318 python3        2290923 nvme1n1 WS   1013800448 131072   28.072
12:58:26.318 python3        2290923 nvme1n1 WS   1013800704 131072   28.139
12:58:26.319 python3        2290921 nvme1n1 WS   1013808128 131072   27.501
12:58:26.319 python3        2290921 nvme1n1 WS   1013808384 131072   27.577
12:58:26.319 python3        2290921 nvme1n1 WS   1013808640 131072   27.660
12:58:26.319 python3        2290921 nvme1n1 WS   1013808896 131072   27.722
12:58:26.319 python3        2290921 nvme1n1 WS   1013809152 131072   27.796
12:58:26.319 python3        2290921 nvme1n1 WS   1013809408 131072   27.877
12:58:26.319 python3        2290923 nvme1n1 WS   1013800960 131072   28.719
12:58:26.319 python3        2290923 nvme1n1 WS   1013801216 131072   28.846
12:58:26.319 python3        2290921 nvme1n1 WS   1013813248 131072   24.776
12:58:26.319 python3        2290921 nvme1n1 WS   1013813504 131072   24.900
12:58:26.320 python3        2290921 nvme1n1 WS   1013813760 131072   25.022
12:58:26.320 python3        2290921 nvme1n1 WS   1013814016 131072   25.099
12:58:26.320 python3        2290921 nvme1n1 WS   1013814272 131072   25.199
12:58:26.320 python3        2290921 nvme1n1 WS   1013814528 131072   25.297
12:58:26.320 python3        2290921 nvme1n1 WS   1013814784 131072   25.381
12:58:26.320 python3        2290921 nvme1n1 WS   1013815040 131072   25.455
12:58:26.320 python3        2290921 nvme1n1 WS   1013815296 131072   25.584
12:58:26.320 python3        2290921 nvme1n1 WS   1013815552 131072   25.710
12:58:26.320 python3        2290921 nvme1n1 WS   1013815808 131072   25.834
12:58:26.321 python3        2290921 nvme1n1 WS   1013816064 131072   25.961
12:58:26.321 python3        2290921 nvme1n1 WS   1013816320 131072   26.091
12:58:26.321 python3        2290921 nvme1n1 WS   1013816576 131072   26.235
12:58:26.321 python3        2290921 nvme1n1 WS   1013816832 131072   26.376
12:58:26.321 python3        2290921 nvme1n1 WS   1013817088 131072   26.508
12:58:26.321 python3        2290923 nvme1n1 WS   1013821440 131072   26.570
12:58:26.321 python3        2290923 nvme1n1 WS   1013821696 131072   26.697
12:58:26.321 python3        2290923 nvme1n1 WS   1013821952 131072   26.807
12:58:26.322 python3        2290923 nvme1n1 WS   1013822208 131072   26.884
12:58:26.322 python3        2290923 nvme1n1 WS   1013822464 131072   26.964
12:58:26.322 python3        2290923 nvme1n1 WS   1013822720 131072   27.046
12:58:26.322 python3        2290923 nvme1n1 WS   1013822976 131072   27.109
12:58:26.322 python3        2290923 nvme1n1 WS   1013823232 131072   27.196
12:58:26.322 python3        2290923 nvme1n1 WS   1013823488 131072   27.312
12:58:26.322 python3        2290923 nvme1n1 WS   1013823744 131072   27.392
12:58:26.322 python3        2290923 nvme1n1 WS   1013824000 131072   27.464
12:58:26.322 python3        2290923 nvme1n1 WS   1013824256 131072   27.541
12:58:26.322 python3        2290921 nvme1n1 WS   1013817344 131072   27.787
12:58:26.322 python3        2290921 nvme1n1 WS   1013817600 131072   27.867
12:58:26.323 python3        2290923 nvme1n1 WS   1013824512 131072   27.785
12:58:26.323 python3        2290923 nvme1n1 WS   1013824768 131072   27.857
12:58:26.323 python3        2290923 nvme1n1 WS   1013825024 131072   27.933
12:58:26.323 python3        2290923 nvme1n1 WS   1013825280 131072   27.996
12:58:26.323 python3        2290923 nvme1n1 WS   1013825536 131072   28.111
12:58:26.323 python3        2290923 nvme1n1 WS   1013825792 131072   28.189
12:58:26.323 python3        2290921 nvme1n1 WS   1013829632 131072   26.515
12:58:26.323 python3        2290921 nvme1n1 WS   1013829888 131072   26.588
12:58:26.323 python3        2290921 nvme1n1 WS   1013830144 131072   26.665
12:58:26.323 python3        2290921 nvme1n1 WS   1013830400 131072   26.748
12:58:26.323 python3        2290921 nvme1n1 WS   1013830656 131072   26.825
12:58:26.323 python3        2290921 nvme1n1 WS   1013830912 131072   26.901
12:58:26.324 python3        2290921 nvme1n1 WS   1013831168 131072   26.982
12:58:26.324 python3        2290921 nvme1n1 WS   1013831424 131072   27.061
12:58:26.324 python3        2290921 nvme1n1 WS   1013831680 131072   27.188
12:58:26.324 python3        2290921 nvme1n1 WS   1013831936 131072   27.309
12:58:26.324 python3        2290921 nvme1n1 WS   1013832192 131072   27.438
12:58:26.324 python3        2290921 nvme1n1 WS   1013832448 131072   27.561
12:58:26.324 python3        2290921 nvme1n1 WS   1013832704 131072   27.695
12:58:26.324 python3        2290921 nvme1n1 WS   1013832960 131072   27.831
12:58:26.325 python3        2290921 nvme1n1 WS   1013833216 131072   27.967
12:58:26.325 python3        2290921 nvme1n1 WS   1013833472 131072   28.079
12:58:26.325 python3        2290921 nvme1n1 WS   1013837824 131072   25.758
12:58:26.325 python3        2290921 nvme1n1 WS   1013838080 131072   25.845
12:58:26.325 python3        2290921 nvme1n1 WS   1013838336 131072   25.923
12:58:26.325 python3        2290921 nvme1n1 WS   1013838592 131072   26.004
12:58:26.325 python3        2290921 nvme1n1 WS   1013838848 131072   26.088
12:58:26.325 python3        2290921 nvme1n1 WS   1013839104 131072   26.168
12:58:26.325 python3        2290921 nvme1n1 WS   1013839360 131072   26.251
12:58:26.325 python3        2290921 nvme1n1 WS   1013839616 131072   26.310
12:58:26.326 python3        2290921 nvme1n1 WS   1013839872 131072   26.390
12:58:26.326 python3        2290921 nvme1n1 WS   1013840128 131072   26.469
12:58:26.326 python3        2290921 nvme1n1 WS   1013840384 131072   26.543
12:58:26.326 python3        2290921 nvme1n1 WS   1013840640 131072   26.625
12:58:26.326 python3        2290921 nvme1n1 WS   1013833728 131072   29.236
12:58:26.326 python3        2290921 nvme1n1 WS   1013833984 131072   29.315
12:58:26.326 python3        2290921 nvme1n1 WS   1013840896 131072   26.868
12:58:26.326 python3        2290921 nvme1n1 WS   1013841152 131072   26.942
12:58:26.326 python3        2290921 nvme1n1 WS   1013841408 131072   27.022
12:58:26.326 python3        2290921 nvme1n1 WS   1013841664 131072   27.084
12:58:26.326 python3        2290921 nvme1n1 WS   1013841920 131072   27.199
12:58:26.327 python3        2290921 nvme1n1 WS   1013842176 131072   27.329
12:58:26.327 python3        2290923 nvme1n1 WS   1013846016 131072   23.545
12:58:26.327 python3        2290923 nvme1n1 WS   1013846272 131072   23.671
12:58:26.327 python3        2290923 nvme1n1 WS   1013846528 131072   23.764
12:58:26.327 python3        2290923 nvme1n1 WS   1013846784 131072   23.838
12:58:26.327 python3        2290923 nvme1n1 WS   1013847040 131072   23.899
12:58:26.327 python3        2290923 nvme1n1 WS   1013847296 131072   24.002
12:58:26.327 python3        2290923 nvme1n1 WS   1013847552 131072   24.128
12:58:26.327 python3        2290923 nvme1n1 WS   1013847808 131072   24.232
12:58:26.328 python3        2290923 nvme1n1 WS   1013848064 131072   24.357
12:58:26.328 python3        2290923 nvme1n1 WS   1013848320 131072   24.488
12:58:26.328 python3        2290923 nvme1n1 WS   1013848576 131072   24.629
12:58:26.328 python3        2290923 nvme1n1 WS   1013848832 131072   24.772
12:58:26.328 python3        2290923 nvme1n1 WS   1013849088 131072   24.916
12:58:26.328 python3        2290923 nvme1n1 WS   1013849344 131072   25.058
12:58:26.329 python3        2290923 nvme1n1 WS   1013849600 131072   25.193
12:58:26.329 python3        2290923 nvme1n1 WS   1013849856 131072   25.299
12:58:26.329 python3        2290923 nvme1n1 WS   1013850112 131072   25.381
12:58:26.329 python3        2290923 nvme1n1 WS   1013850368 131072   25.461
12:58:26.329 python3        2290923 nvme1n1 WS   1013854208 131072   24.825
12:58:26.329 python3        2290923 nvme1n1 WS   1013854464 131072   24.880
12:58:26.329 python3        2290923 nvme1n1 WS   1013854720 131072   24.956
12:58:26.329 python3        2290923 nvme1n1 WS   1013854976 131072   25.045
12:58:26.329 python3        2290923 nvme1n1 WS   1013855232 131072   25.114
12:58:26.329 python3        2290923 nvme1n1 WS   1013855488 131072   25.189
12:58:26.329 python3        2290923 nvme1n1 WS   1013855744 131072   25.295
12:58:26.329 python3        2290923 nvme1n1 WS   1013856000 131072   25.347
12:58:26.330 python3        2290923 nvme1n1 WS   1013856256 131072   25.422
12:58:26.330 python3        2290923 nvme1n1 WS   1013856512 131072   25.501
12:58:26.330 python3        2290923 nvme1n1 WS   1013856768 131072   25.580
12:58:26.330 python3        2290923 nvme1n1 WS   1013857024 131072   25.665
12:58:26.330 python3        2290923 nvme1n1 WS   1013857280 131072   25.747
12:58:26.330 python3        2290923 nvme1n1 WS   1013857536 131072   25.824
12:58:26.330 python3        2290923 nvme1n1 WS   1013857792 131072   25.906
12:58:26.330 python3        2290923 nvme1n1 WS   1013858048 131072   25.961
12:58:26.330 python3        2290923 nvme1n1 WS   1013858304 131072   26.025
12:58:26.330 python3        2290923 nvme1n1 WS   1013858560 131072   26.132
12:58:26.330 python3        2290922 nvme1n1 WS   1013862400 131072   24.007
12:58:26.330 python3        2290922 nvme1n1 WS   1013862656 131072   24.064
12:58:26.331 python3        2290922 nvme1n1 WS   1013862912 131072   24.126
12:58:26.331 python3        2290922 nvme1n1 WS   1013863168 131072   24.252
12:58:26.331 python3        2290922 nvme1n1 WS   1013863424 131072   24.379
12:58:26.331 python3        2290922 nvme1n1 WS   1013863680 131072   24.505
12:58:26.331 python3        2290922 nvme1n1 WS   1013863936 131072   24.656
12:58:26.331 python3        2290922 nvme1n1 WS   1013864192 131072   24.757
12:58:26.331 python3        2290922 nvme1n1 WS   1013864448 131072   24.898
12:58:26.331 python3        2290922 nvme1n1 WS   1013864704 131072   25.037
12:58:26.332 python3        2290922 nvme1n1 WS   1013864960 131072   25.180
12:58:26.332 python3        2290922 nvme1n1 WS   1013865216 131072   25.323
12:58:26.332 python3        2290922 nvme1n1 WS   1013865472 131072   25.466
12:58:26.332 python3        2290922 nvme1n1 WS   1013865728 131072   25.607
12:58:26.332 python3        2290922 nvme1n1 WS   1013865984 131072   25.739
12:58:26.332 python3        2290922 nvme1n1 WS   1013866240 131072   25.850
12:58:26.332 python3        2290922 nvme1n1 WS   1013866496 131072   25.944
12:58:26.333 python3        2290922 nvme1n1 WS   1013866752 131072   26.029
12:58:26.333 python3        2290922 nvme1n1 WS   1013870592 131072   24.372
12:58:26.333 python3        2290922 nvme1n1 WS   1013870848 131072   24.446
12:58:26.333 python3        2290922 nvme1n1 WS   1013871104 131072   24.524
12:58:26.333 python3        2290922 nvme1n1 WS   1013871360 131072   24.604
12:58:26.333 python3        2290922 nvme1n1 WS   1013871616 131072   24.688
12:58:26.333 python3        2290922 nvme1n1 WS   1013871872 131072   24.764
12:58:26.333 python3        2290922 nvme1n1 WS   1013872128 131072   24.845
12:58:26.333 python3        2290922 nvme1n1 WS   1013872384 131072   24.898
12:58:26.333 python3        2290922 nvme1n1 WS   1013872640 131072   24.969
12:58:26.333 python3        2290922 nvme1n1 WS   1013872896 131072   25.053
12:58:26.333 python3        2290922 nvme1n1 WS   1013873152 131072   25.128
12:58:26.333 python3        2290922 nvme1n1 WS   1013873408 131072   25.204
12:58:26.334 python3        2290922 nvme1n1 WS   1013873664 131072   25.279
12:58:26.334 python3        2290922 nvme1n1 WS   1013873920 131072   25.350
12:58:26.334 python3        2290922 nvme1n1 WS   1013874176 131072   25.433
12:58:26.334 python3        2290922 nvme1n1 WS   1013874432 131072   25.496
12:58:26.334 python3        2290922 nvme1n1 WS   1013874688 131072   25.622
12:58:26.334 python3        2290922 nvme1n1 WS   1013874944 131072   25.713
12:58:26.722 nvme           2459504 Unknown N    -1         512       0.036
12:58:27.256 jbd2/nv        752     nvme1n1 WSM  878122192  131072    0.175
12:58:27.256 jbd2/nv        752     nvme1n1 WSM  878122448  131072    0.196
12:58:27.257 jbd2/nv        752     nvme1n1 WSM  878122704  131072    0.237
12:58:27.257 jbd2/nv        752     nvme1n1 WSM  878122960  131072    0.278
12:58:27.257 jbd2/nv        752     nvme1n1 WSM  878123216  131072    0.267
12:58:27.257 jbd2/nv        752     nvme1n1 WSM  878123472  131072    0.296
12:58:27.257 jbd2/nv        752     nvme1n1 WSM  878123728  131072    0.342
12:58:27.257 jbd2/nv        752     nvme1n1 WSM  878123984  131072    0.295
12:58:27.257 jbd2/nv        752     nvme1n1 WSM  878124240  94208     0.224
12:58:27.257 jbd2/nv        752     nvme1n1 WSM  878124424  4096      0.032
12:58:27.739 nvme           2459509 Unknown N    -1         512       0.032
12:58:28.753 nvme           2459524 Unknown N    -1         512       0.032
12:58:29.769 nvme           2459534 Unknown N    -1         512       0.031
12:58:30.178 kworker        2456217 nvme1n1 W    629427656  53248     0.158
12:58:30.178 kworker        2456217 nvme1n1 W    1533194752 131072    0.209
12:58:30.178 kworker        2456217 nvme1n1 W    1533195008 61440     0.245
12:58:30.178 kworker        2456217 nvme1n1 W    629427760  32768     0.263
12:58:30.178 kworker        2456217 nvme1n1 W    1534894080 131072    0.341
12:58:30.178 kworker        2456217 nvme1n1 W    1534894336 90112     0.401
12:58:30.179 kworker        2456217 nvme1n1 W    731036472  77824     0.439
12:58:30.179 kworker        2456217 nvme1n1 W    629427824  36864     0.462
12:58:30.179 kworker        2456217 nvme1n1 W    1739608024 131072    0.338
12:58:30.179 kworker        2456217 nvme1n1 W    1739608280 131072    0.408
12:58:30.179 kworker        2456217 nvme1n1 W    1739608536 94208     0.323
12:58:30.179 kworker        2456217 nvme1n1 W    1664363520 131072    0.404
12:58:30.179 kworker        2456217 nvme1n1 W    1664363776 131072    0.479
12:58:30.179 kworker        2456217 nvme1n1 W    1664364032 49152     0.334
12:58:30.179 kworker        2456217 nvme1n1 W    1664361392 131072    0.418
12:58:30.179 kworker        2456217 nvme1n1 W    1664361648 131072    0.496
12:58:30.179 kworker        2456217 nvme1n1 W    629427896  8192      0.375
12:58:30.179 kworker        2456217 nvme1n1 W    1664361904 49152     0.402
12:58:30.787 nvme           2459539 Unknown N    -1         512       0.035
12:58:31.741 python3        2290921 nvme1n1 WS   1013878784 131072    0.186
12:58:31.741 python3        2290921 nvme1n1 WS   1013879040 131072    0.246
12:58:31.742 python3        2290921 nvme1n1 WS   1013879296 131072    0.327
12:58:31.742 python3        2290921 nvme1n1 WS   1013879552 131072    0.429
12:58:31.742 python3        2290921 nvme1n1 WS   1013879808 131072    0.491
12:58:31.742 python3        2290921 nvme1n1 WS   1013880064 131072    0.564
12:58:31.742 python3        2290921 nvme1n1 WS   1013880320 131072    0.658
12:58:31.742 python3        2290921 nvme1n1 WS   1013880576 131072    0.709
12:58:31.742 python3        2290921 nvme1n1 WS   1013880832 131072    0.797
12:58:31.742 python3        2290921 nvme1n1 WS   1013881088 131072    0.862
12:58:31.742 python3        2290921 nvme1n1 WS   1013881344 131072    0.934
12:58:31.742 python3        2290921 nvme1n1 WS   1013881600 131072    1.013
12:58:31.742 python3        2290921 nvme1n1 WS   1013881856 131072    1.088
12:58:31.742 python3        2290921 nvme1n1 WS   1013882112 131072    1.172
12:58:31.742 python3        2290921 nvme1n1 WS   1013882368 131072    1.251
12:58:31.743 python3        2290921 nvme1n1 WS   1013882624 131072    1.314
12:58:31.743 python3        2290921 nvme1n1 WS   1013882880 131072    1.396
12:58:31.743 python3        2290921 nvme1n1 WS   1013883136 131072    1.473
12:58:31.743 python3        2290920 nvme1n1 WS   1013886976 131072    1.426
12:58:31.743 python3        2290920 nvme1n1 WS   1013887232 131072    1.499
12:58:31.743 python3        2290920 nvme1n1 WS   1013887488 131072    1.571
12:58:31.743 python3        2290920 nvme1n1 WS   1013887744 131072    1.649
12:58:31.743 python3        2290920 nvme1n1 WS   1013888000 131072    1.731
12:58:31.743 python3        2290920 nvme1n1 WS   1013888256 131072    1.810
12:58:31.743 python3        2290920 nvme1n1 WS   1013888512 131072    1.901
12:58:31.743 python3        2290920 nvme1n1 WS   1013888768 131072    1.951
12:58:31.743 python3        2290920 nvme1n1 WS   1013889024 131072    2.018
12:58:31.744 python3        2290920 nvme1n1 WS   1013889280 131072    2.096
12:58:31.744 python3        2290920 nvme1n1 WS   1013889536 131072    2.175
12:58:31.744 python3        2290920 nvme1n1 WS   1013889792 131072    2.248
12:58:31.744 python3        2290920 nvme1n1 WS   1013890048 131072    2.328
12:58:31.744 python3        2290920 nvme1n1 WS   1013890304 131072    2.400
12:58:31.744 python3        2290920 nvme1n1 WS   1013890560 131072    2.486
12:58:31.744 python3        2290920 nvme1n1 WS   1013890816 131072    2.538
12:58:31.744 python3        2290920 nvme1n1 WS   1013891072 131072    2.610
12:58:31.744 python3        2290920 nvme1n1 WS   1013891328 131072    2.686
12:58:31.744 python3        2290921 nvme1n1 WS   1013972992 131072    2.733
12:58:31.744 python3        2290921 nvme1n1 WS   1013973248 131072    2.800
12:58:31.744 python3        2290921 nvme1n1 WS   1013973504 131072    2.877
12:58:31.745 python3        2290920 nvme1n1 WS   1013895168 131072    2.950
12:58:31.745 python3        2290920 nvme1n1 WS   1013895424 131072    3.021
12:58:31.745 python3        2290920 nvme1n1 WS   1013895680 131072    3.105
12:58:31.745 python3        2290920 nvme1n1 WS   1013895936 131072    3.168
12:58:31.745 python3        2290920 nvme1n1 WS   1013896192 131072    3.245
12:58:31.745 python3        2290920 nvme1n1 WS   1013896448 131072    3.324
12:58:31.745 python3        2290920 nvme1n1 WS   1013896704 131072    3.396
12:58:31.745 python3        2290921 nvme1n1 WS   1013973760 131072    3.483
12:58:31.745 python3        2290921 nvme1n1 WS   1013974016 131072    3.550
12:58:31.745 python3        2290921 nvme1n1 WS   1013974272 131072    3.624
12:58:31.745 python3        2290921 nvme1n1 WS   1013974528 131072    3.699
12:58:31.745 python3        2290920 nvme1n1 WS   1013896960 131072    3.766
12:58:31.745 python3        2290920 nvme1n1 WS   1013897216 131072    3.834
12:58:31.746 python3        2290920 nvme1n1 WS   1013897472 131072    3.914
12:58:31.746 python3        2290920 nvme1n1 WS   1013897728 131072    3.986
12:58:31.746 python3        2290920 nvme1n1 WS   1013897984 131072    4.060
12:58:31.746 python3        2290920 nvme1n1 WS   1013898240 131072    4.136
12:58:31.746 python3        2290920 nvme1n1 WS   1013898496 131072    4.199
12:58:31.746 python3        2290920 nvme1n1 WS   1013898752 131072    4.271
12:58:31.746 python3        2290921 nvme1n1 WS   1013974784 131072    4.363
12:58:31.746 python3        2290921 nvme1n1 WS   1013975040 131072    4.434
12:58:31.746 python3        2290921 nvme1n1 WS   1013975296 131072    4.506
12:58:31.746 python3        2290921 nvme1n1 WS   1013975552 131072    4.581
12:58:31.746 python3        2290921 nvme1n1 WS   1013975808 131072    4.652
12:58:31.746 python3        2290921 nvme1n1 WS   1013976064 131072    4.728
12:58:31.746 python3        2290921 nvme1n1 WS   1013976320 131072    4.798
12:58:31.747 python3        2290921 nvme1n1 WS   1013976576 131072    4.874
12:58:31.747 python3        2290920 nvme1n1 WS   1013899264 131072    4.967
12:58:31.747 python3        2290920 nvme1n1 WS   1013899520 131072    5.031
12:58:31.747 python3        2290920 nvme1n1 WS   1013899776 131072    5.103
12:58:31.747 python3        2290920 nvme1n1 WS   1013900032 131072    5.178
12:58:31.747 python3        2290920 nvme1n1 WS   1013900288 131072    5.253
12:58:31.747 python3        2290920 nvme1n1 WS   1013899008 131072    5.336
12:58:31.747 python3        2290920 nvme1n1 WS   1013903360 131072    5.413
12:58:31.747 python3        2290920 nvme1n1 WS   1013903616 131072    5.488
12:58:31.747 python3        2290920 nvme1n1 WS   1013900544 131072    5.560
12:58:31.747 python3        2290920 nvme1n1 WS   1013900800 131072    5.630
12:58:31.747 python3        2290921 nvme1n1 WS   1013976832 131072    5.714
12:58:31.748 python3        2290921 nvme1n1 WS   1013977088 131072    5.784
12:58:31.748 python3        2290921 nvme1n1 WS   1013977344 131072    5.861
12:58:31.748 python3        2290920 nvme1n1 WS   1013901056 131072    5.916
12:58:31.748 python3        2290920 nvme1n1 WS   1013901312 131072    5.989
12:58:31.748 python3        2290920 nvme1n1 WS   1013901568 131072    6.060
12:58:31.748 python3        2290920 nvme1n1 WS   1013901824 131072    6.138
12:58:31.748 python3        2290920 nvme1n1 WS   1013902080 131072    6.210
12:58:31.748 python3        2290920 nvme1n1 WS   1013902336 131072    6.284
12:58:31.748 python3        2290920 nvme1n1 WS   1013902592 131072    6.356
12:58:31.748 python3        2290920 nvme1n1 WS   1013902848 131072    6.465
12:58:31.748 python3        2290920 nvme1n1 WS   1013903104 131072    6.526
12:58:31.748 python3        2290920 nvme1n1 WS   1013907456 131072    6.590
12:58:31.748 python3        2290920 nvme1n1 WS   1013907712 131072    6.667
12:58:31.749 python3        2290920 nvme1n1 WS   1013911552 131072    6.665
12:58:31.749 python3        2290920 nvme1n1 WS   1013911808 131072    6.736
12:58:31.749 python3        2290920 nvme1n1 WS   1013912064 131072    6.810
12:58:31.749 python3        2290920 nvme1n1 WS   1013912320 131072    6.886
12:58:31.749 python3        2290920 nvme1n1 WS   1013912576 131072    6.960
12:58:31.749 python3        2290920 nvme1n1 WS   1013912832 131072    7.034
12:58:31.749 python3        2290920 nvme1n1 WS   1013913088 131072    7.109
12:58:31.749 python3        2290920 nvme1n1 WS   1013913344 131072    7.161
12:58:31.749 python3        2290920 nvme1n1 WS   1013913600 131072    7.235
12:58:31.749 python3        2290920 nvme1n1 WS   1013913856 131072    7.309
12:58:31.749 python3        2290920 nvme1n1 WS   1013914112 131072    7.382
12:58:31.749 python3        2290920 nvme1n1 WS   1013914368 131072    7.454
12:58:31.749 python3        2290920 nvme1n1 WS   1013914624 131072    7.529
12:58:31.750 python3        2290922 nvme1n1 WS   1013915648 131072    7.630
12:58:31.750 python3        2290922 nvme1n1 WS   1013915904 131072    7.702
12:58:31.750 python3        2290922 nvme1n1 WS   1013916160 131072    7.771
12:58:31.750 python3        2290922 nvme1n1 WS   1013916416 131072    7.846
12:58:31.750 python3        2290922 nvme1n1 WS   1013916672 131072    7.926
12:58:31.750 python3        2290920 nvme1n1 WS   1013914880 131072    8.005
12:58:31.750 python3        2290920 nvme1n1 WS   1013915136 131072    8.083
12:58:31.750 python3        2290922 nvme1n1 WS   1013916928 131072    8.166
12:58:31.750 python3        2290922 nvme1n1 WS   1013917184 131072    8.239
12:58:31.750 python3        2290920 nvme1n1 WS   1013915392 131072    8.295
12:58:31.750 python3        2290920 nvme1n1 WS   1013981184 131072    8.352
12:58:31.750 python3        2290920 nvme1n1 WS   1013981440 131072    8.428
12:58:31.750 python3        2290922 nvme1n1 WS   1013917440 131072    8.509
12:58:31.751 python3        2290922 nvme1n1 WS   1013917696 131072    8.582
12:58:31.751 python3        2290922 nvme1n1 WS   1013917952 131072    8.656
12:58:31.751 python3        2290922 nvme1n1 WS   1013918208 131072    8.730
12:58:31.751 python3        2290922 nvme1n1 WS   1013918464 131072    8.810
12:58:31.751 python3        2290922 nvme1n1 WS   1013918720 131072    8.886
12:58:31.751 python3        2290922 nvme1n1 WS   1013918976 131072    8.969
12:58:31.751 python3        2290922 nvme1n1 WS   1013919232 131072    9.033
12:58:31.751 python3        2290922 nvme1n1 WS   1013919744 131072    9.125
12:58:31.751 python3        2290922 nvme1n1 WS   1013920000 131072    9.195
12:58:31.751 python3        2290922 nvme1n1 WS   1013920256 131072    9.269
12:58:31.751 python3        2290922 nvme1n1 WS   1013920512 131072    9.348
12:58:31.751 python3        2290922 nvme1n1 WS   1013920768 131072    9.426
12:58:31.752 python3        2290922 nvme1n1 WS   1013921024 131072    9.504
12:58:31.752 python3        2290922 nvme1n1 WS   1013921280 131072    9.578
12:58:31.752 python3        2290922 nvme1n1 WS   1013919488 131072    9.655
12:58:31.752 python3        2290922 nvme1n1 WS   1013923840 131072    9.733
12:58:31.752 python3        2290922 nvme1n1 WS   1013924096 131072    9.813
12:58:31.752 python3        2290922 nvme1n1 WS   1013921536 131072    9.870
12:58:31.752 python3        2290922 nvme1n1 WS   1013921792 131072    9.943
12:58:31.752 python3        2290922 nvme1n1 WS   1013922048 131072   10.022
12:58:31.752 python3        2290922 nvme1n1 WS   1013922304 131072   10.102
12:58:31.752 python3        2290922 nvme1n1 WS   1013922560 131072   10.174
12:58:31.752 python3        2290922 nvme1n1 WS   1013922816 131072   10.248
12:58:31.752 python3        2290922 nvme1n1 WS   1013923072 131072   10.322
12:58:31.752 python3        2290922 nvme1n1 WS   1013923328 131072   10.399
12:58:31.753 python3        2290922 nvme1n1 WS   1013923584 131072   10.457
12:58:31.753 python3        2290922 nvme1n1 WS   1013927936 131072   10.532
12:58:31.753 python3        2290922 nvme1n1 WS   1013928192 131072   10.610
12:58:31.753 python3        2290923 nvme1n1 WS   1013932032 131072   10.212
12:58:31.753 python3        2290923 nvme1n1 WS   1013932288 131072   10.281
12:58:31.753 python3        2290923 nvme1n1 WS   1013932544 131072   10.364
12:58:31.753 python3        2290923 nvme1n1 WS   1013932800 131072   10.428
12:58:31.753 python3        2290923 nvme1n1 WS   1013933056 131072   10.533
12:58:31.753 python3        2290923 nvme1n1 WS   1013933312 131072   10.611
12:58:31.753 python3        2290923 nvme1n1 WS   1013933568 131072   10.684
12:58:31.753 python3        2290923 nvme1n1 WS   1013933824 131072   10.729
12:58:31.753 python3        2290923 nvme1n1 WS   1013934080 131072   10.805
12:58:31.754 python3        2290923 nvme1n1 WS   1013934336 131072   10.877
12:58:31.754 python3        2290923 nvme1n1 WS   1013934592 131072   10.953
12:58:31.754 python3        2290923 nvme1n1 WS   1013934848 131072   11.026
12:58:31.754 python3        2290923 nvme1n1 WS   1013935104 131072   11.103
12:58:31.754 python3        2290923 nvme1n1 WS   1013935360 131072   11.190
12:58:31.754 python3        2290923 nvme1n1 WS   1013935616 131072   11.251
12:58:31.754 python3        2290923 nvme1n1 WS   1013935872 131072   11.298
12:58:31.754 python3        2290923 nvme1n1 WS   1013940224 131072   11.375
12:58:31.754 python3        2290923 nvme1n1 WS   1013940480 131072   11.453
12:58:31.754 python3        2290922 nvme1n1 WS   1013936128 131072   11.523
12:58:31.754 python3        2290922 nvme1n1 WS   1013936384 131072   11.594
12:58:31.754 python3        2290922 nvme1n1 WS   1013936640 131072   11.669
12:58:31.755 python3        2290922 nvme1n1 WS   1013936896 131072   11.742
12:58:31.755 python3        2290922 nvme1n1 WS   1013937152 131072   11.812
12:58:31.755 python3        2290922 nvme1n1 WS   1013937408 131072   11.891
12:58:31.755 python3        2290922 nvme1n1 WS   1013937664 131072   11.966
12:58:31.755 python3        2290922 nvme1n1 WS   1013937920 131072   12.011
12:58:31.755 python3        2290922 nvme1n1 WS   1013938176 131072   12.087
12:58:31.755 python3        2290922 nvme1n1 WS   1013938432 131072   12.167
12:58:31.755 python3        2290922 nvme1n1 WS   1013938688 131072   12.244
12:58:31.755 python3        2290922 nvme1n1 WS   1013938944 131072   12.323
12:58:31.755 python3        2290922 nvme1n1 WS   1013939200 131072   12.397
12:58:31.755 python3        2290922 nvme1n1 WS   1013939456 131072   12.473
12:58:31.755 python3        2290922 nvme1n1 WS   1013939712 131072   12.551
12:58:31.755 python3        2290922 nvme1n1 WS   1013944320 131072   12.626
12:58:31.756 python3        2290922 nvme1n1 WS   1013944576 131072   12.697
12:58:31.756 python3        2290922 nvme1n1 WS   1013944832 131072   12.774
12:58:31.756 python3        2290922 nvme1n1 WS   1013945088 131072   12.846
12:58:31.756 python3        2290922 nvme1n1 WS   1013945344 131072   12.920
12:58:31.756 python3        2290922 nvme1n1 WS   1013939968 131072   12.995
12:58:31.756 python3        2290922 nvme1n1 WS   1013945600 131072   13.067
12:58:31.756 python3        2290922 nvme1n1 WS   1013945856 131072   13.145
12:58:31.756 python3        2290922 nvme1n1 WS   1013946112 131072   13.324
12:58:31.756 python3        2290922 nvme1n1 WS   1013946368 131072   13.384
12:58:31.756 python3        2290922 nvme1n1 WS   1013946624 131072   13.445
12:58:31.756 python3        2290922 nvme1n1 WS   1013948416 131072   13.226
12:58:31.756 python3        2290922 nvme1n1 WS   1013948672 131072   13.295
12:58:31.756 python3        2290922 nvme1n1 WS   1013946880 131072   13.511
12:58:31.757 python3        2290922 nvme1n1 WS   1013947136 131072   13.638
12:58:31.757 python3        2290922 nvme1n1 WS   1013947392 131072   13.779
12:58:31.757 python3        2290922 nvme1n1 WS   1013947648 131072   13.918
12:58:31.757 python3        2290922 nvme1n1 WS   1013947904 131072   14.060
12:58:31.757 python3        2290922 nvme1n1 WS   1013948160 131072   14.180
12:58:31.757 python3        2290922 nvme1n1 WS   1013952512 131072   14.321
12:58:31.757 python3        2290922 nvme1n1 WS   1013952768 131072   14.463
12:58:31.758 python3        2290921 nvme1n1 WS   1013956608 131072   14.232
12:58:31.758 python3        2290921 nvme1n1 WS   1013956864 131072   14.369
12:58:31.758 python3        2290921 nvme1n1 WS   1013957120 131072   14.509
12:58:31.758 python3        2290921 nvme1n1 WS   1013957376 131072   14.653
12:58:31.758 python3        2290921 nvme1n1 WS   1013957632 131072   14.792
12:58:31.758 python3        2290921 nvme1n1 WS   1013957888 131072   14.930
12:58:31.758 python3        2290921 nvme1n1 WS   1013958144 131072   15.071
12:58:31.759 python3        2290921 nvme1n1 WS   1013958400 131072   15.188
12:58:31.759 python3        2290921 nvme1n1 WS   1013958656 131072   15.324
12:58:31.759 python3        2290921 nvme1n1 WS   1013958912 131072   15.467
12:58:31.759 python3        2290921 nvme1n1 WS   1013959168 131072   15.607
12:58:31.759 python3        2290921 nvme1n1 WS   1013959424 131072   15.749
12:58:31.759 python3        2290921 nvme1n1 WS   1013959680 131072   15.924
12:58:31.759 python3        2290921 nvme1n1 WS   1013959936 131072   16.065
12:58:31.760 python3        2290921 nvme1n1 WS   1013960192 131072   16.209
12:58:31.760 python3        2290921 nvme1n1 WS   1013960448 131072   16.331
12:58:31.760 python3        2290921 nvme1n1 WS   1013960704 131072   16.472
12:58:31.760 python3        2290921 nvme1n1 WS   1013960960 131072   16.617
12:58:31.760 python3        2290923 nvme1n1 WS   1013964800 131072   16.719
12:58:31.760 python3        2290923 nvme1n1 WS   1013965056 131072   16.856
12:58:31.760 python3        2290923 nvme1n1 WS   1013965312 131072   16.995
12:58:31.761 python3        2290923 nvme1n1 WS   1013965568 131072   17.136
12:58:31.761 python3        2290923 nvme1n1 WS   1013965824 131072   17.276
12:58:31.761 python3        2290923 nvme1n1 WS   1013968896 131072   17.424
12:58:31.761 python3        2290923 nvme1n1 WS   1013966080 131072   17.566
12:58:31.761 python3        2290923 nvme1n1 WS   1013966336 131072   17.707
12:58:31.761 python3        2290923 nvme1n1 WS   1013969152 131072   17.858
12:58:31.762 python3        2290923 nvme1n1 WS   1013969408 131072   17.999
12:58:31.762 python3        2290923 nvme1n1 WS   1013969664 131072   18.145
12:58:31.762 python3        2290923 nvme1n1 WS   1013969920 131072   18.294
12:58:31.762 python3        2290923 nvme1n1 WS   1013970176 131072   18.442
12:58:31.762 python3        2290923 nvme1n1 WS   1013970432 131072   18.582
12:58:31.762 python3        2290923 nvme1n1 WS   1013966592 131072   18.712
12:58:31.762 python3        2290923 nvme1n1 WS   1013966848 131072   18.788
12:58:31.762 python3        2290923 nvme1n1 WS   1013967104 131072   18.871
12:58:31.762 python3        2290923 nvme1n1 WS   1013967360 131072   18.948
12:58:31.763 python3        2290923 nvme1n1 WS   1013967616 131072   19.029
12:58:31.763 python3        2290923 nvme1n1 WS   1013967872 131072   19.109
12:58:31.763 python3        2290923 nvme1n1 WS   1013968128 131072   19.180
12:58:31.763 python3        2290923 nvme1n1 WS   1013970688 131072   19.255
12:58:31.763 python3        2290923 nvme1n1 WS   1013970944 131072   19.336
12:58:31.763 python3        2290923 nvme1n1 WS   1013971200 131072   19.407
12:58:31.763 python3        2290923 nvme1n1 WS   1013971456 131072   19.486
12:58:31.763 python3        2290923 nvme1n1 WS   1013968384 131072   19.576
12:58:31.763 python3        2290923 nvme1n1 WS   1013971712 131072   19.642
12:58:31.763 python3        2290923 nvme1n1 WS   1013971968 131072   19.723
12:58:31.763 python3        2290923 nvme1n1 WS   1013972224 131072   19.801
12:58:31.763 python3        2290923 nvme1n1 WS   1013972480 131072   19.877
12:58:31.764 python3        2290923 nvme1n1 WS   1013968640 131072   19.957
12:58:31.764 python3        2290923 nvme1n1 WS   1013985280 131072   20.028
12:58:31.764 python3        2290923 nvme1n1 WS   1013985536 131072   20.103
12:58:31.764 python3        2290923 nvme1n1 WS   1013972736 131072   20.160
12:58:31.764 python3        2290923 nvme1n1 WS   1013989376 131072   20.235
12:58:31.764 python3        2290923 nvme1n1 WS   1013989632 131072   20.314
12:58:31.764 python3        2290923 nvme1n1 WS   1013993472 131072   19.637
12:58:31.764 python3        2290923 nvme1n1 WS   1013993728 131072   19.702
12:58:31.764 python3        2290923 nvme1n1 WS   1013993984 131072   19.776
12:58:31.764 python3        2290923 nvme1n1 WS   1013994240 131072   19.848
12:58:31.764 python3        2290923 nvme1n1 WS   1013994496 131072   19.926
12:58:31.764 python3        2290923 nvme1n1 WS   1013994752 131072   20.002
12:58:31.764 python3        2290923 nvme1n1 WS   1013995008 131072   20.080
12:58:31.765 python3        2290923 nvme1n1 WS   1013995264 131072   20.129
12:58:31.765 python3        2290923 nvme1n1 WS   1013995520 131072   20.207
12:58:31.765 python3        2290923 nvme1n1 WS   1013995776 131072   20.281
12:58:31.765 python3        2290923 nvme1n1 WS   1013996032 131072   20.360
12:58:31.765 python3        2290923 nvme1n1 WS   1013996288 131072   20.434
12:58:31.765 python3        2290923 nvme1n1 WS   1013996544 131072   20.512
12:58:31.765 python3        2290923 nvme1n1 WS   1013996800 131072   20.586
12:58:31.765 python3        2290923 nvme1n1 WS   1013997056 131072   20.660
12:58:31.765 python3        2290923 nvme1n1 WS   1013997312 131072   20.714
12:58:31.765 python3        2290923 nvme1n1 WS   1013997568 131072   20.793
12:58:31.765 python3        2290923 nvme1n1 WS   1013997824 131072   20.872
12:58:31.765 python3        2290921 nvme1n1 WS   1014001664 131072   20.887
12:58:31.766 python3        2290921 nvme1n1 WS   1014001920 131072   20.953
12:58:31.766 python3        2290921 nvme1n1 WS   1014002176 131072   21.065
12:58:31.766 python3        2290921 nvme1n1 WS   1014002432 131072   21.149
12:58:31.766 python3        2290921 nvme1n1 WS   1014002688 131072   21.208
12:58:31.766 python3        2290921 nvme1n1 WS   1014002944 131072   21.285
12:58:31.766 python3        2290921 nvme1n1 WS   1014003200 131072   21.366
12:58:31.766 python3        2290921 nvme1n1 WS   1014003456 131072   21.410
12:58:31.766 python3        2290921 nvme1n1 WS   1014003712 131072   21.486
12:58:31.766 python3        2290921 nvme1n1 WS   1014003968 131072   21.563
12:58:31.766 python3        2290921 nvme1n1 WS   1014004224 131072   21.638
12:58:31.766 python3        2290921 nvme1n1 WS   1014004480 131072   21.715
12:58:31.767 python3        2290921 nvme1n1 WS   1014004736 131072   21.786
12:58:31.767 python3        2290921 nvme1n1 WS   1014004992 131072   21.864
12:58:31.767 python3        2290921 nvme1n1 WS   1014005248 131072   21.943
12:58:31.767 python3        2290921 nvme1n1 WS   1014005504 131072   21.998
12:58:31.767 python3        2290921 nvme1n1 WS   1014005760 131072   22.075
12:58:31.767 python3        2290921 nvme1n1 WS   1014006016 131072   22.153
12:58:31.767 python3        2290921 nvme1n1 WS   1014009856 131072   21.991
12:58:31.767 python3        2290921 nvme1n1 WS   1014010112 131072   22.063
12:58:31.767 python3        2290921 nvme1n1 WS   1014010368 131072   22.137
12:58:31.767 python3        2290921 nvme1n1 WS   1014010624 131072   22.214
12:58:31.767 python3        2290921 nvme1n1 WS   1014010880 131072   22.289
12:58:31.767 python3        2290921 nvme1n1 WS   1014011136 131072   22.365
12:58:31.767 python3        2290921 nvme1n1 WS   1014011392 131072   22.427
12:58:31.767 python3        2290921 nvme1n1 WS   1014011648 131072   22.479
12:58:31.768 python3        2290921 nvme1n1 WS   1014011904 131072   22.557
12:58:31.768 python3        2290921 nvme1n1 WS   1014012160 131072   22.631
12:58:31.768 python3        2290921 nvme1n1 WS   1014012416 131072   22.703
12:58:31.768 python3        2290921 nvme1n1 WS   1014012672 131072   22.778
12:58:31.768 python3        2290921 nvme1n1 WS   1014012928 131072   22.852
12:58:31.768 python3        2290921 nvme1n1 WS   1014013184 131072   22.943
12:58:31.768 python3        2290921 nvme1n1 WS   1014013440 131072   23.003
12:58:31.768 python3        2290921 nvme1n1 WS   1014013696 131072   23.063
12:58:31.768 python3        2290921 nvme1n1 WS   1014013952 131072   23.139
12:58:31.768 python3        2290921 nvme1n1 WS   1014014208 131072   23.211
12:58:31.768 python3        2290920 nvme1n1 WS   1014018048 131072   22.590
12:58:31.768 python3        2290920 nvme1n1 WS   1014018304 131072   22.662
12:58:31.769 python3        2290920 nvme1n1 WS   1014018560 131072   22.735
12:58:31.769 python3        2290920 nvme1n1 WS   1014018816 131072   22.813
12:58:31.769 python3        2290920 nvme1n1 WS   1014019072 131072   22.888
12:58:31.769 python3        2290920 nvme1n1 WS   1014019328 131072   22.966
12:58:31.769 python3        2290920 nvme1n1 WS   1014019584 131072   23.041
12:58:31.769 python3        2290920 nvme1n1 WS   1014019840 131072   23.092
12:58:31.769 python3        2290920 nvme1n1 WS   1014020096 131072   23.166
12:58:31.769 python3        2290920 nvme1n1 WS   1014020352 131072   23.242
12:58:31.769 python3        2290920 nvme1n1 WS   1014020608 131072   23.321
12:58:31.769 python3        2290920 nvme1n1 WS   1014020864 131072   23.398
12:58:31.769 python3        2290920 nvme1n1 WS   1014021120 131072   23.470
12:58:31.769 python3        2290920 nvme1n1 WS   1014021376 131072   23.548
12:58:31.770 python3        2290920 nvme1n1 WS   1014021632 131072   23.624
12:58:31.770 python3        2290920 nvme1n1 WS   1014021888 131072   23.681
12:58:31.770 python3        2290920 nvme1n1 WS   1014022144 131072   23.762
12:58:31.770 python3        2290920 nvme1n1 WS   1014022400 131072   23.844
12:58:31.770 python3        2290920 nvme1n1 WS   1014026240 131072   21.941
12:58:31.770 python3        2290920 nvme1n1 WS   1014026496 131072   22.004
12:58:31.770 python3        2290920 nvme1n1 WS   1014026752 131072   22.075
12:58:31.770 python3        2290920 nvme1n1 WS   1014027008 131072   22.150
12:58:31.770 python3        2290920 nvme1n1 WS   1014027264 131072   22.225
12:58:31.770 python3        2290920 nvme1n1 WS   1014027520 131072   22.296
12:58:31.770 python3        2290920 nvme1n1 WS   1014027776 131072   22.370
12:58:31.770 python3        2290920 nvme1n1 WS   1014028032 131072   22.417
12:58:31.770 python3        2290920 nvme1n1 WS   1014028288 131072   22.492
12:58:31.771 python3        2290920 nvme1n1 WS   1014028544 131072   22.569
12:58:31.771 python3        2290920 nvme1n1 WS   1014028800 131072   22.678
12:58:31.771 python3        2290920 nvme1n1 WS   1014029056 131072   22.757
12:58:31.771 python3        2290920 nvme1n1 WS   1014029312 131072   22.834
12:58:31.771 python3        2290920 nvme1n1 WS   1014029568 131072   22.910
12:58:31.771 python3        2290920 nvme1n1 WS   1014029824 131072   22.983
12:58:31.771 python3        2290920 nvme1n1 WS   1014030080 131072   23.029
12:58:31.771 python3        2290920 nvme1n1 WS   1014030336 131072   23.100
12:58:31.771 python3        2290920 nvme1n1 WS   1014030592 131072   23.176
12:58:31.771 python3        2290921 nvme1n1 WS   1014034432 131072   22.651
12:58:31.771 python3        2290921 nvme1n1 WS   1014034688 131072   22.728
12:58:31.771 python3        2290921 nvme1n1 WS   1014034944 131072   22.801
12:58:31.772 python3        2290921 nvme1n1 WS   1014035200 131072   22.877
12:58:31.772 python3        2290921 nvme1n1 WS   1014035456 131072   22.955
12:58:31.772 python3        2290921 nvme1n1 WS   1014035712 131072   23.041
12:58:31.772 python3        2290921 nvme1n1 WS   1014035968 131072   23.167
12:58:31.772 python3        2290921 nvme1n1 WS   1014036224 131072   23.264
12:58:31.772 python3        2290921 nvme1n1 WS   1014036480 131072   23.389
12:58:31.772 python3        2290921 nvme1n1 WS   1014036736 131072   23.513
12:58:31.772 python3        2290921 nvme1n1 WS   1014036992 131072   23.637
12:58:31.772 python3        2290921 nvme1n1 WS   1014037248 131072   23.772
12:58:31.773 python3        2290920 nvme1n1 WS   1014042624 131072   23.586
12:58:31.773 python3        2290920 nvme1n1 WS   1014042880 131072   23.721
12:58:31.773 python3        2290920 nvme1n1 WS   1014043136 131072   23.863
12:58:31.773 python3        2290920 nvme1n1 WS   1014043392 131072   24.003
12:58:31.773 python3        2290921 nvme1n1 WS   1014037504 131072   24.491
12:58:31.773 python3        2290921 nvme1n1 WS   1014037760 131072   24.633
12:58:31.773 python3        2290921 nvme1n1 WS   1014038016 131072   24.773
12:58:31.774 python3        2290921 nvme1n1 WS   1014038272 131072   24.885
12:58:31.774 python3        2290921 nvme1n1 WS   1014038528 131072   24.982
12:58:31.774 python3        2290921 nvme1n1 WS   1014038784 131072   25.067
12:58:31.774 python3        2290920 nvme1n1 WS   1014043648 131072   24.840
12:58:31.774 python3        2290920 nvme1n1 WS   1014043904 131072   24.926
12:58:31.774 python3        2290920 nvme1n1 WS   1014044160 131072   24.999
12:58:31.774 python3        2290920 nvme1n1 WS   1014044416 131072   25.044
12:58:31.774 python3        2290920 nvme1n1 WS   1014044672 131072   25.103
12:58:31.774 python3        2290920 nvme1n1 WS   1014044928 131072   25.165
12:58:31.774 python3        2290920 nvme1n1 WS   1014045184 131072   25.227
12:58:31.774 python3        2290920 nvme1n1 WS   1014045440 131072   25.287
12:58:31.775 python3        2290920 nvme1n1 WS   1014045696 131072   25.411
12:58:31.775 python3        2290920 nvme1n1 WS   1014045952 131072   25.547
12:58:31.775 python3        2290920 nvme1n1 WS   1014046208 131072   25.688
12:58:31.775 python3        2290920 nvme1n1 WS   1014046464 131072   25.808
12:58:31.775 python3        2290920 nvme1n1 WS   1014046720 131072   25.951
12:58:31.775 python3        2290920 nvme1n1 WS   1014046976 131072   26.095
12:58:31.775 python3        2290920 nvme1n1 WS   1014050816 131072   24.363
12:58:31.776 python3        2290920 nvme1n1 WS   1014051072 131072   24.506
12:58:31.776 python3        2290920 nvme1n1 WS   1014051328 131072   24.639
12:58:31.776 python3        2290920 nvme1n1 WS   1014051584 131072   24.772
12:58:31.776 python3        2290920 nvme1n1 WS   1014051840 131072   24.882
12:58:31.776 python3        2290920 nvme1n1 WS   1014052096 131072   24.958
12:58:31.776 python3        2290920 nvme1n1 WS   1014052352 131072   25.033
12:58:31.776 python3        2290920 nvme1n1 WS   1014052608 131072   25.082
12:58:31.776 python3        2290920 nvme1n1 WS   1014052864 131072   25.161
12:58:31.776 python3        2290920 nvme1n1 WS   1014053120 131072   25.238
12:58:31.777 python3        2290920 nvme1n1 WS   1014053376 131072   25.315
12:58:31.777 python3        2290920 nvme1n1 WS   1014053632 131072   25.391
12:58:31.777 python3        2290920 nvme1n1 WS   1014053888 131072   25.469
12:58:31.777 python3        2290920 nvme1n1 WS   1014054144 131072   25.541
12:58:31.777 python3        2290920 nvme1n1 WS   1014054400 131072   25.618
12:58:31.777 python3        2290920 nvme1n1 WS   1014054656 131072   25.679
12:58:31.777 python3        2290920 nvme1n1 WS   1014054912 131072   25.760
12:58:31.777 python3        2290920 nvme1n1 WS   1014055168 131072   25.849
12:58:31.777 python3        2290922 nvme1n1 WS   1014059008 131072   23.368
12:58:31.777 python3        2290922 nvme1n1 WS   1014059264 131072   23.442
12:58:31.777 python3        2290922 nvme1n1 WS   1014059520 131072   23.518
12:58:31.777 python3        2290922 nvme1n1 WS   1014059776 131072   23.592
12:58:31.777 python3        2290922 nvme1n1 WS   1014060032 131072   23.670
12:58:31.777 python3        2290922 nvme1n1 WS   1014060288 131072   23.749
12:58:31.778 python3        2290922 nvme1n1 WS   1014060544 131072   23.819
12:58:31.778 python3        2290922 nvme1n1 WS   1014060800 131072   23.866
12:58:31.778 python3        2290922 nvme1n1 WS   1014061056 131072   23.940
12:58:31.778 python3        2290922 nvme1n1 WS   1014061312 131072   24.018
12:58:31.778 python3        2290922 nvme1n1 WS   1014061568 131072   24.094
12:58:31.778 python3        2290922 nvme1n1 WS   1014061824 131072   24.168
12:58:31.778 python3        2290922 nvme1n1 WS   1014062080 131072   24.243
12:58:31.778 python3        2290922 nvme1n1 WS   1014062336 131072   24.319
12:58:31.778 python3        2290922 nvme1n1 WS   1014062592 131072   24.396
12:58:31.778 python3        2290922 nvme1n1 WS   1014062848 131072   24.459
12:58:31.778 python3        2290922 nvme1n1 WS   1014063104 131072   24.534
12:58:31.778 python3        2290922 nvme1n1 WS   1014063360 131072   24.609
12:58:31.779 python3        2290922 nvme1n1 WS   1014067200 131072   22.872
12:58:31.779 python3        2290922 nvme1n1 WS   1014067456 131072   22.943
12:58:31.779 python3        2290922 nvme1n1 WS   1014067712 131072   23.022
12:58:31.779 python3        2290922 nvme1n1 WS   1014067968 131072   23.103
12:58:31.779 python3        2290922 nvme1n1 WS   1014068224 131072   23.177
12:58:31.779 python3        2290922 nvme1n1 WS   1014068480 131072   23.257
12:58:31.779 python3        2290922 nvme1n1 WS   1014068736 131072   23.333
12:58:31.779 python3        2290922 nvme1n1 WS   1014068992 131072   23.378
12:58:31.779 python3        2290922 nvme1n1 WS   1014069248 131072   23.450
12:58:31.779 python3        2290922 nvme1n1 WS   1014069504 131072   23.527
12:58:31.779 python3        2290922 nvme1n1 WS   1014069760 131072   23.604
12:58:31.779 python3        2290922 nvme1n1 WS   1014070016 131072   23.685
12:58:31.779 python3        2290922 nvme1n1 WS   1014070272 131072   23.762
12:58:31.780 python3        2290922 nvme1n1 WS   1014070528 131072   23.841
12:58:31.780 python3        2290922 nvme1n1 WS   1014070784 131072   23.917
12:58:31.780 python3        2290922 nvme1n1 WS   1014071040 131072   23.979
12:58:31.780 python3        2290922 nvme1n1 WS   1014071296 131072   24.056
12:58:31.780 python3        2290922 nvme1n1 WS   1014071552 131072   24.136
12:58:31.780 python3        2290923 nvme1n1 WS   1014075392 131072   23.771
12:58:31.780 python3        2290923 nvme1n1 WS   1014075648 131072   23.837
12:58:31.780 python3        2290923 nvme1n1 WS   1014075904 131072   23.911
12:58:31.780 python3        2290923 nvme1n1 WS   1014076160 131072   23.985
12:58:31.780 python3        2290923 nvme1n1 WS   1014076416 131072   24.063
12:58:31.780 python3        2290923 nvme1n1 WS   1014076672 131072   24.141
12:58:31.781 python3        2290923 nvme1n1 WS   1014076928 131072   24.217
12:58:31.781 python3        2290923 nvme1n1 WS   1014077184 131072   24.271
12:58:31.781 python3        2290923 nvme1n1 WS   1014077440 131072   24.347
12:58:31.781 python3        2290923 nvme1n1 WS   1014077696 131072   24.438
12:58:31.781 python3        2290923 nvme1n1 WS   1014077952 131072   24.498
12:58:31.781 python3        2290923 nvme1n1 WS   1014078208 131072   24.573
12:58:31.781 python3        2290923 nvme1n1 WS   1014078464 131072   24.647
12:58:31.781 python3        2290923 nvme1n1 WS   1014078720 131072   24.720
12:58:31.781 python3        2290923 nvme1n1 WS   1014078976 131072   24.799
12:58:31.781 python3        2290923 nvme1n1 WS   1014079232 131072   24.861
12:58:31.781 python3        2290923 nvme1n1 WS   1014079488 131072   24.933
12:58:31.781 python3        2290923 nvme1n1 WS   1014079744 131072   25.005
12:58:31.781 python3        2290922 nvme1n1 WS   1014083584 131072   21.915
12:58:31.781 python3        2290922 nvme1n1 WS   1014083840 131072   21.977
12:58:31.782 python3        2290922 nvme1n1 WS   1014084096 131072   22.079
12:58:31.782 python3        2290922 nvme1n1 WS   1014084352 131072   22.203
12:58:31.782 python3        2290922 nvme1n1 WS   1014084608 131072   22.328
12:58:31.782 python3        2290922 nvme1n1 WS   1014084864 131072   22.448
12:58:31.782 python3        2290922 nvme1n1 WS   1014085120 131072   22.576
12:58:31.782 python3        2290922 nvme1n1 WS   1014085376 131072   22.686
12:58:31.782 python3        2290922 nvme1n1 WS   1014085632 131072   22.860
12:58:31.783 python3        2290922 nvme1n1 WS   1014085888 131072   22.999
12:58:31.783 python3        2290922 nvme1n1 WS   1014086144 131072   23.140
12:58:31.783 python3        2290922 nvme1n1 WS   1014086400 131072   23.279
12:58:31.783 python3        2290922 nvme1n1 WS   1014086656 131072   23.406
12:58:31.783 python3        2290922 nvme1n1 WS   1014086912 131072   23.531
12:58:31.783 python3        2290922 nvme1n1 WS   1014087168 131072   23.660
12:58:31.783 python3        2290922 nvme1n1 WS   1014087424 131072   23.748
12:58:31.783 python3        2290922 nvme1n1 WS   1014087680 131072   23.829
12:58:31.784 python3        2290922 nvme1n1 WS   1014087936 131072   23.903
12:58:31.784 python3        2290922 nvme1n1 WS   1014091776 131072   23.074
12:58:31.784 python3        2290922 nvme1n1 WS   1014092032 131072   23.144
12:58:31.784 python3        2290922 nvme1n1 WS   1014092288 131072   23.225
12:58:31.784 python3        2290922 nvme1n1 WS   1014092544 131072   23.305
12:58:31.784 python3        2290922 nvme1n1 WS   1014092800 131072   23.386
12:58:31.785 python3        2290922 nvme1n1 WS   1014093056 131072   23.461
12:58:31.785 python3        2290922 nvme1n1 WS   1014093312 131072   23.535
12:58:31.785 python3        2290922 nvme1n1 WS   1014093568 131072   23.585
12:58:31.785 python3        2290922 nvme1n1 WS   1014093824 131072   23.663
12:58:31.785 python3        2290922 nvme1n1 WS   1014094080 131072   23.740
12:58:31.785 python3        2290922 nvme1n1 WS   1014094336 131072   23.817
12:58:31.785 python3        2290922 nvme1n1 WS   1014094592 131072   23.894
12:58:31.785 python3        2290921 nvme1n1 WS   1014099968 131072   23.667
12:58:31.785 python3        2290921 nvme1n1 WS   1014100224 131072   23.737
12:58:31.785 python3        2290921 nvme1n1 WS   1014100480 131072   23.810
12:58:31.785 python3        2290921 nvme1n1 WS   1014100736 131072   23.884
12:58:31.785 python3        2290922 nvme1n1 WS   1014094848 131072   24.292
12:58:31.785 python3        2290922 nvme1n1 WS   1014095104 131072   24.367
12:58:31.785 python3        2290922 nvme1n1 WS   1014095360 131072   24.448
12:58:31.785 python3        2290922 nvme1n1 WS   1014095616 131072   24.509
12:58:31.785 python3        2290922 nvme1n1 WS   1014095872 131072   24.586
12:58:31.786 python3        2290922 nvme1n1 WS   1014096128 131072   24.668
12:58:31.786 python3        2290921 nvme1n1 WS   1014100992 131072   24.500
12:58:31.786 python3        2290921 nvme1n1 WS   1014101248 131072   24.623
12:58:31.786 python3        2290921 nvme1n1 WS   1014101504 131072   24.750
12:58:31.786 python3        2290921 nvme1n1 WS   1014101760 131072   24.826
12:58:31.786 python3        2290921 nvme1n1 WS   1014102016 131072   24.953
12:58:31.786 python3        2290921 nvme1n1 WS   1014102272 131072   25.059
12:58:31.786 python3        2290921 nvme1n1 WS   1014102528 131072   25.133
12:58:31.786 python3        2290921 nvme1n1 WS   1014102784 131072   25.207
12:58:31.786 python3        2290921 nvme1n1 WS   1014103040 131072   25.284
12:58:31.786 python3        2290921 nvme1n1 WS   1014103296 131072   25.366
12:58:31.787 python3        2290921 nvme1n1 WS   1014103552 131072   25.441
12:58:31.787 python3        2290921 nvme1n1 WS   1014103808 131072   25.502
12:58:31.787 python3        2290921 nvme1n1 WS   1014104064 131072   25.584
12:58:31.787 python3        2290921 nvme1n1 WS   1014104320 131072   25.661
12:58:31.787 python3        2290923 nvme1n1 WS   1014108160 131072   21.194
12:58:31.787 python3        2290923 nvme1n1 WS   1014108416 131072   21.259
12:58:31.787 python3        2290923 nvme1n1 WS   1014108672 131072   21.334
12:58:31.787 python3        2290923 nvme1n1 WS   1014108928 131072   21.406
12:58:31.787 python3        2290923 nvme1n1 WS   1014109184 131072   21.477
12:58:31.787 python3        2290923 nvme1n1 WS   1014109440 131072   21.559
12:58:31.787 python3        2290923 nvme1n1 WS   1014109696 131072   21.638
12:58:31.787 python3        2290923 nvme1n1 WS   1014109952 131072   21.667
12:58:31.787 python3        2290923 nvme1n1 WS   1014110208 131072   21.746
12:58:31.787 python3        2290923 nvme1n1 WS   1014110464 131072   21.826
12:58:31.788 python3        2290923 nvme1n1 WS   1014110720 131072   21.904
12:58:31.788 python3        2290923 nvme1n1 WS   1014110976 131072   21.981
12:58:31.788 python3        2290923 nvme1n1 WS   1014111232 131072   22.057
12:58:31.788 python3        2290923 nvme1n1 WS   1014111488 131072   22.135
12:58:31.788 python3        2290923 nvme1n1 WS   1014111744 131072   22.211
12:58:31.788 python3        2290923 nvme1n1 WS   1014112000 131072   22.266
12:58:31.789 python3        2290923 nvme1n1 WS   1014112256 131072   22.374
12:58:31.789 python3        2290923 nvme1n1 WS   1014112512 131072   22.451
12:58:31.789 python3        2290923 nvme1n1 WS   1014116352 131072   22.126
12:58:31.789 python3        2290923 nvme1n1 WS   1014116608 131072   22.175
12:58:31.789 python3        2290923 nvme1n1 WS   1014116864 131072   22.299
12:58:31.789 python3        2290923 nvme1n1 WS   1014117120 131072   22.422
12:58:31.789 python3        2290923 nvme1n1 WS   1014117376 131072   22.550
12:58:31.789 python3        2290923 nvme1n1 WS   1014117632 131072   22.672
12:58:31.789 python3        2290923 nvme1n1 WS   1014117888 131072   22.804
12:58:31.789 python3        2290923 nvme1n1 WS   1014118144 131072   22.916
12:58:31.789 python3        2290923 nvme1n1 WS   1014118400 131072   23.058
12:58:31.789 python3        2290923 nvme1n1 WS   1014118656 131072   23.200
12:58:31.790 python3        2290923 nvme1n1 WS   1014118912 131072   23.340
12:58:31.790 python3        2290923 nvme1n1 WS   1014119168 131072   23.484
12:58:31.790 python3        2290923 nvme1n1 WS   1014119424 131072   23.623
12:58:31.790 python3        2290923 nvme1n1 WS   1014119680 131072   23.766
12:58:31.790 python3        2290923 nvme1n1 WS   1014119936 131072   23.896
12:58:31.790 python3        2290923 nvme1n1 WS   1014120192 131072   24.001
12:58:31.790 python3        2290923 nvme1n1 WS   1014120448 131072   24.129
12:58:31.791 python3        2290923 nvme1n1 WS   1014120704 131072   24.213
12:58:31.791 python3        2290923 nvme1n1 WS   1014124544 131072   23.556
12:58:31.791 python3        2290923 nvme1n1 WS   1014124800 131072   23.628
12:58:31.791 python3        2290923 nvme1n1 WS   1014125056 131072   23.712
12:58:31.791 python3        2290923 nvme1n1 WS   1014125312 131072   23.786
12:58:31.791 python3        2290923 nvme1n1 WS   1014125568 131072   23.863
12:58:31.791 python3        2290923 nvme1n1 WS   1014125824 131072   23.946
12:58:31.791 python3        2290923 nvme1n1 WS   1014126080 131072   24.013
12:58:31.791 python3        2290923 nvme1n1 WS   1014126336 131072   24.061
12:58:31.791 python3        2290923 nvme1n1 WS   1014126592 131072   24.142
12:58:31.791 python3        2290923 nvme1n1 WS   1014126848 131072   24.197
12:58:31.791 python3        2290923 nvme1n1 WS   1014127104 131072   24.261
12:58:31.791 python3        2290923 nvme1n1 WS   1014127360 131072   24.322
12:58:31.791 python3        2290923 nvme1n1 WS   1014127616 131072   24.406
12:58:31.792 python3        2290923 nvme1n1 WS   1014127872 131072   24.532
12:58:31.792 python3        2290923 nvme1n1 WS   1014128128 131072   24.665
12:58:31.792 python3        2290923 nvme1n1 WS   1014128384 131072   24.778
12:58:31.792 python3        2290923 nvme1n1 WS   1014128640 131072   24.919
12:58:31.792 python3        2290923 nvme1n1 WS   1014128896 131072   25.061
12:58:31.792 python3        2290921 nvme1n1 WS   1014132736 131072   24.233
12:58:31.793 python3        2290921 nvme1n1 WS   1014132992 131072   24.359
12:58:31.793 python3        2290921 nvme1n1 WS   1014133248 131072   24.487
12:58:31.793 python3        2290921 nvme1n1 WS   1014133504 131072   24.604
12:58:31.793 python3        2290921 nvme1n1 WS   1014133760 131072   24.686
12:58:31.793 python3        2290921 nvme1n1 WS   1014134016 131072   24.763
12:58:31.793 python3        2290921 nvme1n1 WS   1014134272 131072   24.848
12:58:31.793 python3        2290921 nvme1n1 WS   1014134528 131072   24.888
12:58:31.793 python3        2290921 nvme1n1 WS   1014134784 131072   24.961
12:58:31.793 python3        2290921 nvme1n1 WS   1014135040 131072   25.034
12:58:31.793 python3        2290921 nvme1n1 WS   1014135296 131072   25.117
12:58:31.794 python3        2290921 nvme1n1 WS   1014135552 131072   25.211
12:58:31.794 python3        2290921 nvme1n1 WS   1014135808 131072   25.281
12:58:31.794 python3        2290921 nvme1n1 WS   1014136064 131072   25.346
12:58:31.794 python3        2290921 nvme1n1 WS   1014140928 131072   24.326
12:58:31.794 python3        2290921 nvme1n1 WS   1014141184 131072   24.395
12:58:31.794 python3        2290921 nvme1n1 WS   1014141440 131072   24.472
12:58:31.794 python3        2290921 nvme1n1 WS   1014141696 131072   24.552
12:58:31.794 python3        2290921 nvme1n1 WS   1014141952 131072   24.624
12:58:31.794 python3        2290921 nvme1n1 WS   1014142208 131072   24.697
12:58:31.794 python3        2290921 nvme1n1 WS   1014142464 131072   24.771
12:58:31.794 python3        2290921 nvme1n1 WS   1014142720 131072   24.820
12:58:31.794 python3        2290921 nvme1n1 WS   1014142976 131072   24.907
12:58:31.794 python3        2290921 nvme1n1 WS   1014143232 131072   24.973
12:58:31.794 python3        2290921 nvme1n1 WS   1014143488 131072   25.086
12:58:31.795 python3        2290921 nvme1n1 WS   1014143744 131072   25.163
12:58:31.795 python3        2290921 nvme1n1 WS   1014136320 131072   26.427
12:58:31.795 python3        2290921 nvme1n1 WS   1014136576 131072   26.486
12:58:31.795 python3        2290921 nvme1n1 WS   1014136832 131072   26.562
12:58:31.795 python3        2290921 nvme1n1 WS   1014137088 131072   26.634
12:58:31.795 python3        2290921 nvme1n1 WS   1014144000 131072   25.562
12:58:31.795 python3        2290921 nvme1n1 WS   1014144256 131072   25.638
12:58:31.795 python3        2290921 nvme1n1 WS   1014144512 131072   25.720
12:58:31.795 python3        2290921 nvme1n1 WS   1014144768 131072   25.826
12:58:31.795 python3        2290921 nvme1n1 WS   1014145024 131072   25.952
12:58:31.796 python3        2290921 nvme1n1 WS   1014145280 131072   26.080
12:58:31.796 python3        2290920 nvme1n1 WS   1014149120 131072   24.809
12:58:31.796 python3        2290920 nvme1n1 WS   1014149376 131072   24.891
12:58:31.796 python3        2290920 nvme1n1 WS   1014149632 131072   24.962
12:58:31.796 python3        2290920 nvme1n1 WS   1014149888 131072   25.035
12:58:31.796 python3        2290920 nvme1n1 WS   1014150144 131072   25.112
12:58:31.796 python3        2290920 nvme1n1 WS   1014150400 131072   25.188
12:58:31.796 python3        2290920 nvme1n1 WS   1014150656 131072   25.269
12:58:31.796 python3        2290920 nvme1n1 WS   1014150912 131072   25.324
12:58:31.796 python3        2290920 nvme1n1 WS   1014151168 131072   25.398
12:58:31.796 python3        2290920 nvme1n1 WS   1014151424 131072   25.471
12:58:31.796 python3        2290920 nvme1n1 WS   1014151680 131072   25.545
12:58:31.797 python3        2290920 nvme1n1 WS   1014151936 131072   25.619
12:58:31.797 python3        2290920 nvme1n1 WS   1014152192 131072   25.697
12:58:31.797 python3        2290920 nvme1n1 WS   1014152448 131072   25.795
12:58:31.797 python3        2290920 nvme1n1 WS   1014152704 131072   25.918
12:58:31.797 python3        2290920 nvme1n1 WS   1014152960 131072   26.032
12:58:31.797 python3        2290920 nvme1n1 WS   1014153216 131072   26.157
12:58:31.797 python3        2290920 nvme1n1 WS   1014153472 131072   26.250
12:58:31.797 python3        2290920 nvme1n1 WS   1014157312 131072   24.676
12:58:31.797 python3        2290920 nvme1n1 WS   1014157568 131072   24.749
12:58:31.797 python3        2290920 nvme1n1 WS   1014157824 131072   24.827
12:58:31.798 python3        2290920 nvme1n1 WS   1014158080 131072   24.901
12:58:31.798 python3        2290920 nvme1n1 WS   1014158336 131072   24.973
12:58:31.798 python3        2290920 nvme1n1 WS   1014158592 131072   25.046
12:58:31.798 python3        2290920 nvme1n1 WS   1014158848 131072   25.120
12:58:31.798 python3        2290920 nvme1n1 WS   1014159104 131072   25.169
12:58:31.798 python3        2290920 nvme1n1 WS   1014159360 131072   25.242
12:58:31.798 python3        2290920 nvme1n1 WS   1014159616 131072   25.326
12:58:31.798 python3        2290920 nvme1n1 WS   1014159872 131072   25.388
12:58:31.798 python3        2290920 nvme1n1 WS   1014160128 131072   25.460
12:58:31.798 python3        2290920 nvme1n1 WS   1014160384 131072   25.541
12:58:31.798 python3        2290920 nvme1n1 WS   1014160640 131072   25.631
12:58:31.798 python3        2290921 nvme1n1 WS   1014165504 131072   23.649
12:58:31.799 python3        2290921 nvme1n1 WS   1014165760 131072   23.772
12:58:31.799 python3        2290921 nvme1n1 WS   1014166016 131072   23.895
12:58:31.799 python3        2290921 nvme1n1 WS   1014166272 131072   24.018
12:58:31.799 python3        2290921 nvme1n1 WS   1014166528 131072   24.150
12:58:31.799 python3        2290921 nvme1n1 WS   1014166784 131072   24.292
12:58:31.799 python3        2290921 nvme1n1 WS   1014167040 131072   24.432
12:58:31.799 python3        2290921 nvme1n1 WS   1014167296 131072   24.548
12:58:31.800 python3        2290921 nvme1n1 WS   1014167552 131072   24.673
12:58:31.800 python3        2290921 nvme1n1 WS   1014167808 131072   24.798
12:58:31.800 python3        2290921 nvme1n1 WS   1014168064 131072   24.893
12:58:31.800 python3        2290921 nvme1n1 WS   1014168320 131072   24.966
12:58:31.800 python3        2290920 nvme1n1 WS   1014160896 131072   27.230
12:58:31.800 python3        2290920 nvme1n1 WS   1014161152 131072   27.287
12:58:31.800 python3        2290920 nvme1n1 WS   1014161408 131072   27.364
12:58:31.800 python3        2290920 nvme1n1 WS   1014161664 131072   27.439
12:58:31.800 python3        2290921 nvme1n1 WS   1014168576 131072   25.373
12:58:31.800 python3        2290921 nvme1n1 WS   1014168832 131072   25.444
12:58:31.800 python3        2290921 nvme1n1 WS   1014169088 131072   25.552
12:58:31.801 python3        2290921 nvme1n1 WS   1014169344 131072   25.613
12:58:31.801 python3        2290921 nvme1n1 WS   1014169600 131072   25.692
12:58:31.801 python3        2290921 nvme1n1 WS   1014169856 131072   25.770
12:58:31.801 python3        2290920 nvme1n1 WS   1014173696 131072   23.812
12:58:31.801 python3        2290920 nvme1n1 WS   1014173952 131072   23.877
12:58:31.801 python3        2290920 nvme1n1 WS   1014174208 131072   23.958
12:58:31.801 python3        2290920 nvme1n1 WS   1014174464 131072   24.026
12:58:31.801 python3        2290920 nvme1n1 WS   1014174720 131072   24.099
12:58:31.802 python3        2290920 nvme1n1 WS   1014174976 131072   24.155
12:58:31.802 python3        2290920 nvme1n1 WS   1014175232 131072   24.232
12:58:31.802 python3        2290920 nvme1n1 WS   1014175488 131072   24.266
12:58:31.802 python3        2290920 nvme1n1 WS   1014175744 131072   24.369
12:58:31.802 python3        2290920 nvme1n1 WS   1014176000 131072   24.489
12:58:31.802 python3        2290920 nvme1n1 WS   1014176256 131072   24.616
12:58:31.802 python3        2290920 nvme1n1 WS   1014176512 131072   24.743
12:58:31.802 python3        2290920 nvme1n1 WS   1014176768 131072   24.869
12:58:31.802 python3        2290920 nvme1n1 WS   1014177024 131072   24.994
12:58:31.802 python3        2290920 nvme1n1 WS   1014177280 131072   25.114
12:58:31.802 python3        2290920 nvme1n1 WS   1014177536 131072   25.226
12:58:31.803 python3        2290920 nvme1n1 WS   1014181888 131072   24.170
12:58:31.803 python3        2290920 nvme1n1 WS   1014182144 131072   24.299
12:58:31.803 python3        2290920 nvme1n1 WS   1014182400 131072   24.425
12:58:31.803 python3        2290920 nvme1n1 WS   1014182656 131072   24.533
12:58:31.803 python3        2290920 nvme1n1 WS   1014182912 131072   24.608
12:58:31.803 python3        2290920 nvme1n1 WS   1014183168 131072   24.689
12:58:31.803 python3        2290920 nvme1n1 WS   1014183424 131072   24.763
12:58:31.803 python3        2290920 nvme1n1 WS   1014183680 131072   24.816
12:58:31.803 python3        2290920 nvme1n1 WS   1014183936 131072   24.891
12:58:31.803 python3        2290920 nvme1n1 WS   1014184192 131072   24.967
12:58:31.803 python3        2290920 nvme1n1 WS   1014184448 131072   25.042
12:58:31.803 python3        2290920 nvme1n1 WS   1014184704 131072   25.119
12:58:31.804 python3        2290920 nvme1n1 WS   1014177792 131072   26.457
12:58:31.804 python3        2290920 nvme1n1 WS   1014178048 131072   26.530
12:58:31.804 nvme           2459544 Unknown N    -1         512       0.151
12:58:31.804 python3        2290920 nvme1n1 WS   1014184960 131072   25.352
12:58:31.804 python3        2290920 nvme1n1 WS   1014185216 131072   25.411
12:58:31.804 python3        2290920 nvme1n1 WS   1014185472 131072   25.475
12:58:31.804 python3        2290920 nvme1n1 WS   1014185728 131072   25.522
12:58:31.804 python3        2290920 nvme1n1 WS   1014185984 131072   25.585
12:58:31.804 python3        2290920 nvme1n1 WS   1014186240 131072   25.659
12:58:31.804 python3        2290922 nvme1n1 WS   1014190080 131072   24.828
12:58:31.804 python3        2290922 nvme1n1 WS   1014190336 131072   24.950
12:58:31.804 python3        2290922 nvme1n1 WS   1014190592 131072   25.039
12:58:31.804 python3        2290922 nvme1n1 WS   1014190848 131072   25.101
12:58:31.805 python3        2290922 nvme1n1 WS   1014191104 131072   25.175
12:58:31.805 python3        2290922 nvme1n1 WS   1014191360 131072   25.248
12:58:31.805 python3        2290922 nvme1n1 WS   1014191616 131072   25.324
12:58:31.805 python3        2290922 nvme1n1 WS   1014191872 131072   25.372
12:58:31.805 python3        2290922 nvme1n1 WS   1014192128 131072   25.449
12:58:31.805 python3        2290922 nvme1n1 WS   1014192384 131072   25.528
12:58:31.805 python3        2290922 nvme1n1 WS   1014192640 131072   25.653
12:58:31.805 python3        2290922 nvme1n1 WS   1014192896 131072   25.778
12:58:31.805 python3        2290922 nvme1n1 WS   1014193152 131072   25.900
12:58:31.805 python3        2290922 nvme1n1 WS   1014193408 131072   26.025
12:58:31.806 python3        2290922 nvme1n1 WS   1014193664 131072   26.150
12:58:31.806 python3        2290922 nvme1n1 WS   1014193920 131072   26.269
12:58:31.806 python3        2290922 nvme1n1 WS   1014194176 131072   26.411
12:58:31.806 python3        2290922 nvme1n1 WS   1014194432 131072   26.556
12:58:31.806 python3        2290922 nvme1n1 WS   1014198272 131072   25.080
12:58:31.806 python3        2290922 nvme1n1 WS   1014198528 131072   25.221
12:58:31.807 python3        2290922 nvme1n1 WS   1014198784 131072   25.364
12:58:31.807 python3        2290922 nvme1n1 WS   1014199040 131072   25.503
12:58:31.807 python3        2290922 nvme1n1 WS   1014199296 131072   25.655
12:58:31.807 python3        2290922 nvme1n1 WS   1014199552 131072   25.760
12:58:31.807 python3        2290922 nvme1n1 WS   1014199808 131072   25.828
12:58:31.807 python3        2290922 nvme1n1 WS   1014200064 131072   25.885
12:58:31.807 python3        2290922 nvme1n1 WS   1014200320 131072   25.962
12:58:31.807 python3        2290922 nvme1n1 WS   1014200576 131072   26.038
12:58:31.807 python3        2290922 nvme1n1 WS   1014200832 131072   26.122
12:58:31.807 python3        2290922 nvme1n1 WS   1014201088 131072   26.193
12:58:31.807 python3        2290922 nvme1n1 WS   1014201344 131072   26.271
12:58:31.807 python3        2290922 nvme1n1 WS   1014201600 131072   26.347
12:58:31.808 python3        2290923 nvme1n1 WS   1014206464 131072   25.026
12:58:31.808 python3        2290923 nvme1n1 WS   1014206720 131072   25.104
12:58:31.808 python3        2290923 nvme1n1 WS   1014206976 131072   25.175
12:58:31.808 python3        2290923 nvme1n1 WS   1014207232 131072   25.253
12:58:31.808 python3        2290923 nvme1n1 WS   1014207488 131072   25.326
12:58:31.808 python3        2290923 nvme1n1 WS   1014207744 131072   25.400
12:58:31.808 python3        2290923 nvme1n1 WS   1014208000 131072   25.474
12:58:31.808 python3        2290923 nvme1n1 WS   1014208256 131072   25.522
12:58:31.808 python3        2290923 nvme1n1 WS   1014208512 131072   25.596
12:58:31.808 python3        2290923 nvme1n1 WS   1014208768 131072   25.672
12:58:31.808 python3        2290923 nvme1n1 WS   1014209024 131072   25.749
12:58:31.808 python3        2290923 nvme1n1 WS   1014209280 131072   25.810
12:58:31.809 python3        2290922 nvme1n1 WS   1014201856 131072   27.363
12:58:31.809 python3        2290922 nvme1n1 WS   1014202112 131072   27.365
12:58:31.809 python3        2290922 nvme1n1 WS   1014202368 131072   27.428
12:58:31.809 python3        2290922 nvme1n1 WS   1014202624 131072   27.545
12:58:31.809 python3        2290923 nvme1n1 WS   1014209536 131072   26.258
12:58:31.809 python3        2290923 nvme1n1 WS   1014209792 131072   26.397
12:58:31.809 python3        2290923 nvme1n1 WS   1014210048 131072   26.536
12:58:31.809 python3        2290923 nvme1n1 WS   1014210304 131072   26.664
12:58:31.809 python3        2290923 nvme1n1 WS   1014210560 131072   26.801
12:58:31.810 python3        2290923 nvme1n1 WS   1014210816 131072   26.933
12:58:31.810 python3        2290922 nvme1n1 WS   1014214656 131072   25.108
12:58:31.810 python3        2290922 nvme1n1 WS   1014214912 131072   25.174
12:58:31.810 python3        2290922 nvme1n1 WS   1014215168 131072   25.246
12:58:31.810 python3        2290922 nvme1n1 WS   1014215424 131072   25.331
12:58:31.810 python3        2290922 nvme1n1 WS   1014215680 131072   25.401
12:58:31.810 python3        2290922 nvme1n1 WS   1014215936 131072   25.477
12:58:31.810 python3        2290922 nvme1n1 WS   1014216192 131072   25.557
12:58:31.810 python3        2290922 nvme1n1 WS   1014216448 131072   25.607
12:58:31.810 python3        2290922 nvme1n1 WS   1014216704 131072   25.683
12:58:31.810 python3        2290922 nvme1n1 WS   1014216960 131072   25.754
12:58:31.811 python3        2290922 nvme1n1 WS   1014217216 131072   25.828
12:58:31.811 python3        2290922 nvme1n1 WS   1014217472 131072   25.900
12:58:31.811 python3        2290922 nvme1n1 WS   1014217728 131072   25.976
12:58:31.811 python3        2290922 nvme1n1 WS   1014217984 131072   26.036
12:58:31.811 python3        2290922 nvme1n1 WS   1014218240 131072   26.148
12:58:31.811 python3        2290922 nvme1n1 WS   1014218496 131072   26.256
12:58:31.811 python3        2290922 nvme1n1 WS   1014218752 131072   26.384
12:58:31.811 python3        2290922 nvme1n1 WS   1014219008 131072   26.511
12:58:31.811 python3        2290922 nvme1n1 WS   1014222848 131072   25.159
12:58:31.811 python3        2290922 nvme1n1 WS   1014223104 131072   25.263
12:58:31.812 python3        2290922 nvme1n1 WS   1014223360 131072   25.339
12:58:31.812 python3        2290922 nvme1n1 WS   1014223616 131072   25.412
12:58:31.812 python3        2290922 nvme1n1 WS   1014223872 131072   25.493
12:58:31.812 python3        2290922 nvme1n1 WS   1014224128 131072   25.617
12:58:31.812 python3        2290922 nvme1n1 WS   1014224384 131072   25.746
12:58:31.812 python3        2290922 nvme1n1 WS   1014224640 131072   25.842
12:58:31.812 python3        2290922 nvme1n1 WS   1014224896 131072   25.953
12:58:31.812 python3        2290922 nvme1n1 WS   1014225152 131072   26.027
12:58:31.812 python3        2290922 nvme1n1 WS   1014225408 131072   26.100
12:58:31.812 python3        2290922 nvme1n1 WS   1014225664 131072   26.175
12:58:31.813 python3        2290922 nvme1n1 WS   1014225920 131072   26.288
12:58:31.813 python3        2290922 nvme1n1 WS   1014226176 131072   26.368
12:58:31.813 python3        2290921 nvme1n1 WS   1014231040 131072   24.615
12:58:31.813 python3        2290921 nvme1n1 WS   1014231296 131072   24.684
12:58:31.813 python3        2290921 nvme1n1 WS   1014231552 131072   24.760
12:58:31.813 python3        2290921 nvme1n1 WS   1014231808 131072   24.839
12:58:31.813 python3        2290921 nvme1n1 WS   1014232064 131072   24.921
12:58:31.813 python3        2290921 nvme1n1 WS   1014232320 131072   25.046
12:58:31.813 python3        2290921 nvme1n1 WS   1014232576 131072   25.169
12:58:31.813 python3        2290921 nvme1n1 WS   1014232832 131072   25.269
12:58:31.814 python3        2290921 nvme1n1 WS   1014233088 131072   25.396
12:58:31.814 python3        2290921 nvme1n1 WS   1014233344 131072   25.482
12:58:31.814 python3        2290921 nvme1n1 WS   1014233600 131072   25.565
12:58:31.814 python3        2290921 nvme1n1 WS   1014233856 131072   25.644
12:58:31.814 python3        2290922 nvme1n1 WS   1014226432 131072   27.629
12:58:31.814 python3        2290922 nvme1n1 WS   1014226688 131072   27.680
12:58:31.814 python3        2290922 nvme1n1 WS   1014226944 131072   27.755
12:58:31.814 python3        2290922 nvme1n1 WS   1014227200 131072   27.828
12:58:31.814 python3        2290921 nvme1n1 WS   1014234112 131072   26.033
12:58:31.814 python3        2290921 nvme1n1 WS   1014234368 131072   26.108
12:58:31.814 python3        2290921 nvme1n1 WS   1014234624 131072   26.185
12:58:31.815 python3        2290921 nvme1n1 WS   1014234880 131072   26.234
12:58:31.815 python3        2290921 nvme1n1 WS   1014235136 131072   26.312
12:58:31.815 python3        2290921 nvme1n1 WS   1014235392 131072   26.392
12:58:31.815 python3        2290923 nvme1n1 WS   1014239232 131072   25.354
12:58:31.815 python3        2290923 nvme1n1 WS   1014239488 131072   25.425
12:58:31.815 python3        2290923 nvme1n1 WS   1014239744 131072   25.502
12:58:31.815 python3        2290923 nvme1n1 WS   1014240000 131072   25.579
12:58:31.815 python3        2290923 nvme1n1 WS   1014240256 131072   25.652
12:58:31.815 python3        2290923 nvme1n1 WS   1014240512 131072   25.778
12:58:31.815 python3        2290923 nvme1n1 WS   1014240768 131072   25.900
12:58:31.815 python3        2290923 nvme1n1 WS   1014241024 131072   25.999
12:58:31.816 python3        2290923 nvme1n1 WS   1014241280 131072   26.127
12:58:31.816 python3        2290923 nvme1n1 WS   1014241536 131072   26.256
12:58:31.816 python3        2290923 nvme1n1 WS   1014241792 131072   26.398
12:58:31.816 python3        2290923 nvme1n1 WS   1014242048 131072   26.539
12:58:31.816 python3        2290923 nvme1n1 WS   1014242304 131072   26.679
12:58:31.816 python3        2290923 nvme1n1 WS   1014242560 131072   26.820
12:58:31.816 python3        2290923 nvme1n1 WS   1014242816 131072   26.962
12:58:31.817 python3        2290923 nvme1n1 WS   1014243072 131072   27.083
12:58:31.817 python3        2290923 nvme1n1 WS   1014247424 131072   24.427
12:58:31.817 python3        2290923 nvme1n1 WS   1014247680 131072   24.536
12:58:31.817 python3        2290923 nvme1n1 WS   1014247936 131072   24.611
12:58:31.817 python3        2290923 nvme1n1 WS   1014248192 131072   24.689
12:58:31.817 python3        2290923 nvme1n1 WS   1014248448 131072   24.767
12:58:31.817 python3        2290923 nvme1n1 WS   1014248704 131072   24.842
12:58:31.817 python3        2290923 nvme1n1 WS   1014248960 131072   24.924
12:58:31.817 python3        2290923 nvme1n1 WS   1014249216 131072   24.977
12:58:31.817 python3        2290923 nvme1n1 WS   1014249472 131072   25.058
12:58:31.817 python3        2290923 nvme1n1 WS   1014249728 131072   25.131
12:58:31.818 python3        2290923 nvme1n1 WS   1014249984 131072   25.202
12:58:31.818 python3        2290923 nvme1n1 WS   1014250240 131072   25.280
12:58:31.818 python3        2290923 nvme1n1 WS   1014243328 131072   28.227
12:58:31.818 python3        2290923 nvme1n1 WS   1014243584 131072   28.303
12:58:31.818 python3        2290923 nvme1n1 WS   1014255616 131072   24.476
12:58:31.818 python3        2290923 nvme1n1 WS   1014255872 131072   24.535
12:58:31.818 python3        2290923 nvme1n1 WS   1014250496 131072   25.708
12:58:31.818 python3        2290923 nvme1n1 WS   1014250752 131072   25.823
12:58:31.818 python3        2290923 nvme1n1 WS   1014251008 131072   25.895
12:58:31.818 python3        2290923 nvme1n1 WS   1014251264 131072   25.953
12:58:31.818 python3        2290923 nvme1n1 WS   1014251520 131072   26.034
12:58:31.818 python3        2290923 nvme1n1 WS   1014251776 131072   26.096
12:58:31.819 python3        2290923 nvme1n1 WS   1014256128 131072   25.244
12:58:31.819 python3        2290923 nvme1n1 WS   1014256384 131072   25.367
12:58:31.819 python3        2290923 nvme1n1 WS   1014256640 131072   25.489
12:58:31.819 python3        2290923 nvme1n1 WS   1014256896 131072   25.614
12:58:31.819 python3        2290923 nvme1n1 WS   1014257152 131072   25.744
12:58:31.819 python3        2290923 nvme1n1 WS   1014257408 131072   25.851
12:58:31.819 python3        2290923 nvme1n1 WS   1014257664 131072   25.981
12:58:31.820 python3        2290923 nvme1n1 WS   1014257920 131072   26.116
12:58:31.820 python3        2290923 nvme1n1 WS   1014258176 131072   26.225
12:58:31.820 python3        2290923 nvme1n1 WS   1014258432 131072   26.301
12:58:31.820 python3        2290923 nvme1n1 WS   1014258688 131072   26.380
12:58:31.820 python3        2290923 nvme1n1 WS   1014258944 131072   26.454
12:58:31.820 python3        2290923 nvme1n1 WS   1014259200 131072   26.531
12:58:31.820 python3        2290923 nvme1n1 WS   1014259456 131072   26.588
12:58:31.820 python3        2290923 nvme1n1 WS   1014259712 131072   26.652
12:58:31.820 python3        2290923 nvme1n1 WS   1014259968 131072   26.733
12:58:31.820 python3        2290921 nvme1n1 WS   1014263808 131072   23.765
12:58:31.820 python3        2290921 nvme1n1 WS   1014264064 131072   23.825
12:58:31.821 python3        2290921 nvme1n1 WS   1014264320 131072   23.902
12:58:31.821 python3        2290921 nvme1n1 WS   1014264576 131072   23.977
12:58:31.821 python3        2290921 nvme1n1 WS   1014264832 131072   24.054
12:58:31.821 python3        2290921 nvme1n1 WS   1014265088 131072   24.127
12:58:31.821 python3        2290921 nvme1n1 WS   1014265344 131072   24.204
12:58:31.821 python3        2290921 nvme1n1 WS   1014265600 131072   24.255
12:58:31.821 python3        2290921 nvme1n1 WS   1014265856 131072   24.333
12:58:31.821 python3        2290921 nvme1n1 WS   1014266112 131072   24.411
12:58:31.821 python3        2290921 nvme1n1 WS   1014266368 131072   24.484
12:58:31.821 python3        2290921 nvme1n1 WS   1014266624 131072   24.558
12:58:31.821 python3        2290921 nvme1n1 WS   1014266880 131072   24.633
12:58:31.821 python3        2290921 nvme1n1 WS   1014267136 131072   24.707
12:58:31.821 python3        2290921 nvme1n1 WS   1014267392 131072   24.780
12:58:31.822 python3        2290921 nvme1n1 WS   1014267648 131072   24.836
12:58:31.822 python3        2290921 nvme1n1 WS   1014272000 131072   24.896
12:58:31.822 python3        2290921 nvme1n1 WS   1014272256 131072   24.960
12:58:31.822 python3        2290921 nvme1n1 WS   1014267904 131072   25.004
12:58:31.822 python3        2290921 nvme1n1 WS   1014268160 131072   25.113
12:58:31.822 python3        2290921 nvme1n1 WS   1014268416 131072   25.239
12:58:31.822 python3        2290921 nvme1n1 WS   1014268672 131072   25.364
12:58:31.822 python3        2290921 nvme1n1 WS   1014268928 131072   25.504
12:58:31.822 python3        2290921 nvme1n1 WS   1014269184 131072   25.644
12:58:31.823 python3        2290921 nvme1n1 WS   1014269440 131072   25.783
12:58:31.823 python3        2290921 nvme1n1 WS   1014269696 131072   25.895
12:58:31.823 python3        2290921 nvme1n1 WS   1014269952 131072   26.034
12:58:31.823 python3        2290921 nvme1n1 WS   1014270208 131072   26.179
12:58:31.823 python3        2290921 nvme1n1 WS   1014270464 131072   26.314
12:58:31.823 python3        2290921 nvme1n1 WS   1014270720 131072   26.443
12:58:31.823 python3        2290921 nvme1n1 WS   1014270976 131072   26.571
12:58:31.823 python3        2290921 nvme1n1 WS   1014271232 131072   26.675
12:58:31.824 python3        2290921 nvme1n1 WS   1014271488 131072   26.763
12:58:31.824 python3        2290921 nvme1n1 WS   1014271744 131072   26.822
12:58:31.824 python3        2290920 nvme1n1 WS   1014280192 131072   25.504
12:58:31.824 python3        2290920 nvme1n1 WS   1014280448 131072   25.580
12:58:31.824 python3        2290920 nvme1n1 WS   1014280704 131072   25.658
12:58:31.824 python3        2290920 nvme1n1 WS   1014280960 131072   25.736
12:58:31.824 python3        2290920 nvme1n1 WS   1014281216 131072   25.812
12:58:31.824 python3        2290920 nvme1n1 WS   1014281472 131072   25.891
12:58:31.824 python3        2290920 nvme1n1 WS   1014281728 131072   25.971
12:58:31.824 python3        2290920 nvme1n1 WS   1014281984 131072   26.018
12:58:31.824 python3        2290920 nvme1n1 WS   1014282240 131072   26.094
12:58:31.824 python3        2290920 nvme1n1 WS   1014282496 131072   26.169
12:58:31.825 python3        2290920 nvme1n1 WS   1014282752 131072   26.243
12:58:31.825 python3        2290920 nvme1n1 WS   1014283008 131072   26.314
12:58:31.825 python3        2290921 nvme1n1 WS   1014276096 131072   27.902
12:58:31.825 python3        2290921 nvme1n1 WS   1014276352 131072   27.979
12:58:31.825 python3        2290920 nvme1n1 WS   1014283264 131072   26.588
12:58:31.825 python3        2290920 nvme1n1 WS   1014283520 131072   26.661
12:58:31.825 python3        2290920 nvme1n1 WS   1014283776 131072   26.760
12:58:31.825 python3        2290920 nvme1n1 WS   1014284032 131072   26.817
12:58:31.825 python3        2290920 nvme1n1 WS   1014284288 131072   26.932
12:58:31.825 python3        2290920 nvme1n1 WS   1014284544 131072   27.062
12:58:31.826 python3        2290920 nvme1n1 WS   1014288384 131072   24.278
12:58:31.826 python3        2290920 nvme1n1 WS   1014288640 131072   24.397
12:58:31.826 python3        2290920 nvme1n1 WS   1014288896 131072   24.526
12:58:31.826 python3        2290920 nvme1n1 WS   1014289152 131072   24.648
12:58:31.826 python3        2290920 nvme1n1 WS   1014289408 131072   24.775
12:58:31.826 python3        2290920 nvme1n1 WS   1014289664 131072   24.898
12:58:31.826 python3        2290920 nvme1n1 WS   1014289920 131072   25.009
12:58:31.826 python3        2290920 nvme1n1 WS   1014290176 131072   25.066
12:58:31.826 python3        2290920 nvme1n1 WS   1014290432 131072   25.147
12:58:31.827 python3        2290920 nvme1n1 WS   1014290688 131072   25.219
12:58:31.827 python3        2290920 nvme1n1 WS   1014290944 131072   25.294
12:58:31.827 python3        2290920 nvme1n1 WS   1014291200 131072   25.373
12:58:31.827 python3        2290920 nvme1n1 WS   1014291456 131072   25.453
12:58:31.827 python3        2290920 nvme1n1 WS   1014291712 131072   25.526
12:58:31.827 python3        2290920 nvme1n1 WS   1014291968 131072   25.602
12:58:31.827 python3        2290921 nvme1n1 WS   1014296576 131072   25.618
12:58:31.827 python3        2290921 nvme1n1 WS   1014296832 131072   25.690
12:58:31.827 python3        2290921 nvme1n1 WS   1014297088 131072   25.769
12:58:31.827 python3        2290921 nvme1n1 WS   1014297344 131072   25.847
12:58:31.827 python3        2290920 nvme1n1 WS   1014292224 131072   25.974
12:58:31.827 python3        2290920 nvme1n1 WS   1014292480 131072   26.049
12:58:31.828 python3        2290920 nvme1n1 WS   1014292736 131072   26.131
12:58:31.828 python3        2290921 nvme1n1 WS   1014297600 131072   26.168
12:58:31.828 python3        2290921 nvme1n1 WS   1014297856 131072   26.244
12:58:31.828 python3        2290921 nvme1n1 WS   1014298112 131072   26.318
12:58:31.828 python3        2290921 nvme1n1 WS   1014298368 131072   26.365
12:58:31.828 python3        2290921 nvme1n1 WS   1014298624 131072   26.441
12:58:31.828 python3        2290921 nvme1n1 WS   1014298880 131072   26.512
12:58:31.828 python3        2290921 nvme1n1 WS   1014299136 131072   26.587
12:58:31.828 python3        2290921 nvme1n1 WS   1014299392 131072   26.662
12:58:31.828 python3        2290921 nvme1n1 WS   1014299648 131072   26.737
12:58:31.828 python3        2290921 nvme1n1 WS   1014299904 131072   26.798
12:58:31.828 python3        2290921 nvme1n1 WS   1014300160 131072   26.891
12:58:31.829 python3        2290921 nvme1n1 WS   1014300416 131072   26.996
12:58:31.829 python3        2290921 nvme1n1 WS   1014300672 131072   27.121
12:58:31.829 python3        2290921 nvme1n1 WS   1014300928 131072   27.249
12:58:31.829 python3        2290920 nvme1n1 WS   1014304768 131072   22.487
12:58:31.829 python3        2290920 nvme1n1 WS   1014305024 131072   22.622
12:58:31.829 python3        2290920 nvme1n1 WS   1014305280 131072   22.760
12:58:31.829 python3        2290920 nvme1n1 WS   1014305536 131072   22.895
12:58:31.830 python3        2290920 nvme1n1 WS   1014305792 131072   23.042
12:58:31.830 python3        2290920 nvme1n1 WS   1014306048 131072   23.179
12:58:31.830 python3        2290920 nvme1n1 WS   1014306304 131072   23.319
12:58:31.830 python3        2290920 nvme1n1 WS   1014308864 131072   23.437
12:58:31.830 python3        2290920 nvme1n1 WS   1014309120 131072   23.540
12:58:31.830 python3        2290920 nvme1n1 WS   1014309376 131072   23.631
12:58:31.830 python3        2290920 nvme1n1 WS   1014309632 131072   23.706
12:58:31.830 python3        2290920 nvme1n1 WS   1014306560 131072   23.792
12:58:31.830 python3        2290920 nvme1n1 WS   1014309888 131072   23.869
12:58:31.830 python3        2290920 nvme1n1 WS   1014306816 131072   23.951
12:58:31.831 python3        2290920 nvme1n1 WS   1014310144 131072   24.027
12:58:31.831 python3        2290920 nvme1n1 WS   1014310400 131072   24.105
12:58:31.831 python3        2290920 nvme1n1 WS   1014310656 131072   24.155
12:58:31.831 python3        2290920 nvme1n1 WS   1014310912 131072   24.233
12:58:31.831 python3        2290920 nvme1n1 WS   1014311168 131072   24.345
12:58:31.831 python3        2290920 nvme1n1 WS   1014311424 131072   24.422
12:58:31.831 python3        2290920 nvme1n1 WS   1014311680 131072   24.496
12:58:31.831 python3        2290920 nvme1n1 WS   1014311936 131072   24.566
12:58:31.831 python3        2290920 nvme1n1 WS   1014312192 131072   24.641
12:58:31.831 python3        2290920 nvme1n1 WS   1014312448 131072   24.726
12:58:31.831 python3        2290920 nvme1n1 WS   1014312704 131072   24.776
12:58:31.831 python3        2290920 nvme1n1 WS   1014307072 131072   24.944
12:58:31.832 python3        2290920 nvme1n1 WS   1014307328 131072   25.021
12:58:31.832 python3        2290920 nvme1n1 WS   1014307584 131072   25.098
12:58:31.832 python3        2290920 nvme1n1 WS   1014307840 131072   25.197
12:58:31.832 python3        2290920 nvme1n1 WS   1014308096 131072   25.323
12:58:31.832 python3        2290920 nvme1n1 WS   1014308352 131072   25.447
12:58:31.832 python3        2290920 nvme1n1 WS   1014308608 131072   25.547
12:58:31.832 python3        2290920 nvme1n1 WS   1014312960 131072   25.678
12:58:31.832 python3        2290920 nvme1n1 WS   1014313216 131072   25.801
12:58:31.833 python3        2290920 nvme1n1 WS   1014317056 131072   25.902
12:58:31.833 python3        2290920 nvme1n1 WS   1014317312 131072   26.011
12:58:31.833 python3        2290922 nvme1n1 WS   1014321152 131072   25.591
12:58:31.833 python3        2290922 nvme1n1 WS   1014321408 131072   25.668
12:58:31.833 python3        2290922 nvme1n1 WS   1014321664 131072   25.742
12:58:31.833 python3        2290922 nvme1n1 WS   1014321920 131072   25.820
12:58:31.833 python3        2290922 nvme1n1 WS   1014322176 131072   25.894
12:58:31.833 python3        2290922 nvme1n1 WS   1014322432 131072   25.970
12:58:31.833 python3        2290922 nvme1n1 WS   1014322688 131072   26.050
12:58:31.833 python3        2290922 nvme1n1 WS   1014322944 131072   26.099
12:58:31.833 python3        2290922 nvme1n1 WS   1014323200 131072   26.171
12:58:31.833 python3        2290922 nvme1n1 WS   1014323456 131072   26.249
12:58:31.833 python3        2290922 nvme1n1 WS   1014323712 131072   26.330
12:58:31.834 python3        2290922 nvme1n1 WS   1014323968 131072   26.407
12:58:31.834 python3        2290922 nvme1n1 WS   1014324224 131072   26.481
12:58:31.834 python3        2290922 nvme1n1 WS   1014324480 131072   26.556
12:58:31.834 python3        2290922 nvme1n1 WS   1014324736 131072   26.633
12:58:31.834 python3        2290922 nvme1n1 WS   1014324992 131072   26.696
12:58:31.834 python3        2290922 nvme1n1 WS   1014325248 131072   26.771
12:58:31.834 python3        2290922 nvme1n1 WS   1014325504 131072   26.845
12:58:31.834 python3        2290922 nvme1n1 WS   1014329344 131072   24.525
12:58:31.834 python3        2290922 nvme1n1 WS   1014329600 131072   24.593
12:58:31.834 python3        2290922 nvme1n1 WS   1014329856 131072   24.667
12:58:31.834 python3        2290922 nvme1n1 WS   1014330112 131072   24.746
12:58:31.834 python3        2290922 nvme1n1 WS   1014330368 131072   24.820
12:58:31.835 python3        2290922 nvme1n1 WS   1014330624 131072   24.914
12:58:31.835 python3        2290922 nvme1n1 WS   1014330880 131072   24.978
12:58:31.835 python3        2290922 nvme1n1 WS   1014331136 131072   25.014
12:58:31.835 python3        2290922 nvme1n1 WS   1014331392 131072   25.093
12:58:31.835 python3        2290922 nvme1n1 WS   1014331648 131072   25.167
12:58:31.835 python3        2290922 nvme1n1 WS   1014331904 131072   25.242
12:58:31.835 python3        2290922 nvme1n1 WS   1014332160 131072   25.289
12:58:31.835 python3        2290922 nvme1n1 WS   1014332416 131072   25.347
12:58:31.835 python3        2290922 nvme1n1 WS   1014332672 131072   25.412
12:58:31.835 python3        2290922 nvme1n1 WS   1014332928 131072   25.490
12:58:31.835 python3        2290922 nvme1n1 WS   1014333184 131072   25.603
12:58:31.835 python3        2290923 nvme1n1 WS   1014337536 131072   24.644
12:58:31.836 python3        2290923 nvme1n1 WS   1014337792 131072   24.778
12:58:31.836 python3        2290923 nvme1n1 WS   1014338048 131072   24.916
12:58:31.836 python3        2290923 nvme1n1 WS   1014338304 131072   25.058
12:58:31.836 python3        2290923 nvme1n1 WS   1014338560 131072   25.199
12:58:31.836 python3        2290923 nvme1n1 WS   1014338816 131072   25.338
12:58:31.836 python3        2290923 nvme1n1 WS   1014339072 131072   25.479
12:58:31.836 python3        2290923 nvme1n1 WS   1014339328 131072   25.597
12:58:31.837 python3        2290923 nvme1n1 WS   1014339584 131072   25.735
12:58:31.837 python3        2290923 nvme1n1 WS   1014339840 131072   25.879
12:58:31.837 python3        2290923 nvme1n1 WS   1014340096 131072   26.057
12:58:31.837 python3        2290923 nvme1n1 WS   1014340352 131072   26.183
12:58:31.837 python3        2290922 nvme1n1 WS   1014333440 131072   27.487
12:58:31.837 python3        2290922 nvme1n1 WS   1014333696 131072   27.574
12:58:31.837 python3        2290923 nvme1n1 WS   1014340608 131072   26.485
12:58:31.837 python3        2290923 nvme1n1 WS   1014340864 131072   26.565
12:58:31.838 python3        2290923 nvme1n1 WS   1014341120 131072   26.646
12:58:31.838 python3        2290923 nvme1n1 WS   1014341376 131072   26.707
12:58:31.838 python3        2290923 nvme1n1 WS   1014341632 131072   26.791
12:58:31.838 python3        2290923 nvme1n1 WS   1014341888 131072   26.873
12:58:31.838 python3        2290922 nvme1n1 WS   1014345728 131072   25.834
12:58:31.838 python3        2290922 nvme1n1 WS   1014345984 131072   25.904
12:58:31.838 python3        2290922 nvme1n1 WS   1014346240 131072   25.977
12:58:31.838 python3        2290922 nvme1n1 WS   1014346496 131072   26.051
12:58:31.838 python3        2290922 nvme1n1 WS   1014346752 131072   26.127
12:58:31.838 python3        2290922 nvme1n1 WS   1014347008 131072   26.202
12:58:31.838 python3        2290922 nvme1n1 WS   1014347264 131072   26.279
12:58:31.839 python3        2290922 nvme1n1 WS   1014347520 131072   26.348
12:58:31.839 python3        2290922 nvme1n1 WS   1014347776 131072   26.475
12:58:31.839 python3        2290922 nvme1n1 WS   1014348032 131072   26.603
12:58:31.839 python3        2290922 nvme1n1 WS   1014348288 131072   26.707
12:58:31.839 python3        2290922 nvme1n1 WS   1014348544 131072   26.766
12:58:31.839 python3        2290922 nvme1n1 WS   1014348800 131072   26.842
12:58:31.839 python3        2290922 nvme1n1 WS   1014349056 131072   26.925
12:58:31.839 python3        2290922 nvme1n1 WS   1014349312 131072   27.004
12:58:31.839 python3        2290922 nvme1n1 WS   1014349568 131072   27.067
12:58:31.840 python3        2290922 nvme1n1 WS   1014349824 131072   27.147
12:58:31.840 python3        2290922 nvme1n1 WS   1014350080 131072   27.222
12:58:31.840 python3        2290922 nvme1n1 WS   1014353920 131072   24.408
12:58:31.840 python3        2290922 nvme1n1 WS   1014354176 131072   24.477
12:58:31.840 python3        2290922 nvme1n1 WS   1014354432 131072   24.552
12:58:31.840 python3        2290922 nvme1n1 WS   1014354688 131072   24.630
12:58:31.840 python3        2290922 nvme1n1 WS   1014354944 131072   24.704
12:58:31.840 python3        2290922 nvme1n1 WS   1014355200 131072   24.782
12:58:31.840 python3        2290922 nvme1n1 WS   1014355456 131072   24.856
12:58:31.840 python3        2290922 nvme1n1 WS   1014355712 131072   24.909
12:58:31.840 python3        2290922 nvme1n1 WS   1014355968 131072   24.978
12:58:31.840 python3        2290922 nvme1n1 WS   1014356224 131072   25.053
12:58:31.840 python3        2290922 nvme1n1 WS   1014356480 131072   25.129
12:58:31.840 python3        2290922 nvme1n1 WS   1014356736 131072   25.201
12:58:31.840 python3        2290921 nvme1n1 WS   1014362112 131072   25.054
12:58:31.841 python3        2290921 nvme1n1 WS   1014362368 131072   25.126
12:58:31.841 python3        2290921 nvme1n1 WS   1014362624 131072   25.198
12:58:31.841 python3        2290921 nvme1n1 WS   1014362880 131072   25.278
12:58:31.841 python3        2290922 nvme1n1 WS   1014356992 131072   25.608
12:58:31.841 python3        2290922 nvme1n1 WS   1014357248 131072   25.681
12:58:31.841 python3        2290922 nvme1n1 WS   1014357504 131072   25.767
12:58:31.841 python3        2290922 nvme1n1 WS   1014357760 131072   25.817
12:58:31.841 python3        2290922 nvme1n1 WS   1014358016 131072   25.897
12:58:31.841 python3        2290922 nvme1n1 WS   1014358272 131072   25.970
12:58:31.841 python3        2290921 nvme1n1 WS   1014363136 131072   25.891
12:58:31.842 python3        2290921 nvme1n1 WS   1014363392 131072   26.011
12:58:31.842 python3        2290921 nvme1n1 WS   1014363648 131072   26.135
12:58:31.842 python3        2290921 nvme1n1 WS   1014363904 131072   26.229
12:58:31.842 python3        2290921 nvme1n1 WS   1014364160 131072   26.360
12:58:31.842 python3        2290921 nvme1n1 WS   1014364416 131072   26.497
12:58:31.842 python3        2290921 nvme1n1 WS   1014364672 131072   26.637
12:58:31.842 python3        2290921 nvme1n1 WS   1014364928 131072   26.781
12:58:31.842 python3        2290921 nvme1n1 WS   1014365184 131072   26.923
12:58:31.843 python3        2290921 nvme1n1 WS   1014365440 131072   27.050
12:58:31.843 python3        2290921 nvme1n1 WS   1014365696 131072   27.180
12:58:31.843 python3        2290921 nvme1n1 WS   1014365952 131072   27.250
12:58:31.843 python3        2290921 nvme1n1 WS   1014366208 131072   27.358
12:58:31.843 python3        2290921 nvme1n1 WS   1014366464 131072   27.438
12:58:31.843 python3        2290923 nvme1n1 WS   1014370304 131072   23.232
12:58:31.843 python3        2290923 nvme1n1 WS   1014370560 131072   23.304
12:58:31.843 python3        2290923 nvme1n1 WS   1014370816 131072   23.378
12:58:31.843 python3        2290923 nvme1n1 WS   1014371072 131072   23.452
12:58:31.843 python3        2290923 nvme1n1 WS   1014371328 131072   23.527
12:58:31.843 python3        2290923 nvme1n1 WS   1014371584 131072   23.606
12:58:31.844 python3        2290923 nvme1n1 WS   1014371840 131072   23.688
12:58:31.844 python3        2290923 nvme1n1 WS   1014372096 131072   23.734
12:58:31.844 python3        2290923 nvme1n1 WS   1014372352 131072   23.808
12:58:31.844 python3        2290923 nvme1n1 WS   1014372608 131072   23.884
12:58:31.844 python3        2290923 nvme1n1 WS   1014372864 131072   23.959
12:58:31.844 python3        2290923 nvme1n1 WS   1014373120 131072   24.035
12:58:31.844 python3        2290923 nvme1n1 WS   1014373376 131072   24.110
12:58:31.844 python3        2290923 nvme1n1 WS   1014373632 131072   24.182
12:58:31.844 python3        2290923 nvme1n1 WS   1014373888 131072   24.257
12:58:31.844 python3        2290923 nvme1n1 WS   1014374144 131072   24.308
12:58:31.844 python3        2290923 nvme1n1 WS   1014374400 131072   24.362
12:58:31.844 python3        2290923 nvme1n1 WS   1014374656 131072   24.435
12:58:31.844 python3        2290923 nvme1n1 WS   1014378496 131072   23.582
12:58:31.845 python3        2290923 nvme1n1 WS   1014378752 131072   23.652
12:58:31.845 python3        2290923 nvme1n1 WS   1014379008 131072   23.728
12:58:31.845 python3        2290923 nvme1n1 WS   1014379264 131072   23.807
12:58:31.845 python3        2290923 nvme1n1 WS   1014379520 131072   23.920
12:58:31.845 python3        2290923 nvme1n1 WS   1014379776 131072   24.046
12:58:31.845 python3        2290923 nvme1n1 WS   1014380032 131072   24.171
12:58:31.845 python3        2290923 nvme1n1 WS   1014380288 131072   24.255
12:58:31.845 python3        2290923 nvme1n1 WS   1014380544 131072   24.382
12:58:31.845 python3        2290923 nvme1n1 WS   1014380800 131072   24.506
12:58:31.846 python3        2290923 nvme1n1 WS   1014381056 131072   24.631
12:58:31.846 python3        2290923 nvme1n1 WS   1014381312 131072   24.706
12:58:31.846 python3        2290923 nvme1n1 WS   1014381568 131072   24.787
12:58:31.846 python3        2290923 nvme1n1 WS   1014381824 131072   24.867
12:58:31.846 python3        2290923 nvme1n1 WS   1014382080 131072   24.953
12:58:31.846 python3        2290923 nvme1n1 WS   1014382336 131072   25.000
12:58:31.846 python3        2290923 nvme1n1 WS   1014382592 131072   25.082
12:58:31.846 python3        2290923 nvme1n1 WS   1014382848 131072   25.161
12:58:31.846 python3        2290923 nvme1n1 WS   1014386688 131072   23.951
12:58:31.846 python3        2290923 nvme1n1 WS   1014386944 131072   24.021
12:58:31.846 python3        2290923 nvme1n1 WS   1014387200 131072   24.097
12:58:31.847 python3        2290923 nvme1n1 WS   1014387456 131072   24.170
12:58:31.847 python3        2290923 nvme1n1 WS   1014387712 131072   24.245
12:58:31.847 python3        2290923 nvme1n1 WS   1014387968 131072   24.320
12:58:31.847 python3        2290923 nvme1n1 WS   1014388224 131072   24.393
12:58:31.847 python3        2290923 nvme1n1 WS   1014388480 131072   24.445
12:58:31.847 python3        2290923 nvme1n1 WS   1014388736 131072   24.523
12:58:31.847 python3        2290923 nvme1n1 WS   1014388992 131072   24.598
12:58:31.847 python3        2290923 nvme1n1 WS   1014389248 131072   24.669
12:58:31.847 python3        2290923 nvme1n1 WS   1014389504 131072   24.742
12:58:31.847 python3        2290923 nvme1n1 WS   1014389760 131072   24.821
12:58:31.847 python3        2290923 nvme1n1 WS   1014390016 131072   24.901
12:58:31.847 python3        2290923 nvme1n1 WS   1014390272 131072   24.982
12:58:31.847 python3        2290923 nvme1n1 WS   1014390528 131072   25.038
12:58:31.848 python3        2290921 nvme1n1 WS   1014394880 131072   23.851
12:58:31.848 python3        2290921 nvme1n1 WS   1014395136 131072   23.920
12:58:31.848 python3        2290921 nvme1n1 WS   1014395392 131072   23.998
12:58:31.848 python3        2290921 nvme1n1 WS   1014395648 131072   24.072
12:58:31.848 python3        2290921 nvme1n1 WS   1014395904 131072   24.196
12:58:31.848 python3        2290921 nvme1n1 WS   1014396160 131072   24.319
12:58:31.848 python3        2290921 nvme1n1 WS   1014396416 131072   24.441
12:58:31.848 python3        2290921 nvme1n1 WS   1014396672 131072   24.540
12:58:31.848 python3        2290921 nvme1n1 WS   1014396928 131072   24.705
12:58:31.849 python3        2290921 nvme1n1 WS   1014397184 131072   24.843
12:58:31.849 python3        2290921 nvme1n1 WS   1014397440 131072   24.984
12:58:31.849 python3        2290921 nvme1n1 WS   1014397696 131072   25.122
12:58:31.849 python3        2290923 nvme1n1 WS   1014390784 131072   26.591
12:58:31.849 python3        2290923 nvme1n1 WS   1014391040 131072   26.714
12:58:31.849 python3        2290921 nvme1n1 WS   1014397952 131072   25.460
12:58:31.849 python3        2290921 nvme1n1 WS   1014398208 131072   25.532
12:58:31.849 python3        2290921 nvme1n1 WS   1014398464 131072   25.610
12:58:31.849 python3        2290921 nvme1n1 WS   1014398720 131072   25.664
12:58:31.850 python3        2290921 nvme1n1 WS   1014398976 131072   25.741
12:58:31.850 python3        2290921 nvme1n1 WS   1014399232 131072   25.821
12:58:31.850 python3        2290921 nvme1n1 WS   1014403072 131072   23.958
12:58:31.850 python3        2290921 nvme1n1 WS   1014403328 131072   24.033
12:58:31.850 python3        2290921 nvme1n1 WS   1014403584 131072   24.109
12:58:31.850 python3        2290921 nvme1n1 WS   1014403840 131072   24.183
12:58:31.850 python3        2290921 nvme1n1 WS   1014404096 131072   24.257
12:58:31.850 python3        2290921 nvme1n1 WS   1014404352 131072   24.332
12:58:31.850 python3        2290921 nvme1n1 WS   1014404608 131072   24.410
12:58:31.850 python3        2290921 nvme1n1 WS   1014404864 131072   24.459
12:58:31.850 python3        2290921 nvme1n1 WS   1014405120 131072   24.536
12:58:31.850 python3        2290921 nvme1n1 WS   1014405376 131072   24.610
12:58:31.851 python3        2290921 nvme1n1 WS   1014405632 131072   24.686
12:58:31.851 python3        2290921 nvme1n1 WS   1014405888 131072   24.757
12:58:31.851 python3        2290921 nvme1n1 WS   1014406144 131072   24.831
12:58:31.851 python3        2290921 nvme1n1 WS   1014406400 131072   24.905
12:58:31.851 python3        2290921 nvme1n1 WS   1014406656 131072   24.983
12:58:31.851 python3        2290921 nvme1n1 WS   1014406912 131072   25.041
12:58:31.851 python3        2290920 nvme1n1 WS   1014411264 131072   24.303
12:58:31.851 python3        2290920 nvme1n1 WS   1014411520 131072   24.362
12:58:31.851 python3        2290920 nvme1n1 WS   1014411776 131072   24.485
12:58:31.851 python3        2290920 nvme1n1 WS   1014412032 131072   24.607
12:58:31.851 python3        2290920 nvme1n1 WS   1014412288 131072   24.732
12:58:31.852 python3        2290920 nvme1n1 WS   1014412544 131072   24.861
12:58:31.852 python3        2290920 nvme1n1 WS   1014412800 131072   25.001
12:58:31.852 python3        2290920 nvme1n1 WS   1014413056 131072   25.105
12:58:31.852 python3        2290920 nvme1n1 WS   1014413312 131072   25.244
12:58:31.852 python3        2290920 nvme1n1 WS   1014413568 131072   25.363
12:58:31.852 python3        2290920 nvme1n1 WS   1014413824 131072   25.439
12:58:31.852 python3        2290920 nvme1n1 WS   1014414080 131072   25.517
12:58:31.852 python3        2290921 nvme1n1 WS   1014407168 131072   26.475
12:58:31.852 python3        2290921 nvme1n1 WS   1014407424 131072   26.555
12:58:31.853 python3        2290920 nvme1n1 WS   1014414336 131072   25.759
12:58:31.853 python3        2290920 nvme1n1 WS   1014414592 131072   25.840
12:58:31.853 python3        2290920 nvme1n1 WS   1014414848 131072   25.918
12:58:31.853 python3        2290920 nvme1n1 WS   1014415104 131072   25.979
12:58:31.853 python3        2290920 nvme1n1 WS   1014415360 131072   26.063
12:58:31.853 python3        2290920 nvme1n1 WS   1014415616 131072   26.141
12:58:31.853 python3        2290920 nvme1n1 WS   1014419456 131072   24.512
12:58:31.853 python3        2290920 nvme1n1 WS   1014419712 131072   24.584
12:58:31.853 python3        2290920 nvme1n1 WS   1014419968 131072   24.660
12:58:31.853 python3        2290920 nvme1n1 WS   1014420224 131072   24.740
12:58:31.853 python3        2290920 nvme1n1 WS   1014420480 131072   24.816
12:58:31.853 python3        2290920 nvme1n1 WS   1014420736 131072   24.888
12:58:31.853 python3        2290920 nvme1n1 WS   1014420992 131072   24.962
12:58:31.854 python3        2290920 nvme1n1 WS   1014421248 131072   25.009
12:58:31.854 python3        2290920 nvme1n1 WS   1014421504 131072   25.086
12:58:31.854 python3        2290920 nvme1n1 WS   1014421760 131072   25.165
12:58:31.854 python3        2290921 nvme1n1 WS   1014427648 131072   23.671
12:58:31.854 python3        2290921 nvme1n1 WS   1014427904 131072   23.738
12:58:31.854 python3        2290921 nvme1n1 WS   1014428160 131072   23.819
12:58:31.854 python3        2290921 nvme1n1 WS   1014428416 131072   23.900
12:58:31.854 python3        2290921 nvme1n1 WS   1014428672 131072   24.013
12:58:31.854 python3        2290921 nvme1n1 WS   1014428928 131072   24.088
12:58:31.854 python3        2290921 nvme1n1 WS   1014429184 131072   24.213
12:58:31.855 python3        2290921 nvme1n1 WS   1014429440 131072   24.312
12:58:31.855 python3        2290921 nvme1n1 WS   1014429696 131072   24.435
12:58:31.855 python3        2290921 nvme1n1 WS   1014429952 131072   24.560
12:58:31.855 python3        2290921 nvme1n1 WS   1014430208 131072   24.687
12:58:31.855 python3        2290921 nvme1n1 WS   1014430464 131072   24.813
12:58:31.855 python3        2290920 nvme1n1 WS   1014422016 131072   26.579
12:58:31.855 python3        2290920 nvme1n1 WS   1014422272 131072   26.656
12:58:31.855 python3        2290920 nvme1n1 WS   1014422528 131072   26.738
12:58:31.855 python3        2290920 nvme1n1 WS   1014422784 131072   26.811
12:58:31.855 python3        2290921 nvme1n1 WS   1014430720 131072   25.254
12:58:31.856 python3        2290921 nvme1n1 WS   1014430976 131072   25.334
12:58:31.856 python3        2290921 nvme1n1 WS   1014431232 131072   25.420
12:58:31.856 python3        2290921 nvme1n1 WS   1014431488 131072   25.477
12:58:31.856 python3        2290921 nvme1n1 WS   1014431744 131072   25.556
12:58:31.856 python3        2290921 nvme1n1 WS   1014432000 131072   25.633
12:58:31.856 python3        2290920 nvme1n1 WS   1014423040 131072   27.385
12:58:31.856 python3        2290920 nvme1n1 WS   1014423296 131072   27.452
12:58:31.856 python3        2290920 nvme1n1 WS   1014423552 131072   27.530
12:58:31.856 python3        2290920 nvme1n1 WS   1014423808 131072   27.606
12:58:31.856 python3        2290920 nvme1n1 WS   1014435840 131072   21.799
12:58:31.856 python3        2290920 nvme1n1 WS   1014436096 131072   21.916
12:58:31.857 python3        2290920 nvme1n1 WS   1014436352 131072   21.998
12:58:31.857 python3        2290920 nvme1n1 WS   1014436608 131072   22.077
12:58:31.857 python3        2290920 nvme1n1 WS   1014436864 131072   22.151
12:58:31.857 python3        2290920 nvme1n1 WS   1014437120 131072   22.228
12:58:31.857 python3        2290920 nvme1n1 WS   1014437376 131072   22.305
12:58:31.857 python3        2290920 nvme1n1 WS   1014437632 131072   22.345
12:58:31.857 python3        2290920 nvme1n1 WS   1014437888 131072   22.424
12:58:31.857 python3        2290920 nvme1n1 WS   1014438144 131072   22.483
12:58:31.857 python3        2290920 nvme1n1 WS   1014438400 131072   22.557
12:58:31.857 python3        2290920 nvme1n1 WS   1014438656 131072   22.632
12:58:31.857 python3        2290920 nvme1n1 WS   1014438912 131072   22.707
12:58:31.857 python3        2290920 nvme1n1 WS   1014439168 131072   22.827
12:58:31.858 python3        2290920 nvme1n1 WS   1014439424 131072   22.952
12:58:31.858 python3        2290920 nvme1n1 WS   1014439680 131072   23.051
12:58:31.858 python3        2290920 nvme1n1 WS   1014439936 131072   23.177
12:58:31.858 python3        2290920 nvme1n1 WS   1014440192 131072   23.303
12:58:31.858 python3        2290920 nvme1n1 WS   1014444032 131072   23.139
12:58:31.858 python3        2290920 nvme1n1 WS   1014444288 131072   23.278
12:58:31.858 python3        2290920 nvme1n1 WS   1014444544 131072   23.399
12:58:31.859 python3        2290920 nvme1n1 WS   1014444800 131072   23.529
12:58:31.859 python3        2290920 nvme1n1 WS   1014445056 131072   23.669
12:58:31.859 python3        2290920 nvme1n1 WS   1014445312 131072   23.810
12:58:31.859 python3        2290920 nvme1n1 WS   1014445568 131072   23.952
12:58:31.859 python3        2290920 nvme1n1 WS   1014445824 131072   24.064
12:58:31.859 python3        2290920 nvme1n1 WS   1014446080 131072   24.169
12:58:31.859 python3        2290920 nvme1n1 WS   1014446336 131072   24.260
12:58:31.859 python3        2290920 nvme1n1 WS   1014446592 131072   24.334
12:58:31.859 python3        2290920 nvme1n1 WS   1014446848 131072   24.408
12:58:31.860 python3        2290920 nvme1n1 WS   1014447104 131072   24.486
12:58:31.860 python3        2290920 nvme1n1 WS   1014447360 131072   24.565
12:58:31.860 python3        2290920 nvme1n1 WS   1014447616 131072   24.645
12:58:31.860 python3        2290920 nvme1n1 WS   1014447872 131072   24.709
12:58:31.860 python3        2290920 nvme1n1 WS   1014448128 131072   24.786
12:58:31.860 python3        2290920 nvme1n1 WS   1014448384 131072   24.876
12:58:31.860 python3        2290922 nvme1n1 WS   1014452224 131072   24.394
12:58:31.860 python3        2290922 nvme1n1 WS   1014452480 131072   24.464
12:58:31.860 python3        2290922 nvme1n1 WS   1014452736 131072   24.539
12:58:31.860 python3        2290922 nvme1n1 WS   1014452992 131072   24.612
12:58:31.860 python3        2290922 nvme1n1 WS   1014453248 131072   24.723
12:58:31.860 python3        2290922 nvme1n1 WS   1014453504 131072   24.800
12:58:31.861 python3        2290922 nvme1n1 WS   1014453760 131072   24.872
12:58:31.861 python3        2290922 nvme1n1 WS   1014454016 131072   24.926
12:58:31.861 python3        2290922 nvme1n1 WS   1014454272 131072   25.001
12:58:31.861 python3        2290922 nvme1n1 WS   1014454528 131072   25.080
12:58:31.861 python3        2290922 nvme1n1 WS   1014454784 131072   25.175
12:58:31.861 python3        2290922 nvme1n1 WS   1014455040 131072   25.300
12:58:31.861 python3        2290922 nvme1n1 WS   1014455296 131072   25.424
12:58:31.861 python3        2290922 nvme1n1 WS   1014455552 131072   25.549
12:58:31.861 python3        2290922 nvme1n1 WS   1014455808 131072   25.677
12:58:31.862 python3        2290922 nvme1n1 WS   1014456064 131072   25.787
12:58:31.862 python3        2290922 nvme1n1 WS   1014456320 131072   25.889
12:58:31.862 python3        2290922 nvme1n1 WS   1014456576 131072   25.972
12:58:31.862 python3        2290922 nvme1n1 WS   1014460416 131072   23.313
12:58:31.862 python3        2290922 nvme1n1 WS   1014460672 131072   23.385
12:58:31.862 python3        2290922 nvme1n1 WS   1014460928 131072   23.460
12:58:31.862 python3        2290922 nvme1n1 WS   1014461184 131072   23.540
12:58:31.862 python3        2290922 nvme1n1 WS   1014461440 131072   23.613
12:58:31.862 python3        2290922 nvme1n1 WS   1014461696 131072   23.689
12:58:31.862 python3        2290922 nvme1n1 WS   1014461952 131072   23.763
12:58:31.862 python3        2290922 nvme1n1 WS   1014462208 131072   23.814
12:58:31.862 python3        2290922 nvme1n1 WS   1014462464 131072   23.886
12:58:31.863 python3        2290922 nvme1n1 WS   1014462720 131072   23.959
12:58:31.863 python3        2290922 nvme1n1 WS   1014462976 131072   24.032
12:58:31.863 python3        2290922 nvme1n1 WS   1014463232 131072   24.109
12:58:31.863 python3        2290922 nvme1n1 WS   1014463488 131072   24.182
12:58:31.863 python3        2290922 nvme1n1 WS   1014463744 131072   24.258
12:58:31.863 python3        2290922 nvme1n1 WS   1014464000 131072   24.334
12:58:31.863 python3        2290922 nvme1n1 WS   1014464256 131072   24.392
12:58:31.863 python3        2290922 nvme1n1 WS   1014464512 131072   24.467
12:58:31.863 python3        2290923 nvme1n1 WS   1014468608 131072   23.675
12:58:31.863 python3        2290923 nvme1n1 WS   1014468864 131072   23.745
12:58:31.863 python3        2290923 nvme1n1 WS   1014469120 131072   23.820
12:58:31.863 python3        2290923 nvme1n1 WS   1014469376 131072   23.898
12:58:31.863 python3        2290923 nvme1n1 WS   1014469632 131072   23.969
12:58:31.864 python3        2290923 nvme1n1 WS   1014469888 131072   24.043
12:58:31.864 python3        2290923 nvme1n1 WS   1014470144 131072   24.120
12:58:31.864 python3        2290923 nvme1n1 WS   1014470400 131072   24.167
12:58:31.864 python3        2290923 nvme1n1 WS   1014470656 131072   24.242
12:58:31.864 python3        2290923 nvme1n1 WS   1014470912 131072   24.319
12:58:31.864 python3        2290923 nvme1n1 WS   1014471168 131072   24.398
12:58:31.864 python3        2290923 nvme1n1 WS   1014471424 131072   24.458
12:58:31.864 python3        2290922 nvme1n1 WS   1014464768 131072   25.523
12:58:31.864 python3        2290923 nvme1n1 WS   1014471680 131072   24.698
12:58:31.864 python3        2290923 nvme1n1 WS   1014471936 131072   24.820
12:58:31.865 python3        2290923 nvme1n1 WS   1014472192 131072   24.946
12:58:31.865 python3        2290923 nvme1n1 WS   1014472448 131072   25.060
12:58:31.865 python3        2290923 nvme1n1 WS   1014472704 131072   25.201
12:58:31.865 python3        2290923 nvme1n1 WS   1014472960 131072   25.340
12:58:31.865 python3        2290922 nvme1n1 WS   1014476800 131072   24.753
12:58:31.865 python3        2290922 nvme1n1 WS   1014477056 131072   24.888
12:58:31.865 python3        2290922 nvme1n1 WS   1014477312 131072   25.031
12:58:31.866 python3        2290922 nvme1n1 WS   1014477568 131072   25.159
12:58:31.866 python3        2290922 nvme1n1 WS   1014477824 131072   25.286
12:58:31.866 python3        2290922 nvme1n1 WS   1014478080 131072   25.366
12:58:31.866 python3        2290922 nvme1n1 WS   1014478336 131072   25.445
12:58:31.866 python3        2290922 nvme1n1 WS   1014478592 131072   25.494
12:58:31.866 python3        2290922 nvme1n1 WS   1014478848 131072   25.574
12:58:31.866 python3        2290922 nvme1n1 WS   1014479104 131072   25.642
12:58:31.866 python3        2290922 nvme1n1 WS   1014479360 131072   25.718
12:58:31.866 python3        2290922 nvme1n1 WS   1014479616 131072   25.789
12:58:31.866 python3        2290922 nvme1n1 WS   1014479872 131072   25.900
12:58:31.866 python3        2290922 nvme1n1 WS   1014480128 131072   25.985
12:58:31.866 python3        2290922 nvme1n1 WS   1014480384 131072   26.069
12:58:31.867 python3        2290922 nvme1n1 WS   1014480640 131072   26.122
12:58:31.867 python3        2290922 nvme1n1 WS   1014480896 131072   26.196
12:58:31.867 python3        2290922 nvme1n1 WS   1014481152 131072   26.273
12:58:31.867 python3        2290922 nvme1n1 WS   1014484992 131072   24.059
12:58:31.867 python3        2290922 nvme1n1 WS   1014485248 131072   24.137
12:58:31.867 python3        2290922 nvme1n1 WS   1014485504 131072   24.217
12:58:31.867 python3        2290922 nvme1n1 WS   1014485760 131072   24.288
12:58:31.867 python3        2290922 nvme1n1 WS   1014486016 131072   24.367
12:58:31.867 python3        2290922 nvme1n1 WS   1014486272 131072   24.442
12:58:31.867 python3        2290922 nvme1n1 WS   1014486528 131072   24.523
12:58:31.867 python3        2290922 nvme1n1 WS   1014486784 131072   24.567
12:58:31.867 python3        2290921 nvme1n1 WS   1014493184 131072   23.814
12:58:31.868 python3        2290921 nvme1n1 WS   1014493440 131072   23.934
12:58:31.868 python3        2290921 nvme1n1 WS   1014493696 131072   24.058
12:58:31.868 python3        2290921 nvme1n1 WS   1014493952 131072   24.184
12:58:31.868 python3        2290921 nvme1n1 WS   1014494208 131072   24.311
12:58:31.868 python3        2290921 nvme1n1 WS   1014494464 131072   24.437
12:58:31.868 python3        2290921 nvme1n1 WS   1014494720 131072   24.565
12:58:31.868 python3        2290921 nvme1n1 WS   1014494976 131072   24.616
12:58:31.868 python3        2290921 nvme1n1 WS   1014495232 131072   24.693
12:58:31.869 python3        2290921 nvme1n1 WS   1014495488 131072   24.767
12:58:31.869 python3        2290921 nvme1n1 WS   1014495744 131072   24.846
12:58:31.869 python3        2290921 nvme1n1 WS   1014496000 131072   24.924
12:58:31.869 python3        2290922 nvme1n1 WS   1014487040 131072   25.969
12:58:31.869 python3        2290922 nvme1n1 WS   1014487296 131072   26.050
12:58:31.869 python3        2290922 nvme1n1 WS   1014487552 131072   26.133
12:58:31.869 python3        2290922 nvme1n1 WS   1014487808 131072   26.208
12:58:31.869 python3        2290921 nvme1n1 WS   1014496256 131072   25.337
12:58:31.869 python3        2290921 nvme1n1 WS   1014496512 131072   25.409
12:58:31.869 python3        2290921 nvme1n1 WS   1014496768 131072   25.484
12:58:31.869 python3        2290921 nvme1n1 WS   1014497024 131072   25.543
12:58:31.869 python3        2290921 nvme1n1 WS   1014497280 131072   25.624
12:58:31.869 python3        2290921 nvme1n1 WS   1014497536 131072   25.700
12:58:31.870 python3        2290923 nvme1n1 WS   1014501376 131072   24.699
12:58:31.870 python3        2290923 nvme1n1 WS   1014501632 131072   24.767
12:58:31.870 python3        2290923 nvme1n1 WS   1014501888 131072   24.842
12:58:31.870 python3        2290923 nvme1n1 WS   1014502144 131072   24.925
12:58:31.870 python3        2290923 nvme1n1 WS   1014502400 131072   25.000
12:58:31.870 python3        2290923 nvme1n1 WS   1014502656 131072   25.075
12:58:31.870 python3        2290923 nvme1n1 WS   1014502912 131072   25.152
12:58:31.870 python3        2290923 nvme1n1 WS   1014503168 131072   25.236
12:58:31.870 python3        2290923 nvme1n1 WS   1014503424 131072   25.348
12:58:31.870 python3        2290923 nvme1n1 WS   1014503680 131072   25.451
12:58:31.870 python3        2290923 nvme1n1 WS   1014503936 131072   25.539
12:58:31.871 python3        2290923 nvme1n1 WS   1014504192 131072   25.637
12:58:31.871 python3        2290922 nvme1n1 WS   1014488064 131072   27.841
12:58:31.871 python3        2290922 nvme1n1 WS   1014488320 131072   27.919
12:58:31.871 python3        2290922 nvme1n1 WS   1014488576 131072   27.991
12:58:31.871 python3        2290922 nvme1n1 WS   1014488832 131072   28.048
12:58:31.871 python3        2290923 nvme1n1 WS   1014504448 131072   26.035
12:58:31.871 python3        2290923 nvme1n1 WS   1014504704 131072   26.111
12:58:31.871 python3        2290923 nvme1n1 WS   1014504960 131072   26.187
12:58:31.871 python3        2290923 nvme1n1 WS   1014505216 131072   26.233
12:58:31.871 python3        2290923 nvme1n1 WS   1014505472 131072   26.310
12:58:31.871 python3        2290923 nvme1n1 WS   1014505728 131072   26.392
12:58:31.872 python3        2290923 nvme1n1 WS   1014509568 131072   24.830
12:58:31.872 python3        2290923 nvme1n1 WS   1014509824 131072   24.906
12:58:31.872 python3        2290923 nvme1n1 WS   1014510080 131072   24.985
12:58:31.872 python3        2290923 nvme1n1 WS   1014510336 131072   25.066
12:58:31.872 python3        2290923 nvme1n1 WS   1014510592 131072   25.177
12:58:31.872 python3        2290923 nvme1n1 WS   1014510848 131072   25.252
12:58:31.872 python3        2290923 nvme1n1 WS   1014511104 131072   25.365
12:58:31.872 python3        2290923 nvme1n1 WS   1014511360 131072   25.427
12:58:31.872 python3        2290923 nvme1n1 WS   1014511616 131072   25.508
12:58:31.872 python3        2290923 nvme1n1 WS   1014511872 131072   25.569
12:58:31.872 python3        2290923 nvme1n1 WS   1014512128 131072   25.632
12:58:31.872 python3        2290923 nvme1n1 WS   1014512384 131072   25.742
12:58:31.873 python3        2290922 nvme1n1 WS   1014489088 131072   29.747
12:58:31.873 python3        2290922 nvme1n1 WS   1014489344 131072   29.872
12:58:31.873 python3        2290923 nvme1n1 WS   1014512640 131072   26.087
12:58:31.873 python3        2290923 nvme1n1 WS   1014512896 131072   26.166
12:58:31.873 python3        2290923 nvme1n1 WS   1014513152 131072   26.245
12:58:31.873 python3        2290923 nvme1n1 WS   1014513408 131072   26.311
12:58:31.873 python3        2290923 nvme1n1 WS   1014513664 131072   26.392
12:58:31.873 python3        2290923 nvme1n1 WS   1014513920 131072   26.474
12:58:31.873 python3        2290923 nvme1n1 WS   1014517760 131072   23.708
12:58:31.873 python3        2290923 nvme1n1 WS   1014518016 131072   23.780
12:58:31.873 python3        2290923 nvme1n1 WS   1014518272 131072   23.860
12:58:31.874 python3        2290923 nvme1n1 WS   1014518528 131072   23.938
12:58:31.874 python3        2290923 nvme1n1 WS   1014518784 131072   24.054
12:58:31.874 python3        2290923 nvme1n1 WS   1014519040 131072   24.178
12:58:31.874 python3        2290923 nvme1n1 WS   1014519296 131072   24.304
12:58:31.874 python3        2290923 nvme1n1 WS   1014519552 131072   24.406
12:58:31.874 python3        2290923 nvme1n1 WS   1014519808 131072   24.535
12:58:31.874 python3        2290923 nvme1n1 WS   1014520064 131072   24.667
12:58:31.874 python3        2290923 nvme1n1 WS   1014520320 131072   24.807
12:58:31.875 python3        2290923 nvme1n1 WS   1014520576 131072   24.947
12:58:31.875 python3        2290923 nvme1n1 WS   1014520832 131072   25.087
12:58:31.875 python3        2290923 nvme1n1 WS   1014521088 131072   25.233
12:58:31.875 python3        2290923 nvme1n1 WS   1014521344 131072   25.373
12:58:31.875 python3        2290923 nvme1n1 WS   1014521600 131072   25.505
12:58:31.875 python3        2290923 nvme1n1 WS   1014521856 131072   25.650
12:58:31.875 python3        2290923 nvme1n1 WS   1014522112 131072   25.789
12:58:31.876 python3        2290921 nvme1n1 WS   1014525952 131072   25.474
12:58:31.876 python3        2290921 nvme1n1 WS   1014526208 131072   25.599
12:58:31.876 python3        2290921 nvme1n1 WS   1014526464 131072   25.730
12:58:31.876 python3        2290921 nvme1n1 WS   1014526720 131072   25.823
12:58:31.876 python3        2290921 nvme1n1 WS   1014526976 131072   25.903
12:58:31.876 python3        2290921 nvme1n1 WS   1014527232 131072   25.985
12:58:31.876 python3        2290921 nvme1n1 WS   1014527488 131072   26.060
12:58:31.876 python3        2290921 nvme1n1 WS   1014527744 131072   26.110
12:58:31.876 python3        2290921 nvme1n1 WS   1014528000 131072   26.189
12:58:31.876 python3        2290921 nvme1n1 WS   1014528256 131072   26.266
12:58:31.877 python3        2290921 nvme1n1 WS   1014528512 131072   26.346
12:58:31.877 python3        2290921 nvme1n1 WS   1014528768 131072   26.421
12:58:31.877 python3        2290921 nvme1n1 WS   1014529024 131072   26.501
12:58:31.877 python3        2290921 nvme1n1 WS   1014529280 131072   26.583
12:58:31.877 python3        2290921 nvme1n1 WS   1014529536 131072   26.666
12:58:31.877 python3        2290921 nvme1n1 WS   1014529792 131072   26.731
12:58:31.877 python3        2290921 nvme1n1 WS   1014530048 131072   26.803
12:58:31.877 python3        2290921 nvme1n1 WS   1014530304 131072   26.884
12:58:31.877 python3        2290921 nvme1n1 WS   1014534144 131072   24.262
12:58:31.877 python3        2290921 nvme1n1 WS   1014534400 131072   24.350
12:58:31.877 python3        2290921 nvme1n1 WS   1014534656 131072   24.476
12:58:31.878 python3        2290921 nvme1n1 WS   1014534912 131072   24.587
12:58:31.878 python3        2290921 nvme1n1 WS   1014535168 131072   24.708
12:58:31.878 python3        2290921 nvme1n1 WS   1014535424 131072   24.833
12:58:31.878 python3        2290921 nvme1n1 WS   1014535680 131072   24.912
12:58:31.878 python3        2290921 nvme1n1 WS   1014535936 131072   24.964
12:58:31.878 python3        2290921 nvme1n1 WS   1014536192 131072   25.037
12:58:31.878 python3        2290921 nvme1n1 WS   1014536448 131072   25.120
12:58:31.878 python3        2290921 nvme1n1 WS   1014536704 131072   25.232
12:58:31.878 python3        2290921 nvme1n1 WS   1014536960 131072   25.305
12:58:31.878 python3        2290921 nvme1n1 WS   1014537216 131072   25.381
12:58:31.879 python3        2290921 nvme1n1 WS   1014537472 131072   25.462
12:58:31.879 python3        2290921 nvme1n1 WS   1014537728 131072   25.590
12:58:31.879 python3        2290921 nvme1n1 WS   1014537984 131072   25.697
12:58:31.879 python3        2290921 nvme1n1 WS   1014538240 131072   25.821
12:58:31.879 python3        2290921 nvme1n1 WS   1014538496 131072   25.949
12:58:31.879 python3        2290920 nvme1n1 WS   1014542336 131072   25.563
12:58:31.879 python3        2290920 nvme1n1 WS   1014542592 131072   25.696
12:58:31.879 python3        2290920 nvme1n1 WS   1014542848 131072   25.834
12:58:31.880 python3        2290920 nvme1n1 WS   1014543104 131072   25.972
12:58:31.880 python3        2290920 nvme1n1 WS   1014543360 131072   26.116
12:58:31.880 python3        2290920 nvme1n1 WS   1014543616 131072   26.254
12:58:31.880 python3        2290920 nvme1n1 WS   1014543872 131072   26.396
12:58:31.880 python3        2290920 nvme1n1 WS   1014544128 131072   26.512
12:58:31.880 python3        2290920 nvme1n1 WS   1014544384 131072   26.652
12:58:31.880 python3        2290920 nvme1n1 WS   1014544640 131072   26.794
12:58:31.881 python3        2290920 nvme1n1 WS   1014544896 131072   26.936
12:58:31.881 python3        2290920 nvme1n1 WS   1014545152 131072   27.073
12:58:31.881 python3        2290920 nvme1n1 WS   1014545408 131072   27.215
12:58:31.881 python3        2290920 nvme1n1 WS   1014545664 131072   27.356
12:58:31.881 python3        2290920 nvme1n1 WS   1014545920 131072   27.496
12:58:31.881 python3        2290920 nvme1n1 WS   1014546176 131072   27.617
12:58:31.881 python3        2290920 nvme1n1 WS   1014546432 131072   27.761
12:58:31.882 python3        2290920 nvme1n1 WS   1014546688 131072   27.902
12:58:31.882 python3        2290921 nvme1n1 WS   1014550528 131072   25.237
12:58:31.882 python3        2290921 nvme1n1 WS   1014550784 131072   25.383
12:58:31.882 python3        2290921 nvme1n1 WS   1014551040 131072   25.521
12:58:31.882 python3        2290921 nvme1n1 WS   1014551296 131072   25.650
12:58:31.882 python3        2290921 nvme1n1 WS   1014551552 131072   25.739
12:58:31.882 python3        2290921 nvme1n1 WS   1014551808 131072   25.820
12:58:31.882 python3        2290921 nvme1n1 WS   1014552064 131072   25.898
12:58:31.883 python3        2290921 nvme1n1 WS   1014552320 131072   25.953
12:58:31.883 python3        2290921 nvme1n1 WS   1014552576 131072   26.031
12:58:31.883 python3        2290921 nvme1n1 WS   1014552832 131072   26.115
12:58:31.883 python3        2290921 nvme1n1 WS   1014553088 131072   26.190
12:58:31.883 python3        2290921 nvme1n1 WS   1014553344 131072   26.269
12:58:31.883 python3        2290921 nvme1n1 WS   1014553600 131072   26.345
12:58:31.883 python3        2290921 nvme1n1 WS   1014553856 131072   26.425
12:58:31.883 python3        2290921 nvme1n1 WS   1014554112 131072   26.505
12:58:31.883 python3        2290921 nvme1n1 WS   1014554368 131072   26.564
12:58:31.883 python3        2290920 nvme1n1 WS   1014558720 131072   25.810
12:58:31.883 python3        2290920 nvme1n1 WS   1014558976 131072   25.882
12:58:31.883 python3        2290920 nvme1n1 WS   1014559232 131072   25.956
12:58:31.883 python3        2290920 nvme1n1 WS   1014559488 131072   26.032
12:58:31.884 python3        2290920 nvme1n1 WS   1014559744 131072   26.108
12:58:31.884 python3        2290920 nvme1n1 WS   1014560000 131072   26.182
12:58:31.884 python3        2290920 nvme1n1 WS   1014560256 131072   26.253
12:58:31.884 python3        2290920 nvme1n1 WS   1014560512 131072   26.302
12:58:31.884 python3        2290920 nvme1n1 WS   1014560768 131072   26.376
12:58:31.884 python3        2290920 nvme1n1 WS   1014561024 131072   26.447
12:58:31.884 python3        2290920 nvme1n1 WS   1014561280 131072   26.523
12:58:31.884 python3        2290920 nvme1n1 WS   1014561536 131072   26.596
12:58:31.884 python3        2290921 nvme1n1 WS   1014554624 131072   27.586
12:58:31.884 python3        2290921 nvme1n1 WS   1014554880 131072   27.663
12:58:31.884 python3        2290920 nvme1n1 WS   1014566912 131072   25.751
12:58:31.884 python3        2290920 nvme1n1 WS   1014567168 131072   25.840
12:58:31.885 python3        2290920 nvme1n1 WS   1014567424 131072   25.965
12:58:31.885 python3        2290920 nvme1n1 WS   1014567680 131072   26.052
12:58:31.885 python3        2290920 nvme1n1 WS   1014567936 131072   26.155
12:58:31.885 python3        2290920 nvme1n1 WS   1014568192 131072   26.228
12:58:31.885 python3        2290920 nvme1n1 WS   1014568448 131072   26.337
12:58:31.885 python3        2290920 nvme1n1 WS   1014568704 131072   26.359
12:58:31.885 python3        2290920 nvme1n1 WS   1014568960 131072   26.434
12:58:31.885 python3        2290920 nvme1n1 WS   1014569216 131072   26.509
12:58:31.885 python3        2290920 nvme1n1 WS   1014569472 131072   26.586
12:58:31.885 python3        2290920 nvme1n1 WS   1014569728 131072   26.663
12:58:31.885 python3        2290920 nvme1n1 WS   1014561792 131072   27.958
12:58:31.886 python3        2290920 nvme1n1 WS   1014562048 131072   28.034
12:58:31.886 python3        2290920 nvme1n1 WS   1014562304 131072   28.113
12:58:31.886 python3        2290920 nvme1n1 WS   1014562560 131072   28.168
12:58:31.886 python3        2290920 nvme1n1 WS   1014569984 131072   27.065
12:58:31.886 python3        2290920 nvme1n1 WS   1014570240 131072   27.139
12:58:31.886 python3        2290920 nvme1n1 WS   1014570496 131072   27.217
12:58:31.886 python3        2290920 nvme1n1 WS   1014570752 131072   27.263
12:58:31.886 python3        2290920 nvme1n1 WS   1014571008 131072   27.340
12:58:31.886 python3        2290920 nvme1n1 WS   1014571264 131072   27.418
12:58:31.886 python3        2290920 nvme1n1 WS   1014575104 131072   25.663
12:58:31.886 python3        2290920 nvme1n1 WS   1014575360 131072   25.724
12:58:31.886 python3        2290920 nvme1n1 WS   1014575616 131072   25.797
12:58:31.887 python3        2290920 nvme1n1 WS   1014575872 131072   25.870
12:58:31.887 python3        2290920 nvme1n1 WS   1014576128 131072   25.947
12:58:31.887 python3        2290920 nvme1n1 WS   1014576384 131072   26.020
12:58:31.887 python3        2290920 nvme1n1 WS   1014576640 131072   26.097
12:58:31.887 python3        2290920 nvme1n1 WS   1014576896 131072   26.123
12:58:31.887 python3        2290920 nvme1n1 WS   1014577152 131072   26.194
12:58:31.887 python3        2290920 nvme1n1 WS   1014577408 131072   26.268
12:58:31.887 python3        2290920 nvme1n1 WS   1014577664 131072   26.343
12:58:31.887 python3        2290920 nvme1n1 WS   1014577920 131072   26.415
12:58:31.887 python3        2290920 nvme1n1 WS   1014562816 131072   29.667
12:58:31.887 python3        2290920 nvme1n1 WS   1014563072 131072   29.741
12:58:31.887 python3        2290920 nvme1n1 WS   1014578176 131072   26.649
12:58:31.887 python3        2290920 nvme1n1 WS   1014578432 131072   26.705
12:58:31.888 python3        2290920 nvme1n1 WS   1014578688 131072   26.795
12:58:31.888 python3        2290920 nvme1n1 WS   1014578944 131072   26.894
12:58:31.888 python3        2290920 nvme1n1 WS   1014579200 131072   27.018
12:58:31.888 python3        2290920 nvme1n1 WS   1014579456 131072   27.145
12:58:31.888 python3        2290922 nvme1n1 WS   1014583296 131072   25.768
12:58:31.888 python3        2290922 nvme1n1 WS   1014583552 131072   25.884
12:58:31.888 python3        2290922 nvme1n1 WS   1014583808 131072   25.964
12:58:31.888 python3        2290922 nvme1n1 WS   1014584064 131072   26.037
12:58:31.888 python3        2290922 nvme1n1 WS   1014584320 131072   26.116
12:58:31.889 python3        2290922 nvme1n1 WS   1014584576 131072   26.192
12:58:31.889 python3        2290922 nvme1n1 WS   1014584832 131072   26.276
12:58:31.889 python3        2290922 nvme1n1 WS   1014585088 131072   26.333
12:58:31.889 python3        2290922 nvme1n1 WS   1014585344 131072   26.411
12:58:31.889 python3        2290922 nvme1n1 WS   1014585600 131072   26.488
12:58:31.889 python3        2290922 nvme1n1 WS   1014585856 131072   26.560
12:58:31.889 python3        2290922 nvme1n1 WS   1014586112 131072   26.637
12:58:31.889 python3        2290922 nvme1n1 WS   1014586368 131072   26.713
12:58:31.889 python3        2290922 nvme1n1 WS   1014586624 131072   26.790
12:58:31.889 python3        2290922 nvme1n1 WS   1014586880 131072   26.868
12:58:31.889 python3        2290922 nvme1n1 WS   1014587136 131072   26.931
12:58:31.889 python3        2290922 nvme1n1 WS   1014587392 131072   27.009
12:58:31.890 python3        2290922 nvme1n1 WS   1014587648 131072   27.085
12:58:31.890 python3        2290922 nvme1n1 WS   1014591488 131072   24.894
12:58:31.890 python3        2290922 nvme1n1 WS   1014591744 131072   24.969
12:58:31.890 python3        2290922 nvme1n1 WS   1014592000 131072   25.046
12:58:31.890 python3        2290922 nvme1n1 WS   1014592256 131072   25.119
12:58:31.890 python3        2290922 nvme1n1 WS   1014592512 131072   25.196
12:58:31.890 python3        2290922 nvme1n1 WS   1014592768 131072   25.269
12:58:31.890 python3        2290922 nvme1n1 WS   1014593024 131072   25.347
12:58:31.890 python3        2290922 nvme1n1 WS   1014593280 131072   25.396
12:58:31.890 python3        2290922 nvme1n1 WS   1014593536 131072   25.502
12:58:31.890 python3        2290922 nvme1n1 WS   1014593792 131072   25.581
12:58:31.890 python3        2290922 nvme1n1 WS   1014594048 131072   25.706
12:58:31.891 python3        2290922 nvme1n1 WS   1014594304 131072   25.830
12:58:31.891 python3        2290923 nvme1n1 WS   1014599680 131072   24.973
12:58:31.891 python3        2290923 nvme1n1 WS   1014599936 131072   25.090
12:58:31.891 python3        2290923 nvme1n1 WS   1014600192 131072   25.214
12:58:31.891 python3        2290923 nvme1n1 WS   1014600448 131072   25.344
12:58:31.891 python3        2290922 nvme1n1 WS   1014594560 131072   26.496
12:58:31.891 python3        2290922 nvme1n1 WS   1014594816 131072   26.623
12:58:31.892 python3        2290922 nvme1n1 WS   1014595072 131072   26.761
12:58:31.892 python3        2290922 nvme1n1 WS   1014595328 131072   26.867
12:58:31.892 python3        2290922 nvme1n1 WS   1014595584 131072   26.972
12:58:31.892 python3        2290922 nvme1n1 WS   1014595840 131072   27.052
12:58:31.892 python3        2290923 nvme1n1 WS   1014600704 131072   26.163
12:58:31.892 python3        2290923 nvme1n1 WS   1014600960 131072   26.240
12:58:31.892 python3        2290923 nvme1n1 WS   1014601216 131072   26.318
12:58:31.892 python3        2290923 nvme1n1 WS   1014601472 131072   26.367
12:58:31.892 python3        2290923 nvme1n1 WS   1014601728 131072   26.448
12:58:31.892 python3        2290923 nvme1n1 WS   1014601984 131072   26.523
12:58:31.892 python3        2290923 nvme1n1 WS   1014602240 131072   26.598
12:58:31.892 python3        2290923 nvme1n1 WS   1014602496 131072   26.675
12:58:31.893 python3        2290923 nvme1n1 WS   1014602752 131072   26.755
12:58:31.893 python3        2290923 nvme1n1 WS   1014603008 131072   26.828
12:58:31.893 python3        2290923 nvme1n1 WS   1014603264 131072   26.902
12:58:31.893 python3        2290923 nvme1n1 WS   1014603520 131072   26.961
12:58:31.893 python3        2290922 nvme1n1 WS   1014607872 131072   25.571
12:58:31.893 python3        2290922 nvme1n1 WS   1014608128 131072   25.634
12:58:31.893 python3        2290922 nvme1n1 WS   1014608384 131072   25.709
12:58:31.893 python3        2290922 nvme1n1 WS   1014608640 131072   25.782
12:58:31.893 python3        2290923 nvme1n1 WS   1014603776 131072   27.361
12:58:31.893 python3        2290923 nvme1n1 WS   1014604032 131072   27.445
12:58:31.893 python3        2290922 nvme1n1 WS   1014608896 131072   26.023
12:58:31.893 python3        2290922 nvme1n1 WS   1014609152 131072   26.098
12:58:31.894 python3        2290922 nvme1n1 WS   1014609408 131072   26.172
12:58:31.895 python3        2290922 nvme1n1 WS   1014609664 131072   26.196
12:58:31.895 python3        2290922 nvme1n1 WS   1014609920 131072   26.272
12:58:31.895 python3        2290922 nvme1n1 WS   1014610176 131072   26.347
12:58:31.895 python3        2290922 nvme1n1 WS   1014610432 131072   26.471
12:58:31.895 python3        2290922 nvme1n1 WS   1014610688 131072   26.595
12:58:31.895 python3        2290922 nvme1n1 WS   1014610944 131072   26.718
12:58:31.895 python3        2290922 nvme1n1 WS   1014611200 131072   26.837
12:58:31.895 python3        2290922 nvme1n1 WS   1014611456 131072   26.916
12:58:31.895 python3        2290922 nvme1n1 WS   1014611712 131072   26.969
12:58:31.895 python3        2290922 nvme1n1 WS   1014611968 131072   27.047
12:58:31.895 python3        2290922 nvme1n1 WS   1014612224 131072   27.124
12:58:31.895 python3        2290921 nvme1n1 WS   1014616064 131072   24.510
12:58:31.895 python3        2290921 nvme1n1 WS   1014616320 131072   24.583
12:58:31.895 python3        2290921 nvme1n1 WS   1014616576 131072   24.656
12:58:31.895 python3        2290921 nvme1n1 WS   1014616832 131072   24.729
12:58:31.895 python3        2290921 nvme1n1 WS   1014617088 131072   24.804
12:58:31.895 python3        2290921 nvme1n1 WS   1014617344 131072   24.879
12:58:31.895 python3        2290921 nvme1n1 WS   1014617600 131072   24.955
12:58:31.895 python3        2290921 nvme1n1 WS   1014617856 131072   24.967
12:58:31.895 python3        2290921 nvme1n1 WS   1014618112 131072   25.038
12:58:31.895 python3        2290921 nvme1n1 WS   1014618368 131072   25.111
12:58:31.895 python3        2290921 nvme1n1 WS   1014618624 131072   25.185
12:58:31.896 python3        2290921 nvme1n1 WS   1014618880 131072   25.259
12:58:31.896 python3        2290921 nvme1n1 WS   1014619136 131072   25.336
12:58:31.896 python3        2290921 nvme1n1 WS   1014619392 131072   25.454
12:58:31.896 python3        2290921 nvme1n1 WS   1014619648 131072   25.555
12:58:31.896 python3        2290921 nvme1n1 WS   1014619904 131072   25.613
12:58:31.896 python3        2290921 nvme1n1 WS   1014620160 131072   25.726
12:58:31.896 python3        2290921 nvme1n1 WS   1014620416 131072   25.799
12:58:31.896 python3        2290923 nvme1n1 WS   1014624256 131072   24.262
12:58:31.896 python3        2290923 nvme1n1 WS   1014624512 131072   24.338
12:58:31.896 python3        2290923 nvme1n1 WS   1014624768 131072   24.410
12:58:31.896 python3        2290923 nvme1n1 WS   1014625024 131072   24.485
12:58:31.897 python3        2290923 nvme1n1 WS   1014625280 131072   24.561
12:58:31.897 python3        2290923 nvme1n1 WS   1014625536 131072   24.638
12:58:31.897 python3        2290923 nvme1n1 WS   1014625792 131072   24.718
12:58:31.897 python3        2290923 nvme1n1 WS   1014626048 131072   24.804
12:58:31.897 python3        2290923 nvme1n1 WS   1014626304 131072   24.931
12:58:31.897 python3        2290923 nvme1n1 WS   1014626560 131072   25.050
12:58:31.897 python3        2290923 nvme1n1 WS   1014626816 131072   25.177
12:58:31.897 python3        2290923 nvme1n1 WS   1014627072 131072   25.300
12:58:31.897 python3        2290923 nvme1n1 WS   1014627328 131072   25.432
12:58:31.898 python3        2290923 nvme1n1 WS   1014627584 131072   25.575
12:58:31.898 python3        2290923 nvme1n1 WS   1014627840 131072   25.714
12:58:31.898 python3        2290923 nvme1n1 WS   1014628096 131072   25.836
12:58:31.898 python3        2290923 nvme1n1 WS   1014628352 131072   25.980
12:58:31.898 python3        2290923 nvme1n1 WS   1014628608 131072   26.118
12:58:31.898 python3        2290922 nvme1n1 WS   1014632448 131072   24.896
12:58:31.898 python3        2290922 nvme1n1 WS   1014632704 131072   25.032
12:58:31.899 python3        2290922 nvme1n1 WS   1014632960 131072   25.174
12:58:31.899 python3        2290922 nvme1n1 WS   1014633216 131072   25.309
12:58:31.899 python3        2290922 nvme1n1 WS   1014633472 131072   25.428
12:58:31.899 python3        2290922 nvme1n1 WS   1014633728 131072   25.515
12:58:31.899 python3        2290922 nvme1n1 WS   1014633984 131072   25.595
12:58:31.899 python3        2290922 nvme1n1 WS   1014634240 131072   25.620
12:58:31.899 python3        2290922 nvme1n1 WS   1014634496 131072   25.704
12:58:31.899 python3        2290922 nvme1n1 WS   1014634752 131072   25.771
12:58:31.899 python3        2290922 nvme1n1 WS   1014635008 131072   25.845
12:58:31.899 python3        2290922 nvme1n1 WS   1014635264 131072   25.923
12:58:31.900 python3        2290922 nvme1n1 WS   1014635520 131072   25.998
12:58:31.900 python3        2290922 nvme1n1 WS   1014635776 131072   26.069
12:58:31.900 python3        2290922 nvme1n1 WS   1014636032 131072   26.145
12:58:31.900 python3        2290922 nvme1n1 WS   1014636288 131072   26.194
12:58:31.900 python3        2290923 nvme1n1 WS   1014640640 131072   25.711
12:58:31.900 python3        2290923 nvme1n1 WS   1014640896 131072   25.783
12:58:31.900 python3        2290923 nvme1n1 WS   1014641152 131072   25.857
12:58:31.900 python3        2290923 nvme1n1 WS   1014641408 131072   25.935
12:58:31.900 python3        2290923 nvme1n1 WS   1014641664 131072   26.010
12:58:31.900 python3        2290923 nvme1n1 WS   1014641920 131072   26.071
12:58:31.900 python3        2290923 nvme1n1 WS   1014642176 131072   26.176
12:58:31.901 python3        2290923 nvme1n1 WS   1014642432 131072   26.249
12:58:31.901 python3        2290923 nvme1n1 WS   1014642688 131072   26.375
12:58:31.901 python3        2290923 nvme1n1 WS   1014642944 131072   26.498
12:58:31.901 python3        2290923 nvme1n1 WS   1014643200 131072   26.629
12:58:31.901 python3        2290923 nvme1n1 WS   1014643456 131072   26.712
12:58:31.901 python3        2290922 nvme1n1 WS   1014636544 131072   27.472
12:58:31.901 python3        2290922 nvme1n1 WS   1014636800 131072   27.544
12:58:31.901 python3        2290923 nvme1n1 WS   1014643712 131072   26.947
12:58:31.901 python3        2290923 nvme1n1 WS   1014643968 131072   27.020
12:58:31.901 python3        2290923 nvme1n1 WS   1014644224 131072   27.095
12:58:31.902 python3        2290923 nvme1n1 WS   1014644480 131072   27.147
12:58:31.902 python3        2290923 nvme1n1 WS   1014644736 131072   27.223
12:58:31.902 python3        2290923 nvme1n1 WS   1014644992 131072   27.302
12:58:31.902 python3        2290923 nvme1n1 WS   1014648832 131072   25.535
12:58:31.902 python3        2290923 nvme1n1 WS   1014649088 131072   25.614
12:58:31.902 python3        2290923 nvme1n1 WS   1014649344 131072   25.687
12:58:31.902 python3        2290923 nvme1n1 WS   1014649600 131072   25.765
12:58:31.902 python3        2290923 nvme1n1 WS   1014649856 131072   25.846
12:58:31.902 python3        2290923 nvme1n1 WS   1014650112 131072   25.925
12:58:31.902 python3        2290923 nvme1n1 WS   1014650368 131072   26.033
12:58:31.902 python3        2290923 nvme1n1 WS   1014650624 131072   26.038
12:58:31.902 python3        2290923 nvme1n1 WS   1014650880 131072   26.117
12:58:31.902 python3        2290923 nvme1n1 WS   1014651136 131072   26.186
12:58:31.903 python3        2290921 nvme1n1 WS   1014657024 131072   24.790
12:58:31.903 python3        2290921 nvme1n1 WS   1014657280 131072   24.861
12:58:31.903 python3        2290921 nvme1n1 WS   1014657536 131072   24.934
12:58:31.903 python3        2290921 nvme1n1 WS   1014657792 131072   25.011
12:58:31.903 python3        2290921 nvme1n1 WS   1014658048 131072   25.087
12:58:31.903 python3        2290921 nvme1n1 WS   1014658304 131072   25.162
12:58:31.903 python3        2290921 nvme1n1 WS   1014658560 131072   25.238
12:58:31.903 python3        2290921 nvme1n1 WS   1014658816 131072   25.255
12:58:31.903 python3        2290921 nvme1n1 WS   1014659072 131072   25.327
12:58:31.903 python3        2290921 nvme1n1 WS   1014659328 131072   25.404
12:58:31.903 python3        2290921 nvme1n1 WS   1014659584 131072   25.480
12:58:31.903 python3        2290921 nvme1n1 WS   1014659840 131072   25.560
12:58:31.904 python3        2290923 nvme1n1 WS   1014651392 131072   27.223
12:58:31.904 python3        2290923 nvme1n1 WS   1014651648 131072   27.349
12:58:31.904 python3        2290923 nvme1n1 WS   1014651904 131072   27.471
12:58:31.904 python3        2290923 nvme1n1 WS   1014652160 131072   27.596
12:58:31.904 python3        2290921 nvme1n1 WS   1014660096 131072   26.151
12:58:31.904 python3        2290921 nvme1n1 WS   1014660352 131072   26.276
12:58:31.904 python3        2290921 nvme1n1 WS   1014660608 131072   26.360
12:58:31.904 python3        2290921 nvme1n1 WS   1014660864 131072   26.407
12:58:31.904 python3        2290921 nvme1n1 WS   1014661120 131072   26.483
12:58:31.905 python3        2290921 nvme1n1 WS   1014661376 131072   26.565
12:58:31.905 python3        2290921 nvme1n1 WS   1014665216 131072   24.899
12:58:31.905 python3        2290921 nvme1n1 WS   1014665472 131072   24.962
12:58:31.905 python3        2290921 nvme1n1 WS   1014665728 131072   25.038
12:58:31.905 python3        2290921 nvme1n1 WS   1014665984 131072   25.113
12:58:31.905 python3        2290921 nvme1n1 WS   1014666240 131072   25.189
12:58:31.905 python3        2290921 nvme1n1 WS   1014666496 131072   25.270
12:58:31.905 python3        2290921 nvme1n1 WS   1014666752 131072   25.347
12:58:31.905 python3        2290921 nvme1n1 WS   1014667008 131072   25.367
12:58:31.905 python3        2290921 nvme1n1 WS   1014667264 131072   25.440
12:58:31.905 python3        2290921 nvme1n1 WS   1014667520 131072   25.518
12:58:31.905 python3        2290921 nvme1n1 WS   1014667776 131072   25.605
12:58:31.905 python3        2290921 nvme1n1 WS   1014668032 131072   25.669
12:58:31.906 python3        2290923 nvme1n1 WS   1014652416 131072   29.239
12:58:31.906 python3        2290923 nvme1n1 WS   1014652672 131072   29.290
12:58:31.906 python3        2290923 nvme1n1 WS   1014652928 131072   29.361
12:58:31.906 python3        2290923 nvme1n1 WS   1014653184 131072   29.437
12:58:31.906 python3        2290920 nvme1n1 WS   1014673408 131072   23.793
12:58:31.906 python3        2290920 nvme1n1 WS   1014673664 131072   23.868
12:58:31.906 python3        2290920 nvme1n1 WS   1014673920 131072   23.934
12:58:31.906 python3        2290920 nvme1n1 WS   1014674176 131072   24.010
12:58:31.906 python3        2290920 nvme1n1 WS   1014674432 131072   24.080
12:58:31.906 python3        2290920 nvme1n1 WS   1014674688 131072   24.202
12:58:31.906 python3        2290920 nvme1n1 WS   1014674944 131072   24.330
12:58:31.907 python3        2290920 nvme1n1 WS   1014675200 131072   24.411
12:58:31.907 python3        2290920 nvme1n1 WS   1014675456 131072   24.537
12:58:31.907 python3        2290920 nvme1n1 WS   1014675712 131072   24.670
12:58:31.907 python3        2290920 nvme1n1 WS   1014675968 131072   24.811
12:58:31.907 python3        2290920 nvme1n1 WS   1014676224 131072   24.955
12:58:31.907 python3        2290921 nvme1n1 WS   1014668288 131072   27.460
12:58:31.907 python3        2290921 nvme1n1 WS   1014668544 131072   27.600
12:58:31.908 python3        2290921 nvme1n1 WS   1014668800 131072   27.742
12:58:31.908 python3        2290921 nvme1n1 WS   1014669056 131072   27.857
12:58:31.908 python3        2290920 nvme1n1 WS   1014676480 131072   25.660
12:58:31.908 python3        2290920 nvme1n1 WS   1014676736 131072   25.788
12:58:31.908 python3        2290920 nvme1n1 WS   1014676992 131072   25.884
12:58:31.908 python3        2290920 nvme1n1 WS   1014677248 131072   25.933
12:58:31.908 python3        2290920 nvme1n1 WS   1014677504 131072   26.044
12:58:31.908 python3        2290920 nvme1n1 WS   1014677760 131072   26.121
12:58:31.909 python3        2290921 nvme1n1 WS   1014681600 131072   23.571
12:58:31.909 python3        2290921 nvme1n1 WS   1014681856 131072   23.648
12:58:31.909 python3        2290921 nvme1n1 WS   1014682112 131072   23.726
12:58:31.909 python3        2290921 nvme1n1 WS   1014682368 131072   23.805
12:58:31.909 python3        2290921 nvme1n1 WS   1014682624 131072   23.884
12:58:31.909 python3        2290921 nvme1n1 WS   1014682880 131072   23.962
12:58:31.909 python3        2290921 nvme1n1 WS   1014669312 131072   29.071
12:58:31.909 python3        2290921 nvme1n1 WS   1014669568 131072   29.148
12:58:31.909 python3        2290921 nvme1n1 WS   1014683136 131072   24.215
12:58:31.909 python3        2290921 nvme1n1 WS   1014683392 131072   24.255
12:58:31.909 python3        2290921 nvme1n1 WS   1014683648 131072   24.329
12:58:31.909 python3        2290921 nvme1n1 WS   1014683904 131072   24.407
12:58:31.909 python3        2290921 nvme1n1 WS   1014684160 131072   24.478
12:58:31.909 python3        2290921 nvme1n1 WS   1014684416 131072   24.552
12:58:31.910 python3        2290921 nvme1n1 WS   1014684672 131072   24.627
12:58:31.910 python3        2290921 nvme1n1 WS   1014684928 131072   24.698
12:58:31.910 python3        2290921 nvme1n1 WS   1014685184 131072   24.776
12:58:31.910 python3        2290921 nvme1n1 WS   1014685440 131072   24.847
12:58:31.910 python3        2290921 nvme1n1 WS   1014685696 131072   24.955
12:58:31.910 python3        2290921 nvme1n1 WS   1014685952 131072   25.019
12:58:31.910 python3        2290920 nvme1n1 WS   1014689792 131072   23.174
12:58:31.910 python3        2290920 nvme1n1 WS   1014690048 131072   23.290
12:58:31.910 python3        2290920 nvme1n1 WS   1014690304 131072   23.366
12:58:31.910 python3        2290920 nvme1n1 WS   1014690560 131072   23.440
12:58:31.910 python3        2290920 nvme1n1 WS   1014690816 131072   23.512
12:58:31.911 python3        2290920 nvme1n1 WS   1014691072 131072   23.591
12:58:31.911 python3        2290920 nvme1n1 WS   1014691328 131072   23.672
12:58:31.911 python3        2290920 nvme1n1 WS   1014691584 131072   23.697
12:58:31.911 python3        2290920 nvme1n1 WS   1014691840 131072   23.774
12:58:31.911 python3        2290920 nvme1n1 WS   1014692096 131072   23.846
12:58:31.911 python3        2290920 nvme1n1 WS   1014692352 131072   23.918
12:58:31.911 python3        2290920 nvme1n1 WS   1014692608 131072   23.996
12:58:31.911 python3        2290920 nvme1n1 WS   1014692864 131072   24.065
12:58:31.911 python3        2290920 nvme1n1 WS   1014693120 131072   24.148
12:58:31.911 python3        2290920 nvme1n1 WS   1014693376 131072   24.217
12:58:31.911 python3        2290920 nvme1n1 WS   1014693632 131072   24.265
12:58:31.911 python3        2290920 nvme1n1 WS   1014693888 131072   24.340
12:58:31.912 python3        2290920 nvme1n1 WS   1014694144 131072   24.425
12:58:31.912 python3        2290920 nvme1n1 WS   1014697984 131072   23.221
12:58:31.912 python3        2290920 nvme1n1 WS   1014698240 131072   23.289
12:58:31.912 python3        2290920 nvme1n1 WS   1014698496 131072   23.413
12:58:31.912 python3        2290920 nvme1n1 WS   1014698752 131072   23.539
12:58:31.912 python3        2290920 nvme1n1 WS   1014699008 131072   23.666
12:58:31.912 python3        2290920 nvme1n1 WS   1014699264 131072   23.790
12:58:31.912 python3        2290920 nvme1n1 WS   1014699520 131072   23.882
12:58:31.912 python3        2290920 nvme1n1 WS   1014699776 131072   23.921
12:58:31.912 python3        2290920 nvme1n1 WS   1014700032 131072   23.997
12:58:31.912 python3        2290920 nvme1n1 WS   1014700288 131072   24.073
12:58:31.913 python3        2290920 nvme1n1 WS   1014700544 131072   24.148
12:58:31.913 python3        2290920 nvme1n1 WS   1014700800 131072   24.225
12:58:31.913 python3        2290920 nvme1n1 WS   1014701056 131072   24.636
12:58:31.913 python3        2290920 nvme1n1 WS   1014706176 131072   24.077
12:58:31.913 python3        2290920 nvme1n1 WS   1014706432 131072   24.141
12:58:31.913 python3        2290920 nvme1n1 WS   1014706688 131072   24.216
12:58:31.913 python3        2290920 nvme1n1 WS   1014706944 131072   24.290
12:58:31.913 python3        2290920 nvme1n1 WS   1014701312 131072   24.745
12:58:31.913 python3        2290920 nvme1n1 WS   1014701568 131072   24.871
12:58:31.913 python3        2290920 nvme1n1 WS   1014701824 131072   24.974
12:58:31.914 python3        2290920 nvme1n1 WS   1014702080 131072   25.100
12:58:31.914 python3        2290920 nvme1n1 WS   1014702336 131072   25.232
12:58:31.914 python3        2290920 nvme1n1 WS   1014707200 131072   25.209
12:58:31.914 python3        2290920 nvme1n1 WS   1014707456 131072   25.348
12:58:31.914 python3        2290920 nvme1n1 WS   1014707712 131072   25.487
12:58:31.914 python3        2290920 nvme1n1 WS   1014707968 131072   25.585
12:58:31.914 python3        2290920 nvme1n1 WS   1014708224 131072   25.727
12:58:31.915 python3        2290920 nvme1n1 WS   1014708480 131072   25.865
12:58:31.915 python3        2290920 nvme1n1 WS   1014708736 131072   26.006
12:58:31.915 python3        2290920 nvme1n1 WS   1014708992 131072   26.146
12:58:31.915 python3        2290920 nvme1n1 WS   1014709248 131072   26.289
12:58:31.915 python3        2290920 nvme1n1 WS   1014709504 131072   26.418
12:58:31.915 python3        2290920 nvme1n1 WS   1014709760 131072   26.547
12:58:31.915 python3        2290920 nvme1n1 WS   1014710016 131072   26.649
12:58:31.916 python3        2290922 nvme1n1 WS   1014714368 131072   25.177
12:58:31.916 python3        2290922 nvme1n1 WS   1014714624 131072   25.250
12:58:31.916 python3        2290922 nvme1n1 WS   1014714880 131072   25.331
12:58:31.916 python3        2290922 nvme1n1 WS   1014715136 131072   25.408
12:58:31.916 python3        2290920 nvme1n1 WS   1014710272 131072   27.103
12:58:31.916 python3        2290920 nvme1n1 WS   1014710528 131072   27.181
12:58:31.916 python3        2290922 nvme1n1 WS   1014715392 131072   25.648
12:58:31.916 python3        2290922 nvme1n1 WS   1014715648 131072   25.726
12:58:31.916 python3        2290922 nvme1n1 WS   1014715904 131072   25.805
12:58:31.916 python3        2290922 nvme1n1 WS   1014716160 131072   25.826
12:58:31.917 python3        2290922 nvme1n1 WS   1014716416 131072   25.904
12:58:31.917 python3        2290922 nvme1n1 WS   1014716672 131072   25.975
12:58:31.917 python3        2290922 nvme1n1 WS   1014716928 131072   26.050
12:58:31.917 python3        2290922 nvme1n1 WS   1014717184 131072   26.121
12:58:31.917 python3        2290922 nvme1n1 WS   1014717440 131072   26.201
12:58:31.917 python3        2290922 nvme1n1 WS   1014717696 131072   26.260
12:58:31.917 python3        2290922 nvme1n1 WS   1014717952 131072   26.322
12:58:31.917 python3        2290922 nvme1n1 WS   1014718208 131072   26.384
12:58:31.917 python3        2290922 nvme1n1 WS   1014718464 131072   26.507
12:58:31.917 python3        2290922 nvme1n1 WS   1014718720 131072   26.610
12:58:31.917 python3        2290922 nvme1n1 WS   1014722560 131072   24.673
12:58:31.919 python3        2290922 nvme1n1 WS   1014722816 131072   24.742
12:58:31.919 python3        2290922 nvme1n1 WS   1014723072 131072   24.816
12:58:31.919 python3        2290922 nvme1n1 WS   1014723328 131072   24.888
12:58:31.919 python3        2290922 nvme1n1 WS   1014723584 131072   24.967
12:58:31.919 python3        2290922 nvme1n1 WS   1014723840 131072   25.037
12:58:31.919 python3        2290922 nvme1n1 WS   1014724096 131072   25.111
12:58:31.919 python3        2290922 nvme1n1 WS   1014724352 131072   25.153
12:58:31.919 python3        2290922 nvme1n1 WS   1014724608 131072   25.224
12:58:31.919 python3        2290922 nvme1n1 WS   1014724864 131072   25.298
12:58:31.919 python3        2290922 nvme1n1 WS   1014725120 131072   25.370
12:58:31.919 python3        2290922 nvme1n1 WS   1014725376 131072   25.447
12:58:31.919 python3        2290922 nvme1n1 WS   1014725632 131072   25.520
12:58:31.919 python3        2290922 nvme1n1 WS   1014725888 131072   25.593
12:58:31.919 python3        2290922 nvme1n1 WS   1014726144 131072   25.667
12:58:31.919 python3        2290922 nvme1n1 WS   1014726400 131072   25.719
12:58:31.919 python3        2290923 nvme1n1 WS   1014730752 131072   24.500
12:58:31.919 python3        2290923 nvme1n1 WS   1014731008 131072   24.571
12:58:31.919 python3        2290923 nvme1n1 WS   1014731264 131072   24.641
12:58:31.919 python3        2290923 nvme1n1 WS   1014731520 131072   24.759
12:58:31.919 python3        2290923 nvme1n1 WS   1014731776 131072   24.884
12:58:31.919 python3        2290923 nvme1n1 WS   1014732032 131072   24.976
12:58:31.919 python3        2290923 nvme1n1 WS   1014732288 131072   25.072
12:58:31.919 python3        2290923 nvme1n1 WS   1014732544 131072   25.095
12:58:31.919 python3        2290923 nvme1n1 WS   1014732800 131072   25.176
12:58:31.919 python3        2290923 nvme1n1 WS   1014733056 131072   25.250
12:58:31.919 python3        2290923 nvme1n1 WS   1014733312 131072   25.321
12:58:31.920 python3        2290923 nvme1n1 WS   1014733568 131072   25.400
12:58:31.920 python3        2290922 nvme1n1 WS   1014726656 131072   26.884
12:58:31.920 python3        2290922 nvme1n1 WS   1014726912 131072   26.941
12:58:31.922 python3        2290922 nvme1n1 WS   1014738944 131072   24.497
12:58:31.922 python3        2290922 nvme1n1 WS   1014739200 131072   24.619
12:58:31.922 python3        2290922 nvme1n1 WS   1014739456 131072   25.457
12:58:31.922 python3        2290922 nvme1n1 WS   1014739712 131072   25.531
12:58:31.922 python3        2290922 nvme1n1 WS   1014739968 131072   25.607
12:58:31.922 python3        2290922 nvme1n1 WS   1014740224 131072   25.686
12:58:31.922 python3        2290922 nvme1n1 WS   1014740480 131072   25.758
12:58:31.922 python3        2290922 nvme1n1 WS   1014740736 131072   25.836
12:58:31.922 python3        2290922 nvme1n1 WS   1014740992 131072   25.915
12:58:31.922 python3        2290922 nvme1n1 WS   1014741248 131072   25.986
12:58:31.922 python3        2290922 nvme1n1 WS   1014741504 131072   26.065
12:58:31.922 python3        2290922 nvme1n1 WS   1014741760 131072   26.143
12:58:31.922 python3        2290922 nvme1n1 WS   1014742016 131072   26.219
12:58:31.922 python3        2290922 nvme1n1 WS   1014742272 131072   26.298
12:58:31.922 python3        2290923 nvme1n1 WS   1014733824 131072   25.946
12:58:31.922 python3        2290923 nvme1n1 WS   1014734080 131072   26.076
12:58:31.922 python3        2290923 nvme1n1 WS   1014734336 131072   26.201
12:58:31.922 python3        2290923 nvme1n1 WS   1014734592 131072   26.307
12:58:31.922 python3        2290923 nvme1n1 WS   1014734848 131072   26.441
12:58:31.922 python3        2290923 nvme1n1 WS   1014735104 131072   26.529
12:58:31.922 python3        2290921 nvme1n1 WS   1014747136 131072   24.904
12:58:31.922 python3        2290921 nvme1n1 WS   1014747392 131072   24.979
12:58:31.922 python3        2290921 nvme1n1 WS   1014747648 131072   25.052
12:58:31.922 python3        2290921 nvme1n1 WS   1014747904 131072   25.130
12:58:31.922 python3        2290922 nvme1n1 WS   1014742528 131072   26.698
12:58:31.922 python3        2290922 nvme1n1 WS   1014742784 131072   26.748
12:58:31.922 python3        2290922 nvme1n1 WS   1014743040 131072   26.826
12:58:31.922 python3        2290922 nvme1n1 WS   1014743296 131072   26.903
12:58:31.922 python3        2290921 nvme1n1 WS   1014748160 131072   25.525
12:58:31.923 python3        2290921 nvme1n1 WS   1014748416 131072   25.601
12:58:31.923 python3        2290921 nvme1n1 WS   1014748672 131072   25.652
12:58:31.923 python3        2290921 nvme1n1 WS   1014748928 131072   25.686
12:58:31.923 python3        2290921 nvme1n1 WS   1014749184 131072   25.761
12:58:31.923 python3        2290921 nvme1n1 WS   1014749440 131072   25.837
12:58:31.923 python3        2290921 nvme1n1 WS   1014749696 131072   25.892
12:58:31.923 python3        2290921 nvme1n1 WS   1014749952 131072   25.955
12:58:31.923 python3        2290921 nvme1n1 WS   1014750208 131072   26.079
12:58:31.923 python3        2290921 nvme1n1 WS   1014750464 131072   26.207
12:58:31.923 python3        2290921 nvme1n1 WS   1014750720 131072   26.331
12:58:31.924 python3        2290921 nvme1n1 WS   1014750976 131072   26.434
12:58:31.924 python3        2290923 nvme1n1 WS   1014755328 131072   24.767
12:58:31.924 python3        2290923 nvme1n1 WS   1014755584 131072   24.902
12:58:31.924 python3        2290923 nvme1n1 WS   1014755840 131072   25.041
12:58:31.924 python3        2290923 nvme1n1 WS   1014756096 131072   25.182
12:58:31.924 python3        2290921 nvme1n1 WS   1014751232 131072   27.155
12:58:31.924 python3        2290921 nvme1n1 WS   1014751488 131072   27.284
12:58:31.925 python3        2290923 nvme1n1 WS   1014756352 131072   25.588
12:58:31.925 python3        2290923 nvme1n1 WS   1014756608 131072   25.714
12:58:31.925 python3        2290923 nvme1n1 WS   1014756864 131072   25.795
12:58:31.925 python3        2290923 nvme1n1 WS   1014757120 131072   25.823
12:58:31.925 python3        2290923 nvme1n1 WS   1014757376 131072   25.901
12:58:31.925 python3        2290923 nvme1n1 WS   1014757632 131072   25.974
12:58:31.925 python3        2290923 nvme1n1 WS   1014757888 131072   26.048
12:58:31.925 python3        2290923 nvme1n1 WS   1014758144 131072   26.123
12:58:31.925 python3        2290923 nvme1n1 WS   1014758400 131072   26.202
12:58:31.925 python3        2290923 nvme1n1 WS   1014758656 131072   26.284
12:58:31.925 python3        2290923 nvme1n1 WS   1014758912 131072   26.364
12:58:31.925 python3        2290923 nvme1n1 WS   1014759168 131072   26.406
12:58:31.926 python3        2290923 nvme1n1 WS   1014759424 131072   26.483
12:58:31.926 python3        2290923 nvme1n1 WS   1014759680 131072   26.563
12:58:31.926 python3        2290922 nvme1n1 WS   1014763520 131072   23.439
12:58:31.926 python3        2290922 nvme1n1 WS   1014763776 131072   23.499
12:58:31.926 python3        2290922 nvme1n1 WS   1014764032 131072   23.616
12:58:31.926 python3        2290922 nvme1n1 WS   1014764288 131072   23.689
12:58:31.926 python3        2290922 nvme1n1 WS   1014764544 131072   23.759
12:58:31.926 python3        2290922 nvme1n1 WS   1014764800 131072   23.837
12:58:31.926 python3        2290922 nvme1n1 WS   1014765056 131072   23.916
12:58:31.926 python3        2290923 nvme1n1 WS   1014767616 131072   23.971
12:58:31.926 python3        2290923 nvme1n1 WS   1014767872 131072   24.079
12:58:31.927 python3        2290923 nvme1n1 WS   1014768128 131072   24.204
12:58:31.927 python3        2290923 nvme1n1 WS   1014768384 131072   24.327
12:58:31.927 python3        2290923 nvme1n1 WS   1014768640 131072   24.454
12:58:31.927 python3        2290923 nvme1n1 WS   1014768896 131072   24.582
12:58:31.927 python3        2290923 nvme1n1 WS   1014769152 131072   24.709
12:58:31.927 python3        2290923 nvme1n1 WS   1014769408 131072   24.796
12:58:31.927 python3        2290923 nvme1n1 WS   1014769664 131072   24.904
12:58:31.927 python3        2290923 nvme1n1 WS   1014769920 131072   24.984
12:58:31.927 python3        2290923 nvme1n1 WS   1014770176 131072   25.058
12:58:31.928 python3        2290923 nvme1n1 WS   1014770432 131072   25.136
12:58:31.928 python3        2290922 nvme1n1 WS   1014765312 131072   25.285
12:58:31.928 python3        2290922 nvme1n1 WS   1014765568 131072   25.361
12:58:31.928 python3        2290922 nvme1n1 WS   1014765824 131072   25.441
12:58:31.928 python3        2290922 nvme1n1 WS   1014766080 131072   25.514
12:58:31.928 python3        2290923 nvme1n1 WS   1014770688 131072   25.538
12:58:31.928 python3        2290923 nvme1n1 WS   1014770944 131072   25.619
12:58:31.928 python3        2290923 nvme1n1 WS   1014771200 131072   25.697
12:58:31.928 python3        2290923 nvme1n1 WS   1014771456 131072   25.747
12:58:31.928 python3        2290923 nvme1n1 WS   1014775808 131072   25.830
12:58:31.929 python3        2290923 nvme1n1 WS   1014776064 131072   25.913
12:58:31.929 python3        2290922 nvme1n1 WS   1014766336 131072   26.089
12:58:31.929 python3        2290922 nvme1n1 WS   1014766592 131072   26.166
12:58:31.929 python3        2290922 nvme1n1 WS   1014766848 131072   26.227
12:58:31.929 python3        2290922 nvme1n1 WS   1014767104 131072   26.352
12:58:31.929 python3        2290922 nvme1n1 WS   1014767360 131072   26.423
12:58:31.929 python3        2290922 nvme1n1 WS   1014771712 131072   26.489
12:58:31.929 python3        2290922 nvme1n1 WS   1014771968 131072   26.567
12:58:31.929 python3        2290921 nvme1n1 WS   1014779904 131072   23.431
12:58:31.929 python3        2290921 nvme1n1 WS   1014780160 131072   23.498
12:58:31.929 python3        2290921 nvme1n1 WS   1014780416 131072   23.570
12:58:31.929 python3        2290921 nvme1n1 WS   1014780672 131072   23.646
12:58:31.929 python3        2290921 nvme1n1 WS   1014780928 131072   23.707
12:58:31.929 python3        2290921 nvme1n1 WS   1014781184 131072   23.805
12:58:31.930 python3        2290921 nvme1n1 WS   1014781440 131072   23.928
12:58:31.930 python3        2290921 nvme1n1 WS   1014781696 131072   24.017
12:58:31.930 python3        2290921 nvme1n1 WS   1014781952 131072   24.142
12:58:31.930 python3        2290921 nvme1n1 WS   1014782208 131072   24.272
12:58:31.930 python3        2290921 nvme1n1 WS   1014782464 131072   24.413
12:58:31.930 python3        2290921 nvme1n1 WS   1014782720 131072   24.550
12:58:31.930 python3        2290921 nvme1n1 WS   1014782976 131072   24.691
12:58:31.931 python3        2290921 nvme1n1 WS   1014783232 131072   24.828
12:58:31.931 python3        2290921 nvme1n1 WS   1014783488 131072   24.971
12:58:31.931 python3        2290921 nvme1n1 WS   1014783744 131072   25.080
12:58:31.931 python3        2290921 nvme1n1 WS   1014784000 131072   25.190
12:58:31.931 python3        2290921 nvme1n1 WS   1014784256 131072   25.274
12:58:31.931 python3        2290923 nvme1n1 WS   1014788096 131072   24.547
12:58:31.931 python3        2290923 nvme1n1 WS   1014788352 131072   24.622
12:58:31.931 python3        2290923 nvme1n1 WS   1014788608 131072   24.697
12:58:31.931 python3        2290923 nvme1n1 WS   1014788864 131072   24.772
12:58:31.931 python3        2290923 nvme1n1 WS   1014789120 131072   24.844
12:58:31.932 python3        2290923 nvme1n1 WS   1014789376 131072   24.919
12:58:31.932 python3        2290923 nvme1n1 WS   1014789632 131072   24.995
12:58:31.932 python3        2290923 nvme1n1 WS   1014789888 131072   25.029
12:58:31.932 python3        2290923 nvme1n1 WS   1014790144 131072   25.102
12:58:31.932 python3        2290923 nvme1n1 WS   1014790400 131072   25.179
12:58:31.932 python3        2290923 nvme1n1 WS   1014790656 131072   25.298
12:58:31.932 python3        2290923 nvme1n1 WS   1014790912 131072   25.370
12:58:31.932 python3        2290923 nvme1n1 WS   1014791168 131072   25.451
12:58:31.932 python3        2290923 nvme1n1 WS   1014791424 131072   25.518
12:58:31.932 python3        2290923 nvme1n1 WS   1014791680 131072   25.596
12:58:31.932 python3        2290923 nvme1n1 WS   1014791936 131072   25.645
12:58:31.932 python3        2290923 nvme1n1 WS   1014792192 131072   25.719
12:58:31.933 python3        2290923 nvme1n1 WS   1014792448 131072   25.794
12:58:31.933 python3        2290920 nvme1n1 WS   1014796288 131072   23.358
12:58:31.933 python3        2290920 nvme1n1 WS   1014796544 131072   23.453
12:58:31.933 python3        2290920 nvme1n1 WS   1014796800 131072   23.526
12:58:31.933 python3        2290920 nvme1n1 WS   1014797056 131072   23.615
12:58:31.933 python3        2290920 nvme1n1 WS   1014797312 131072   23.739
12:58:31.933 python3        2290920 nvme1n1 WS   1014797568 131072   23.861
12:58:31.933 python3        2290920 nvme1n1 WS   1014797824 131072   23.987
12:58:31.934 python3        2290920 nvme1n1 WS   1014798080 131072   24.076
12:58:31.934 python3        2290920 nvme1n1 WS   1014798336 131072   24.175
12:58:31.934 python3        2290920 nvme1n1 WS   1014798592 131072   24.256
12:58:31.934 python3        2290920 nvme1n1 WS   1014798848 131072   24.332
12:58:31.934 python3        2290920 nvme1n1 WS   1014799104 131072   24.405
12:58:31.934 python3        2290920 nvme1n1 WS   1014799360 131072   24.482
12:58:31.934 python3        2290920 nvme1n1 WS   1014799616 131072   24.554
12:58:31.934 python3        2290920 nvme1n1 WS   1014799872 131072   24.625
12:58:31.934 python3        2290920 nvme1n1 WS   1014800128 131072   24.676
12:58:31.934 python3        2290920 nvme1n1 WS   1014800384 131072   24.749
12:58:31.934 python3        2290920 nvme1n1 WS   1014800640 131072   24.826
12:58:31.934 python3        2290921 nvme1n1 WS   1014804480 131072   24.511
12:58:31.934 python3        2290921 nvme1n1 WS   1014804736 131072   24.585
12:58:31.934 python3        2290921 nvme1n1 WS   1014804992 131072   24.660
12:58:31.935 python3        2290921 nvme1n1 WS   1014805248 131072   24.733
12:58:31.935 python3        2290921 nvme1n1 WS   1014805504 131072   24.809
12:58:31.935 python3        2290921 nvme1n1 WS   1014805760 131072   24.882
12:58:31.935 python3        2290921 nvme1n1 WS   1014806016 131072   24.968
12:58:31.935 python3        2290921 nvme1n1 WS   1014806272 131072   25.055
12:58:31.935 python3        2290921 nvme1n1 WS   1014806528 131072   25.140
12:58:31.935 python3        2290921 nvme1n1 WS   1014806784 131072   25.219
12:58:31.935 python3        2290921 nvme1n1 WS   1014807040 131072   25.296
12:58:31.935 python3        2290921 nvme1n1 WS   1014807296 131072   25.373
12:58:31.935 python3        2290921 nvme1n1 WS   1014812672 131072   24.653
12:58:31.935 python3        2290921 nvme1n1 WS   1014812928 131072   24.714
12:58:31.935 python3        2290921 nvme1n1 WS   1014813184 131072   24.797
12:58:31.936 python3        2290921 nvme1n1 WS   1014813440 131072   24.878
12:58:31.936 python3        2290921 nvme1n1 WS   1014807552 131072   25.777
12:58:31.936 python3        2290921 nvme1n1 WS   1014807808 131072   25.849
12:58:31.936 python3        2290921 nvme1n1 WS   1014808064 131072   25.926
12:58:31.936 python3        2290921 nvme1n1 WS   1014808320 131072   25.985
12:58:31.936 python3        2290921 nvme1n1 WS   1014808576 131072   26.112
12:58:31.936 python3        2290921 nvme1n1 WS   1014808832 131072   26.234
12:58:31.936 python3        2290921 nvme1n1 WS   1014813696 131072   25.586
12:58:31.936 python3        2290921 nvme1n1 WS   1014813952 131072   25.710
12:58:31.937 python3        2290921 nvme1n1 WS   1014814208 131072   25.837
12:58:31.937 python3        2290921 nvme1n1 WS   1014814464 131072   25.945
12:58:31.937 python3        2290921 nvme1n1 WS   1014814720 131072   26.082
12:58:31.937 python3        2290921 nvme1n1 WS   1014814976 131072   26.219
12:58:31.937 python3        2290921 nvme1n1 WS   1014815232 131072   26.360
12:58:31.937 python3        2290921 nvme1n1 WS   1014815488 131072   26.499
12:58:31.937 python3        2290921 nvme1n1 WS   1014815744 131072   26.639
12:58:31.938 python3        2290921 nvme1n1 WS   1014816000 131072   26.779
12:58:31.938 python3        2290921 nvme1n1 WS   1014816256 131072   26.924
12:58:31.938 python3        2290921 nvme1n1 WS   1014816512 131072   27.039
12:58:31.938 python3        2290920 nvme1n1 WS   1014820864 131072   25.830
12:58:31.938 python3        2290920 nvme1n1 WS   1014821120 131072   25.915
12:58:31.938 python3        2290920 nvme1n1 WS   1014821376 131072   26.026
12:58:31.938 python3        2290920 nvme1n1 WS   1014821632 131072   26.099
12:58:31.938 python3        2290921 nvme1n1 WS   1014816768 131072   27.528
12:58:31.938 python3        2290921 nvme1n1 WS   1014817024 131072   27.606
12:58:31.939 python3        2290920 nvme1n1 WS   1014821888 131072   26.345
12:58:31.939 python3        2290920 nvme1n1 WS   1014822144 131072   26.421
12:58:31.939 python3        2290920 nvme1n1 WS   1014822400 131072   26.499
12:58:31.939 python3        2290920 nvme1n1 WS   1014822656 131072   26.541
12:58:31.939 python3        2290920 nvme1n1 WS   1014822912 131072   26.615
12:58:31.939 python3        2290920 nvme1n1 WS   1014823168 131072   26.694
12:58:31.939 python3        2290920 nvme1n1 WS   1014823424 131072   26.768
12:58:31.939 python3        2290920 nvme1n1 WS   1014823680 131072   26.846
12:58:31.939 python3        2290920 nvme1n1 WS   1014823936 131072   26.928
12:58:31.939 python3        2290920 nvme1n1 WS   1014824192 131072   27.052
12:58:31.939 python3        2290920 nvme1n1 WS   1014824448 131072   27.178
12:58:31.940 python3        2290920 nvme1n1 WS   1014824704 131072   27.284
12:58:31.940 python3        2290920 nvme1n1 WS   1014829056 131072   25.259
12:58:31.940 python3        2290920 nvme1n1 WS   1014829312 131072   25.372
12:58:31.940 python3        2290920 nvme1n1 WS   1014829568 131072   25.504
12:58:31.940 python3        2290920 nvme1n1 WS   1014829824 131072   25.636
12:58:31.940 python3        2290920 nvme1n1 WS   1014824960 131072   27.944
12:58:31.941 python3        2290920 nvme1n1 WS   1014825216 131072   28.072
12:58:31.941 python3        2290920 nvme1n1 WS   1014830080 131072   26.003
12:58:31.941 python3        2290920 nvme1n1 WS   1014830336 131072   26.070
12:58:31.941 python3        2290920 nvme1n1 WS   1014830592 131072   26.155
12:58:31.941 python3        2290920 nvme1n1 WS   1014830848 131072   26.187
12:58:31.941 python3        2290920 nvme1n1 WS   1014831104 131072   26.266
12:58:31.941 python3        2290920 nvme1n1 WS   1014831360 131072   26.338
12:58:31.941 python3        2290920 nvme1n1 WS   1014831616 131072   26.417
12:58:31.941 python3        2290920 nvme1n1 WS   1014831872 131072   26.495
12:58:31.941 python3        2290920 nvme1n1 WS   1014832128 131072   26.575
12:58:31.941 python3        2290920 nvme1n1 WS   1014832384 131072   26.652
12:58:31.941 python3        2290920 nvme1n1 WS   1014832640 131072   26.729
12:58:31.941 python3        2290920 nvme1n1 WS   1014832896 131072   26.781
12:58:31.941 python3        2290920 nvme1n1 WS   1014833152 131072   26.859
12:58:31.942 python3        2290920 nvme1n1 WS   1014833408 131072   26.941
12:58:31.942 python3        2290920 nvme1n1 WS   1014837248 131072   24.927
12:58:31.942 python3        2290920 nvme1n1 WS   1014837504 131072   25.002
12:58:31.942 python3        2290920 nvme1n1 WS   1014837760 131072   25.080
12:58:31.942 python3        2290920 nvme1n1 WS   1014838016 131072   25.156
12:58:31.942 python3        2290920 nvme1n1 WS   1014838272 131072   25.237
12:58:31.942 python3        2290920 nvme1n1 WS   1014838528 131072   25.318
12:58:31.942 python3        2290920 nvme1n1 WS   1014838784 131072   25.391
12:58:31.942 python3        2290920 nvme1n1 WS   1014839040 131072   25.414
12:58:31.942 python3        2290920 nvme1n1 WS   1014839296 131072   25.489
12:58:31.942 python3        2290920 nvme1n1 WS   1014839552 131072   25.565
12:58:31.942 python3        2290920 nvme1n1 WS   1014839808 131072   25.641
12:58:31.943 python3        2290920 nvme1n1 WS   1014840064 131072   25.716
12:58:31.943 python3        2290920 nvme1n1 WS   1014840320 131072   25.792
12:58:31.943 python3        2290920 nvme1n1 WS   1014840576 131072   25.866
12:58:31.943 python3        2290920 nvme1n1 WS   1014840832 131072   25.939
12:58:31.943 python3        2290920 nvme1n1 WS   1014841088 131072   25.993
12:58:31.943 python3        2290922 nvme1n1 WS   1014845440 131072   25.040
12:58:31.943 python3        2290922 nvme1n1 WS   1014845696 131072   25.091
12:58:31.943 python3        2290922 nvme1n1 WS   1014845952 131072   25.158
12:58:31.943 python3        2290922 nvme1n1 WS   1014846208 131072   25.213
12:58:31.943 python3        2290922 nvme1n1 WS   1014846464 131072   25.316
12:58:31.943 python3        2290922 nvme1n1 WS   1014846720 131072   25.440
12:58:31.943 python3        2290922 nvme1n1 WS   1014846976 131072   25.517
12:58:31.944 python3        2290922 nvme1n1 WS   1014847232 131072   25.559
12:58:31.944 python3        2290922 nvme1n1 WS   1014847488 131072   25.632
12:58:31.944 python3        2290922 nvme1n1 WS   1014847744 131072   25.711
12:58:31.944 python3        2290922 nvme1n1 WS   1014848000 131072   25.821
12:58:31.944 python3        2290922 nvme1n1 WS   1014848256 131072   25.896
12:58:31.944 python3        2290920 nvme1n1 WS   1014841344 131072   27.077
12:58:31.944 python3        2290920 nvme1n1 WS   1014841600 131072   27.154
12:58:31.944 python3        2290922 nvme1n1 WS   1014848512 131072   26.114
12:58:31.944 python3        2290922 nvme1n1 WS   1014848768 131072   26.189
12:58:31.944 python3        2290922 nvme1n1 WS   1014849024 131072   26.260
12:58:31.944 python3        2290922 nvme1n1 WS   1014849280 131072   26.321
12:58:31.944 python3        2290922 nvme1n1 WS   1014849536 131072   26.394
12:58:31.945 python3        2290922 nvme1n1 WS   1014849792 131072   26.475
12:58:31.945 python3        2290922 nvme1n1 WS   1014853632 131072   24.235
12:58:31.945 python3        2290922 nvme1n1 WS   1014853888 131072   24.309
12:58:31.945 python3        2290922 nvme1n1 WS   1014854144 131072   24.388
12:58:31.945 python3        2290922 nvme1n1 WS   1014854400 131072   24.464
12:58:31.945 python3        2290922 nvme1n1 WS   1014854656 131072   24.541
12:58:31.945 python3        2290922 nvme1n1 WS   1014854912 131072   24.619
12:58:31.945 python3        2290922 nvme1n1 WS   1014855168 131072   24.691
12:58:31.945 python3        2290922 nvme1n1 WS   1014855424 131072   24.729
12:58:31.945 python3        2290922 nvme1n1 WS   1014855680 131072   24.803
12:58:31.945 python3        2290922 nvme1n1 WS   1014855936 131072   24.878
12:58:31.945 python3        2290922 nvme1n1 WS   1014856192 131072   24.951
12:58:31.945 python3        2290922 nvme1n1 WS   1014856448 131072   25.025
12:58:31.946 python3        2290922 nvme1n1 WS   1014856704 131072   25.106
12:58:31.946 python3        2290922 nvme1n1 WS   1014856960 131072   25.207
12:58:31.946 python3        2290922 nvme1n1 WS   1014857216 131072   25.334
12:58:31.946 python3        2290922 nvme1n1 WS   1014857472 131072   25.438
12:58:31.946 python3        2290923 nvme1n1 WS   1014861824 131072   24.608
12:58:31.946 python3        2290923 nvme1n1 WS   1014862080 131072   24.727
12:58:31.946 python3        2290923 nvme1n1 WS   1014862336 131072   24.858
12:58:31.946 python3        2290923 nvme1n1 WS   1014862592 131072   24.996
12:58:31.947 python3        2290923 nvme1n1 WS   1014862848 131072   25.136
12:58:31.947 python3        2290923 nvme1n1 WS   1014863104 131072   25.276
12:58:31.947 python3        2290923 nvme1n1 WS   1014863360 131072   25.416
12:58:31.947 python3        2290923 nvme1n1 WS   1014863616 131072   25.521
12:58:31.947 python3        2290923 nvme1n1 WS   1014863872 131072   25.650
12:58:31.947 python3        2290923 nvme1n1 WS   1014864128 131072   25.768
12:58:31.947 python3        2290923 nvme1n1 WS   1014864384 131072   25.848
12:58:31.947 python3        2290923 nvme1n1 WS   1014864640 131072   25.924
12:58:31.948 python3        2290922 nvme1n1 WS   1014857728 131072   27.052
12:58:31.948 python3        2290922 nvme1n1 WS   1014857984 131072   27.127
12:58:31.948 python3        2290923 nvme1n1 WS   1014864896 131072   26.159
12:58:31.948 python3        2290923 nvme1n1 WS   1014865152 131072   26.238
12:58:31.948 python3        2290923 nvme1n1 WS   1014865408 131072   26.317
12:58:31.948 python3        2290923 nvme1n1 WS   1014865664 131072   26.376
12:58:31.948 python3        2290923 nvme1n1 WS   1014865920 131072   26.452
12:58:31.948 python3        2290923 nvme1n1 WS   1014866176 131072   26.532
12:58:31.948 python3        2290922 nvme1n1 WS   1014870016 131072   24.552
12:58:31.948 python3        2290922 nvme1n1 WS   1014870272 131072   24.624
12:58:31.948 python3        2290922 nvme1n1 WS   1014870528 131072   24.696
12:58:31.948 python3        2290922 nvme1n1 WS   1014870784 131072   24.768
12:58:31.948 python3        2290922 nvme1n1 WS   1014871040 131072   24.842
12:58:31.949 python3        2290922 nvme1n1 WS   1014871296 131072   24.924
12:58:31.949 python3        2290922 nvme1n1 WS   1014871552 131072   24.998
12:58:31.949 python3        2290922 nvme1n1 WS   1014871808 131072   25.019
12:58:31.949 python3        2290922 nvme1n1 WS   1014872064 131072   25.096
12:58:31.949 python3        2290922 nvme1n1 WS   1014872320 131072   25.183
12:58:31.949 python3        2290922 nvme1n1 WS   1014872576 131072   25.265
12:58:31.949 python3        2290922 nvme1n1 WS   1014872832 131072   25.329
12:58:31.949 python3        2290922 nvme1n1 WS   1014873088 131072   25.408
12:58:31.949 python3        2290922 nvme1n1 WS   1014873344 131072   25.481
12:58:31.949 python3        2290922 nvme1n1 WS   1014873600 131072   25.561
12:58:31.949 python3        2290922 nvme1n1 WS   1014873856 131072   25.617
12:58:31.950 python3        2290921 nvme1n1 WS   1014878208 131072   24.085
12:58:31.950 python3        2290921 nvme1n1 WS   1014878464 131072   24.154
12:58:31.950 python3        2290921 nvme1n1 WS   1014878720 131072   24.229
12:58:31.950 python3        2290921 nvme1n1 WS   1014878976 131072   24.304
12:58:31.950 python3        2290921 nvme1n1 WS   1014879232 131072   24.383
12:58:31.950 python3        2290921 nvme1n1 WS   1014879488 131072   24.457
12:58:31.950 python3        2290921 nvme1n1 WS   1014879744 131072   24.540
12:58:31.950 python3        2290921 nvme1n1 WS   1014880000 131072   24.569
12:58:31.950 python3        2290921 nvme1n1 WS   1014880256 131072   24.643
12:58:31.950 python3        2290921 nvme1n1 WS   1014880512 131072   24.721
12:58:31.950 python3        2290921 nvme1n1 WS   1014880768 131072   24.794
12:58:31.950 python3        2290921 nvme1n1 WS   1014881024 131072   24.865
12:58:31.951 python3        2290922 nvme1n1 WS   1014874112 131072   26.705
12:58:31.951 python3        2290922 nvme1n1 WS   1014874368 131072   26.780
12:58:31.951 python3        2290921 nvme1n1 WS   1014881280 131072   25.099
12:58:31.951 python3        2290921 nvme1n1 WS   1014881536 131072   25.206
12:58:31.951 python3        2290921 nvme1n1 WS   1014881792 131072   25.315
12:58:31.951 python3        2290921 nvme1n1 WS   1014882048 131072   25.380
12:58:31.951 python3        2290921 nvme1n1 WS   1014882304 131072   25.436
12:58:31.951 python3        2290921 nvme1n1 WS   1014882560 131072   25.494
12:58:31.951 python3        2290923 nvme1n1 WS   1014886400 131072   24.856
12:58:31.951 python3        2290923 nvme1n1 WS   1014886656 131072   24.910
12:58:31.951 python3        2290923 nvme1n1 WS   1014886912 131072   24.983
12:58:31.951 python3        2290923 nvme1n1 WS   1014887168 131072   25.060
12:58:31.951 python3        2290923 nvme1n1 WS   1014887424 131072   25.124
12:58:31.952 python3        2290923 nvme1n1 WS   1014887680 131072   25.203
12:58:31.952 python3        2290923 nvme1n1 WS   1014887936 131072   25.279
12:58:31.952 python3        2290923 nvme1n1 WS   1014888192 131072   25.320
12:58:31.952 python3        2290923 nvme1n1 WS   1014888448 131072   25.445
12:58:31.952 python3        2290923 nvme1n1 WS   1014888704 131072   25.538
12:58:31.952 python3        2290923 nvme1n1 WS   1014888960 131072   25.597
12:58:31.952 python3        2290923 nvme1n1 WS   1014889216 131072   25.701
12:58:31.952 python3        2290923 nvme1n1 WS   1014889472 131072   25.825
12:58:31.952 python3        2290923 nvme1n1 WS   1014889728 131072   25.950
12:58:31.953 python3        2290923 nvme1n1 WS   1014889984 131072   26.073
12:58:31.953 python3        2290923 nvme1n1 WS   1014890240 131072   26.182
12:58:31.953 python3        2290923 nvme1n1 WS   1014890496 131072   26.323
12:58:31.953 python3        2290923 nvme1n1 WS   1014890752 131072   26.463
12:58:31.953 python3        2290923 nvme1n1 WS   1014894592 131072   23.956
12:58:31.953 python3        2290923 nvme1n1 WS   1014894848 131072   24.090
12:58:31.953 python3        2290923 nvme1n1 WS   1014895104 131072   24.229
12:58:31.954 python3        2290923 nvme1n1 WS   1014895360 131072   24.365
12:58:31.954 python3        2290923 nvme1n1 WS   1014895616 131072   24.502
12:58:31.954 python3        2290923 nvme1n1 WS   1014895872 131072   24.639
12:58:31.954 python3        2290923 nvme1n1 WS   1014896128 131072   24.782
12:58:31.954 python3        2290923 nvme1n1 WS   1014896384 131072   24.877
12:58:31.954 python3        2290923 nvme1n1 WS   1014896640 131072   25.001
12:58:31.954 python3        2290923 nvme1n1 WS   1014896896 131072   25.129
12:58:31.954 python3        2290923 nvme1n1 WS   1014897152 131072   25.238
12:58:31.955 python3        2290923 nvme1n1 WS   1014897408 131072   25.317
12:58:31.955 python3        2290922 nvme1n1 WS   1014902784 131072   25.059
12:58:31.955 python3        2290922 nvme1n1 WS   1014903040 131072   25.135
12:58:31.955 python3        2290922 nvme1n1 WS   1014903296 131072   25.215
12:58:31.955 python3        2290922 nvme1n1 WS   1014903552 131072   25.291
12:58:31.955 python3        2290923 nvme1n1 WS   1014897664 131072   25.734
12:58:31.955 python3        2290923 nvme1n1 WS   1014897920 131072   25.811
12:58:31.955 python3        2290923 nvme1n1 WS   1014898176 131072   25.888
12:58:31.955 python3        2290923 nvme1n1 WS   1014898432 131072   25.945
12:58:31.955 python3        2290923 nvme1n1 WS   1014898688 131072   26.023
12:58:31.955 python3        2290923 nvme1n1 WS   1014898944 131072   26.096
12:58:31.955 python3        2290922 nvme1n1 WS   1014903808 131072   25.861
12:58:31.956 python3        2290922 nvme1n1 WS   1014904064 131072   25.932
12:58:31.956 python3        2290922 nvme1n1 WS   1014904320 131072   26.036
12:58:31.956 python3        2290922 nvme1n1 WS   1014904576 131072   26.096
12:58:31.956 python3        2290922 nvme1n1 WS   1014904832 131072   26.222
12:58:31.956 python3        2290922 nvme1n1 WS   1014905088 131072   26.330
12:58:31.956 python3        2290922 nvme1n1 WS   1014905344 131072   26.412
12:58:31.956 python3        2290922 nvme1n1 WS   1014905600 131072   26.489
12:58:31.956 python3        2290922 nvme1n1 WS   1014905856 131072   26.567
12:58:31.956 python3        2290922 nvme1n1 WS   1014906112 131072   26.644
12:58:31.956 python3        2290922 nvme1n1 WS   1014906368 131072   26.724
12:58:31.957 python3        2290922 nvme1n1 WS   1014906624 131072   26.776
12:58:31.957 python3        2290921 nvme1n1 WS   1014910976 131072   24.956
12:58:31.957 python3        2290921 nvme1n1 WS   1014911232 131072   25.021
12:58:31.957 python3        2290921 nvme1n1 WS   1014911488 131072   25.099
12:58:31.957 python3        2290921 nvme1n1 WS   1014911744 131072   25.182
12:58:31.957 python3        2290922 nvme1n1 WS   1014906880 131072   27.175
12:58:31.957 python3        2290922 nvme1n1 WS   1014907136 131072   27.255
12:58:31.957 python3        2290921 nvme1n1 WS   1014912000 131072   25.424
12:58:31.957 python3        2290921 nvme1n1 WS   1014912256 131072   25.496
12:58:31.957 python3        2290921 nvme1n1 WS   1014912512 131072   25.573
12:58:31.957 python3        2290921 nvme1n1 WS   1014912768 131072   25.610
12:58:31.957 python3        2290921 nvme1n1 WS   1014913024 131072   25.686
12:58:31.957 python3        2290921 nvme1n1 WS   1014913280 131072   25.760
12:58:31.958 python3        2290921 nvme1n1 WS   1014913536 131072   25.837
12:58:31.958 python3        2290921 nvme1n1 WS   1014913792 131072   25.917
12:58:31.958 python3        2290921 nvme1n1 WS   1014914048 131072   25.995
12:58:31.958 python3        2290921 nvme1n1 WS   1014914304 131072   26.078
12:58:31.958 python3        2290921 nvme1n1 WS   1014914560 131072   26.154
12:58:31.958 python3        2290921 nvme1n1 WS   1014914816 131072   26.223
12:58:31.958 python3        2290921 nvme1n1 WS   1014915072 131072   26.300
12:58:31.958 python3        2290921 nvme1n1 WS   1014915328 131072   26.375
12:58:31.958 python3        2290923 nvme1n1 WS   1014919168 131072   25.042
12:58:31.958 python3        2290923 nvme1n1 WS   1014919424 131072   25.124
12:58:31.958 python3        2290923 nvme1n1 WS   1014919680 131072   25.199
12:58:31.958 python3        2290923 nvme1n1 WS   1014919936 131072   25.275
12:58:31.959 python3        2290923 nvme1n1 WS   1014920192 131072   25.401
12:58:31.959 python3        2290923 nvme1n1 WS   1014920448 131072   25.524
12:58:31.959 python3        2290923 nvme1n1 WS   1014920704 131072   25.649
12:58:31.959 python3        2290923 nvme1n1 WS   1014920960 131072   25.721
12:58:31.959 python3        2290923 nvme1n1 WS   1014921216 131072   25.846
12:58:31.959 python3        2290923 nvme1n1 WS   1014921472 131072   25.979
12:58:31.959 python3        2290923 nvme1n1 WS   1014921728 131072   26.116
12:58:31.960 python3        2290923 nvme1n1 WS   1014921984 131072   26.258
12:58:31.960 python3        2290923 nvme1n1 WS   1014922240 131072   26.396
12:58:31.960 python3        2290923 nvme1n1 WS   1014922496 131072   26.525
12:58:31.960 python3        2290923 nvme1n1 WS   1014922752 131072   26.628
12:58:31.960 python3        2290923 nvme1n1 WS   1014923008 131072   26.685
12:58:31.960 python3        2290923 nvme1n1 WS   1014923264 131072   26.760
12:58:31.960 python3        2290923 nvme1n1 WS   1014923520 131072   26.848
12:58:32.661 jbd2/nv        752     nvme1n1 WSM  878124432  131072    0.172
12:58:32.661 jbd2/nv        752     nvme1n1 WSM  878124688  131072    0.200
12:58:32.661 jbd2/nv        752     nvme1n1 WSM  878124944  131072    0.243
12:58:32.661 jbd2/nv        752     nvme1n1 WSM  878125200  131072    0.265
12:58:32.661 jbd2/nv        752     nvme1n1 WSM  878125456  131072    0.275
12:58:32.661 jbd2/nv        752     nvme1n1 WSM  878125712  28672     0.228
12:58:32.662 jbd2/nv        752     nvme1n1 WSM  878125768  4096      0.031
12:58:32.691 amoprof        2456878 nvme1n1 W    626224432  4096      0.063
